week_start,geo,campaign_name,product_group,impressions,clicks,cost,attributed_sales,roas
2023-03-06,Northeast,SP | Running Shoes,Footwear | Road,20143,547,362.58,1162.34,3.206
2023-03-06,Northeast,SP | Running Shoes,Footwear | Trail,12346,335,222.23,712.4,3.206
2023-03-06,Northeast,SP | Apparel,Apparel | Outerwear,18362,530,302.97,819.49,2.705
2023-03-06,Northeast,SP | Apparel,Apparel | Layers,15023,434,247.88,670.49,2.705
2023-03-06,MA,SP | Running Shoes,Footwear | Road,22379,599,402.83,1485.77,3.688
2023-03-06,MA,SP | Running Shoes,Footwear | Trail,13716,367,246.9,910.63,3.688
2023-03-06,MA,SP | Apparel,Apparel | Outerwear,16282,456,268.65,736.83,2.743
2023-03-06,MA,SP | Apparel,Apparel | Layers,13321,373,219.8,602.86,2.743
2023-03-06,SE,SP | Running Shoes,Footwear | Road,19678,539,354.2,937.59,2.647
2023-03-06,SE,SP | Running Shoes,Footwear | Trail,12060,330,217.09,574.65,2.647
2023-03-06,SE,SP | Apparel,Apparel | Outerwear,12914,370,213.08,767.79,3.603
2023-03-06,SE,SP | Apparel,Apparel | Layers,10566,303,174.34,628.19,3.603
2023-03-06,MW,SP | Running Shoes,Footwear | Road,20974,594,377.54,1174.72,3.112
2023-03-06,MW,SP | Running Shoes,Footwear | Trail,12855,364,231.4,719.99,3.112
2023-03-06,MW,SP | Apparel,Apparel | Outerwear,13299,370,219.43,784.66,3.576
2023-03-06,MW,SP | Apparel,Apparel | Layers,10881,303,179.54,641.99,3.576
2023-03-06,MT,SP | Running Shoes,Footwear | Road,17195,466,309.51,1135.17,3.668
2023-03-06,MT,SP | Running Shoes,Footwear | Trail,10539,285,189.7,695.75,3.668
2023-03-06,MT,SP | Apparel,Apparel | Outerwear,13524,390,223.15,776.61,3.48
2023-03-06,MT,SP | Apparel,Apparel | Layers,11065,319,182.58,635.41,3.48
2023-03-06,West Coast,SP | Running Shoes,Footwear | Road,25798,732,464.37,1522.52,3.279
2023-03-06,West Coast,SP | Running Shoes,Footwear | Trail,15812,449,284.61,933.16,3.279
2023-03-06,West Coast,SP | Apparel,Apparel | Outerwear,19244,571,317.53,971.9,3.061
2023-03-06,West Coast,SP | Apparel,Apparel | Layers,15745,467,259.8,795.19,3.061
2023-03-13,Northeast,SP | Running Shoes,Footwear | Road,22007,626,396.12,1082.36,2.732
2023-03-13,Northeast,SP | Running Shoes,Footwear | Trail,13488,384,242.78,663.38,2.732
2023-03-13,Northeast,SP | Apparel,Apparel | Outerwear,17323,504,285.84,853.91,2.987
2023-03-13,Northeast,SP | Apparel,Apparel | Layers,14174,412,233.87,698.65,2.987
2023-03-13,MA,SP | Running Shoes,Footwear | Road,20892,568,376.06,1269.93,3.377
2023-03-13,MA,SP | Running Shoes,Footwear | Trail,12805,348,230.49,778.34,3.377
2023-03-13,MA,SP | Apparel,Apparel | Outerwear,15981,458,263.69,946.11,3.588
2023-03-13,MA,SP | Apparel,Apparel | Layers,13076,375,215.75,774.09,3.588
2023-03-13,SE,SP | Running Shoes,Footwear | Road,18652,549,335.73,1119.72,3.335
2023-03-13,SE,SP | Running Shoes,Footwear | Trail,11432,336,205.77,686.28,3.335
2023-03-13,SE,SP | Apparel,Apparel | Outerwear,14566,398,240.34,810.53,3.372
2023-03-13,SE,SP | Apparel,Apparel | Layers,11917,325,196.64,663.16,3.372
2023-03-13,MW,SP | Running Shoes,Footwear | Road,20211,536,363.8,1223.71,3.364
2023-03-13,MW,SP | Running Shoes,Footwear | Trail,12387,329,222.97,750.02,3.364
2023-03-13,MW,SP | Apparel,Apparel | Outerwear,14136,407,233.24,636.67,2.73
2023-03-13,MW,SP | Apparel,Apparel | Layers,11566,333,190.83,520.91,2.73
2023-03-13,MT,SP | Running Shoes,Footwear | Road,16504,451,297.07,765.77,2.578
2023-03-13,MT,SP | Running Shoes,Footwear | Trail,10115,276,182.07,469.34,2.578
2023-03-13,MT,SP | Apparel,Apparel | Outerwear,11221,298,185.14,557.05,3.009
2023-03-13,MT,SP | Apparel,Apparel | Layers,9181,244,151.48,455.77,3.009
2023-03-13,West Coast,SP | Running Shoes,Footwear | Road,22436,596,403.85,1239.47,3.069
2023-03-13,West Coast,SP | Running Shoes,Footwear | Trail,13751,365,247.52,759.68,3.069
2023-03-13,West Coast,SP | Apparel,Apparel | Outerwear,18876,542,311.45,776.34,2.493
2023-03-13,West Coast,SP | Apparel,Apparel | Layers,15444,444,254.83,635.18,2.493
2023-03-20,Northeast,SP | Running Shoes,Footwear | Road,22019,628,396.35,1375.13,3.47
2023-03-20,Northeast,SP | Running Shoes,Footwear | Trail,13496,385,242.92,842.82,3.47
2023-03-20,Northeast,SP | Apparel,Apparel | Outerwear,15787,443,260.49,714.76,2.744
2023-03-20,Northeast,SP | Apparel,Apparel | Layers,12917,362,213.13,584.8,2.744
2023-03-20,MA,SP | Running Shoes,Footwear | Road,22543,666,405.77,1187.86,2.927
2023-03-20,MA,SP | Running Shoes,Footwear | Trail,13816,408,248.7,728.04,2.927
2023-03-20,MA,SP | Apparel,Apparel | Outerwear,16732,494,276.07,790.21,2.862
2023-03-20,MA,SP | Apparel,Apparel | Layers,13690,404,225.88,646.54,2.862
2023-03-20,SE,SP | Running Shoes,Footwear | Road,20327,576,365.89,1178.53,3.221
2023-03-20,SE,SP | Running Shoes,Footwear | Trail,12459,353,224.26,722.32,3.221
2023-03-20,SE,SP | Apparel,Apparel | Outerwear,15568,420,256.88,855.51,3.33
2023-03-20,SE,SP | Apparel,Apparel | Layers,12738,344,210.17,699.96,3.33
2023-03-20,MW,SP | Running Shoes,Footwear | Road,20677,564,372.18,1406.54,3.779
2023-03-20,MW,SP | Running Shoes,Footwear | Trail,12673,346,228.11,862.08,3.779
2023-03-20,MW,SP | Apparel,Apparel | Outerwear,14605,424,240.99,862.61,3.579
2023-03-20,MW,SP | Apparel,Apparel | Layers,11950,347,197.17,705.77,3.579
2023-03-20,MT,SP | Running Shoes,Footwear | Road,18060,534,325.07,998.98,3.073
2023-03-20,MT,SP | Running Shoes,Footwear | Trail,11069,327,199.24,612.28,3.073
2023-03-20,MT,SP | Apparel,Apparel | Outerwear,12013,347,198.21,625.99,3.158
2023-03-20,MT,SP | Apparel,Apparel | Layers,9829,284,162.17,512.17,3.158
2023-03-20,West Coast,SP | Running Shoes,Footwear | Road,26651,714,479.71,1580.57,3.295
2023-03-20,West Coast,SP | Running Shoes,Footwear | Trail,16334,438,294.02,968.74,3.295
2023-03-20,West Coast,SP | Apparel,Apparel | Outerwear,20067,575,331.1,972.78,2.938
2023-03-20,West Coast,SP | Apparel,Apparel | Layers,16418,471,270.9,795.91,2.938
2023-03-27,Northeast,SP | Running Shoes,Footwear | Road,23348,636,420.26,1552.47,3.694
2023-03-27,Northeast,SP | Running Shoes,Footwear | Trail,14310,390,257.58,951.51,3.694
2023-03-27,Northeast,SP | Apparel,Apparel | Outerwear,16466,467,271.69,800.34,2.946
2023-03-27,Northeast,SP | Apparel,Apparel | Layers,13472,382,222.29,654.83,2.946
2023-03-27,MA,SP | Running Shoes,Footwear | Road,23109,650,415.96,1229.13,2.955
2023-03-27,MA,SP | Running Shoes,Footwear | Trail,14164,398,254.94,753.34,2.955
2023-03-27,MA,SP | Apparel,Apparel | Outerwear,15329,428,252.93,805.19,3.183
2023-03-27,MA,SP | Apparel,Apparel | Layers,12542,350,206.95,658.79,3.183
2023-03-27,SE,SP | Running Shoes,Footwear | Road,19514,534,351.26,935.47,2.663
2023-03-27,SE,SP | Running Shoes,Footwear | Trail,11960,327,215.29,573.36,2.663
2023-03-27,SE,SP | Apparel,Apparel | Outerwear,16018,457,264.3,932.43,3.528
2023-03-27,SE,SP | Apparel,Apparel | Layers,13106,374,216.25,762.9,3.528
2023-03-27,MW,SP | Running Shoes,Footwear | Road,19680,561,354.25,1009.52,2.85
2023-03-27,MW,SP | Running Shoes,Footwear | Trail,12062,344,217.12,618.74,2.85
2023-03-27,MW,SP | Apparel,Apparel | Outerwear,16221,481,267.64,849.27,3.173
2023-03-27,MW,SP | Apparel,Apparel | Layers,13271,394,218.98,694.85,3.173
2023-03-27,MT,SP | Running Shoes,Footwear | Road,15597,448,280.75,1004.66,3.578
2023-03-27,MT,SP | Running Shoes,Footwear | Trail,9560,275,172.07,615.76,3.578
2023-03-27,MT,SP | Apparel,Apparel | Outerwear,13058,372,215.46,549.78,2.552
2023-03-27,MT,SP | Apparel,Apparel | Layers,10684,304,176.28,449.82,2.552
2023-03-27,West Coast,SP | Running Shoes,Footwear | Road,24282,703,437.08,1436.87,3.287
2023-03-27,West Coast,SP | Running Shoes,Footwear | Trail,14883,431,267.89,880.66,3.287
2023-03-27,West Coast,SP | Apparel,Apparel | Outerwear,20220,554,333.63,941.21,2.821
2023-03-27,West Coast,SP | Apparel,Apparel | Layers,16544,453,272.97,770.08,2.821
2023-04-03,Northeast,SP | Running Shoes,Footwear | Road,23778,650,428.01,1341.03,3.133
2023-04-03,Northeast,SP | Running Shoes,Footwear | Trail,14574,398,262.33,821.92,3.133
2023-04-03,Northeast,SP | Apparel,Apparel | Outerwear,18096,506,298.58,896.42,3.002
2023-04-03,Northeast,SP | Apparel,Apparel | Layers,14806,414,244.29,733.44,3.002
2023-04-03,MA,SP | Running Shoes,Footwear | Road,22210,650,399.78,1474.49,3.688
2023-04-03,MA,SP | Running Shoes,Footwear | Trail,13613,398,245.03,903.72,3.688
2023-04-03,MA,SP | Apparel,Apparel | Outerwear,19562,540,322.77,1192.42,3.694
2023-04-03,MA,SP | Apparel,Apparel | Layers,16005,442,264.09,975.62,3.694
2023-04-03,SE,SP | Running Shoes,Footwear | Road,19934,590,358.81,1158.48,3.229
2023-04-03,SE,SP | Running Shoes,Footwear | Trail,12217,361,219.91,710.03,3.229
2023-04-03,SE,SP | Apparel,Apparel | Outerwear,15628,430,257.86,715.14,2.773
2023-04-03,SE,SP | Apparel,Apparel | Layers,12786,352,210.97,585.12,2.773
2023-04-03,MW,SP | Running Shoes,Footwear | Road,22240,627,400.33,1115.06,2.785
2023-04-03,MW,SP | Running Shoes,Footwear | Trail,13631,384,245.36,683.42,2.785
2023-04-03,MW,SP | Apparel,Apparel | Outerwear,16238,473,267.93,866.98,3.236
2023-04-03,MW,SP | Apparel,Apparel | Layers,13286,387,219.22,709.34,3.236
2023-04-03,MT,SP | Running Shoes,Footwear | Road,19962,592,359.32,1253.14,3.487
2023-04-03,MT,SP | Running Shoes,Footwear | Trail,12235,363,220.23,768.05,3.487
2023-04-03,MT,SP | Apparel,Apparel | Outerwear,14248,397,235.09,855.97,3.641
2023-04-03,MT,SP | Apparel,Apparel | Layers,11657,325,192.34,700.34,3.641
2023-04-03,West Coast,SP | Running Shoes,Footwear | Road,25300,745,455.4,1215.51,2.669
2023-04-03,West Coast,SP | Running Shoes,Footwear | Trail,15506,457,279.12,744.99,2.669
2023-04-03,West Coast,SP | Apparel,Apparel | Outerwear,22551,604,372.09,1083.9,2.913
2023-04-03,West Coast,SP | Apparel,Apparel | Layers,18451,494,304.44,886.83,2.913
2023-04-10,Northeast,SP | Running Shoes,Footwear | Road,25358,700,456.45,1477.94,3.238
2023-04-10,Northeast,SP | Running Shoes,Footwear | Trail,15542,429,279.76,905.83,3.238
2023-04-10,Northeast,SP | Apparel,Apparel | Outerwear,16090,429,265.48,889.81,3.352
2023-04-10,Northeast,SP | Apparel,Apparel | Layers,13164,351,217.21,728.03,3.352
2023-04-10,MA,SP | Running Shoes,Footwear | Road,22374,647,402.73,1322.51,3.284
2023-04-10,MA,SP | Running Shoes,Footwear | Trail,13713,397,246.83,810.57,3.284
2023-04-10,MA,SP | Apparel,Apparel | Outerwear,15880,431,262.02,960.86,3.667
2023-04-10,MA,SP | Apparel,Apparel | Layers,12993,352,214.38,786.16,3.667
2023-04-10,SE,SP | Running Shoes,Footwear | Road,21484,616,386.71,1335.23,3.453
2023-04-10,SE,SP | Running Shoes,Footwear | Trail,13168,377,237.02,818.37,3.453
2023-04-10,SE,SP | Apparel,Apparel | Outerwear,13333,375,219.99,640.45,2.911
2023-04-10,SE,SP | Apparel,Apparel | Layers,10909,307,179.99,524.0,2.911
2023-04-10,MW,SP | Running Shoes,Footwear | Road,19227,555,346.09,901.24,2.604
2023-04-10,MW,SP | Running Shoes,Footwear | Trail,11785,340,212.12,552.37,2.604
2023-04-10,MW,SP | Apparel,Apparel | Outerwear,16143,466,266.35,673.02,2.527
2023-04-10,MW,SP | Apparel,Apparel | Layers,13208,382,217.93,550.65,2.527
2023-04-10,MT,SP | Running Shoes,Footwear | Road,16191,429,291.44,993.19,3.408
2023-04-10,MT,SP | Running Shoes,Footwear | Trail,9923,263,178.62,608.73,3.408
2023-04-10,MT,SP | Apparel,Apparel | Outerwear,14385,385,237.35,617.75,2.603
2023-04-10,MT,SP | Apparel,Apparel | Layers,11769,315,194.2,505.44,2.603
2023-04-10,West Coast,SP | Running Shoes,Footwear | Road,25427,742,457.68,1210.55,2.645
2023-04-10,West Coast,SP | Running Shoes,Footwear | Trail,15584,455,280.52,741.95,2.645
2023-04-10,West Coast,SP | Apparel,Apparel | Outerwear,17581,478,290.08,1016.78,3.505
2023-04-10,West Coast,SP | Apparel,Apparel | Layers,14384,391,237.34,831.91,3.505
2023-04-17,Northeast,SP | Running Shoes,Footwear | Road,23846,654,429.22,1041.31,2.426
2023-04-17,Northeast,SP | Running Shoes,Footwear | Trail,14615,401,263.07,638.22,2.426
2023-04-17,Northeast,SP | Apparel,Apparel | Outerwear,18309,523,302.1,944.64,3.127
2023-04-17,Northeast,SP | Apparel,Apparel | Layers,14980,428,247.17,772.89,3.127
2023-04-17,MA,SP | Running Shoes,Footwear | Road,23832,639,428.98,1406.42,3.279
2023-04-17,MA,SP | Running Shoes,Footwear | Trail,14607,392,262.92,862.0,3.279
2023-04-17,MA,SP | Apparel,Apparel | Outerwear,17763,475,293.08,922.9,3.149
2023-04-17,MA,SP | Apparel,Apparel | Layers,14533,389,239.79,755.1,3.149
2023-04-17,SE,SP | Running Shoes,Footwear | Road,19293,571,347.27,912.23,2.627
2023-04-17,SE,SP | Running Shoes,Footwear | Trail,11825,350,212.84,559.11,2.627
2023-04-17,SE,SP | Apparel,Apparel | Outerwear,14879,406,245.51,727.82,2.965
2023-04-17,SE,SP | Apparel,Apparel | Layers,12174,333,200.87,595.49,2.965
2023-04-17,MW,SP | Running Shoes,Footwear | Road,20112,573,362.01,937.48,2.59
2023-04-17,MW,SP | Running Shoes,Footwear | Trail,12326,351,221.88,574.58,2.59
2023-04-17,MW,SP | Apparel,Apparel | Outerwear,16909,474,279.0,808.38,2.897
2023-04-17,MW,SP | Apparel,Apparel | Layers,13835,388,228.27,661.4,2.897
2023-04-17,MT,SP | Running Shoes,Footwear | Road,15695,432,282.5,1006.13,3.562
2023-04-17,MT,SP | Running Shoes,Footwear | Trail,9619,265,173.15,616.66,3.562
2023-04-17,MT,SP | Apparel,Apparel | Outerwear,14513,418,239.47,608.41,2.541
2023-04-17,MT,SP | Apparel,Apparel | Layers,11874,342,195.93,497.79,2.541
2023-04-17,West Coast,SP | Running Shoes,Footwear | Road,23000,673,414.0,1552.31,3.749
2023-04-17,West Coast,SP | Running Shoes,Footwear | Trail,14097,413,253.74,951.41,3.749
2023-04-17,West Coast,SP | Apparel,Apparel | Outerwear,20693,575,341.44,1124.95,3.295
2023-04-17,West Coast,SP | Apparel,Apparel | Layers,16931,471,279.36,920.42,3.295
2023-04-24,Northeast,SP | Running Shoes,Footwear | Road,21946,600,395.03,1351.47,3.421
2023-04-24,Northeast,SP | Running Shoes,Footwear | Trail,13451,368,242.11,828.32,3.421
2023-04-24,Northeast,SP | Apparel,Apparel | Outerwear,19467,541,321.21,1185.71,3.691
2023-04-24,Northeast,SP | Apparel,Apparel | Layers,15928,442,262.81,970.12,3.691
2023-04-24,MA,SP | Running Shoes,Footwear | Road,22523,597,405.42,1099.92,2.713
2023-04-24,MA,SP | Running Shoes,Footwear | Trail,13805,366,248.49,674.15,2.713
2023-04-24,MA,SP | Apparel,Apparel | Outerwear,17105,491,282.24,995.05,3.526
2023-04-24,MA,SP | Apparel,Apparel | Layers,13995,402,230.92,814.14,3.526
2023-04-24,SE,SP | Running Shoes,Footwear | Road,18005,494,324.1,1072.0,3.308
2023-04-24,SE,SP | Running Shoes,Footwear | Trail,11036,303,198.64,657.03,3.308
2023-04-24,SE,SP | Apparel,Apparel | Outerwear,16657,494,274.84,734.39,2.672
2023-04-24,SE,SP | Apparel,Apparel | Layers,13628,404,224.87,600.87,2.672
2023-04-24,MW,SP | Running Shoes,Footwear | Road,19471,516,350.48,1039.41,2.966
2023-04-24,MW,SP | Running Shoes,Footwear | Trail,11934,316,214.81,637.06,2.966
2023-04-24,MW,SP | Apparel,Apparel | Outerwear,17019,498,280.82,1043.01,3.714
2023-04-24,MW,SP | Apparel,Apparel | Layers,13925,407,229.76,853.38,3.714
2023-04-24,MT,SP | Running Shoes,Footwear | Road,18462,507,332.31,840.26,2.529
2023-04-24,MT,SP | Running Shoes,Footwear | Trail,11315,311,203.67,515.0,2.529
2023-04-24,MT,SP | Apparel,Apparel | Outerwear,13725,375,226.47,856.91,3.784
2023-04-24,MT,SP | Apparel,Apparel | Layers,11230,307,185.29,701.11,3.784
2023-04-24,West Coast,SP | Running Shoes,Footwear | Road,23336,618,420.05,1518.47,3.615
2023-04-24,West Coast,SP | Running Shoes,Footwear | Trail,14303,379,257.45,930.68,3.615
2023-04-24,West Coast,SP | Apparel,Apparel | Outerwear,18036,488,297.59,1011.25,3.398
2023-04-24,West Coast,SP | Apparel,Apparel | Layers,14756,399,243.48,827.39,3.398
2023-05-01,Northeast,SP | Running Shoes,Footwear | Road,26046,702,468.83,1421.39,3.032
2023-05-01,Northeast,SP | Running Shoes,Footwear | Trail,15964,430,287.35,871.17,3.032
2023-05-01,Northeast,SP | Apparel,Apparel | Outerwear,16967,476,279.95,967.31,3.455
2023-05-01,Northeast,SP | Apparel,Apparel | Layers,13882,390,229.05,791.44,3.455
2023-05-01,MA,SP | Running Shoes,Footwear | Road,23179,619,417.22,1361.17,3.262
2023-05-01,MA,SP | Running Shoes,Footwear | Trail,14206,379,255.71,834.27,3.262
2023-05-01,MA,SP | Apparel,Apparel | Outerwear,17852,505,294.56,808.45,2.745
2023-05-01,MA,SP | Apparel,Apparel | Layers,14606,413,241.0,661.46,2.745
2023-05-01,SE,SP | Running Shoes,Footwear | Road,18144,497,326.59,1233.98,3.778
2023-05-01,SE,SP | Running Shoes,Footwear | Trail,11120,304,200.17,756.31,3.778
2023-05-01,SE,SP | Apparel,Apparel | Outerwear,14937,409,246.45,879.7,3.569
2023-05-01,SE,SP | Apparel,Apparel | Layers,12221,335,201.64,719.75,3.569
2023-05-01,MW,SP | Running Shoes,Footwear | Road,22742,651,409.36,1006.52,2.459
2023-05-01,MW,SP | Running Shoes,Footwear | Trail,13939,399,250.9,616.9,2.459
2023-05-01,MW,SP | Apparel,Apparel | Outerwear,14597,387,240.85,848.91,3.525
2023-05-01,MW,SP | Apparel,Apparel | Layers,11943,316,197.06,694.56,3.525
2023-05-01,MT,SP | Running Shoes,Footwear | Road,18134,483,326.42,791.99,2.426
2023-05-01,MT,SP | Running Shoes,Footwear | Trail,11114,296,200.06,485.41,2.426
2023-05-01,MT,SP | Apparel,Apparel | Outerwear,12504,354,206.32,518.67,2.514
2023-05-01,MT,SP | Apparel,Apparel | Layers,10231,289,168.8,424.37,2.514
2023-05-01,West Coast,SP | Running Shoes,Footwear | Road,25275,747,454.95,1394.57,3.065
2023-05-01,West Coast,SP | Running Shoes,Footwear | Trail,15491,458,278.84,854.74,3.065
2023-05-01,West Coast,SP | Apparel,Apparel | Outerwear,17908,476,295.49,1089.47,3.687
2023-05-01,West Coast,SP | Apparel,Apparel | Layers,14652,389,241.76,891.38,3.687
2023-05-08,Northeast,SP | Running Shoes,Footwear | Road,26023,772,468.42,1432.02,3.057
2023-05-08,Northeast,SP | Running Shoes,Footwear | Trail,15950,473,287.1,877.69,3.057
2023-05-08,Northeast,SP | Apparel,Apparel | Outerwear,17125,501,282.57,889.98,3.15
2023-05-08,Northeast,SP | Apparel,Apparel | Layers,14012,410,231.19,728.16,3.15
2023-05-08,MA,SP | Running Shoes,Footwear | Road,22519,662,405.34,1055.36,2.604
2023-05-08,MA,SP | Running Shoes,Footwear | Trail,13802,406,248.44,646.83,2.604
2023-05-08,MA,SP | Apparel,Apparel | Outerwear,16630,450,274.39,822.67,2.998
2023-05-08,MA,SP | Apparel,Apparel | Layers,13606,368,224.5,673.09,2.998
2023-05-08,SE,SP | Running Shoes,Footwear | Road,22093,654,397.67,1254.37,3.154
2023-05-08,SE,SP | Running Shoes,Footwear | Trail,13541,401,243.73,768.8,3.154
2023-05-08,SE,SP | Apparel,Apparel | Outerwear,15590,451,257.24,855.12,3.324
2023-05-08,SE,SP | Apparel,Apparel | Layers,12755,369,210.47,699.64,3.324
2023-05-08,MW,SP | Running Shoes,Footwear | Road,19258,509,346.64,1043.37,3.01
2023-05-08,MW,SP | Running Shoes,Footwear | Trail,11803,312,212.45,639.49,3.01
2023-05-08,MW,SP | Apparel,Apparel | Outerwear,14760,425,243.54,894.26,3.672
2023-05-08,MW,SP | Apparel,Apparel | Layers,12076,348,199.26,731.67,3.672
2023-05-08,MT,SP | Running Shoes,Footwear | Road,18045,533,324.81,956.56,2.945
2023-05-08,MT,SP | Running Shoes,Footwear | Trail,11060,327,199.08,586.28,2.945
2023-05-08,MT,SP | Apparel,Apparel | Outerwear,14833,402,244.74,850.49,3.475
2023-05-08,MT,SP | Apparel,Apparel | Layers,12136,329,200.24,695.85,3.475
2023-05-08,West Coast,SP | Running Shoes,Footwear | Road,24106,644,433.9,1420.53,3.274
2023-05-08,West Coast,SP | Running Shoes,Footwear | Trail,14774,394,265.94,870.65,3.274
2023-05-08,West Coast,SP | Apparel,Apparel | Outerwear,19693,553,324.94,1163.75,3.581
2023-05-08,West Coast,SP | Apparel,Apparel | Layers,16113,452,265.86,952.16,3.581
2023-05-15,Northeast,SP | Running Shoes,Footwear | Road,21908,606,394.35,1241.15,3.147
2023-05-15,Northeast,SP | Running Shoes,Footwear | Trail,13428,371,241.7,760.7,3.147
2023-05-15,Northeast,SP | Apparel,Apparel | Outerwear,19749,571,325.86,1124.22,3.45
2023-05-15,Northeast,SP | Apparel,Apparel | Layers,16158,467,266.61,919.81,3.45
2023-05-15,MA,SP | Running Shoes,Footwear | Road,21688,579,390.38,982.23,2.516
2023-05-15,MA,SP | Running Shoes,Footwear | Trail,13292,355,239.26,602.01,2.516
2023-05-15,MA,SP | Apparel,Apparel | Outerwear,16886,455,278.62,824.12,2.958
2023-05-15,MA,SP | Apparel,Apparel | Layers,13816,372,227.97,674.28,2.958
2023-05-15,SE,SP | Running Shoes,Footwear | Road,18291,491,329.24,1073.61,3.261
2023-05-15,SE,SP | Running Shoes,Footwear | Trail,11211,301,201.79,658.02,3.261
2023-05-15,SE,SP | Apparel,Apparel | Outerwear,16241,446,267.98,795.81,2.97
2023-05-15,SE,SP | Apparel,Apparel | Layers,13288,365,219.25,651.11,2.97
2023-05-15,MW,SP | Running Shoes,Footwear | Road,20685,555,372.33,1118.95,3.005
2023-05-15,MW,SP | Running Shoes,Footwear | Trail,12678,340,228.2,685.81,3.005
2023-05-15,MW,SP | Apparel,Apparel | Outerwear,14815,439,244.45,659.73,2.699
2023-05-15,MW,SP | Apparel,Apparel | Layers,12121,359,200.0,539.78,2.699
2023-05-15,MT,SP | Running Shoes,Footwear | Road,18158,520,326.84,1200.01,3.671
2023-05-15,MT,SP | Running Shoes,Footwear | Trail,11129,319,200.32,735.49,3.671
2023-05-15,MT,SP | Apparel,Apparel | Outerwear,14353,414,236.82,598.52,2.527
2023-05-15,MT,SP | Apparel,Apparel | Layers,11743,338,193.76,489.7,2.527
2023-05-15,West Coast,SP | Running Shoes,Footwear | Road,23758,670,427.64,1189.99,2.783
2023-05-15,West Coast,SP | Running Shoes,Footwear | Trail,14561,410,262.1,729.35,2.783
2023-05-15,West Coast,SP | Apparel,Apparel | Outerwear,20498,589,338.21,1137.35,3.363
2023-05-15,West Coast,SP | Apparel,Apparel | Layers,16771,482,276.72,930.56,3.363
2023-05-22,Northeast,SP | Running Shoes,Footwear | Road,23855,642,429.38,1586.04,3.694
2023-05-22,Northeast,SP | Running Shoes,Footwear | Trail,14621,394,263.17,972.09,3.694
2023-05-22,Northeast,SP | Apparel,Apparel | Outerwear,18539,509,305.89,986.14,3.224
2023-05-22,Northeast,SP | Apparel,Apparel | Layers,15168,416,250.27,806.85,3.224
2023-05-22,MA,SP | Running Shoes,Footwear | Road,25181,683,453.25,1557.97,3.437
2023-05-22,MA,SP | Running Shoes,Footwear | Trail,15433,418,277.8,954.88,3.437
2023-05-22,MA,SP | Apparel,Apparel | Outerwear,17361,488,286.46,822.92,2.873
2023-05-22,MA,SP | Apparel,Apparel | Layers,14205,399,234.37,673.3,2.873
2023-05-22,SE,SP | Running Shoes,Footwear | Road,22370,626,402.66,1371.43,3.406
2023-05-22,SE,SP | Running Shoes,Footwear | Trail,13711,384,246.79,840.55,3.406
2023-05-22,SE,SP | Apparel,Apparel | Outerwear,15720,433,259.39,753.05,2.903
2023-05-22,SE,SP | Apparel,Apparel | Layers,12862,354,212.22,616.13,2.903
2023-05-22,MW,SP | Running Shoes,Footwear | Road,19590,570,352.62,1008.34,2.86
2023-05-22,MW,SP | Running Shoes,Footwear | Trail,12007,349,216.12,618.02,2.86
2023-05-22,MW,SP | Apparel,Apparel | Outerwear,16572,470,273.44,783.5,2.865
2023-05-22,MW,SP | Apparel,Apparel | Layers,13559,385,223.73,641.05,2.865
2023-05-22,MT,SP | Running Shoes,Footwear | Road,17612,517,317.02,1064.1,3.357
2023-05-22,MT,SP | Running Shoes,Footwear | Trail,10795,317,194.3,652.19,3.357
2023-05-22,MT,SP | Apparel,Apparel | Outerwear,13565,371,223.82,825.34,3.688
2023-05-22,MT,SP | Apparel,Apparel | Layers,11098,303,183.12,675.28,3.688
2023-05-22,West Coast,SP | Running Shoes,Footwear | Road,25923,709,466.61,1400.96,3.002
2023-05-22,West Coast,SP | Running Shoes,Footwear | Trail,15888,434,285.98,858.65,3.002
2023-05-22,West Coast,SP | Apparel,Apparel | Outerwear,20185,583,333.05,1022.1,3.069
2023-05-22,West Coast,SP | Apparel,Apparel | Layers,16515,477,272.5,836.27,3.069
2023-05-29,Northeast,SP | Running Shoes,Footwear | Road,24503,650,441.06,1414.39,3.207
2023-05-29,Northeast,SP | Running Shoes,Footwear | Trail,15018,398,270.33,866.88,3.207
2023-05-29,Northeast,SP | Apparel,Apparel | Outerwear,19447,546,320.88,981.02,3.057
2023-05-29,Northeast,SP | Apparel,Apparel | Layers,15912,447,262.54,802.65,3.057
2023-05-29,MA,SP | Running Shoes,Footwear | Road,21848,595,393.26,993.6,2.527
2023-05-29,MA,SP | Running Shoes,Footwear | Trail,13391,365,241.03,608.98,2.527
2023-05-29,MA,SP | Apparel,Apparel | Outerwear,16762,450,276.57,775.34,2.803
2023-05-29,MA,SP | Apparel,Apparel | Layers,13714,368,226.29,634.37,2.803
2023-05-29,SE,SP | Running Shoes,Footwear | Road,21326,612,383.88,996.94,2.597
2023-05-29,SE,SP | Running Shoes,Footwear | Trail,13071,375,235.28,611.03,2.597
2023-05-29,SE,SP | Apparel,Apparel | Outerwear,14744,393,243.27,739.12,3.038
2023-05-29,SE,SP | Apparel,Apparel | Layers,12063,322,199.04,604.73,3.038
2023-05-29,MW,SP | Running Shoes,Footwear | Road,19792,565,356.26,1048.71,2.944
2023-05-29,MW,SP | Running Shoes,Footwear | Trail,12131,347,218.35,642.76,2.944
2023-05-29,MW,SP | Apparel,Apparel | Outerwear,14709,399,242.69,852.04,3.511
2023-05-29,MW,SP | Apparel,Apparel | Layers,12034,326,198.57,697.13,3.511
2023-05-29,MT,SP | Running Shoes,Footwear | Road,19290,562,347.22,1207.33,3.477
2023-05-29,MT,SP | Running Shoes,Footwear | Trail,11823,344,212.81,739.98,3.477
2023-05-29,MT,SP | Apparel,Apparel | Outerwear,14445,425,238.34,902.8,3.788
2023-05-29,MT,SP | Apparel,Apparel | Layers,11819,347,195.01,738.66,3.788
2023-05-29,West Coast,SP | Running Shoes,Footwear | Road,27107,730,487.92,1623.35,3.327
2023-05-29,West Coast,SP | Running Shoes,Footwear | Trail,16614,448,299.05,994.96,3.327
2023-05-29,West Coast,SP | Apparel,Apparel | Outerwear,18870,560,311.35,1020.03,3.276
2023-05-29,West Coast,SP | Apparel,Apparel | Layers,15439,458,254.74,834.57,3.276
2023-06-05,Northeast,SP | Running Shoes,Footwear | Road,22540,603,405.72,1421.84,3.504
2023-06-05,Northeast,SP | Running Shoes,Footwear | Trail,13815,369,248.67,871.45,3.504
2023-06-05,Northeast,SP | Apparel,Apparel | Outerwear,15553,424,256.63,667.78,2.602
2023-06-05,Northeast,SP | Apparel,Apparel | Layers,12726,347,209.97,546.36,2.602
2023-06-05,MA,SP | Running Shoes,Footwear | Road,22827,672,410.89,1101.81,2.682
2023-06-05,MA,SP | Running Shoes,Footwear | Trail,13991,412,251.83,675.3,2.682
2023-06-05,MA,SP | Apparel,Apparel | Outerwear,14580,415,240.57,899.29,3.738
2023-06-05,MA,SP | Apparel,Apparel | Layers,11929,340,196.83,735.79,3.738
2023-06-05,SE,SP | Running Shoes,Footwear | Road,19856,563,357.41,899.98,2.518
2023-06-05,SE,SP | Running Shoes,Footwear | Trail,12170,345,219.06,551.6,2.518
2023-06-05,SE,SP | Apparel,Apparel | Outerwear,13457,396,222.04,590.83,2.661
2023-06-05,SE,SP | Apparel,Apparel | Layers,11010,324,181.67,483.41,2.661
2023-06-05,MW,SP | Running Shoes,Footwear | Road,19621,576,353.17,1024.87,2.902
2023-06-05,MW,SP | Running Shoes,Footwear | Trail,12025,353,216.46,628.15,2.902
2023-06-05,MW,SP | Apparel,Apparel | Outerwear,15393,430,253.99,954.4,3.758
2023-06-05,MW,SP | Apparel,Apparel | Layers,12594,351,207.81,780.87,3.758
2023-06-05,MT,SP | Running Shoes,Footwear | Road,16558,444,298.04,784.12,2.631
2023-06-05,MT,SP | Running Shoes,Footwear | Trail,10148,272,182.67,480.59,2.631
2023-06-05,MT,SP | Apparel,Apparel | Outerwear,11250,325,185.63,664.58,3.58
2023-06-05,MT,SP | Apparel,Apparel | Layers,9205,266,151.88,543.74,3.58
2023-06-05,West Coast,SP | Running Shoes,Footwear | Road,25930,724,466.74,1613.96,3.458
2023-06-05,West Coast,SP | Running Shoes,Footwear | Trail,15892,444,286.06,989.2,3.458
2023-06-05,West Coast,SP | Apparel,Apparel | Outerwear,18191,522,300.16,1124.69,3.747
2023-06-05,West Coast,SP | Apparel,Apparel | Layers,14884,427,245.58,920.2,3.747
2023-06-12,Northeast,SP | Running Shoes,Footwear | Road,26739,788,481.31,1523.76,3.166
2023-06-12,Northeast,SP | Running Shoes,Footwear | Trail,16389,483,295.0,933.92,3.166
2023-06-12,Northeast,SP | Apparel,Apparel | Outerwear,19942,580,329.04,1223.5,3.718
2023-06-12,Northeast,SP | Apparel,Apparel | Layers,16316,474,269.22,1001.04,3.718
2023-06-12,MA,SP | Running Shoes,Footwear | Road,22711,613,408.8,1415.93,3.464
2023-06-12,MA,SP | Running Shoes,Footwear | Trail,13920,376,250.56,867.83,3.464
2023-06-12,MA,SP | Apparel,Apparel | Outerwear,16746,467,276.31,738.03,2.671
2023-06-12,MA,SP | Apparel,Apparel | Layers,13701,382,226.07,603.85,2.671
2023-06-12,SE,SP | Running Shoes,Footwear | Road,21627,632,389.29,1218.54,3.13
2023-06-12,SE,SP | Running Shoes,Footwear | Trail,13255,387,238.6,746.84,3.13
2023-06-12,SE,SP | Apparel,Apparel | Outerwear,14848,439,244.99,719.07,2.935
2023-06-12,SE,SP | Apparel,Apparel | Layers,12148,359,200.45,588.33,2.935
2023-06-12,MW,SP | Running Shoes,Footwear | Road,21145,587,380.61,1311.5,3.446
2023-06-12,MW,SP | Running Shoes,Footwear | Trail,12960,360,233.28,803.82,3.446
2023-06-12,MW,SP | Apparel,Apparel | Outerwear,15649,451,258.21,910.73,3.527
2023-06-12,MW,SP | Apparel,Apparel | Layers,12804,369,211.26,745.14,3.527
2023-06-12,MT,SP | Running Shoes,Footwear | Road,18442,518,331.95,1240.47,3.737
2023-06-12,MT,SP | Running Shoes,Footwear | Trail,11303,317,203.45,760.29,3.737
2023-06-12,MT,SP | Apparel,Apparel | Outerwear,13348,394,220.25,755.74,3.431
2023-06-12,MT,SP | Apparel,Apparel | Layers,10921,322,180.2,618.33,3.431
2023-06-12,West Coast,SP | Running Shoes,Footwear | Road,28210,773,507.77,1772.61,3.491
2023-06-12,West Coast,SP | Running Shoes,Footwear | Trail,17290,474,311.22,1086.44,3.491
2023-06-12,West Coast,SP | Apparel,Apparel | Outerwear,17916,502,295.62,717.64,2.428
2023-06-12,West Coast,SP | Apparel,Apparel | Layers,14659,410,241.87,587.16,2.428
2023-06-19,Northeast,SP | Running Shoes,Footwear | Road,23653,679,425.76,1130.56,2.655
2023-06-19,Northeast,SP | Running Shoes,Footwear | Trail,14497,416,260.95,692.92,2.655
2023-06-19,Northeast,SP | Apparel,Apparel | Outerwear,15418,412,254.39,746.13,2.933
2023-06-19,Northeast,SP | Apparel,Apparel | Layers,12614,337,208.14,610.47,2.933
2023-06-19,MA,SP | Running Shoes,Footwear | Road,21396,573,385.14,1259.28,3.27
2023-06-19,MA,SP | Running Shoes,Footwear | Trail,13114,351,236.05,771.82,3.27
2023-06-19,MA,SP | Apparel,Apparel | Outerwear,16472,476,271.79,891.94,3.282
2023-06-19,MA,SP | Apparel,Apparel | Layers,13477,389,222.37,729.77,3.282
2023-06-19,SE,SP | Running Shoes,Footwear | Road,20841,590,375.13,1059.72,2.825
2023-06-19,SE,SP | Running Shoes,Footwear | Trail,12773,361,229.92,649.51,2.825
2023-06-19,SE,SP | Apparel,Apparel | Outerwear,12795,362,211.12,539.13,2.554
2023-06-19,SE,SP | Apparel,Apparel | Layers,10469,297,172.73,441.11,2.554
2023-06-19,MW,SP | Running Shoes,Footwear | Road,19359,550,348.46,1194.97,3.429
2023-06-19,MW,SP | Running Shoes,Footwear | Trail,11865,337,213.57,732.4,3.429
2023-06-19,MW,SP | Apparel,Apparel | Outerwear,15766,454,260.13,644.6,2.478
2023-06-19,MW,SP | Apparel,Apparel | Layers,12899,372,212.84,527.4,2.478
2023-06-19,MT,SP | Running Shoes,Footwear | Road,18138,534,326.49,1154.47,3.536
2023-06-19,MT,SP | Running Shoes,Footwear | Trail,11117,327,200.11,707.58,3.536
2023-06-19,MT,SP | Apparel,Apparel | Outerwear,11525,328,190.16,629.61,3.311
2023-06-19,MT,SP | Apparel,Apparel | Layers,9429,268,155.59,515.14,3.311
2023-06-19,West Coast,SP | Running Shoes,Footwear | Road,24454,684,440.18,1410.65,3.205
2023-06-19,West Coast,SP | Running Shoes,Footwear | Trail,14988,419,269.79,864.59,3.205
2023-06-19,West Coast,SP | Apparel,Apparel | Outerwear,18821,548,310.55,1054.72,3.396
2023-06-19,West Coast,SP | Apparel,Apparel | Layers,15399,449,254.08,862.95,3.396
2023-06-26,Northeast,SP | Running Shoes,Footwear | Road,20328,592,365.91,900.65,2.461
2023-06-26,Northeast,SP | Running Shoes,Footwear | Trail,12459,363,224.27,552.01,2.461
2023-06-26,Northeast,SP | Apparel,Apparel | Outerwear,16633,473,274.45,734.85,2.678
2023-06-26,Northeast,SP | Apparel,Apparel | Layers,13609,387,224.55,601.24,2.678
2023-06-26,MA,SP | Running Shoes,Footwear | Road,23126,646,416.27,1328.15,3.191
2023-06-26,MA,SP | Running Shoes,Footwear | Trail,14174,396,255.13,814.02,3.191
2023-06-26,MA,SP | Apparel,Apparel | Outerwear,14653,391,241.78,903.73,3.738
2023-06-26,MA,SP | Apparel,Apparel | Layers,11989,320,197.82,739.41,3.738
2023-06-26,SE,SP | Running Shoes,Footwear | Road,17964,490,323.36,1159.43,3.586
2023-06-26,SE,SP | Running Shoes,Footwear | Trail,11010,300,198.19,710.62,3.586
2023-06-26,SE,SP | Apparel,Apparel | Outerwear,13163,381,217.18,781.94,3.6
2023-06-26,SE,SP | Apparel,Apparel | Layers,10769,311,177.69,639.77,3.6
2023-06-26,MW,SP | Running Shoes,Footwear | Road,19351,517,348.32,909.77,2.612
2023-06-26,MW,SP | Running Shoes,Footwear | Trail,11860,317,213.49,557.6,2.612
2023-06-26,MW,SP | Apparel,Apparel | Outerwear,13485,382,222.5,555.94,2.499
2023-06-26,MW,SP | Apparel,Apparel | Layers,11033,312,182.04,454.86,2.499
2023-06-26,MT,SP | Running Shoes,Footwear | Road,16061,457,289.11,793.66,2.745
2023-06-26,MT,SP | Running Shoes,Footwear | Trail,9844,280,177.19,486.44,2.745
2023-06-26,MT,SP | Apparel,Apparel | Outerwear,11275,309,186.03,447.75,2.407
2023-06-26,MT,SP | Apparel,Apparel | Layers,9225,253,152.21,366.34,2.407
2023-06-26,West Coast,SP | Running Shoes,Footwear | Road,25311,715,455.6,1295.79,2.844
2023-06-26,West Coast,SP | Running Shoes,Footwear | Trail,15513,438,279.24,794.19,2.844
2023-06-26,West Coast,SP | Apparel,Apparel | Outerwear,17634,486,290.97,827.24,2.843
2023-06-26,West Coast,SP | Apparel,Apparel | Layers,14428,398,238.06,676.83,2.843
2023-07-03,Northeast,SP | Running Shoes,Footwear | Road,24598,729,442.76,1651.3,3.73
2023-07-03,Northeast,SP | Running Shoes,Footwear | Trail,15076,447,271.37,1012.09,3.73
2023-07-03,Northeast,SP | Apparel,Apparel | Outerwear,18450,526,304.42,1066.0,3.502
2023-07-03,Northeast,SP | Apparel,Apparel | Layers,15095,430,249.07,872.18,3.502
2023-07-03,MA,SP | Running Shoes,Footwear | Road,20245,599,364.41,1203.61,3.303
2023-07-03,MA,SP | Running Shoes,Footwear | Trail,12408,367,223.35,737.7,3.303
2023-07-03,MA,SP | Apparel,Apparel | Outerwear,16508,444,272.38,828.63,3.042
2023-07-03,MA,SP | Apparel,Apparel | Layers,13506,363,222.85,677.97,3.042
2023-07-03,SE,SP | Running Shoes,Footwear | Road,16799,475,302.38,951.88,3.148
2023-07-03,SE,SP | Running Shoes,Footwear | Trail,10296,291,185.33,583.41,3.148
2023-07-03,SE,SP | Apparel,Apparel | Outerwear,15683,453,258.78,857.47,3.314
2023-07-03,SE,SP | Apparel,Apparel | Layers,12832,371,211.73,701.57,3.314
2023-07-03,MW,SP | Running Shoes,Footwear | Road,18336,522,330.05,972.71,2.947
2023-07-03,MW,SP | Running Shoes,Footwear | Trail,11238,320,202.29,596.18,2.947
2023-07-03,MW,SP | Apparel,Apparel | Outerwear,14121,392,233.0,801.02,3.438
2023-07-03,MW,SP | Apparel,Apparel | Layers,11554,321,190.64,655.38,3.438
2023-07-03,MT,SP | Running Shoes,Footwear | Road,15986,426,287.75,707.86,2.46
2023-07-03,MT,SP | Running Shoes,Footwear | Trail,9798,261,176.36,433.85,2.46
2023-07-03,MT,SP | Apparel,Apparel | Outerwear,11044,325,182.23,591.99,3.249
2023-07-03,MT,SP | Apparel,Apparel | Layers,9036,266,149.1,484.35,3.249
2023-07-03,West Coast,SP | Running Shoes,Footwear | Road,22243,602,400.37,1054.49,2.634
2023-07-03,West Coast,SP | Running Shoes,Footwear | Trail,13633,369,245.39,646.3,2.634
2023-07-03,West Coast,SP | Apparel,Apparel | Outerwear,16092,427,265.51,637.5,2.401
2023-07-03,West Coast,SP | Apparel,Apparel | Layers,13166,350,217.24,521.59,2.401
2023-07-10,Northeast,SP | Running Shoes,Footwear | Road,23389,648,421.01,1333.95,3.168
2023-07-10,Northeast,SP | Running Shoes,Footwear | Trail,14335,397,258.04,817.58,3.168
2023-07-10,Northeast,SP | Apparel,Apparel | Outerwear,17733,503,292.59,815.32,2.787
2023-07-10,Northeast,SP | Apparel,Apparel | Layers,14509,412,239.39,667.08,2.787
2023-07-10,MA,SP | Running Shoes,Footwear | Road,21034,574,378.62,1167.38,3.083
2023-07-10,MA,SP | Running Shoes,Footwear | Trail,12892,352,232.06,715.49,3.083
2023-07-10,MA,SP | Apparel,Apparel | Outerwear,14217,410,234.58,665.02,2.835
2023-07-10,MA,SP | Apparel,Apparel | Layers,11632,336,191.93,544.1,2.835
2023-07-10,SE,SP | Running Shoes,Footwear | Road,18876,521,339.77,965.64,2.842
2023-07-10,SE,SP | Running Shoes,Footwear | Trail,11569,320,208.25,591.84,2.842
2023-07-10,SE,SP | Apparel,Apparel | Outerwear,12815,339,211.44,747.53,3.535
2023-07-10,SE,SP | Apparel,Apparel | Layers,10485,277,173.0,611.62,3.535
2023-07-10,MW,SP | Running Shoes,Footwear | Road,17617,476,317.11,793.99,2.504
2023-07-10,MW,SP | Running Shoes,Footwear | Trail,10798,292,194.36,486.64,2.504
2023-07-10,MW,SP | Apparel,Apparel | Outerwear,14556,409,240.18,617.93,2.573
2023-07-10,MW,SP | Apparel,Apparel | Layers,11910,335,196.51,505.58,2.573
2023-07-10,MT,SP | Running Shoes,Footwear | Road,15756,428,283.61,1007.01,3.551
2023-07-10,MT,SP | Running Shoes,Footwear | Trail,9657,263,173.83,617.2,3.551
2023-07-10,MT,SP | Apparel,Apparel | Outerwear,13186,376,217.57,555.29,2.552
2023-07-10,MT,SP | Apparel,Apparel | Layers,10789,307,178.01,454.33,2.552
2023-07-10,West Coast,SP | Running Shoes,Footwear | Road,22084,625,397.51,1479.1,3.721
2023-07-10,West Coast,SP | Running Shoes,Footwear | Trail,13535,383,243.64,906.54,3.721
2023-07-10,West Coast,SP | Apparel,Apparel | Outerwear,19224,519,317.2,927.59,2.924
2023-07-10,West Coast,SP | Apparel,Apparel | Layers,15729,425,259.53,758.93,2.924
2023-07-17,Northeast,SP | Running Shoes,Footwear | Road,20232,599,364.17,1204.26,3.307
2023-07-17,Northeast,SP | Running Shoes,Footwear | Trail,12400,367,223.2,738.09,3.307
2023-07-17,Northeast,SP | Apparel,Apparel | Outerwear,15769,426,260.19,636.3,2.446
2023-07-17,Northeast,SP | Apparel,Apparel | Layers,12902,349,212.88,520.61,2.446
2023-07-17,MA,SP | Running Shoes,Footwear | Road,20172,578,363.09,1284.19,3.537
2023-07-17,MA,SP | Running Shoes,Footwear | Trail,12363,354,222.54,787.09,3.537
2023-07-17,MA,SP | Apparel,Apparel | Outerwear,15635,417,257.98,962.17,3.73
2023-07-17,MA,SP | Apparel,Apparel | Layers,12792,341,211.08,787.23,3.73
2023-07-17,SE,SP | Running Shoes,Footwear | Road,17910,532,322.38,1200.64,3.724
2023-07-17,SE,SP | Running Shoes,Footwear | Trail,10977,326,197.59,735.87,3.724
2023-07-17,SE,SP | Apparel,Apparel | Outerwear,14868,409,245.32,678.26,2.765
2023-07-17,SE,SP | Apparel,Apparel | Layers,12165,334,200.72,554.94,2.765
2023-07-17,MW,SP | Running Shoes,Footwear | Road,18123,535,326.21,1183.42,3.628
2023-07-17,MW,SP | Running Shoes,Footwear | Trail,11107,328,199.93,725.32,3.628
2023-07-17,MW,SP | Apparel,Apparel | Outerwear,14508,385,239.38,618.3,2.583
2023-07-17,MW,SP | Apparel,Apparel | Layers,11870,315,195.86,505.88,2.583
2023-07-17,MT,SP | Running Shoes,Footwear | Road,17556,470,316.01,877.62,2.777
2023-07-17,MT,SP | Running Shoes,Footwear | Trail,10760,288,193.68,537.9,2.777
2023-07-17,MT,SP | Apparel,Apparel | Outerwear,13187,367,217.58,691.49,3.178
2023-07-17,MT,SP | Apparel,Apparel | Layers,10789,301,178.02,565.77,3.178
2023-07-17,West Coast,SP | Running Shoes,Footwear | Road,24315,650,437.66,1507.57,3.445
2023-07-17,West Coast,SP | Running Shoes,Footwear | Trail,14902,398,268.24,923.99,3.445
2023-07-17,West Coast,SP | Apparel,Apparel | Outerwear,17423,502,287.47,830.36,2.888
2023-07-17,West Coast,SP | Apparel,Apparel | Layers,14255,411,235.2,679.39,2.888
2023-07-24,Northeast,SP | Running Shoes,Footwear | Road,21783,625,392.09,947.78,2.417
2023-07-24,Northeast,SP | Running Shoes,Footwear | Trail,13351,383,240.31,580.9,2.417
2023-07-24,Northeast,SP | Apparel,Apparel | Outerwear,16334,434,269.51,723.15,2.683
2023-07-24,Northeast,SP | Apparel,Apparel | Layers,13364,355,220.51,591.67,2.683
2023-07-24,MA,SP | Running Shoes,Footwear | Road,19621,535,353.18,972.66,2.754
2023-07-24,MA,SP | Running Shoes,Footwear | Trail,12026,328,216.46,596.15,2.754
2023-07-24,MA,SP | Apparel,Apparel | Outerwear,16741,447,276.22,861.59,3.119
2023-07-24,MA,SP | Apparel,Apparel | Layers,13697,366,226.0,704.94,3.119
2023-07-24,SE,SP | Running Shoes,Footwear | Road,18093,522,325.68,852.13,2.616
2023-07-24,SE,SP | Running Shoes,Footwear | Trail,11089,320,199.61,522.27,2.616
2023-07-24,SE,SP | Apparel,Apparel | Outerwear,13282,382,219.16,797.73,3.64
2023-07-24,SE,SP | Apparel,Apparel | Layers,10867,313,179.31,652.69,3.64
2023-07-24,MW,SP | Running Shoes,Footwear | Road,17835,483,321.03,927.61,2.89
2023-07-24,MW,SP | Running Shoes,Footwear | Trail,10931,296,196.76,568.53,2.89
2023-07-24,MW,SP | Apparel,Apparel | Outerwear,15264,435,251.86,681.64,2.706
2023-07-24,MW,SP | Apparel,Apparel | Layers,12489,356,206.07,557.71,2.706
2023-07-24,MT,SP | Running Shoes,Footwear | Road,15086,413,271.55,691.89,2.548
2023-07-24,MT,SP | Running Shoes,Footwear | Trail,9246,253,166.44,424.06,2.548
2023-07-24,MT,SP | Apparel,Apparel | Outerwear,10937,303,180.45,620.14,3.437
2023-07-24,MT,SP | Apparel,Apparel | Layers,8948,248,147.64,507.39,3.437
2023-07-24,West Coast,SP | Running Shoes,Footwear | Road,22548,621,405.86,1087.86,2.68
2023-07-24,West Coast,SP | Running Shoes,Footwear | Trail,13820,381,248.76,666.76,2.68
2023-07-24,West Coast,SP | Apparel,Apparel | Outerwear,16040,456,264.66,890.05,3.363
2023-07-24,West Coast,SP | Apparel,Apparel | Layers,13124,373,216.54,728.23,3.363
2023-07-31,Northeast,SP | Running Shoes,Footwear | Road,22962,648,413.32,1274.77,3.084
2023-07-31,Northeast,SP | Running Shoes,Footwear | Trail,14074,397,253.33,781.31,3.084
2023-07-31,Northeast,SP | Apparel,Apparel | Outerwear,15751,418,259.88,847.24,3.26
2023-07-31,Northeast,SP | Apparel,Apparel | Layers,12887,342,212.63,693.2,3.26
2023-07-31,MA,SP | Running Shoes,Footwear | Road,22404,592,403.26,1205.21,2.989
2023-07-31,MA,SP | Running Shoes,Footwear | Trail,13731,363,247.16,738.68,2.989
2023-07-31,MA,SP | Apparel,Apparel | Outerwear,14756,429,243.47,842.61,3.461
2023-07-31,MA,SP | Apparel,Apparel | Layers,12073,351,199.2,689.41,3.461
2023-07-31,SE,SP | Running Shoes,Footwear | Road,19171,520,345.09,1221.2,3.539
2023-07-31,SE,SP | Running Shoes,Footwear | Trail,11750,319,211.5,748.48,3.539
2023-07-31,SE,SP | Apparel,Apparel | Outerwear,12440,348,205.26,532.62,2.595
2023-07-31,SE,SP | Apparel,Apparel | Layers,10178,284,167.94,435.78,2.595
2023-07-31,MW,SP | Running Shoes,Footwear | Road,19152,562,344.73,990.34,2.873
2023-07-31,MW,SP | Running Shoes,Footwear | Trail,11738,344,211.29,606.99,2.873
2023-07-31,MW,SP | Apparel,Apparel | Outerwear,14661,387,241.91,768.77,3.178
2023-07-31,MW,SP | Apparel,Apparel | Layers,11995,317,197.92,628.99,3.178
2023-07-31,MT,SP | Running Shoes,Footwear | Road,16302,443,293.44,921.07,3.139
2023-07-31,MT,SP | Running Shoes,Footwear | Trail,9992,272,179.85,564.52,3.139
2023-07-31,MT,SP | Apparel,Apparel | Outerwear,12022,319,198.36,681.09,3.434
2023-07-31,MT,SP | Apparel,Apparel | Layers,9836,261,162.29,557.25,3.434
2023-07-31,West Coast,SP | Running Shoes,Footwear | Road,22471,634,404.49,1416.22,3.501
2023-07-31,West Coast,SP | Running Shoes,Footwear | Trail,13773,389,247.91,868.01,3.501
2023-07-31,West Coast,SP | Apparel,Apparel | Outerwear,17935,477,295.94,756.49,2.556
2023-07-31,West Coast,SP | Apparel,Apparel | Layers,14674,390,242.13,618.95,2.556
2023-08-07,Northeast,SP | Running Shoes,Footwear | Road,21736,610,391.24,1089.84,2.786
2023-08-07,Northeast,SP | Running Shoes,Footwear | Trail,13322,374,239.79,667.96,2.786
2023-08-07,Northeast,SP | Apparel,Apparel | Outerwear,16132,468,266.17,772.16,2.901
2023-08-07,Northeast,SP | Apparel,Apparel | Layers,13199,383,217.78,631.77,2.901
2023-08-07,MA,SP | Running Shoes,Footwear | Road,18673,496,336.11,1042.74,3.102
2023-08-07,MA,SP | Running Shoes,Footwear | Trail,11445,304,206.0,639.1,3.102
2023-08-07,MA,SP | Apparel,Apparel | Outerwear,15046,437,248.26,868.38,3.498
2023-08-07,MA,SP | Apparel,Apparel | Layers,12310,358,203.12,710.49,3.498
2023-08-07,SE,SP | Running Shoes,Footwear | Road,17642,473,317.56,938.81,2.956
2023-08-07,SE,SP | Running Shoes,Footwear | Trail,10813,290,194.63,575.4,2.956
2023-08-07,SE,SP | Apparel,Apparel | Outerwear,12552,335,207.12,628.57,3.035
2023-08-07,SE,SP | Apparel,Apparel | Layers,10270,274,169.46,514.28,3.035
2023-08-07,MW,SP | Running Shoes,Footwear | Road,20608,585,370.94,1260.33,3.398
2023-08-07,MW,SP | Running Shoes,Footwear | Trail,12630,359,227.35,772.46,3.398
2023-08-07,MW,SP | Apparel,Apparel | Outerwear,14127,378,233.1,663.13,2.845
2023-08-07,MW,SP | Apparel,Apparel | Layers,11559,309,190.72,542.56,2.845
2023-08-07,MT,SP | Running Shoes,Footwear | Road,17206,488,309.7,963.24,3.11
2023-08-07,MT,SP | Running Shoes,Footwear | Trail,10545,299,189.82,590.37,3.11
2023-08-07,MT,SP | Apparel,Apparel | Outerwear,10866,320,179.29,589.92,3.29
2023-08-07,MT,SP | Apparel,Apparel | Layers,8891,262,146.7,482.66,3.29
2023-08-07,West Coast,SP | Running Shoes,Footwear | Road,23114,665,416.05,1297.03,3.117
2023-08-07,West Coast,SP | Running Shoes,Footwear | Trail,14167,408,255.0,794.96,3.117
2023-08-07,West Coast,SP | Apparel,Apparel | Outerwear,18575,524,306.49,883.08,2.881
2023-08-07,West Coast,SP | Apparel,Apparel | Layers,15198,429,250.76,722.52,2.881
2023-08-14,Northeast,SP | Running Shoes,Footwear | Road,19175,537,345.16,977.33,2.832
2023-08-14,Northeast,SP | Running Shoes,Footwear | Trail,11753,329,211.55,599.01,2.832
2023-08-14,Northeast,SP | Apparel,Apparel | Outerwear,15542,460,256.43,910.51,3.551
2023-08-14,Northeast,SP | Apparel,Apparel | Layers,12716,376,209.81,744.96,3.551
2023-08-14,MA,SP | Running Shoes,Footwear | Road,21746,628,391.43,1059.09,2.706
2023-08-14,MA,SP | Running Shoes,Footwear | Trail,13328,385,239.91,649.12,2.706
2023-08-14,MA,SP | Apparel,Apparel | Outerwear,14134,375,233.21,872.02,3.739
2023-08-14,MA,SP | Apparel,Apparel | Layers,11564,307,190.81,713.47,3.739
2023-08-14,SE,SP | Running Shoes,Footwear | Road,17275,486,310.95,929.91,2.991
2023-08-14,SE,SP | Running Shoes,Footwear | Trail,10588,298,190.58,569.94,2.991
2023-08-14,SE,SP | Apparel,Apparel | Outerwear,14464,390,238.66,880.8,3.691
2023-08-14,SE,SP | Apparel,Apparel | Layers,11834,319,195.27,720.66,3.691
2023-08-14,MW,SP | Running Shoes,Footwear | Road,19400,541,349.21,903.15,2.586
2023-08-14,MW,SP | Running Shoes,Footwear | Trail,11891,332,214.03,553.54,2.586
2023-08-14,MW,SP | Apparel,Apparel | Outerwear,13697,386,226.0,782.67,3.463
2023-08-14,MW,SP | Apparel,Apparel | Layers,11207,316,184.91,640.37,3.463
2023-08-14,MT,SP | Running Shoes,Footwear | Road,15662,415,281.92,1017.08,3.608
2023-08-14,MT,SP | Running Shoes,Footwear | Trail,9599,254,172.79,623.37,3.608
2023-08-14,MT,SP | Apparel,Apparel | Outerwear,10568,292,174.37,658.18,3.775
2023-08-14,MT,SP | Apparel,Apparel | Layers,8647,239,142.67,538.51,3.775
2023-08-14,West Coast,SP | Running Shoes,Footwear | Road,23099,675,415.79,1425.54,3.429
2023-08-14,West Coast,SP | Running Shoes,Footwear | Trail,14158,414,254.84,873.72,3.429
2023-08-14,West Coast,SP | Apparel,Apparel | Outerwear,17889,477,295.17,752.4,2.549
2023-08-14,West Coast,SP | Apparel,Apparel | Layers,14637,390,241.5,615.6,2.549
2023-08-21,Northeast,SP | Running Shoes,Footwear | Road,25419,746,457.54,1252.97,2.739
2023-08-21,Northeast,SP | Running Shoes,Footwear | Trail,15579,457,280.43,767.95,2.739
2023-08-21,Northeast,SP | Apparel,Apparel | Outerwear,16395,441,270.52,1015.48,3.754
2023-08-21,Northeast,SP | Apparel,Apparel | Layers,13414,361,221.34,830.85,3.754
2023-08-21,MA,SP | Running Shoes,Footwear | Road,21215,597,381.87,1438.85,3.768
2023-08-21,MA,SP | Running Shoes,Footwear | Trail,13003,366,234.05,881.88,3.768
2023-08-21,MA,SP | Apparel,Apparel | Outerwear,16208,444,267.44,1003.07,3.751
2023-08-21,MA,SP | Apparel,Apparel | Layers,13261,363,218.81,820.69,3.751
2023-08-21,SE,SP | Running Shoes,Footwear | Road,17376,491,312.76,1062.49,3.397
2023-08-21,SE,SP | Running Shoes,Footwear | Trail,10650,301,191.69,651.2,3.397
2023-08-21,SE,SP | Apparel,Apparel | Outerwear,13041,362,215.18,711.61,3.307
2023-08-21,SE,SP | Apparel,Apparel | Layers,10670,296,176.06,582.23,3.307
2023-08-21,MW,SP | Running Shoes,Footwear | Road,19107,536,343.93,887.68,2.581
2023-08-21,MW,SP | Running Shoes,Footwear | Trail,11711,329,210.8,544.06,2.581
2023-08-21,MW,SP | Apparel,Apparel | Outerwear,13866,378,228.79,631.05,2.758
2023-08-21,MW,SP | Apparel,Apparel | Layers,11345,309,187.19,516.32,2.758
2023-08-21,MT,SP | Running Shoes,Footwear | Road,17168,479,309.02,1111.56,3.597
2023-08-21,MT,SP | Running Shoes,Footwear | Trail,10522,294,189.4,681.28,3.597
2023-08-21,MT,SP | Apparel,Apparel | Outerwear,13760,401,227.05,585.63,2.579
2023-08-21,MT,SP | Apparel,Apparel | Layers,11259,328,185.77,479.15,2.579
2023-08-21,West Coast,SP | Running Shoes,Footwear | Road,25825,695,464.85,1759.55,3.785
2023-08-21,West Coast,SP | Running Shoes,Footwear | Trail,15828,426,284.91,1078.43,3.785
2023-08-21,West Coast,SP | Apparel,Apparel | Outerwear,18936,552,312.44,822.53,2.633
2023-08-21,West Coast,SP | Apparel,Apparel | Layers,15493,451,255.63,672.98,2.633
2023-08-28,Northeast,SP | Running Shoes,Footwear | Road,21379,616,384.83,1393.18,3.62
2023-08-28,Northeast,SP | Running Shoes,Footwear | Trail,13103,378,235.86,853.88,3.62
2023-08-28,Northeast,SP | Apparel,Apparel | Outerwear,14437,382,238.2,649.65,2.727
2023-08-28,Northeast,SP | Apparel,Apparel | Layers,11812,312,194.89,531.53,2.727
2023-08-28,MA,SP | Running Shoes,Footwear | Road,17751,491,319.52,1142.85,3.577
2023-08-28,MA,SP | Running Shoes,Footwear | Trail,10880,301,195.84,700.46,3.577
2023-08-28,MA,SP | Apparel,Apparel | Outerwear,15304,404,252.52,804.55,3.186
2023-08-28,MA,SP | Apparel,Apparel | Layers,12521,331,206.6,658.27,3.186
2023-08-28,SE,SP | Running Shoes,Footwear | Road,17459,484,314.26,979.68,3.117
2023-08-28,SE,SP | Running Shoes,Footwear | Trail,10701,296,192.61,600.45,3.117
2023-08-28,SE,SP | Apparel,Apparel | Outerwear,12537,354,206.86,648.18,3.133
2023-08-28,SE,SP | Apparel,Apparel | Layers,10257,290,169.25,530.33,3.133
2023-08-28,MW,SP | Running Shoes,Footwear | Road,19481,568,350.67,1093.82,3.119
2023-08-28,MW,SP | Running Shoes,Footwear | Trail,11940,348,214.92,670.41,3.119
2023-08-28,MW,SP | Apparel,Apparel | Outerwear,13314,354,219.68,780.99,3.555
2023-08-28,MW,SP | Apparel,Apparel | Layers,10893,289,179.74,638.99,3.555
2023-08-28,MT,SP | Running Shoes,Footwear | Road,15593,417,280.67,779.23,2.776
2023-08-28,MT,SP | Running Shoes,Footwear | Trail,9557,256,172.02,477.59,2.776
2023-08-28,MT,SP | Apparel,Apparel | Outerwear,12081,338,199.34,610.73,3.064
2023-08-28,MT,SP | Apparel,Apparel | Layers,9885,276,163.1,499.69,3.064
2023-08-28,West Coast,SP | Running Shoes,Footwear | Road,22044,619,396.78,1497.67,3.775
2023-08-28,West Coast,SP | Running Shoes,Footwear | Trail,13511,379,243.19,917.93,3.775
2023-08-28,West Coast,SP | Apparel,Apparel | Outerwear,17508,517,288.88,693.48,2.401
2023-08-28,West Coast,SP | Apparel,Apparel | Layers,14325,423,236.36,567.39,2.401
2023-09-04,Northeast,SP | Running Shoes,Footwear | Road,23385,616,420.92,1053.74,2.503
2023-09-04,Northeast,SP | Running Shoes,Footwear | Trail,14332,377,257.98,645.84,2.503
2023-09-04,Northeast,SP | Apparel,Apparel | Outerwear,17979,532,296.65,914.18,3.082
2023-09-04,Northeast,SP | Apparel,Apparel | Layers,14710,436,242.71,747.96,3.082
2023-09-04,MA,SP | Running Shoes,Footwear | Road,19064,560,343.15,897.89,2.617
2023-09-04,MA,SP | Running Shoes,Footwear | Trail,11684,343,210.32,550.32,2.617
2023-09-04,MA,SP | Apparel,Apparel | Outerwear,14479,395,238.91,607.04,2.541
2023-09-04,MA,SP | Apparel,Apparel | Layers,11847,324,195.47,496.67,2.541
2023-09-04,SE,SP | Running Shoes,Footwear | Road,17296,499,311.33,790.73,2.54
2023-09-04,SE,SP | Running Shoes,Footwear | Trail,10601,306,190.81,484.64,2.54
2023-09-04,SE,SP | Apparel,Apparel | Outerwear,13873,370,228.9,753.93,3.294
2023-09-04,SE,SP | Apparel,Apparel | Layers,11350,303,187.28,616.85,3.294
2023-09-04,MW,SP | Running Shoes,Footwear | Road,21226,612,382.06,1345.91,3.523
2023-09-04,MW,SP | Running Shoes,Footwear | Trail,13009,375,234.17,824.91,3.523
2023-09-04,MW,SP | Apparel,Apparel | Outerwear,15165,428,250.23,650.92,2.601
2023-09-04,MW,SP | Apparel,Apparel | Layers,12408,350,204.73,532.57,2.601
2023-09-04,MT,SP | Running Shoes,Footwear | Road,15310,433,275.58,1023.16,3.713
2023-09-04,MT,SP | Running Shoes,Footwear | Trail,9384,265,168.91,627.1,3.713
2023-09-04,MT,SP | Apparel,Apparel | Outerwear,12603,345,207.96,730.52,3.513
2023-09-04,MT,SP | Apparel,Apparel | Layers,10312,282,170.15,597.69,3.513
2023-09-04,West Coast,SP | Running Shoes,Footwear | Road,24004,636,432.08,1368.12,3.166
2023-09-04,West Coast,SP | Running Shoes,Footwear | Trail,14712,390,264.82,838.53,3.166
2023-09-04,West Coast,SP | Apparel,Apparel | Outerwear,18240,541,300.96,1033.99,3.436
2023-09-04,West Coast,SP | Apparel,Apparel | Layers,14924,443,246.24,845.99,3.436
2023-09-11,Northeast,SP | Running Shoes,Footwear | Road,20410,556,367.38,1046.6,2.849
2023-09-11,Northeast,SP | Running Shoes,Footwear | Trail,12509,341,225.17,641.46,2.849
2023-09-11,Northeast,SP | Apparel,Apparel | Outerwear,15448,419,254.89,663.99,2.605
2023-09-11,Northeast,SP | Apparel,Apparel | Layers,12639,342,208.54,543.27,2.605
2023-09-11,MA,SP | Running Shoes,Footwear | Road,21984,602,395.71,1261.4,3.188
2023-09-11,MA,SP | Running Shoes,Footwear | Trail,13474,369,242.53,773.12,3.188
2023-09-11,MA,SP | Apparel,Apparel | Outerwear,17135,503,282.72,788.55,2.789
2023-09-11,MA,SP | Apparel,Apparel | Layers,14019,411,231.32,645.18,2.789
2023-09-11,SE,SP | Running Shoes,Footwear | Road,18609,549,334.97,972.46,2.903
2023-09-11,SE,SP | Running Shoes,Footwear | Trail,11406,336,205.3,596.02,2.903
2023-09-11,SE,SP | Apparel,Apparel | Outerwear,15329,422,252.93,793.41,3.137
2023-09-11,SE,SP | Apparel,Apparel | Layers,12542,345,206.95,649.15,3.137
2023-09-11,MW,SP | Running Shoes,Footwear | Road,20068,539,361.23,893.5,2.474
2023-09-11,MW,SP | Running Shoes,Footwear | Trail,12300,330,221.4,547.63,2.474
2023-09-11,MW,SP | Apparel,Apparel | Outerwear,15714,426,259.28,914.49,3.527
2023-09-11,MW,SP | Apparel,Apparel | Layers,12857,348,212.13,748.22,3.527
2023-09-11,MT,SP | Running Shoes,Footwear | Road,17064,452,307.16,1043.47,3.397
2023-09-11,MT,SP | Running Shoes,Footwear | Trail,10459,277,188.26,639.55,3.397
2023-09-11,MT,SP | Apparel,Apparel | Outerwear,11260,304,185.79,574.85,3.094
2023-09-11,MT,SP | Apparel,Apparel | Layers,9213,249,152.01,470.33,3.094
2023-09-11,West Coast,SP | Running Shoes,Footwear | Road,24161,686,434.89,1644.19,3.781
2023-09-11,West Coast,SP | Running Shoes,Footwear | Trail,14808,421,266.55,1007.73,3.781
2023-09-11,West Coast,SP | Apparel,Apparel | Outerwear,17356,477,286.37,1001.63,3.498
2023-09-11,West Coast,SP | Apparel,Apparel | Layers,14200,391,234.3,819.52,3.498
2023-09-18,Northeast,SP | Running Shoes,Footwear | Road,23149,686,416.68,1559.15,3.742
2023-09-18,Northeast,SP | Running Shoes,Footwear | Trail,14188,421,255.38,955.61,3.742
2023-09-18,Northeast,SP | Apparel,Apparel | Outerwear,16127,478,266.1,720.04,2.706
2023-09-18,Northeast,SP | Apparel,Apparel | Layers,13195,391,217.72,589.12,2.706
2023-09-18,MA,SP | Running Shoes,Footwear | Road,21563,628,388.14,1418.79,3.655
2023-09-18,MA,SP | Running Shoes,Footwear | Trail,13216,385,237.89,869.58,3.655
2023-09-18,MA,SP | Apparel,Apparel | Outerwear,16064,442,265.06,691.73,2.61
2023-09-18,MA,SP | Apparel,Apparel | Layers,13143,362,216.87,565.96,2.61
2023-09-18,SE,SP | Running Shoes,Footwear | Road,16490,474,296.81,747.64,2.519
2023-09-18,SE,SP | Running Shoes,Footwear | Trail,10107,291,181.92,458.23,2.519
2023-09-18,SE,SP | Apparel,Apparel | Outerwear,13290,364,219.28,645.65,2.944
2023-09-18,SE,SP | Apparel,Apparel | Layers,10874,298,179.41,528.26,2.944
2023-09-18,MW,SP | Running Shoes,Footwear | Road,17153,480,308.75,1171.68,3.795
2023-09-18,MW,SP | Running Shoes,Footwear | Trail,10513,294,189.23,718.13,3.795
2023-09-18,MW,SP | Apparel,Apparel | Outerwear,15294,439,252.35,624.36,2.474
2023-09-18,MW,SP | Apparel,Apparel | Layers,12513,359,206.47,510.84,2.474
2023-09-18,MT,SP | Running Shoes,Footwear | Road,15965,470,287.37,1011.54,3.52
2023-09-18,MT,SP | Running Shoes,Footwear | Trail,9785,288,176.13,619.97,3.52
2023-09-18,MT,SP | Apparel,Apparel | Outerwear,11980,320,197.67,585.94,2.964
2023-09-18,MT,SP | Apparel,Apparel | Layers,9802,262,161.73,479.4,2.964
2023-09-18,West Coast,SP | Running Shoes,Footwear | Road,22235,640,400.24,1360.76,3.4
2023-09-18,West Coast,SP | Running Shoes,Footwear | Trail,13628,392,245.31,834.02,3.4
2023-09-18,West Coast,SP | Apparel,Apparel | Outerwear,18235,502,300.88,1025.98,3.41
2023-09-18,West Coast,SP | Apparel,Apparel | Layers,14920,411,246.17,839.43,3.41
2023-09-25,Northeast,SP | Running Shoes,Footwear | Road,20673,562,372.12,1092.84,2.937
2023-09-25,Northeast,SP | Running Shoes,Footwear | Trail,12671,344,228.07,669.8,2.937
2023-09-25,Northeast,SP | Apparel,Apparel | Outerwear,16496,440,272.19,980.36,3.602
2023-09-25,Northeast,SP | Apparel,Apparel | Layers,13497,360,222.7,802.11,3.602
2023-09-25,MA,SP | Running Shoes,Footwear | Road,18385,525,330.92,815.55,2.464
2023-09-25,MA,SP | Running Shoes,Footwear | Trail,11268,322,202.82,499.86,2.464
2023-09-25,MA,SP | Apparel,Apparel | Outerwear,13791,383,227.55,859.35,3.777
2023-09-25,MA,SP | Apparel,Apparel | Layers,11283,314,186.17,703.11,3.777
2023-09-25,SE,SP | Running Shoes,Footwear | Road,16602,471,298.84,885.23,2.962
2023-09-25,SE,SP | Running Shoes,Footwear | Trail,10175,289,183.16,542.56,2.962
2023-09-25,SE,SP | Apparel,Apparel | Outerwear,12916,351,213.11,593.64,2.786
2023-09-25,SE,SP | Apparel,Apparel | Layers,10567,287,174.36,485.7,2.786
2023-09-25,MW,SP | Running Shoes,Footwear | Road,20649,573,371.68,917.65,2.469
2023-09-25,MW,SP | Running Shoes,Footwear | Trail,12656,351,227.81,562.43,2.469
2023-09-25,MW,SP | Apparel,Apparel | Outerwear,13513,359,222.97,654.12,2.934
2023-09-25,MW,SP | Apparel,Apparel | Layers,11056,294,182.43,535.19,2.934
2023-09-25,MT,SP | Running Shoes,Footwear | Road,14390,380,259.02,961.55,3.712
2023-09-25,MT,SP | Running Shoes,Footwear | Trail,8820,233,158.75,589.34,3.712
2023-09-25,MT,SP | Apparel,Apparel | Outerwear,11212,302,185.0,627.97,3.394
2023-09-25,MT,SP | Apparel,Apparel | Layers,9174,247,151.36,513.79,3.394
2023-09-25,West Coast,SP | Running Shoes,Footwear | Road,21601,572,388.81,1311.25,3.372
2023-09-25,West Coast,SP | Running Shoes,Footwear | Trail,13239,351,238.3,803.67,3.372
2023-09-25,West Coast,SP | Apparel,Apparel | Outerwear,18528,523,305.7,955.95,3.127
2023-09-25,West Coast,SP | Apparel,Apparel | Layers,15159,428,250.12,782.14,3.127
2023-10-02,Northeast,SP | Running Shoes,Footwear | Road,21105,625,379.89,975.53,2.568
2023-10-02,Northeast,SP | Running Shoes,Footwear | Trail,12935,383,232.84,597.9,2.568
2023-10-02,Northeast,SP | Apparel,Apparel | Outerwear,16618,452,274.2,812.45,2.963
2023-10-02,Northeast,SP | Apparel,Apparel | Layers,13597,370,224.35,664.73,2.963
2023-10-02,MA,SP | Running Shoes,Footwear | Road,18659,542,335.85,1078.82,3.212
2023-10-02,MA,SP | Running Shoes,Footwear | Trail,11436,332,205.85,661.21,3.212
2023-10-02,MA,SP | Apparel,Apparel | Outerwear,14981,444,247.19,692.2,2.8
2023-10-02,MA,SP | Apparel,Apparel | Layers,12257,363,202.24,566.34,2.8
2023-10-02,SE,SP | Running Shoes,Footwear | Road,19031,557,342.56,1006.49,2.938
2023-10-02,SE,SP | Running Shoes,Footwear | Trail,11664,341,209.95,616.88,2.938
2023-10-02,SE,SP | Apparel,Apparel | Outerwear,12620,350,208.23,620.8,2.981
2023-10-02,SE,SP | Apparel,Apparel | Layers,10325,286,170.37,507.93,2.981
2023-10-02,MW,SP | Running Shoes,Footwear | Road,20215,567,363.87,1186.37,3.26
2023-10-02,MW,SP | Running Shoes,Footwear | Trail,12390,347,223.02,727.13,3.26
2023-10-02,MW,SP | Apparel,Apparel | Outerwear,14110,388,232.82,792.51,3.404
2023-10-02,MW,SP | Apparel,Apparel | Layers,11545,317,190.49,648.42,3.404
2023-10-02,MT,SP | Running Shoes,Footwear | Road,16487,489,296.77,975.5,3.287
2023-10-02,MT,SP | Running Shoes,Footwear | Trail,10105,300,181.89,597.89,3.287
2023-10-02,MT,SP | Apparel,Apparel | Outerwear,12919,375,213.16,539.9,2.533
2023-10-02,MT,SP | Apparel,Apparel | Layers,10570,307,174.4,441.74,2.533
2023-10-02,West Coast,SP | Running Shoes,Footwear | Road,23735,683,427.23,1191.08,2.788
2023-10-02,West Coast,SP | Running Shoes,Footwear | Trail,14547,419,261.85,730.02,2.788
2023-10-02,West Coast,SP | Apparel,Apparel | Outerwear,17050,479,281.33,899.85,3.199
2023-10-02,West Coast,SP | Apparel,Apparel | Layers,13950,392,230.18,736.24,3.199
2023-10-09,Northeast,SP | Running Shoes,Footwear | Road,21450,619,386.1,926.82,2.4
2023-10-09,Northeast,SP | Running Shoes,Footwear | Trail,13147,379,236.64,568.05,2.4
2023-10-09,Northeast,SP | Apparel,Apparel | Outerwear,17538,514,289.37,770.85,2.664
2023-10-09,Northeast,SP | Apparel,Apparel | Layers,14349,421,236.76,630.7,2.664
2023-10-09,MA,SP | Running Shoes,Footwear | Road,18836,538,339.04,839.61,2.476
2023-10-09,MA,SP | Running Shoes,Footwear | Trail,11545,330,207.8,514.6,2.476
2023-10-09,MA,SP | Apparel,Apparel | Outerwear,16522,445,272.61,1019.78,3.741
2023-10-09,MA,SP | Apparel,Apparel | Layers,13518,364,223.04,834.37,3.741
2023-10-09,SE,SP | Running Shoes,Footwear | Road,15877,462,285.79,779.36,2.727
2023-10-09,SE,SP | Running Shoes,Footwear | Trail,9731,283,175.16,477.67,2.727
2023-10-09,SE,SP | Apparel,Apparel | Outerwear,13771,363,227.22,678.67,2.987
2023-10-09,SE,SP | Apparel,Apparel | Layers,11267,297,185.9,555.28,2.987
2023-10-09,MW,SP | Running Shoes,Footwear | Road,18986,520,341.74,1286.19,3.764
2023-10-09,MW,SP | Running Shoes,Footwear | Trail,11636,319,209.45,788.31,3.764
2023-10-09,MW,SP | Apparel,Apparel | Outerwear,14635,395,241.47,748.67,3.1
2023-10-09,MW,SP | Apparel,Apparel | Layers,11974,323,197.57,612.55,3.1
2023-10-09,MT,SP | Running Shoes,Footwear | Road,16781,486,302.05,944.48,3.127
2023-10-09,MT,SP | Running Shoes,Footwear | Trail,10285,298,185.13,578.87,3.127
2023-10-09,MT,SP | Apparel,Apparel | Outerwear,10725,302,176.96,574.9,3.249
2023-10-09,MT,SP | Apparel,Apparel | Layers,8775,247,144.78,470.37,3.249
2023-10-09,West Coast,SP | Running Shoes,Footwear | Road,20110,583,361.98,1358.99,3.754
2023-10-09,West Coast,SP | Running Shoes,Footwear | Trail,12325,357,221.86,832.93,3.754
2023-10-09,West Coast,SP | Apparel,Apparel | Outerwear,16654,485,274.79,862.53,3.139
2023-10-09,West Coast,SP | Apparel,Apparel | Layers,13626,397,224.82,705.71,3.139
2023-10-16,Northeast,SP | Running Shoes,Footwear | Road,22720,612,408.96,1412.65,3.454
2023-10-16,Northeast,SP | Running Shoes,Footwear | Trail,13925,375,250.65,865.82,3.454
2023-10-16,Northeast,SP | Apparel,Apparel | Outerwear,15312,441,252.64,879.24,3.48
2023-10-16,Northeast,SP | Apparel,Apparel | Layers,12528,361,206.71,719.38,3.48
2023-10-16,MA,SP | Running Shoes,Footwear | Road,18044,480,324.79,1169.25,3.6
2023-10-16,MA,SP | Running Shoes,Footwear | Trail,11059,294,199.06,716.64,3.6
2023-10-16,MA,SP | Apparel,Apparel | Outerwear,14732,397,243.08,600.51,2.47
2023-10-16,MA,SP | Apparel,Apparel | Layers,12054,325,198.89,491.33,2.47
2023-10-16,SE,SP | Running Shoes,Footwear | Road,19256,529,346.61,1133.32,3.27
2023-10-16,SE,SP | Running Shoes,Footwear | Trail,11802,324,212.44,694.62,3.27
2023-10-16,SE,SP | Apparel,Apparel | Outerwear,13116,349,216.41,760.75,3.515
2023-10-16,SE,SP | Apparel,Apparel | Layers,10731,286,177.06,622.43,3.515
2023-10-16,MW,SP | Running Shoes,Footwear | Road,16957,461,305.23,1052.04,3.447
2023-10-16,MW,SP | Running Shoes,Footwear | Trail,10393,283,187.07,644.8,3.447
2023-10-16,MW,SP | Apparel,Apparel | Outerwear,14886,433,245.61,698.27,2.843
2023-10-16,MW,SP | Apparel,Apparel | Layers,12179,354,200.95,571.31,2.843
2023-10-16,MT,SP | Running Shoes,Footwear | Road,15071,425,271.29,748.4,2.759
2023-10-16,MT,SP | Running Shoes,Footwear | Trail,9237,260,166.27,458.7,2.759
2023-10-16,MT,SP | Apparel,Apparel | Outerwear,10651,291,175.74,482.3,2.744
2023-10-16,MT,SP | Apparel,Apparel | Layers,8714,238,143.79,394.61,2.744
2023-10-16,West Coast,SP | Running Shoes,Footwear | Road,20158,556,362.84,1260.08,3.473
2023-10-16,West Coast,SP | Running Shoes,Footwear | Trail,12355,341,222.38,772.31,3.473
2023-10-16,West Coast,SP | Apparel,Apparel | Outerwear,17038,472,281.13,848.72,3.019
2023-10-16,West Coast,SP | Apparel,Apparel | Layers,13941,386,230.02,694.41,3.019
2023-10-23,Northeast,SP | Running Shoes,Footwear | Road,18685,538,336.34,1108.21,3.295
2023-10-23,Northeast,SP | Running Shoes,Footwear | Trail,11452,330,206.14,679.23,3.295
2023-10-23,Northeast,SP | Apparel,Apparel | Outerwear,15508,451,255.87,787.91,3.079
2023-10-23,Northeast,SP | Apparel,Apparel | Layers,12688,369,209.35,644.65,3.079
2023-10-23,MA,SP | Running Shoes,Footwear | Road,21028,571,378.5,909.95,2.404
2023-10-23,MA,SP | Running Shoes,Footwear | Trail,12888,350,231.98,557.71,2.404
2023-10-23,MA,SP | Apparel,Apparel | Outerwear,14365,380,237.03,858.4,3.621
2023-10-23,MA,SP | Apparel,Apparel | Layers,11753,311,193.93,702.32,3.621
2023-10-23,SE,SP | Running Shoes,Footwear | Road,16009,422,288.15,954.26,3.312
2023-10-23,SE,SP | Running Shoes,Footwear | Trail,9812,259,176.61,584.87,3.312
2023-10-23,SE,SP | Apparel,Apparel | Outerwear,11755,328,193.96,492.37,2.539
2023-10-23,SE,SP | Apparel,Apparel | Layers,9618,268,158.7,402.85,2.539
2023-10-23,MW,SP | Running Shoes,Footwear | Road,17145,481,308.61,902.82,2.925
2023-10-23,MW,SP | Running Shoes,Footwear | Trail,10508,295,189.15,553.34,2.925
2023-10-23,MW,SP | Apparel,Apparel | Outerwear,12745,368,210.29,743.94,3.538
2023-10-23,MW,SP | Apparel,Apparel | Layers,10428,301,172.06,608.68,3.538
2023-10-23,MT,SP | Running Shoes,Footwear | Road,15049,405,270.88,766.95,2.831
2023-10-23,MT,SP | Running Shoes,Footwear | Trail,9224,248,166.02,470.07,2.831
2023-10-23,MT,SP | Apparel,Apparel | Outerwear,12306,360,203.05,629.28,3.099
2023-10-23,MT,SP | Apparel,Apparel | Layers,10069,295,166.13,514.87,3.099
2023-10-23,West Coast,SP | Running Shoes,Footwear | Road,21036,584,378.65,1220.78,3.224
2023-10-23,West Coast,SP | Running Shoes,Footwear | Trail,12893,358,232.08,748.22,3.224
2023-10-23,West Coast,SP | Apparel,Apparel | Outerwear,16957,459,279.79,880.85,3.148
2023-10-23,West Coast,SP | Apparel,Apparel | Layers,13874,375,228.92,720.7,3.148
2023-10-30,Northeast,SP | Running Shoes,Footwear | Road,24854,664,447.37,1490.07,3.331
2023-10-30,Northeast,SP | Running Shoes,Footwear | Trail,15233,407,274.19,913.27,3.331
2023-10-30,Northeast,SP | Apparel,Apparel | Outerwear,16922,486,279.21,988.43,3.54
2023-10-30,Northeast,SP | Apparel,Apparel | Layers,13845,398,228.44,808.72,3.54
2023-10-30,MA,SP | Running Shoes,Footwear | Road,22196,605,399.52,1156.65,2.895
2023-10-30,MA,SP | Running Shoes,Footwear | Trail,13604,371,244.87,708.92,2.895
2023-10-30,MA,SP | Apparel,Apparel | Outerwear,16801,487,277.22,828.31,2.988
2023-10-30,MA,SP | Apparel,Apparel | Layers,13746,399,226.82,677.71,2.988
2023-10-30,SE,SP | Running Shoes,Footwear | Road,19185,507,345.32,923.13,2.673
2023-10-30,SE,SP | Running Shoes,Footwear | Trail,11758,311,211.65,565.79,2.673
2023-10-30,SE,SP | Apparel,Apparel | Outerwear,13843,382,228.41,622.55,2.726
2023-10-30,SE,SP | Apparel,Apparel | Layers,11326,313,186.88,509.36,2.726
2023-10-30,MW,SP | Running Shoes,Footwear | Road,19146,526,344.64,936.68,2.718
2023-10-30,MW,SP | Running Shoes,Footwear | Trail,11735,322,211.23,574.09,2.718
2023-10-30,MW,SP | Apparel,Apparel | Outerwear,13550,359,223.57,669.49,2.995
2023-10-30,MW,SP | Apparel,Apparel | Layers,11086,293,182.92,547.77,2.995
2023-10-30,MT,SP | Running Shoes,Footwear | Road,16270,450,292.87,739.42,2.525
2023-10-30,MT,SP | Running Shoes,Footwear | Trail,9972,276,179.5,453.19,2.525
2023-10-30,MT,SP | Apparel,Apparel | Outerwear,13754,405,226.94,554.78,2.445
2023-10-30,MT,SP | Apparel,Apparel | Layers,11253,331,185.68,453.91,2.445
2023-10-30,West Coast,SP | Running Shoes,Footwear | Road,22561,642,406.1,1396.15,3.438
2023-10-30,West Coast,SP | Running Shoes,Footwear | Trail,13828,394,248.9,855.7,3.438
2023-10-30,West Coast,SP | Apparel,Apparel | Outerwear,16378,461,270.24,935.7,3.462
2023-10-30,West Coast,SP | Apparel,Apparel | Layers,13400,377,221.11,765.57,3.462
2023-11-06,Northeast,SP | Running Shoes,Footwear | Road,21884,627,393.92,1037.68,2.634
2023-11-06,Northeast,SP | Running Shoes,Footwear | Trail,13413,384,241.43,635.99,2.634
2023-11-06,Northeast,SP | Apparel,Apparel | Outerwear,15903,427,262.39,892.66,3.402
2023-11-06,Northeast,SP | Apparel,Apparel | Layers,13011,349,214.68,730.36,3.402
2023-11-06,MA,SP | Running Shoes,Footwear | Road,22735,666,409.23,1027.32,2.51
2023-11-06,MA,SP | Running Shoes,Footwear | Trail,13934,408,250.82,629.65,2.51
2023-11-06,MA,SP | Apparel,Apparel | Outerwear,17610,475,290.57,891.63,3.069
2023-11-06,MA,SP | Apparel,Apparel | Layers,14408,389,237.74,729.52,3.069
2023-11-06,SE,SP | Running Shoes,Footwear | Road,17585,494,316.52,984.85,3.111
2023-11-06,SE,SP | Running Shoes,Footwear | Trail,10778,303,194.0,603.62,3.111
2023-11-06,SE,SP | Apparel,Apparel | Outerwear,13525,392,223.16,797.95,3.576
2023-11-06,SE,SP | Apparel,Apparel | Layers,11066,321,182.58,652.86,3.576
2023-11-06,MW,SP | Running Shoes,Footwear | Road,18154,524,326.78,1113.24,3.407
2023-11-06,MW,SP | Running Shoes,Footwear | Trail,11127,321,200.28,682.31,3.407
2023-11-06,MW,SP | Apparel,Apparel | Outerwear,14372,421,237.14,859.29,3.624
2023-11-06,MW,SP | Apparel,Apparel | Layers,11759,344,194.03,703.06,3.624
2023-11-06,MT,SP | Running Shoes,Footwear | Road,18221,522,327.98,1101.78,3.359
2023-11-06,MT,SP | Running Shoes,Footwear | Trail,11168,320,201.02,675.28,3.359
2023-11-06,MT,SP | Apparel,Apparel | Outerwear,13499,386,222.73,556.87,2.5
2023-11-06,MT,SP | Apparel,Apparel | Layers,11044,315,182.23,455.62,2.5
2023-11-06,West Coast,SP | Running Shoes,Footwear | Road,25597,740,460.75,1742.26,3.781
2023-11-06,West Coast,SP | Running Shoes,Footwear | Trail,15689,454,282.4,1067.84,3.781
2023-11-06,West Coast,SP | Apparel,Apparel | Outerwear,17110,475,282.31,846.05,2.997
2023-11-06,West Coast,SP | Apparel,Apparel | Layers,13999,389,230.98,692.22,2.997
2023-11-13,Northeast,SP | Running Shoes,Footwear | Road,21478,637,386.61,1248.93,3.23
2023-11-13,Northeast,SP | Running Shoes,Footwear | Trail,13164,390,236.96,765.47,3.23
2023-11-13,Northeast,SP | Apparel,Apparel | Outerwear,19055,560,314.4,993.1,3.159
2023-11-13,Northeast,SP | Apparel,Apparel | Layers,15590,459,257.24,812.53,3.159
2023-11-13,MA,SP | Running Shoes,Footwear | Road,21858,612,393.45,1471.02,3.739
2023-11-13,MA,SP | Running Shoes,Footwear | Trail,13397,375,241.15,901.59,3.739
2023-11-13,MA,SP | Apparel,Apparel | Outerwear,15860,457,261.68,900.33,3.441
2023-11-13,MA,SP | Apparel,Apparel | Layers,12976,374,214.11,736.63,3.441
2023-11-13,SE,SP | Running Shoes,Footwear | Road,19013,562,342.24,1026.4,2.999
2023-11-13,SE,SP | Running Shoes,Footwear | Trail,11653,344,209.76,629.08,2.999
2023-11-13,SE,SP | Apparel,Apparel | Outerwear,15449,421,254.91,769.26,3.018
2023-11-13,SE,SP | Apparel,Apparel | Layers,12640,344,208.56,629.4,3.018
2023-11-13,MW,SP | Running Shoes,Footwear | Road,18440,494,331.92,998.5,3.008
2023-11-13,MW,SP | Running Shoes,Footwear | Trail,11302,303,203.43,611.98,3.008
2023-11-13,MW,SP | Apparel,Apparel | Outerwear,16654,486,274.79,884.46,3.219
2023-11-13,MW,SP | Apparel,Apparel | Layers,13626,398,224.83,723.65,3.219
2023-11-13,MT,SP | Running Shoes,Footwear | Road,17680,493,318.23,1194.02,3.752
2023-11-13,MT,SP | Running Shoes,Footwear | Trail,10836,302,195.04,731.82,3.752
2023-11-13,MT,SP | Apparel,Apparel | Outerwear,13163,352,217.19,648.54,2.986
2023-11-13,MT,SP | Apparel,Apparel | Layers,10770,288,177.7,530.63,2.986
2023-11-13,West Coast,SP | Running Shoes,Footwear | Road,27353,767,492.36,1557.29,3.163
2023-11-13,West Coast,SP | Running Shoes,Footwear | Trail,16765,470,301.77,954.47,3.163
2023-11-13,West Coast,SP | Apparel,Apparel | Outerwear,19816,565,326.96,927.65,2.837
2023-11-13,West Coast,SP | Apparel,Apparel | Layers,16213,462,267.52,758.99,2.837
2023-11-20,Northeast,SP | Running Shoes,Footwear | Road,24969,664,449.44,1423.71,3.168
2023-11-20,Northeast,SP | Running Shoes,Footwear | Trail,15304,407,275.46,872.6,3.168
2023-11-20,Northeast,SP | Apparel,Apparel | Outerwear,17223,464,284.18,774.4,2.725
2023-11-20,Northeast,SP | Apparel,Apparel | Layers,14092,379,232.51,633.6,2.725
2023-11-20,MA,SP | Running Shoes,Footwear | Road,24791,655,446.23,1416.27,3.174
2023-11-20,MA,SP | Running Shoes,Footwear | Trail,15194,402,273.5,868.04,3.174
2023-11-20,MA,SP | Apparel,Apparel | Outerwear,17999,500,296.99,745.4,2.51
2023-11-20,MA,SP | Apparel,Apparel | Layers,14727,409,242.99,609.87,2.51
2023-11-20,SE,SP | Running Shoes,Footwear | Road,21322,568,383.79,1060.28,2.763
2023-11-20,SE,SP | Running Shoes,Footwear | Trail,13068,348,235.23,649.85,2.763
2023-11-20,SE,SP | Apparel,Apparel | Outerwear,17193,510,283.68,1051.79,3.708
2023-11-20,SE,SP | Apparel,Apparel | Layers,14067,417,232.1,860.55,3.708
2023-11-20,MW,SP | Running Shoes,Footwear | Road,22979,624,413.62,1349.84,3.264
2023-11-20,MW,SP | Running Shoes,Footwear | Trail,14084,383,253.51,827.32,3.264
2023-11-20,MW,SP | Apparel,Apparel | Outerwear,16799,481,277.18,698.52,2.52
2023-11-20,MW,SP | Apparel,Apparel | Layers,13744,394,226.78,571.52,2.52
2023-11-20,MT,SP | Running Shoes,Footwear | Road,16980,455,305.64,798.0,2.611
2023-11-20,MT,SP | Running Shoes,Footwear | Trail,10407,279,187.33,489.1,2.611
2023-11-20,MT,SP | Apparel,Apparel | Outerwear,14162,389,233.68,636.24,2.723
2023-11-20,MT,SP | Apparel,Apparel | Layers,11587,318,191.19,520.56,2.723
2023-11-20,West Coast,SP | Running Shoes,Footwear | Road,29232,851,526.18,1825.01,3.468
2023-11-20,West Coast,SP | Running Shoes,Footwear | Trail,17917,522,322.5,1118.55,3.468
2023-11-20,West Coast,SP | Apparel,Apparel | Outerwear,18546,522,306.0,1094.35,3.576
2023-11-20,West Coast,SP | Apparel,Apparel | Layers,15174,427,250.37,895.38,3.576
2023-11-27,Northeast,SP | Running Shoes,Footwear | Road,22848,627,411.27,1018.55,2.477
2023-11-27,Northeast,SP | Running Shoes,Footwear | Trail,14004,384,252.07,624.27,2.477
2023-11-27,Northeast,SP | Apparel,Apparel | Outerwear,20777,551,342.82,1239.61,3.616
2023-11-27,Northeast,SP | Apparel,Apparel | Layers,16999,451,280.49,1014.22,3.616
2023-11-27,MA,SP | Running Shoes,Footwear | Road,26274,705,472.92,1775.37,3.754
2023-11-27,MA,SP | Running Shoes,Footwear | Trail,16103,432,289.86,1088.13,3.754
2023-11-27,MA,SP | Apparel,Apparel | Outerwear,18900,520,311.85,1136.75,3.645
2023-11-27,MA,SP | Apparel,Apparel | Layers,15464,426,255.15,930.07,3.645
2023-11-27,SE,SP | Running Shoes,Footwear | Road,21803,612,392.46,1376.82,3.508
2023-11-27,SE,SP | Running Shoes,Footwear | Trail,13363,375,240.54,843.86,3.508
2023-11-27,SE,SP | Apparel,Apparel | Outerwear,15664,421,258.45,668.69,2.587
2023-11-27,SE,SP | Apparel,Apparel | Layers,12816,345,211.46,547.11,2.587
2023-11-27,MW,SP | Running Shoes,Footwear | Road,21959,645,395.26,1300.37,3.29
2023-11-27,MW,SP | Running Shoes,Footwear | Trail,13459,395,242.26,797.0,3.29
2023-11-27,MW,SP | Apparel,Apparel | Outerwear,16907,495,278.96,960.13,3.442
2023-11-27,MW,SP | Apparel,Apparel | Layers,13833,405,228.24,785.56,3.442
2023-11-27,MT,SP | Running Shoes,Footwear | Road,18513,503,333.23,1253.15,3.761
2023-11-27,MT,SP | Running Shoes,Footwear | Trail,11346,308,204.24,768.06,3.761
2023-11-27,MT,SP | Apparel,Apparel | Outerwear,14700,410,242.55,707.64,2.918
2023-11-27,MT,SP | Apparel,Apparel | Layers,12027,335,198.45,578.98,2.918
2023-11-27,West Coast,SP | Running Shoes,Footwear | Road,25175,688,453.15,1594.27,3.518
2023-11-27,West Coast,SP | Running Shoes,Footwear | Trail,15430,422,277.74,977.13,3.518
2023-11-27,West Coast,SP | Apparel,Apparel | Outerwear,19238,536,317.42,1190.46,3.75
2023-11-27,West Coast,SP | Apparel,Apparel | Layers,15740,439,259.71,974.01,3.75
2023-12-04,Northeast,SP | Running Shoes,Footwear | Road,25554,729,459.98,1469.69,3.195
2023-12-04,Northeast,SP | Running Shoes,Footwear | Trail,15662,447,281.92,900.78,3.195
2023-12-04,Northeast,SP | Apparel,Apparel | Outerwear,17576,492,290.0,907.97,3.131
2023-12-04,Northeast,SP | Apparel,Apparel | Layers,14380,402,237.27,742.89,3.131
2023-12-04,MA,SP | Running Shoes,Footwear | Road,25290,717,455.22,1448.7,3.182
2023-12-04,MA,SP | Running Shoes,Footwear | Trail,15500,439,279.01,887.91,3.182
2023-12-04,MA,SP | Apparel,Apparel | Outerwear,18931,506,312.37,1073.19,3.436
2023-12-04,MA,SP | Apparel,Apparel | Layers,15489,414,255.57,878.06,3.436
2023-12-04,SE,SP | Running Shoes,Footwear | Road,19898,543,358.17,1287.76,3.595
2023-12-04,SE,SP | Running Shoes,Footwear | Trail,12196,333,219.52,789.27,3.595
2023-12-04,SE,SP | Apparel,Apparel | Outerwear,16294,454,268.85,842.74,3.135
2023-12-04,SE,SP | Apparel,Apparel | Layers,13331,372,219.97,689.51,3.135
2023-12-04,MW,SP | Running Shoes,Footwear | Road,21270,624,382.86,1164.39,3.041
2023-12-04,MW,SP | Running Shoes,Footwear | Trail,13036,383,234.66,713.66,3.041
2023-12-04,MW,SP | Apparel,Apparel | Outerwear,16585,487,273.66,842.9,3.08
2023-12-04,MW,SP | Apparel,Apparel | Layers,13570,399,223.9,689.65,3.08
2023-12-04,MT,SP | Running Shoes,Footwear | Road,17817,481,320.71,826.57,2.577
2023-12-04,MT,SP | Running Shoes,Footwear | Trail,10920,295,196.57,506.61,2.577
2023-12-04,MT,SP | Apparel,Apparel | Outerwear,14750,389,243.37,672.28,2.762
2023-12-04,MT,SP | Apparel,Apparel | Layers,12068,318,199.12,550.05,2.762
2023-12-04,West Coast,SP | Running Shoes,Footwear | Road,27071,780,487.28,1475.16,3.027
2023-12-04,West Coast,SP | Running Shoes,Footwear | Trail,16592,478,298.66,904.13,3.027
2023-12-04,West Coast,SP | Apparel,Apparel | Outerwear,21417,573,353.39,1100.12,3.113
2023-12-04,West Coast,SP | Apparel,Apparel | Layers,17523,469,289.14,900.1,3.113
2023-12-11,Northeast,SP | Running Shoes,Footwear | Road,27575,804,496.35,1586.02,3.195
2023-12-11,Northeast,SP | Running Shoes,Footwear | Trail,16901,493,304.22,972.08,3.195
2023-12-11,Northeast,SP | Apparel,Apparel | Outerwear,19058,538,314.45,1039.36,3.305
2023-12-11,Northeast,SP | Apparel,Apparel | Layers,15593,440,257.28,850.39,3.305
2023-12-11,MA,SP | Running Shoes,Footwear | Road,22814,640,410.66,1240.71,3.021
2023-12-11,MA,SP | Running Shoes,Footwear | Trail,13983,393,251.69,760.43,3.021
2023-12-11,MA,SP | Apparel,Apparel | Outerwear,18571,522,306.42,985.96,3.218
2023-12-11,MA,SP | Apparel,Apparel | Layers,15194,427,250.71,806.7,3.218
2023-12-11,SE,SP | Running Shoes,Footwear | Road,20096,574,361.72,1248.86,3.453
2023-12-11,SE,SP | Running Shoes,Footwear | Trail,12317,352,221.7,765.43,3.453
2023-12-11,SE,SP | Apparel,Apparel | Outerwear,16344,463,269.68,729.64,2.706
2023-12-11,SE,SP | Apparel,Apparel | Layers,13372,378,220.64,596.98,2.706
2023-12-11,MW,SP | Running Shoes,Footwear | Road,21118,608,380.13,1409.88,3.709
2023-12-11,MW,SP | Running Shoes,Footwear | Trail,12943,373,232.98,864.12,3.709
2023-12-11,MW,SP | Apparel,Apparel | Outerwear,16928,488,279.3,1049.09,3.756
2023-12-11,MW,SP | Apparel,Apparel | Layers,13850,399,228.52,858.35,3.756
2023-12-11,MT,SP | Running Shoes,Footwear | Road,16622,463,299.2,1134.96,3.793
2023-12-11,MT,SP | Running Shoes,Footwear | Trail,10188,284,183.38,695.62,3.793
2023-12-11,MT,SP | Apparel,Apparel | Outerwear,15393,449,253.98,865.3,3.407
2023-12-11,MT,SP | Apparel,Apparel | Layers,12594,367,207.81,707.97,3.407
2023-12-11,West Coast,SP | Running Shoes,Footwear | Road,28973,814,521.51,1396.66,2.678
2023-12-11,West Coast,SP | Running Shoes,Footwear | Trail,17757,499,319.63,856.02,2.678
2023-12-11,West Coast,SP | Apparel,Apparel | Outerwear,21920,611,361.67,1065.77,2.947
2023-12-11,West Coast,SP | Apparel,Apparel | Layers,17934,500,295.91,871.99,2.947
2023-12-18,Northeast,SP | Running Shoes,Footwear | Road,23095,641,415.71,1399.93,3.368
2023-12-18,Northeast,SP | Running Shoes,Footwear | Trail,14155,393,254.79,858.02,3.368
2023-12-18,Northeast,SP | Apparel,Apparel | Outerwear,17714,486,292.29,905.07,3.097
2023-12-18,Northeast,SP | Apparel,Apparel | Layers,14494,397,239.14,740.51,3.097
2023-12-18,MA,SP | Running Shoes,Footwear | Road,24968,681,449.43,1246.82,2.774
2023-12-18,MA,SP | Running Shoes,Footwear | Trail,15303,417,275.46,764.18,2.774
2023-12-18,MA,SP | Apparel,Apparel | Outerwear,19459,553,321.07,1143.11,3.56
2023-12-18,MA,SP | Apparel,Apparel | Layers,15921,452,262.69,935.27,3.56
2023-12-18,SE,SP | Running Shoes,Footwear | Road,22340,631,402.13,992.15,2.467
2023-12-18,SE,SP | Running Shoes,Footwear | Trail,13693,387,246.47,608.09,2.467
2023-12-18,SE,SP | Apparel,Apparel | Outerwear,16200,440,267.31,959.05,3.588
2023-12-18,SE,SP | Apparel,Apparel | Layers,13255,360,218.7,784.68,3.588
2023-12-18,MW,SP | Running Shoes,Footwear | Road,21016,583,378.28,1292.53,3.417
2023-12-18,MW,SP | Running Shoes,Footwear | Trail,12881,358,231.85,792.2,3.417
2023-12-18,MW,SP | Apparel,Apparel | Outerwear,17027,504,280.95,997.18,3.549
2023-12-18,MW,SP | Apparel,Apparel | Layers,13931,412,229.87,815.88,3.549
2023-12-18,MT,SP | Running Shoes,Footwear | Road,19277,551,346.98,1314.83,3.789
2023-12-18,MT,SP | Running Shoes,Footwear | Trail,11815,338,212.66,805.86,3.789
2023-12-18,MT,SP | Apparel,Apparel | Outerwear,13129,352,216.63,582.11,2.687
2023-12-18,MT,SP | Apparel,Apparel | Layers,10742,288,177.25,476.27,2.687
2023-12-18,West Coast,SP | Running Shoes,Footwear | Road,28163,772,506.93,1468.76,2.897
2023-12-18,West Coast,SP | Running Shoes,Footwear | Trail,17261,473,310.7,900.21,2.897
2023-12-18,West Coast,SP | Apparel,Apparel | Outerwear,20622,574,340.27,1052.87,3.094
2023-12-18,West Coast,SP | Apparel,Apparel | Layers,16873,470,278.4,861.44,3.094
2023-12-25,Northeast,SP | Running Shoes,Footwear | Road,27953,776,503.15,1548.12,3.077
2023-12-25,Northeast,SP | Running Shoes,Footwear | Trail,17133,476,308.39,948.85,3.077
2023-12-25,Northeast,SP | Apparel,Apparel | Outerwear,17402,490,287.13,711.49,2.478
2023-12-25,Northeast,SP | Apparel,Apparel | Layers,14238,401,234.92,582.12,2.478
2023-12-25,MA,SP | Running Shoes,Footwear | Road,23535,641,423.63,1144.63,2.702
2023-12-25,MA,SP | Running Shoes,Footwear | Trail,14425,393,259.64,701.55,2.702
2023-12-25,MA,SP | Apparel,Apparel | Outerwear,19656,522,324.33,1190.02,3.669
2023-12-25,MA,SP | Apparel,Apparel | Layers,16083,427,265.36,973.65,3.669
2023-12-25,SE,SP | Running Shoes,Footwear | Road,20822,602,374.79,1275.1,3.402
2023-12-25,SE,SP | Running Shoes,Footwear | Trail,12762,369,229.71,781.51,3.402
2023-12-25,SE,SP | Apparel,Apparel | Outerwear,14637,414,241.51,698.5,2.892
2023-12-25,SE,SP | Apparel,Apparel | Layers,11976,339,197.6,571.5,2.892
2023-12-25,MW,SP | Running Shoes,Footwear | Road,24344,691,438.18,1074.76,2.453
2023-12-25,MW,SP | Running Shoes,Footwear | Trail,14920,424,268.56,658.72,2.453
2023-12-25,MW,SP | Apparel,Apparel | Outerwear,18436,486,304.2,1109.2,3.646
2023-12-25,MW,SP | Apparel,Apparel | Layers,15084,398,248.89,907.53,3.646
2023-12-25,MT,SP | Running Shoes,Footwear | Road,16985,475,305.73,742.39,2.428
2023-12-25,MT,SP | Running Shoes,Footwear | Trail,10410,291,187.38,455.01,2.428
2023-12-25,MT,SP | Apparel,Apparel | Outerwear,14787,436,243.98,904.21,3.706
2023-12-25,MT,SP | Apparel,Apparel | Layers,12098,356,199.62,739.8,3.706
2023-12-25,West Coast,SP | Running Shoes,Footwear | Road,29969,839,539.44,1298.1,2.406
2023-12-25,West Coast,SP | Running Shoes,Footwear | Trail,18368,514,330.62,795.61,2.406
2023-12-25,West Coast,SP | Apparel,Apparel | Outerwear,18506,499,305.35,999.78,3.274
2023-12-25,West Coast,SP | Apparel,Apparel | Layers,15141,408,249.83,818.0,3.274
2024-01-01,Northeast,SP | Running Shoes,Footwear | Road,19422,537,349.6,842.41,2.41
2024-01-01,Northeast,SP | Running Shoes,Footwear | Trail,11904,329,214.27,516.32,2.41
2024-01-01,Northeast,SP | Apparel,Apparel | Outerwear,14387,396,237.38,753.77,3.175
2024-01-01,Northeast,SP | Apparel,Apparel | Layers,11771,324,194.22,616.72,3.175
2024-01-01,MA,SP | Running Shoes,Footwear | Road,18571,517,334.28,1010.31,3.022
2024-01-01,MA,SP | Running Shoes,Footwear | Trail,11382,317,204.88,619.22,3.022
2024-01-01,MA,SP | Apparel,Apparel | Outerwear,13553,394,223.63,776.15,3.471
2024-01-01,MA,SP | Apparel,Apparel | Layers,11089,322,182.97,635.03,3.471
2024-01-01,SE,SP | Running Shoes,Footwear | Road,16769,461,301.84,1082.82,3.587
2024-01-01,SE,SP | Running Shoes,Footwear | Trail,10278,282,185.0,663.66,3.587
2024-01-01,SE,SP | Apparel,Apparel | Outerwear,13295,391,219.38,701.88,3.199
2024-01-01,SE,SP | Apparel,Apparel | Layers,10878,320,179.49,574.27,3.199
2024-01-01,MW,SP | Running Shoes,Footwear | Road,16951,501,305.12,1090.64,3.574
2024-01-01,MW,SP | Running Shoes,Footwear | Trail,10389,307,187.01,668.46,3.574
2024-01-01,MW,SP | Apparel,Apparel | Outerwear,12609,348,208.05,529.37,2.544
2024-01-01,MW,SP | Apparel,Apparel | Layers,10316,285,170.22,433.12,2.544
2024-01-01,MT,SP | Running Shoes,Footwear | Road,15078,444,271.41,888.16,3.272
2024-01-01,MT,SP | Running Shoes,Footwear | Trail,9241,272,166.35,544.35,3.272
2024-01-01,MT,SP | Apparel,Apparel | Outerwear,11877,321,195.97,492.12,2.511
2024-01-01,MT,SP | Apparel,Apparel | Layers,9717,262,160.34,402.64,2.511
2024-01-01,West Coast,SP | Running Shoes,Footwear | Road,19259,537,346.67,842.59,2.431
2024-01-01,West Coast,SP | Running Shoes,Footwear | Trail,11804,329,212.48,516.42,2.431
2024-01-01,West Coast,SP | Apparel,Apparel | Outerwear,14068,371,232.13,761.46,3.28
2024-01-01,West Coast,SP | Apparel,Apparel | Layers,11510,304,189.92,623.01,3.28
2024-01-08,Northeast,SP | Running Shoes,Footwear | Road,23358,618,420.45,1280.44,3.045
2024-01-08,Northeast,SP | Running Shoes,Footwear | Trail,14316,379,257.69,784.79,3.045
2024-01-08,Northeast,SP | Apparel,Apparel | Outerwear,14630,417,241.39,582.79,2.414
2024-01-08,Northeast,SP | Apparel,Apparel | Layers,11970,341,197.5,476.83,2.414
2024-01-08,MA,SP | Running Shoes,Footwear | Road,21537,574,387.67,1428.47,3.685
2024-01-08,MA,SP | Running Shoes,Footwear | Trail,13200,352,237.6,875.51,3.685
2024-01-08,MA,SP | Apparel,Apparel | Outerwear,15380,421,253.77,618.79,2.438
2024-01-08,MA,SP | Apparel,Apparel | Layers,12584,344,207.63,506.28,2.438
2024-01-08,SE,SP | Running Shoes,Footwear | Road,17854,493,321.37,783.48,2.438
2024-01-08,SE,SP | Running Shoes,Footwear | Trail,10943,302,196.97,480.2,2.438
2024-01-08,SE,SP | Apparel,Apparel | Outerwear,13370,372,220.6,782.19,3.546
2024-01-08,SE,SP | Apparel,Apparel | Layers,10939,305,180.49,639.98,3.546
2024-01-08,MW,SP | Running Shoes,Footwear | Road,19502,528,351.03,988.99,2.817
2024-01-08,MW,SP | Running Shoes,Footwear | Trail,11953,324,215.15,606.16,2.817
2024-01-08,MW,SP | Apparel,Apparel | Outerwear,14872,435,245.39,784.35,3.196
2024-01-08,MW,SP | Apparel,Apparel | Layers,12168,356,200.77,641.74,3.196
2024-01-08,MT,SP | Running Shoes,Footwear | Road,17332,465,311.98,796.0,2.551
2024-01-08,MT,SP | Running Shoes,Footwear | Trail,10623,285,191.21,487.87,2.551
2024-01-08,MT,SP | Apparel,Apparel | Outerwear,12197,328,201.26,662.85,3.294
2024-01-08,MT,SP | Apparel,Apparel | Layers,9980,268,164.67,542.34,3.294
2024-01-08,West Coast,SP | Running Shoes,Footwear | Road,20349,576,366.29,1132.76,3.093
2024-01-08,West Coast,SP | Running Shoes,Footwear | Trail,12472,353,224.5,694.27,3.093
2024-01-08,West Coast,SP | Apparel,Apparel | Outerwear,15620,419,257.74,854.95,3.317
2024-01-08,West Coast,SP | Apparel,Apparel | Layers,12780,342,210.88,699.5,3.317
2024-01-15,Northeast,SP | Running Shoes,Footwear | Road,20750,594,373.51,1027.16,2.75
2024-01-15,Northeast,SP | Running Shoes,Footwear | Trail,12718,364,228.92,629.55,2.75
2024-01-15,Northeast,SP | Apparel,Apparel | Outerwear,15343,450,253.16,733.22,2.896
2024-01-15,Northeast,SP | Apparel,Apparel | Layers,12553,368,207.13,599.91,2.896
2024-01-15,MA,SP | Running Shoes,Footwear | Road,16884,500,303.92,1033.7,3.401
2024-01-15,MA,SP | Running Shoes,Footwear | Trail,10348,306,186.27,633.56,3.401
2024-01-15,MA,SP | Apparel,Apparel | Outerwear,13133,363,216.7,762.59,3.519
2024-01-15,MA,SP | Apparel,Apparel | Layers,10745,297,177.3,623.93,3.519
2024-01-15,SE,SP | Running Shoes,Footwear | Road,15163,438,272.93,726.42,2.662
2024-01-15,SE,SP | Running Shoes,Footwear | Trail,9293,268,167.28,445.22,2.662
2024-01-15,SE,SP | Apparel,Apparel | Outerwear,11855,342,195.6,497.55,2.544
2024-01-15,SE,SP | Apparel,Apparel | Layers,9699,280,160.04,407.09,2.544
2024-01-15,MW,SP | Running Shoes,Footwear | Road,18034,487,324.61,1219.51,3.757
2024-01-15,MW,SP | Running Shoes,Footwear | Trail,11053,299,198.95,747.44,3.757
2024-01-15,MW,SP | Apparel,Apparel | Outerwear,12566,371,207.34,782.86,3.776
2024-01-15,MW,SP | Apparel,Apparel | Layers,10281,303,169.64,640.52,3.776
2024-01-15,MT,SP | Running Shoes,Footwear | Road,15572,424,280.3,774.28,2.762
2024-01-15,MT,SP | Running Shoes,Footwear | Trail,9544,260,171.8,474.56,2.762
2024-01-15,MT,SP | Apparel,Apparel | Outerwear,11737,329,193.66,636.25,3.285
2024-01-15,MT,SP | Apparel,Apparel | Layers,9603,270,158.45,520.57,3.285
2024-01-15,West Coast,SP | Running Shoes,Footwear | Road,19279,550,347.02,1197.22,3.45
2024-01-15,West Coast,SP | Running Shoes,Footwear | Trail,11816,337,212.69,733.78,3.45
2024-01-15,West Coast,SP | Apparel,Apparel | Outerwear,15849,461,261.5,761.52,2.912
2024-01-15,West Coast,SP | Apparel,Apparel | Layers,12967,377,213.95,623.06,2.912
2024-01-22,Northeast,SP | Running Shoes,Footwear | Road,18356,493,330.4,1130.28,3.421
2024-01-22,Northeast,SP | Running Shoes,Footwear | Trail,11250,302,202.51,692.75,3.421
2024-01-22,Northeast,SP | Apparel,Apparel | Outerwear,13600,364,224.41,626.3,2.791
2024-01-22,Northeast,SP | Apparel,Apparel | Layers,11128,298,183.61,512.42,2.791
2024-01-22,MA,SP | Running Shoes,Footwear | Road,20883,578,375.89,1086.1,2.889
2024-01-22,MA,SP | Running Shoes,Footwear | Trail,12799,355,230.38,665.68,2.889
2024-01-22,MA,SP | Apparel,Apparel | Outerwear,13104,349,216.22,561.47,2.597
2024-01-22,MA,SP | Apparel,Apparel | Layers,10722,286,176.91,459.39,2.597
2024-01-22,SE,SP | Running Shoes,Footwear | Road,17789,494,320.2,1071.07,3.345
2024-01-22,SE,SP | Running Shoes,Footwear | Trail,10903,303,196.25,656.46,3.345
2024-01-22,SE,SP | Apparel,Apparel | Outerwear,11368,300,187.58,588.79,3.139
2024-01-22,SE,SP | Apparel,Apparel | Layers,9301,245,153.47,481.74,3.139
2024-01-22,MW,SP | Running Shoes,Footwear | Road,17625,476,317.25,1073.09,3.382
2024-01-22,MW,SP | Running Shoes,Footwear | Trail,10802,292,194.44,657.7,3.382
2024-01-22,MW,SP | Apparel,Apparel | Outerwear,12413,332,204.81,537.33,2.624
2024-01-22,MW,SP | Apparel,Apparel | Layers,10156,272,167.57,439.64,2.624
2024-01-22,MT,SP | Running Shoes,Footwear | Road,13755,381,247.59,865.69,3.497
2024-01-22,MT,SP | Running Shoes,Footwear | Trail,8430,234,151.75,530.58,3.497
2024-01-22,MT,SP | Apparel,Apparel | Outerwear,10988,318,181.3,503.66,2.778
2024-01-22,MT,SP | Apparel,Apparel | Layers,8990,260,148.33,412.09,2.778
2024-01-22,West Coast,SP | Running Shoes,Footwear | Road,19210,553,345.79,1151.19,3.329
2024-01-22,West Coast,SP | Running Shoes,Footwear | Trail,11774,339,211.93,705.57,3.329
2024-01-22,West Coast,SP | Apparel,Apparel | Outerwear,17118,458,282.45,778.93,2.758
2024-01-22,West Coast,SP | Apparel,Apparel | Layers,14006,375,231.1,637.31,2.758
2024-01-29,Northeast,SP | Running Shoes,Footwear | Road,22352,611,402.33,1463.4,3.637
2024-01-29,Northeast,SP | Running Shoes,Footwear | Trail,13700,374,246.59,896.92,3.637
2024-01-29,Northeast,SP | Apparel,Apparel | Outerwear,15115,432,249.39,598.88,2.401
2024-01-29,Northeast,SP | Apparel,Apparel | Layers,12366,354,204.05,489.99,2.401
2024-01-29,MA,SP | Running Shoes,Footwear | Road,20873,549,375.72,1276.12,3.396
2024-01-29,MA,SP | Running Shoes,Footwear | Trail,12793,337,230.28,782.14,3.396
2024-01-29,MA,SP | Apparel,Apparel | Outerwear,15749,451,259.85,770.39,2.965
2024-01-29,MA,SP | Apparel,Apparel | Layers,12885,369,212.61,630.32,2.965
2024-01-29,SE,SP | Running Shoes,Footwear | Road,16041,454,288.74,1034.91,3.584
2024-01-29,SE,SP | Running Shoes,Footwear | Trail,9832,278,176.97,634.3,3.584
2024-01-29,SE,SP | Apparel,Apparel | Outerwear,11561,321,190.75,604.06,3.167
2024-01-29,SE,SP | Apparel,Apparel | Layers,9459,263,156.07,494.23,3.167
2024-01-29,MW,SP | Running Shoes,Footwear | Road,17948,479,323.06,901.24,2.79
2024-01-29,MW,SP | Running Shoes,Footwear | Trail,11000,293,198.01,552.37,2.79
2024-01-29,MW,SP | Apparel,Apparel | Outerwear,12938,366,213.47,527.1,2.469
2024-01-29,MW,SP | Apparel,Apparel | Layers,10585,300,174.66,431.26,2.469
2024-01-29,MT,SP | Running Shoes,Footwear | Road,15409,409,277.36,818.63,2.951
2024-01-29,MT,SP | Running Shoes,Footwear | Trail,9444,251,170.0,501.74,2.951
2024-01-29,MT,SP | Apparel,Apparel | Outerwear,10995,321,181.41,629.42,3.47
2024-01-29,MT,SP | Apparel,Apparel | Layers,8996,262,148.43,514.98,3.47
2024-01-29,West Coast,SP | Running Shoes,Footwear | Road,22925,625,412.64,1382.78,3.351
2024-01-29,West Coast,SP | Running Shoes,Footwear | Trail,14051,383,252.91,847.51,3.351
2024-01-29,West Coast,SP | Apparel,Apparel | Outerwear,17649,520,291.21,843.05,2.895
2024-01-29,West Coast,SP | Apparel,Apparel | Layers,14440,425,238.26,689.77,2.895
2024-02-05,Northeast,SP | Running Shoes,Footwear | Road,21899,641,394.19,998.97,2.534
2024-02-05,Northeast,SP | Running Shoes,Footwear | Trail,13422,393,241.6,612.27,2.534
2024-02-05,Northeast,SP | Apparel,Apparel | Outerwear,14187,379,234.08,640.34,2.736
2024-02-05,Northeast,SP | Apparel,Apparel | Layers,11607,310,191.52,523.91,2.736
2024-02-05,MA,SP | Running Shoes,Footwear | Road,17328,514,311.9,960.62,3.08
2024-02-05,MA,SP | Running Shoes,Footwear | Trail,10620,315,191.16,588.77,3.08
2024-02-05,MA,SP | Apparel,Apparel | Outerwear,15793,453,260.58,759.22,2.914
2024-02-05,MA,SP | Apparel,Apparel | Layers,12922,371,213.21,621.18,2.914
2024-02-05,SE,SP | Running Shoes,Footwear | Road,16295,439,293.32,996.82,3.398
2024-02-05,SE,SP | Running Shoes,Footwear | Trail,9987,269,179.77,610.95,3.398
2024-02-05,SE,SP | Apparel,Apparel | Outerwear,11636,320,191.99,506.51,2.638
2024-02-05,SE,SP | Apparel,Apparel | Layers,9520,262,157.08,414.42,2.638
2024-02-05,MW,SP | Running Shoes,Footwear | Road,16719,484,300.94,943.23,3.134
2024-02-05,MW,SP | Running Shoes,Footwear | Trail,10247,296,184.45,578.11,3.134
2024-02-05,MW,SP | Apparel,Apparel | Outerwear,12271,342,202.46,646.49,3.193
2024-02-05,MW,SP | Apparel,Apparel | Layers,10040,280,165.65,528.95,3.193
2024-02-05,MT,SP | Running Shoes,Footwear | Road,15221,427,273.98,949.71,3.466
2024-02-05,MT,SP | Running Shoes,Footwear | Trail,9329,261,167.92,582.08,3.466
2024-02-05,MT,SP | Apparel,Apparel | Outerwear,11673,323,192.6,709.4,3.683
2024-02-05,MT,SP | Apparel,Apparel | Layers,9550,264,157.58,580.42,3.683
2024-02-05,West Coast,SP | Running Shoes,Footwear | Road,22858,635,411.45,1471.17,3.576
2024-02-05,West Coast,SP | Running Shoes,Footwear | Trail,14010,389,252.18,901.69,3.576
2024-02-05,West Coast,SP | Apparel,Apparel | Outerwear,17906,481,295.45,846.5,2.865
2024-02-05,West Coast,SP | Apparel,Apparel | Layers,14651,394,241.73,692.59,2.865
2024-02-12,Northeast,SP | Running Shoes,Footwear | Road,22696,613,408.53,1018.79,2.494
2024-02-12,Northeast,SP | Running Shoes,Footwear | Trail,13911,376,250.39,624.42,2.494
2024-02-12,Northeast,SP | Apparel,Apparel | Outerwear,15082,447,248.85,898.55,3.611
2024-02-12,Northeast,SP | Apparel,Apparel | Layers,12340,366,203.6,735.18,3.611
2024-02-12,MA,SP | Running Shoes,Footwear | Road,18423,542,331.61,974.71,2.939
2024-02-12,MA,SP | Running Shoes,Footwear | Trail,11291,332,203.25,597.4,2.939
2024-02-12,MA,SP | Apparel,Apparel | Outerwear,15937,458,262.96,827.88,3.148
2024-02-12,MA,SP | Apparel,Apparel | Layers,13039,375,215.15,677.35,3.148
2024-02-12,SE,SP | Running Shoes,Footwear | Road,18509,547,333.16,851.79,2.557
2024-02-12,SE,SP | Running Shoes,Footwear | Trail,11344,335,204.19,522.06,2.557
2024-02-12,SE,SP | Apparel,Apparel | Outerwear,12413,337,204.81,639.58,3.123
2024-02-12,SE,SP | Apparel,Apparel | Layers,10156,276,167.57,523.29,3.123
2024-02-12,MW,SP | Running Shoes,Footwear | Road,18551,510,333.92,1213.72,3.635
2024-02-12,MW,SP | Running Shoes,Footwear | Trail,11370,312,204.66,743.89,3.635
2024-02-12,MW,SP | Apparel,Apparel | Outerwear,15253,438,251.68,617.65,2.454
2024-02-12,MW,SP | Apparel,Apparel | Layers,12480,358,205.92,505.35,2.454
2024-02-12,MT,SP | Running Shoes,Footwear | Road,16276,434,292.97,801.81,2.737
2024-02-12,MT,SP | Running Shoes,Footwear | Trail,9976,266,179.56,491.43,2.737
2024-02-12,MT,SP | Apparel,Apparel | Outerwear,12599,362,207.88,714.04,3.435
2024-02-12,MT,SP | Apparel,Apparel | Layers,10308,296,170.09,584.22,3.435
2024-02-12,West Coast,SP | Running Shoes,Footwear | Road,24330,654,437.94,1282.45,2.928
2024-02-12,West Coast,SP | Running Shoes,Footwear | Trail,14912,401,268.42,786.02,2.928
2024-02-12,West Coast,SP | Apparel,Apparel | Outerwear,17763,487,293.1,748.1,2.552
2024-02-12,West Coast,SP | Apparel,Apparel | Layers,14534,398,239.81,612.08,2.552
2024-02-19,Northeast,SP | Running Shoes,Footwear | Road,21154,585,380.78,1008.06,2.647
2024-02-19,Northeast,SP | Running Shoes,Footwear | Trail,12966,358,233.38,617.84,2.647
2024-02-19,Northeast,SP | Apparel,Apparel | Outerwear,15620,442,257.74,700.04,2.716
2024-02-19,Northeast,SP | Apparel,Apparel | Layers,12780,361,210.88,572.76,2.716
2024-02-19,MA,SP | Running Shoes,Footwear | Road,19912,538,358.42,1304.17,3.639
2024-02-19,MA,SP | Running Shoes,Footwear | Trail,12204,330,219.68,799.33,3.639
2024-02-19,MA,SP | Apparel,Apparel | Outerwear,14212,394,234.5,771.12,3.288
2024-02-19,MA,SP | Apparel,Apparel | Layers,11628,322,191.86,630.91,3.288
2024-02-19,SE,SP | Running Shoes,Footwear | Road,18202,497,327.63,936.55,2.859
2024-02-19,SE,SP | Running Shoes,Footwear | Trail,11156,305,200.81,574.02,2.859
2024-02-19,SE,SP | Apparel,Apparel | Outerwear,13549,398,223.56,585.69,2.62
2024-02-19,SE,SP | Apparel,Apparel | Layers,11086,325,182.91,479.2,2.62
2024-02-19,MW,SP | Running Shoes,Footwear | Road,16673,467,300.11,964.37,3.213
2024-02-19,MW,SP | Running Shoes,Footwear | Trail,10219,286,183.94,591.07,3.213
2024-02-19,MW,SP | Apparel,Apparel | Outerwear,15107,419,249.27,786.44,3.155
2024-02-19,MW,SP | Apparel,Apparel | Layers,12361,343,203.95,643.45,3.155
2024-02-19,MT,SP | Running Shoes,Footwear | Road,14662,390,263.92,779.51,2.954
2024-02-19,MT,SP | Running Shoes,Footwear | Trail,8987,239,161.76,477.77,2.954
2024-02-19,MT,SP | Apparel,Apparel | Outerwear,11647,330,192.18,595.72,3.1
2024-02-19,MT,SP | Apparel,Apparel | Layers,9529,270,157.24,487.41,3.1
2024-02-19,West Coast,SP | Running Shoes,Footwear | Road,21214,579,381.85,1251.69,3.278
2024-02-19,West Coast,SP | Running Shoes,Footwear | Trail,13002,355,234.04,767.16,3.278
2024-02-19,West Coast,SP | Apparel,Apparel | Outerwear,18134,498,299.21,1130.72,3.779
2024-02-19,West Coast,SP | Apparel,Apparel | Layers,14837,407,244.81,925.14,3.779
2024-02-26,Northeast,SP | Running Shoes,Footwear | Road,23657,642,425.82,1108.0,2.602
2024-02-26,Northeast,SP | Running Shoes,Footwear | Trail,14499,393,260.99,679.1,2.602
2024-02-26,Northeast,SP | Apparel,Apparel | Outerwear,17707,488,292.17,1097.36,3.756
2024-02-26,Northeast,SP | Apparel,Apparel | Layers,14488,399,239.05,897.84,3.756
2024-02-26,MA,SP | Running Shoes,Footwear | Road,18142,479,326.55,1185.16,3.629
2024-02-26,MA,SP | Running Shoes,Footwear | Trail,11119,294,200.15,726.39,3.629
2024-02-26,MA,SP | Apparel,Apparel | Outerwear,16220,433,267.63,924.1,3.453
2024-02-26,MA,SP | Apparel,Apparel | Layers,13271,354,218.97,756.08,3.453
2024-02-26,SE,SP | Running Shoes,Footwear | Road,16597,444,298.74,1078.42,3.61
2024-02-26,SE,SP | Running Shoes,Footwear | Trail,10172,272,183.1,660.96,3.61
2024-02-26,SE,SP | Apparel,Apparel | Outerwear,14745,396,243.29,698.0,2.869
2024-02-26,SE,SP | Apparel,Apparel | Layers,12064,324,199.06,571.09,2.869
2024-02-26,MW,SP | Running Shoes,Footwear | Road,18635,529,335.42,1146.64,3.418
2024-02-26,MW,SP | Running Shoes,Footwear | Trail,11421,324,205.58,702.78,3.418
2024-02-26,MW,SP | Apparel,Apparel | Outerwear,15152,444,250.0,680.5,2.722
2024-02-26,MW,SP | Apparel,Apparel | Layers,12397,363,204.55,556.77,2.722
2024-02-26,MT,SP | Running Shoes,Footwear | Road,16778,460,302.0,823.87,2.728
2024-02-26,MT,SP | Running Shoes,Footwear | Trail,10283,282,185.1,504.95,2.728
2024-02-26,MT,SP | Apparel,Apparel | Outerwear,11477,330,189.37,581.36,3.07
2024-02-26,MT,SP | Apparel,Apparel | Layers,9390,270,154.94,475.66,3.07
2024-02-26,West Coast,SP | Running Shoes,Footwear | Road,20825,581,374.85,1153.76,3.078
2024-02-26,West Coast,SP | Running Shoes,Footwear | Trail,12764,356,229.75,707.14,3.078
2024-02-26,West Coast,SP | Apparel,Apparel | Outerwear,17492,485,288.61,820.1,2.842
2024-02-26,West Coast,SP | Apparel,Apparel | Layers,14311,397,236.14,670.99,2.842
2024-03-04,Northeast,SP | Running Shoes,Footwear | Road,23515,622,423.27,1603.95,3.789
2024-03-04,Northeast,SP | Running Shoes,Footwear | Trail,14413,381,259.43,983.06,3.789
2024-03-04,Northeast,SP | Apparel,Apparel | Outerwear,16132,436,266.17,745.65,2.801
2024-03-04,Northeast,SP | Apparel,Apparel | Layers,13199,357,217.78,610.08,2.801
2024-03-04,MA,SP | Running Shoes,Footwear | Road,21402,616,385.24,1360.86,3.532
2024-03-04,MA,SP | Running Shoes,Footwear | Trail,13118,378,236.12,834.07,3.532
2024-03-04,MA,SP | Apparel,Apparel | Outerwear,16993,472,280.39,851.43,3.037
2024-03-04,MA,SP | Apparel,Apparel | Layers,13904,386,229.41,696.63,3.037
2024-03-04,SE,SP | Running Shoes,Footwear | Road,19210,507,345.78,1169.59,3.383
2024-03-04,SE,SP | Running Shoes,Footwear | Trail,11774,311,211.93,716.85,3.383
2024-03-04,SE,SP | Apparel,Apparel | Outerwear,14904,409,245.92,670.78,2.728
2024-03-04,SE,SP | Apparel,Apparel | Layers,12194,335,201.21,548.82,2.728
2024-03-04,MW,SP | Running Shoes,Footwear | Road,19877,550,357.79,931.32,2.603
2024-03-04,MW,SP | Running Shoes,Footwear | Trail,12183,337,219.29,570.81,2.603
2024-03-04,MW,SP | Apparel,Apparel | Outerwear,15070,397,248.66,708.44,2.849
2024-03-04,MW,SP | Apparel,Apparel | Layers,12330,325,203.45,579.63,2.849
2024-03-04,MT,SP | Running Shoes,Footwear | Road,18581,530,334.45,822.69,2.46
2024-03-04,MT,SP | Running Shoes,Footwear | Trail,11388,325,204.99,504.23,2.46
2024-03-04,MT,SP | Apparel,Apparel | Outerwear,13491,381,222.6,563.07,2.529
2024-03-04,MT,SP | Apparel,Apparel | Layers,11038,312,182.13,460.69,2.529
2024-03-04,West Coast,SP | Running Shoes,Footwear | Road,23103,614,415.85,1147.38,2.759
2024-03-04,West Coast,SP | Running Shoes,Footwear | Trail,14160,377,254.88,703.24,2.759
2024-03-04,West Coast,SP | Apparel,Apparel | Outerwear,16932,458,279.37,945.6,3.385
2024-03-04,West Coast,SP | Apparel,Apparel | Layers,13853,374,228.58,773.68,3.385
2024-03-11,Northeast,SP | Running Shoes,Footwear | Road,25050,721,450.89,1212.86,2.69
2024-03-11,Northeast,SP | Running Shoes,Footwear | Trail,15353,442,276.35,743.36,2.69
2024-03-11,Northeast,SP | Apparel,Apparel | Outerwear,19241,509,317.48,1066.04,3.358
2024-03-11,Northeast,SP | Apparel,Apparel | Layers,15743,417,259.75,872.22,3.358
2024-03-11,MA,SP | Running Shoes,Footwear | Road,22173,627,399.11,1001.28,2.509
2024-03-11,MA,SP | Running Shoes,Footwear | Trail,13590,385,244.61,613.69,2.509
2024-03-11,MA,SP | Apparel,Apparel | Outerwear,15170,438,250.31,827.59,3.306
2024-03-11,MA,SP | Apparel,Apparel | Layers,12412,358,204.8,677.12,3.306
2024-03-11,SE,SP | Running Shoes,Footwear | Road,20384,574,366.92,1235.41,3.367
2024-03-11,SE,SP | Running Shoes,Footwear | Trail,12494,352,224.89,757.19,3.367
2024-03-11,SE,SP | Apparel,Apparel | Outerwear,13561,361,223.75,545.46,2.438
2024-03-11,SE,SP | Apparel,Apparel | Layers,11095,296,183.07,446.28,2.438
2024-03-11,MW,SP | Running Shoes,Footwear | Road,20263,555,364.73,1153.0,3.161
2024-03-11,MW,SP | Running Shoes,Footwear | Trail,12419,340,223.54,706.68,3.161
2024-03-11,MW,SP | Apparel,Apparel | Outerwear,15519,454,256.06,826.9,3.229
2024-03-11,MW,SP | Apparel,Apparel | Layers,12697,371,209.5,676.56,3.229
2024-03-11,MT,SP | Running Shoes,Footwear | Road,15767,433,283.81,1043.42,3.677
2024-03-11,MT,SP | Running Shoes,Footwear | Trail,9664,265,173.95,639.52,3.677
2024-03-11,MT,SP | Apparel,Apparel | Outerwear,12740,359,210.22,649.93,3.092
2024-03-11,MT,SP | Apparel,Apparel | Layers,10424,294,172.0,531.76,3.092
2024-03-11,West Coast,SP | Running Shoes,Footwear | Road,22951,677,413.11,1231.74,2.982
2024-03-11,West Coast,SP | Running Shoes,Footwear | Trail,14067,415,253.2,754.94,2.982
2024-03-11,West Coast,SP | Apparel,Apparel | Outerwear,20791,569,343.05,1201.34,3.502
2024-03-11,West Coast,SP | Apparel,Apparel | Layers,17011,466,280.68,982.91,3.502
2024-03-18,Northeast,SP | Running Shoes,Footwear | Road,24119,712,434.15,1520.17,3.501
2024-03-18,Northeast,SP | Running Shoes,Footwear | Trail,14783,436,266.09,931.72,3.501
2024-03-18,Northeast,SP | Apparel,Apparel | Outerwear,21434,569,353.67,1029.93,2.912
2024-03-18,Northeast,SP | Apparel,Apparel | Layers,17537,465,289.36,842.67,2.912
2024-03-18,MA,SP | Running Shoes,Footwear | Road,26855,753,483.39,1578.38,3.265
2024-03-18,MA,SP | Running Shoes,Footwear | Trail,16459,462,296.27,967.39,3.265
2024-03-18,MA,SP | Apparel,Apparel | Outerwear,19366,510,319.54,998.29,3.124
2024-03-18,MA,SP | Apparel,Apparel | Layers,15845,417,261.44,816.78,3.124
2024-03-18,SE,SP | Running Shoes,Footwear | Road,21813,638,392.64,1164.34,2.965
2024-03-18,SE,SP | Running Shoes,Footwear | Trail,13369,391,240.65,713.63,2.965
2024-03-18,SE,SP | Apparel,Apparel | Outerwear,18286,499,301.73,900.76,2.985
2024-03-18,SE,SP | Apparel,Apparel | Layers,14962,408,246.87,736.99,2.985
2024-03-18,MW,SP | Running Shoes,Footwear | Road,21891,584,394.04,1273.23,3.231
2024-03-18,MW,SP | Running Shoes,Footwear | Trail,13417,358,241.51,780.37,3.231
2024-03-18,MW,SP | Apparel,Apparel | Outerwear,18554,494,306.14,898.3,2.934
2024-03-18,MW,SP | Apparel,Apparel | Layers,15181,404,250.48,734.97,2.934
2024-03-18,MT,SP | Running Shoes,Footwear | Road,17611,470,317.0,817.56,2.579
2024-03-18,MT,SP | Running Shoes,Footwear | Trail,10794,288,194.29,501.09,2.579
2024-03-18,MT,SP | Apparel,Apparel | Outerwear,15604,430,257.47,823.56,3.199
2024-03-18,MT,SP | Apparel,Apparel | Layers,12767,352,210.66,673.82,3.199
2024-03-18,West Coast,SP | Running Shoes,Footwear | Road,26759,705,481.67,1168.45,2.426
2024-03-18,West Coast,SP | Running Shoes,Footwear | Trail,16401,432,295.21,716.15,2.426
2024-03-18,West Coast,SP | Apparel,Apparel | Outerwear,20754,589,342.44,1025.79,2.996
2024-03-18,West Coast,SP | Apparel,Apparel | Layers,16981,482,280.18,839.28,2.996
2024-03-25,Northeast,SP | Running Shoes,Footwear | Road,25354,727,456.37,1564.06,3.427
2024-03-25,Northeast,SP | Running Shoes,Footwear | Trail,15540,446,279.71,958.62,3.427
2024-03-25,Northeast,SP | Apparel,Apparel | Outerwear,18273,486,301.51,1126.36,3.736
2024-03-25,Northeast,SP | Apparel,Apparel | Layers,14951,398,246.69,921.57,3.736
2024-03-25,MA,SP | Running Shoes,Footwear | Road,20964,582,377.35,971.38,2.574
2024-03-25,MA,SP | Running Shoes,Footwear | Trail,12849,357,231.28,595.36,2.574
2024-03-25,MA,SP | Apparel,Apparel | Outerwear,18771,540,309.72,1051.16,3.394
2024-03-25,MA,SP | Apparel,Apparel | Layers,15358,442,253.41,860.04,3.394
2024-03-25,SE,SP | Running Shoes,Footwear | Road,19754,537,355.57,1013.12,2.849
2024-03-25,SE,SP | Running Shoes,Footwear | Trail,12107,329,217.93,620.95,2.849
2024-03-25,SE,SP | Apparel,Apparel | Outerwear,13734,399,226.61,602.31,2.658
2024-03-25,SE,SP | Apparel,Apparel | Layers,11237,327,185.41,492.8,2.658
2024-03-25,MW,SP | Running Shoes,Footwear | Road,21856,595,393.41,1043.85,2.653
2024-03-25,MW,SP | Running Shoes,Footwear | Trail,13396,365,241.12,639.78,2.653
2024-03-25,MW,SP | Apparel,Apparel | Outerwear,16386,458,270.37,960.43,3.552
2024-03-25,MW,SP | Apparel,Apparel | Layers,13407,375,221.21,785.81,3.552
2024-03-25,MT,SP | Running Shoes,Footwear | Road,16733,473,301.2,862.31,2.863
2024-03-25,MT,SP | Running Shoes,Footwear | Trail,10256,290,184.61,528.51,2.863
2024-03-25,MT,SP | Apparel,Apparel | Outerwear,14243,386,235.0,827.31,3.52
2024-03-25,MT,SP | Apparel,Apparel | Layers,11653,316,192.27,676.89,3.52
2024-03-25,West Coast,SP | Running Shoes,Footwear | Road,24252,717,436.54,1480.99,3.393
2024-03-25,West Coast,SP | Running Shoes,Footwear | Trail,14864,439,267.56,907.7,3.393
2024-03-25,West Coast,SP | Apparel,Apparel | Outerwear,20378,538,336.24,951.33,2.829
2024-03-25,West Coast,SP | Apparel,Apparel | Layers,16673,440,275.11,778.36,2.829
2024-04-01,Northeast,SP | Running Shoes,Footwear | Road,25163,695,452.93,1286.66,2.841
2024-04-01,Northeast,SP | Running Shoes,Footwear | Trail,15422,426,277.6,788.6,2.841
2024-04-01,Northeast,SP | Apparel,Apparel | Outerwear,20392,566,336.47,1022.29,3.038
2024-04-01,Northeast,SP | Apparel,Apparel | Layers,16685,463,275.3,836.42,3.038
2024-04-01,MA,SP | Running Shoes,Footwear | Road,25637,760,461.46,1150.57,2.493
2024-04-01,MA,SP | Running Shoes,Footwear | Trail,15713,466,282.83,705.19,2.493
2024-04-01,MA,SP | Apparel,Apparel | Outerwear,17063,463,281.54,900.83,3.2
2024-04-01,MA,SP | Apparel,Apparel | Layers,13961,379,230.35,737.04,3.2
2024-04-01,SE,SP | Running Shoes,Footwear | Road,20647,568,371.64,1210.38,3.257
2024-04-01,SE,SP | Running Shoes,Footwear | Trail,12654,348,227.78,741.85,3.257
2024-04-01,SE,SP | Apparel,Apparel | Outerwear,13899,369,229.34,822.21,3.585
2024-04-01,SE,SP | Apparel,Apparel | Layers,11372,302,187.64,672.72,3.585
2024-04-01,MW,SP | Running Shoes,Footwear | Road,21791,635,392.24,1258.04,3.207
2024-04-01,MW,SP | Running Shoes,Footwear | Trail,13356,389,240.41,771.06,3.207
2024-04-01,MW,SP | Apparel,Apparel | Outerwear,14443,403,238.3,784.64,3.293
2024-04-01,MW,SP | Apparel,Apparel | Layers,11817,330,194.98,641.98,3.293
2024-04-01,MT,SP | Running Shoes,Footwear | Road,16357,438,294.43,1109.2,3.767
2024-04-01,MT,SP | Running Shoes,Footwear | Trail,10025,268,180.46,679.83,3.767
2024-04-01,MT,SP | Apparel,Apparel | Outerwear,14442,411,238.29,872.61,3.662
2024-04-01,MT,SP | Apparel,Apparel | Layers,11816,337,194.96,713.95,3.662
2024-04-01,West Coast,SP | Running Shoes,Footwear | Road,25821,687,464.77,1130.13,2.432
2024-04-01,West Coast,SP | Running Shoes,Footwear | Trail,15826,421,284.86,692.66,2.432
2024-04-01,West Coast,SP | Apparel,Apparel | Outerwear,20390,585,336.44,1129.13,3.356
2024-04-01,West Coast,SP | Apparel,Apparel | Layers,16683,479,275.27,923.83,3.356
2024-04-08,Northeast,SP | Running Shoes,Footwear | Road,25279,740,455.02,1313.99,2.888
2024-04-08,Northeast,SP | Running Shoes,Footwear | Trail,15494,453,278.88,805.35,2.888
2024-04-08,Northeast,SP | Apparel,Apparel | Outerwear,19360,558,319.44,972.17,3.043
2024-04-08,Northeast,SP | Apparel,Apparel | Layers,15840,457,261.36,795.41,3.043
2024-04-08,MA,SP | Running Shoes,Footwear | Road,22105,590,397.89,1448.76,3.641
2024-04-08,MA,SP | Running Shoes,Footwear | Trail,13548,361,243.87,887.95,3.641
2024-04-08,MA,SP | Apparel,Apparel | Outerwear,19003,563,313.55,818.54,2.611
2024-04-08,MA,SP | Apparel,Apparel | Layers,15548,461,256.54,669.71,2.611
2024-04-08,SE,SP | Running Shoes,Footwear | Road,20537,587,369.67,1182.31,3.198
2024-04-08,SE,SP | Running Shoes,Footwear | Trail,12587,359,226.57,724.64,3.198
2024-04-08,SE,SP | Apparel,Apparel | Outerwear,15552,419,256.6,716.15,2.791
2024-04-08,SE,SP | Apparel,Apparel | Layers,12724,343,209.95,585.94,2.791
2024-04-08,MW,SP | Running Shoes,Footwear | Road,21419,608,385.54,1252.75,3.249
2024-04-08,MW,SP | Running Shoes,Footwear | Trail,13128,373,236.3,767.81,3.249
2024-04-08,MW,SP | Apparel,Apparel | Outerwear,17547,491,289.52,830.44,2.868
2024-04-08,MW,SP | Apparel,Apparel | Layers,14356,402,236.88,679.45,2.868
2024-04-08,MT,SP | Running Shoes,Footwear | Road,18718,518,336.92,838.97,2.49
2024-04-08,MT,SP | Running Shoes,Footwear | Trail,11472,317,206.5,514.2,2.49
2024-04-08,MT,SP | Apparel,Apparel | Outerwear,14613,408,241.11,789.54,3.275
2024-04-08,MT,SP | Apparel,Apparel | Layers,11956,333,197.27,645.98,3.275
2024-04-08,West Coast,SP | Running Shoes,Footwear | Road,26855,775,483.38,1459.27,3.019
2024-04-08,West Coast,SP | Running Shoes,Footwear | Trail,16459,475,296.27,894.39,3.019
2024-04-08,West Coast,SP | Apparel,Apparel | Outerwear,19114,560,315.38,895.47,2.839
2024-04-08,West Coast,SP | Apparel,Apparel | Layers,15639,458,258.04,732.66,2.839
2024-04-15,Northeast,SP | Running Shoes,Footwear | Road,25807,683,464.53,1683.63,3.624
2024-04-15,Northeast,SP | Running Shoes,Footwear | Trail,15817,419,284.71,1031.9,3.624
2024-04-15,Northeast,SP | Apparel,Apparel | Outerwear,20554,570,339.14,879.92,2.595
2024-04-15,Northeast,SP | Apparel,Apparel | Layers,16817,467,277.48,719.93,2.595
2024-04-15,MA,SP | Running Shoes,Footwear | Road,25813,764,464.64,1348.86,2.903
2024-04-15,MA,SP | Running Shoes,Footwear | Trail,15821,468,284.78,826.72,2.903
2024-04-15,MA,SP | Apparel,Apparel | Outerwear,19669,526,324.54,796.86,2.455
2024-04-15,MA,SP | Apparel,Apparel | Layers,16093,430,265.53,651.98,2.455
2024-04-15,SE,SP | Running Shoes,Footwear | Road,19864,581,357.56,1286.71,3.599
2024-04-15,SE,SP | Running Shoes,Footwear | Trail,12175,356,219.15,788.63,3.599
2024-04-15,SE,SP | Apparel,Apparel | Outerwear,15450,412,254.93,940.04,3.687
2024-04-15,SE,SP | Apparel,Apparel | Layers,12641,337,208.58,769.12,3.687
2024-04-15,MW,SP | Running Shoes,Footwear | Road,21370,583,384.66,940.57,2.445
2024-04-15,MW,SP | Running Shoes,Footwear | Trail,13098,357,235.76,576.48,2.445
2024-04-15,MW,SP | Apparel,Apparel | Outerwear,16171,445,266.82,963.06,3.609
2024-04-15,MW,SP | Apparel,Apparel | Layers,13231,364,218.31,787.96,3.609
2024-04-15,MT,SP | Running Shoes,Footwear | Road,18076,535,325.36,838.8,2.578
2024-04-15,MT,SP | Running Shoes,Footwear | Trail,11079,328,199.42,514.1,2.578
2024-04-15,MT,SP | Apparel,Apparel | Outerwear,12446,362,205.36,586.71,2.857
2024-04-15,MT,SP | Apparel,Apparel | Layers,10183,296,168.02,480.03,2.857
2024-04-15,West Coast,SP | Running Shoes,Footwear | Road,27448,783,494.06,1492.71,3.021
2024-04-15,West Coast,SP | Running Shoes,Footwear | Trail,16823,480,302.81,914.89,3.021
2024-04-15,West Coast,SP | Apparel,Apparel | Outerwear,20063,531,331.04,801.79,2.422
2024-04-15,West Coast,SP | Apparel,Apparel | Layers,16415,435,270.85,656.01,2.422
2024-04-22,Northeast,SP | Running Shoes,Footwear | Road,26113,713,470.04,1371.04,2.917
2024-04-22,Northeast,SP | Running Shoes,Footwear | Trail,16005,437,288.09,840.31,2.917
2024-04-22,Northeast,SP | Apparel,Apparel | Outerwear,19367,565,319.55,904.07,2.829
2024-04-22,Northeast,SP | Apparel,Apparel | Layers,15846,462,261.45,739.69,2.829
2024-04-22,MA,SP | Running Shoes,Footwear | Road,22675,650,408.16,1159.57,2.841
2024-04-22,MA,SP | Running Shoes,Footwear | Trail,13898,398,250.16,710.7,2.841
2024-04-22,MA,SP | Apparel,Apparel | Outerwear,16343,437,269.66,775.19,2.875
2024-04-22,MA,SP | Apparel,Apparel | Layers,13372,358,220.63,634.25,2.875
2024-04-22,SE,SP | Running Shoes,Footwear | Road,18929,518,340.72,1077.3,3.162
2024-04-22,SE,SP | Running Shoes,Footwear | Trail,11602,317,208.83,660.28,3.162
2024-04-22,SE,SP | Apparel,Apparel | Outerwear,15808,427,260.82,636.23,2.439
2024-04-22,SE,SP | Apparel,Apparel | Layers,12933,350,213.4,520.55,2.439
2024-04-22,MW,SP | Running Shoes,Footwear | Road,22750,633,409.5,1396.39,3.41
2024-04-22,MW,SP | Running Shoes,Footwear | Trail,13943,388,250.98,855.85,3.41
2024-04-22,MW,SP | Apparel,Apparel | Outerwear,17562,509,289.78,1030.54,3.556
2024-04-22,MW,SP | Apparel,Apparel | Layers,14369,417,237.09,843.17,3.556
2024-04-22,MT,SP | Running Shoes,Footwear | Road,18889,512,340.0,1276.53,3.754
2024-04-22,MT,SP | Running Shoes,Footwear | Trail,11577,314,208.39,782.39,3.754
2024-04-22,MT,SP | Apparel,Apparel | Outerwear,13794,402,227.59,633.11,2.782
2024-04-22,MT,SP | Apparel,Apparel | Layers,11286,329,186.21,518.0,2.782
2024-04-22,West Coast,SP | Running Shoes,Footwear | Road,28033,754,504.59,1418.72,2.812
2024-04-22,West Coast,SP | Running Shoes,Footwear | Trail,17181,462,309.26,869.54,2.812
2024-04-22,West Coast,SP | Apparel,Apparel | Outerwear,19108,515,315.28,1053.65,3.342
2024-04-22,West Coast,SP | Apparel,Apparel | Layers,15634,422,257.96,862.08,3.342
2024-04-29,Northeast,SP | Running Shoes,Footwear | Road,23999,649,431.98,1278.56,2.96
2024-04-29,Northeast,SP | Running Shoes,Footwear | Trail,14709,398,264.76,783.63,2.96
2024-04-29,Northeast,SP | Apparel,Apparel | Outerwear,18508,536,305.38,1097.79,3.595
2024-04-29,Northeast,SP | Apparel,Apparel | Layers,15143,439,249.86,898.19,3.595
2024-04-29,MA,SP | Running Shoes,Footwear | Road,23306,682,419.5,1138.55,2.714
2024-04-29,MA,SP | Running Shoes,Footwear | Trail,14284,418,257.11,697.82,2.714
2024-04-29,MA,SP | Apparel,Apparel | Outerwear,18835,557,310.79,915.17,2.945
2024-04-29,MA,SP | Apparel,Apparel | Layers,15411,455,254.28,748.78,2.945
2024-04-29,SE,SP | Running Shoes,Footwear | Road,20924,588,376.64,918.93,2.44
2024-04-29,SE,SP | Running Shoes,Footwear | Trail,12825,360,230.84,563.22,2.44
2024-04-29,SE,SP | Apparel,Apparel | Outerwear,14665,424,241.97,655.64,2.71
2024-04-29,SE,SP | Apparel,Apparel | Layers,11999,347,197.98,536.44,2.71
2024-04-29,MW,SP | Running Shoes,Footwear | Road,21894,615,394.1,1369.52,3.475
2024-04-29,MW,SP | Running Shoes,Footwear | Trail,13419,377,241.54,839.38,3.475
2024-04-29,MW,SP | Apparel,Apparel | Outerwear,16596,466,273.83,701.83,2.563
2024-04-29,MW,SP | Apparel,Apparel | Layers,13579,381,224.05,574.22,2.563
2024-04-29,MT,SP | Running Shoes,Footwear | Road,20037,579,360.67,1020.84,2.83
2024-04-29,MT,SP | Running Shoes,Footwear | Trail,12281,355,221.05,625.67,2.83
2024-04-29,MT,SP | Apparel,Apparel | Outerwear,13252,378,218.66,637.93,2.917
2024-04-29,MT,SP | Apparel,Apparel | Layers,10842,309,178.9,521.94,2.917
2024-04-29,West Coast,SP | Running Shoes,Footwear | Road,28691,848,516.44,1260.6,2.441
2024-04-29,West Coast,SP | Running Shoes,Footwear | Trail,17585,520,316.53,772.63,2.441
2024-04-29,West Coast,SP | Apparel,Apparel | Outerwear,20493,557,338.14,1082.41,3.201
2024-04-29,West Coast,SP | Apparel,Apparel | Layers,16767,456,276.66,885.61,3.201
2024-05-06,Northeast,SP | Running Shoes,Footwear | Road,27151,798,488.73,1772.87,3.628
2024-05-06,Northeast,SP | Running Shoes,Footwear | Trail,16641,489,299.54,1086.6,3.628
2024-05-06,Northeast,SP | Apparel,Apparel | Outerwear,17690,489,291.88,1022.15,3.502
2024-05-06,Northeast,SP | Apparel,Apparel | Layers,14473,400,238.81,836.31,3.502
2024-05-06,MA,SP | Running Shoes,Footwear | Road,25876,754,465.77,1270.26,2.727
2024-05-06,MA,SP | Running Shoes,Footwear | Trail,15860,462,285.47,778.55,2.727
2024-05-06,MA,SP | Apparel,Apparel | Outerwear,17259,498,284.77,840.22,2.951
2024-05-06,MA,SP | Apparel,Apparel | Layers,14121,408,232.99,687.45,2.951
2024-05-06,SE,SP | Running Shoes,Footwear | Road,22056,639,397.01,1361.07,3.428
2024-05-06,SE,SP | Running Shoes,Footwear | Trail,13518,391,243.33,834.2,3.428
2024-05-06,SE,SP | Apparel,Apparel | Outerwear,16630,447,274.4,845.82,3.082
2024-05-06,SE,SP | Apparel,Apparel | Layers,13607,366,224.51,692.03,3.082
2024-05-06,MW,SP | Running Shoes,Footwear | Road,23617,643,425.11,1455.79,3.424
2024-05-06,MW,SP | Running Shoes,Footwear | Trail,14475,394,260.55,892.26,3.424
2024-05-06,MW,SP | Apparel,Apparel | Outerwear,18088,536,298.46,735.21,2.463
2024-05-06,MW,SP | Apparel,Apparel | Layers,14800,439,244.19,601.53,2.463
2024-05-06,MT,SP | Running Shoes,Footwear | Road,17172,503,309.1,1022.48,3.308
2024-05-06,MT,SP | Running Shoes,Footwear | Trail,10525,308,189.45,626.68,3.308
2024-05-06,MT,SP | Apparel,Apparel | Outerwear,14504,426,239.31,742.07,3.101
2024-05-06,MT,SP | Apparel,Apparel | Layers,11867,349,195.8,607.15,3.101
2024-05-06,West Coast,SP | Running Shoes,Footwear | Road,26639,742,479.51,1362.15,2.841
2024-05-06,West Coast,SP | Running Shoes,Footwear | Trail,16327,455,293.89,834.86,2.841
2024-05-06,West Coast,SP | Apparel,Apparel | Outerwear,20302,592,334.99,1173.56,3.503
2024-05-06,West Coast,SP | Apparel,Apparel | Layers,16611,485,274.08,960.18,3.503
2024-05-13,Northeast,SP | Running Shoes,Footwear | Road,26371,758,474.67,1790.17,3.771
2024-05-13,Northeast,SP | Running Shoes,Footwear | Trail,16163,465,290.93,1097.2,3.771
2024-05-13,Northeast,SP | Apparel,Apparel | Outerwear,20030,568,330.5,1156.58,3.5
2024-05-13,Northeast,SP | Apparel,Apparel | Layers,16388,464,270.41,946.29,3.5
2024-05-13,MA,SP | Running Shoes,Footwear | Road,22829,647,410.92,1042.68,2.537
2024-05-13,MA,SP | Running Shoes,Footwear | Trail,13992,397,251.85,639.06,2.537
2024-05-13,MA,SP | Apparel,Apparel | Outerwear,17410,471,287.26,725.09,2.524
2024-05-13,MA,SP | Apparel,Apparel | Layers,14244,386,235.03,593.25,2.524
2024-05-13,SE,SP | Running Shoes,Footwear | Road,20664,579,371.95,1387.56,3.73
2024-05-13,SE,SP | Running Shoes,Footwear | Trail,12665,355,227.97,850.44,3.73
2024-05-13,SE,SP | Apparel,Apparel | Outerwear,17029,500,280.99,793.21,2.823
2024-05-13,SE,SP | Apparel,Apparel | Layers,13933,409,229.9,648.99,2.823
2024-05-13,MW,SP | Running Shoes,Footwear | Road,21630,577,389.34,1282.85,3.295
2024-05-13,MW,SP | Running Shoes,Footwear | Trail,13257,354,238.63,786.26,3.295
2024-05-13,MW,SP | Apparel,Apparel | Outerwear,16007,455,264.11,974.48,3.69
2024-05-13,MW,SP | Apparel,Apparel | Layers,13096,372,216.09,797.3,3.69
2024-05-13,MT,SP | Running Shoes,Footwear | Road,20826,618,374.87,1213.09,3.236
2024-05-13,MT,SP | Running Shoes,Footwear | Trail,12764,379,229.76,743.51,3.236
2024-05-13,MT,SP | Apparel,Apparel | Outerwear,13026,355,214.93,598.29,2.784
2024-05-13,MT,SP | Apparel,Apparel | Layers,10657,291,175.85,489.51,2.784
2024-05-13,West Coast,SP | Running Shoes,Footwear | Road,30292,846,545.26,2027.8,3.719
2024-05-13,West Coast,SP | Running Shoes,Footwear | Trail,18566,518,334.19,1242.85,3.719
2024-05-13,West Coast,SP | Apparel,Apparel | Outerwear,20794,584,343.1,841.85,2.454
2024-05-13,West Coast,SP | Apparel,Apparel | Layers,17013,478,280.72,688.79,2.454
2024-05-20,Northeast,SP | Running Shoes,Footwear | Road,27248,786,490.46,1613.22,3.289
2024-05-20,Northeast,SP | Running Shoes,Footwear | Trail,16700,482,300.61,988.75,3.289
2024-05-20,Northeast,SP | Apparel,Apparel | Outerwear,17622,514,290.76,1060.54,3.647
2024-05-20,Northeast,SP | Apparel,Apparel | Layers,14418,420,237.89,867.71,3.647
2024-05-20,MA,SP | Running Shoes,Footwear | Road,26377,709,474.78,1752.64,3.691
2024-05-20,MA,SP | Running Shoes,Footwear | Trail,16166,435,291.0,1074.2,3.691
2024-05-20,MA,SP | Apparel,Apparel | Outerwear,18038,482,297.63,802.57,2.697
2024-05-20,MA,SP | Apparel,Apparel | Layers,14758,395,243.51,656.65,2.697
2024-05-20,SE,SP | Running Shoes,Footwear | Road,20820,566,374.75,983.87,2.625
2024-05-20,SE,SP | Running Shoes,Footwear | Trail,12760,347,229.69,603.02,2.625
2024-05-20,SE,SP | Apparel,Apparel | Outerwear,17650,493,291.22,918.37,3.154
2024-05-20,SE,SP | Apparel,Apparel | Layers,14441,403,238.27,751.39,3.154
2024-05-20,MW,SP | Running Shoes,Footwear | Road,20161,585,362.91,1360.04,3.748
2024-05-20,MW,SP | Running Shoes,Footwear | Trail,12357,358,222.43,833.57,3.748
2024-05-20,MW,SP | Apparel,Apparel | Outerwear,16989,487,280.32,1043.41,3.722
2024-05-20,MW,SP | Apparel,Apparel | Layers,13900,399,229.35,853.7,3.722
2024-05-20,MT,SP | Running Shoes,Footwear | Road,19477,532,350.59,969.83,2.766
2024-05-20,MT,SP | Running Shoes,Footwear | Trail,11938,326,214.88,594.41,2.766
2024-05-20,MT,SP | Apparel,Apparel | Outerwear,15007,439,247.61,935.67,3.779
2024-05-20,MT,SP | Apparel,Apparel | Layers,12278,359,202.59,765.55,3.779
2024-05-20,West Coast,SP | Running Shoes,Footwear | Road,29192,844,525.45,1884.51,3.586
2024-05-20,West Coast,SP | Running Shoes,Footwear | Trail,17892,517,322.05,1155.02,3.586
2024-05-20,West Coast,SP | Apparel,Apparel | Outerwear,20470,598,337.76,999.83,2.96
2024-05-20,West Coast,SP | Apparel,Apparel | Layers,16748,489,276.35,818.04,2.96
2024-05-27,Northeast,SP | Running Shoes,Footwear | Road,26208,692,471.74,1297.8,2.751
2024-05-27,Northeast,SP | Running Shoes,Footwear | Trail,16063,424,289.13,795.42,2.751
2024-05-27,Northeast,SP | Apparel,Apparel | Outerwear,20109,584,331.8,1166.37,3.515
2024-05-27,Northeast,SP | Apparel,Apparel | Layers,16453,478,271.47,954.31,3.515
2024-05-27,MA,SP | Running Shoes,Footwear | Road,28913,771,520.44,1919.71,3.689
2024-05-27,MA,SP | Running Shoes,Footwear | Trail,17721,473,318.98,1176.6,3.689
2024-05-27,MA,SP | Apparel,Apparel | Outerwear,18343,499,302.65,923.9,3.053
2024-05-27,MA,SP | Apparel,Apparel | Layers,15008,408,247.62,755.92,3.053
2024-05-27,SE,SP | Running Shoes,Footwear | Road,25102,702,451.84,1453.5,3.217
2024-05-27,SE,SP | Running Shoes,Footwear | Trail,15385,430,276.94,890.86,3.217
2024-05-27,SE,SP | Apparel,Apparel | Outerwear,16902,455,278.88,946.67,3.395
2024-05-27,SE,SP | Apparel,Apparel | Layers,13829,373,228.18,774.55,3.395
2024-05-27,MW,SP | Running Shoes,Footwear | Road,26001,763,468.01,1632.72,3.489
2024-05-27,MW,SP | Running Shoes,Footwear | Trail,15936,468,286.85,1000.7,3.489
2024-05-27,MW,SP | Apparel,Apparel | Outerwear,19612,554,323.6,941.71,2.91
2024-05-27,MW,SP | Apparel,Apparel | Layers,16046,454,264.77,770.49,2.91
2024-05-27,MT,SP | Running Shoes,Footwear | Road,19843,579,357.17,1184.67,3.317
2024-05-27,MT,SP | Running Shoes,Footwear | Trail,12162,355,218.91,726.09,3.317
2024-05-27,MT,SP | Apparel,Apparel | Outerwear,16934,497,279.41,978.74,3.503
2024-05-27,MT,SP | Apparel,Apparel | Layers,13855,406,228.61,800.79,3.503
2024-05-27,West Coast,SP | Running Shoes,Footwear | Road,31253,856,562.56,1886.47,3.353
2024-05-27,West Coast,SP | Running Shoes,Footwear | Trail,19155,525,344.8,1156.22,3.353
2024-05-27,West Coast,SP | Apparel,Apparel | Outerwear,20283,542,334.66,823.26,2.46
2024-05-27,West Coast,SP | Apparel,Apparel | Layers,16595,443,273.81,673.58,2.46
2024-06-03,Northeast,SP | Running Shoes,Footwear | Road,23846,669,429.23,1407.07,3.278
2024-06-03,Northeast,SP | Running Shoes,Footwear | Trail,14615,410,263.08,862.4,3.278
2024-06-03,Northeast,SP | Apparel,Apparel | Outerwear,19985,562,329.76,907.15,2.751
2024-06-03,Northeast,SP | Apparel,Apparel | Layers,16352,460,269.8,742.21,2.751
2024-06-03,MA,SP | Running Shoes,Footwear | Road,20100,562,361.8,1047.57,2.895
2024-06-03,MA,SP | Running Shoes,Footwear | Trail,12319,345,221.75,642.06,2.895
2024-06-03,MA,SP | Apparel,Apparel | Outerwear,15435,427,254.67,873.37,3.429
2024-06-03,MA,SP | Apparel,Apparel | Layers,12628,349,208.37,714.58,3.429
2024-06-03,SE,SP | Running Shoes,Footwear | Road,21418,607,385.53,1154.77,2.995
2024-06-03,SE,SP | Running Shoes,Footwear | Trail,13127,372,236.29,707.76,2.995
2024-06-03,SE,SP | Apparel,Apparel | Outerwear,14064,388,232.05,867.79,3.74
2024-06-03,SE,SP | Apparel,Apparel | Layers,11507,317,189.86,710.01,3.74
2024-06-03,MW,SP | Running Shoes,Footwear | Road,21583,595,388.5,1326.89,3.415
2024-06-03,MW,SP | Running Shoes,Footwear | Trail,13229,365,238.11,813.26,3.415
2024-06-03,MW,SP | Apparel,Apparel | Outerwear,14529,424,239.72,715.7,2.986
2024-06-03,MW,SP | Apparel,Apparel | Layers,11887,347,196.14,585.57,2.986
2024-06-03,MT,SP | Running Shoes,Footwear | Road,16013,428,288.24,828.25,2.873
2024-06-03,MT,SP | Running Shoes,Footwear | Trail,9815,262,176.66,507.64,2.873
2024-06-03,MT,SP | Apparel,Apparel | Outerwear,14200,375,234.29,587.86,2.509
2024-06-03,MT,SP | Apparel,Apparel | Layers,11618,307,191.7,480.97,2.509
2024-06-03,West Coast,SP | Running Shoes,Footwear | Road,26649,777,479.68,1471.82,3.068
2024-06-03,West Coast,SP | Running Shoes,Footwear | Trail,16333,476,294.0,902.08,3.068
2024-06-03,West Coast,SP | Apparel,Apparel | Outerwear,18554,510,306.13,878.84,2.871
2024-06-03,West Coast,SP | Apparel,Apparel | Layers,15180,417,250.47,719.05,2.871
2024-06-10,Northeast,SP | Running Shoes,Footwear | Road,23909,652,430.37,1256.57,2.92
2024-06-10,Northeast,SP | Running Shoes,Footwear | Trail,14654,400,263.77,770.15,2.92
2024-06-10,Northeast,SP | Apparel,Apparel | Outerwear,19230,512,317.29,863.78,2.722
2024-06-10,Northeast,SP | Apparel,Apparel | Layers,15733,419,259.6,706.73,2.722
2024-06-10,MA,SP | Running Shoes,Footwear | Road,22665,628,407.97,1116.86,2.738
2024-06-10,MA,SP | Running Shoes,Footwear | Trail,13891,385,250.05,684.53,2.738
2024-06-10,MA,SP | Apparel,Apparel | Outerwear,16088,436,265.45,676.29,2.548
2024-06-10,MA,SP | Apparel,Apparel | Layers,13163,357,217.18,553.33,2.548
2024-06-10,SE,SP | Running Shoes,Footwear | Road,18866,509,339.58,899.82,2.65
2024-06-10,SE,SP | Running Shoes,Footwear | Trail,11563,312,208.13,551.5,2.65
2024-06-10,SE,SP | Apparel,Apparel | Outerwear,13588,368,224.2,595.22,2.655
2024-06-10,SE,SP | Apparel,Apparel | Layers,11117,301,183.44,487.0,2.655
2024-06-10,MW,SP | Running Shoes,Footwear | Road,19585,576,352.53,1137.74,3.227
2024-06-10,MW,SP | Running Shoes,Footwear | Trail,12004,353,216.07,697.33,3.227
2024-06-10,MW,SP | Apparel,Apparel | Outerwear,15332,437,252.98,895.78,3.541
2024-06-10,MW,SP | Apparel,Apparel | Layers,12544,357,206.98,732.91,3.541
2024-06-10,MT,SP | Running Shoes,Footwear | Road,17407,494,313.33,1036.27,3.307
2024-06-10,MT,SP | Running Shoes,Footwear | Trail,10669,303,192.04,635.14,3.307
2024-06-10,MT,SP | Apparel,Apparel | Outerwear,14302,409,235.98,679.4,2.879
2024-06-10,MT,SP | Apparel,Apparel | Layers,11701,334,193.07,555.88,2.879
2024-06-10,West Coast,SP | Running Shoes,Footwear | Road,26502,766,477.04,1214.65,2.546
2024-06-10,West Coast,SP | Running Shoes,Footwear | Trail,16243,470,292.38,744.46,2.546
2024-06-10,West Coast,SP | Apparel,Apparel | Outerwear,19046,556,314.26,950.11,3.023
2024-06-10,West Coast,SP | Apparel,Apparel | Layers,15583,455,257.12,777.36,3.023
2024-06-17,Northeast,SP | Running Shoes,Footwear | Road,22769,642,409.84,1282.46,3.129
2024-06-17,Northeast,SP | Running Shoes,Footwear | Trail,13955,394,251.2,786.03,3.129
2024-06-17,Northeast,SP | Apparel,Apparel | Outerwear,18804,505,310.27,961.15,3.098
2024-06-17,Northeast,SP | Apparel,Apparel | Layers,15385,413,253.86,786.4,3.098
2024-06-17,MA,SP | Running Shoes,Footwear | Road,23058,674,415.05,1556.89,3.751
2024-06-17,MA,SP | Running Shoes,Footwear | Trail,14133,413,254.39,954.22,3.751
2024-06-17,MA,SP | Apparel,Apparel | Outerwear,15274,437,252.02,671.45,2.664
2024-06-17,MA,SP | Apparel,Apparel | Layers,12497,358,206.2,549.37,2.664
2024-06-17,SE,SP | Running Shoes,Footwear | Road,19375,519,348.76,1144.26,3.281
2024-06-17,SE,SP | Running Shoes,Footwear | Trail,11875,318,213.75,701.32,3.281
2024-06-17,SE,SP | Apparel,Apparel | Outerwear,14200,415,234.3,687.74,2.935
2024-06-17,SE,SP | Apparel,Apparel | Layers,11618,340,191.7,562.69,2.935
2024-06-17,MW,SP | Running Shoes,Footwear | Road,18560,528,334.08,948.7,2.84
2024-06-17,MW,SP | Running Shoes,Footwear | Trail,11375,323,204.76,581.46,2.84
2024-06-17,MW,SP | Apparel,Apparel | Outerwear,17060,474,281.48,1001.74,3.559
2024-06-17,MW,SP | Apparel,Apparel | Layers,13958,388,230.31,819.61,3.559
2024-06-17,MT,SP | Running Shoes,Footwear | Road,19112,527,344.01,1137.46,3.306
2024-06-17,MT,SP | Running Shoes,Footwear | Trail,11714,323,210.84,697.15,3.306
2024-06-17,MT,SP | Apparel,Apparel | Outerwear,14534,391,239.82,733.03,3.057
2024-06-17,MT,SP | Apparel,Apparel | Layers,11892,320,196.21,599.75,3.057
2024-06-17,West Coast,SP | Running Shoes,Footwear | Road,27580,758,496.43,1359.4,2.738
2024-06-17,West Coast,SP | Running Shoes,Footwear | Trail,16904,464,304.27,833.18,2.738
2024-06-17,West Coast,SP | Apparel,Apparel | Outerwear,19081,517,314.84,1044.76,3.318
2024-06-17,West Coast,SP | Apparel,Apparel | Layers,15612,423,257.6,854.8,3.318
2024-06-24,Northeast,SP | Running Shoes,Footwear | Road,22873,630,411.71,1423.39,3.457
2024-06-24,Northeast,SP | Running Shoes,Footwear | Trail,14019,386,252.34,872.4,3.457
2024-06-24,Northeast,SP | Apparel,Apparel | Outerwear,18366,533,303.04,898.84,2.966
2024-06-24,Northeast,SP | Apparel,Apparel | Layers,15027,436,247.94,735.41,2.966
2024-06-24,MA,SP | Running Shoes,Footwear | Road,22088,620,397.58,1490.16,3.748
2024-06-24,MA,SP | Running Shoes,Footwear | Trail,13538,380,243.68,913.32,3.748
2024-06-24,MA,SP | Apparel,Apparel | Outerwear,15097,410,249.11,939.83,3.773
2024-06-24,MA,SP | Apparel,Apparel | Layers,12352,335,203.81,768.95,3.773
2024-06-24,SE,SP | Running Shoes,Footwear | Road,20297,596,365.35,1179.33,3.228
2024-06-24,SE,SP | Running Shoes,Footwear | Trail,12440,365,223.92,722.82,3.228
2024-06-24,SE,SP | Apparel,Apparel | Outerwear,14274,381,235.52,752.36,3.195
2024-06-24,SE,SP | Apparel,Apparel | Layers,11678,312,192.7,615.57,3.195
2024-06-24,MW,SP | Running Shoes,Footwear | Road,19365,571,348.56,1098.95,3.153
2024-06-24,MW,SP | Running Shoes,Footwear | Trail,11869,350,213.64,673.55,3.153
2024-06-24,MW,SP | Apparel,Apparel | Outerwear,16528,441,272.72,965.11,3.539
2024-06-24,MW,SP | Apparel,Apparel | Layers,13523,361,223.13,789.64,3.539
2024-06-24,MT,SP | Running Shoes,Footwear | Road,17910,507,322.38,1062.87,3.297
2024-06-24,MT,SP | Running Shoes,Footwear | Trail,10977,311,197.59,651.43,3.297
2024-06-24,MT,SP | Apparel,Apparel | Outerwear,13982,384,230.7,565.65,2.452
2024-06-24,MT,SP | Apparel,Apparel | Layers,11440,315,188.76,462.8,2.452
2024-06-24,West Coast,SP | Running Shoes,Footwear | Road,22689,616,408.4,1490.77,3.65
2024-06-24,West Coast,SP | Running Shoes,Footwear | Trail,13906,378,250.31,913.7,3.65
2024-06-24,West Coast,SP | Apparel,Apparel | Outerwear,20492,555,338.12,948.85,2.806
2024-06-24,West Coast,SP | Apparel,Apparel | Layers,16766,454,276.64,776.33,2.806
2024-07-01,Northeast,SP | Running Shoes,Footwear | Road,24878,689,447.8,1280.61,2.86
2024-07-01,Northeast,SP | Running Shoes,Footwear | Trail,15248,422,274.46,784.89,2.86
2024-07-01,Northeast,SP | Apparel,Apparel | Outerwear,17709,522,292.2,782.08,2.677
2024-07-01,Northeast,SP | Apparel,Apparel | Layers,14489,427,239.07,639.88,2.677
2024-07-01,MA,SP | Running Shoes,Footwear | Road,21203,591,381.65,1305.16,3.42
2024-07-01,MA,SP | Running Shoes,Footwear | Trail,12995,362,233.92,799.94,3.42
2024-07-01,MA,SP | Apparel,Apparel | Outerwear,15094,405,249.05,930.44,3.736
2024-07-01,MA,SP | Apparel,Apparel | Layers,12350,331,203.77,761.27,3.736
2024-07-01,SE,SP | Running Shoes,Footwear | Road,17726,492,319.06,1062.24,3.329
2024-07-01,SE,SP | Running Shoes,Footwear | Trail,10864,301,195.55,651.05,3.329
2024-07-01,SE,SP | Apparel,Apparel | Outerwear,16434,444,271.16,677.4,2.498
2024-07-01,SE,SP | Apparel,Apparel | Layers,13446,363,221.86,554.24,2.498
2024-07-01,MW,SP | Running Shoes,Footwear | Road,18882,557,339.88,886.21,2.607
2024-07-01,MW,SP | Running Shoes,Footwear | Trail,11573,341,208.32,543.16,2.607
2024-07-01,MW,SP | Apparel,Apparel | Outerwear,14278,382,235.59,572.75,2.431
2024-07-01,MW,SP | Apparel,Apparel | Layers,11682,312,192.75,468.62,2.431
2024-07-01,MT,SP | Running Shoes,Footwear | Road,15592,420,280.65,835.37,2.977
2024-07-01,MT,SP | Running Shoes,Footwear | Trail,9556,258,172.01,512.0,2.977
2024-07-01,MT,SP | Apparel,Apparel | Outerwear,13085,347,215.91,723.91,3.353
2024-07-01,MT,SP | Apparel,Apparel | Layers,10706,284,176.65,592.29,3.353
2024-07-01,West Coast,SP | Running Shoes,Footwear | Road,26064,714,469.14,1181.75,2.519
2024-07-01,West Coast,SP | Running Shoes,Footwear | Trail,15974,438,287.54,724.3,2.519
2024-07-01,West Coast,SP | Apparel,Apparel | Outerwear,18639,513,307.54,847.55,2.756
2024-07-01,West Coast,SP | Apparel,Apparel | Layers,15250,420,251.62,693.45,2.756
2024-07-08,Northeast,SP | Running Shoes,Footwear | Road,22777,620,409.99,1506.88,3.675
2024-07-08,Northeast,SP | Running Shoes,Footwear | Trail,13960,380,251.29,923.57,3.675
2024-07-08,Northeast,SP | Apparel,Apparel | Outerwear,18040,478,297.65,843.04,2.832
2024-07-08,Northeast,SP | Apparel,Apparel | Layers,14760,391,243.53,689.76,2.832
2024-07-08,MA,SP | Running Shoes,Footwear | Road,21665,632,389.96,1469.87,3.769
2024-07-08,MA,SP | Running Shoes,Footwear | Trail,13278,387,239.01,900.89,3.769
2024-07-08,MA,SP | Apparel,Apparel | Outerwear,15096,424,249.08,761.31,3.056
2024-07-08,MA,SP | Apparel,Apparel | Layers,12351,347,203.8,622.89,3.056
2024-07-08,SE,SP | Running Shoes,Footwear | Road,18585,508,334.54,1266.06,3.785
2024-07-08,SE,SP | Running Shoes,Footwear | Trail,11391,312,205.04,775.97,3.785
2024-07-08,SE,SP | Apparel,Apparel | Outerwear,13309,378,219.59,571.21,2.601
2024-07-08,SE,SP | Apparel,Apparel | Layers,10889,309,179.67,467.36,2.601
2024-07-08,MW,SP | Running Shoes,Footwear | Road,22447,640,404.04,1513.14,3.745
2024-07-08,MW,SP | Running Shoes,Footwear | Trail,13758,392,247.64,927.41,3.745
2024-07-08,MW,SP | Apparel,Apparel | Outerwear,15429,419,254.58,695.71,2.733
2024-07-08,MW,SP | Apparel,Apparel | Layers,12624,343,208.29,569.22,2.733
2024-07-08,MT,SP | Running Shoes,Footwear | Road,15729,463,283.12,815.57,2.881
2024-07-08,MT,SP | Running Shoes,Footwear | Trail,9640,284,173.53,499.87,2.881
2024-07-08,MT,SP | Apparel,Apparel | Outerwear,14052,410,231.86,666.91,2.876
2024-07-08,MT,SP | Apparel,Apparel | Layers,11497,335,189.7,545.66,2.876
2024-07-08,West Coast,SP | Running Shoes,Footwear | Road,22774,610,409.93,1181.21,2.881
2024-07-08,West Coast,SP | Running Shoes,Footwear | Trail,13958,374,251.25,723.97,2.881
2024-07-08,West Coast,SP | Apparel,Apparel | Outerwear,20730,571,342.05,945.24,2.763
2024-07-08,West Coast,SP | Apparel,Apparel | Layers,16961,468,279.86,773.38,2.763
2024-07-15,Northeast,SP | Running Shoes,Footwear | Road,22825,640,410.84,1150.7,2.801
2024-07-15,Northeast,SP | Running Shoes,Footwear | Trail,13989,392,251.81,705.27,2.801
2024-07-15,Northeast,SP | Apparel,Apparel | Outerwear,18628,502,307.37,825.16,2.685
2024-07-15,Northeast,SP | Apparel,Apparel | Layers,15241,411,251.48,675.13,2.685
2024-07-15,MA,SP | Running Shoes,Footwear | Road,24059,641,433.06,1146.34,2.647
2024-07-15,MA,SP | Running Shoes,Footwear | Trail,14746,393,265.42,702.6,2.647
2024-07-15,MA,SP | Apparel,Apparel | Outerwear,17454,477,287.99,940.27,3.265
2024-07-15,MA,SP | Apparel,Apparel | Layers,14280,391,235.63,769.31,3.265
2024-07-15,SE,SP | Running Shoes,Footwear | Road,19123,535,344.21,963.56,2.799
2024-07-15,SE,SP | Running Shoes,Footwear | Trail,11720,328,210.97,590.57,2.799
2024-07-15,SE,SP | Apparel,Apparel | Outerwear,13168,372,217.28,619.05,2.849
2024-07-15,SE,SP | Apparel,Apparel | Layers,10774,304,177.77,506.49,2.849
2024-07-15,MW,SP | Running Shoes,Footwear | Road,22499,657,404.98,1160.86,2.866
2024-07-15,MW,SP | Running Shoes,Footwear | Trail,13790,403,248.21,711.5,2.866
2024-07-15,MW,SP | Apparel,Apparel | Outerwear,16835,498,277.78,1006.7,3.624
2024-07-15,MW,SP | Apparel,Apparel | Layers,13774,407,227.27,823.67,3.624
2024-07-15,MT,SP | Running Shoes,Footwear | Road,18059,499,325.06,1217.99,3.747
2024-07-15,MT,SP | Running Shoes,Footwear | Trail,11068,306,199.23,746.51,3.747
2024-07-15,MT,SP | Apparel,Apparel | Outerwear,12296,337,202.89,526.04,2.593
2024-07-15,MT,SP | Apparel,Apparel | Layers,10060,276,166.0,430.39,2.593
2024-07-15,West Coast,SP | Running Shoes,Footwear | Road,26133,689,470.39,1602.16,3.406
2024-07-15,West Coast,SP | Running Shoes,Footwear | Trail,16017,422,288.3,981.97,3.406
2024-07-15,West Coast,SP | Apparel,Apparel | Outerwear,17616,479,290.66,704.59,2.424
2024-07-15,West Coast,SP | Apparel,Apparel | Layers,14413,392,237.81,576.48,2.424
2024-07-22,Northeast,SP | Running Shoes,Footwear | Road,21179,619,381.22,1270.6,3.333
2024-07-22,Northeast,SP | Running Shoes,Footwear | Trail,12981,380,233.65,778.75,3.333
2024-07-22,Northeast,SP | Apparel,Apparel | Outerwear,16700,470,275.55,1031.21,3.742
2024-07-22,Northeast,SP | Apparel,Apparel | Layers,13664,384,225.45,843.72,3.742
2024-07-22,MA,SP | Running Shoes,Footwear | Road,22135,615,398.42,999.38,2.508
2024-07-22,MA,SP | Running Shoes,Footwear | Trail,13566,377,244.19,612.52,2.508
2024-07-22,MA,SP | Apparel,Apparel | Outerwear,17683,497,291.76,847.32,2.904
2024-07-22,MA,SP | Apparel,Apparel | Layers,14468,407,238.72,693.26,2.904
2024-07-22,SE,SP | Running Shoes,Footwear | Road,18668,501,336.03,836.53,2.489
2024-07-22,SE,SP | Running Shoes,Footwear | Trail,11442,307,205.95,512.71,2.489
2024-07-22,SE,SP | Apparel,Apparel | Outerwear,14946,418,246.6,624.1,2.531
2024-07-22,SE,SP | Apparel,Apparel | Layers,12228,342,201.77,510.63,2.531
2024-07-22,MW,SP | Running Shoes,Footwear | Road,18575,546,334.35,837.48,2.505
2024-07-22,MW,SP | Running Shoes,Footwear | Trail,11385,335,204.93,513.3,2.505
2024-07-22,MW,SP | Apparel,Apparel | Outerwear,15439,453,254.74,758.84,2.979
2024-07-22,MW,SP | Apparel,Apparel | Layers,12632,370,208.42,620.87,2.979
2024-07-22,MT,SP | Running Shoes,Footwear | Road,15385,431,276.93,676.76,2.444
2024-07-22,MT,SP | Running Shoes,Footwear | Trail,9429,264,169.73,414.79,2.444
2024-07-22,MT,SP | Apparel,Apparel | Outerwear,12486,352,206.03,645.03,3.131
2024-07-22,MT,SP | Apparel,Apparel | Layers,10216,288,168.57,527.75,3.131
2024-07-22,West Coast,SP | Running Shoes,Footwear | Road,23467,692,422.41,1084.33,2.567
2024-07-22,West Coast,SP | Running Shoes,Footwear | Trail,14383,424,258.89,664.59,2.567
2024-07-22,West Coast,SP | Apparel,Apparel | Outerwear,18710,524,308.71,749.95,2.429
2024-07-22,West Coast,SP | Apparel,Apparel | Layers,15308,429,252.58,613.6,2.429
2024-07-29,Northeast,SP | Running Shoes,Footwear | Road,22683,608,408.29,1507.25,3.692
2024-07-29,Northeast,SP | Running Shoes,Footwear | Trail,13902,372,250.24,923.8,3.692
2024-07-29,Northeast,SP | Apparel,Apparel | Outerwear,18400,528,303.6,1084.91,3.574
2024-07-29,Northeast,SP | Apparel,Apparel | Layers,15054,432,248.4,887.65,3.574
2024-07-29,MA,SP | Running Shoes,Footwear | Road,20572,563,370.3,1168.14,3.155
2024-07-29,MA,SP | Running Shoes,Footwear | Trail,12609,345,226.96,715.95,3.155
2024-07-29,MA,SP | Apparel,Apparel | Outerwear,16195,454,267.21,644.52,2.412
2024-07-29,MA,SP | Apparel,Apparel | Layers,13250,372,218.63,527.33,2.412
2024-07-29,SE,SP | Running Shoes,Footwear | Road,18678,499,336.2,1259.33,3.746
2024-07-29,SE,SP | Running Shoes,Footwear | Trail,11448,306,206.06,771.85,3.746
2024-07-29,SE,SP | Apparel,Apparel | Outerwear,13662,397,225.42,593.34,2.632
2024-07-29,SE,SP | Apparel,Apparel | Layers,11178,325,184.43,485.46,2.632
2024-07-29,MW,SP | Running Shoes,Footwear | Road,21537,605,387.66,1026.5,2.648
2024-07-29,MW,SP | Running Shoes,Footwear | Trail,13200,371,237.6,629.14,2.648
2024-07-29,MW,SP | Apparel,Apparel | Outerwear,14674,424,242.12,716.49,2.959
2024-07-29,MW,SP | Apparel,Apparel | Layers,12006,347,198.1,586.22,2.959
2024-07-29,MT,SP | Running Shoes,Footwear | Road,15516,428,279.29,859.16,3.076
2024-07-29,MT,SP | Running Shoes,Footwear | Trail,9510,263,171.18,526.58,3.076
2024-07-29,MT,SP | Apparel,Apparel | Outerwear,12565,360,207.32,598.0,2.884
2024-07-29,MT,SP | Apparel,Apparel | Layers,10280,295,169.63,489.28,2.884
2024-07-29,West Coast,SP | Running Shoes,Footwear | Road,26516,725,477.29,1196.91,2.508
2024-07-29,West Coast,SP | Running Shoes,Footwear | Trail,16252,444,292.53,733.59,2.508
2024-07-29,West Coast,SP | Apparel,Apparel | Outerwear,16674,475,275.12,726.12,2.639
2024-07-29,West Coast,SP | Apparel,Apparel | Layers,13642,388,225.1,594.1,2.639
2024-08-05,Northeast,SP | Running Shoes,Footwear | Road,23863,679,429.54,1373.68,3.198
2024-08-05,Northeast,SP | Running Shoes,Footwear | Trail,14626,416,263.26,841.93,3.198
2024-08-05,Northeast,SP | Apparel,Apparel | Outerwear,18748,554,309.34,857.56,2.772
2024-08-05,Northeast,SP | Apparel,Apparel | Layers,15339,453,253.1,701.64,2.772
2024-08-05,MA,SP | Running Shoes,Footwear | Road,22515,635,405.28,1360.39,3.357
2024-08-05,MA,SP | Running Shoes,Footwear | Trail,13800,389,248.4,833.79,3.357
2024-08-05,MA,SP | Apparel,Apparel | Outerwear,16737,449,276.17,1000.75,3.624
2024-08-05,MA,SP | Apparel,Apparel | Layers,13694,368,225.96,818.79,3.624
2024-08-05,SE,SP | Running Shoes,Footwear | Road,22390,630,403.02,1295.47,3.214
2024-08-05,SE,SP | Running Shoes,Footwear | Trail,13723,386,247.01,794.0,3.214
2024-08-05,SE,SP | Apparel,Apparel | Outerwear,14882,411,245.55,843.29,3.434
2024-08-05,SE,SP | Apparel,Apparel | Layers,12176,336,200.9,689.96,3.434
2024-08-05,MW,SP | Running Shoes,Footwear | Road,22295,607,401.31,1201.58,2.994
2024-08-05,MW,SP | Running Shoes,Footwear | Trail,13665,372,245.96,736.45,2.994
2024-08-05,MW,SP | Apparel,Apparel | Outerwear,17554,513,289.63,921.95,3.183
2024-08-05,MW,SP | Apparel,Apparel | Layers,14362,420,236.97,754.32,3.183
2024-08-05,MT,SP | Running Shoes,Footwear | Road,19868,526,357.63,1270.61,3.553
2024-08-05,MT,SP | Running Shoes,Footwear | Trail,12177,322,219.19,778.76,3.553
2024-08-05,MT,SP | Apparel,Apparel | Outerwear,12656,355,208.83,786.94,3.768
2024-08-05,MT,SP | Apparel,Apparel | Layers,10355,291,170.86,643.86,3.768
2024-08-05,West Coast,SP | Running Shoes,Footwear | Road,27979,761,503.63,1292.15,2.566
2024-08-05,West Coast,SP | Running Shoes,Footwear | Trail,17149,467,308.68,791.96,2.566
2024-08-05,West Coast,SP | Apparel,Apparel | Outerwear,20468,589,337.73,854.23,2.529
2024-08-05,West Coast,SP | Apparel,Apparel | Layers,16747,482,276.32,698.91,2.529
2024-08-12,Northeast,SP | Running Shoes,Footwear | Road,22006,646,396.11,1347.26,3.401
2024-08-12,Northeast,SP | Running Shoes,Footwear | Trail,13488,396,242.78,825.74,3.401
2024-08-12,Northeast,SP | Apparel,Apparel | Outerwear,17700,505,292.05,1099.62,3.765
2024-08-12,Northeast,SP | Apparel,Apparel | Layers,14482,413,238.95,899.69,3.765
2024-08-12,MA,SP | Running Shoes,Footwear | Road,20019,535,360.35,1350.72,3.748
2024-08-12,MA,SP | Running Shoes,Footwear | Trail,12270,328,220.86,827.86,3.748
2024-08-12,MA,SP | Apparel,Apparel | Outerwear,15330,424,252.94,797.82,3.154
2024-08-12,MA,SP | Apparel,Apparel | Layers,12542,347,206.95,652.76,3.154
2024-08-12,SE,SP | Running Shoes,Footwear | Road,17947,531,323.05,924.97,2.863
2024-08-12,SE,SP | Running Shoes,Footwear | Trail,11000,325,198.0,566.92,2.863
2024-08-12,SE,SP | Apparel,Apparel | Outerwear,13804,371,227.77,839.27,3.685
2024-08-12,SE,SP | Apparel,Apparel | Layers,11294,303,186.36,686.67,3.685
2024-08-12,MW,SP | Running Shoes,Footwear | Road,20757,597,373.63,1303.79,3.489
2024-08-12,MW,SP | Running Shoes,Footwear | Trail,12722,366,229.0,799.1,3.489
2024-08-12,MW,SP | Apparel,Apparel | Outerwear,13790,366,227.54,771.59,3.391
2024-08-12,MW,SP | Apparel,Apparel | Layers,11283,299,186.17,631.3,3.391
2024-08-12,MT,SP | Running Shoes,Footwear | Road,16076,449,289.37,851.76,2.944
2024-08-12,MT,SP | Running Shoes,Footwear | Trail,9853,275,177.36,522.05,2.944
2024-08-12,MT,SP | Apparel,Apparel | Outerwear,11350,320,187.28,566.84,3.027
2024-08-12,MT,SP | Apparel,Apparel | Layers,9287,262,153.23,463.78,3.027
2024-08-12,West Coast,SP | Running Shoes,Footwear | Road,22678,640,408.21,1391.5,3.409
2024-08-12,West Coast,SP | Running Shoes,Footwear | Trail,13900,392,250.19,852.85,3.409
2024-08-12,West Coast,SP | Apparel,Apparel | Outerwear,19559,524,322.73,967.72,2.999
2024-08-12,West Coast,SP | Apparel,Apparel | Layers,16003,429,264.05,791.77,2.999
2024-08-19,Northeast,SP | Running Shoes,Footwear | Road,20378,564,366.8,1307.86,3.566
2024-08-19,Northeast,SP | Running Shoes,Footwear | Trail,12490,345,224.81,801.59,3.566
2024-08-19,Northeast,SP | Apparel,Apparel | Outerwear,15650,438,258.22,662.27,2.565
2024-08-19,Northeast,SP | Apparel,Apparel | Layers,12804,359,211.27,541.86,2.565
2024-08-19,MA,SP | Running Shoes,Footwear | Road,21996,648,395.93,1103.83,2.788
2024-08-19,MA,SP | Running Shoes,Footwear | Trail,13482,397,242.67,676.54,2.788
2024-08-19,MA,SP | Apparel,Apparel | Outerwear,16819,469,277.51,996.91,3.592
2024-08-19,MA,SP | Apparel,Apparel | Layers,13761,384,227.05,815.65,3.592
2024-08-19,SE,SP | Running Shoes,Footwear | Road,18654,524,335.77,1056.66,3.147
2024-08-19,SE,SP | Running Shoes,Footwear | Trail,11433,321,205.79,647.63,3.147
2024-08-19,SE,SP | Apparel,Apparel | Outerwear,15141,400,249.83,674.39,2.699
2024-08-19,SE,SP | Apparel,Apparel | Layers,12388,327,204.41,551.77,2.699
2024-08-19,MW,SP | Running Shoes,Footwear | Road,19158,537,344.85,963.76,2.795
2024-08-19,MW,SP | Running Shoes,Footwear | Trail,11742,329,211.36,590.69,2.795
2024-08-19,MW,SP | Apparel,Apparel | Outerwear,14422,382,237.96,719.56,3.024
2024-08-19,MW,SP | Apparel,Apparel | Layers,11800,313,194.7,588.73,3.024
2024-08-19,MT,SP | Running Shoes,Footwear | Road,16481,472,296.65,896.5,3.022
2024-08-19,MT,SP | Running Shoes,Footwear | Trail,10101,289,181.82,549.47,3.022
2024-08-19,MT,SP | Apparel,Apparel | Outerwear,12662,347,208.92,578.38,2.768
2024-08-19,MT,SP | Apparel,Apparel | Layers,10360,284,170.93,473.22,2.768
2024-08-19,West Coast,SP | Running Shoes,Footwear | Road,25645,759,461.61,1187.91,2.573
2024-08-19,West Coast,SP | Running Shoes,Footwear | Trail,15718,465,282.92,728.07,2.573
2024-08-19,West Coast,SP | Apparel,Apparel | Outerwear,17812,497,293.9,843.23,2.869
2024-08-19,West Coast,SP | Apparel,Apparel | Layers,14574,406,240.47,689.92,2.869
2024-08-26,Northeast,SP | Running Shoes,Footwear | Road,21185,566,381.32,1163.62,3.052
2024-08-26,Northeast,SP | Running Shoes,Footwear | Trail,12984,347,233.71,713.19,3.052
2024-08-26,Northeast,SP | Apparel,Apparel | Outerwear,17660,503,291.39,1020.69,3.503
2024-08-26,Northeast,SP | Apparel,Apparel | Layers,14449,411,238.41,835.11,3.503
2024-08-26,MA,SP | Running Shoes,Footwear | Road,18496,516,332.93,900.96,2.706
2024-08-26,MA,SP | Running Shoes,Footwear | Trail,11336,316,204.06,552.2,2.706
2024-08-26,MA,SP | Apparel,Apparel | Outerwear,15367,453,253.55,895.46,3.532
2024-08-26,MA,SP | Apparel,Apparel | Layers,12573,371,207.45,732.65,3.532
2024-08-26,SE,SP | Running Shoes,Footwear | Road,19127,531,344.29,972.46,2.825
2024-08-26,SE,SP | Running Shoes,Footwear | Trail,11723,326,211.02,596.02,2.825
2024-08-26,SE,SP | Apparel,Apparel | Outerwear,13449,370,221.91,613.31,2.764
2024-08-26,SE,SP | Apparel,Apparel | Layers,11004,303,181.56,501.8,2.764
2024-08-26,MW,SP | Running Shoes,Footwear | Road,19326,555,347.87,901.61,2.592
2024-08-26,MW,SP | Running Shoes,Footwear | Trail,11845,340,213.21,552.6,2.592
2024-08-26,MW,SP | Apparel,Apparel | Outerwear,13325,371,219.87,589.96,2.683
2024-08-26,MW,SP | Apparel,Apparel | Layers,10902,303,179.89,482.69,2.683
2024-08-26,MT,SP | Running Shoes,Footwear | Road,16442,435,295.95,961.6,3.249
2024-08-26,MT,SP | Running Shoes,Footwear | Trail,10077,267,181.39,589.37,3.249
2024-08-26,MT,SP | Apparel,Apparel | Outerwear,12993,356,214.39,775.14,3.616
2024-08-26,MT,SP | Apparel,Apparel | Layers,10631,291,175.41,634.21,3.616
2024-08-26,West Coast,SP | Running Shoes,Footwear | Road,22834,605,411.01,1451.1,3.531
2024-08-26,West Coast,SP | Running Shoes,Footwear | Trail,13995,371,251.91,889.38,3.531
2024-08-26,West Coast,SP | Apparel,Apparel | Outerwear,16690,454,275.38,859.45,3.121
2024-08-26,West Coast,SP | Apparel,Apparel | Layers,13655,372,225.31,703.19,3.121
2024-09-02,Northeast,SP | Running Shoes,Footwear | Road,23496,662,422.93,1472.27,3.481
2024-09-02,Northeast,SP | Running Shoes,Footwear | Trail,14401,406,259.22,902.36,3.481
2024-09-02,Northeast,SP | Apparel,Apparel | Outerwear,16309,474,269.1,861.94,3.203
2024-09-02,Northeast,SP | Apparel,Apparel | Layers,13344,388,220.18,705.22,3.203
2024-09-02,MA,SP | Running Shoes,Footwear | Road,22265,590,400.77,995.6,2.484
2024-09-02,MA,SP | Running Shoes,Footwear | Trail,13646,361,245.64,610.2,2.484
2024-09-02,MA,SP | Apparel,Apparel | Outerwear,18353,513,302.82,770.17,2.543
2024-09-02,MA,SP | Apparel,Apparel | Layers,15016,420,247.76,630.14,2.543
2024-09-02,MW,SP | Running Shoes,Footwear | Road,22479,638,404.63,1299.74,3.212
2024-09-02,MW,SP | Running Shoes,Footwear | Trail,13778,391,248.0,796.61,3.212
2024-09-02,MW,SP | Apparel,Apparel | Outerwear,16595,450,273.81,994.03,3.63
2024-09-02,MW,SP | Apparel,Apparel | Layers,13577,368,224.03,813.3,3.63
2024-09-02,MT,SP | Running Shoes,Footwear | Road,16038,455,288.68,808.31,2.8
2024-09-02,MT,SP | Running Shoes,Footwear | Trail,9830,279,176.94,495.42,2.8
2024-09-02,MT,SP | Apparel,Apparel | Outerwear,13312,393,219.65,668.66,3.044
2024-09-02,MT,SP | Apparel,Apparel | Layers,10892,321,179.71,547.08,3.044
2024-09-02,West Coast,SP | Running Shoes,Footwear | Road,26258,721,472.65,1260.4,2.667
2024-09-02,West Coast,SP | Running Shoes,Footwear | Trail,16094,442,289.69,772.5,2.667
2024-09-02,West Coast,SP | Apparel,Apparel | Outerwear,20572,561,339.44,887.3,2.614
2024-09-02,West Coast,SP | Apparel,Apparel | Layers,16832,459,277.72,725.97,2.614
2024-09-09,Northeast,SP | Running Shoes,Footwear | Road,24194,666,435.49,1585.7,3.641
2024-09-09,Northeast,SP | Running Shoes,Footwear | Trail,14829,408,266.92,971.88,3.641
2024-09-09,Northeast,SP | Apparel,Apparel | Outerwear,18567,495,306.35,842.11,2.749
2024-09-09,Northeast,SP | Apparel,Apparel | Layers,15191,405,250.65,689.0,2.749
2024-09-09,MA,SP | Running Shoes,Footwear | Road,22036,617,396.64,1206.27,3.041
2024-09-09,MA,SP | Running Shoes,Footwear | Trail,13506,378,243.1,739.33,3.041
2024-09-09,MA,SP | Apparel,Apparel | Outerwear,16528,451,272.71,977.56,3.585
2024-09-09,MA,SP | Apparel,Apparel | Layers,13523,369,223.13,799.82,3.585
2024-09-09,MW,SP | Running Shoes,Footwear | Road,20844,593,375.19,1003.42,2.674
2024-09-09,MW,SP | Running Shoes,Footwear | Trail,12775,363,229.95,615.0,2.674
2024-09-09,MW,SP | Apparel,Apparel | Outerwear,14007,404,231.11,740.26,3.203
2024-09-09,MW,SP | Apparel,Apparel | Layers,11460,331,189.09,605.67,3.203
2024-09-09,MT,SP | Running Shoes,Footwear | Road,17196,491,309.53,887.91,2.869
2024-09-09,MT,SP | Running Shoes,Footwear | Trail,10540,301,189.71,544.2,2.869
2024-09-09,MT,SP | Apparel,Apparel | Outerwear,12824,381,211.6,593.24,2.804
2024-09-09,MT,SP | Apparel,Apparel | Layers,10493,311,173.13,485.38,2.804
2024-09-09,West Coast,SP | Running Shoes,Footwear | Road,22435,612,403.83,1406.35,3.483
2024-09-09,West Coast,SP | Running Shoes,Footwear | Trail,13751,375,247.51,861.96,3.483
2024-09-09,West Coast,SP | Apparel,Apparel | Outerwear,17181,506,283.49,718.15,2.533
2024-09-09,West Coast,SP | Apparel,Apparel | Layers,14057,414,231.94,587.58,2.533
2024-09-16,Northeast,SP | Running Shoes,Footwear | Road,21007,578,378.13,1205.94,3.189
2024-09-16,Northeast,SP | Running Shoes,Footwear | Trail,12876,354,231.76,739.12,3.189
2024-09-16,Northeast,SP | Apparel,Apparel | Outerwear,16563,461,273.29,1004.09,3.674
2024-09-16,Northeast,SP | Apparel,Apparel | Layers,13552,377,223.6,821.53,3.674
2024-09-16,MA,SP | Running Shoes,Footwear | Road,19410,538,349.38,1152.58,3.299
2024-09-16,MA,SP | Running Shoes,Footwear | Trail,11897,329,214.14,706.42,3.299
2024-09-16,MA,SP | Apparel,Apparel | Outerwear,17064,456,281.55,877.5,3.117
2024-09-16,MA,SP | Apparel,Apparel | Layers,13961,373,230.36,717.96,3.117
2024-09-16,MW,SP | Running Shoes,Footwear | Road,19956,587,359.21,1034.4,2.88
2024-09-16,MW,SP | Running Shoes,Footwear | Trail,12231,360,220.16,633.99,2.88
2024-09-16,MW,SP | Apparel,Apparel | Outerwear,13757,389,226.98,616.3,2.715
2024-09-16,MW,SP | Apparel,Apparel | Layers,11255,318,185.71,504.25,2.715
2024-09-16,MT,SP | Running Shoes,Footwear | Road,16295,451,293.3,759.67,2.59
2024-09-16,MT,SP | Running Shoes,Footwear | Trail,9987,277,179.77,465.6,2.59
2024-09-16,MT,SP | Apparel,Apparel | Outerwear,12036,336,198.6,675.26,3.4
2024-09-16,MT,SP | Apparel,Apparel | Layers,9848,275,162.49,552.49,3.4
2024-09-16,West Coast,SP | Running Shoes,Footwear | Road,26350,694,474.3,1784.12,3.762
2024-09-16,West Coast,SP | Running Shoes,Footwear | Trail,16150,425,290.7,1093.49,3.762
2024-09-16,West Coast,SP | Apparel,Apparel | Outerwear,18580,517,306.56,907.53,2.96
2024-09-16,West Coast,SP | Apparel,Apparel | Layers,15202,423,250.83,742.53,2.96
2024-09-23,Northeast,SP | Running Shoes,Footwear | Road,23738,686,427.29,1243.35,2.91
2024-09-23,Northeast,SP | Running Shoes,Footwear | Trail,14549,421,261.89,762.06,2.91
2024-09-23,Northeast,SP | Apparel,Apparel | Outerwear,19095,520,315.07,989.0,3.139
2024-09-23,Northeast,SP | Apparel,Apparel | Layers,15623,426,257.79,809.18,3.139
2024-09-23,MA,SP | Running Shoes,Footwear | Road,21045,573,378.81,1350.89,3.566
2024-09-23,MA,SP | Running Shoes,Footwear | Trail,12899,351,232.18,827.97,3.566
2024-09-23,MA,SP | Apparel,Apparel | Outerwear,17237,491,284.42,1078.97,3.794
2024-09-23,MA,SP | Apparel,Apparel | Layers,14103,402,232.71,882.8,3.794
2024-09-23,SE,SP | Running Shoes,Footwear | Road,17715,480,318.87,771.77,2.42
2024-09-23,SE,SP | Running Shoes,Footwear | Trail,10857,294,195.43,473.02,2.42
2024-09-23,SE,SP | Apparel,Apparel | Outerwear,14792,421,244.07,723.44,2.964
2024-09-23,SE,SP | Apparel,Apparel | Layers,12102,344,199.69,591.91,2.964
2024-09-23,MW,SP | Running Shoes,Footwear | Road,17947,487,323.04,1180.72,3.655
2024-09-23,MW,SP | Running Shoes,Footwear | Trail,11000,299,197.99,723.67,3.655
2024-09-23,MW,SP | Apparel,Apparel | Outerwear,14928,406,246.31,824.04,3.345
2024-09-23,MW,SP | Apparel,Apparel | Layers,12214,332,201.53,674.21,3.345
2024-09-23,MT,SP | Running Shoes,Footwear | Road,15933,435,286.79,739.55,2.579
2024-09-23,MT,SP | Running Shoes,Footwear | Trail,9765,267,175.78,453.27,2.579
2024-09-23,MT,SP | Apparel,Apparel | Outerwear,13270,385,218.96,816.98,3.731
2024-09-23,MT,SP | Apparel,Apparel | Layers,10857,315,179.15,668.44,3.731
2024-09-23,West Coast,SP | Running Shoes,Footwear | Road,22152,606,398.74,1180.43,2.96
2024-09-23,West Coast,SP | Running Shoes,Footwear | Trail,13577,372,244.39,723.49,2.96
2024-09-23,West Coast,SP | Apparel,Apparel | Outerwear,16936,462,279.45,1033.49,3.698
2024-09-23,West Coast,SP | Apparel,Apparel | Layers,13857,378,228.64,845.58,3.698
2024-09-30,Northeast,SP | Running Shoes,Footwear | Road,20609,546,370.96,1339.03,3.61
2024-09-30,Northeast,SP | Running Shoes,Footwear | Trail,12631,335,227.36,820.7,3.61
2024-09-30,Northeast,SP | Apparel,Apparel | Outerwear,16493,440,272.13,664.94,2.443
2024-09-30,Northeast,SP | Apparel,Apparel | Layers,13494,360,222.65,544.04,2.443
2024-09-30,MA,SP | Running Shoes,Footwear | Road,22899,616,412.18,1386.79,3.365
2024-09-30,MA,SP | Running Shoes,Footwear | Trail,14035,377,252.62,849.97,3.365
2024-09-30,MA,SP | Apparel,Apparel | Outerwear,15636,438,258.0,858.73,3.328
2024-09-30,MA,SP | Apparel,Apparel | Layers,12793,359,211.09,702.59,3.328
2024-09-30,SE,SP | Running Shoes,Footwear | Road,18158,483,326.84,785.69,2.404
2024-09-30,SE,SP | Running Shoes,Footwear | Trail,11129,296,200.32,481.55,2.404
2024-09-30,SE,SP | Apparel,Apparel | Outerwear,12818,350,211.49,789.66,3.734
2024-09-30,SE,SP | Apparel,Apparel | Layers,10487,287,173.04,646.09,3.734
2024-09-30,MW,SP | Running Shoes,Footwear | Road,20400,593,367.2,1284.6,3.498
2024-09-30,MW,SP | Running Shoes,Footwear | Trail,12503,363,225.06,787.34,3.498
2024-09-30,MW,SP | Apparel,Apparel | Outerwear,15921,472,262.69,653.07,2.486
2024-09-30,MW,SP | Apparel,Apparel | Layers,13026,386,214.93,534.33,2.486
2024-09-30,MT,SP | Running Shoes,Footwear | Road,18002,511,324.04,1231.23,3.8
2024-09-30,MT,SP | Running Shoes,Footwear | Trail,11034,313,198.6,754.63,3.8
2024-09-30,MT,SP | Apparel,Apparel | Outerwear,12908,379,212.97,547.5,2.571
2024-09-30,MT,SP | Apparel,Apparel | Layers,10561,310,174.25,447.96,2.571
2024-09-30,West Coast,SP | Running Shoes,Footwear | Road,23182,655,417.27,1033.24,2.476
2024-09-30,West Coast,SP | Running Shoes,Footwear | Trail,14208,401,255.75,633.27,2.476
2024-09-30,West Coast,SP | Apparel,Apparel | Outerwear,18767,550,309.65,963.09,3.11
2024-09-30,West Coast,SP | Apparel,Apparel | Layers,15354,450,253.35,787.99,3.11
2024-10-07,Northeast,SP | Running Shoes,Footwear | Road,21209,625,381.77,1102.32,2.887
2024-10-07,Northeast,SP | Running Shoes,Footwear | Trail,12999,383,233.99,675.62,2.887
2024-10-07,Northeast,SP | Apparel,Apparel | Outerwear,18689,544,308.36,796.53,2.583
2024-10-07,Northeast,SP | Apparel,Apparel | Layers,15291,445,252.3,651.71,2.583
2024-10-07,MA,SP | Running Shoes,Footwear | Road,22156,586,398.81,1313.62,3.294
2024-10-07,MA,SP | Running Shoes,Footwear | Trail,13580,359,244.43,805.12,3.294
2024-10-07,MA,SP | Apparel,Apparel | Outerwear,16798,490,277.17,822.5,2.967
2024-10-07,MA,SP | Apparel,Apparel | Layers,13744,401,226.78,672.96,2.967
2024-10-07,SE,SP | Running Shoes,Footwear | Road,19250,556,346.51,1277.22,3.686
2024-10-07,SE,SP | Running Shoes,Footwear | Trail,11799,341,212.37,782.81,3.686
2024-10-07,SE,SP | Apparel,Apparel | Outerwear,12705,347,209.63,646.18,3.082
2024-10-07,SE,SP | Apparel,Apparel | Layers,10395,284,171.52,528.7,3.082
2024-10-07,MW,SP | Running Shoes,Footwear | Road,20766,578,373.79,1186.41,3.174
2024-10-07,MW,SP | Running Shoes,Footwear | Trail,12728,354,229.1,727.15,3.174
2024-10-07,MW,SP | Apparel,Apparel | Outerwear,14821,390,244.55,680.03,2.781
2024-10-07,MW,SP | Apparel,Apparel | Layers,12126,319,200.08,556.39,2.781
2024-10-07,MT,SP | Running Shoes,Footwear | Road,17741,467,319.34,1106.47,3.465
2024-10-07,MT,SP | Running Shoes,Footwear | Trail,10874,286,195.73,678.16,3.465
2024-10-07,MT,SP | Apparel,Apparel | Outerwear,13430,361,221.6,684.06,3.087
2024-10-07,MT,SP | Apparel,Apparel | Layers,10988,296,181.31,559.68,3.087
2024-10-07,West Coast,SP | Running Shoes,Footwear | Road,22020,624,396.36,1141.24,2.879
2024-10-07,West Coast,SP | Running Shoes,Footwear | Trail,13496,382,242.93,699.47,2.879
2024-10-07,West Coast,SP | Apparel,Apparel | Outerwear,18524,520,305.64,784.3,2.566
2024-10-07,West Coast,SP | Apparel,Apparel | Layers,15156,425,250.07,641.7,2.566
2024-10-14,Northeast,SP | Running Shoes,Footwear | Road,24263,658,436.74,1128.27,2.583
2024-10-14,Northeast,SP | Running Shoes,Footwear | Trail,14871,404,267.68,691.52,2.583
2024-10-14,Northeast,SP | Apparel,Apparel | Outerwear,16773,486,276.76,786.51,2.842
2024-10-14,Northeast,SP | Apparel,Apparel | Layers,13724,398,226.44,643.51,2.842
2024-10-14,MA,SP | Running Shoes,Footwear | Road,21958,623,395.25,995.48,2.519
2024-10-14,MA,SP | Running Shoes,Footwear | Trail,13458,382,242.25,610.13,2.519
2024-10-14,MA,SP | Apparel,Apparel | Outerwear,18947,503,312.62,882.37,2.823
2024-10-14,MA,SP | Apparel,Apparel | Layers,15502,411,255.78,721.94,2.823
2024-10-14,SE,SP | Running Shoes,Footwear | Road,19956,585,359.21,1107.68,3.084
2024-10-14,SE,SP | Running Shoes,Footwear | Trail,12231,359,220.16,678.9,3.084
2024-10-14,SE,SP | Apparel,Apparel | Outerwear,16183,459,267.01,907.6,3.399
2024-10-14,SE,SP | Apparel,Apparel | Layers,13240,375,218.47,742.58,3.399
2024-10-14,MW,SP | Running Shoes,Footwear | Road,21041,618,378.73,1291.78,3.411
2024-10-14,MW,SP | Running Shoes,Footwear | Trail,12896,379,232.13,791.73,3.411
2024-10-14,MW,SP | Apparel,Apparel | Outerwear,14360,424,236.95,850.8,3.591
2024-10-14,MW,SP | Apparel,Apparel | Layers,11749,347,193.87,696.11,3.591
2024-10-14,MT,SP | Running Shoes,Footwear | Road,17843,507,321.18,868.27,2.703
2024-10-14,MT,SP | Running Shoes,Footwear | Trail,10936,311,196.85,532.17,2.703
2024-10-14,MT,SP | Apparel,Apparel | Outerwear,12416,351,204.86,619.7,3.025
2024-10-14,MT,SP | Apparel,Apparel | Layers,10158,287,167.61,507.03,3.025
2024-10-14,West Coast,SP | Running Shoes,Footwear | Road,23246,649,418.43,1263.47,3.02
2024-10-14,West Coast,SP | Running Shoes,Footwear | Trail,14248,397,256.46,774.38,3.02
2024-10-14,West Coast,SP | Apparel,Apparel | Outerwear,20761,578,342.56,864.47,2.524
2024-10-14,West Coast,SP | Apparel,Apparel | Layers,16986,473,280.28,707.3,2.524
2024-10-21,Northeast,SP | Running Shoes,Footwear | Road,20843,556,375.17,906.03,2.415
2024-10-21,Northeast,SP | Running Shoes,Footwear | Trail,12775,340,229.94,555.31,2.415
2024-10-21,Northeast,SP | Apparel,Apparel | Outerwear,17938,497,295.97,919.38,3.106
2024-10-21,Northeast,SP | Apparel,Apparel | Layers,14676,407,242.16,752.22,3.106
2024-10-21,MA,SP | Running Shoes,Footwear | Road,21325,581,383.84,1048.38,2.731
2024-10-21,MA,SP | Running Shoes,Footwear | Trail,13070,356,235.26,642.55,2.731
2024-10-21,MA,SP | Apparel,Apparel | Outerwear,14224,380,234.7,711.01,3.029
2024-10-21,MA,SP | Apparel,Apparel | Layers,11638,311,192.03,581.74,3.029
2024-10-21,SE,SP | Running Shoes,Footwear | Road,20131,531,362.35,1121.77,3.096
2024-10-21,SE,SP | Running Shoes,Footwear | Trail,12338,325,222.09,687.53,3.096
2024-10-21,SE,SP | Apparel,Apparel | Outerwear,14763,405,243.58,866.99,3.559
2024-10-21,SE,SP | Apparel,Apparel | Layers,12078,331,199.29,709.35,3.559
2024-10-21,MW,SP | Running Shoes,Footwear | Road,19408,569,349.34,1255.61,3.594
2024-10-21,MW,SP | Running Shoes,Footwear | Trail,11895,349,214.11,769.57,3.594
2024-10-21,MW,SP | Apparel,Apparel | Outerwear,13183,374,217.52,701.45,3.225
2024-10-21,MW,SP | Apparel,Apparel | Layers,10786,306,177.97,573.92,3.225
2024-10-21,MT,SP | Running Shoes,Footwear | Road,16475,479,296.55,860.1,2.9
2024-10-21,MT,SP | Running Shoes,Footwear | Trail,10098,294,181.76,527.16,2.9
2024-10-21,MT,SP | Apparel,Apparel | Outerwear,11106,298,183.25,688.94,3.76
2024-10-21,MT,SP | Apparel,Apparel | Layers,9087,244,149.93,563.68,3.76
2024-10-21,West Coast,SP | Running Shoes,Footwear | Road,21276,589,382.97,1114.79,2.911
2024-10-21,West Coast,SP | Running Shoes,Footwear | Trail,13040,361,234.72,683.26,2.911
2024-10-21,West Coast,SP | Apparel,Apparel | Outerwear,17128,494,282.62,802.76,2.84
2024-10-21,West Coast,SP | Apparel,Apparel | Layers,14014,404,231.23,656.8,2.84
2024-10-28,Northeast,SP | Running Shoes,Footwear | Road,22791,625,410.24,1256.48,3.063
2024-10-28,Northeast,SP | Running Shoes,Footwear | Trail,13969,383,251.44,770.1,3.063
2024-10-28,Northeast,SP | Apparel,Apparel | Outerwear,14961,406,246.86,880.12,3.565
2024-10-28,Northeast,SP | Apparel,Apparel | Layers,12241,332,201.97,720.1,3.565
2024-10-28,MA,SP | Running Shoes,Footwear | Road,22345,634,402.21,1426.45,3.547
2024-10-28,MA,SP | Running Shoes,Footwear | Trail,13695,389,246.52,874.28,3.547
2024-10-28,MA,SP | Apparel,Apparel | Outerwear,14014,377,231.23,778.27,3.366
2024-10-28,MA,SP | Apparel,Apparel | Layers,11466,308,189.19,636.77,3.366
2024-10-28,SE,SP | Running Shoes,Footwear | Road,20084,538,361.51,1283.12,3.549
2024-10-28,SE,SP | Running Shoes,Footwear | Trail,12310,330,221.57,786.43,3.549
2024-10-28,SE,SP | Apparel,Apparel | Outerwear,14331,394,236.46,831.15,3.515
2024-10-28,SE,SP | Apparel,Apparel | Layers,11725,322,193.47,680.03,3.515
2024-10-28,MW,SP | Running Shoes,Footwear | Road,17625,499,317.26,983.82,3.101
2024-10-28,MW,SP | Running Shoes,Footwear | Trail,10803,306,194.45,602.99,3.101
2024-10-28,MW,SP | Apparel,Apparel | Outerwear,14534,390,239.82,662.51,2.763
2024-10-28,MW,SP | Apparel,Apparel | Layers,11892,319,196.21,542.06,2.763
2024-10-28,MT,SP | Running Shoes,Footwear | Road,14554,426,261.97,688.33,2.628
2024-10-28,MT,SP | Running Shoes,Footwear | Trail,8920,261,160.56,421.88,2.628
2024-10-28,MT,SP | Apparel,Apparel | Outerwear,11709,325,193.2,646.94,3.349
2024-10-28,MT,SP | Apparel,Apparel | Layers,9580,266,158.07,529.31,3.349
2024-10-28,West Coast,SP | Running Shoes,Footwear | Road,25349,745,456.28,1277.13,2.799
2024-10-28,West Coast,SP | Running Shoes,Footwear | Trail,15536,457,279.66,782.75,2.799
2024-10-28,West Coast,SP | Apparel,Apparel | Outerwear,15945,446,263.1,898.54,3.415
2024-10-28,West Coast,SP | Apparel,Apparel | Layers,13046,365,215.26,735.17,3.415
2024-11-04,Northeast,SP | Running Shoes,Footwear | Road,26244,716,472.4,1437.1,3.042
2024-11-04,Northeast,SP | Running Shoes,Footwear | Trail,16085,439,289.53,880.8,3.042
2024-11-04,Northeast,SP | Apparel,Apparel | Outerwear,19984,577,329.74,1200.72,3.641
2024-11-04,Northeast,SP | Apparel,Apparel | Layers,16351,472,269.78,982.4,3.641
2024-11-04,MA,SP | Running Shoes,Footwear | Road,25550,702,459.9,1549.2,3.369
2024-11-04,MA,SP | Running Shoes,Footwear | Trail,15660,430,281.88,949.51,3.369
2024-11-04,MA,SP | Apparel,Apparel | Outerwear,16342,444,269.64,795.85,2.952
2024-11-04,MA,SP | Apparel,Apparel | Layers,13370,363,220.61,651.15,2.952
2024-11-04,SE,SP | Running Shoes,Footwear | Road,22198,648,399.57,1467.89,3.674
2024-11-04,SE,SP | Running Shoes,Footwear | Trail,13605,397,244.9,899.67,3.674
2024-11-04,SE,SP | Apparel,Apparel | Outerwear,16948,476,279.64,790.2,2.826
2024-11-04,SE,SP | Apparel,Apparel | Layers,13866,389,228.79,646.53,2.826
2024-11-04,MW,SP | Running Shoes,Footwear | Road,23475,682,422.56,1319.5,3.123
2024-11-04,MW,SP | Running Shoes,Footwear | Trail,14388,418,258.99,808.72,3.123
2024-11-04,MW,SP | Apparel,Apparel | Outerwear,15985,434,263.75,927.06,3.515
2024-11-04,MW,SP | Apparel,Apparel | Layers,13078,355,215.79,758.5,3.515
2024-11-04,MT,SP | Running Shoes,Footwear | Road,16714,493,300.85,937.16,3.115
2024-11-04,MT,SP | Running Shoes,Footwear | Trail,10244,302,184.39,574.39,3.115
2024-11-04,MT,SP | Apparel,Apparel | Outerwear,12432,362,205.12,764.28,3.726
2024-11-04,MT,SP | Apparel,Apparel | Layers,10171,296,167.83,625.32,3.726
2024-11-04,West Coast,SP | Running Shoes,Footwear | Road,25541,738,459.74,1103.99,2.401
2024-11-04,West Coast,SP | Running Shoes,Footwear | Trail,15654,452,281.78,676.64,2.401
2024-11-04,West Coast,SP | Apparel,Apparel | Outerwear,18887,508,311.63,767.13,2.462
2024-11-04,West Coast,SP | Apparel,Apparel | Layers,15453,416,254.97,627.65,2.462
2024-11-11,Northeast,SP | Running Shoes,Footwear | Road,25980,695,467.63,1157.05,2.474
2024-11-11,Northeast,SP | Running Shoes,Footwear | Trail,15923,426,286.61,709.16,2.474
2024-11-11,Northeast,SP | Apparel,Apparel | Outerwear,16681,484,275.24,889.52,3.232
2024-11-11,Northeast,SP | Apparel,Apparel | Layers,13648,396,225.2,727.79,3.232
2024-11-11,MA,SP | Running Shoes,Footwear | Road,25067,693,451.2,1144.47,2.537
2024-11-11,MA,SP | Running Shoes,Footwear | Trail,15363,425,276.54,701.45,2.537
2024-11-11,MA,SP | Apparel,Apparel | Outerwear,18292,482,301.82,826.37,2.738
2024-11-11,MA,SP | Apparel,Apparel | Layers,14966,394,246.94,676.12,2.738
2024-11-11,SE,SP | Running Shoes,Footwear | Road,21684,627,390.32,1382.54,3.542
2024-11-11,SE,SP | Running Shoes,Footwear | Trail,13290,384,239.23,847.36,3.542
2024-11-11,SE,SP | Apparel,Apparel | Outerwear,15021,420,247.85,629.11,2.538
2024-11-11,SE,SP | Apparel,Apparel | Layers,12290,343,202.79,514.73,2.538
2024-11-11,MW,SP | Running Shoes,Footwear | Road,22197,643,399.55,1387.85,3.473
2024-11-11,MW,SP | Running Shoes,Footwear | Trail,13605,394,244.89,850.61,3.473
2024-11-11,MW,SP | Apparel,Apparel | Outerwear,15848,449,261.49,774.84,2.963
2024-11-11,MW,SP | Apparel,Apparel | Layers,12967,368,213.95,633.96,2.963
2024-11-11,MT,SP | Running Shoes,Footwear | Road,19155,546,344.78,1020.61,2.96
2024-11-11,MT,SP | Running Shoes,Footwear | Trail,11740,334,211.32,625.54,2.96
2024-11-11,MT,SP | Apparel,Apparel | Outerwear,13960,369,230.35,554.27,2.406
2024-11-11,MT,SP | Apparel,Apparel | Layers,11422,302,188.47,453.5,2.406
2024-11-11,West Coast,SP | Running Shoes,Footwear | Road,23736,687,427.25,1612.58,3.774
2024-11-11,West Coast,SP | Running Shoes,Footwear | Trail,14548,421,261.86,988.35,3.774
2024-11-11,West Coast,SP | Apparel,Apparel | Outerwear,21230,562,350.3,1015.27,2.898
2024-11-11,West Coast,SP | Apparel,Apparel | Layers,17370,460,286.61,830.67,2.898
2024-11-18,Northeast,SP | Running Shoes,Footwear | Road,29040,789,522.71,1479.28,2.83
2024-11-18,Northeast,SP | Running Shoes,Footwear | Trail,17799,484,320.37,906.66,2.83
2024-11-18,Northeast,SP | Apparel,Apparel | Outerwear,19732,579,325.58,838.33,2.575
2024-11-18,Northeast,SP | Apparel,Apparel | Layers,16145,474,266.39,685.9,2.575
2024-11-18,MA,SP | Running Shoes,Footwear | Road,25400,710,457.2,1299.47,2.842
2024-11-18,MA,SP | Running Shoes,Footwear | Trail,15568,435,280.22,796.45,2.842
2024-11-18,MA,SP | Apparel,Apparel | Outerwear,18741,521,309.23,865.94,2.8
2024-11-18,MA,SP | Apparel,Apparel | Layers,15334,426,253.0,708.5,2.8
2024-11-18,SE,SP | Running Shoes,Footwear | Road,23593,682,424.68,1081.96,2.548
2024-11-18,SE,SP | Running Shoes,Footwear | Trail,14460,418,260.29,663.14,2.548
2024-11-18,SE,SP | Apparel,Apparel | Outerwear,16538,480,272.88,849.27,3.112
2024-11-18,SE,SP | Apparel,Apparel | Layers,13531,393,223.27,694.86,3.112
2024-11-18,MW,SP | Running Shoes,Footwear | Road,21244,583,382.39,1053.46,2.755
2024-11-18,MW,SP | Running Shoes,Footwear | Trail,13020,357,234.37,645.67,2.755
2024-11-18,MW,SP | Apparel,Apparel | Outerwear,18657,508,307.84,841.83,2.735
2024-11-18,MW,SP | Apparel,Apparel | Layers,15265,415,251.87,688.77,2.735
2024-11-18,MT,SP | Running Shoes,Footwear | Road,17654,493,317.77,1163.07,3.66
2024-11-18,MT,SP | Running Shoes,Footwear | Trail,10820,302,194.76,712.85,3.66
2024-11-18,MT,SP | Apparel,Apparel | Outerwear,15244,449,251.52,700.78,2.786
2024-11-18,MT,SP | Apparel,Apparel | Layers,12472,368,205.79,573.36,2.786
2024-11-18,West Coast,SP | Running Shoes,Footwear | Road,29170,810,525.05,1337.92,2.548
2024-11-18,West Coast,SP | Running Shoes,Footwear | Trail,17878,496,321.81,820.02,2.548
2024-11-18,West Coast,SP | Apparel,Apparel | Outerwear,21940,594,362.02,1125.14,3.108
2024-11-18,West Coast,SP | Apparel,Apparel | Layers,17951,486,296.2,920.57,3.108
2024-11-25,Northeast,SP | Running Shoes,Footwear | Road,24457,647,440.23,1184.98,2.692
2024-11-25,Northeast,SP | Running Shoes,Footwear | Trail,14990,397,269.82,726.28,2.692
2024-11-25,Northeast,SP | Apparel,Apparel | Outerwear,18815,515,310.45,1038.31,3.344
2024-11-25,Northeast,SP | Apparel,Apparel | Layers,15394,421,254.01,849.52,3.344
2024-11-25,MA,SP | Running Shoes,Footwear | Road,26263,752,472.73,1528.13,3.233
2024-11-25,MA,SP | Running Shoes,Footwear | Trail,16097,461,289.74,936.6,3.233
2024-11-25,MA,SP | Apparel,Apparel | Outerwear,17164,453,283.2,937.44,3.31
2024-11-25,MA,SP | Apparel,Apparel | Layers,14043,371,231.71,767.0,3.31
2024-11-25,SE,SP | Running Shoes,Footwear | Road,23737,633,427.26,1041.42,2.437
2024-11-25,SE,SP | Running Shoes,Footwear | Trail,14548,388,261.87,638.29,2.437
2024-11-25,SE,SP | Apparel,Apparel | Outerwear,17513,516,288.97,747.77,2.588
2024-11-25,SE,SP | Apparel,Apparel | Layers,14329,422,236.43,611.81,2.588
2024-11-25,MW,SP | Running Shoes,Footwear | Road,25628,728,461.3,1177.29,2.552
2024-11-25,MW,SP | Running Shoes,Footwear | Trail,15707,446,282.73,721.57,2.552
2024-11-25,MW,SP | Apparel,Apparel | Outerwear,18846,518,310.96,845.34,2.719
2024-11-25,MW,SP | Apparel,Apparel | Layers,15419,424,254.42,691.64,2.719
2024-11-25,MT,SP | Running Shoes,Footwear | Road,20110,581,361.98,913.86,2.525
2024-11-25,MT,SP | Running Shoes,Footwear | Trail,12326,356,221.86,560.11,2.525
2024-11-25,MT,SP | Apparel,Apparel | Outerwear,15451,441,254.95,900.99,3.534
2024-11-25,MT,SP | Apparel,Apparel | Layers,12642,361,208.59,737.17,3.534
2024-11-25,West Coast,SP | Running Shoes,Footwear | Road,29788,861,536.18,1939.25,3.617
2024-11-25,West Coast,SP | Running Shoes,Footwear | Trail,18257,528,328.62,1188.57,3.617
2024-11-25,West Coast,SP | Apparel,Apparel | Outerwear,21005,612,346.58,1172.56,3.383
2024-11-25,West Coast,SP | Apparel,Apparel | Layers,17186,501,283.56,959.36,3.383
2024-12-02,Northeast,SP | Running Shoes,Footwear | Road,26695,767,480.52,1693.5,3.524
2024-12-02,Northeast,SP | Running Shoes,Footwear | Trail,16362,470,294.51,1037.95,3.524
2024-12-02,Northeast,SP | Apparel,Apparel | Outerwear,18855,547,311.11,895.75,2.879
2024-12-02,Northeast,SP | Apparel,Apparel | Layers,15427,448,254.54,732.88,2.879
2024-12-02,MA,SP | Running Shoes,Footwear | Road,27113,779,488.03,1362.17,2.791
2024-12-02,MA,SP | Running Shoes,Footwear | Trail,16617,477,299.11,834.88,2.791
2024-12-02,MA,SP | Apparel,Apparel | Outerwear,17049,467,281.31,983.86,3.497
2024-12-02,MA,SP | Apparel,Apparel | Layers,13949,382,230.16,804.97,3.497
2024-12-02,SE,SP | Running Shoes,Footwear | Road,24062,655,433.12,1408.65,3.252
2024-12-02,SE,SP | Running Shoes,Footwear | Trail,14748,402,265.46,863.37,3.252
2024-12-02,SE,SP | Apparel,Apparel | Outerwear,15400,435,254.09,721.2,2.838
2024-12-02,SE,SP | Apparel,Apparel | Layers,12600,356,207.9,590.07,2.838
2024-12-02,MW,SP | Running Shoes,Footwear | Road,24962,732,449.32,1575.16,3.506
2024-12-02,MW,SP | Running Shoes,Footwear | Trail,15300,449,275.39,965.42,3.506
2024-12-02,MW,SP | Apparel,Apparel | Outerwear,19355,527,319.36,861.93,2.699
2024-12-02,MW,SP | Apparel,Apparel | Layers,15836,431,261.3,705.21,2.699
2024-12-02,MT,SP | Running Shoes,Footwear | Road,20550,578,369.91,1280.05,3.46
2024-12-02,MT,SP | Running Shoes,Footwear | Trail,12595,354,226.72,784.54,3.46
2024-12-02,MT,SP | Apparel,Apparel | Outerwear,14445,416,238.34,703.3,2.951
2024-12-02,MT,SP | Apparel,Apparel | Layers,11818,340,195.01,575.43,2.951
2024-12-02,West Coast,SP | Running Shoes,Footwear | Road,28761,810,517.7,1274.91,2.463
2024-12-02,West Coast,SP | Running Shoes,Footwear | Trail,17628,497,317.3,781.4,2.463
2024-12-02,West Coast,SP | Apparel,Apparel | Outerwear,19768,584,326.17,1012.43,3.104
2024-12-02,West Coast,SP | Apparel,Apparel | Layers,16174,477,266.86,828.36,3.104
2024-12-09,Northeast,SP | Running Shoes,Footwear | Road,26944,721,484.99,1333.99,2.751
2024-12-09,Northeast,SP | Running Shoes,Footwear | Trail,16514,442,297.25,817.61,2.751
2024-12-09,Northeast,SP | Apparel,Apparel | Outerwear,20912,559,345.05,1030.63,2.987
2024-12-09,Northeast,SP | Apparel,Apparel | Layers,17110,457,282.31,843.24,2.987
2024-12-09,MA,SP | Running Shoes,Footwear | Road,26908,734,484.35,1651.53,3.41
2024-12-09,MA,SP | Running Shoes,Footwear | Trail,16492,450,296.86,1012.23,3.41
2024-12-09,MA,SP | Apparel,Apparel | Outerwear,20582,594,339.61,1272.05,3.746
2024-12-09,MA,SP | Apparel,Apparel | Layers,16840,486,277.86,1040.77,3.746
2024-12-09,SE,SP | Running Shoes,Footwear | Road,21072,582,379.3,928.52,2.448
2024-12-09,SE,SP | Running Shoes,Footwear | Trail,12915,357,232.48,569.09,2.448
2024-12-09,SE,SP | Apparel,Apparel | Outerwear,15868,436,261.83,792.18,3.026
2024-12-09,SE,SP | Apparel,Apparel | Layers,12983,357,214.22,648.15,3.026
2024-12-09,MW,SP | Running Shoes,Footwear | Road,23895,665,430.12,1222.86,2.843
2024-12-09,MW,SP | Running Shoes,Footwear | Trail,14646,407,263.62,749.5,2.843
2024-12-09,MW,SP | Apparel,Apparel | Outerwear,18064,515,298.06,1017.11,3.412
2024-12-09,MW,SP | Apparel,Apparel | Layers,14780,421,243.87,832.18,3.412
2024-12-09,MT,SP | Running Shoes,Footwear | Road,20787,562,374.17,1066.61,2.851
2024-12-09,MT,SP | Running Shoes,Footwear | Trail,12741,344,229.33,653.73,2.851
2024-12-09,MT,SP | Apparel,Apparel | Outerwear,14215,384,234.54,816.7,3.482
2024-12-09,MT,SP | Apparel,Apparel | Layers,11630,314,191.9,668.21,3.482
2024-12-09,West Coast,SP | Running Shoes,Footwear | Road,28328,818,509.9,1761.17,3.454
2024-12-09,West Coast,SP | Running Shoes,Footwear | Trail,17362,501,312.52,1079.42,3.454
2024-12-09,West Coast,SP | Apparel,Apparel | Outerwear,21310,600,351.61,1013.27,2.882
2024-12-09,West Coast,SP | Apparel,Apparel | Layers,17435,491,287.68,829.04,2.882
2024-12-16,Northeast,SP | Running Shoes,Footwear | Road,29390,871,529.02,1274.11,2.408
2024-12-16,Northeast,SP | Running Shoes,Footwear | Trail,18013,534,324.24,780.91,2.408
2024-12-16,Northeast,SP | Apparel,Apparel | Outerwear,20173,545,332.85,846.11,2.542
2024-12-16,Northeast,SP | Apparel,Apparel | Layers,16505,446,272.34,692.27,2.542
2024-12-16,MA,SP | Running Shoes,Footwear | Road,22960,657,413.29,1234.31,2.987
2024-12-16,MA,SP | Running Shoes,Footwear | Trail,14072,402,253.3,756.51,2.987
2024-12-16,MA,SP | Apparel,Apparel | Outerwear,18584,506,306.64,879.36,2.868
2024-12-16,MA,SP | Apparel,Apparel | Layers,15205,414,250.88,719.48,2.868
2024-12-16,SE,SP | Running Shoes,Footwear | Road,21607,630,388.93,1434.34,3.688
2024-12-16,SE,SP | Running Shoes,Footwear | Trail,13243,386,238.37,879.11,3.688
2024-12-16,SE,SP | Apparel,Apparel | Outerwear,17682,497,291.75,857.31,2.939
2024-12-16,SE,SP | Apparel,Apparel | Layers,14467,407,238.7,701.44,2.939
2024-12-16,MW,SP | Running Shoes,Footwear | Road,23123,686,416.22,1127.36,2.709
2024-12-16,MW,SP | Running Shoes,Footwear | Trail,14172,420,255.1,690.96,2.709
2024-12-16,MW,SP | Apparel,Apparel | Outerwear,17760,517,293.05,766.27,2.615
2024-12-16,MW,SP | Apparel,Apparel | Layers,14531,423,239.77,626.95,2.615
2024-12-16,MT,SP | Running Shoes,Footwear | Road,20552,548,369.94,1206.31,3.261
2024-12-16,MT,SP | Running Shoes,Footwear | Trail,12596,336,226.74,739.35,3.261
2024-12-16,MT,SP | Apparel,Apparel | Outerwear,15338,423,253.07,772.08,3.051
2024-12-16,MT,SP | Apparel,Apparel | Layers,12549,346,207.06,631.7,3.051
2024-12-16,West Coast,SP | Running Shoes,Footwear | Road,29931,837,538.77,1652.17,3.067
2024-12-16,West Coast,SP | Running Shoes,Footwear | Trail,18345,513,330.21,1012.62,3.067
2024-12-16,West Coast,SP | Apparel,Apparel | Outerwear,20639,553,340.54,1210.89,3.556
2024-12-16,West Coast,SP | Apparel,Apparel | Layers,16886,452,278.62,990.73,3.556
2024-12-23,Northeast,SP | Running Shoes,Footwear | Road,27113,718,488.03,1302.06,2.668
2024-12-23,Northeast,SP | Running Shoes,Footwear | Trail,16618,440,299.12,798.04,2.668
2024-12-23,Northeast,SP | Apparel,Apparel | Outerwear,22179,591,365.96,947.8,2.59
2024-12-23,Northeast,SP | Apparel,Apparel | Layers,18147,483,299.42,775.48,2.59
2024-12-23,MA,SP | Running Shoes,Footwear | Road,28117,771,506.11,1440.15,2.846
2024-12-23,MA,SP | Running Shoes,Footwear | Trail,17233,472,310.2,882.67,2.846
2024-12-23,MA,SP | Apparel,Apparel | Outerwear,21637,574,357.01,1182.65,3.313
2024-12-23,MA,SP | Apparel,Apparel | Layers,17703,469,292.1,967.63,3.313
2024-12-23,SE,SP | Running Shoes,Footwear | Road,23143,683,416.57,1491.7,3.581
2024-12-23,SE,SP | Running Shoes,Footwear | Trail,14184,418,255.32,914.27,3.581
2024-12-23,SE,SP | Apparel,Apparel | Outerwear,17363,513,286.49,884.04,3.086
2024-12-23,SE,SP | Apparel,Apparel | Layers,14206,420,234.4,723.31,3.086
2024-12-23,MW,SP | Running Shoes,Footwear | Road,23812,691,428.62,1543.44,3.601
2024-12-23,MW,SP | Running Shoes,Footwear | Trail,14595,424,262.7,945.98,3.601
2024-12-23,MW,SP | Apparel,Apparel | Outerwear,18326,484,302.37,1020.11,3.374
2024-12-23,MW,SP | Apparel,Apparel | Layers,14994,396,247.4,834.64,3.374
2024-12-23,MT,SP | Running Shoes,Footwear | Road,20108,539,361.95,1157.95,3.199
2024-12-23,MT,SP | Running Shoes,Footwear | Trail,12324,330,221.84,709.71,3.199
2024-12-23,MT,SP | Apparel,Apparel | Outerwear,14867,424,245.31,730.78,2.979
2024-12-23,MT,SP | Apparel,Apparel | Layers,12164,347,200.71,597.91,2.979
2024-12-23,West Coast,SP | Running Shoes,Footwear | Road,33856,891,609.42,1639.21,2.69
2024-12-23,West Coast,SP | Running Shoes,Footwear | Trail,20751,546,373.51,1004.68,2.69
2024-12-23,West Coast,SP | Apparel,Apparel | Outerwear,24213,691,399.51,1083.02,2.711
2024-12-23,West Coast,SP | Apparel,Apparel | Layers,19810,565,326.87,886.11,2.711
2024-12-30,Northeast,SP | Running Shoes,Footwear | Road,28742,829,517.36,1933.39,3.737
2024-12-30,Northeast,SP | Running Shoes,Footwear | Trail,17616,508,317.09,1184.98,3.737
2024-12-30,Northeast,SP | Apparel,Apparel | Outerwear,18888,538,311.66,774.99,2.487
2024-12-30,Northeast,SP | Apparel,Apparel | Layers,15454,440,254.99,634.08,2.487
2024-12-30,MA,SP | Running Shoes,Footwear | Road,27290,801,491.22,1819.47,3.704
2024-12-30,MA,SP | Running Shoes,Footwear | Trail,16726,491,301.07,1115.16,3.704
2024-12-30,MA,SP | Apparel,Apparel | Outerwear,21281,619,351.14,1003.01,2.856
2024-12-30,MA,SP | Apparel,Apparel | Layers,17412,507,287.3,820.64,2.856
2024-12-30,SE,SP | Running Shoes,Footwear | Road,24328,675,437.91,1525.36,3.483
2024-12-30,SE,SP | Running Shoes,Footwear | Trail,14911,414,268.4,934.9,3.483
2024-12-30,SE,SP | Apparel,Apparel | Outerwear,18999,517,313.49,1005.19,3.206
2024-12-30,SE,SP | Apparel,Apparel | Layers,15545,423,256.49,822.43,3.206
2024-12-30,MW,SP | Running Shoes,Footwear | Road,26215,757,471.88,1371.24,2.906
2024-12-30,MW,SP | Running Shoes,Footwear | Trail,16067,464,289.21,840.44,2.906
2024-12-30,MW,SP | Apparel,Apparel | Outerwear,17168,473,283.27,957.92,3.382
2024-12-30,MW,SP | Apparel,Apparel | Layers,14047,387,231.77,783.76,3.382
2024-12-30,MT,SP | Running Shoes,Footwear | Road,20412,564,367.42,956.22,2.603
2024-12-30,MT,SP | Running Shoes,Footwear | Trail,12511,345,225.19,586.07,2.603
2024-12-30,MT,SP | Apparel,Apparel | Outerwear,15324,443,252.85,749.18,2.963
2024-12-30,MT,SP | Apparel,Apparel | Layers,12538,363,206.88,612.96,2.963
2024-12-30,West Coast,SP | Running Shoes,Footwear | Road,30585,810,550.52,1464.4,2.66
2024-12-30,West Coast,SP | Running Shoes,Footwear | Trail,18745,497,337.42,897.53,2.66
2024-12-30,West Coast,SP | Apparel,Apparel | Outerwear,19459,534,321.07,822.8,2.563
2024-12-30,West Coast,SP | Apparel,Apparel | Layers,15921,437,262.7,673.2,2.563
2025-01-06,Northeast,SP | Running Shoes,Footwear | Road,18640,510,335.51,1260.36,3.757
2025-01-06,Northeast,SP | Running Shoes,Footwear | Trail,11424,312,205.64,772.48,3.757
2025-01-06,Northeast,SP | Apparel,Apparel | Outerwear,14836,438,244.79,834.8,3.41
2025-01-06,Northeast,SP | Apparel,Apparel | Layers,12138,358,200.28,683.02,3.41
2025-01-06,MA,SP | Running Shoes,Footwear | Road,21664,622,389.95,1361.21,3.491
2025-01-06,MA,SP | Running Shoes,Footwear | Trail,13278,381,239.0,834.29,3.491
2025-01-06,MA,SP | Apparel,Apparel | Outerwear,15754,444,259.95,712.56,2.741
2025-01-06,MA,SP | Apparel,Apparel | Layers,12890,363,212.68,583.0,2.741
2025-01-06,SE,SP | Running Shoes,Footwear | Road,17195,488,309.51,1169.77,3.779
2025-01-06,SE,SP | Running Shoes,Footwear | Trail,10539,299,189.7,716.95,3.779
2025-01-06,SE,SP | Apparel,Apparel | Outerwear,13971,386,230.53,784.91,3.405
2025-01-06,SE,SP | Apparel,Apparel | Layers,11431,316,188.61,642.2,3.405
2025-01-06,MW,SP | Running Shoes,Footwear | Road,18879,511,339.82,852.46,2.509
2025-01-06,MW,SP | Running Shoes,Footwear | Trail,11571,313,208.28,522.48,2.509
2025-01-06,MW,SP | Apparel,Apparel | Outerwear,13364,383,220.5,735.31,3.335
2025-01-06,MW,SP | Apparel,Apparel | Layers,10934,313,180.41,601.61,3.335
2025-01-06,MT,SP | Running Shoes,Footwear | Road,15678,424,282.2,768.55,2.723
2025-01-06,MT,SP | Running Shoes,Footwear | Trail,9609,260,172.96,471.05,2.723
2025-01-06,MT,SP | Apparel,Apparel | Outerwear,10438,308,172.22,645.22,3.746
2025-01-06,MT,SP | Apparel,Apparel | Layers,8540,252,140.91,527.91,3.746
2025-01-06,West Coast,SP | Running Shoes,Footwear | Road,21429,635,385.72,1285.9,3.334
2025-01-06,West Coast,SP | Running Shoes,Footwear | Trail,13134,389,236.41,788.13,3.334
2025-01-06,West Coast,SP | Apparel,Apparel | Outerwear,15635,418,257.97,758.52,2.94
2025-01-06,West Coast,SP | Apparel,Apparel | Layers,12792,342,211.07,620.6,2.94
2025-01-13,Northeast,SP | Running Shoes,Footwear | Road,19080,505,343.44,1053.29,3.067
2025-01-13,Northeast,SP | Running Shoes,Footwear | Trail,11694,309,210.49,645.56,3.067
2025-01-13,Northeast,SP | Apparel,Apparel | Outerwear,16910,465,279.02,780.87,2.799
2025-01-13,Northeast,SP | Apparel,Apparel | Layers,13836,381,228.29,638.9,2.799
2025-01-13,MA,SP | Running Shoes,Footwear | Road,19150,558,344.69,1263.28,3.665
2025-01-13,MA,SP | Running Shoes,Footwear | Trail,11737,342,211.26,774.27,3.665
2025-01-13,MA,SP | Apparel,Apparel | Outerwear,15118,425,249.45,697.14,2.795
2025-01-13,MA,SP | Apparel,Apparel | Layers,12369,348,204.09,570.39,2.795
2025-01-13,SE,SP | Running Shoes,Footwear | Road,17726,475,319.07,1024.1,3.21
2025-01-13,SE,SP | Running Shoes,Footwear | Trail,10864,291,195.56,627.68,3.21
2025-01-13,SE,SP | Apparel,Apparel | Outerwear,12814,345,211.43,718.12,3.396
2025-01-13,SE,SP | Apparel,Apparel | Layers,10484,283,172.99,587.56,3.396
2025-01-13,MW,SP | Running Shoes,Footwear | Road,16517,462,297.3,1070.8,3.602
2025-01-13,MW,SP | Running Shoes,Footwear | Trail,10123,283,182.22,656.3,3.602
2025-01-13,MW,SP | Apparel,Apparel | Outerwear,13979,396,230.65,638.4,2.768
2025-01-13,MW,SP | Apparel,Apparel | Layers,11437,324,188.71,522.32,2.768
2025-01-13,MT,SP | Running Shoes,Footwear | Road,14388,389,258.98,958.39,3.701
2025-01-13,MT,SP | Running Shoes,Footwear | Trail,8818,238,158.73,587.4,3.701
2025-01-13,MT,SP | Apparel,Apparel | Outerwear,10778,318,177.84,586.57,3.298
2025-01-13,MT,SP | Apparel,Apparel | Layers,8818,260,145.5,479.92,3.298
2025-01-13,West Coast,SP | Running Shoes,Footwear | Road,23449,695,422.07,1216.58,2.882
2025-01-13,West Coast,SP | Running Shoes,Footwear | Trail,14372,426,258.69,745.65,2.882
2025-01-13,West Coast,SP | Apparel,Apparel | Outerwear,16999,474,280.48,733.88,2.616
2025-01-13,West Coast,SP | Apparel,Apparel | Layers,13908,388,229.49,600.45,2.616
2025-01-20,Northeast,SP | Running Shoes,Footwear | Road,22727,620,409.08,1355.96,3.315
2025-01-20,Northeast,SP | Running Shoes,Footwear | Trail,13929,380,250.73,831.07,3.315
2025-01-20,Northeast,SP | Apparel,Apparel | Outerwear,16370,460,270.1,935.49,3.463
2025-01-20,Northeast,SP | Apparel,Apparel | Layers,13393,376,220.99,765.4,3.463
2025-01-20,MA,SP | Running Shoes,Footwear | Road,18700,518,336.61,1261.89,3.749
2025-01-20,MA,SP | Running Shoes,Footwear | Trail,11462,317,206.31,773.41,3.749
2025-01-20,MA,SP | Apparel,Apparel | Outerwear,15186,428,250.56,806.84,3.22
2025-01-20,MA,SP | Apparel,Apparel | Layers,12425,350,205.0,660.14,3.22
2025-01-20,SE,SP | Running Shoes,Footwear | Road,18574,524,334.32,1056.39,3.16
2025-01-20,SE,SP | Running Shoes,Footwear | Trail,11384,321,204.91,647.47,3.16
2025-01-20,SE,SP | Apparel,Apparel | Outerwear,14792,433,244.06,844.08,3.458
2025-01-20,SE,SP | Apparel,Apparel | Layers,12102,354,199.69,690.61,3.458
2025-01-20,MW,SP | Running Shoes,Footwear | Road,17953,507,323.15,1001.65,3.1
2025-01-20,MW,SP | Running Shoes,Footwear | Trail,11003,311,198.06,613.91,3.1
2025-01-20,MW,SP | Apparel,Apparel | Outerwear,13808,373,227.83,645.1,2.831
2025-01-20,MW,SP | Apparel,Apparel | Layers,11297,305,186.41,527.81,2.831
2025-01-20,MT,SP | Running Shoes,Footwear | Road,16840,464,303.11,1041.66,3.437
2025-01-20,MT,SP | Running Shoes,Footwear | Trail,10321,284,185.78,638.43,3.437
2025-01-20,MT,SP | Apparel,Apparel | Outerwear,11209,313,184.95,506.95,2.741
2025-01-20,MT,SP | Apparel,Apparel | Layers,9171,256,151.32,414.78,2.741
2025-01-20,West Coast,SP | Running Shoes,Footwear | Road,20888,564,375.99,1162.77,3.093
2025-01-20,West Coast,SP | Running Shoes,Footwear | Trail,12802,346,230.44,712.67,3.093
2025-01-20,West Coast,SP | Apparel,Apparel | Outerwear,18307,520,302.07,834.8,2.764
2025-01-20,West Coast,SP | Apparel,Apparel | Layers,14979,425,247.15,683.02,2.764
2025-01-27,Northeast,SP | Running Shoes,Footwear | Road,23779,664,428.02,1519.47,3.55
2025-01-27,Northeast,SP | Running Shoes,Footwear | Trail,14574,407,262.34,931.29,3.55
2025-01-27,Northeast,SP | Apparel,Apparel | Outerwear,17691,479,291.9,730.22,2.502
2025-01-27,Northeast,SP | Apparel,Apparel | Layers,14474,392,238.82,597.45,2.502
2025-01-27,MA,SP | Running Shoes,Footwear | Road,21503,625,387.05,1321.59,3.414
2025-01-27,MA,SP | Running Shoes,Footwear | Trail,13179,383,237.23,810.01,3.414
2025-01-27,MA,SP | Apparel,Apparel | Outerwear,13970,372,230.51,746.17,3.237
2025-01-27,MA,SP | Apparel,Apparel | Layers,11430,304,188.6,610.51,3.237
2025-01-27,SE,SP | Running Shoes,Footwear | Road,19637,565,353.46,1190.5,3.368
2025-01-27,SE,SP | Running Shoes,Footwear | Trail,12035,346,216.64,729.66,3.368
2025-01-27,SE,SP | Apparel,Apparel | Outerwear,14707,416,242.67,852.01,3.511
2025-01-27,SE,SP | Apparel,Apparel | Layers,12033,341,198.55,697.1,3.511
2025-01-27,MW,SP | Running Shoes,Footwear | Road,20036,583,360.65,1176.23,3.261
2025-01-27,MW,SP | Running Shoes,Footwear | Trail,12280,357,221.04,720.92,3.261
2025-01-27,MW,SP | Apparel,Apparel | Outerwear,13696,386,225.98,670.75,2.968
2025-01-27,MW,SP | Apparel,Apparel | Layers,11206,316,184.89,548.79,2.968
2025-01-27,MT,SP | Running Shoes,Footwear | Road,16583,458,298.49,970.72,3.252
2025-01-27,MT,SP | Running Shoes,Footwear | Trail,10164,281,182.94,594.96,3.252
2025-01-27,MT,SP | Apparel,Apparel | Outerwear,11127,321,183.59,620.64,3.381
2025-01-27,MT,SP | Apparel,Apparel | Layers,9104,263,150.21,507.8,3.381
2025-01-27,West Coast,SP | Running Shoes,Footwear | Road,23630,650,425.33,1211.79,2.849
2025-01-27,West Coast,SP | Running Shoes,Footwear | Trail,14483,398,260.69,742.71,2.849
2025-01-27,West Coast,SP | Apparel,Apparel | Outerwear,18639,521,307.54,897.39,2.918
2025-01-27,West Coast,SP | Apparel,Apparel | Layers,15250,426,251.62,734.22,2.918
2025-02-03,Northeast,SP | Running Shoes,Footwear | Road,22595,613,406.72,1491.31,3.667
2025-02-03,Northeast,SP | Running Shoes,Footwear | Trail,13849,376,249.28,914.03,3.667
2025-02-03,Northeast,SP | Apparel,Apparel | Outerwear,15278,444,252.08,671.4,2.663
2025-02-03,Northeast,SP | Apparel,Apparel | Layers,12500,364,206.25,549.33,2.663
2025-02-03,MA,SP | Running Shoes,Footwear | Road,19831,522,356.97,1060.32,2.97
2025-02-03,MA,SP | Running Shoes,Footwear | Trail,12155,320,218.79,649.87,2.97
2025-02-03,MA,SP | Apparel,Apparel | Outerwear,15381,430,253.78,945.64,3.726
2025-02-03,MA,SP | Apparel,Apparel | Layers,12584,352,207.64,773.7,3.726
2025-02-03,SE,SP | Running Shoes,Footwear | Road,19809,587,356.56,1271.78,3.567
2025-02-03,SE,SP | Running Shoes,Footwear | Trail,12141,360,218.54,779.48,3.567
2025-02-03,SE,SP | Apparel,Apparel | Outerwear,14169,400,233.79,629.96,2.695
2025-02-03,SE,SP | Apparel,Apparel | Layers,11593,328,191.28,515.42,2.695
2025-02-03,MW,SP | Running Shoes,Footwear | Road,18969,547,341.45,1087.41,3.185
2025-02-03,MW,SP | Running Shoes,Footwear | Trail,11626,335,209.27,666.48,3.185
2025-02-03,MW,SP | Apparel,Apparel | Outerwear,13906,406,229.45,786.73,3.429
2025-02-03,MW,SP | Apparel,Apparel | Layers,11378,332,187.73,643.69,3.429
2025-02-03,MT,SP | Running Shoes,Footwear | Road,14751,398,265.52,671.2,2.528
2025-02-03,MT,SP | Running Shoes,Footwear | Trail,9041,244,162.74,411.38,2.528
2025-02-03,MT,SP | Apparel,Apparel | Outerwear,13309,360,219.6,604.16,2.751
2025-02-03,MT,SP | Apparel,Apparel | Layers,10889,294,179.67,494.31,2.751
2025-02-03,West Coast,SP | Running Shoes,Footwear | Road,25220,724,453.95,1274.74,2.808
2025-02-03,West Coast,SP | Running Shoes,Footwear | Trail,15457,444,278.23,781.29,2.808
2025-02-03,West Coast,SP | Apparel,Apparel | Outerwear,18634,521,307.47,990.36,3.221
2025-02-03,West Coast,SP | Apparel,Apparel | Layers,15246,426,251.57,810.29,3.221
2025-02-10,Northeast,SP | Running Shoes,Footwear | Road,24331,673,437.96,1515.31,3.46
2025-02-10,Northeast,SP | Running Shoes,Footwear | Trail,14913,412,268.43,928.74,3.46
2025-02-10,Northeast,SP | Apparel,Apparel | Outerwear,16689,445,275.37,668.86,2.429
2025-02-10,Northeast,SP | Apparel,Apparel | Layers,13655,364,225.3,547.25,2.429
2025-02-10,MA,SP | Running Shoes,Footwear | Road,19782,559,356.07,1249.13,3.508
2025-02-10,MA,SP | Running Shoes,Footwear | Trail,12124,343,218.24,765.6,3.508
2025-02-10,MA,SP | Apparel,Apparel | Outerwear,14908,394,245.98,800.5,3.254
2025-02-10,MA,SP | Apparel,Apparel | Layers,12197,323,201.26,654.96,3.254
2025-02-10,SE,SP | Running Shoes,Footwear | Road,17062,494,307.11,1077.08,3.507
2025-02-10,SE,SP | Running Shoes,Footwear | Trail,10457,303,188.23,660.14,3.507
2025-02-10,SE,SP | Apparel,Apparel | Outerwear,13807,401,227.82,827.32,3.632
2025-02-10,SE,SP | Apparel,Apparel | Layers,11297,328,186.4,676.9,3.632
2025-02-10,MW,SP | Running Shoes,Footwear | Road,17156,488,308.82,867.44,2.809
2025-02-10,MW,SP | Running Shoes,Footwear | Trail,10515,299,189.27,531.66,2.809
2025-02-10,MW,SP | Apparel,Apparel | Outerwear,14207,411,234.41,655.94,2.798
2025-02-10,MW,SP | Apparel,Apparel | Layers,11624,336,191.79,536.68,2.798
2025-02-10,MT,SP | Running Shoes,Footwear | Road,16147,427,290.65,986.19,3.393
2025-02-10,MT,SP | Running Shoes,Footwear | Trail,9897,262,178.14,604.44,3.393
2025-02-10,MT,SP | Apparel,Apparel | Outerwear,11545,333,190.48,636.98,3.344
2025-02-10,MT,SP | Apparel,Apparel | Layers,9446,272,155.85,521.16,3.344
2025-02-10,West Coast,SP | Running Shoes,Footwear | Road,24625,686,443.25,1577.42,3.559
2025-02-10,West Coast,SP | Running Shoes,Footwear | Trail,15093,421,271.67,966.8,3.559
2025-02-10,West Coast,SP | Apparel,Apparel | Outerwear,17117,507,282.43,683.23,2.419
2025-02-10,West Coast,SP | Apparel,Apparel | Layers,14005,415,231.08,559.01,2.419
2025-02-17,Northeast,SP | Running Shoes,Footwear | Road,19960,592,359.27,1046.06,2.912
2025-02-17,Northeast,SP | Running Shoes,Footwear | Trail,12233,363,220.2,641.13,2.912
2025-02-17,Northeast,SP | Apparel,Apparel | Outerwear,16037,439,264.61,961.58,3.634
2025-02-17,Northeast,SP | Apparel,Apparel | Layers,13121,359,216.5,786.75,3.634
2025-02-17,MA,SP | Running Shoes,Footwear | Road,19631,571,353.35,898.87,2.544
2025-02-17,MA,SP | Running Shoes,Footwear | Trail,12032,350,216.57,550.92,2.544
2025-02-17,MA,SP | Apparel,Apparel | Outerwear,15764,444,260.11,895.68,3.443
2025-02-17,MA,SP | Apparel,Apparel | Layers,12898,363,212.82,732.83,3.443
2025-02-17,SE,SP | Running Shoes,Footwear | Road,17803,518,320.45,870.06,2.715
2025-02-17,SE,SP | Running Shoes,Footwear | Trail,10911,318,196.4,533.26,2.715
2025-02-17,SE,SP | Apparel,Apparel | Outerwear,13840,396,228.36,852.68,3.734
2025-02-17,SE,SP | Apparel,Apparel | Layers,11323,324,186.84,697.64,3.734
2025-02-17,MW,SP | Running Shoes,Footwear | Road,18475,502,332.56,922.34,2.773
2025-02-17,MW,SP | Running Shoes,Footwear | Trail,11324,308,203.82,565.31,2.773
2025-02-17,MW,SP | Apparel,Apparel | Outerwear,15279,449,252.11,931.76,3.696
2025-02-17,MW,SP | Apparel,Apparel | Layers,12501,367,206.27,762.35,3.696
2025-02-17,MT,SP | Running Shoes,Footwear | Road,15942,458,286.96,1024.25,3.569
2025-02-17,MT,SP | Running Shoes,Footwear | Trail,9771,281,175.88,627.77,3.569
2025-02-17,MT,SP | Apparel,Apparel | Outerwear,11519,307,190.07,539.37,2.838
2025-02-17,MT,SP | Apparel,Apparel | Layers,9425,252,155.51,441.31,2.838
2025-02-17,West Coast,SP | Running Shoes,Footwear | Road,24025,649,432.46,1542.68,3.567
2025-02-17,West Coast,SP | Running Shoes,Footwear | Trail,14725,398,265.05,945.51,3.567
2025-02-17,West Coast,SP | Apparel,Apparel | Outerwear,19716,546,325.31,1114.52,3.426
2025-02-17,West Coast,SP | Apparel,Apparel | Layers,16131,447,266.16,911.88,3.426
2025-02-24,Northeast,SP | Running Shoes,Footwear | Road,20547,544,369.85,1383.5,3.741
2025-02-24,Northeast,SP | Running Shoes,Footwear | Trail,12593,334,226.68,847.95,3.741
2025-02-24,Northeast,SP | Apparel,Apparel | Outerwear,16634,487,274.46,938.63,3.42
2025-02-24,Northeast,SP | Apparel,Apparel | Layers,13609,398,224.56,767.97,3.42
2025-02-24,MA,SP | Running Shoes,Footwear | Road,19408,515,349.34,1218.8,3.489
2025-02-24,MA,SP | Running Shoes,Footwear | Trail,11895,315,214.11,747.01,3.489
2025-02-24,MA,SP | Apparel,Apparel | Outerwear,14795,393,244.12,877.2,3.593
2025-02-24,MA,SP | Apparel,Apparel | Layers,12105,322,199.74,717.71,3.593
2025-02-24,SE,SP | Running Shoes,Footwear | Road,19003,528,342.06,1265.13,3.699
2025-02-24,SE,SP | Running Shoes,Footwear | Trail,11647,324,209.65,775.4,3.699
2025-02-24,SE,SP | Apparel,Apparel | Outerwear,13271,361,218.97,612.48,2.797
2025-02-24,SE,SP | Apparel,Apparel | Layers,10858,295,179.15,501.12,2.797
2025-02-24,MW,SP | Running Shoes,Footwear | Road,21623,631,389.22,1091.92,2.805
2025-02-24,MW,SP | Running Shoes,Footwear | Trail,13253,387,238.55,669.24,2.805
2025-02-24,MW,SP | Apparel,Apparel | Outerwear,15170,441,250.3,606.46,2.423
2025-02-24,MW,SP | Apparel,Apparel | Layers,12412,361,204.79,496.19,2.423
2025-02-24,MT,SP | Running Shoes,Footwear | Road,17200,481,309.6,1105.48,3.571
2025-02-24,MT,SP | Running Shoes,Footwear | Trail,10542,295,189.76,677.55,3.571
2025-02-24,MT,SP | Apparel,Apparel | Outerwear,11682,343,192.76,550.33,2.855
2025-02-24,MT,SP | Apparel,Apparel | Layers,9558,281,157.71,450.27,2.855
2025-02-24,West Coast,SP | Running Shoes,Footwear | Road,25892,747,466.06,1708.98,3.667
2025-02-24,West Coast,SP | Running Shoes,Footwear | Trail,15869,458,285.65,1047.44,3.667
2025-02-24,West Coast,SP | Apparel,Apparel | Outerwear,19879,580,328.01,1165.67,3.554
2025-02-24,West Coast,SP | Apparel,Apparel | Layers,16265,475,268.37,953.73,3.554
2025-03-03,Northeast,SP | Running Shoes,Footwear | Road,26781,782,482.07,1454.9,3.018
2025-03-03,Northeast,SP | Running Shoes,Footwear | Trail,16414,479,295.46,891.71,3.018
2025-03-03,Northeast,SP | Apparel,Apparel | Outerwear,20998,584,346.46,1125.43,3.248
2025-03-03,Northeast,SP | Apparel,Apparel | Layers,17180,478,283.47,920.81,3.248
2025-03-03,MA,SP | Running Shoes,Footwear | Road,23250,669,418.5,1210.3,2.892
2025-03-03,MA,SP | Running Shoes,Footwear | Trail,14250,410,256.5,741.8,2.892
2025-03-03,MA,SP | Apparel,Apparel | Outerwear,20867,592,344.31,912.79,2.651
2025-03-03,MA,SP | Apparel,Apparel | Layers,17073,484,281.71,746.83,2.651
2025-03-03,SE,SP | Running Shoes,Footwear | Road,20423,568,367.62,1327.58,3.611
2025-03-03,SE,SP | Running Shoes,Footwear | Trail,12518,348,225.32,813.68,3.611
2025-03-03,SE,SP | Apparel,Apparel | Outerwear,17785,524,293.45,979.17,3.337
2025-03-03,SE,SP | Apparel,Apparel | Layers,14551,429,240.09,801.14,3.337
2025-03-03,MW,SP | Running Shoes,Footwear | Road,24081,684,433.46,1046.72,2.415
2025-03-03,MW,SP | Running Shoes,Footwear | Trail,14760,419,265.67,641.54,2.415
2025-03-03,MW,SP | Apparel,Apparel | Outerwear,16859,494,278.17,672.65,2.418
2025-03-03,MW,SP | Apparel,Apparel | Layers,13794,404,227.6,550.35,2.418
2025-03-03,MT,SP | Running Shoes,Footwear | Road,21240,580,382.31,1350.74,3.533
2025-03-03,MT,SP | Running Shoes,Footwear | Trail,13018,355,234.32,827.87,3.533
2025-03-03,MT,SP | Apparel,Apparel | Outerwear,14595,433,240.82,630.71,2.619
2025-03-03,MT,SP | Apparel,Apparel | Layers,11941,354,197.03,516.04,2.619
2025-03-03,West Coast,SP | Running Shoes,Footwear | Road,30227,821,544.09,1760.89,3.236
2025-03-03,West Coast,SP | Running Shoes,Footwear | Trail,18526,503,333.47,1079.26,3.236
2025-03-03,West Coast,SP | Apparel,Apparel | Outerwear,20397,590,336.56,1077.66,3.202
2025-03-03,West Coast,SP | Apparel,Apparel | Layers,16689,483,275.36,881.72,3.202
2025-03-10,Northeast,SP | Running Shoes,Footwear | Road,24033,679,432.59,1285.68,2.972
2025-03-10,Northeast,SP | Running Shoes,Footwear | Trail,14730,416,265.13,788.0,2.972
2025-03-10,Northeast,SP | Apparel,Apparel | Outerwear,18652,537,307.77,1168.66,3.797
2025-03-10,Northeast,SP | Apparel,Apparel | Layers,15261,439,251.81,956.18,3.797
2025-03-10,MA,SP | Running Shoes,Footwear | Road,25891,724,466.03,1770.68,3.799
2025-03-10,MA,SP | Running Shoes,Footwear | Trail,15868,444,285.63,1085.26,3.799
2025-03-10,MA,SP | Apparel,Apparel | Outerwear,19310,530,318.62,882.98,2.771
2025-03-10,MA,SP | Apparel,Apparel | Layers,15799,434,260.69,722.44,2.771
2025-03-10,SE,SP | Running Shoes,Footwear | Road,19968,577,359.42,1236.81,3.441
2025-03-10,SE,SP | Running Shoes,Footwear | Trail,12238,354,220.29,758.04,3.441
2025-03-10,SE,SP | Apparel,Apparel | Outerwear,14604,391,240.97,912.02,3.785
2025-03-10,SE,SP | Apparel,Apparel | Layers,11949,320,197.15,746.2,3.785
2025-03-10,MW,SP | Running Shoes,Footwear | Road,19849,532,357.28,1245.88,3.487
2025-03-10,MW,SP | Running Shoes,Footwear | Trail,12166,326,218.98,763.6,3.487
2025-03-10,MW,SP | Apparel,Apparel | Outerwear,16580,461,273.57,797.02,2.913
2025-03-10,MW,SP | Apparel,Apparel | Layers,13566,377,223.83,652.11,2.913
2025-03-10,MT,SP | Running Shoes,Footwear | Road,18680,506,336.24,844.64,2.512
2025-03-10,MT,SP | Running Shoes,Footwear | Trail,11449,310,206.08,517.68,2.512
2025-03-10,MT,SP | Apparel,Apparel | Outerwear,13317,390,219.74,752.22,3.423
2025-03-10,MT,SP | Apparel,Apparel | Layers,10896,319,179.79,615.46,3.423
2025-03-10,West Coast,SP | Running Shoes,Footwear | Road,25342,733,456.15,1100.08,2.412
2025-03-10,West Coast,SP | Running Shoes,Footwear | Trail,15532,449,279.58,674.24,2.412
2025-03-10,West Coast,SP | Apparel,Apparel | Outerwear,21392,624,352.96,900.5,2.551
2025-03-10,West Coast,SP | Apparel,Apparel | Layers,17502,511,288.79,736.77,2.551
2025-03-17,Northeast,SP | Running Shoes,Footwear | Road,26163,726,470.93,1383.38,2.938
2025-03-17,Northeast,SP | Running Shoes,Footwear | Trail,16035,445,288.63,847.88,2.938
2025-03-17,Northeast,SP | Apparel,Apparel | Outerwear,19833,564,327.25,858.22,2.623
2025-03-17,Northeast,SP | Apparel,Apparel | Layers,16227,461,267.75,702.18,2.623
2025-03-17,MA,SP | Running Shoes,Footwear | Road,23598,686,424.77,1587.35,3.737
2025-03-17,MA,SP | Running Shoes,Footwear | Trail,14463,420,260.34,972.89,3.737
2025-03-17,MA,SP | Apparel,Apparel | Outerwear,19974,546,329.57,1021.12,3.098
2025-03-17,MA,SP | Apparel,Apparel | Layers,16343,447,269.65,835.46,3.098
2025-03-17,SE,SP | Running Shoes,Footwear | Road,22219,604,399.95,1009.39,2.524
2025-03-17,SE,SP | Running Shoes,Footwear | Trail,13618,370,245.13,618.66,2.524
2025-03-17,SE,SP | Apparel,Apparel | Outerwear,16496,465,272.18,674.63,2.479
2025-03-17,SE,SP | Apparel,Apparel | Layers,13496,380,222.69,551.97,2.479
2025-03-17,MW,SP | Running Shoes,Footwear | Road,22472,601,404.5,1450.12,3.585
2025-03-17,MW,SP | Running Shoes,Footwear | Trail,13773,368,247.92,888.78,3.585
2025-03-17,MW,SP | Apparel,Apparel | Outerwear,18059,517,297.98,1061.57,3.563
2025-03-17,MW,SP | Apparel,Apparel | Layers,14776,423,243.8,868.55,3.563
2025-03-17,MT,SP | Running Shoes,Footwear | Road,19171,556,345.08,934.33,2.708
2025-03-17,MT,SP | Running Shoes,Footwear | Trail,11750,341,211.5,572.65,2.708
2025-03-17,MT,SP | Apparel,Apparel | Outerwear,15392,433,253.97,630.43,2.482
2025-03-17,MT,SP | Apparel,Apparel | Layers,12594,354,207.8,515.8,2.482
2025-03-17,West Coast,SP | Running Shoes,Footwear | Road,29867,846,537.61,1371.97,2.552
2025-03-17,West Coast,SP | Running Shoes,Footwear | Trail,18306,518,329.5,840.88,2.552
2025-03-17,West Coast,SP | Apparel,Apparel | Outerwear,22169,612,365.79,1327.01,3.628
2025-03-17,West Coast,SP | Apparel,Apparel | Layers,18138,501,299.28,1085.73,3.628
2025-03-24,Northeast,SP | Running Shoes,Footwear | Road,24471,651,440.48,1429.33,3.245
2025-03-24,Northeast,SP | Running Shoes,Footwear | Trail,14998,399,269.97,876.04,3.245
2025-03-24,Northeast,SP | Apparel,Apparel | Outerwear,20620,563,340.24,1075.46,3.161
2025-03-24,Northeast,SP | Apparel,Apparel | Layers,16871,460,278.37,879.92,3.161
2025-03-24,MA,SP | Running Shoes,Footwear | Road,21693,598,390.48,1050.56,2.69
2025-03-24,MA,SP | Running Shoes,Footwear | Trail,13296,367,239.33,643.89,2.69
2025-03-24,MA,SP | Apparel,Apparel | Outerwear,19464,545,321.15,855.28,2.663
2025-03-24,MA,SP | Apparel,Apparel | Layers,15925,446,262.76,699.78,2.663
2025-03-24,SE,SP | Running Shoes,Footwear | Road,19358,566,348.44,1283.61,3.684
2025-03-24,SE,SP | Running Shoes,Footwear | Trail,11864,347,213.56,786.73,3.684
2025-03-24,SE,SP | Apparel,Apparel | Outerwear,15233,448,251.34,857.08,3.41
2025-03-24,SE,SP | Apparel,Apparel | Layers,12463,366,205.64,701.25,3.41
2025-03-24,MW,SP | Running Shoes,Footwear | Road,22513,657,405.23,1023.15,2.525
2025-03-24,MW,SP | Running Shoes,Footwear | Trail,13798,403,248.37,627.09,2.525
2025-03-24,MW,SP | Apparel,Apparel | Outerwear,18250,533,301.12,1044.89,3.47
2025-03-24,MW,SP | Apparel,Apparel | Layers,14931,436,246.37,854.91,3.47
2025-03-24,MT,SP | Running Shoes,Footwear | Road,17278,492,311.0,1070.04,3.441
2025-03-24,MT,SP | Running Shoes,Footwear | Trail,10590,302,190.61,655.83,3.441
2025-03-24,MT,SP | Apparel,Apparel | Outerwear,14964,428,246.9,775.83,3.142
2025-03-24,MT,SP | Apparel,Apparel | Layers,12243,350,202.01,634.77,3.142
2025-03-24,West Coast,SP | Running Shoes,Footwear | Road,26300,772,473.4,1226.38,2.591
2025-03-24,West Coast,SP | Running Shoes,Footwear | Trail,16119,473,290.15,751.65,2.591
2025-03-24,West Coast,SP | Apparel,Apparel | Outerwear,18829,529,310.67,809.25,2.605
2025-03-24,West Coast,SP | Apparel,Apparel | Layers,15405,433,254.19,662.12,2.605
2025-03-31,Northeast,SP | Running Shoes,Footwear | Road,27704,776,498.67,1207.74,2.422
2025-03-31,Northeast,SP | Running Shoes,Footwear | Trail,16980,475,305.64,740.22,2.422
2025-03-31,Northeast,SP | Apparel,Apparel | Outerwear,20932,591,345.39,1041.5,3.015
2025-03-31,Northeast,SP | Apparel,Apparel | Layers,17127,483,282.59,852.14,3.015
2025-03-31,MA,SP | Running Shoes,Footwear | Road,22484,658,404.71,1098.12,2.713
2025-03-31,MA,SP | Running Shoes,Footwear | Trail,13780,403,248.05,673.04,2.713
2025-03-31,MA,SP | Apparel,Apparel | Outerwear,17094,460,282.04,832.82,2.953
2025-03-31,MA,SP | Apparel,Apparel | Layers,13986,376,230.76,681.4,2.953
2025-03-31,SE,SP | Running Shoes,Footwear | Road,22832,659,410.98,1008.57,2.454
2025-03-31,SE,SP | Running Shoes,Footwear | Trail,13994,404,251.89,618.15,2.454
2025-03-31,SE,SP | Apparel,Apparel | Outerwear,15025,406,247.92,645.98,2.606
2025-03-31,SE,SP | Apparel,Apparel | Layers,12293,332,202.84,528.53,2.606
2025-03-31,MW,SP | Running Shoes,Footwear | Road,21698,605,390.56,1449.15,3.71
2025-03-31,MW,SP | Running Shoes,Footwear | Trail,13299,371,239.38,888.19,3.71
2025-03-31,MW,SP | Apparel,Apparel | Outerwear,17717,468,292.33,1064.15,3.64
2025-03-31,MW,SP | Apparel,Apparel | Layers,14495,383,239.18,870.67,3.64
2025-03-31,MT,SP | Running Shoes,Footwear | Road,18052,529,324.94,987.44,3.039
2025-03-31,MT,SP | Running Shoes,Footwear | Trail,11064,324,199.16,605.21,3.039
2025-03-31,MT,SP | Apparel,Apparel | Outerwear,14955,415,246.75,919.56,3.727
2025-03-31,MT,SP | Apparel,Apparel | Layers,12236,340,201.89,752.36,3.727
2025-03-31,West Coast,SP | Running Shoes,Footwear | Road,29679,837,534.23,1433.23,2.683
2025-03-31,West Coast,SP | Running Shoes,Footwear | Trail,18191,513,327.43,878.43,2.683
2025-03-31,West Coast,SP | Apparel,Apparel | Outerwear,20359,590,335.92,973.37,2.898
2025-03-31,West Coast,SP | Apparel,Apparel | Layers,16657,483,274.84,796.39,2.898
2025-04-07,Northeast,SP | Running Shoes,Footwear | Road,26299,734,473.38,1314.9,2.778
2025-04-07,Northeast,SP | Running Shoes,Footwear | Trail,16119,450,290.13,805.9,2.778
2025-04-07,Northeast,SP | Apparel,Apparel | Outerwear,18601,500,306.91,909.18,2.962
2025-04-07,Northeast,SP | Apparel,Apparel | Layers,15219,409,251.11,743.88,2.962
2025-04-07,MA,SP | Running Shoes,Footwear | Road,27156,723,488.8,1364.46,2.791
2025-04-07,MA,SP | Running Shoes,Footwear | Trail,16644,443,299.59,836.28,2.791
2025-04-07,MA,SP | Apparel,Apparel | Outerwear,17592,516,290.27,944.51,3.254
2025-04-07,MA,SP | Apparel,Apparel | Layers,14394,422,237.49,772.78,3.254
2025-04-07,SE,SP | Running Shoes,Footwear | Road,21632,630,389.38,1370.35,3.519
2025-04-07,SE,SP | Running Shoes,Footwear | Trail,13259,386,238.65,839.89,3.519
2025-04-07,SE,SP | Apparel,Apparel | Outerwear,16628,486,274.36,793.93,2.894
2025-04-07,SE,SP | Apparel,Apparel | Layers,13605,397,224.48,649.58,2.894
2025-04-07,MW,SP | Running Shoes,Footwear | Road,24637,653,443.46,1068.71,2.41
2025-04-07,MW,SP | Running Shoes,Footwear | Trail,15100,400,271.8,655.02,2.41
2025-04-07,MW,SP | Apparel,Apparel | Outerwear,17827,502,294.14,828.45,2.817
2025-04-07,MW,SP | Apparel,Apparel | Layers,14585,411,240.66,677.82,2.817
2025-04-07,MT,SP | Running Shoes,Footwear | Road,17788,521,320.18,1071.91,3.348
2025-04-07,MT,SP | Running Shoes,Footwear | Trail,10902,319,196.24,656.98,3.348
2025-04-07,MT,SP | Apparel,Apparel | Outerwear,13236,355,218.39,590.55,2.704
2025-04-07,MT,SP | Apparel,Apparel | Layers,10829,290,178.68,483.18,2.704
2025-04-07,West Coast,SP | Running Shoes,Footwear | Road,28407,804,511.33,1857.85,3.633
2025-04-07,West Coast,SP | Running Shoes,Footwear | Trail,17411,493,313.4,1138.68,3.633
2025-04-07,West Coast,SP | Apparel,Apparel | Outerwear,19032,551,314.03,1172.17,3.733
2025-04-07,West Coast,SP | Apparel,Apparel | Layers,15572,451,256.93,959.05,3.733
2025-04-14,Northeast,SP | Running Shoes,Footwear | Road,28649,826,515.69,1633.91,3.168
2025-04-14,Northeast,SP | Running Shoes,Footwear | Trail,17559,506,316.07,1001.43,3.168
2025-04-14,Northeast,SP | Apparel,Apparel | Outerwear,18041,480,297.67,1116.25,3.75
2025-04-14,Northeast,SP | Apparel,Apparel | Layers,14761,393,243.55,913.3,3.75
2025-04-14,MA,SP | Running Shoes,Footwear | Road,25418,672,457.53,1382.1,3.021
2025-04-14,MA,SP | Running Shoes,Footwear | Trail,15579,412,280.42,847.09,3.021
2025-04-14,MA,SP | Apparel,Apparel | Outerwear,17617,464,290.69,744.54,2.561
2025-04-14,MA,SP | Apparel,Apparel | Layers,14414,380,237.84,609.17,2.561
2025-04-14,SE,SP | Running Shoes,Footwear | Road,21129,623,380.33,1203.8,3.165
2025-04-14,SE,SP | Running Shoes,Footwear | Trail,12950,382,233.1,737.81,3.165
2025-04-14,SE,SP | Apparel,Apparel | Outerwear,17468,482,288.22,1031.46,3.579
2025-04-14,SE,SP | Apparel,Apparel | Layers,14292,394,235.82,843.92,3.579
2025-04-14,MW,SP | Running Shoes,Footwear | Road,24603,720,442.86,1451.0,3.276
2025-04-14,MW,SP | Running Shoes,Footwear | Trail,15079,441,271.43,889.32,3.276
2025-04-14,MW,SP | Apparel,Apparel | Outerwear,15683,457,258.76,865.08,3.343
2025-04-14,MW,SP | Apparel,Apparel | Layers,12831,374,211.71,707.79,3.343
2025-04-14,MT,SP | Running Shoes,Footwear | Road,17610,506,316.98,1171.83,3.697
2025-04-14,MT,SP | Running Shoes,Footwear | Trail,10793,310,194.28,718.22,3.697
2025-04-14,MT,SP | Apparel,Apparel | Outerwear,13884,407,229.09,665.64,2.906
2025-04-14,MT,SP | Apparel,Apparel | Layers,11360,333,187.44,544.61,2.906
2025-04-14,West Coast,SP | Running Shoes,Footwear | Road,28599,770,514.79,1671.91,3.248
2025-04-14,West Coast,SP | Running Shoes,Footwear | Trail,17529,472,315.51,1024.72,3.248
2025-04-14,West Coast,SP | Apparel,Apparel | Outerwear,20849,560,344.01,1104.1,3.209
2025-04-14,West Coast,SP | Apparel,Apparel | Layers,17058,458,281.46,903.35,3.209
2025-04-21,Northeast,SP | Running Shoes,Footwear | Road,29464,812,530.36,1984.76,3.742
2025-04-21,Northeast,SP | Running Shoes,Footwear | Trail,18059,497,325.06,1216.46,3.742
2025-04-21,Northeast,SP | Apparel,Apparel | Outerwear,18993,556,313.38,960.45,3.065
2025-04-21,Northeast,SP | Apparel,Apparel | Layers,15540,455,256.41,785.82,3.065
2025-04-21,MA,SP | Running Shoes,Footwear | Road,26498,730,476.97,1774.08,3.72
2025-04-21,MA,SP | Running Shoes,Footwear | Trail,16241,447,292.33,1087.34,3.72
2025-04-21,MA,SP | Apparel,Apparel | Outerwear,20110,553,331.81,1098.33,3.31
2025-04-21,MA,SP | Apparel,Apparel | Layers,16454,452,271.48,898.63,3.31
2025-04-21,SE,SP | Running Shoes,Footwear | Road,20400,599,367.19,1249.75,3.404
2025-04-21,SE,SP | Running Shoes,Footwear | Trail,12503,367,225.05,765.98,3.404
2025-04-21,SE,SP | Apparel,Apparel | Outerwear,15985,448,263.76,700.14,2.654
2025-04-21,SE,SP | Apparel,Apparel | Layers,13079,367,215.8,572.84,2.654
2025-04-21,MW,SP | Running Shoes,Footwear | Road,22653,614,407.75,1286.81,3.156
2025-04-21,MW,SP | Running Shoes,Footwear | Trail,13884,377,249.91,788.69,3.156
2025-04-21,MW,SP | Apparel,Apparel | Outerwear,18007,478,297.12,727.69,2.449
2025-04-21,MW,SP | Apparel,Apparel | Layers,14733,391,243.1,595.38,2.449
2025-04-21,MT,SP | Running Shoes,Footwear | Road,18106,521,325.9,1232.93,3.783
2025-04-21,MT,SP | Running Shoes,Footwear | Trail,11097,319,199.75,755.67,3.783
2025-04-21,MT,SP | Apparel,Apparel | Outerwear,15216,442,251.07,686.02,2.732
2025-04-21,MT,SP | Apparel,Apparel | Layers,12450,362,205.42,561.29,2.732
2025-04-21,West Coast,SP | Running Shoes,Footwear | Road,26565,785,478.16,1562.54,3.268
2025-04-21,West Coast,SP | Running Shoes,Footwear | Trail,16282,481,293.07,957.69,3.268
2025-04-21,West Coast,SP | Apparel,Apparel | Outerwear,21980,587,362.68,924.87,2.55
2025-04-21,West Coast,SP | Apparel,Apparel | Layers,17984,481,296.74,756.71,2.55
2025-04-28,Northeast,SP | Running Shoes,Footwear | Road,27929,788,502.73,1372.53,2.73
2025-04-28,Northeast,SP | Running Shoes,Footwear | Trail,17118,483,308.12,841.23,2.73
2025-04-28,Northeast,SP | Apparel,Apparel | Outerwear,18355,529,302.86,1052.83,3.476
2025-04-28,Northeast,SP | Apparel,Apparel | Layers,15018,433,247.8,861.41,3.476
2025-04-28,MA,SP | Running Shoes,Footwear | Road,24098,691,433.76,1065.46,2.456
2025-04-28,MA,SP | Running Shoes,Footwear | Trail,14769,423,265.85,653.03,2.456
2025-04-28,MA,SP | Apparel,Apparel | Outerwear,18152,529,299.51,920.94,3.075
2025-04-28,MA,SP | Apparel,Apparel | Layers,14852,433,245.05,753.5,3.075
2025-04-28,SE,SP | Running Shoes,Footwear | Road,24388,657,438.98,1369.28,3.119
2025-04-28,SE,SP | Running Shoes,Footwear | Trail,14947,403,269.05,839.23,3.119
2025-04-28,SE,SP | Apparel,Apparel | Outerwear,15959,469,263.33,945.17,3.589
2025-04-28,SE,SP | Apparel,Apparel | Layers,13057,383,215.45,773.32,3.589
2025-04-28,MW,SP | Running Shoes,Footwear | Road,21809,579,392.57,1321.82,3.367
2025-04-28,MW,SP | Running Shoes,Footwear | Trail,13367,355,240.61,810.15,3.367
2025-04-28,MW,SP | Apparel,Apparel | Outerwear,17751,487,292.89,1105.91,3.776
2025-04-28,MW,SP | Apparel,Apparel | Layers,14523,399,239.64,904.83,3.776
2025-04-28,MT,SP | Running Shoes,Footwear | Road,19212,520,345.82,1274.33,3.685
2025-04-28,MT,SP | Running Shoes,Footwear | Trail,11775,319,211.95,781.04,3.685
2025-04-28,MT,SP | Apparel,Apparel | Outerwear,15678,448,258.68,650.67,2.515
2025-04-28,MT,SP | Apparel,Apparel | Layers,12827,366,211.65,532.37,2.515
2025-04-28,West Coast,SP | Running Shoes,Footwear | Road,28462,842,512.31,1437.63,2.806
2025-04-28,West Coast,SP | Running Shoes,Footwear | Trail,17444,516,314.0,881.13,2.806
2025-04-28,West Coast,SP | Apparel,Apparel | Outerwear,21348,628,352.24,1173.3,3.331
2025-04-28,West Coast,SP | Apparel,Apparel | Layers,17466,514,288.2,959.98,3.331
2025-05-05,Northeast,SP | Running Shoes,Footwear | Road,25894,684,466.1,1732.22,3.716
2025-05-05,Northeast,SP | Running Shoes,Footwear | Trail,15871,419,285.67,1061.68,3.716
2025-05-05,Northeast,SP | Apparel,Apparel | Outerwear,18334,493,302.51,977.47,3.231
2025-05-05,Northeast,SP | Apparel,Apparel | Layers,15000,403,247.51,799.75,3.231
2025-05-05,MA,SP | Running Shoes,Footwear | Road,24514,682,441.26,1457.6,3.303
2025-05-05,MA,SP | Running Shoes,Footwear | Trail,15025,418,270.45,893.37,3.303
2025-05-05,MA,SP | Apparel,Apparel | Outerwear,19428,566,320.56,864.76,2.698
2025-05-05,MA,SP | Apparel,Apparel | Layers,15895,463,262.27,707.53,2.698
2025-05-05,SE,SP | Running Shoes,Footwear | Road,24941,740,448.94,1311.32,2.921
2025-05-05,SE,SP | Running Shoes,Footwear | Trail,15287,454,275.16,803.71,2.921
2025-05-05,SE,SP | Apparel,Apparel | Outerwear,15993,447,263.88,896.59,3.398
2025-05-05,SE,SP | Apparel,Apparel | Layers,13085,366,215.9,733.58,3.398
2025-05-05,MW,SP | Running Shoes,Footwear | Road,25739,757,463.29,1347.03,2.908
2025-05-05,MW,SP | Running Shoes,Footwear | Trail,15775,464,283.95,825.6,2.908
2025-05-05,MW,SP | Apparel,Apparel | Outerwear,18053,489,297.87,887.49,2.979
2025-05-05,MW,SP | Apparel,Apparel | Layers,14770,400,243.71,726.13,2.979
2025-05-05,MT,SP | Running Shoes,Footwear | Road,18384,533,330.91,1028.84,3.109
2025-05-05,MT,SP | Running Shoes,Footwear | Trail,11268,327,202.82,630.58,3.109
2025-05-05,MT,SP | Apparel,Apparel | Outerwear,15851,428,261.54,830.58,3.176
2025-05-05,MT,SP | Apparel,Apparel | Layers,12969,350,213.98,679.56,3.176
2025-05-05,West Coast,SP | Running Shoes,Footwear | Road,30278,868,545.0,2040.12,3.743
2025-05-05,West Coast,SP | Running Shoes,Footwear | Trail,18557,532,334.03,1250.39,3.743
2025-05-05,West Coast,SP | Apparel,Apparel | Outerwear,23508,685,387.88,1331.0,3.431
2025-05-05,West Coast,SP | Apparel,Apparel | Layers,19234,561,317.36,1089.0,3.431
2025-05-12,Northeast,SP | Running Shoes,Footwear | Road,28154,787,506.78,1810.53,3.573
2025-05-12,Northeast,SP | Running Shoes,Footwear | Trail,17256,482,310.61,1109.68,3.573
2025-05-12,Northeast,SP | Apparel,Apparel | Outerwear,21646,610,357.17,1348.49,3.776
2025-05-12,Northeast,SP | Apparel,Apparel | Layers,17711,499,292.23,1103.31,3.776
2025-05-12,MA,SP | Running Shoes,Footwear | Road,29112,773,524.02,1423.63,2.717
2025-05-12,MA,SP | Running Shoes,Footwear | Trail,17843,474,321.17,872.55,2.717
2025-05-12,MA,SP | Apparel,Apparel | Outerwear,20695,561,341.47,905.39,2.651
2025-05-12,MA,SP | Apparel,Apparel | Layers,16932,459,279.38,740.77,2.651
2025-05-12,SE,SP | Running Shoes,Footwear | Road,22223,629,400.01,1443.71,3.609
2025-05-12,SE,SP | Running Shoes,Footwear | Trail,13620,386,245.17,884.85,3.609
2025-05-12,SE,SP | Apparel,Apparel | Outerwear,19590,550,323.23,952.46,2.947
2025-05-12,SE,SP | Apparel,Apparel | Layers,16028,450,264.46,779.29,2.947
2025-05-12,MW,SP | Running Shoes,Footwear | Road,25803,711,464.46,1552.01,3.342
2025-05-12,MW,SP | Running Shoes,Footwear | Trail,15815,436,284.67,951.23,3.342
2025-05-12,MW,SP | Apparel,Apparel | Outerwear,19505,531,321.83,1114.24,3.462
2025-05-12,MW,SP | Apparel,Apparel | Layers,15958,434,263.31,911.65,3.462
2025-05-12,MT,SP | Running Shoes,Footwear | Road,20939,562,376.9,1158.52,3.074
2025-05-12,MT,SP | Running Shoes,Footwear | Trail,12834,344,231.0,710.06,3.074
2025-05-12,MT,SP | Apparel,Apparel | Outerwear,15731,457,259.56,965.44,3.72
2025-05-12,MT,SP | Apparel,Apparel | Layers,12871,374,212.36,789.91,3.72
2025-05-12,West Coast,SP | Running Shoes,Footwear | Road,34255,930,616.59,2328.72,3.777
2025-05-12,West Coast,SP | Running Shoes,Footwear | Trail,20995,570,377.91,1427.28,3.777
2025-05-12,West Coast,SP | Apparel,Apparel | Outerwear,23264,667,383.86,973.26,2.535
2025-05-12,West Coast,SP | Apparel,Apparel | Layers,19034,546,314.07,796.3,2.535
2025-05-19,Northeast,SP | Running Shoes,Footwear | Road,29921,852,538.57,1407.4,2.613
2025-05-19,Northeast,SP | Running Shoes,Footwear | Trail,18338,522,330.09,862.6,2.613
2025-05-19,Northeast,SP | Apparel,Apparel | Outerwear,20272,595,334.49,1092.51,3.266
2025-05-19,Northeast,SP | Apparel,Apparel | Layers,16586,487,273.68,893.87,3.266
2025-05-19,MA,SP | Running Shoes,Footwear | Road,26408,695,475.34,1204.7,2.534
2025-05-19,MA,SP | Running Shoes,Footwear | Trail,16185,426,291.34,738.36,2.534
2025-05-19,MA,SP | Apparel,Apparel | Outerwear,20361,538,335.95,1088.3,3.239
2025-05-19,MA,SP | Apparel,Apparel | Layers,16659,440,274.87,890.43,3.239
2025-05-19,SE,SP | Running Shoes,Footwear | Road,24846,729,447.23,1303.55,2.915
2025-05-19,SE,SP | Running Shoes,Footwear | Trail,15228,447,274.11,798.95,2.915
2025-05-19,SE,SP | Apparel,Apparel | Outerwear,15858,451,261.66,954.86,3.649
2025-05-19,SE,SP | Apparel,Apparel | Layers,12975,369,214.08,781.25,3.649
2025-05-19,MW,SP | Running Shoes,Footwear | Road,25213,691,453.83,1405.25,3.096
2025-05-19,MW,SP | Running Shoes,Footwear | Trail,15453,424,278.16,861.28,3.096
2025-05-19,MW,SP | Apparel,Apparel | Outerwear,18807,539,310.31,1016.53,3.276
2025-05-19,MW,SP | Apparel,Apparel | Layers,15387,441,253.89,831.71,3.276
2025-05-19,MT,SP | Running Shoes,Footwear | Road,18475,546,332.54,901.6,2.711
2025-05-19,MT,SP | Running Shoes,Footwear | Trail,11323,335,203.82,552.59,2.711
2025-05-19,MT,SP | Apparel,Apparel | Outerwear,16195,459,267.22,957.43,3.583
2025-05-19,MT,SP | Apparel,Apparel | Layers,13251,375,218.64,783.35,3.583
2025-05-19,West Coast,SP | Running Shoes,Footwear | Road,30033,873,540.6,1707.21,3.158
2025-05-19,West Coast,SP | Running Shoes,Footwear | Trail,18408,535,331.34,1046.36,3.158
2025-05-19,West Coast,SP | Apparel,Apparel | Outerwear,22726,647,374.97,1176.35,3.137
2025-05-19,West Coast,SP | Apparel,Apparel | Layers,18594,529,306.8,962.47,3.137
2025-05-26,Northeast,SP | Running Shoes,Footwear | Road,25396,675,457.12,1459.48,3.193
2025-05-26,Northeast,SP | Running Shoes,Footwear | Trail,15565,414,280.17,894.52,3.193
2025-05-26,Northeast,SP | Apparel,Apparel | Outerwear,22757,669,375.48,1349.3,3.593
2025-05-26,Northeast,SP | Apparel,Apparel | Layers,18619,548,307.21,1103.97,3.593
2025-05-26,MA,SP | Running Shoes,Footwear | Road,23974,646,431.54,1408.18,3.263
2025-05-26,MA,SP | Running Shoes,Footwear | Trail,14694,396,264.49,863.08,3.263
2025-05-26,MA,SP | Apparel,Apparel | Outerwear,20494,577,338.15,1207.41,3.571
2025-05-26,MA,SP | Apparel,Apparel | Layers,16768,472,276.67,987.88,3.571
2025-05-26,SE,SP | Running Shoes,Footwear | Road,22914,634,412.46,1150.59,2.79
2025-05-26,SE,SP | Running Shoes,Footwear | Trail,14044,389,252.8,705.2,2.79
2025-05-26,SE,SP | Apparel,Apparel | Outerwear,16798,480,277.17,1034.33,3.732
2025-05-26,SE,SP | Apparel,Apparel | Layers,13744,393,226.78,846.27,3.732
2025-05-26,MW,SP | Running Shoes,Footwear | Road,24214,713,435.85,1219.14,2.797
2025-05-26,MW,SP | Running Shoes,Footwear | Trail,14841,437,267.13,747.21,2.797
2025-05-26,MW,SP | Apparel,Apparel | Outerwear,17013,488,280.71,830.13,2.957
2025-05-26,MW,SP | Apparel,Apparel | Layers,13920,399,229.68,679.2,2.957
2025-05-26,MT,SP | Running Shoes,Footwear | Road,19462,522,350.32,1267.52,3.618
2025-05-26,MT,SP | Running Shoes,Footwear | Trail,11929,320,214.71,776.87,3.618
2025-05-26,MT,SP | Apparel,Apparel | Outerwear,13619,398,224.72,721.78,3.212
2025-05-26,MT,SP | Apparel,Apparel | Layers,11143,326,183.86,590.55,3.212
2025-05-26,West Coast,SP | Running Shoes,Footwear | Road,31821,925,572.77,2055.48,3.589
2025-05-26,West Coast,SP | Running Shoes,Footwear | Trail,19503,567,351.05,1259.81,3.589
2025-05-26,West Coast,SP | Apparel,Apparel | Outerwear,21595,592,356.32,858.69,2.41
2025-05-26,West Coast,SP | Apparel,Apparel | Layers,17669,484,291.53,702.57,2.41
2025-06-02,Northeast,SP | Running Shoes,Footwear | Road,27838,823,501.08,1518.61,3.031
2025-06-02,Northeast,SP | Running Shoes,Footwear | Trail,17062,504,307.11,930.76,3.031
2025-06-02,Northeast,SP | Apparel,Apparel | Outerwear,18832,519,310.73,1123.35,3.615
2025-06-02,Northeast,SP | Apparel,Apparel | Layers,15408,425,254.24,919.11,3.615
2025-06-02,MA,SP | Running Shoes,Footwear | Road,24748,672,445.47,1137.82,2.554
2025-06-02,MA,SP | Running Shoes,Footwear | Trail,15168,412,273.03,697.37,2.554
2025-06-02,MA,SP | Apparel,Apparel | Outerwear,17410,487,287.26,902.08,3.14
2025-06-02,MA,SP | Apparel,Apparel | Layers,14244,399,235.03,738.07,3.14
2025-06-02,SE,SP | Running Shoes,Footwear | Road,21178,567,381.21,1353.72,3.551
2025-06-02,SE,SP | Running Shoes,Footwear | Trail,12980,348,233.64,829.7,3.551
2025-06-02,SE,SP | Apparel,Apparel | Outerwear,17611,473,290.59,1079.82,3.716
2025-06-02,SE,SP | Apparel,Apparel | Layers,14409,387,237.75,883.49,3.716
2025-06-02,MW,SP | Running Shoes,Footwear | Road,20887,555,375.96,1216.9,3.237
2025-06-02,MW,SP | Running Shoes,Footwear | Trail,12802,340,230.43,745.84,3.237
2025-06-02,MW,SP | Apparel,Apparel | Outerwear,15803,442,260.75,692.16,2.654
2025-06-02,MW,SP | Apparel,Apparel | Layers,12930,361,213.34,566.31,2.654
2025-06-02,MT,SP | Running Shoes,Footwear | Road,19199,528,345.59,969.56,2.806
2025-06-02,MT,SP | Running Shoes,Footwear | Trail,11767,323,211.81,594.25,2.806
2025-06-02,MT,SP | Apparel,Apparel | Outerwear,13271,384,218.97,627.85,2.867
2025-06-02,MT,SP | Apparel,Apparel | Layers,10858,314,179.16,513.7,2.867
2025-06-02,West Coast,SP | Running Shoes,Footwear | Road,28476,763,512.56,1300.54,2.537
2025-06-02,West Coast,SP | Running Shoes,Footwear | Trail,17453,468,314.15,797.1,2.537
2025-06-02,West Coast,SP | Apparel,Apparel | Outerwear,18299,535,301.94,933.81,3.093
2025-06-02,West Coast,SP | Apparel,Apparel | Layers,14972,438,247.04,764.03,3.093
2025-06-09,Northeast,SP | Running Shoes,Footwear | Road,27932,788,502.78,1264.97,2.516
2025-06-09,Northeast,SP | Running Shoes,Footwear | Trail,17120,483,308.15,775.3,2.516
2025-06-09,Northeast,SP | Apparel,Apparel | Outerwear,19681,521,324.73,1051.01,3.237
2025-06-09,Northeast,SP | Apparel,Apparel | Layers,16102,427,265.69,859.92,3.237
2025-06-09,MA,SP | Running Shoes,Footwear | Road,22840,644,411.12,1422.41,3.46
2025-06-09,MA,SP | Running Shoes,Footwear | Trail,13999,395,251.98,871.8,3.46
2025-06-09,MA,SP | Apparel,Apparel | Outerwear,16245,478,268.04,887.34,3.31
2025-06-09,MA,SP | Apparel,Apparel | Layers,13291,391,219.31,726.0,3.31
2025-06-09,SE,SP | Running Shoes,Footwear | Road,22530,639,405.53,1301.95,3.21
2025-06-09,SE,SP | Running Shoes,Footwear | Trail,13809,392,248.55,797.97,3.21
2025-06-09,SE,SP | Apparel,Apparel | Outerwear,14245,399,235.04,711.14,3.026
2025-06-09,SE,SP | Apparel,Apparel | Layers,11655,327,192.31,581.84,3.026
2025-06-09,MW,SP | Running Shoes,Footwear | Road,21460,626,386.28,996.98,2.581
2025-06-09,MW,SP | Running Shoes,Footwear | Trail,13153,384,236.75,611.05,2.581
2025-06-09,MW,SP | Apparel,Apparel | Outerwear,17580,515,290.07,982.67,3.388
2025-06-09,MW,SP | Apparel,Apparel | Layers,14384,421,237.33,804.01,3.388
2025-06-09,MT,SP | Running Shoes,Footwear | Road,20264,599,364.75,973.71,2.67
2025-06-09,MT,SP | Running Shoes,Footwear | Trail,12420,367,223.56,596.79,2.67
2025-06-09,MT,SP | Apparel,Apparel | Outerwear,14540,420,239.91,741.19,3.089
2025-06-09,MT,SP | Apparel,Apparel | Layers,11897,344,196.29,606.43,3.089
2025-06-09,West Coast,SP | Running Shoes,Footwear | Road,24423,657,439.61,1121.44,2.551
2025-06-09,West Coast,SP | Running Shoes,Footwear | Trail,14969,402,269.44,687.33,2.551
2025-06-09,West Coast,SP | Apparel,Apparel | Outerwear,19388,556,319.9,1077.47,3.368
2025-06-09,West Coast,SP | Apparel,Apparel | Layers,15863,455,261.74,881.57,3.368
2025-06-16,Northeast,SP | Running Shoes,Footwear | Road,23103,632,415.85,1379.13,3.316
2025-06-16,Northeast,SP | Running Shoes,Footwear | Trail,14160,387,254.88,845.27,3.316
2025-06-16,Northeast,SP | Apparel,Apparel | Outerwear,20321,544,335.3,1033.92,3.084
2025-06-16,Northeast,SP | Apparel,Apparel | Layers,16626,445,274.34,845.93,3.084
2025-06-16,MA,SP | Running Shoes,Footwear | Road,24273,640,436.91,1530.22,3.502
2025-06-16,MA,SP | Running Shoes,Footwear | Trail,14877,393,267.79,937.88,3.502
2025-06-16,MA,SP | Apparel,Apparel | Outerwear,18041,532,297.67,1009.48,3.391
2025-06-16,MA,SP | Apparel,Apparel | Layers,14761,435,243.55,825.94,3.391
2025-06-16,SE,SP | Running Shoes,Footwear | Road,22682,635,408.28,1024.41,2.509
2025-06-16,SE,SP | Running Shoes,Footwear | Trail,13902,389,250.23,627.86,2.509
2025-06-16,SE,SP | Apparel,Apparel | Outerwear,15684,418,258.79,843.28,3.259
2025-06-16,SE,SP | Apparel,Apparel | Layers,12833,342,211.74,689.95,3.259
2025-06-16,MW,SP | Running Shoes,Footwear | Road,23484,622,422.72,1209.56,2.861
2025-06-16,MW,SP | Running Shoes,Footwear | Trail,14394,381,259.08,741.34,2.861
2025-06-16,MW,SP | Apparel,Apparel | Outerwear,14931,397,246.37,675.48,2.742
2025-06-16,MW,SP | Apparel,Apparel | Layers,12217,324,201.57,552.66,2.742
2025-06-16,MT,SP | Running Shoes,Footwear | Road,17249,486,310.49,908.36,2.926
2025-06-16,MT,SP | Running Shoes,Footwear | Trail,10572,298,190.3,556.74,2.926
2025-06-16,MT,SP | Apparel,Apparel | Outerwear,15360,454,253.43,824.93,3.255
2025-06-16,MT,SP | Apparel,Apparel | Layers,12567,372,207.36,674.94,3.255
2025-06-16,West Coast,SP | Running Shoes,Footwear | Road,27124,716,488.23,1270.25,2.602
2025-06-16,West Coast,SP | Running Shoes,Footwear | Trail,16624,439,299.24,778.54,2.602
2025-06-16,West Coast,SP | Apparel,Apparel | Outerwear,21727,619,358.5,1167.57,3.257
2025-06-16,West Coast,SP | Apparel,Apparel | Layers,17777,506,293.31,955.29,3.257
2025-06-23,Northeast,SP | Running Shoes,Footwear | Road,24553,697,441.95,1417.42,3.207
2025-06-23,Northeast,SP | Running Shoes,Footwear | Trail,15049,427,270.87,868.74,3.207
2025-06-23,Northeast,SP | Apparel,Apparel | Outerwear,17004,457,280.57,1004.27,3.579
2025-06-23,Northeast,SP | Apparel,Apparel | Layers,13913,374,229.56,821.67,3.579
2025-06-23,MA,SP | Running Shoes,Footwear | Road,25695,751,462.5,1688.61,3.651
2025-06-23,MA,SP | Running Shoes,Footwear | Trail,15748,460,283.47,1034.95,3.651
2025-06-23,MA,SP | Apparel,Apparel | Outerwear,19231,566,317.31,801.68,2.527
2025-06-23,MA,SP | Apparel,Apparel | Layers,15734,463,259.61,655.92,2.527
2025-06-23,SE,SP | Running Shoes,Footwear | Road,18734,535,337.2,997.02,2.957
2025-06-23,SE,SP | Running Shoes,Footwear | Trail,11482,328,206.67,611.08,2.957
2025-06-23,SE,SP | Apparel,Apparel | Outerwear,17058,455,281.46,814.54,2.894
2025-06-23,SE,SP | Apparel,Apparel | Layers,13957,372,230.29,666.44,2.894
2025-06-23,MW,SP | Running Shoes,Footwear | Road,21316,597,383.68,1331.68,3.471
2025-06-23,MW,SP | Running Shoes,Footwear | Trail,13065,366,235.16,816.19,3.471
2025-06-23,MW,SP | Apparel,Apparel | Outerwear,16237,468,267.91,681.99,2.546
2025-06-23,MW,SP | Apparel,Apparel | Layers,13285,383,219.2,557.99,2.546
2025-06-23,MT,SP | Running Shoes,Footwear | Road,17172,458,309.1,1058.14,3.423
2025-06-23,MT,SP | Running Shoes,Footwear | Trail,10525,280,189.45,648.54,3.423
2025-06-23,MT,SP | Apparel,Apparel | Outerwear,12955,370,213.76,700.58,3.277
2025-06-23,MT,SP | Apparel,Apparel | Layers,10600,303,174.9,573.2,3.277
2025-06-23,West Coast,SP | Running Shoes,Footwear | Road,26424,738,475.63,1150.63,2.419
2025-06-23,West Coast,SP | Running Shoes,Footwear | Trail,16195,452,291.52,705.22,2.419
2025-06-23,West Coast,SP | Apparel,Apparel | Outerwear,18238,501,300.93,1048.93,3.486
2025-06-23,West Coast,SP | Apparel,Apparel | Layers,14922,410,246.21,858.22,3.486
2025-06-30,Northeast,SP | Running Shoes,Footwear | Road,22307,591,401.53,1075.6,2.679
2025-06-30,Northeast,SP | Running Shoes,Footwear | Trail,13672,362,246.1,659.24,2.679
2025-06-30,Northeast,SP | Apparel,Apparel | Outerwear,17209,479,283.94,682.57,2.404
2025-06-30,Northeast,SP | Apparel,Apparel | Layers,14080,392,232.32,558.47,2.404
2025-06-30,MA,SP | Running Shoes,Footwear | Road,23145,667,416.6,1161.45,2.788
2025-06-30,MA,SP | Running Shoes,Footwear | Trail,14185,409,255.34,711.86,2.788
2025-06-30,MA,SP | Apparel,Apparel | Outerwear,19100,548,315.16,1115.29,3.539
2025-06-30,MA,SP | Apparel,Apparel | Layers,15628,449,257.85,912.51,3.539
2025-06-30,SE,SP | Running Shoes,Footwear | Road,22454,652,404.18,1434.56,3.549
2025-06-30,SE,SP | Running Shoes,Footwear | Trail,13762,400,247.72,879.24,3.549
2025-06-30,SE,SP | Apparel,Apparel | Outerwear,15304,413,252.51,647.55,2.564
2025-06-30,SE,SP | Apparel,Apparel | Layers,12521,338,206.6,529.82,2.564
2025-06-30,MW,SP | Running Shoes,Footwear | Road,22450,594,404.1,1292.3,3.198
2025-06-30,MW,SP | Running Shoes,Footwear | Trail,13760,364,247.67,792.05,3.198
2025-06-30,MW,SP | Apparel,Apparel | Outerwear,17154,476,283.03,844.39,2.983
2025-06-30,MW,SP | Apparel,Apparel | Layers,14035,390,231.57,690.86,2.983
2025-06-30,MT,SP | Running Shoes,Footwear | Road,19740,541,355.32,955.18,2.688
2025-06-30,MT,SP | Running Shoes,Footwear | Trail,12099,332,217.78,585.44,2.688
2025-06-30,MT,SP | Apparel,Apparel | Outerwear,12803,361,211.25,657.6,3.113
2025-06-30,MT,SP | Apparel,Apparel | Layers,10475,296,172.84,538.04,3.113
2025-06-30,West Coast,SP | Running Shoes,Footwear | Road,29074,779,523.33,1319.35,2.521
2025-06-30,West Coast,SP | Running Shoes,Footwear | Trail,17819,477,320.75,808.63,2.521
2025-06-30,West Coast,SP | Apparel,Apparel | Outerwear,21228,575,350.27,1182.71,3.377
2025-06-30,West Coast,SP | Apparel,Apparel | Layers,17369,470,286.58,967.67,3.377
2025-07-07,Northeast,SP | Running Shoes,Footwear | Road,24985,725,449.73,1571.15,3.494
2025-07-07,Northeast,SP | Running Shoes,Footwear | Trail,15313,444,275.64,962.96,3.494
2025-07-07,Northeast,SP | Apparel,Apparel | Outerwear,17823,502,294.08,723.53,2.46
2025-07-07,Northeast,SP | Apparel,Apparel | Layers,14583,410,240.61,591.98,2.46
2025-07-07,MA,SP | Running Shoes,Footwear | Road,24614,680,443.06,1520.78,3.432
2025-07-07,MA,SP | Running Shoes,Footwear | Trail,15086,417,271.55,932.09,3.432
2025-07-07,MA,SP | Apparel,Apparel | Outerwear,16263,441,268.34,1003.35,3.739
2025-07-07,MA,SP | Apparel,Apparel | Layers,13306,361,219.55,820.92,3.739
2025-07-07,SE,SP | Running Shoes,Footwear | Road,22027,626,396.48,1012.36,2.553
2025-07-07,SE,SP | Running Shoes,Footwear | Trail,13500,384,243.0,620.48,2.553
2025-07-07,SE,SP | Apparel,Apparel | Outerwear,16417,438,270.89,860.67,3.177
2025-07-07,SE,SP | Apparel,Apparel | Layers,13432,358,221.63,704.19,3.177
2025-07-07,MW,SP | Running Shoes,Footwear | Road,22105,641,397.89,1436.02,3.609
2025-07-07,MW,SP | Running Shoes,Footwear | Trail,13548,393,243.87,880.14,3.609
2025-07-07,MW,SP | Apparel,Apparel | Outerwear,17103,470,282.21,822.99,2.916
2025-07-07,MW,SP | Apparel,Apparel | Layers,13994,384,230.9,673.36,2.916
2025-07-07,MT,SP | Running Shoes,Footwear | Road,18409,517,331.36,1010.84,3.051
2025-07-07,MT,SP | Running Shoes,Footwear | Trail,11283,317,203.09,619.54,3.051
2025-07-07,MT,SP | Apparel,Apparel | Outerwear,13978,384,230.63,642.56,2.786
2025-07-07,MT,SP | Apparel,Apparel | Layers,11436,314,188.7,525.73,2.786
2025-07-07,West Coast,SP | Running Shoes,Footwear | Road,25273,714,454.92,1250.33,2.748
2025-07-07,West Coast,SP | Running Shoes,Footwear | Trail,15490,438,278.82,766.33,2.748
2025-07-07,West Coast,SP | Apparel,Apparel | Outerwear,19998,590,329.97,810.78,2.457
2025-07-07,West Coast,SP | Apparel,Apparel | Layers,16362,483,269.97,663.37,2.457
2025-07-14,Northeast,SP | Running Shoes,Footwear | Road,25130,700,452.34,1454.45,3.215
2025-07-14,Northeast,SP | Running Shoes,Footwear | Trail,15402,429,277.24,891.44,3.215
2025-07-14,Northeast,SP | Apparel,Apparel | Outerwear,19331,514,318.96,825.22,2.587
2025-07-14,Northeast,SP | Apparel,Apparel | Layers,15816,420,260.97,675.18,2.587
2025-07-14,MA,SP | Running Shoes,Footwear | Road,22312,602,401.61,1126.98,2.806
2025-07-14,MA,SP | Running Shoes,Footwear | Trail,13675,369,246.15,690.73,2.806
2025-07-14,MA,SP | Apparel,Apparel | Outerwear,17175,505,283.38,804.76,2.84
2025-07-14,MA,SP | Apparel,Apparel | Layers,14052,413,231.86,658.44,2.84
2025-07-14,SE,SP | Running Shoes,Footwear | Road,20545,573,369.81,991.69,2.682
2025-07-14,SE,SP | Running Shoes,Footwear | Trail,12592,351,226.66,607.81,2.682
2025-07-14,SE,SP | Apparel,Apparel | Outerwear,15255,434,251.71,666.64,2.648
2025-07-14,SE,SP | Apparel,Apparel | Layers,12482,355,205.95,545.43,2.648
2025-07-14,MW,SP | Running Shoes,Footwear | Road,22158,653,398.85,1083.47,2.716
2025-07-14,MW,SP | Running Shoes,Footwear | Trail,13581,400,244.45,664.06,2.716
2025-07-14,MW,SP | Apparel,Apparel | Outerwear,16343,472,269.66,997.98,3.701
2025-07-14,MW,SP | Apparel,Apparel | Layers,13372,386,220.63,816.53,3.701
2025-07-14,MT,SP | Running Shoes,Footwear | Road,19310,514,347.58,1130.59,3.253
2025-07-14,MT,SP | Running Shoes,Footwear | Trail,11835,315,213.03,692.94,3.253
2025-07-14,MT,SP | Apparel,Apparel | Outerwear,12320,330,203.29,693.02,3.409
2025-07-14,MT,SP | Apparel,Apparel | Layers,10080,270,166.33,567.01,3.409
2025-07-14,West Coast,SP | Running Shoes,Footwear | Road,24412,707,439.41,1599.03,3.639
2025-07-14,West Coast,SP | Running Shoes,Footwear | Trail,14962,433,269.31,980.05,3.639
2025-07-14,West Coast,SP | Apparel,Apparel | Outerwear,17641,520,291.08,785.28,2.698
2025-07-14,West Coast,SP | Apparel,Apparel | Layers,14434,425,238.16,642.5,2.698
2025-07-21,Northeast,SP | Running Shoes,Footwear | Road,24750,706,445.49,1323.37,2.971
2025-07-21,Northeast,SP | Running Shoes,Footwear | Trail,15169,433,273.05,811.1,2.971
2025-07-21,Northeast,SP | Apparel,Apparel | Outerwear,20874,565,344.42,883.03,2.564
2025-07-21,Northeast,SP | Apparel,Apparel | Layers,17079,462,281.8,722.48,2.564
2025-07-21,MA,SP | Running Shoes,Footwear | Road,23072,639,415.3,1533.52,3.693
2025-07-21,MA,SP | Running Shoes,Footwear | Trail,14141,392,254.54,939.9,3.693
2025-07-21,MA,SP | Apparel,Apparel | Outerwear,18222,500,300.66,898.34,2.988
2025-07-21,MA,SP | Apparel,Apparel | Layers,14909,409,245.99,735.01,2.988
2025-07-21,SE,SP | Running Shoes,Footwear | Road,24122,697,434.19,1065.85,2.455
2025-07-21,SE,SP | Running Shoes,Footwear | Trail,14784,427,266.12,653.26,2.455
2025-07-21,SE,SP | Apparel,Apparel | Outerwear,15729,464,259.53,967.29,3.727
2025-07-21,SE,SP | Apparel,Apparel | Layers,12869,380,212.34,791.42,3.727
2025-07-21,MW,SP | Running Shoes,Footwear | Road,21428,569,385.7,1221.87,3.168
2025-07-21,MW,SP | Running Shoes,Footwear | Trail,13133,349,236.4,748.89,3.168
2025-07-21,MW,SP | Apparel,Apparel | Outerwear,17115,491,282.4,679.41,2.406
2025-07-21,MW,SP | Apparel,Apparel | Layers,14003,402,231.05,555.88,2.406
2025-07-21,MT,SP | Running Shoes,Footwear | Road,19644,531,353.6,1302.74,3.684
2025-07-21,MT,SP | Running Shoes,Footwear | Trail,12040,326,216.72,798.45,3.684
2025-07-21,MT,SP | Apparel,Apparel | Outerwear,13609,385,224.55,654.85,2.916
2025-07-21,MT,SP | Apparel,Apparel | Layers,11135,315,183.73,535.78,2.916
2025-07-21,West Coast,SP | Running Shoes,Footwear | Road,28151,791,506.72,1783.04,3.519
2025-07-21,West Coast,SP | Running Shoes,Footwear | Trail,17254,485,310.57,1092.83,3.519
2025-07-21,West Coast,SP | Apparel,Apparel | Outerwear,22941,612,378.52,1163.39,3.074
2025-07-21,West Coast,SP | Apparel,Apparel | Layers,18770,501,309.7,951.86,3.074
2025-07-28,Northeast,SP | Running Shoes,Footwear | Road,26384,716,474.92,1556.08,3.277
2025-07-28,Northeast,SP | Running Shoes,Footwear | Trail,16171,439,291.08,953.73,3.277
2025-07-28,Northeast,SP | Apparel,Apparel | Outerwear,19269,555,317.93,881.1,2.771
2025-07-28,Northeast,SP | Apparel,Apparel | Layers,15765,454,260.13,720.9,2.771
2025-07-28,MA,SP | Running Shoes,Footwear | Road,20261,601,364.71,927.16,2.542
2025-07-28,MA,SP | Running Shoes,Footwear | Trail,12418,368,223.53,568.26,2.542
2025-07-28,MA,SP | Apparel,Apparel | Outerwear,18680,520,308.22,1069.63,3.47
2025-07-28,MA,SP | Apparel,Apparel | Layers,15284,426,252.18,875.15,3.47
2025-07-28,SE,SP | Running Shoes,Footwear | Road,20108,535,361.94,1365.84,3.774
2025-07-28,SE,SP | Running Shoes,Footwear | Trail,12324,328,221.84,837.13,3.774
2025-07-28,SE,SP | Apparel,Apparel | Outerwear,14264,403,235.36,744.34,3.163
2025-07-28,SE,SP | Apparel,Apparel | Layers,11671,330,192.57,609.01,3.163
2025-07-28,MW,SP | Running Shoes,Footwear | Road,20272,600,364.89,1160.11,3.179
2025-07-28,MW,SP | Running Shoes,Footwear | Trail,12425,368,223.64,711.04,3.179
2025-07-28,MW,SP | Apparel,Apparel | Outerwear,15458,412,255.05,905.67,3.551
2025-07-28,MW,SP | Apparel,Apparel | Layers,12647,337,208.68,741.0,3.551
2025-07-28,MT,SP | Running Shoes,Footwear | Road,19116,507,344.08,1064.26,3.093
2025-07-28,MT,SP | Running Shoes,Footwear | Trail,11716,311,210.89,652.29,3.093
2025-07-28,MT,SP | Apparel,Apparel | Outerwear,13183,369,217.53,568.87,2.615
2025-07-28,MT,SP | Apparel,Apparel | Layers,10786,302,177.98,465.44,2.615
2025-07-28,West Coast,SP | Running Shoes,Footwear | Road,26815,715,482.68,1676.55,3.473
2025-07-28,West Coast,SP | Running Shoes,Footwear | Trail,16435,438,295.83,1027.57,3.473
2025-07-28,West Coast,SP | Apparel,Apparel | Outerwear,21296,612,351.39,1036.84,2.951
2025-07-28,West Coast,SP | Apparel,Apparel | Layers,17424,500,287.5,848.32,2.951
2025-08-04,Northeast,SP | Running Shoes,Footwear | Road,22622,660,407.19,1224.14,3.006
2025-08-04,Northeast,SP | Running Shoes,Footwear | Trail,13865,405,249.57,750.28,3.006
2025-08-04,Northeast,SP | Apparel,Apparel | Outerwear,19811,568,326.88,966.2,2.956
2025-08-04,Northeast,SP | Apparel,Apparel | Layers,16209,465,267.45,790.53,2.956
2025-08-04,MA,SP | Running Shoes,Footwear | Road,22579,642,406.42,1046.77,2.576
2025-08-04,MA,SP | Running Shoes,Footwear | Trail,13839,393,249.1,641.57,2.576
2025-08-04,MA,SP | Apparel,Apparel | Outerwear,15941,427,263.03,657.0,2.498
2025-08-04,MA,SP | Apparel,Apparel | Layers,13043,350,215.2,537.55,2.498
2025-08-04,SE,SP | Running Shoes,Footwear | Road,21193,560,381.47,1149.12,3.012
2025-08-04,SE,SP | Running Shoes,Footwear | Trail,12989,343,233.8,704.3,3.012
2025-08-04,SE,SP | Apparel,Apparel | Outerwear,13988,394,230.8,787.94,3.414
2025-08-04,SE,SP | Apparel,Apparel | Layers,11445,322,188.84,644.67,3.414
2025-08-04,MW,SP | Running Shoes,Footwear | Road,20918,618,376.53,1064.39,2.827
2025-08-04,MW,SP | Running Shoes,Footwear | Trail,12821,379,230.77,652.37,2.827
2025-08-04,MW,SP | Apparel,Apparel | Outerwear,14145,400,233.39,785.54,3.366
2025-08-04,MW,SP | Apparel,Apparel | Layers,11573,327,190.95,642.71,3.366
2025-08-04,MT,SP | Running Shoes,Footwear | Road,17103,503,307.85,1057.58,3.435
2025-08-04,MT,SP | Running Shoes,Footwear | Trail,10483,308,188.69,648.19,3.435
2025-08-04,MT,SP | Apparel,Apparel | Outerwear,12918,352,213.15,738.03,3.462
2025-08-04,MT,SP | Apparel,Apparel | Layers,10570,288,174.4,603.84,3.462
2025-08-04,West Coast,SP | Running Shoes,Footwear | Road,25519,726,459.34,1672.66,3.641
2025-08-04,West Coast,SP | Running Shoes,Footwear | Trail,15641,445,281.53,1025.18,3.641
2025-08-04,West Coast,SP | Apparel,Apparel | Outerwear,20661,609,340.9,1192.84,3.499
2025-08-04,West Coast,SP | Apparel,Apparel | Layers,16904,498,278.92,975.96,3.499
2025-08-11,Northeast,SP | Running Shoes,Footwear | Road,26122,756,470.19,1617.64,3.44
2025-08-11,Northeast,SP | Running Shoes,Footwear | Trail,16010,463,288.18,991.45,3.44
2025-08-11,Northeast,SP | Apparel,Apparel | Outerwear,17350,478,286.28,831.78,2.905
2025-08-11,Northeast,SP | Apparel,Apparel | Layers,14196,391,234.23,680.55,2.905
2025-08-11,MA,SP | Running Shoes,Footwear | Road,24539,710,441.7,1489.02,3.371
2025-08-11,MA,SP | Running Shoes,Footwear | Trail,15040,435,270.72,912.62,3.371
2025-08-11,MA,SP | Apparel,Apparel | Outerwear,16584,452,273.63,718.36,2.625
2025-08-11,MA,SP | Apparel,Apparel | Layers,13568,370,223.88,587.75,2.625
2025-08-11,SE,SP | Running Shoes,Footwear | Road,19188,567,345.39,1163.58,3.369
2025-08-11,SE,SP | Running Shoes,Footwear | Trail,11760,348,211.69,713.16,3.369
2025-08-11,SE,SP | Apparel,Apparel | Outerwear,15086,410,248.92,795.07,3.194
2025-08-11,SE,SP | Apparel,Apparel | Layers,12343,335,203.66,650.51,3.194
2025-08-11,MW,SP | Running Shoes,Footwear | Road,22043,648,396.78,1502.16,3.786
2025-08-11,MW,SP | Running Shoes,Footwear | Trail,13510,397,243.19,920.68,3.786
2025-08-11,MW,SP | Apparel,Apparel | Outerwear,15406,448,254.19,684.66,2.693
2025-08-11,MW,SP | Apparel,Apparel | Layers,12605,366,207.98,560.18,2.693
2025-08-11,MT,SP | Running Shoes,Footwear | Road,17536,478,315.65,842.76,2.67
2025-08-11,MT,SP | Running Shoes,Footwear | Trail,10748,293,193.46,516.53,2.67
2025-08-11,MT,SP | Apparel,Apparel | Outerwear,13246,372,218.56,524.88,2.402
2025-08-11,MT,SP | Apparel,Apparel | Layers,10838,304,178.82,429.45,2.402
2025-08-11,West Coast,SP | Running Shoes,Footwear | Road,24947,682,449.05,1657.66,3.691
2025-08-11,West Coast,SP | Running Shoes,Footwear | Trail,15290,418,275.23,1015.99,3.691
2025-08-11,West Coast,SP | Apparel,Apparel | Outerwear,17303,508,285.5,806.51,2.825
2025-08-11,West Coast,SP | Apparel,Apparel | Layers,14157,416,233.59,659.87,2.825
2025-08-18,Northeast,SP | Running Shoes,Footwear | Road,23942,663,430.96,1183.56,2.746
2025-08-18,Northeast,SP | Running Shoes,Footwear | Trail,14674,407,264.14,725.41,2.746
2025-08-18,Northeast,SP | Apparel,Apparel | Outerwear,17276,504,285.05,836.91,2.936
2025-08-18,Northeast,SP | Apparel,Apparel | Layers,14135,413,233.22,684.75,2.936
2025-08-18,MA,SP | Running Shoes,Footwear | Road,20287,591,365.17,1361.34,3.728
2025-08-18,MA,SP | Running Shoes,Footwear | Trail,12434,362,223.81,834.37,3.728
2025-08-18,MA,SP | Apparel,Apparel | Outerwear,16678,444,275.19,947.08,3.441
2025-08-18,MA,SP | Apparel,Apparel | Layers,13646,363,225.16,774.88,3.441
2025-08-18,SE,SP | Running Shoes,Footwear | Road,21606,614,388.92,1464.12,3.765
2025-08-18,SE,SP | Running Shoes,Footwear | Trail,13243,376,238.37,897.37,3.765
2025-08-18,SE,SP | Apparel,Apparel | Outerwear,14918,406,246.15,652.73,2.652
2025-08-18,SE,SP | Apparel,Apparel | Layers,12206,332,201.4,534.05,2.652
2025-08-18,MW,SP | Running Shoes,Footwear | Road,20892,570,376.06,1335.76,3.552
2025-08-18,MW,SP | Running Shoes,Footwear | Trail,12805,350,230.49,818.69,3.552
2025-08-18,MW,SP | Apparel,Apparel | Outerwear,14389,409,237.42,885.39,3.729
2025-08-18,MW,SP | Apparel,Apparel | Layers,11773,334,194.25,724.41,3.729
2025-08-18,MT,SP | Running Shoes,Footwear | Road,18608,511,334.94,1110.4,3.315
2025-08-18,MT,SP | Running Shoes,Footwear | Trail,11405,313,205.28,680.57,3.315
2025-08-18,MT,SP | Apparel,Apparel | Outerwear,12868,361,212.31,556.29,2.62
2025-08-18,MT,SP | Apparel,Apparel | Layers,10528,295,173.71,455.14,2.62
2025-08-18,West Coast,SP | Running Shoes,Footwear | Road,23041,667,414.73,1269.12,3.06
2025-08-18,West Coast,SP | Running Shoes,Footwear | Trail,14122,409,254.19,777.85,3.06
2025-08-18,West Coast,SP | Apparel,Apparel | Outerwear,19541,553,322.42,1135.8,3.523
2025-08-18,West Coast,SP | Apparel,Apparel | Layers,15988,452,263.8,929.29,3.523
2025-08-25,Northeast,SP | Running Shoes,Footwear | Road,21417,565,385.5,1418.36,3.679
2025-08-25,Northeast,SP | Running Shoes,Footwear | Trail,13126,347,236.27,869.31,3.679
2025-08-25,Northeast,SP | Apparel,Apparel | Outerwear,17783,483,293.42,1089.72,3.714
2025-08-25,Northeast,SP | Apparel,Apparel | Layers,14550,395,240.07,891.59,3.714
2025-08-25,MA,SP | Running Shoes,Footwear | Road,22794,669,410.3,1218.14,2.969
2025-08-25,MA,SP | Running Shoes,Footwear | Trail,13971,410,251.47,746.6,2.969
2025-08-25,MA,SP | Apparel,Apparel | Outerwear,14691,412,242.4,693.67,2.862
2025-08-25,MA,SP | Apparel,Apparel | Layers,12020,337,198.32,567.55,2.862
2025-08-25,SE,SP | Running Shoes,Footwear | Road,18244,529,328.38,991.5,3.019
2025-08-25,SE,SP | Running Shoes,Footwear | Trail,11182,324,201.27,607.69,3.019
2025-08-25,SE,SP | Apparel,Apparel | Outerwear,15736,455,259.64,836.12,3.22
2025-08-25,SE,SP | Apparel,Apparel | Layers,12875,372,212.43,684.1,3.22
2025-08-25,MW,SP | Running Shoes,Footwear | Road,18091,515,325.63,1016.58,3.122
2025-08-25,MW,SP | Running Shoes,Footwear | Trail,11088,316,199.58,623.06,3.122
2025-08-25,MW,SP | Apparel,Apparel | Outerwear,14526,411,239.68,828.3,3.456
2025-08-25,MW,SP | Apparel,Apparel | Layers,11885,336,196.1,677.7,3.456
2025-08-25,MT,SP | Running Shoes,Footwear | Road,16629,474,299.33,898.01,3.0
2025-08-25,MT,SP | Running Shoes,Footwear | Trail,10192,291,183.46,550.39,3.0
2025-08-25,MT,SP | Apparel,Apparel | Outerwear,11897,320,196.3,595.28,3.032
2025-08-25,MT,SP | Apparel,Apparel | Layers,9734,262,160.61,487.05,3.032
2025-08-25,West Coast,SP | Running Shoes,Footwear | Road,22069,587,397.24,1475.94,3.716
2025-08-25,West Coast,SP | Running Shoes,Footwear | Trail,13526,359,243.47,904.61,3.716
2025-08-25,West Coast,SP | Apparel,Apparel | Outerwear,18469,544,304.74,936.48,3.073
2025-08-25,West Coast,SP | Apparel,Apparel | Layers,15111,445,249.34,766.21,3.073
2025-09-01,Northeast,SP | Running Shoes,Footwear | Road,23311,620,419.6,1137.63,2.711
2025-09-01,Northeast,SP | Running Shoes,Footwear | Trail,14287,380,257.17,697.26,2.711
2025-09-01,Northeast,SP | Apparel,Apparel | Outerwear,17048,454,281.28,707.73,2.516
2025-09-01,Northeast,SP | Apparel,Apparel | Layers,13948,371,230.14,579.05,2.516
2025-09-01,MA,SP | Running Shoes,Footwear | Road,25249,693,454.49,1167.4,2.569
2025-09-01,MA,SP | Running Shoes,Footwear | Trail,15475,425,278.56,715.5,2.569
2025-09-01,MA,SP | Apparel,Apparel | Outerwear,17657,512,291.34,955.26,3.279
2025-09-01,MA,SP | Apparel,Apparel | Layers,14447,419,238.37,781.58,3.279
2025-09-01,SE,SP | Running Shoes,Footwear | Road,20980,601,377.65,1229.35,3.255
2025-09-01,SE,SP | Running Shoes,Footwear | Trail,12859,369,231.46,753.47,3.255
2025-09-01,SE,SP | Apparel,Apparel | Outerwear,14124,391,233.05,634.29,2.722
2025-09-01,SE,SP | Apparel,Apparel | Layers,11556,320,190.68,518.96,2.722
2025-09-01,MW,SP | Running Shoes,Footwear | Road,23588,695,424.58,1492.27,3.515
2025-09-01,MW,SP | Running Shoes,Footwear | Trail,14457,426,260.22,914.62,3.515
2025-09-01,MW,SP | Apparel,Apparel | Outerwear,14586,427,240.67,791.43,3.288
2025-09-01,MW,SP | Apparel,Apparel | Layers,11934,349,196.91,647.53,3.288
2025-09-01,MT,SP | Running Shoes,Footwear | Road,16438,483,295.88,1051.46,3.554
2025-09-01,MT,SP | Running Shoes,Footwear | Trail,10075,296,181.35,644.44,3.554
2025-09-01,MT,SP | Apparel,Apparel | Outerwear,14733,395,243.1,727.28,2.992
2025-09-01,MT,SP | Apparel,Apparel | Layers,12055,323,198.9,595.05,2.992
2025-09-01,West Coast,SP | Running Shoes,Footwear | Road,24540,654,441.72,1647.68,3.73
2025-09-01,West Coast,SP | Running Shoes,Footwear | Trail,15041,401,270.73,1009.87,3.73
2025-09-01,West Coast,SP | Apparel,Apparel | Outerwear,20676,579,341.15,1183.35,3.469
2025-09-01,West Coast,SP | Apparel,Apparel | Layers,16916,473,279.12,968.2,3.469
2025-09-08,Northeast,SP | Running Shoes,Footwear | Road,23119,652,416.15,1028.27,2.471
2025-09-08,Northeast,SP | Running Shoes,Footwear | Trail,14170,400,255.06,630.23,2.471
2025-09-08,Northeast,SP | Apparel,Apparel | Outerwear,18672,512,308.1,877.65,2.849
2025-09-08,Northeast,SP | Apparel,Apparel | Layers,15277,419,252.08,718.08,2.849
2025-09-08,MA,SP | Running Shoes,Footwear | Road,21335,612,384.02,1189.8,3.098
2025-09-08,MA,SP | Running Shoes,Footwear | Trail,13076,375,235.37,729.23,3.098
2025-09-08,MA,SP | Apparel,Apparel | Outerwear,16836,487,277.8,1000.43,3.601
2025-09-08,MA,SP | Apparel,Apparel | Layers,13775,398,227.29,818.54,3.601
2025-09-08,SE,SP | Running Shoes,Footwear | Road,21232,576,382.18,1290.22,3.376
2025-09-08,SE,SP | Running Shoes,Footwear | Trail,13013,353,234.24,790.78,3.376
2025-09-08,SE,SP | Apparel,Apparel | Outerwear,16019,475,264.31,937.28,3.546
2025-09-08,SE,SP | Apparel,Apparel | Layers,13106,389,216.25,766.86,3.546
2025-09-08,MW,SP | Running Shoes,Footwear | Road,23467,690,422.41,1533.55,3.631
2025-09-08,MW,SP | Running Shoes,Footwear | Trail,14383,423,258.89,939.92,3.631
2025-09-08,MW,SP | Apparel,Apparel | Outerwear,15922,446,262.72,738.46,2.811
2025-09-08,MW,SP | Apparel,Apparel | Layers,13027,365,214.95,604.19,2.811
2025-09-08,MT,SP | Running Shoes,Footwear | Road,15988,437,287.78,930.27,3.233
2025-09-08,MT,SP | Running Shoes,Footwear | Trail,9799,268,176.38,570.16,3.233
2025-09-08,MT,SP | Apparel,Apparel | Outerwear,13664,360,225.45,639.0,2.834
2025-09-08,MT,SP | Apparel,Apparel | Layers,11180,294,184.46,522.82,2.834
2025-09-08,West Coast,SP | Running Shoes,Footwear | Road,26268,778,472.82,1660.79,3.513
2025-09-08,West Coast,SP | Running Shoes,Footwear | Trail,16100,477,289.79,1017.9,3.513
2025-09-08,West Coast,SP | Apparel,Apparel | Outerwear,20940,587,345.51,1282.26,3.711
2025-09-08,West Coast,SP | Apparel,Apparel | Layers,17133,480,282.69,1049.12,3.711
2025-09-15,Northeast,SP | Running Shoes,Footwear | Road,23973,708,431.51,1584.99,3.673
2025-09-15,Northeast,SP | Running Shoes,Footwear | Trail,14693,434,264.48,971.45,3.673
2025-09-15,Northeast,SP | Apparel,Apparel | Outerwear,19913,581,328.57,989.51,3.012
2025-09-15,Northeast,SP | Apparel,Apparel | Layers,16293,475,268.83,809.6,3.012
2025-09-15,MA,SP | Running Shoes,Footwear | Road,25052,664,450.93,1215.83,2.696
2025-09-15,MA,SP | Running Shoes,Footwear | Trail,15354,407,276.38,745.19,2.696
2025-09-15,MA,SP | Apparel,Apparel | Outerwear,18063,534,298.04,1044.83,3.506
2025-09-15,MA,SP | Apparel,Apparel | Layers,14779,437,243.85,854.86,3.506
2025-09-15,SE,SP | Running Shoes,Footwear | Road,21429,629,385.71,1130.94,2.932
2025-09-15,SE,SP | Running Shoes,Footwear | Trail,13134,386,236.41,693.16,2.932
2025-09-15,SE,SP | Apparel,Apparel | Outerwear,15665,425,258.48,790.66,3.059
2025-09-15,SE,SP | Apparel,Apparel | Layers,12817,348,211.48,646.91,3.059
2025-09-15,MW,SP | Running Shoes,Footwear | Road,18887,528,339.96,1117.35,3.287
2025-09-15,MW,SP | Running Shoes,Footwear | Trail,11576,323,208.36,684.83,3.287
2025-09-15,MW,SP | Apparel,Apparel | Outerwear,16360,478,269.95,975.69,3.614
2025-09-15,MW,SP | Apparel,Apparel | Layers,13386,391,220.87,798.29,3.614
2025-09-15,MT,SP | Running Shoes,Footwear | Road,16097,429,289.75,1001.37,3.456
2025-09-15,MT,SP | Running Shoes,Footwear | Trail,9866,263,177.59,613.75,3.456
2025-09-15,MT,SP | Apparel,Apparel | Outerwear,14405,399,237.68,874.51,3.679
2025-09-15,MT,SP | Apparel,Apparel | Layers,11786,326,194.46,715.51,3.679
2025-09-15,West Coast,SP | Running Shoes,Footwear | Road,23606,628,424.91,1155.42,2.719
2025-09-15,West Coast,SP | Running Shoes,Footwear | Trail,14468,385,260.43,708.16,2.719
2025-09-15,West Coast,SP | Apparel,Apparel | Outerwear,20112,566,331.85,862.03,2.598
2025-09-15,West Coast,SP | Apparel,Apparel | Layers,16455,463,271.51,705.3,2.598
2025-09-22,Northeast,SP | Running Shoes,Footwear | Road,23540,661,423.72,1216.98,2.872
2025-09-22,Northeast,SP | Running Shoes,Footwear | Trail,14428,405,259.7,745.89,2.872
2025-09-22,Northeast,SP | Apparel,Apparel | Outerwear,18177,527,299.91,1062.44,3.542
2025-09-22,Northeast,SP | Apparel,Apparel | Layers,14872,431,245.38,869.27,3.542
2025-09-22,MA,SP | Running Shoes,Footwear | Road,23519,655,423.34,1548.94,3.659
2025-09-22,MA,SP | Running Shoes,Footwear | Trail,14415,402,259.47,949.35,3.659
2025-09-22,MA,SP | Apparel,Apparel | Outerwear,18347,539,302.73,796.45,2.631
2025-09-22,MA,SP | Apparel,Apparel | Layers,15011,441,247.69,651.64,2.631
2025-09-22,SE,SP | Running Shoes,Footwear | Road,20352,567,366.33,1069.61,2.92
2025-09-22,SE,SP | Running Shoes,Footwear | Trail,12474,348,224.53,655.57,2.92
2025-09-22,SE,SP | Apparel,Apparel | Outerwear,15918,469,262.64,883.81,3.365
2025-09-22,SE,SP | Apparel,Apparel | Layers,13023,384,214.89,723.12,3.365
2025-09-22,MW,SP | Running Shoes,Footwear | Road,19887,562,357.96,1088.66,3.041
2025-09-22,MW,SP | Running Shoes,Footwear | Trail,12189,345,219.4,667.24,3.041
2025-09-22,MW,SP | Apparel,Apparel | Outerwear,14775,390,243.78,674.48,2.767
2025-09-22,MW,SP | Apparel,Apparel | Layers,12088,319,199.46,551.84,2.767
2025-09-22,MT,SP | Running Shoes,Footwear | Road,18343,506,330.17,1242.3,3.763
2025-09-22,MT,SP | Running Shoes,Footwear | Trail,11242,310,202.36,761.41,3.763
2025-09-22,MT,SP | Apparel,Apparel | Outerwear,14656,426,241.82,639.27,2.644
2025-09-22,MT,SP | Apparel,Apparel | Layers,11991,349,197.86,523.04,2.644
2025-09-22,West Coast,SP | Running Shoes,Footwear | Road,24924,681,448.63,1236.21,2.756
2025-09-22,West Coast,SP | Running Shoes,Footwear | Trail,15276,417,274.97,757.68,2.756
2025-09-22,West Coast,SP | Apparel,Apparel | Outerwear,17836,522,294.3,916.24,3.113
2025-09-22,West Coast,SP | Apparel,Apparel | Layers,14593,427,240.79,749.65,3.113
2025-09-29,Northeast,SP | Running Shoes,Footwear | Road,28019,787,504.34,1799.19,3.567
2025-09-29,Northeast,SP | Running Shoes,Footwear | Trail,17173,482,309.11,1102.73,3.567
2025-09-29,Northeast,SP | Apparel,Apparel | Outerwear,18204,529,300.36,941.18,3.133
2025-09-29,Northeast,SP | Apparel,Apparel | Layers,14894,432,245.75,770.05,3.133
2025-09-29,MA,SP | Running Shoes,Footwear | Road,25352,682,456.34,1346.69,2.951
2025-09-29,MA,SP | Running Shoes,Footwear | Trail,15538,418,279.69,825.39,2.951
2025-09-29,MA,SP | Apparel,Apparel | Outerwear,16971,491,280.01,828.49,2.959
2025-09-29,MA,SP | Apparel,Apparel | Layers,13885,402,229.1,677.85,2.959
2025-09-29,SE,SP | Running Shoes,Footwear | Road,22833,660,410.99,1491.02,3.628
2025-09-29,SE,SP | Running Shoes,Footwear | Trail,13994,405,251.9,913.85,3.628
2025-09-29,SE,SP | Apparel,Apparel | Outerwear,15691,461,258.89,770.69,2.977
2025-09-29,SE,SP | Apparel,Apparel | Layers,12838,377,211.82,630.56,2.977
2025-09-29,MW,SP | Running Shoes,Footwear | Road,22764,614,409.75,1220.74,2.979
2025-09-29,MW,SP | Running Shoes,Footwear | Trail,13952,376,251.14,748.2,2.979
2025-09-29,MW,SP | Apparel,Apparel | Outerwear,15670,429,258.56,807.73,3.124
2025-09-29,MW,SP | Apparel,Apparel | Layers,12821,351,211.55,660.87,3.124
2025-09-29,MT,SP | Running Shoes,Footwear | Road,17778,472,320.01,1156.38,3.614
2025-09-29,MT,SP | Running Shoes,Footwear | Trail,10896,290,196.14,708.75,3.614
2025-09-29,MT,SP | Apparel,Apparel | Outerwear,13265,381,218.87,687.59,3.142
2025-09-29,MT,SP | Apparel,Apparel | Layers,10853,312,179.08,562.57,3.142
2025-09-29,West Coast,SP | Running Shoes,Footwear | Road,28736,780,517.26,1737.92,3.36
2025-09-29,West Coast,SP | Running Shoes,Footwear | Trail,17613,478,317.03,1065.18,3.36
2025-09-29,West Coast,SP | Apparel,Apparel | Outerwear,20805,549,343.28,1133.46,3.302
2025-09-29,West Coast,SP | Apparel,Apparel | Layers,17022,449,280.86,927.38,3.302
2025-10-06,Northeast,SP | Running Shoes,Footwear | Road,23710,632,426.77,1118.13,2.62
2025-10-06,Northeast,SP | Running Shoes,Footwear | Trail,14532,387,261.57,685.3,2.62
2025-10-06,Northeast,SP | Apparel,Apparel | Outerwear,18126,481,299.08,942.12,3.15
2025-10-06,Northeast,SP | Apparel,Apparel | Layers,14830,393,244.7,770.83,3.15
2025-10-06,MA,SP | Running Shoes,Footwear | Road,23894,666,430.09,1191.52,2.77
2025-10-06,MA,SP | Running Shoes,Footwear | Trail,14645,408,263.61,730.29,2.77
2025-10-06,MA,SP | Apparel,Apparel | Outerwear,17629,495,290.87,1022.87,3.517
2025-10-06,MA,SP | Apparel,Apparel | Layers,14424,405,237.99,836.89,3.517
2025-10-06,SE,SP | Running Shoes,Footwear | Road,17799,525,320.38,947.28,2.957
2025-10-06,SE,SP | Running Shoes,Footwear | Trail,10909,322,196.36,580.59,2.957
2025-10-06,SE,SP | Apparel,Apparel | Outerwear,14509,424,239.4,892.57,3.728
2025-10-06,SE,SP | Apparel,Apparel | Layers,11871,347,195.87,730.29,3.728
2025-10-06,MW,SP | Running Shoes,Footwear | Road,21772,634,391.89,1118.16,2.853
2025-10-06,MW,SP | Running Shoes,Footwear | Trail,13344,388,240.19,685.32,2.853
2025-10-06,MW,SP | Apparel,Apparel | Outerwear,13894,381,229.25,845.62,3.689
2025-10-06,MW,SP | Apparel,Apparel | Layers,11368,312,187.57,691.87,3.689
2025-10-06,MT,SP | Running Shoes,Footwear | Road,16349,458,294.29,1109.19,3.769
2025-10-06,MT,SP | Running Shoes,Footwear | Trail,10021,281,180.37,679.83,3.769
2025-10-06,MT,SP | Apparel,Apparel | Outerwear,13799,409,227.69,800.32,3.515
2025-10-06,MT,SP | Apparel,Apparel | Layers,11290,335,186.29,654.8,3.515
2025-10-06,West Coast,SP | Running Shoes,Footwear | Road,25356,708,456.4,1670.55,3.66
2025-10-06,West Coast,SP | Running Shoes,Footwear | Trail,15541,434,279.73,1023.89,3.66
2025-10-06,West Coast,SP | Apparel,Apparel | Outerwear,20713,606,341.76,1022.29,2.991
2025-10-06,West Coast,SP | Apparel,Apparel | Layers,16947,496,279.62,836.42,2.991
2025-10-13,Northeast,SP | Running Shoes,Footwear | Road,23443,621,421.97,1246.47,2.954
2025-10-13,Northeast,SP | Running Shoes,Footwear | Trail,14368,380,258.63,763.97,2.954
2025-10-13,Northeast,SP | Apparel,Apparel | Outerwear,16039,470,264.65,888.08,3.356
2025-10-13,Northeast,SP | Apparel,Apparel | Layers,13123,384,216.53,726.61,3.356
2025-10-13,MA,SP | Running Shoes,Footwear | Road,19921,537,358.57,891.66,2.487
2025-10-13,MA,SP | Running Shoes,Footwear | Trail,12209,329,219.77,546.5,2.487
2025-10-13,MA,SP | Apparel,Apparel | Outerwear,15348,428,253.24,662.52,2.616
2025-10-13,MA,SP | Apparel,Apparel | Layers,12558,351,207.2,542.06,2.616
2025-10-13,SE,SP | Running Shoes,Footwear | Road,19191,565,345.44,1277.28,3.698
2025-10-13,SE,SP | Running Shoes,Footwear | Trail,11762,346,211.72,782.85,3.698
2025-10-13,SE,SP | Apparel,Apparel | Outerwear,15137,443,249.77,683.27,2.736
2025-10-13,SE,SP | Apparel,Apparel | Layers,12385,363,204.35,559.04,2.736
2025-10-13,MW,SP | Running Shoes,Footwear | Road,19445,548,350.01,940.35,2.687
2025-10-13,MW,SP | Running Shoes,Footwear | Trail,11918,336,214.52,576.34,2.687
2025-10-13,MW,SP | Apparel,Apparel | Outerwear,14257,422,235.23,571.45,2.429
2025-10-13,MW,SP | Apparel,Apparel | Layers,11665,345,192.46,467.55,2.429
2025-10-13,MT,SP | Running Shoes,Footwear | Road,18107,529,325.92,951.69,2.92
2025-10-13,MT,SP | Running Shoes,Footwear | Trail,11098,324,199.76,583.29,2.92
2025-10-13,MT,SP | Apparel,Apparel | Outerwear,12967,378,213.95,734.54,3.433
2025-10-13,MT,SP | Apparel,Apparel | Layers,10609,310,175.05,600.99,3.433
2025-10-13,West Coast,SP | Running Shoes,Footwear | Road,25423,724,457.61,1486.52,3.248
2025-10-13,West Coast,SP | Running Shoes,Footwear | Trail,15582,444,280.47,911.09,3.248
2025-10-13,West Coast,SP | Apparel,Apparel | Outerwear,17223,501,284.18,781.25,2.749
2025-10-13,West Coast,SP | Apparel,Apparel | Layers,14092,410,232.51,639.21,2.749
2025-10-20,Northeast,SP | Running Shoes,Footwear | Road,21851,592,393.33,1147.3,2.917
2025-10-20,Northeast,SP | Running Shoes,Footwear | Trail,13393,363,241.07,703.19,2.917
2025-10-20,Northeast,SP | Apparel,Apparel | Outerwear,15861,425,261.7,835.59,3.193
2025-10-20,Northeast,SP | Apparel,Apparel | Layers,12977,348,214.12,683.67,3.193
2025-10-20,MA,SP | Running Shoes,Footwear | Road,20300,599,365.4,1310.49,3.586
2025-10-20,MA,SP | Running Shoes,Footwear | Trail,12442,367,223.95,803.21,3.586
2025-10-20,MA,SP | Apparel,Apparel | Outerwear,16882,463,278.55,779.0,2.797
2025-10-20,MA,SP | Apparel,Apparel | Layers,13812,379,227.9,637.36,2.797
2025-10-20,SE,SP | Running Shoes,Footwear | Road,19897,575,358.14,1026.43,2.866
2025-10-20,SE,SP | Running Shoes,Footwear | Trail,12195,352,219.51,629.11,2.866
2025-10-20,SE,SP | Apparel,Apparel | Outerwear,13577,369,224.02,762.35,3.403
2025-10-20,SE,SP | Apparel,Apparel | Layers,11108,302,183.29,623.74,3.403
2025-10-20,MW,SP | Running Shoes,Footwear | Road,21763,588,391.74,1124.08,2.869
2025-10-20,MW,SP | Running Shoes,Footwear | Trail,13339,360,240.1,688.95,2.869
2025-10-20,MW,SP | Apparel,Apparel | Outerwear,14698,415,242.51,852.8,3.517
2025-10-20,MW,SP | Apparel,Apparel | Layers,12025,340,198.42,697.75,3.517
2025-10-20,MT,SP | Running Shoes,Footwear | Road,16391,467,295.04,826.95,2.803
2025-10-20,MT,SP | Running Shoes,Footwear | Trail,10046,286,180.83,506.84,2.803
2025-10-20,MT,SP | Apparel,Apparel | Outerwear,13607,366,224.51,823.24,3.667
2025-10-20,MT,SP | Apparel,Apparel | Layers,11133,300,183.69,673.56,3.667
2025-10-20,West Coast,SP | Running Shoes,Footwear | Road,27265,731,490.77,1242.65,2.532
2025-10-20,West Coast,SP | Running Shoes,Footwear | Trail,16711,448,300.79,761.62,2.532
2025-10-20,West Coast,SP | Apparel,Apparel | Outerwear,16907,450,278.97,682.09,2.445
2025-10-20,West Coast,SP | Apparel,Apparel | Layers,13833,368,228.25,558.07,2.445
2025-10-27,Northeast,SP | Running Shoes,Footwear | Road,24515,654,441.27,1645.92,3.73
2025-10-27,Northeast,SP | Running Shoes,Footwear | Trail,15025,401,270.46,1008.79,3.73
2025-10-27,Northeast,SP | Apparel,Apparel | Outerwear,18199,492,300.28,1038.61,3.459
2025-10-27,Northeast,SP | Apparel,Apparel | Layers,14890,403,245.68,849.77,3.459
2025-10-27,MA,SP | Running Shoes,Footwear | Road,24001,696,432.02,1095.84,2.537
2025-10-27,MA,SP | Running Shoes,Footwear | Trail,14710,427,264.79,671.64,2.537
2025-10-27,MA,SP | Apparel,Apparel | Outerwear,15004,399,247.57,825.61,3.335
2025-10-27,MA,SP | Apparel,Apparel | Layers,12276,326,202.56,675.5,3.335
2025-10-27,SE,SP | Running Shoes,Footwear | Road,20222,576,363.99,1003.84,2.758
2025-10-27,SE,SP | Running Shoes,Footwear | Trail,12394,353,223.09,615.26,2.758
2025-10-27,SE,SP | Apparel,Apparel | Outerwear,13892,392,229.21,571.39,2.493
2025-10-27,SE,SP | Apparel,Apparel | Layers,11366,321,187.54,467.5,2.493
2025-10-27,MW,SP | Running Shoes,Footwear | Road,20954,580,377.17,911.55,2.417
2025-10-27,MW,SP | Running Shoes,Footwear | Trail,12843,356,231.17,558.69,2.417
2025-10-27,MW,SP | Apparel,Apparel | Outerwear,14023,401,231.38,858.32,3.71
2025-10-27,MW,SP | Apparel,Apparel | Layers,11473,328,189.31,702.26,3.71
2025-10-27,MT,SP | Running Shoes,Footwear | Road,16308,441,293.55,1093.68,3.726
2025-10-27,MT,SP | Running Shoes,Footwear | Trail,9995,270,179.92,670.32,3.726
2025-10-27,MT,SP | Apparel,Apparel | Outerwear,11375,330,187.69,533.4,2.842
2025-10-27,MT,SP | Apparel,Apparel | Layers,9307,270,153.56,436.42,2.842
2025-10-27,West Coast,SP | Running Shoes,Footwear | Road,21828,635,392.9,1274.71,3.244
2025-10-27,West Coast,SP | Running Shoes,Footwear | Trail,13378,389,240.81,781.27,3.244
2025-10-27,West Coast,SP | Apparel,Apparel | Outerwear,17231,509,284.31,837.65,2.946
2025-10-27,West Coast,SP | Apparel,Apparel | Layers,14098,417,232.61,685.35,2.946
2025-11-03,Northeast,SP | Running Shoes,Footwear | Road,25417,702,457.51,1257.37,2.748
2025-11-03,Northeast,SP | Running Shoes,Footwear | Trail,15578,430,280.41,770.65,2.748
2025-11-03,Northeast,SP | Apparel,Apparel | Outerwear,21624,570,356.8,1240.64,3.477
2025-11-03,Northeast,SP | Apparel,Apparel | Layers,17693,466,291.93,1015.07,3.477
2025-11-03,MA,SP | Running Shoes,Footwear | Road,25096,671,451.72,1396.62,3.092
2025-11-03,MA,SP | Running Shoes,Footwear | Trail,15381,412,276.86,855.99,3.092
2025-11-03,MA,SP | Apparel,Apparel | Outerwear,19881,541,328.04,1098.58,3.349
2025-11-03,MA,SP | Apparel,Apparel | Layers,16267,442,268.4,898.84,3.349
2025-11-03,SE,SP | Running Shoes,Footwear | Road,23461,635,422.3,1454.12,3.443
2025-11-03,SE,SP | Running Shoes,Footwear | Trail,14379,389,258.83,891.23,3.443
2025-11-03,SE,SP | Apparel,Apparel | Outerwear,15661,449,258.4,857.24,3.317
2025-11-03,SE,SP | Apparel,Apparel | Layers,12813,367,211.42,701.38,3.317
2025-11-03,MW,SP | Running Shoes,Footwear | Road,23282,687,419.07,1506.32,3.594
2025-11-03,MW,SP | Running Shoes,Footwear | Trail,14270,421,256.85,923.23,3.594
2025-11-03,MW,SP | Apparel,Apparel | Outerwear,18136,536,299.24,814.65,2.722
2025-11-03,MW,SP | Apparel,Apparel | Layers,14839,439,244.84,666.54,2.722
2025-11-03,MT,SP | Running Shoes,Footwear | Road,19678,542,354.2,1202.76,3.396
2025-11-03,MT,SP | Running Shoes,Footwear | Trail,12061,332,217.09,737.18,3.396
2025-11-03,MT,SP | Apparel,Apparel | Outerwear,13443,397,221.81,579.01,2.61
2025-11-03,MT,SP | Apparel,Apparel | Layers,10999,325,181.48,473.73,2.61
2025-11-03,West Coast,SP | Running Shoes,Footwear | Road,29215,800,525.87,1658.8,3.154
2025-11-03,West Coast,SP | Running Shoes,Footwear | Trail,17906,491,322.31,1016.68,3.154
2025-11-03,West Coast,SP | Apparel,Apparel | Outerwear,21802,587,359.73,1223.3,3.401
2025-11-03,West Coast,SP | Apparel,Apparel | Layers,17838,480,294.32,1000.88,3.401
2025-11-10,Northeast,SP | Running Shoes,Footwear | Road,26230,744,472.15,1202.83,2.548
2025-11-10,Northeast,SP | Running Shoes,Footwear | Trail,16077,456,289.38,737.22,2.548
2025-11-10,Northeast,SP | Apparel,Apparel | Outerwear,18018,534,297.3,851.92,2.865
2025-11-10,Northeast,SP | Apparel,Apparel | Layers,14742,437,243.25,697.03,2.865
2025-11-10,MA,SP | Running Shoes,Footwear | Road,24411,707,439.4,1664.22,3.787
2025-11-10,MA,SP | Running Shoes,Footwear | Trail,14962,434,269.31,1020.01,3.787
2025-11-10,MA,SP | Apparel,Apparel | Outerwear,17545,498,289.5,898.81,3.105
2025-11-10,MA,SP | Apparel,Apparel | Layers,14355,407,236.86,735.39,3.105
2025-11-10,SE,SP | Running Shoes,Footwear | Road,20256,577,364.62,1340.8,3.677
2025-11-10,SE,SP | Running Shoes,Footwear | Trail,12415,353,223.47,821.78,3.677
2025-11-10,SE,SP | Apparel,Apparel | Outerwear,17970,476,296.5,803.08,2.709
2025-11-10,SE,SP | Apparel,Apparel | Layers,14703,390,242.59,657.07,2.709
2025-11-10,MW,SP | Running Shoes,Footwear | Road,20859,615,375.46,1181.15,3.146
2025-11-10,MW,SP | Running Shoes,Footwear | Trail,12785,377,230.12,723.93,3.146
2025-11-10,MW,SP | Apparel,Apparel | Outerwear,15544,444,256.48,691.04,2.694
2025-11-10,MW,SP | Apparel,Apparel | Layers,12718,364,209.85,565.4,2.694
2025-11-10,MT,SP | Running Shoes,Footwear | Road,20104,564,361.86,1278.66,3.534
2025-11-10,MT,SP | Running Shoes,Footwear | Trail,12322,346,221.79,783.69,3.534
2025-11-10,MT,SP | Apparel,Apparel | Outerwear,12932,378,213.37,700.78,3.284
2025-11-10,MT,SP | Apparel,Apparel | Layers,10581,309,174.58,573.37,3.284
2025-11-10,West Coast,SP | Running Shoes,Footwear | Road,26297,696,473.35,1601.3,3.383
2025-11-10,West Coast,SP | Running Shoes,Footwear | Trail,16118,426,290.12,981.44,3.383
2025-11-10,West Coast,SP | Apparel,Apparel | Outerwear,19893,571,328.24,807.92,2.461
2025-11-10,West Coast,SP | Apparel,Apparel | Layers,16276,467,268.56,661.03,2.461
2025-11-17,Northeast,SP | Running Shoes,Footwear | Road,25326,745,455.87,1242.18,2.725
2025-11-17,Northeast,SP | Running Shoes,Footwear | Trail,15523,457,279.41,761.34,2.725
2025-11-17,Northeast,SP | Apparel,Apparel | Outerwear,20034,586,330.57,1104.14,3.34
2025-11-17,Northeast,SP | Apparel,Apparel | Layers,16392,479,270.46,903.38,3.34
2025-11-17,MA,SP | Running Shoes,Footwear | Road,26353,758,474.36,1210.49,2.552
2025-11-17,MA,SP | Running Shoes,Footwear | Trail,16152,464,290.74,741.91,2.552
2025-11-17,MA,SP | Apparel,Apparel | Outerwear,18419,485,303.91,814.44,2.68
2025-11-17,MA,SP | Apparel,Apparel | Layers,15070,397,248.66,666.36,2.68
2025-11-17,SE,SP | Running Shoes,Footwear | Road,22529,655,405.52,1201.11,2.962
2025-11-17,SE,SP | Running Shoes,Footwear | Trail,13808,402,248.55,736.17,2.962
2025-11-17,SE,SP | Apparel,Apparel | Outerwear,14654,423,241.79,629.06,2.602
2025-11-17,SE,SP | Apparel,Apparel | Layers,11989,346,197.83,514.68,2.602
2025-11-17,MW,SP | Running Shoes,Footwear | Road,20733,589,373.19,928.61,2.488
2025-11-17,MW,SP | Running Shoes,Footwear | Trail,12707,361,228.73,569.15,2.488
2025-11-17,MW,SP | Apparel,Apparel | Outerwear,17023,455,280.87,1019.88,3.631
2025-11-17,MW,SP | Apparel,Apparel | Layers,13928,372,229.81,834.45,3.631
2025-11-17,MT,SP | Running Shoes,Footwear | Road,18205,499,327.68,874.13,2.668
2025-11-17,MT,SP | Running Shoes,Footwear | Trail,11158,306,200.84,535.75,2.668
2025-11-17,MT,SP | Apparel,Apparel | Outerwear,14295,389,235.86,658.84,2.793
2025-11-17,MT,SP | Apparel,Apparel | Layers,11696,318,192.98,539.05,2.793
2025-11-17,West Coast,SP | Running Shoes,Footwear | Road,26398,753,475.16,1788.94,3.765
2025-11-17,West Coast,SP | Running Shoes,Footwear | Trail,16179,462,291.23,1096.44,3.765
2025-11-17,West Coast,SP | Apparel,Apparel | Outerwear,19260,512,317.79,1085.06,3.414
2025-11-17,West Coast,SP | Apparel,Apparel | Layers,15758,419,260.01,887.78,3.414
2025-11-24,Northeast,SP | Running Shoes,Footwear | Road,27226,760,490.07,1636.57,3.34
2025-11-24,Northeast,SP | Running Shoes,Footwear | Trail,16687,466,300.36,1003.06,3.34
2025-11-24,Northeast,SP | Apparel,Apparel | Outerwear,22194,613,366.2,1309.78,3.577
2025-11-24,Northeast,SP | Apparel,Apparel | Layers,18159,502,299.62,1071.64,3.577
2025-11-24,MA,SP | Running Shoes,Footwear | Road,26991,786,485.83,1667.43,3.432
2025-11-24,MA,SP | Running Shoes,Footwear | Trail,16543,482,297.77,1021.97,3.432
2025-11-24,MA,SP | Apparel,Apparel | Outerwear,19536,540,322.34,1101.3,3.417
2025-11-24,MA,SP | Apparel,Apparel | Layers,15984,442,263.73,901.06,3.417
2025-11-24,SE,SP | Running Shoes,Footwear | Road,21621,627,389.17,1261.33,3.241
2025-11-24,SE,SP | Running Shoes,Footwear | Trail,13251,384,238.52,773.07,3.241
2025-11-24,SE,SP | Apparel,Apparel | Outerwear,18759,527,309.52,931.59,3.01
2025-11-24,SE,SP | Apparel,Apparel | Layers,15348,431,253.25,762.21,3.01
2025-11-24,MW,SP | Running Shoes,Footwear | Road,26414,724,475.46,1469.62,3.091
2025-11-24,MW,SP | Running Shoes,Footwear | Trail,16190,444,291.41,900.74,3.091
2025-11-24,MW,SP | Apparel,Apparel | Outerwear,18465,534,304.66,1104.56,3.625
2025-11-24,MW,SP | Apparel,Apparel | Layers,15107,437,249.27,903.73,3.625
2025-11-24,MT,SP | Running Shoes,Footwear | Road,20048,540,360.86,1277.81,3.541
2025-11-24,MT,SP | Running Shoes,Footwear | Trail,12287,331,221.17,783.17,3.541
2025-11-24,MT,SP | Apparel,Apparel | Outerwear,14440,384,238.25,818.46,3.435
2025-11-24,MT,SP | Apparel,Apparel | Layers,11814,315,194.93,669.65,3.435
2025-11-24,West Coast,SP | Running Shoes,Footwear | Road,31389,885,565.0,1661.59,2.941
2025-11-24,West Coast,SP | Running Shoes,Footwear | Trail,19238,543,346.29,1018.4,2.941
2025-11-24,West Coast,SP | Apparel,Apparel | Outerwear,23726,629,391.48,1267.05,3.237
2025-11-24,West Coast,SP | Apparel,Apparel | Layers,19412,514,320.3,1036.68,3.237
2025-12-01,Northeast,SP | Running Shoes,Footwear | Road,30458,844,548.25,1946.12,3.55
2025-12-01,Northeast,SP | Running Shoes,Footwear | Trail,18668,517,336.02,1192.78,3.55
2025-12-01,Northeast,SP | Apparel,Apparel | Outerwear,21654,613,357.29,1248.0,3.493
2025-12-01,Northeast,SP | Apparel,Apparel | Layers,17717,501,292.33,1021.09,3.493
2025-12-01,MA,SP | Running Shoes,Footwear | Road,24229,714,436.12,1585.3,3.635
2025-12-01,MA,SP | Running Shoes,Footwear | Trail,14850,437,267.3,971.64,3.635
2025-12-01,MA,SP | Apparel,Apparel | Outerwear,20794,595,343.1,915.58,2.669
2025-12-01,MA,SP | Apparel,Apparel | Layers,17013,487,280.72,749.11,2.669
2025-12-01,SE,SP | Running Shoes,Footwear | Road,25198,706,453.57,1451.17,3.199
2025-12-01,SE,SP | Running Shoes,Footwear | Trail,15444,432,277.99,889.43,3.199
2025-12-01,SE,SP | Apparel,Apparel | Outerwear,16944,494,279.57,764.74,2.735
2025-12-01,SE,SP | Apparel,Apparel | Layers,13863,405,228.74,625.7,2.735
2025-12-01,MW,SP | Running Shoes,Footwear | Road,23505,644,423.09,1087.24,2.57
2025-12-01,MW,SP | Running Shoes,Footwear | Trail,14406,395,259.31,666.37,2.57
2025-12-01,MW,SP | Apparel,Apparel | Outerwear,19143,541,315.86,951.41,3.012
2025-12-01,MW,SP | Apparel,Apparel | Layers,15663,442,258.43,778.42,3.012
2025-12-01,MT,SP | Running Shoes,Footwear | Road,20937,620,376.86,1346.73,3.574
2025-12-01,MT,SP | Running Shoes,Footwear | Trail,12832,380,230.98,825.42,3.574
2025-12-01,MT,SP | Apparel,Apparel | Outerwear,14510,391,239.41,844.77,3.529
2025-12-01,MT,SP | Apparel,Apparel | Layers,11872,320,195.88,691.18,3.529
2025-12-01,West Coast,SP | Running Shoes,Footwear | Road,26884,748,483.91,1660.35,3.431
2025-12-01,West Coast,SP | Running Shoes,Footwear | Trail,16477,459,296.59,1017.63,3.431
2025-12-01,West Coast,SP | Apparel,Apparel | Outerwear,22570,613,372.41,1288.78,3.461
2025-12-01,West Coast,SP | Apparel,Apparel | Layers,18467,501,304.7,1054.45,3.461
2025-12-08,Northeast,SP | Running Shoes,Footwear | Road,31623,895,569.22,1881.77,3.306
2025-12-08,Northeast,SP | Running Shoes,Footwear | Trail,19382,549,348.87,1153.35,3.306
2025-12-08,Northeast,SP | Apparel,Apparel | Outerwear,21899,650,361.33,1202.81,3.329
2025-12-08,Northeast,SP | Apparel,Apparel | Layers,17917,531,295.63,984.11,3.329
2025-12-08,MA,SP | Running Shoes,Footwear | Road,27616,764,497.09,1865.56,3.753
2025-12-08,MA,SP | Running Shoes,Footwear | Trail,16926,468,304.67,1143.41,3.753
2025-12-08,MA,SP | Apparel,Apparel | Outerwear,19721,532,325.4,1048.29,3.222
2025-12-08,MA,SP | Apparel,Apparel | Layers,16136,435,266.24,857.69,3.222
2025-12-08,SE,SP | Running Shoes,Footwear | Road,24753,671,445.55,1097.06,2.462
2025-12-08,SE,SP | Running Shoes,Footwear | Trail,15171,411,273.08,672.39,2.462
2025-12-08,SE,SP | Apparel,Apparel | Outerwear,18435,502,304.18,1125.24,3.699
2025-12-08,SE,SP | Apparel,Apparel | Layers,15083,411,248.87,920.65,3.699
2025-12-08,MW,SP | Running Shoes,Footwear | Road,28923,781,520.62,1606.67,3.086
2025-12-08,MW,SP | Running Shoes,Footwear | Trail,17727,479,319.09,984.74,3.086
2025-12-08,MW,SP | Apparel,Apparel | Outerwear,20401,575,336.61,911.44,2.708
2025-12-08,MW,SP | Apparel,Apparel | Layers,16691,471,275.41,745.72,2.708
2025-12-08,MT,SP | Running Shoes,Footwear | Road,22852,655,411.34,1072.15,2.606
2025-12-08,MT,SP | Running Shoes,Footwear | Trail,14006,401,252.11,657.12,2.606
2025-12-08,MT,SP | Apparel,Apparel | Outerwear,15294,440,252.36,786.69,3.117
2025-12-08,MT,SP | Apparel,Apparel | Layers,12514,360,206.47,643.65,3.117
2025-12-08,West Coast,SP | Running Shoes,Footwear | Road,32850,878,591.29,1492.42,2.524
2025-12-08,West Coast,SP | Running Shoes,Footwear | Trail,20134,538,362.4,914.71,2.524
2025-12-08,West Coast,SP | Apparel,Apparel | Outerwear,22579,655,372.55,1317.28,3.536
2025-12-08,West Coast,SP | Apparel,Apparel | Layers,18473,536,304.81,1077.78,3.536
2025-12-15,Northeast,SP | Running Shoes,Footwear | Road,29268,819,526.82,1803.64,3.424
2025-12-15,Northeast,SP | Running Shoes,Footwear | Trail,17938,502,322.89,1105.46,3.424
2025-12-15,Northeast,SP | Apparel,Apparel | Outerwear,21623,617,356.77,1240.57,3.477
2025-12-15,Northeast,SP | Apparel,Apparel | Layers,17691,505,291.9,1015.01,3.477
2025-12-15,MA,SP | Running Shoes,Footwear | Road,29155,805,524.78,1623.88,3.094
2025-12-15,MA,SP | Running Shoes,Footwear | Trail,17869,494,321.64,995.28,3.094
2025-12-15,MA,SP | Apparel,Apparel | Outerwear,20248,564,334.09,1133.85,3.394
2025-12-15,MA,SP | Apparel,Apparel | Layers,16567,462,273.35,927.69,3.394
2025-12-15,SE,SP | Running Shoes,Footwear | Road,22875,648,411.75,1300.58,3.159
2025-12-15,SE,SP | Running Shoes,Footwear | Trail,14020,397,252.36,797.13,3.159
2025-12-15,SE,SP | Apparel,Apparel | Outerwear,18232,503,300.82,1029.24,3.421
2025-12-15,SE,SP | Apparel,Apparel | Layers,14917,411,246.13,842.11,3.421
2025-12-15,MW,SP | Running Shoes,Footwear | Road,22656,666,407.8,1346.57,3.302
2025-12-15,MW,SP | Running Shoes,Footwear | Trail,13886,408,249.94,825.32,3.302
2025-12-15,MW,SP | Apparel,Apparel | Outerwear,19438,527,320.73,1056.17,3.293
2025-12-15,MW,SP | Apparel,Apparel | Layers,15904,431,262.41,864.14,3.293
2025-12-15,MT,SP | Running Shoes,Footwear | Road,21369,634,384.63,1229.94,3.198
2025-12-15,MT,SP | Running Shoes,Footwear | Trail,13097,389,235.74,753.83,3.198
2025-12-15,MT,SP | Apparel,Apparel | Outerwear,14997,417,247.45,597.75,2.416
2025-12-15,MT,SP | Apparel,Apparel | Layers,12270,341,202.46,489.07,2.416
2025-12-15,West Coast,SP | Running Shoes,Footwear | Road,28764,760,517.75,1290.22,2.492
2025-12-15,West Coast,SP | Running Shoes,Footwear | Trail,17629,466,317.33,790.78,2.492
2025-12-15,West Coast,SP | Apparel,Apparel | Outerwear,21291,567,351.3,897.83,2.556
2025-12-15,West Coast,SP | Apparel,Apparel | Layers,17420,464,287.43,734.59,2.556
2025-12-22,Northeast,SP | Running Shoes,Footwear | Road,30557,853,550.03,1641.03,2.984
2025-12-22,Northeast,SP | Running Shoes,Footwear | Trail,18729,523,337.11,1005.79,2.984
2025-12-22,Northeast,SP | Apparel,Apparel | Outerwear,19590,559,323.24,818.87,2.533
2025-12-22,Northeast,SP | Apparel,Apparel | Layers,16028,457,264.47,669.99,2.533
2025-12-22,MA,SP | Running Shoes,Footwear | Road,29449,838,530.09,1535.54,2.897
2025-12-22,MA,SP | Running Shoes,Footwear | Trail,18050,514,324.89,941.14,2.897
2025-12-22,MA,SP | Apparel,Apparel | Outerwear,18165,505,299.72,1102.84,3.68
2025-12-22,MA,SP | Apparel,Apparel | Layers,14862,414,245.23,902.33,3.68
2025-12-22,SE,SP | Running Shoes,Footwear | Road,21130,569,380.34,1273.6,3.349
2025-12-22,SE,SP | Running Shoes,Footwear | Trail,12951,349,233.11,780.6,3.349
2025-12-22,SE,SP | Apparel,Apparel | Outerwear,16755,474,276.46,915.95,3.313
2025-12-22,SE,SP | Apparel,Apparel | Layers,13709,388,226.19,749.42,3.313
2025-12-22,MW,SP | Running Shoes,Footwear | Road,23764,632,427.74,1472.5,3.442
2025-12-22,MW,SP | Running Shoes,Footwear | Trail,14565,388,262.17,902.5,3.442
2025-12-22,MW,SP | Apparel,Apparel | Outerwear,19895,525,328.26,1058.85,3.226
2025-12-22,MW,SP | Apparel,Apparel | Layers,16278,430,268.58,866.33,3.226
2025-12-22,MT,SP | Running Shoes,Footwear | Road,22292,621,401.25,1367.1,3.407
2025-12-22,MT,SP | Running Shoes,Footwear | Trail,13663,381,245.93,837.9,3.407
2025-12-22,MT,SP | Apparel,Apparel | Outerwear,15865,423,261.77,908.23,3.47
2025-12-22,MT,SP | Apparel,Apparel | Layers,12980,346,214.17,743.09,3.47
2025-12-22,West Coast,SP | Running Shoes,Footwear | Road,31886,943,573.95,1696.38,2.956
2025-12-22,West Coast,SP | Running Shoes,Footwear | Trail,19543,578,351.77,1039.72,2.956
2025-12-22,West Coast,SP | Apparel,Apparel | Outerwear,23433,670,386.64,1205.73,3.119
2025-12-22,West Coast,SP | Apparel,Apparel | Layers,19172,548,316.34,986.51,3.119
