date,geo,campaign_name,impressions,clicks,spend,ctr
2022-10-24,NE,Prospecting | Trail,10632,127,98.31,0.011945
2022-10-25,NE,Prospecting | Trail,7306,114,90.22,0.015604
2022-10-26,NE,Prospecting | Trail,10988,109,96.3,0.00992
2022-10-27,NE,Prospecting | Trail,9601,107,107.36,0.011145
2022-10-28,NE,Prospecting | Trail,8577,112,90.42,0.013058
2022-10-29,NE,Prospecting | Trail,9290,124,89.21,0.013348
2022-10-30,NE,Prospecting | Trail,10167,108,80.46,0.010623
2022-10-24,NE,Retargeting | Site Visitors,5790,84,71.41,0.014508
2022-10-25,NE,Retargeting | Site Visitors,5863,107,62.37,0.01825
2022-10-26,NE,Retargeting | Site Visitors,5567,103,64.09,0.018502
2022-10-27,NE,Retargeting | Site Visitors,4951,100,60.66,0.020198
2022-10-28,NE,Retargeting | Site Visitors,6248,101,60.72,0.016165
2022-10-29,NE,Retargeting | Site Visitors,4946,115,72.67,0.023251
2022-10-30,NE,Retargeting | Site Visitors,5147,84,50.99,0.01632
2022-10-24,MA,Prospecting | Trail,8369,90,90.84,0.010754
2022-10-25,MA,Prospecting | Trail,11547,116,87.29,0.010046
2022-10-26,MA,Prospecting | Trail,7575,108,88.88,0.014257
2022-10-27,MA,Prospecting | Trail,11689,105,73.97,0.008983
2022-10-28,MA,Prospecting | Trail,8057,125,89.62,0.015514
2022-10-29,MA,Prospecting | Trail,8395,125,93.79,0.01489
2022-10-30,MA,Prospecting | Trail,8555,89,104.64,0.010403
2022-10-24,MA,Retargeting | Site Visitors,5004,89,44.46,0.017786
2022-10-25,MA,Retargeting | Site Visitors,4573,80,52.57,0.017494
2022-10-26,MA,Retargeting | Site Visitors,4676,87,58.37,0.018606
2022-10-27,MA,Retargeting | Site Visitors,4777,101,43.22,0.021143
2022-10-28,MA,Retargeting | Site Visitors,5001,107,65.75,0.021396
2022-10-29,MA,Retargeting | Site Visitors,3870,88,55.18,0.022739
2022-10-30,MA,Retargeting | Site Visitors,4772,83,56.2,0.017393
2022-10-24,SE,Prospecting | Trail,6831,99,66.61,0.014493
2022-10-25,SE,Prospecting | Trail,9377,116,84.75,0.012371
2022-10-26,SE,Prospecting | Trail,6970,116,88.49,0.016643
2022-10-27,SE,Prospecting | Trail,7598,118,85.18,0.01553
2022-10-28,SE,Prospecting | Trail,9838,87,65.17,0.008843
2022-10-29,SE,Prospecting | Trail,7206,81,82.36,0.011241
2022-10-30,SE,Prospecting | Trail,7890,89,73.4,0.01128
2022-10-24,SE,Retargeting | Site Visitors,3342,55,38.62,0.016457
2022-10-25,SE,Retargeting | Site Visitors,3857,81,38.97,0.021001
2022-10-26,SE,Retargeting | Site Visitors,4630,78,42.61,0.016847
2022-10-27,SE,Retargeting | Site Visitors,3179,80,43.22,0.025165
2022-10-28,SE,Retargeting | Site Visitors,3847,72,46.68,0.018716
2022-10-29,SE,Retargeting | Site Visitors,3048,65,49.79,0.021325
2022-10-30,SE,Retargeting | Site Visitors,4365,72,42.2,0.016495
2022-10-24,MW,Prospecting | Trail,9609,107,91.11,0.011135
2022-10-25,MW,Prospecting | Trail,7957,87,71.37,0.010934
2022-10-26,MW,Prospecting | Trail,7220,88,83.89,0.012188
2022-10-27,MW,Prospecting | Trail,7648,130,103.01,0.016998
2022-10-28,MW,Prospecting | Trail,9998,100,84.12,0.010002
2022-10-29,MW,Prospecting | Trail,8594,112,91.32,0.013032
2022-10-30,MW,Prospecting | Trail,10077,113,74.0,0.011214
2022-10-24,MW,Retargeting | Site Visitors,5338,98,62.18,0.018359
2022-10-25,MW,Retargeting | Site Visitors,5625,100,54.77,0.017778
2022-10-26,MW,Retargeting | Site Visitors,4723,102,63.63,0.021596
2022-10-27,MW,Retargeting | Site Visitors,5332,80,51.84,0.015004
2022-10-28,MW,Retargeting | Site Visitors,4471,101,47.28,0.02259
2022-10-29,MW,Retargeting | Site Visitors,5190,100,70.29,0.019268
2022-10-30,MW,Retargeting | Site Visitors,4091,98,49.86,0.023955
2022-10-24,MT,Prospecting | Trail,5012,54,45.13,0.010774
2022-10-25,MT,Prospecting | Trail,6039,77,49.91,0.01275
2022-10-26,MT,Prospecting | Trail,5825,54,55.0,0.00927
2022-10-27,MT,Prospecting | Trail,6975,74,62.94,0.010609
2022-10-28,MT,Prospecting | Trail,4984,62,55.67,0.01244
2022-10-29,MT,Prospecting | Trail,5556,65,54.7,0.011699
2022-10-30,MT,Prospecting | Trail,5336,79,66.01,0.014805
2022-10-24,MT,Retargeting | Site Visitors,2817,52,37.86,0.018459
2022-10-25,MT,Retargeting | Site Visitors,3147,61,38.24,0.019384
2022-10-26,MT,Retargeting | Site Visitors,2568,45,27.18,0.017523
2022-10-27,MT,Retargeting | Site Visitors,3106,65,33.57,0.020927
2022-10-28,MT,Retargeting | Site Visitors,2563,49,28.52,0.019118
2022-10-29,MT,Retargeting | Site Visitors,2809,60,36.92,0.02136
2022-10-30,MT,Retargeting | Site Visitors,2773,62,25.25,0.022358
2022-10-24,WE,Prospecting | Trail,14380,157,$115.90,0.010918
2022-10-25,WE,Prospecting | Trail,12050,143,$142.40,0.011867
2022-10-26,WE,Prospecting | Trail,12691,157,$103.07,0.012371
2022-10-27,WE,Prospecting | Trail,10811,127,$132.29,0.011747
2022-10-28,WE,Prospecting | Trail,14542,140,$132.75,0.009627
2022-10-29,WE,Prospecting | Trail,10484,149,$97.25,0.014212
2022-10-30,WE,Prospecting | Trail,13368,154,$141.92,0.01152
2022-10-24,WE,Retargeting | Site Visitors,5064,98,$46.59,0.019352
2022-10-25,WE,Retargeting | Site Visitors,5593,73,$69.58,0.013052
2022-10-26,WE,Retargeting | Site Visitors,4687,99,$60.20,0.021122
2022-10-27,WE,Retargeting | Site Visitors,5391,71,$57.45,0.01317
2022-10-28,WE,Retargeting | Site Visitors,5569,106,$65.83,0.019034
2022-10-29,WE,Retargeting | Site Visitors,5166,106,$60.56,0.020519
2022-10-30,WE,Retargeting | Site Visitors,5506,103,$65.00,0.018707
2022-10-31,NE,Prospecting | Trail,9187,102,112.03,0.011103
2022-11-01,NE,Prospecting | Trail,11548,131,91.09,0.011344
2022-11-02,NE,Prospecting | Trail,10337,124,112.94,0.011996
2022-11-03,NE,Prospecting | Trail,11930,113,97.93,0.009472
2022-11-04,NE,Prospecting | Trail,8386,104,97.25,0.012402
2022-11-05,NE,Prospecting | Trail,7897,120,78.21,0.015196
2022-11-06,NE,Prospecting | Trail,9737,127,86.94,0.013043
2022-10-31,NE,Retargeting | Site Visitors,5143,97,45.95,0.018861
2022-11-01,NE,Retargeting | Site Visitors,5190,121,52.79,0.023314
2022-11-02,NE,Retargeting | Site Visitors,3946,97,60.42,0.024582
2022-11-03,NE,Retargeting | Site Visitors,4641,91,51.0,0.019608
2022-11-04,NE,Retargeting | Site Visitors,4547,80,64.23,0.017594
2022-11-05,NE,Retargeting | Site Visitors,5257,87,49.6,0.016549
2022-11-06,NE,Retargeting | Site Visitors,4787,98,61.36,0.020472
2022-10-31,MA,Prospecting | Trail,9287,140,105.52,0.015075
2022-11-01,MA,Prospecting | Trail,9357,121,93.7,0.012931
2022-11-02,MA,Prospecting | Trail,13382,149,113.67,0.011134
2022-11-03,MA,Prospecting | Trail,11139,136,116.49,0.012209
2022-11-04,MA,Prospecting | Trail,10120,108,98.11,0.010672
2022-11-05,MA,Prospecting | Trail,11029,107,104.69,0.009702
2022-11-06,MA,Prospecting | Trail,13571,165,131.09,0.012158
2022-10-31,MA,Retargeting | Site Visitors,4269,77,53.92,0.018037
2022-11-01,MA,Retargeting | Site Visitors,4665,77,50.23,0.016506
2022-11-02,MA,Retargeting | Site Visitors,4496,80,44.35,0.017794
2022-11-03,MA,Retargeting | Site Visitors,3802,99,57.54,0.026039
2022-11-04,MA,Retargeting | Site Visitors,4359,75,49.2,0.017206
2022-11-05,MA,Retargeting | Site Visitors,5503,92,54.04,0.016718
2022-11-06,MA,Retargeting | Site Visitors,4804,82,57.54,0.017069
2022-10-31,SE,Prospecting | Trail,8718,103,71.95,0.011815
2022-11-01,SE,Prospecting | Trail,7795,78,97.69,0.010006
2022-11-02,SE,Prospecting | Trail,6368,105,80.5,0.016489
2022-11-03,SE,Prospecting | Trail,8190,103,76.08,0.012576
2022-11-04,SE,Prospecting | Trail,7147,70,65.76,0.009794
2022-11-05,SE,Prospecting | Trail,7544,88,67.98,0.011665
2022-11-06,SE,Prospecting | Trail,8838,76,75.12,0.008599
2022-10-31,SE,Retargeting | Site Visitors,3744,93,37.56,0.02484
2022-11-01,SE,Retargeting | Site Visitors,3718,75,36.94,0.020172
2022-11-02,SE,Retargeting | Site Visitors,4311,77,51.88,0.017861
2022-11-03,SE,Retargeting | Site Visitors,3688,67,53.21,0.018167
2022-11-04,SE,Retargeting | Site Visitors,4672,87,36.15,0.018622
2022-11-05,SE,Retargeting | Site Visitors,3908,62,52.31,0.015865
2022-11-06,SE,Retargeting | Site Visitors,3524,90,48.95,0.025539
2022-10-31,MW,Prospecting | Trail,11021,146,98.81,0.013247
2022-11-01,MW,Prospecting | Trail,9649,132,111.5,0.01368
2022-11-02,MW,Prospecting | Trail,9566,131,95.08,0.013694
2022-11-03,MW,Prospecting | Trail,10610,114,99.52,0.010745
2022-11-04,MW,Prospecting | Trail,10837,154,100.84,0.014211
2022-11-05,MW,Prospecting | Trail,10640,130,102.72,0.012218
2022-11-06,MW,Prospecting | Trail,10137,117,101.65,0.011542
2022-10-31,MW,Retargeting | Site Visitors,5082,102,58.74,0.020071
2022-11-01,MW,Retargeting | Site Visitors,5054,76,60.59,0.015038
2022-11-02,MW,Retargeting | Site Visitors,4881,93,48.59,0.019053
2022-11-03,MW,Retargeting | Site Visitors,3959,76,61.12,0.019197
2022-11-04,MW,Retargeting | Site Visitors,3808,101,59.92,0.026523
2022-11-05,MW,Retargeting | Site Visitors,5402,96,57.35,0.017771
2022-11-06,MW,Retargeting | Site Visitors,5485,97,40.91,0.017685
2022-10-31,MT,Prospecting | Trail,5074,86,52.09,0.016949
2022-11-01,MT,Prospecting | Trail,5517,67,49.61,0.012144
2022-11-02,MT,Prospecting | Trail,5287,74,74.51,0.013997
2022-11-03,MT,Prospecting | Trail,7576,63,65.54,0.008316
2022-11-04,MT,Prospecting | Trail,5857,56,48.35,0.009561
2022-11-05,MT,Prospecting | Trail,6217,66,67.78,0.010616
2022-11-06,MT,Prospecting | Trail,6096,70,50.04,0.011483
2022-10-31,MT,Retargeting | Site Visitors,3874,65,39.46,0.016779
2022-11-01,MT,Retargeting | Site Visitors,2718,60,38.08,0.022075
2022-11-02,MT,Retargeting | Site Visitors,3489,69,34.66,0.019776
2022-11-03,MT,Retargeting | Site Visitors,3884,49,47.62,0.012616
2022-11-04,MT,Retargeting | Site Visitors,4021,60,46.81,0.014922
2022-11-05,MT,Retargeting | Site Visitors,3931,71,33.96,0.018062
2022-11-06,MT,Retargeting | Site Visitors,3010,69,46.06,0.022924
2022-10-31,WE,Prospecting | Trail,13592,144,$105.77,0.010594
2022-11-01,WE,Prospecting | Trail,11997,163,$118.19,0.013587
2022-11-02,WE,Prospecting | Trail,13669,162,$141.49,0.011852
2022-11-03,WE,Prospecting | Trail,11930,118,$104.90,0.009891
2022-11-04,WE,Prospecting | Trail,12069,139,$96.33,0.011517
2022-11-05,WE,Prospecting | Trail,12518,136,$142.62,0.010864
2022-11-06,WE,Prospecting | Trail,9354,165,$124.96,0.01764
2022-10-31,WE,Retargeting | Site Visitors,5438,90,$65.85,0.01655
2022-11-01,WE,Retargeting | Site Visitors,4445,65,$47.11,0.014623
2022-11-02,WE,Retargeting | Site Visitors,5181,93,$55.14,0.01795
2022-11-03,WE,Retargeting | Site Visitors,4226,95,$43.83,0.02248
2022-11-04,WE,Retargeting | Site Visitors,4762,96,$45.40,0.02016
2022-11-05,WE,Retargeting | Site Visitors,4390,85,$53.29,0.019362
2022-11-06,WE,Retargeting | Site Visitors,3982,71,$62.24,0.01783
2022-11-07,NE,Prospecting | Trail,14783,169,121.29,0.011432
2022-11-08,NE,Prospecting | Trail,10328,125,110.87,0.012103
2022-11-09,NE,Prospecting | Trail,9637,111,117.88,0.011518
2022-11-10,NE,Prospecting | Trail,11377,139,107.19,0.012218
2022-11-11,NE,Prospecting | Trail,10866,129,124.22,0.011872
2022-11-12,NE,Prospecting | Trail,13989,164,135.25,0.011723
2022-11-13,NE,Prospecting | Trail,13741,138,113.56,0.010043
2022-11-07,NE,Retargeting | Site Visitors,4559,101,61.49,0.022154
2022-11-08,NE,Retargeting | Site Visitors,3914,87,56.83,0.022228
2022-11-09,NE,Retargeting | Site Visitors,5111,74,57.41,0.014479
2022-11-10,NE,Retargeting | Site Visitors,5293,97,58.69,0.018326
2022-11-11,NE,Retargeting | Site Visitors,4199,88,54.33,0.020957
2022-11-12,NE,Retargeting | Site Visitors,5372,70,42.05,0.013031
2022-11-13,NE,Retargeting | Site Visitors,4664,89,49.99,0.019082
2022-11-07,MA,Prospecting | Trail,7437,105,78.4,0.014119
2022-11-08,MA,Prospecting | Trail,7478,94,71.07,0.01257
2022-11-09,MA,Prospecting | Trail,10203,116,87.6,0.011369
2022-11-10,MA,Prospecting | Trail,9514,118,83.17,0.012403
2022-11-11,MA,Prospecting | Trail,9548,112,90.24,0.01173
2022-11-12,MA,Prospecting | Trail,6657,94,88.44,0.01412
2022-11-13,MA,Prospecting | Trail,9807,117,95.39,0.01193
2022-11-07,MA,Retargeting | Site Visitors,3672,71,49.97,0.019336
2022-11-08,MA,Retargeting | Site Visitors,5403,101,59.47,0.018693
2022-11-09,MA,Retargeting | Site Visitors,4799,90,44.69,0.018754
2022-11-10,MA,Retargeting | Site Visitors,4510,78,55.99,0.017295
2022-11-11,MA,Retargeting | Site Visitors,3694,95,53.41,0.025717
2022-11-12,MA,Retargeting | Site Visitors,5434,100,63.79,0.018403
2022-11-13,MA,Retargeting | Site Visitors,5062,100,47.29,0.019755
2022-11-07,SE,Prospecting | Trail,10326,119,93.25,0.011524
2022-11-08,SE,Prospecting | Trail,7746,109,93.24,0.014072
2022-11-09,SE,Prospecting | Trail,10329,94,77.22,0.009101
2022-11-10,SE,Prospecting | Trail,10288,98,91.51,0.009526
2022-11-11,SE,Prospecting | Trail,10484,111,104.62,0.010588
2022-11-12,SE,Prospecting | Trail,8779,115,96.24,0.013099
2022-11-13,SE,Prospecting | Trail,8620,118,96.3,0.013689
2022-11-07,SE,Retargeting | Site Visitors,3712,89,45.95,0.023976
2022-11-08,SE,Retargeting | Site Visitors,4947,86,42.37,0.017384
2022-11-09,SE,Retargeting | Site Visitors,3555,73,45.32,0.020534
2022-11-10,SE,Retargeting | Site Visitors,3706,98,46.61,0.026444
2022-11-11,SE,Retargeting | Site Visitors,3997,69,47.92,0.017263
2022-11-12,SE,Retargeting | Site Visitors,3940,68,46.41,0.017259
2022-11-13,SE,Retargeting | Site Visitors,4942,92,56.59,0.018616
2022-11-07,MW,Prospecting | Trail,11004,141,83.19,0.012814
2022-11-08,MW,Prospecting | Trail,9051,108,122.06,0.011932
2022-11-09,MW,Prospecting | Trail,9283,143,87.11,0.015405
2022-11-10,MW,Prospecting | Trail,11815,128,115.18,0.010834
2022-11-11,MW,Prospecting | Trail,8528,94,117.77,0.011023
2022-11-12,MW,Prospecting | Trail,9250,98,88.72,0.010595
2022-11-13,MW,Prospecting | Trail,12346,108,84.49,0.008748
2022-11-07,MW,Retargeting | Site Visitors,3881,85,48.93,0.021902
2022-11-08,MW,Retargeting | Site Visitors,4494,74,48.91,0.016466
2022-11-09,MW,Retargeting | Site Visitors,4200,64,37.19,0.015238
2022-11-10,MW,Retargeting | Site Visitors,3643,95,38.97,0.026077
2022-11-11,MW,Retargeting | Site Visitors,3296,68,46.08,0.020631
2022-11-12,MW,Retargeting | Site Visitors,4412,67,39.55,0.015186
2022-11-13,MW,Retargeting | Site Visitors,3036,73,50.43,0.024045
2022-11-07,MT,Prospecting | Trail,8268,91,81.72,0.011006
2022-11-08,MT,Prospecting | Trail,6767,98,70.88,0.014482
2022-11-09,MT,Prospecting | Trail,8612,101,67.16,0.011728
2022-11-10,MT,Prospecting | Trail,8196,90,69.97,0.010981
2022-11-11,MT,Prospecting | Trail,6921,72,65.21,0.010403
2022-11-12,MT,Prospecting | Trail,6523,87,84.87,0.013337
2022-11-13,MT,Prospecting | Trail,6571,93,68.4,0.014153
2022-11-07,MT,Retargeting | Site Visitors,2299,59,31.29,0.025663
2022-11-08,MT,Retargeting | Site Visitors,3272,74,31.46,0.022616
2022-11-09,MT,Retargeting | Site Visitors,3198,59,34.2,0.018449
2022-11-10,MT,Retargeting | Site Visitors,3296,55,42.52,0.016687
2022-11-11,MT,Retargeting | Site Visitors,3339,58,32.88,0.01737
2022-11-12,MT,Retargeting | Site Visitors,3196,58,32.76,0.018148
2022-11-13,MT,Retargeting | Site Visitors,3134,52,44.84,0.016592
2022-11-07,WE,Prospecting | Trail,10589,158,$125.49,0.014921
2022-11-08,WE,Prospecting | Trail,14228,125,$127.13,0.008785
2022-11-09,WE,Prospecting | Trail,11510,163,$124.51,0.014162
2022-11-10,WE,Prospecting | Trail,11200,152,$95.57,0.013571
2022-11-11,WE,Prospecting | Trail,9808,123,$115.02,0.012541
2022-11-12,WE,Prospecting | Trail,11750,173,$97.11,0.014723
2022-11-13,WE,Prospecting | Trail,13427,134,$123.80,0.00998
2022-11-07,WE,Retargeting | Site Visitors,5663,89,$46.26,0.015716
2022-11-08,WE,Retargeting | Site Visitors,5362,86,$64.86,0.016039
2022-11-09,WE,Retargeting | Site Visitors,3959,89,$67.45,0.02248
2022-11-10,WE,Retargeting | Site Visitors,5357,100,$58.95,0.018667
2022-11-11,WE,Retargeting | Site Visitors,5253,96,$46.39,0.018275
2022-11-12,WE,Retargeting | Site Visitors,4274,113,$55.15,0.026439
2022-11-13,WE,Retargeting | Site Visitors,3966,79,$50.06,0.019919
2022-11-14,NE,Prospecting | Trail,9307,93,93.66,0.009992
2022-11-15,NE,Prospecting | Trail,9745,119,85.31,0.012211
2022-11-16,NE,Prospecting | Trail,9966,115,97.94,0.011539
2022-11-17,NE,Prospecting | Trail,7353,81,81.64,0.011016
2022-11-18,NE,Prospecting | Trail,10250,91,110.68,0.008878
2022-11-19,NE,Prospecting | Trail,9278,121,99.87,0.013042
2022-11-20,NE,Prospecting | Trail,10537,121,81.96,0.011483
2022-11-14,NE,Retargeting | Site Visitors,4524,87,56.79,0.019231
2022-11-15,NE,Retargeting | Site Visitors,4285,91,61.9,0.021237
2022-11-16,NE,Retargeting | Site Visitors,4148,91,62.94,0.021938
2022-11-17,NE,Retargeting | Site Visitors,5615,94,54.47,0.016741
2022-11-18,NE,Retargeting | Site Visitors,4489,87,51.1,0.019381
2022-11-19,NE,Retargeting | Site Visitors,5800,125,66.57,0.021552
2022-11-20,NE,Retargeting | Site Visitors,6280,129,50.33,0.020541
2022-11-14,MA,Prospecting | Trail,11122,131,125.1,0.011778
2022-11-15,MA,Prospecting | Trail,12411,143,103.51,0.011522
2022-11-16,MA,Prospecting | Trail,8651,101,106.44,0.011675
2022-11-17,MA,Prospecting | Trail,12161,140,91.81,0.011512
2022-11-18,MA,Prospecting | Trail,9042,115,108.58,0.012718
2022-11-19,MA,Prospecting | Trail,10639,101,95.67,0.009493
2022-11-20,MA,Prospecting | Trail,10498,116,99.24,0.01105
2022-11-14,MA,Retargeting | Site Visitors,6249,112,71.92,0.017923
2022-11-15,MA,Retargeting | Site Visitors,5444,93,69.99,0.017083
2022-11-16,MA,Retargeting | Site Visitors,4882,135,65.02,0.027653
2022-11-17,MA,Retargeting | Site Visitors,6068,125,64.05,0.0206
2022-11-18,MA,Retargeting | Site Visitors,4925,103,51.78,0.020914
2022-11-19,MA,Retargeting | Site Visitors,4462,87,64.46,0.019498
2022-11-20,MA,Retargeting | Site Visitors,5660,109,46.24,0.019258
2022-11-14,SE,Prospecting | Trail,11465,118,95.54,0.010292
2022-11-15,SE,Prospecting | Trail,9609,124,99.03,0.012905
2022-11-16,SE,Prospecting | Trail,7691,101,80.69,0.013132
2022-11-17,SE,Prospecting | Trail,7435,127,82.33,0.017081
2022-11-18,SE,Prospecting | Trail,7905,119,91.11,0.015054
2022-11-19,SE,Prospecting | Trail,10252,97,82.42,0.009462
2022-11-20,SE,Prospecting | Trail,9877,130,98.38,0.013162
2022-11-14,SE,Retargeting | Site Visitors,3590,64,43.81,0.017827
2022-11-15,SE,Retargeting | Site Visitors,4719,67,42.36,0.014198
2022-11-16,SE,Retargeting | Site Visitors,3826,68,38.91,0.017773
2022-11-17,SE,Retargeting | Site Visitors,3237,80,43.45,0.024714
2022-11-18,SE,Retargeting | Site Visitors,4271,64,48.84,0.014985
2022-11-19,SE,Retargeting | Site Visitors,3250,78,41.7,0.024
2022-11-20,SE,Retargeting | Site Visitors,3274,71,41.88,0.021686
2022-11-14,MW,Prospecting | Trail,11364,153,112.14,0.013464
2022-11-15,MW,Prospecting | Trail,9444,143,84.34,0.015142
2022-11-16,MW,Prospecting | Trail,8748,136,90.84,0.015546
2022-11-17,MW,Prospecting | Trail,10261,118,85.02,0.0115
2022-11-18,MW,Prospecting | Trail,7957,102,112.17,0.012819
2022-11-19,MW,Prospecting | Trail,11500,109,113.94,0.009478
2022-11-20,MW,Prospecting | Trail,9411,108,74.69,0.011476
2022-11-14,MW,Retargeting | Site Visitors,4624,107,42.35,0.02314
2022-11-15,MW,Retargeting | Site Visitors,5280,91,45.87,0.017235
2022-11-16,MW,Retargeting | Site Visitors,3516,87,56.23,0.024744
2022-11-17,MW,Retargeting | Site Visitors,5326,69,54.47,0.012955
2022-11-18,MW,Retargeting | Site Visitors,4632,75,58.88,0.016192
2022-11-19,MW,Retargeting | Site Visitors,3795,69,48.88,0.018182
2022-11-20,MW,Retargeting | Site Visitors,4682,98,59.67,0.020931
2022-11-14,MT,Prospecting | Trail,6144,78,53.38,0.012695
2022-11-15,MT,Prospecting | Trail,6765,65,71.72,0.009608
2022-11-16,MT,Prospecting | Trail,6316,56,49.11,0.008866
2022-11-17,MT,Prospecting | Trail,5308,62,56.17,0.01168
2022-11-18,MT,Prospecting | Trail,6220,57,52.91,0.009164
2022-11-19,MT,Prospecting | Trail,4948,63,55.9,0.012732
2022-11-20,MT,Prospecting | Trail,4779,77,57.49,0.016112
2022-11-14,MT,Retargeting | Site Visitors,2146,43,35.66,0.020037
2022-11-15,MT,Retargeting | Site Visitors,2460,58,26.21,0.023577
2022-11-16,MT,Retargeting | Site Visitors,3044,66,29.24,0.021682
2022-11-17,MT,Retargeting | Site Visitors,2912,46,32.5,0.015797
2022-11-18,MT,Retargeting | Site Visitors,2699,55,33.18,0.020378
2022-11-19,MT,Retargeting | Site Visitors,3038,54,33.45,0.017775
2022-11-20,MT,Retargeting | Site Visitors,2988,51,31.55,0.017068
2022-11-14,WE,Prospecting | Trail,11263,116,$84.89,0.010299
2022-11-15,WE,Prospecting | Trail,10227,109,$95.41,0.010658
2022-11-16,WE,Prospecting | Trail,11136,90,$127.03,0.008082
2022-11-17,WE,Prospecting | Trail,11115,110,$93.71,0.009897
2022-11-18,WE,Prospecting | Trail,11906,131,$91.16,0.011003
2022-11-19,WE,Prospecting | Trail,8898,135,$101.25,0.015172
2022-11-20,WE,Prospecting | Trail,8954,130,$126.84,0.014519
2022-11-14,WE,Retargeting | Site Visitors,5336,101,$59.75,0.018928
2022-11-15,WE,Retargeting | Site Visitors,4822,106,$65.60,0.021983
2022-11-16,WE,Retargeting | Site Visitors,5867,98,$62.50,0.016704
2022-11-17,WE,Retargeting | Site Visitors,5663,79,$57.03,0.01395
2022-11-18,WE,Retargeting | Site Visitors,4241,76,$46.28,0.01792
2022-11-19,WE,Retargeting | Site Visitors,4068,102,$48.03,0.025074
2022-11-20,WE,Retargeting | Site Visitors,4883,107,$61.93,0.021913
2022-11-21,NE,Prospecting | Trail,11425,113,96.45,0.009891
2022-11-22,NE,Prospecting | Trail,11710,116,102.9,0.009906
2022-11-23,NE,Prospecting | Trail,9254,115,105.84,0.012427
2022-11-24,NE,Prospecting | Trail,7862,136,76.32,0.017298
2022-11-25,NE,Prospecting | Trail,9477,133,85.97,0.014034
2022-11-26,NE,Prospecting | Trail,10783,132,98.64,0.012241
2022-11-27,NE,Prospecting | Trail,8548,129,110.65,0.015091
2022-11-21,NE,Retargeting | Site Visitors,6628,127,55.67,0.019161
2022-11-22,NE,Retargeting | Site Visitors,5730,110,57.52,0.019197
2022-11-23,NE,Retargeting | Site Visitors,6049,88,55.99,0.014548
2022-11-24,NE,Retargeting | Site Visitors,4825,109,55.06,0.022591
2022-11-25,NE,Retargeting | Site Visitors,4783,114,63.48,0.023834
2022-11-26,NE,Retargeting | Site Visitors,6105,84,79.42,0.013759
2022-11-27,NE,Retargeting | Site Visitors,4714,105,79.45,0.022274
2022-11-21,MA,Prospecting | Trail,9723,87,112.74,0.008948
2022-11-22,MA,Prospecting | Trail,8467,98,85.51,0.011574
2022-11-23,MA,Prospecting | Trail,8548,130,88.22,0.015208
2022-11-24,MA,Prospecting | Trail,11743,104,73.68,0.008856
2022-11-25,MA,Prospecting | Trail,11046,127,108.22,0.011497
2022-11-26,MA,Prospecting | Trail,8257,96,87.48,0.011626
2022-11-27,MA,Prospecting | Trail,10104,120,109.46,0.011876
2022-11-21,MA,Retargeting | Site Visitors,5375,97,55.42,0.018047
2022-11-22,MA,Retargeting | Site Visitors,5380,133,68.59,0.024721
2022-11-23,MA,Retargeting | Site Visitors,6017,105,75.53,0.017451
2022-11-24,MA,Retargeting | Site Visitors,5180,109,65.94,0.021042
2022-11-25,MA,Retargeting | Site Visitors,6318,108,60.44,0.017094
2022-11-26,MA,Retargeting | Site Visitors,4679,90,51.55,0.019235
2022-11-27,MA,Retargeting | Site Visitors,4575,111,54.07,0.024262
2022-11-21,SE,Prospecting | Trail,8757,121,91.42,0.013818
2022-11-22,SE,Prospecting | Trail,9375,88,86.49,0.009387
2022-11-23,SE,Prospecting | Trail,10067,97,97.32,0.009635
2022-11-24,SE,Prospecting | Trail,8473,100,73.28,0.011802
2022-11-25,SE,Prospecting | Trail,8272,86,96.99,0.010397
2022-11-26,SE,Prospecting | Trail,9552,107,92.36,0.011202
2022-11-27,SE,Prospecting | Trail,7986,101,74.46,0.012647
2022-11-21,SE,Retargeting | Site Visitors,4750,110,54.6,0.023158
2022-11-22,SE,Retargeting | Site Visitors,4455,93,56.39,0.020875
2022-11-23,SE,Retargeting | Site Visitors,4762,94,45.29,0.01974
2022-11-24,SE,Retargeting | Site Visitors,4450,117,59.01,0.026292
2022-11-25,SE,Retargeting | Site Visitors,4346,105,61.01,0.02416
2022-11-26,SE,Retargeting | Site Visitors,5874,81,51.46,0.01379
2022-11-27,SE,Retargeting | Site Visitors,5568,89,65.6,0.015984
2022-11-21,MW,Prospecting | Trail,9410,90,80.32,0.009564
2022-11-22,MW,Prospecting | Trail,8741,113,72.2,0.012928
2022-11-23,MW,Prospecting | Trail,9058,82,89.55,0.009053
2022-11-24,MW,Prospecting | Trail,8413,94,68.39,0.011173
2022-11-25,MW,Prospecting | Trail,7029,114,90.11,0.016219
2022-11-26,MW,Prospecting | Trail,9594,103,91.15,0.010736
2022-11-27,MW,Prospecting | Trail,7549,77,94.25,0.0102
2022-11-21,MW,Retargeting | Site Visitors,3502,63,49.11,0.01799
2022-11-22,MW,Retargeting | Site Visitors,4347,68,52.95,0.015643
2022-11-23,MW,Retargeting | Site Visitors,3333,88,40.14,0.026403
2022-11-24,MW,Retargeting | Site Visitors,4653,69,46.03,0.014829
2022-11-25,MW,Retargeting | Site Visitors,3913,64,44.71,0.016356
2022-11-26,MW,Retargeting | Site Visitors,4710,79,44.8,0.016773
2022-11-27,MW,Retargeting | Site Visitors,4712,90,57.72,0.0191
2022-11-21,MT,Prospecting | Trail,5641,67,54.32,0.011877
2022-11-22,MT,Prospecting | Trail,4761,74,56.75,0.015543
2022-11-23,MT,Prospecting | Trail,6616,58,50.85,0.008767
2022-11-24,MT,Prospecting | Trail,6560,58,56.5,0.008841
2022-11-25,MT,Prospecting | Trail,6614,72,48.14,0.010886
2022-11-26,MT,Prospecting | Trail,5227,64,73.55,0.012244
2022-11-27,MT,Prospecting | Trail,5552,69,61.4,0.012428
2022-11-21,MT,Retargeting | Site Visitors,2771,50,32.28,0.018044
2022-11-22,MT,Retargeting | Site Visitors,3019,50,41.68,0.016562
2022-11-23,MT,Retargeting | Site Visitors,3256,72,33.15,0.022113
2022-11-24,MT,Retargeting | Site Visitors,3164,50,40.4,0.015803
2022-11-25,MT,Retargeting | Site Visitors,3535,64,35.24,0.018105
2022-11-26,MT,Retargeting | Site Visitors,3089,65,36.43,0.021042
2022-11-27,MT,Retargeting | Site Visitors,2787,48,29.45,0.017223
2022-11-21,WE,Prospecting | Trail,12061,183,$146.56,0.015173
2022-11-22,WE,Prospecting | Trail,15820,152,$140.99,0.009608
2022-11-23,WE,Prospecting | Trail,12502,172,$103.20,0.013758
2022-11-24,WE,Prospecting | Trail,12240,164,$128.95,0.013399
2022-11-25,WE,Prospecting | Trail,12845,179,$120.03,0.013935
2022-11-26,WE,Prospecting | Trail,13334,135,$124.29,0.010124
2022-11-27,WE,Prospecting | Trail,12055,170,$126.37,0.014102
2022-11-21,WE,Retargeting | Site Visitors,6516,73,$74.72,0.011203
2022-11-22,WE,Retargeting | Site Visitors,5270,97,$66.81,0.018406
2022-11-23,WE,Retargeting | Site Visitors,4412,91,$53.67,0.020626
2022-11-24,WE,Retargeting | Site Visitors,4651,83,$52.52,0.017846
2022-11-25,WE,Retargeting | Site Visitors,5451,100,$56.06,0.018345
2022-11-26,WE,Retargeting | Site Visitors,5575,112,$50.79,0.02009
2022-11-27,WE,Retargeting | Site Visitors,4458,92,$63.25,0.020637
2022-11-28,NE,Prospecting | Trail,12334,148,128.28,0.011999
2022-11-29,NE,Prospecting | Trail,10326,107,121.51,0.010362
2022-11-30,NE,Prospecting | Trail,10235,139,86.25,0.013581
2022-12-01,NE,Prospecting | Trail,9536,157,91.44,0.016464
2022-12-02,NE,Prospecting | Trail,13163,137,113.44,0.010408
2022-12-03,NE,Prospecting | Trail,9889,114,83.48,0.011528
2022-12-04,NE,Prospecting | Trail,11481,136,129.84,0.011846
2022-11-28,NE,Retargeting | Site Visitors,4949,76,54.02,0.015357
2022-11-29,NE,Retargeting | Site Visitors,5858,78,55.24,0.013315
2022-11-30,NE,Retargeting | Site Visitors,4854,75,53.17,0.015451
2022-12-01,NE,Retargeting | Site Visitors,4393,93,66.62,0.02117
2022-12-02,NE,Retargeting | Site Visitors,4827,94,54.23,0.019474
2022-12-03,NE,Retargeting | Site Visitors,4293,99,56.27,0.023061
2022-12-04,NE,Retargeting | Site Visitors,5366,110,57.64,0.020499
2022-11-28,MA,Prospecting | Trail,8101,110,74.29,0.013579
2022-11-29,MA,Prospecting | Trail,9223,110,74.62,0.011927
2022-11-30,MA,Prospecting | Trail,9586,91,87.74,0.009493
2022-12-01,MA,Prospecting | Trail,8647,88,93.17,0.010177
2022-12-02,MA,Prospecting | Trail,7511,129,93.66,0.017175
2022-12-03,MA,Prospecting | Trail,9280,122,76.71,0.013147
2022-12-04,MA,Prospecting | Trail,8595,109,97.04,0.012682
2022-11-28,MA,Retargeting | Site Visitors,3968,78,41.92,0.019657
2022-11-29,MA,Retargeting | Site Visitors,4776,84,48.78,0.017588
2022-11-30,MA,Retargeting | Site Visitors,4530,85,52.33,0.018764
2022-12-01,MA,Retargeting | Site Visitors,4195,94,48.67,0.022408
2022-12-02,MA,Retargeting | Site Visitors,3150,77,38.26,0.024444
2022-12-03,MA,Retargeting | Site Visitors,3262,85,53.35,0.026058
2022-12-04,MA,Retargeting | Site Visitors,4718,75,45.59,0.015897
2022-11-28,SE,Prospecting | Trail,10198,85,62.76,0.008335
2022-11-29,SE,Prospecting | Trail,8988,83,96.76,0.009235
2022-11-30,SE,Prospecting | Trail,7647,110,85.24,0.014385
2022-12-01,SE,Prospecting | Trail,7481,84,90.0,0.011228
2022-12-02,SE,Prospecting | Trail,10072,100,67.39,0.009929
2022-12-03,SE,Prospecting | Trail,6628,119,82.33,0.017954
2022-12-04,SE,Prospecting | Trail,8395,83,97.72,0.009887
2022-11-28,SE,Retargeting | Site Visitors,4160,100,56.87,0.024038
2022-11-29,SE,Retargeting | Site Visitors,4491,84,53.63,0.018704
2022-11-30,SE,Retargeting | Site Visitors,4403,73,60.13,0.01658
2022-12-01,SE,Retargeting | Site Visitors,4256,95,48.5,0.022321
2022-12-02,SE,Retargeting | Site Visitors,3922,73,43.31,0.018613
2022-12-03,SE,Retargeting | Site Visitors,5503,77,57.96,0.013992
2022-12-04,SE,Retargeting | Site Visitors,5722,80,52.83,0.013981
2022-11-28,MW,Prospecting | Trail,9141,101,78.67,0.011049
2022-11-29,MW,Prospecting | Trail,11052,116,99.65,0.010496
2022-11-30,MW,Prospecting | Trail,8539,130,98.79,0.015224
2022-12-01,MW,Prospecting | Trail,8963,120,104.36,0.013388
2022-12-02,MW,Prospecting | Trail,9720,103,97.92,0.010597
2022-12-03,MW,Prospecting | Trail,9163,124,87.6,0.013533
2022-12-04,MW,Prospecting | Trail,11349,134,98.7,0.011807
2022-11-28,MW,Retargeting | Site Visitors,4202,79,53.93,0.018801
2022-11-29,MW,Retargeting | Site Visitors,3285,67,47.38,0.020396
2022-11-30,MW,Retargeting | Site Visitors,4793,91,44.17,0.018986
2022-12-01,MW,Retargeting | Site Visitors,4276,86,50.28,0.020112
2022-12-02,MW,Retargeting | Site Visitors,4627,66,45.26,0.014264
2022-12-03,MW,Retargeting | Site Visitors,3819,90,48.12,0.023566
2022-12-04,MW,Retargeting | Site Visitors,4973,85,55.59,0.017092
2022-11-28,MT,Prospecting | Trail,5587,93,55.91,0.016646
2022-11-29,MT,Prospecting | Trail,7702,93,68.28,0.012075
2022-11-30,MT,Prospecting | Trail,6551,64,56.6,0.00977
2022-12-01,MT,Prospecting | Trail,7301,73,60.13,0.009999
2022-12-02,MT,Prospecting | Trail,6592,67,63.2,0.010164
2022-12-03,MT,Prospecting | Trail,6568,69,79.08,0.010505
2022-12-04,MT,Prospecting | Trail,6286,93,73.36,0.014795
2022-11-28,MT,Retargeting | Site Visitors,4686,80,44.88,0.017072
2022-11-29,MT,Retargeting | Site Visitors,3330,67,49.89,0.02012
2022-11-30,MT,Retargeting | Site Visitors,3235,78,41.83,0.024111
2022-12-01,MT,Retargeting | Site Visitors,3841,81,38.23,0.021088
2022-12-02,MT,Retargeting | Site Visitors,3172,67,41.65,0.021122
2022-12-03,MT,Retargeting | Site Visitors,4105,75,39.75,0.01827
2022-12-04,MT,Retargeting | Site Visitors,3253,61,38.41,0.018752
2022-11-28,WE,Prospecting | Trail,10480,157,$103.16,0.014981
2022-11-29,WE,Prospecting | Trail,12463,155,$109.23,0.012437
2022-11-30,WE,Prospecting | Trail,12864,136,$123.34,0.010572
2022-12-01,WE,Prospecting | Trail,12846,122,$144.81,0.009497
2022-12-02,WE,Prospecting | Trail,12218,121,$119.98,0.009903
2022-12-03,WE,Prospecting | Trail,15166,135,$142.66,0.008901
2022-12-04,WE,Prospecting | Trail,11052,168,$110.29,0.015201
2022-11-28,WE,Retargeting | Site Visitors,5710,125,$77.48,0.021891
2022-11-29,WE,Retargeting | Site Visitors,7506,94,$69.52,0.012523
2022-11-30,WE,Retargeting | Site Visitors,6435,124,$81.70,0.01927
2022-12-01,WE,Retargeting | Site Visitors,5467,97,$66.23,0.017743
2022-12-02,WE,Retargeting | Site Visitors,5674,109,$64.16,0.01921
2022-12-03,WE,Retargeting | Site Visitors,5517,126,$69.00,0.022838
2022-12-04,WE,Retargeting | Site Visitors,5851,84,$56.75,0.014357
2022-12-05,NE,Prospecting | Trail,8011,99,102.2,0.012358
2022-12-06,NE,Prospecting | Trail,11077,119,81.46,0.010743
2022-12-07,NE,Prospecting | Trail,9072,117,91.08,0.012897
2022-12-08,NE,Prospecting | Trail,10614,106,86.29,0.009987
2022-12-09,NE,Prospecting | Trail,7733,118,96.23,0.015259
2022-12-10,NE,Prospecting | Trail,8953,117,106.43,0.013068
2022-12-11,NE,Prospecting | Trail,9922,97,77.05,0.009776
2022-12-05,NE,Retargeting | Site Visitors,4574,77,51.16,0.016834
2022-12-06,NE,Retargeting | Site Visitors,4427,80,44.21,0.018071
2022-12-07,NE,Retargeting | Site Visitors,5078,83,47.49,0.016345
2022-12-08,NE,Retargeting | Site Visitors,5009,85,57.12,0.016969
2022-12-09,NE,Retargeting | Site Visitors,3951,100,60.81,0.02531
2022-12-10,NE,Retargeting | Site Visitors,4747,74,52.27,0.015589
2022-12-11,NE,Retargeting | Site Visitors,3643,84,48.35,0.023058
2022-12-05,MA,Prospecting | Trail,10879,141,107.15,0.012961
2022-12-06,MA,Prospecting | Trail,9021,106,115.64,0.01175
2022-12-07,MA,Prospecting | Trail,11512,141,118.69,0.012248
2022-12-08,MA,Prospecting | Trail,10190,156,100.22,0.015309
2022-12-09,MA,Prospecting | Trail,12264,118,96.03,0.009622
2022-12-10,MA,Prospecting | Trail,11202,137,108.08,0.01223
2022-12-11,MA,Prospecting | Trail,11267,139,102.29,0.012337
2022-12-05,MA,Retargeting | Site Visitors,6140,87,59.44,0.014169
2022-12-06,MA,Retargeting | Site Visitors,5960,97,60.09,0.016275
2022-12-07,MA,Retargeting | Site Visitors,4131,101,67.05,0.024449
2022-12-08,MA,Retargeting | Site Visitors,5150,123,65.61,0.023883
2022-12-09,MA,Retargeting | Site Visitors,4778,104,55.76,0.021766
2022-12-10,MA,Retargeting | Site Visitors,5328,99,59.7,0.018581
2022-12-11,MA,Retargeting | Site Visitors,5875,97,62.03,0.016511
2022-12-05,SE,Prospecting | Trail,8582,92,98.33,0.01072
2022-12-06,SE,Prospecting | Trail,8659,127,89.6,0.014667
2022-12-07,SE,Prospecting | Trail,9802,97,84.1,0.009896
2022-12-08,SE,Prospecting | Trail,8923,86,99.63,0.009638
2022-12-09,SE,Prospecting | Trail,9786,113,97.0,0.011547
2022-12-10,SE,Prospecting | Trail,11455,127,77.66,0.011087
2022-12-11,SE,Prospecting | Trail,8270,115,95.34,0.013906
2022-12-05,SE,Retargeting | Site Visitors,4016,68,38.14,0.016932
2022-12-06,SE,Retargeting | Site Visitors,3691,89,49.33,0.024113
2022-12-07,SE,Retargeting | Site Visitors,3310,88,43.69,0.026586
2022-12-08,SE,Retargeting | Site Visitors,3715,64,51.45,0.017227
2022-12-09,SE,Retargeting | Site Visitors,4632,82,48.17,0.017703
2022-12-10,SE,Retargeting | Site Visitors,4739,70,43.56,0.014771
2022-12-11,SE,Retargeting | Site Visitors,3987,70,48.68,0.017557
2022-12-05,MW,Prospecting | Trail,10182,113,105.57,0.011098
2022-12-06,MW,Prospecting | Trail,9318,132,103.02,0.014166
2022-12-07,MW,Prospecting | Trail,10552,135,88.25,0.012794
2022-12-08,MW,Prospecting | Trail,11286,145,112.44,0.012848
2022-12-09,MW,Prospecting | Trail,9783,127,86.88,0.012982
2022-12-10,MW,Prospecting | Trail,10566,107,88.22,0.010127
2022-12-11,MW,Prospecting | Trail,8033,127,98.87,0.01581
2022-12-05,MW,Retargeting | Site Visitors,4311,83,48.51,0.019253
2022-12-06,MW,Retargeting | Site Visitors,4596,76,54.7,0.016536
2022-12-07,MW,Retargeting | Site Visitors,4467,81,47.82,0.018133
2022-12-08,MW,Retargeting | Site Visitors,4079,67,42.36,0.016426
2022-12-09,MW,Retargeting | Site Visitors,3841,81,47.46,0.021088
2022-12-10,MW,Retargeting | Site Visitors,3453,76,52.27,0.02201
2022-12-11,MW,Retargeting | Site Visitors,4851,60,47.26,0.012369
2022-12-05,MT,Prospecting | Trail,6157,94,63.46,0.015267
2022-12-06,MT,Prospecting | Trail,7532,78,71.12,0.010356
2022-12-07,MT,Prospecting | Trail,7955,78,72.15,0.009805
2022-12-08,MT,Prospecting | Trail,7052,84,81.26,0.011912
2022-12-09,MT,Prospecting | Trail,7486,79,73.35,0.010553
2022-12-10,MT,Prospecting | Trail,8199,91,63.7,0.011099
2022-12-11,MT,Prospecting | Trail,6592,91,74.5,0.013805
2022-12-05,MT,Retargeting | Site Visitors,3298,63,40.04,0.019102
2022-12-06,MT,Retargeting | Site Visitors,3445,59,29.82,0.017126
2022-12-07,MT,Retargeting | Site Visitors,2581,51,33.89,0.01976
2022-12-08,MT,Retargeting | Site Visitors,2986,61,33.87,0.020429
2022-12-09,MT,Retargeting | Site Visitors,3384,63,35.21,0.018617
2022-12-10,MT,Retargeting | Site Visitors,2528,53,37.09,0.020965
2022-12-11,MT,Retargeting | Site Visitors,3266,71,37.21,0.021739
2022-12-05,WE,Prospecting | Trail,10636,106,$110.03,0.009966
2022-12-06,WE,Prospecting | Trail,10541,147,$106.49,0.013946
2022-12-07,WE,Prospecting | Trail,11864,106,$120.33,0.008935
2022-12-08,WE,Prospecting | Trail,9867,139,$83.87,0.014087
2022-12-09,WE,Prospecting | Trail,11287,106,$117.54,0.009391
2022-12-10,WE,Prospecting | Trail,12150,107,$91.80,0.008807
2022-12-11,WE,Prospecting | Trail,9982,143,$117.96,0.014326
2022-12-05,WE,Retargeting | Site Visitors,4063,74,$55.99,0.018213
2022-12-06,WE,Retargeting | Site Visitors,5003,99,$63.37,0.019788
2022-12-07,WE,Retargeting | Site Visitors,5754,99,$47.13,0.017205
2022-12-08,WE,Retargeting | Site Visitors,4937,95,$59.29,0.019242
2022-12-09,WE,Retargeting | Site Visitors,4891,77,$62.75,0.015743
2022-12-10,WE,Retargeting | Site Visitors,4591,71,$63.74,0.015465
2022-12-11,WE,Retargeting | Site Visitors,5221,100,$44.00,0.019153
2022-12-12,NE,Prospecting | Trail,15029,125,105.66,0.008317
2022-12-13,NE,Prospecting | Trail,11393,175,98.66,0.01536
2022-12-14,NE,Prospecting | Trail,12969,151,118.91,0.011643
2022-12-15,NE,Prospecting | Trail,11868,133,116.46,0.011207
2022-12-16,NE,Prospecting | Trail,10686,181,99.46,0.016938
2022-12-17,NE,Prospecting | Trail,11670,136,152.3,0.011654
2022-12-18,NE,Prospecting | Trail,10470,151,132.58,0.014422
2022-12-12,NE,Retargeting | Site Visitors,5340,88,39.74,0.016479
2022-12-13,NE,Retargeting | Site Visitors,4286,65,60.2,0.015166
2022-12-14,NE,Retargeting | Site Visitors,4131,96,52.58,0.023239
2022-12-15,NE,Retargeting | Site Visitors,4042,69,52.49,0.017071
2022-12-16,NE,Retargeting | Site Visitors,4918,84,51.85,0.01708
2022-12-17,NE,Retargeting | Site Visitors,4833,87,58.48,0.018001
2022-12-18,NE,Retargeting | Site Visitors,4877,96,57.57,0.019684
2022-12-12,MA,Prospecting | Trail,10073,99,129.28,0.009828
2022-12-13,MA,Prospecting | Trail,9819,139,108.92,0.014156
2022-12-14,MA,Prospecting | Trail,10988,134,86.5,0.012195
2022-12-15,MA,Prospecting | Trail,11179,122,98.99,0.010913
2022-12-16,MA,Prospecting | Trail,12194,132,121.71,0.010825
2022-12-17,MA,Prospecting | Trail,10644,115,98.64,0.010804
2022-12-18,MA,Prospecting | Trail,11617,132,105.79,0.011363
2022-12-12,MA,Retargeting | Site Visitors,5088,95,63.64,0.018671
2022-12-13,MA,Retargeting | Site Visitors,5517,92,57.76,0.016676
2022-12-14,MA,Retargeting | Site Visitors,5850,117,69.11,0.02
2022-12-15,MA,Retargeting | Site Visitors,5616,111,67.92,0.019765
2022-12-16,MA,Retargeting | Site Visitors,6072,91,55.27,0.014987
2022-12-17,MA,Retargeting | Site Visitors,4325,81,69.34,0.018728
2022-12-18,MA,Retargeting | Site Visitors,5813,100,57.19,0.017203
2022-12-12,SE,Prospecting | Trail,8154,94,73.8,0.011528
2022-12-13,SE,Prospecting | Trail,7761,101,70.12,0.013014
2022-12-14,SE,Prospecting | Trail,10490,99,71.67,0.009438
2022-12-15,SE,Prospecting | Trail,9172,109,103.27,0.011884
2022-12-16,SE,Prospecting | Trail,7871,94,101.13,0.011943
2022-12-17,SE,Prospecting | Trail,7534,109,88.09,0.014468
2022-12-18,SE,Prospecting | Trail,10968,103,99.02,0.009391
2022-12-12,SE,Retargeting | Site Visitors,4945,88,65.34,0.017796
2022-12-13,SE,Retargeting | Site Visitors,4491,96,64.22,0.021376
2022-12-14,SE,Retargeting | Site Visitors,5118,93,52.8,0.018171
2022-12-15,SE,Retargeting | Site Visitors,5549,92,50.0,0.01658
2022-12-16,SE,Retargeting | Site Visitors,4715,100,45.36,0.021209
2022-12-17,SE,Retargeting | Site Visitors,4735,114,48.65,0.024076
2022-12-18,SE,Retargeting | Site Visitors,4295,81,62.91,0.018859
2022-12-12,MW,Prospecting | Trail,8825,90,91.55,0.010198
2022-12-13,MW,Prospecting | Trail,9021,103,86.56,0.011418
2022-12-14,MW,Prospecting | Trail,9914,124,97.76,0.012508
2022-12-15,MW,Prospecting | Trail,7522,117,72.26,0.015554
2022-12-16,MW,Prospecting | Trail,7127,107,89.1,0.015013
2022-12-17,MW,Prospecting | Trail,9498,125,90.78,0.013161
2022-12-18,MW,Prospecting | Trail,10400,118,82.6,0.011346
2022-12-12,MW,Retargeting | Site Visitors,4525,76,55.86,0.016796
2022-12-13,MW,Retargeting | Site Visitors,3532,75,41.41,0.021234
2022-12-14,MW,Retargeting | Site Visitors,3891,69,42.08,0.017733
2022-12-15,MW,Retargeting | Site Visitors,4679,79,42.56,0.016884
2022-12-16,MW,Retargeting | Site Visitors,3528,66,40.64,0.018707
2022-12-17,MW,Retargeting | Site Visitors,3284,82,50.95,0.02497
2022-12-18,MW,Retargeting | Site Visitors,4671,58,49.77,0.012417
2022-12-12,MT,Prospecting | Trail,7107,70,71.83,0.009849
2022-12-13,MT,Prospecting | Trail,7487,94,77.79,0.012555
2022-12-14,MT,Prospecting | Trail,7339,99,71.16,0.01349
2022-12-15,MT,Prospecting | Trail,5208,75,52.56,0.014401
2022-12-16,MT,Prospecting | Trail,6388,95,57.2,0.014872
2022-12-17,MT,Prospecting | Trail,7796,90,70.23,0.011544
2022-12-18,MT,Prospecting | Trail,7435,81,77.09,0.010894
2022-12-12,MT,Retargeting | Site Visitors,3602,59,36.72,0.01638
2022-12-13,MT,Retargeting | Site Visitors,2856,76,34.6,0.026611
2022-12-14,MT,Retargeting | Site Visitors,3581,66,34.63,0.018431
2022-12-15,MT,Retargeting | Site Visitors,3040,68,46.44,0.022368
2022-12-16,MT,Retargeting | Site Visitors,3212,59,43.07,0.018369
2022-12-17,MT,Retargeting | Site Visitors,3415,52,31.89,0.015227
2022-12-18,MT,Retargeting | Site Visitors,2978,74,33.52,0.024849
2022-12-12,WE,Prospecting | Trail,12349,140,$100.24,0.011337
2022-12-13,WE,Prospecting | Trail,11630,130,$120.17,0.011178
2022-12-14,WE,Prospecting | Trail,14378,172,$138.06,0.011963
2022-12-15,WE,Prospecting | Trail,12540,121,$119.13,0.009649
2022-12-16,WE,Prospecting | Trail,11084,166,$127.69,0.014977
2022-12-17,WE,Prospecting | Trail,13281,164,$130.19,0.012348
2022-12-18,WE,Prospecting | Trail,13133,164,$130.77,0.012488
2022-12-12,WE,Retargeting | Site Visitors,4681,105,$64.25,0.022431
2022-12-13,WE,Retargeting | Site Visitors,5132,101,$52.09,0.01968
2022-12-14,WE,Retargeting | Site Visitors,5296,83,$66.40,0.015672
2022-12-15,WE,Retargeting | Site Visitors,3928,90,$49.24,0.022912
2022-12-16,WE,Retargeting | Site Visitors,4776,111,$46.92,0.023241
2022-12-17,WE,Retargeting | Site Visitors,4270,81,$55.16,0.01897
2022-12-18,WE,Retargeting | Site Visitors,5381,101,$50.79,0.01877
2022-12-19,NE,Prospecting | Trail,14010,155,110.48,0.011064
2022-12-20,NE,Prospecting | Trail,12529,132,106.74,0.010536
2022-12-21,NE,Prospecting | Trail,11557,113,92.41,0.009778
2022-12-22,NE,Prospecting | Trail,13290,157,134.92,0.011813
2022-12-23,NE,Prospecting | Trail,9561,112,111.76,0.011714
2022-12-24,NE,Prospecting | Trail,9959,162,128.55,0.016267
2022-12-25,NE,Prospecting | Trail,10124,139,109.21,0.01373
2022-12-19,NE,Retargeting | Site Visitors,5825,76,68.07,0.013047
2022-12-20,NE,Retargeting | Site Visitors,4554,83,52.18,0.018226
2022-12-21,NE,Retargeting | Site Visitors,5179,98,54.85,0.018923
2022-12-22,NE,Retargeting | Site Visitors,5602,103,48.43,0.018386
2022-12-23,NE,Retargeting | Site Visitors,4071,68,46.81,0.016704
2022-12-24,NE,Retargeting | Site Visitors,3975,98,64.25,0.024654
2022-12-25,NE,Retargeting | Site Visitors,4709,88,55.45,0.018688
2022-12-19,MA,Prospecting | Trail,9787,121,94.83,0.012363
2022-12-20,MA,Prospecting | Trail,9975,132,95.75,0.013233
2022-12-21,MA,Prospecting | Trail,10940,169,82.67,0.015448
2022-12-22,MA,Prospecting | Trail,11822,136,121.53,0.011504
2022-12-23,MA,Prospecting | Trail,10461,113,120.12,0.010802
2022-12-24,MA,Prospecting | Trail,9753,113,101.47,0.011586
2022-12-25,MA,Prospecting | Trail,11908,170,115.16,0.014276
2022-12-19,MA,Retargeting | Site Visitors,4195,86,47.92,0.020501
2022-12-20,MA,Retargeting | Site Visitors,4877,66,45.83,0.013533
2022-12-21,MA,Retargeting | Site Visitors,3827,74,49.56,0.019336
2022-12-22,MA,Retargeting | Site Visitors,4295,74,42.14,0.017229
2022-12-23,MA,Retargeting | Site Visitors,3516,83,41.27,0.023606
2022-12-24,MA,Retargeting | Site Visitors,3898,74,56.29,0.018984
2022-12-25,MA,Retargeting | Site Visitors,3989,58,45.85,0.01454
2022-12-19,SE,Prospecting | Trail,8627,118,77.62,0.013678
2022-12-20,SE,Prospecting | Trail,8816,90,77.96,0.010209
2022-12-21,SE,Prospecting | Trail,7532,101,89.95,0.013409
2022-12-22,SE,Prospecting | Trail,8288,109,99.71,0.013152
2022-12-23,SE,Prospecting | Trail,9276,81,70.55,0.008732
2022-12-24,SE,Prospecting | Trail,6629,91,71.16,0.013728
2022-12-25,SE,Prospecting | Trail,8253,113,75.79,0.013692
2022-12-19,SE,Retargeting | Site Visitors,4044,71,55.27,0.017557
2022-12-20,SE,Retargeting | Site Visitors,4214,79,45.28,0.018747
2022-12-21,SE,Retargeting | Site Visitors,3739,80,46.18,0.021396
2022-12-22,SE,Retargeting | Site Visitors,3074,67,37.18,0.021796
2022-12-23,SE,Retargeting | Site Visitors,3520,75,37.57,0.021307
2022-12-24,SE,Retargeting | Site Visitors,3808,75,45.5,0.019695
2022-12-25,SE,Retargeting | Site Visitors,4303,67,40.09,0.015571
2022-12-19,MW,Prospecting | Trail,9198,95,72.99,0.010328
2022-12-20,MW,Prospecting | Trail,9828,117,80.94,0.011905
2022-12-21,MW,Prospecting | Trail,9960,127,76.02,0.012751
2022-12-22,MW,Prospecting | Trail,10506,112,109.25,0.010661
2022-12-23,MW,Prospecting | Trail,9447,114,75.34,0.012067
2022-12-24,MW,Prospecting | Trail,7127,114,110.71,0.015996
2022-12-25,MW,Prospecting | Trail,8552,96,108.01,0.011225
2022-12-19,MW,Retargeting | Site Visitors,4348,88,48.67,0.020239
2022-12-20,MW,Retargeting | Site Visitors,4557,87,50.78,0.019092
2022-12-21,MW,Retargeting | Site Visitors,4316,88,59.27,0.020389
2022-12-22,MW,Retargeting | Site Visitors,4549,70,62.0,0.015388
2022-12-23,MW,Retargeting | Site Visitors,5138,100,47.19,0.019463
2022-12-24,MW,Retargeting | Site Visitors,5705,98,63.81,0.017178
2022-12-25,MW,Retargeting | Site Visitors,4430,66,48.25,0.014898
2022-12-19,MT,Prospecting | Trail,7181,94,79.21,0.01309
2022-12-20,MT,Prospecting | Trail,6087,68,60.94,0.011171
2022-12-21,MT,Prospecting | Trail,7592,91,53.96,0.011986
2022-12-22,MT,Prospecting | Trail,6244,74,81.09,0.011851
2022-12-23,MT,Prospecting | Trail,6486,90,77.97,0.013876
2022-12-24,MT,Prospecting | Trail,8094,81,65.1,0.010007
2022-12-25,MT,Prospecting | Trail,7200,83,60.79,0.011528
2022-12-19,MT,Retargeting | Site Visitors,2350,51,36.08,0.021702
2022-12-20,MT,Retargeting | Site Visitors,3319,68,38.99,0.020488
2022-12-21,MT,Retargeting | Site Visitors,2724,63,25.73,0.023128
2022-12-22,MT,Retargeting | Site Visitors,3121,65,40.07,0.020827
2022-12-23,MT,Retargeting | Site Visitors,2960,51,29.44,0.01723
2022-12-24,MT,Retargeting | Site Visitors,3289,63,30.55,0.019155
2022-12-25,MT,Retargeting | Site Visitors,3129,63,39.4,0.020134
2022-12-19,WE,Prospecting | Trail,14289,168,$117.37,0.011757
2022-12-20,WE,Prospecting | Trail,13833,181,$128.64,0.013085
2022-12-21,WE,Prospecting | Trail,10995,177,$150.32,0.016098
2022-12-22,WE,Prospecting | Trail,15224,132,$102.03,0.008671
2022-12-23,WE,Prospecting | Trail,13193,126,$128.16,0.009551
2022-12-24,WE,Prospecting | Trail,11264,186,$123.78,0.016513
2022-12-25,WE,Prospecting | Trail,10438,172,$124.20,0.016478
2022-12-19,WE,Retargeting | Site Visitors,4995,94,$46.76,0.018819
2022-12-20,WE,Retargeting | Site Visitors,5383,99,$64.84,0.018391
2022-12-21,WE,Retargeting | Site Visitors,5366,80,$54.97,0.014909
2022-12-22,WE,Retargeting | Site Visitors,4334,105,$66.54,0.024227
2022-12-23,WE,Retargeting | Site Visitors,4908,82,$66.34,0.016707
2022-12-24,WE,Retargeting | Site Visitors,5849,107,$64.88,0.018294
2022-12-25,WE,Retargeting | Site Visitors,6281,95,$62.49,0.015125
2022-12-26,NE,Prospecting | Trail,12068,146,103.43,0.012098
2022-12-27,NE,Prospecting | Trail,10791,115,126.43,0.010657
2022-12-28,NE,Prospecting | Trail,9259,135,105.38,0.01458
2022-12-29,NE,Prospecting | Trail,12360,118,82.25,0.009547
2022-12-30,NE,Prospecting | Trail,10632,129,111.75,0.012133
2022-12-31,NE,Prospecting | Trail,10128,119,108.92,0.01175
2023-01-01,NE,Prospecting | Trail,9052,107,89.89,0.011821
2022-12-26,NE,Retargeting | Site Visitors,3973,87,65.46,0.021898
2022-12-27,NE,Retargeting | Site Visitors,4311,76,46.39,0.017629
2022-12-28,NE,Retargeting | Site Visitors,4134,104,45.45,0.025157
2022-12-29,NE,Retargeting | Site Visitors,5577,100,51.82,0.017931
2022-12-30,NE,Retargeting | Site Visitors,5244,86,68.92,0.0164
2022-12-31,NE,Retargeting | Site Visitors,3825,97,50.71,0.025359
2023-01-01,NE,Retargeting | Site Visitors,5647,68,47.44,0.012042
2022-12-26,MA,Prospecting | Trail,9988,95,101.14,0.009511
2022-12-27,MA,Prospecting | Trail,7097,107,100.97,0.015077
2022-12-28,MA,Prospecting | Trail,8879,104,77.1,0.011713
2022-12-29,MA,Prospecting | Trail,10046,80,95.51,0.007963
2022-12-30,MA,Prospecting | Trail,8128,118,79.3,0.014518
2022-12-31,MA,Prospecting | Trail,10200,119,98.41,0.011667
2023-01-01,MA,Prospecting | Trail,9858,102,76.67,0.010347
2022-12-26,MA,Retargeting | Site Visitors,4938,92,44.46,0.018631
2022-12-27,MA,Retargeting | Site Visitors,4389,101,63.23,0.023012
2022-12-28,MA,Retargeting | Site Visitors,5298,92,60.56,0.017365
2022-12-29,MA,Retargeting | Site Visitors,5641,77,58.1,0.01365
2022-12-30,MA,Retargeting | Site Visitors,3775,73,63.47,0.019338
2022-12-31,MA,Retargeting | Site Visitors,4637,88,49.64,0.018978
2023-01-01,MA,Retargeting | Site Visitors,4593,80,43.15,0.017418
2022-12-26,SE,Prospecting | Trail,9312,145,74.07,0.015571
2022-12-27,SE,Prospecting | Trail,9817,105,99.69,0.010696
2022-12-28,SE,Prospecting | Trail,9695,101,90.18,0.010418
2022-12-29,SE,Prospecting | Trail,7627,149,95.42,0.019536
2022-12-30,SE,Prospecting | Trail,7836,99,97.85,0.012634
2022-12-31,SE,Prospecting | Trail,11745,104,85.33,0.008855
2023-01-01,SE,Prospecting | Trail,8371,119,88.62,0.014216
2022-12-26,SE,Retargeting | Site Visitors,4741,93,53.97,0.019616
2022-12-27,SE,Retargeting | Site Visitors,5041,95,50.46,0.018845
2022-12-28,SE,Retargeting | Site Visitors,3493,71,47.52,0.020326
2022-12-29,SE,Retargeting | Site Visitors,3609,86,43.88,0.023829
2022-12-30,SE,Retargeting | Site Visitors,3943,75,57.67,0.019021
2022-12-31,SE,Retargeting | Site Visitors,4845,93,55.17,0.019195
2023-01-01,SE,Retargeting | Site Visitors,4932,81,43.27,0.016423
2022-12-26,MW,Prospecting | Trail,7894,130,98.12,0.016468
2022-12-27,MW,Prospecting | Trail,11561,148,81.32,0.012802
2022-12-28,MW,Prospecting | Trail,9839,145,113.05,0.014737
2022-12-29,MW,Prospecting | Trail,10460,108,96.15,0.010325
2022-12-30,MW,Prospecting | Trail,10347,113,116.01,0.010921
2022-12-31,MW,Prospecting | Trail,9892,122,75.08,0.012333
2023-01-01,MW,Prospecting | Trail,10871,114,114.71,0.010487
2022-12-26,MW,Retargeting | Site Visitors,4271,79,53.53,0.018497
2022-12-27,MW,Retargeting | Site Visitors,4334,65,38.06,0.014998
2022-12-28,MW,Retargeting | Site Visitors,3334,65,42.07,0.019496
2022-12-29,MW,Retargeting | Site Visitors,3523,85,44.56,0.024127
2022-12-30,MW,Retargeting | Site Visitors,4587,70,51.55,0.015261
2022-12-31,MW,Retargeting | Site Visitors,4667,74,54.81,0.015856
2023-01-01,MW,Retargeting | Site Visitors,4457,89,50.88,0.019969
2022-12-26,MT,Prospecting | Trail,8514,93,68.34,0.010923
2022-12-27,MT,Prospecting | Trail,6047,73,57.68,0.012072
2022-12-28,MT,Prospecting | Trail,5902,65,70.36,0.011013
2022-12-29,MT,Prospecting | Trail,8662,90,60.08,0.01039
2022-12-30,MT,Prospecting | Trail,7457,91,69.6,0.012203
2022-12-31,MT,Prospecting | Trail,5574,76,59.45,0.013635
2023-01-01,MT,Prospecting | Trail,5803,67,84.48,0.011546
2022-12-26,MT,Retargeting | Site Visitors,4027,83,39.32,0.020611
2022-12-27,MT,Retargeting | Site Visitors,3479,74,44.61,0.02127
2022-12-28,MT,Retargeting | Site Visitors,4726,77,42.26,0.016293
2022-12-29,MT,Retargeting | Site Visitors,3265,61,45.81,0.018683
2022-12-30,MT,Retargeting | Site Visitors,4275,76,54.49,0.017778
2022-12-31,MT,Retargeting | Site Visitors,4146,81,40.37,0.019537
2023-01-01,MT,Retargeting | Site Visitors,3263,76,45.75,0.023291
2022-12-26,WE,Prospecting | Trail,10238,120,$92.22,0.011721
2022-12-27,WE,Prospecting | Trail,11504,126,$113.66,0.010953
2022-12-28,WE,Prospecting | Trail,12453,115,$101.68,0.009235
2022-12-29,WE,Prospecting | Trail,8383,139,$92.75,0.016581
2022-12-30,WE,Prospecting | Trail,9876,136,$100.13,0.013771
2022-12-31,WE,Prospecting | Trail,10073,111,$109.27,0.01102
2023-01-01,WE,Prospecting | Trail,8837,108,$89.65,0.012221
2022-12-26,WE,Retargeting | Site Visitors,6200,93,$59.12,0.015
2022-12-27,WE,Retargeting | Site Visitors,4681,103,$65.92,0.022004
2022-12-28,WE,Retargeting | Site Visitors,6707,125,$57.91,0.018637
2022-12-29,WE,Retargeting | Site Visitors,5532,121,$63.34,0.021873
2022-12-30,WE,Retargeting | Site Visitors,5673,94,$71.09,0.01657
2022-12-31,WE,Retargeting | Site Visitors,5948,112,$75.37,0.01883
2023-01-01,WE,Retargeting | Site Visitors,5114,84,$65.58,0.016425
2023-01-02,NE,Prospecting | Trail,10240,82,79.49,0.008008
2023-01-03,NE,Prospecting | Trail,7713,106,84.13,0.013743
2023-01-04,NE,Prospecting | Trail,7096,100,88.87,0.014092
2023-01-05,NE,Prospecting | Trail,8614,92,85.72,0.01068
2023-01-06,NE,Prospecting | Trail,10137,106,86.75,0.010457
2023-01-07,NE,Prospecting | Trail,8418,95,78.32,0.011285
2023-01-08,NE,Prospecting | Trail,6968,87,76.76,0.012486
2023-01-02,NE,Retargeting | Site Visitors,3657,89,38.07,0.024337
2023-01-03,NE,Retargeting | Site Visitors,4338,65,50.66,0.014984
2023-01-04,NE,Retargeting | Site Visitors,4633,87,38.64,0.018778
2023-01-05,NE,Retargeting | Site Visitors,4810,70,58.38,0.014553
2023-01-06,NE,Retargeting | Site Visitors,4871,78,47.04,0.016013
2023-01-07,NE,Retargeting | Site Visitors,4104,83,54.58,0.020224
2023-01-08,NE,Retargeting | Site Visitors,3562,69,57.33,0.019371
2023-01-02,MA,Prospecting | Trail,9741,135,86.93,0.013859
2023-01-03,MA,Prospecting | Trail,10392,119,122.13,0.011451
2023-01-04,MA,Prospecting | Trail,10055,112,82.2,0.011139
2023-01-05,MA,Prospecting | Trail,10454,117,86.47,0.011192
2023-01-06,MA,Prospecting | Trail,10070,138,114.39,0.013704
2023-01-07,MA,Prospecting | Trail,10808,163,100.46,0.015081
2023-01-08,MA,Prospecting | Trail,11347,121,121.5,0.010664
2023-01-02,MA,Retargeting | Site Visitors,4267,67,51.47,0.015702
2023-01-03,MA,Retargeting | Site Visitors,4089,70,40.24,0.017119
2023-01-04,MA,Retargeting | Site Visitors,3830,73,47.77,0.01906
2023-01-05,MA,Retargeting | Site Visitors,4877,86,48.61,0.017634
2023-01-06,MA,Retargeting | Site Visitors,4266,76,54.13,0.017815
2023-01-07,MA,Retargeting | Site Visitors,3701,84,54.53,0.022697
2023-01-08,MA,Retargeting | Site Visitors,4726,88,45.44,0.01862
2023-01-02,SE,Prospecting | Trail,6678,90,67.42,0.013477
2023-01-03,SE,Prospecting | Trail,6205,84,77.57,0.013537
2023-01-04,SE,Prospecting | Trail,7215,74,72.83,0.010256
2023-01-05,SE,Prospecting | Trail,7526,108,62.76,0.01435
2023-01-06,SE,Prospecting | Trail,7145,78,75.32,0.010917
2023-01-07,SE,Prospecting | Trail,5906,72,66.63,0.012191
2023-01-08,SE,Prospecting | Trail,8422,86,58.62,0.010211
2023-01-02,SE,Retargeting | Site Visitors,4230,53,40.86,0.01253
2023-01-03,SE,Retargeting | Site Visitors,3067,75,32.11,0.024454
2023-01-04,SE,Retargeting | Site Visitors,2875,58,43.82,0.020174
2023-01-05,SE,Retargeting | Site Visitors,4108,76,45.46,0.0185
2023-01-06,SE,Retargeting | Site Visitors,3010,65,40.14,0.021595
2023-01-07,SE,Retargeting | Site Visitors,3240,61,36.73,0.018827
2023-01-08,SE,Retargeting | Site Visitors,4006,74,43.05,0.018472
2023-01-02,MW,Prospecting | Trail,7660,78,82.99,0.010183
2023-01-03,MW,Prospecting | Trail,9559,81,91.32,0.008474
2023-01-04,MW,Prospecting | Trail,8979,77,76.93,0.008576
2023-01-05,MW,Prospecting | Trail,7962,108,79.79,0.013564
2023-01-06,MW,Prospecting | Trail,7435,92,85.48,0.012374
2023-01-07,MW,Prospecting | Trail,7918,115,81.98,0.014524
2023-01-08,MW,Prospecting | Trail,8326,102,68.33,0.012251
2023-01-02,MW,Retargeting | Site Visitors,4512,74,47.52,0.016401
2023-01-03,MW,Retargeting | Site Visitors,4476,67,50.28,0.014969
2023-01-04,MW,Retargeting | Site Visitors,5107,98,48.11,0.019189
2023-01-05,MW,Retargeting | Site Visitors,3805,76,41.64,0.019974
2023-01-06,MW,Retargeting | Site Visitors,3695,84,43.55,0.022733
2023-01-07,MW,Retargeting | Site Visitors,3985,95,54.22,0.023839
2023-01-08,MW,Retargeting | Site Visitors,3632,77,50.63,0.0212
2023-01-02,MT,Prospecting | Trail,6032,70,57.59,0.011605
2023-01-03,MT,Prospecting | Trail,6442,53,60.05,0.008227
2023-01-04,MT,Prospecting | Trail,5621,70,47.07,0.012453
2023-01-05,MT,Prospecting | Trail,6374,69,67.95,0.010825
2023-01-06,MT,Prospecting | Trail,6126,75,58.38,0.012243
2023-01-07,MT,Prospecting | Trail,5098,79,44.21,0.015496
2023-01-08,MT,Prospecting | Trail,4420,63,57.86,0.014253
2023-01-02,MT,Retargeting | Site Visitors,2923,48,35.51,0.016421
2023-01-03,MT,Retargeting | Site Visitors,3000,45,34.23,0.015
2023-01-04,MT,Retargeting | Site Visitors,2778,44,34.13,0.015839
2023-01-05,MT,Retargeting | Site Visitors,2864,61,31.95,0.021299
2023-01-06,MT,Retargeting | Site Visitors,2720,53,27.4,0.019485
2023-01-07,MT,Retargeting | Site Visitors,2169,54,25.98,0.024896
2023-01-08,MT,Retargeting | Site Visitors,2456,54,28.29,0.021987
2023-01-02,WE,Prospecting | Trail,12022,123,$96.64,0.010231
2023-01-03,WE,Prospecting | Trail,10009,143,$107.58,0.014287
2023-01-04,WE,Prospecting | Trail,8679,143,$105.19,0.016477
2023-01-05,WE,Prospecting | Trail,11882,108,$101.24,0.009089
2023-01-06,WE,Prospecting | Trail,8308,110,$85.72,0.01324
2023-01-07,WE,Prospecting | Trail,12399,114,$113.44,0.009194
2023-01-08,WE,Prospecting | Trail,10774,114,$116.11,0.010581
2023-01-02,WE,Retargeting | Site Visitors,4631,89,$52.31,0.019218
2023-01-03,WE,Retargeting | Site Visitors,4973,81,$63.59,0.016288
2023-01-04,WE,Retargeting | Site Visitors,4487,100,$70.10,0.022287
2023-01-05,WE,Retargeting | Site Visitors,5761,70,$50.53,0.012151
2023-01-06,WE,Retargeting | Site Visitors,4230,105,$57.53,0.024823
2023-01-07,WE,Retargeting | Site Visitors,4744,98,$52.63,0.020658
2023-01-08,WE,Retargeting | Site Visitors,5871,102,$52.35,0.017374
2023-01-09,NE,Prospecting | Trail,12561,139,111.98,0.011066
2023-01-10,NE,Prospecting | Trail,11445,131,96.52,0.011446
2023-01-11,NE,Prospecting | Trail,9716,169,87.96,0.017394
2023-01-12,NE,Prospecting | Trail,12211,121,116.93,0.009909
2023-01-13,NE,Prospecting | Trail,8989,130,101.51,0.014462
2023-01-14,NE,Prospecting | Trail,11284,110,117.34,0.009748
2023-01-15,NE,Prospecting | Trail,10204,168,116.59,0.016464
2023-01-09,NE,Retargeting | Site Visitors,3994,80,51.94,0.02003
2023-01-10,NE,Retargeting | Site Visitors,4445,106,45.2,0.023847
2023-01-11,NE,Retargeting | Site Visitors,3990,91,56.14,0.022807
2023-01-12,NE,Retargeting | Site Visitors,5309,78,51.35,0.014692
2023-01-13,NE,Retargeting | Site Visitors,3912,101,55.22,0.025818
2023-01-14,NE,Retargeting | Site Visitors,5403,96,57.79,0.017768
2023-01-15,NE,Retargeting | Site Visitors,5213,92,53.41,0.017648
2023-01-09,MA,Prospecting | Trail,9167,104,81.89,0.011345
2023-01-10,MA,Prospecting | Trail,7820,87,66.12,0.011125
2023-01-11,MA,Prospecting | Trail,7128,87,94.35,0.012205
2023-01-12,MA,Prospecting | Trail,8167,102,78.71,0.012489
2023-01-13,MA,Prospecting | Trail,7770,112,79.23,0.014414
2023-01-14,MA,Prospecting | Trail,9427,79,95.65,0.00838
2023-01-15,MA,Prospecting | Trail,9659,102,83.61,0.01056
2023-01-09,MA,Retargeting | Site Visitors,4138,111,68.14,0.026825
2023-01-10,MA,Retargeting | Site Visitors,4899,94,46.06,0.019188
2023-01-11,MA,Retargeting | Site Visitors,5548,98,49.9,0.017664
2023-01-12,MA,Retargeting | Site Visitors,5909,111,48.5,0.018785
2023-01-13,MA,Retargeting | Site Visitors,5197,82,68.6,0.015778
2023-01-14,MA,Retargeting | Site Visitors,4960,113,64.2,0.022782
2023-01-15,MA,Retargeting | Site Visitors,4730,100,61.51,0.021142
2023-01-09,SE,Prospecting | Trail,7323,80,87.4,0.010924
2023-01-10,SE,Prospecting | Trail,6388,113,61.01,0.017689
2023-01-11,SE,Prospecting | Trail,8049,100,59.1,0.012424
2023-01-12,SE,Prospecting | Trail,6806,81,76.31,0.011901
2023-01-13,SE,Prospecting | Trail,8068,78,62.09,0.009668
2023-01-14,SE,Prospecting | Trail,8234,77,85.62,0.009351
2023-01-15,SE,Prospecting | Trail,6753,92,74.37,0.013624
2023-01-09,SE,Retargeting | Site Visitors,5513,93,55.35,0.016869
2023-01-10,SE,Retargeting | Site Visitors,4025,74,46.05,0.018385
2023-01-11,SE,Retargeting | Site Visitors,4281,67,46.12,0.015651
2023-01-12,SE,Retargeting | Site Visitors,4401,93,50.93,0.021132
2023-01-13,SE,Retargeting | Site Visitors,4001,91,59.56,0.022744
2023-01-14,SE,Retargeting | Site Visitors,4036,93,44.27,0.023043
2023-01-15,SE,Retargeting | Site Visitors,4254,80,48.6,0.018806
2023-01-09,MW,Prospecting | Trail,7575,99,75.86,0.013069
2023-01-10,MW,Prospecting | Trail,10222,113,85.74,0.011055
2023-01-11,MW,Prospecting | Trail,8130,113,97.36,0.013899
2023-01-12,MW,Prospecting | Trail,11324,108,100.19,0.009537
2023-01-13,MW,Prospecting | Trail,10184,111,88.55,0.010899
2023-01-14,MW,Prospecting | Trail,7482,96,76.16,0.012831
2023-01-15,MW,Prospecting | Trail,8811,81,100.68,0.009193
2023-01-09,MW,Retargeting | Site Visitors,5457,82,50.56,0.015027
2023-01-10,MW,Retargeting | Site Visitors,5402,100,42.7,0.018512
2023-01-11,MW,Retargeting | Site Visitors,4016,75,58.67,0.018675
2023-01-12,MW,Retargeting | Site Visitors,5152,111,54.45,0.021545
2023-01-13,MW,Retargeting | Site Visitors,4037,112,59.03,0.027743
2023-01-14,MW,Retargeting | Site Visitors,3611,83,60.24,0.022985
2023-01-15,MW,Retargeting | Site Visitors,4359,78,42.75,0.017894
2023-01-09,MT,Prospecting | Trail,7525,86,69.46,0.011429
2023-01-10,MT,Prospecting | Trail,5825,79,57.05,0.013562
2023-01-11,MT,Prospecting | Trail,7716,74,62.52,0.00959
2023-01-12,MT,Prospecting | Trail,6827,78,72.48,0.011425
2023-01-13,MT,Prospecting | Trail,7100,67,69.52,0.009437
2023-01-14,MT,Prospecting | Trail,6682,72,79.98,0.010775
2023-01-15,MT,Prospecting | Trail,6508,87,61.18,0.013368
2023-01-09,MT,Retargeting | Site Visitors,2983,81,41.79,0.027154
2023-01-10,MT,Retargeting | Site Visitors,3502,56,41.75,0.015991
2023-01-11,MT,Retargeting | Site Visitors,4260,56,39.35,0.013146
2023-01-12,MT,Retargeting | Site Visitors,3022,71,35.31,0.023494
2023-01-13,MT,Retargeting | Site Visitors,3127,54,42.6,0.017269
2023-01-14,MT,Retargeting | Site Visitors,3434,75,42.02,0.02184
2023-01-15,MT,Retargeting | Site Visitors,4279,82,40.16,0.019163
2023-01-09,WE,Prospecting | Trail,12107,130,$109.43,0.010738
2023-01-10,WE,Prospecting | Trail,11510,151,$94.42,0.013119
2023-01-11,WE,Prospecting | Trail,10665,145,$119.21,0.013596
2023-01-12,WE,Prospecting | Trail,12071,133,$116.52,0.011018
2023-01-13,WE,Prospecting | Trail,9498,148,$105.37,0.015582
2023-01-14,WE,Prospecting | Trail,8899,150,$100.74,0.016856
2023-01-15,WE,Prospecting | Trail,12035,119,$106.81,0.009888
2023-01-09,WE,Retargeting | Site Visitors,6556,102,$68.66,0.015558
2023-01-10,WE,Retargeting | Site Visitors,5397,88,$62.05,0.016305
2023-01-11,WE,Retargeting | Site Visitors,4636,113,$52.18,0.024374
2023-01-12,WE,Retargeting | Site Visitors,5805,103,$70.38,0.017743
2023-01-13,WE,Retargeting | Site Visitors,4889,102,$69.20,0.020863
2023-01-14,WE,Retargeting | Site Visitors,5362,113,$64.62,0.021074
2023-01-15,WE,Retargeting | Site Visitors,6559,99,$63.78,0.015094
2023-01-16,NE,Prospecting | Trail,9533,107,113.26,0.011224
2023-01-17,NE,Prospecting | Trail,10491,105,105.99,0.010009
2023-01-18,NE,Prospecting | Trail,9178,140,88.26,0.015254
2023-01-19,NE,Prospecting | Trail,10416,116,79.73,0.011137
2023-01-20,NE,Prospecting | Trail,7826,133,88.99,0.016995
2023-01-21,NE,Prospecting | Trail,7951,132,87.26,0.016602
2023-01-22,NE,Prospecting | Trail,9727,91,74.71,0.009355
2023-01-16,NE,Retargeting | Site Visitors,5707,99,76.47,0.017347
2023-01-17,NE,Retargeting | Site Visitors,6082,95,61.21,0.01562
2023-01-18,NE,Retargeting | Site Visitors,4897,115,68.62,0.023484
2023-01-19,NE,Retargeting | Site Visitors,5837,90,56.8,0.015419
2023-01-20,NE,Retargeting | Site Visitors,4300,94,57.63,0.02186
2023-01-21,NE,Retargeting | Site Visitors,4676,102,56.69,0.021814
2023-01-22,NE,Retargeting | Site Visitors,5976,121,53.53,0.020248
2023-01-16,MA,Prospecting | Trail,10622,107,102.33,0.010073
2023-01-17,MA,Prospecting | Trail,9423,133,122.07,0.014114
2023-01-18,MA,Prospecting | Trail,10421,121,105.18,0.011611
2023-01-19,MA,Prospecting | Trail,9327,137,84.11,0.014689
2023-01-20,MA,Prospecting | Trail,9589,116,89.79,0.012097
2023-01-21,MA,Prospecting | Trail,11387,135,91.85,0.011856
2023-01-22,MA,Prospecting | Trail,11718,100,115.05,0.008534
2023-01-16,MA,Retargeting | Site Visitors,3676,68,51.94,0.018498
2023-01-17,MA,Retargeting | Site Visitors,3502,77,38.74,0.021987
2023-01-18,MA,Retargeting | Site Visitors,4447,84,44.19,0.018889
2023-01-19,MA,Retargeting | Site Visitors,4057,81,49.72,0.019965
2023-01-20,MA,Retargeting | Site Visitors,3797,75,54.86,0.019752
2023-01-21,MA,Retargeting | Site Visitors,4644,63,46.95,0.013566
2023-01-22,MA,Retargeting | Site Visitors,4187,71,39.13,0.016957
2023-01-16,SE,Prospecting | Trail,11123,112,75.09,0.010069
2023-01-17,SE,Prospecting | Trail,8197,89,112.99,0.010858
2023-01-18,SE,Prospecting | Trail,10150,110,90.45,0.010837
2023-01-19,SE,Prospecting | Trail,7535,134,85.48,0.017784
2023-01-20,SE,Prospecting | Trail,7950,124,99.6,0.015597
2023-01-21,SE,Prospecting | Trail,9333,115,89.15,0.012322
2023-01-22,SE,Prospecting | Trail,10349,136,80.68,0.013141
2023-01-16,SE,Retargeting | Site Visitors,4816,77,42.54,0.015988
2023-01-17,SE,Retargeting | Site Visitors,4310,80,50.95,0.018561
2023-01-18,SE,Retargeting | Site Visitors,4302,87,41.08,0.020223
2023-01-19,SE,Retargeting | Site Visitors,4636,76,41.55,0.016393
2023-01-20,SE,Retargeting | Site Visitors,4293,92,61.03,0.02143
2023-01-21,SE,Retargeting | Site Visitors,3561,85,57.88,0.02387
2023-01-22,SE,Retargeting | Site Visitors,3563,81,44.01,0.022734
2023-01-16,MW,Prospecting | Trail,8854,92,84.22,0.010391
2023-01-17,MW,Prospecting | Trail,8299,89,86.98,0.010724
2023-01-18,MW,Prospecting | Trail,7305,85,65.95,0.011636
2023-01-19,MW,Prospecting | Trail,7637,108,68.92,0.014142
2023-01-20,MW,Prospecting | Trail,7885,77,97.16,0.009765
2023-01-21,MW,Prospecting | Trail,8545,108,73.17,0.012639
2023-01-22,MW,Prospecting | Trail,6719,75,65.0,0.011162
2023-01-16,MW,Retargeting | Site Visitors,3854,100,55.38,0.025947
2023-01-17,MW,Retargeting | Site Visitors,4568,76,46.87,0.016637
2023-01-18,MW,Retargeting | Site Visitors,3928,102,42.64,0.025967
2023-01-19,MW,Retargeting | Site Visitors,4242,71,47.46,0.016737
2023-01-20,MW,Retargeting | Site Visitors,4501,93,54.48,0.020662
2023-01-21,MW,Retargeting | Site Visitors,5195,105,55.74,0.020212
2023-01-22,MW,Retargeting | Site Visitors,5371,70,61.51,0.013033
2023-01-16,MT,Prospecting | Trail,7283,87,87.0,0.011946
2023-01-17,MT,Prospecting | Trail,5936,97,71.31,0.016341
2023-01-18,MT,Prospecting | Trail,6077,106,79.85,0.017443
2023-01-19,MT,Prospecting | Trail,8877,91,79.38,0.010251
2023-01-20,MT,Prospecting | Trail,8609,91,62.0,0.01057
2023-01-21,MT,Prospecting | Trail,8787,85,63.1,0.009673
2023-01-22,MT,Prospecting | Trail,6781,110,70.36,0.016222
2023-01-16,MT,Retargeting | Site Visitors,2949,60,36.11,0.020346
2023-01-17,MT,Retargeting | Site Visitors,3396,60,29.71,0.017668
2023-01-18,MT,Retargeting | Site Visitors,2913,68,31.61,0.023344
2023-01-19,MT,Retargeting | Site Visitors,3392,58,35.27,0.017099
2023-01-20,MT,Retargeting | Site Visitors,3272,57,39.42,0.017421
2023-01-21,MT,Retargeting | Site Visitors,2721,58,34.74,0.021316
2023-01-22,MT,Retargeting | Site Visitors,2315,65,34.15,0.028078
2023-01-16,WE,Prospecting | Trail,7658,110,$85.35,0.014364
2023-01-17,WE,Prospecting | Trail,9122,100,$103.88,0.010963
2023-01-18,WE,Prospecting | Trail,10597,108,$107.46,0.010192
2023-01-19,WE,Prospecting | Trail,9309,131,$94.26,0.014072
2023-01-20,WE,Prospecting | Trail,10921,127,$83.05,0.011629
2023-01-21,WE,Prospecting | Trail,9225,131,$98.40,0.014201
2023-01-22,WE,Prospecting | Trail,10559,125,$88.03,0.011838
2023-01-16,WE,Retargeting | Site Visitors,4982,68,$54.88,0.013649
2023-01-17,WE,Retargeting | Site Visitors,3594,93,$48.18,0.025876
2023-01-18,WE,Retargeting | Site Visitors,3444,83,$48.67,0.0241
2023-01-19,WE,Retargeting | Site Visitors,4564,70,$45.79,0.015337
2023-01-20,WE,Retargeting | Site Visitors,4721,96,$59.34,0.020335
2023-01-21,WE,Retargeting | Site Visitors,4778,70,$46.15,0.01465
2023-01-22,WE,Retargeting | Site Visitors,4237,77,$45.66,0.018173
2023-01-23,NE,Prospecting | Trail,10896,99,80.81,0.009086
2023-01-24,NE,Prospecting | Trail,8303,114,91.09,0.01373
2023-01-25,NE,Prospecting | Trail,11107,131,110.75,0.011794
2023-01-26,NE,Prospecting | Trail,10272,140,100.43,0.013629
2023-01-27,NE,Prospecting | Trail,11799,131,113.02,0.011103
2023-01-28,NE,Prospecting | Trail,12366,144,116.1,0.011645
2023-01-29,NE,Prospecting | Trail,9741,147,117.73,0.015091
2023-01-23,NE,Retargeting | Site Visitors,3984,85,61.11,0.021335
2023-01-24,NE,Retargeting | Site Visitors,5042,101,48.85,0.020032
2023-01-25,NE,Retargeting | Site Visitors,4644,78,58.79,0.016796
2023-01-26,NE,Retargeting | Site Visitors,4310,82,51.05,0.019026
2023-01-27,NE,Retargeting | Site Visitors,5684,76,59.3,0.013371
2023-01-28,NE,Retargeting | Site Visitors,5198,87,62.82,0.016737
2023-01-29,NE,Retargeting | Site Visitors,4694,88,43.99,0.018747
2023-01-23,NE,Launch | New Colorway,5192,88,61.29,0.016949
2023-01-24,NE,Launch | New Colorway,4711,72,41.67,0.015283
2023-01-25,NE,Launch | New Colorway,4898,95,45.87,0.019396
2023-01-26,NE,Launch | New Colorway,5617,81,57.28,0.014421
2023-01-27,NE,Launch | New Colorway,5035,85,52.65,0.016882
2023-01-28,NE,Launch | New Colorway,4644,76,56.58,0.016365
2023-01-29,NE,Launch | New Colorway,4808,62,40.69,0.012895
2023-01-23,MA,Prospecting | Trail,8544,109,85.12,0.012757
2023-01-24,MA,Prospecting | Trail,10150,126,92.71,0.012414
2023-01-25,MA,Prospecting | Trail,8388,111,111.33,0.013233
2023-01-26,MA,Prospecting | Trail,9144,113,105.36,0.012358
2023-01-27,MA,Prospecting | Trail,11693,146,96.01,0.012486
2023-01-28,MA,Prospecting | Trail,11040,115,89.4,0.010417
2023-01-29,MA,Prospecting | Trail,10071,106,96.56,0.010525
2023-01-23,MA,Retargeting | Site Visitors,3718,113,70.04,0.030393
2023-01-24,MA,Retargeting | Site Visitors,5724,77,58.54,0.013452
2023-01-25,MA,Retargeting | Site Visitors,4574,111,46.66,0.024268
2023-01-26,MA,Retargeting | Site Visitors,5640,97,61.6,0.017199
2023-01-27,MA,Retargeting | Site Visitors,5731,80,47.62,0.013959
2023-01-28,MA,Retargeting | Site Visitors,4708,93,66.77,0.019754
2023-01-29,MA,Retargeting | Site Visitors,5141,96,53.97,0.018673
2023-01-23,MA,Launch | New Colorway,4494,55,41.1,0.012239
2023-01-24,MA,Launch | New Colorway,4032,71,56.53,0.017609
2023-01-25,MA,Launch | New Colorway,4638,77,38.09,0.016602
2023-01-26,MA,Launch | New Colorway,5299,77,45.82,0.014531
2023-01-27,MA,Launch | New Colorway,3889,57,45.97,0.014657
2023-01-28,MA,Launch | New Colorway,4211,82,40.67,0.019473
2023-01-29,MA,Launch | New Colorway,5217,81,55.98,0.015526
2023-01-23,SE,Prospecting | Trail,11722,117,87.68,0.009981
2023-01-24,SE,Prospecting | Trail,9193,121,94.96,0.013162
2023-01-25,SE,Prospecting | Trail,8591,118,84.48,0.013735
2023-01-26,SE,Prospecting | Trail,8882,123,116.91,0.013848
2023-01-27,SE,Prospecting | Trail,10211,139,113.03,0.013613
2023-01-28,SE,Prospecting | Trail,11048,155,86.33,0.01403
2023-01-29,SE,Prospecting | Trail,11408,129,112.95,0.011308
2023-01-23,SE,Retargeting | Site Visitors,3296,81,49.55,0.024575
2023-01-24,SE,Retargeting | Site Visitors,4283,85,38.95,0.019846
2023-01-25,SE,Retargeting | Site Visitors,4006,70,49.15,0.017474
2023-01-26,SE,Retargeting | Site Visitors,3954,85,38.65,0.021497
2023-01-27,SE,Retargeting | Site Visitors,3968,79,42.23,0.019909
2023-01-28,SE,Retargeting | Site Visitors,3312,57,50.95,0.01721
2023-01-29,SE,Retargeting | Site Visitors,3954,61,38.43,0.015427
2023-01-23,SE,Launch | New Colorway,4532,62,44.74,0.01368
2023-01-24,SE,Launch | New Colorway,3502,69,39.98,0.019703
2023-01-25,SE,Launch | New Colorway,4908,51,41.62,0.010391
2023-01-26,SE,Launch | New Colorway,3757,70,45.65,0.018632
2023-01-27,SE,Launch | New Colorway,4177,67,45.72,0.01604
2023-01-28,SE,Launch | New Colorway,3608,62,31.44,0.017184
2023-01-29,SE,Launch | New Colorway,3727,59,38.6,0.01583
2023-01-23,MW,Prospecting | Trail,11184,111,76.92,0.009925
2023-01-24,MW,Prospecting | Trail,9361,107,102.07,0.01143
2023-01-25,MW,Prospecting | Trail,10712,132,108.68,0.012323
2023-01-26,MW,Prospecting | Trail,9745,115,98.68,0.011801
2023-01-27,MW,Prospecting | Trail,12504,122,114.03,0.009757
2023-01-28,MW,Prospecting | Trail,9040,124,100.55,0.013717
2023-01-29,MW,Prospecting | Trail,8090,98,91.29,0.012114
2023-01-23,MW,Retargeting | Site Visitors,5238,77,62.33,0.0147
2023-01-24,MW,Retargeting | Site Visitors,3922,83,53.22,0.021163
2023-01-25,MW,Retargeting | Site Visitors,3747,83,52.42,0.022151
2023-01-26,MW,Retargeting | Site Visitors,4286,81,42.54,0.018899
2023-01-27,MW,Retargeting | Site Visitors,5020,83,43.5,0.016534
2023-01-28,MW,Retargeting | Site Visitors,4834,87,53.55,0.017998
2023-01-29,MW,Retargeting | Site Visitors,3919,75,48.55,0.019138
2023-01-23,MW,Launch | New Colorway,4033,65,42.44,0.016117
2023-01-24,MW,Launch | New Colorway,3861,52,34.98,0.013468
2023-01-25,MW,Launch | New Colorway,4043,54,31.19,0.013356
2023-01-26,MW,Launch | New Colorway,3265,44,38.11,0.013476
2023-01-27,MW,Launch | New Colorway,3724,54,41.73,0.014501
2023-01-28,MW,Launch | New Colorway,3235,62,41.23,0.019165
2023-01-29,MW,Launch | New Colorway,4201,55,39.21,0.013092
2023-01-23,MT,Prospecting | Trail,6383,84,72.89,0.01316
2023-01-24,MT,Prospecting | Trail,8329,78,67.98,0.009365
2023-01-25,MT,Prospecting | Trail,7492,86,66.26,0.011479
2023-01-26,MT,Prospecting | Trail,6975,104,69.4,0.01491
2023-01-27,MT,Prospecting | Trail,8438,112,73.11,0.013273
2023-01-28,MT,Prospecting | Trail,6113,76,89.49,0.012433
2023-01-29,MT,Prospecting | Trail,7160,111,59.58,0.015503
2023-01-23,MT,Retargeting | Site Visitors,3328,56,39.7,0.016827
2023-01-24,MT,Retargeting | Site Visitors,3411,82,34.93,0.02404
2023-01-25,MT,Retargeting | Site Visitors,4373,63,34.57,0.014407
2023-01-26,MT,Retargeting | Site Visitors,3297,73,46.52,0.022141
2023-01-27,MT,Retargeting | Site Visitors,3658,82,38.62,0.022417
2023-01-28,MT,Retargeting | Site Visitors,3135,77,44.38,0.024561
2023-01-29,MT,Retargeting | Site Visitors,4129,73,52.59,0.01768
2023-01-23,MT,Launch | New Colorway,4138,52,36.65,0.012566
2023-01-24,MT,Launch | New Colorway,2692,49,42.3,0.018202
2023-01-25,MT,Launch | New Colorway,3825,62,35.86,0.016209
2023-01-26,MT,Launch | New Colorway,4125,42,38.41,0.010182
2023-01-27,MT,Launch | New Colorway,3027,44,34.44,0.014536
2023-01-28,MT,Launch | New Colorway,3973,51,34.47,0.012837
2023-01-29,MT,Launch | New Colorway,3561,59,36.35,0.016568
2023-01-23,WE,Prospecting | Trail,9657,161,$112.17,0.016672
2023-01-24,WE,Prospecting | Trail,13032,135,$141.35,0.010359
2023-01-25,WE,Prospecting | Trail,14199,145,$110.34,0.010212
2023-01-26,WE,Prospecting | Trail,11048,164,$124.91,0.014844
2023-01-27,WE,Prospecting | Trail,12350,124,$145.85,0.01004
2023-01-28,WE,Prospecting | Trail,14564,178,$124.52,0.012222
2023-01-29,WE,Prospecting | Trail,13701,142,$108.65,0.010364
2023-01-23,WE,Retargeting | Site Visitors,5537,104,$64.94,0.018783
2023-01-24,WE,Retargeting | Site Visitors,6066,123,$55.16,0.020277
2023-01-25,WE,Retargeting | Site Visitors,6331,99,$75.43,0.015637
2023-01-26,WE,Retargeting | Site Visitors,6296,126,$63.16,0.020013
2023-01-27,WE,Retargeting | Site Visitors,4502,121,$74.12,0.026877
2023-01-28,WE,Retargeting | Site Visitors,5074,83,$58.68,0.016358
2023-01-29,WE,Retargeting | Site Visitors,4757,111,$51.99,0.023334
2023-01-23,WE,Launch | New Colorway,6424,74,$54.91,0.011519
2023-01-24,WE,Launch | New Colorway,4443,79,$57.98,0.017781
2023-01-25,WE,Launch | New Colorway,6641,88,$50.35,0.013251
2023-01-26,WE,Launch | New Colorway,5298,74,$62.51,0.013968
2023-01-27,WE,Launch | New Colorway,6290,91,$66.34,0.014467
2023-01-28,WE,Launch | New Colorway,4682,69,$52.59,0.014737
2023-01-29,WE,Launch | New Colorway,5388,93,$54.82,0.017261
2023-01-30,NE,Prospecting | Trail,12444,149,90.32,0.011974
2023-01-31,NE,Prospecting | Trail,10998,148,114.16,0.013457
2023-02-01,NE,Prospecting | Trail,10087,109,108.16,0.010806
2023-02-02,NE,Prospecting | Trail,10014,136,90.87,0.013581
2023-02-03,NE,Prospecting | Trail,12865,110,112.61,0.00855
2023-02-04,NE,Prospecting | Trail,10237,113,105.51,0.011038
2023-02-05,NE,Prospecting | Trail,9981,154,129.28,0.015429
2023-01-30,NE,Retargeting | Site Visitors,5331,76,60.61,0.014256
2023-01-31,NE,Retargeting | Site Visitors,4681,78,50.38,0.016663
2023-02-01,NE,Retargeting | Site Visitors,4326,90,45.53,0.020804
2023-02-02,NE,Retargeting | Site Visitors,4389,99,61.54,0.022556
2023-02-03,NE,Retargeting | Site Visitors,4639,96,59.59,0.020694
2023-02-04,NE,Retargeting | Site Visitors,4315,81,43.34,0.018772
2023-02-05,NE,Retargeting | Site Visitors,4242,86,46.13,0.020273
2023-01-30,MA,Prospecting | Trail,8828,128,90.61,0.014499
2023-01-31,MA,Prospecting | Trail,9130,86,68.49,0.009419
2023-02-01,MA,Prospecting | Trail,8635,127,105.9,0.014708
2023-02-02,MA,Prospecting | Trail,7134,128,103.07,0.017942
2023-02-03,MA,Prospecting | Trail,8903,86,67.98,0.00966
2023-02-04,MA,Prospecting | Trail,9495,87,80.94,0.009163
2023-02-05,MA,Prospecting | Trail,10273,126,94.53,0.012265
2023-01-30,MA,Retargeting | Site Visitors,3804,98,54.24,0.025762
2023-01-31,MA,Retargeting | Site Visitors,5078,90,59.28,0.017724
2023-02-01,MA,Retargeting | Site Visitors,3971,79,50.35,0.019894
2023-02-02,MA,Retargeting | Site Visitors,4115,77,41.25,0.018712
2023-02-03,MA,Retargeting | Site Visitors,5205,75,43.2,0.014409
2023-02-04,MA,Retargeting | Site Visitors,3924,66,55.07,0.01682
2023-02-05,MA,Retargeting | Site Visitors,4189,69,44.91,0.016472
2023-01-30,SE,Prospecting | Trail,9894,93,92.95,0.0094
2023-01-31,SE,Prospecting | Trail,7067,96,77.22,0.013584
2023-02-01,SE,Prospecting | Trail,7466,105,64.77,0.014064
2023-02-02,SE,Prospecting | Trail,7283,112,81.45,0.015378
2023-02-03,SE,Prospecting | Trail,8123,100,75.2,0.012311
2023-02-04,SE,Prospecting | Trail,8018,98,87.06,0.012222
2023-02-05,SE,Prospecting | Trail,9728,104,85.63,0.010691
2023-01-30,SE,Retargeting | Site Visitors,3858,79,33.28,0.020477
2023-01-31,SE,Retargeting | Site Visitors,2887,61,37.59,0.021129
2023-02-01,SE,Retargeting | Site Visitors,4096,69,50.14,0.016846
2023-02-02,SE,Retargeting | Site Visitors,3266,63,40.74,0.01929
2023-02-03,SE,Retargeting | Site Visitors,4132,68,44.75,0.016457
2023-02-04,SE,Retargeting | Site Visitors,3541,55,39.02,0.015532
2023-02-05,SE,Retargeting | Site Visitors,3437,56,44.49,0.016293
2023-01-30,MW,Prospecting | Trail,9427,72,67.67,0.007638
2023-01-31,MW,Prospecting | Trail,7169,107,76.71,0.014925
2023-02-01,MW,Prospecting | Trail,6479,104,65.11,0.016052
2023-02-02,MW,Prospecting | Trail,6962,104,83.71,0.014938
2023-02-03,MW,Prospecting | Trail,9477,112,83.23,0.011818
2023-02-04,MW,Prospecting | Trail,8419,95,82.58,0.011284
2023-02-05,MW,Prospecting | Trail,8426,110,93.31,0.013055
2023-01-30,MW,Retargeting | Site Visitors,5130,87,55.48,0.016959
2023-01-31,MW,Retargeting | Site Visitors,4832,73,49.48,0.015108
2023-02-01,MW,Retargeting | Site Visitors,4813,77,55.22,0.015998
2023-02-02,MW,Retargeting | Site Visitors,4200,72,47.92,0.017143
2023-02-03,MW,Retargeting | Site Visitors,4448,93,56.18,0.020908
2023-02-04,MW,Retargeting | Site Visitors,4616,99,57.51,0.021447
2023-02-05,MW,Retargeting | Site Visitors,4182,78,48.77,0.018651
2023-01-30,MT,Prospecting | Trail,5874,84,61.9,0.0143
2023-01-31,MT,Prospecting | Trail,7102,65,70.93,0.009152
2023-02-01,MT,Prospecting | Trail,6184,88,73.92,0.01423
2023-02-02,MT,Prospecting | Trail,5762,82,65.8,0.014231
2023-02-03,MT,Prospecting | Trail,6531,69,68.44,0.010565
2023-02-04,MT,Prospecting | Trail,8608,82,66.27,0.009526
2023-02-05,MT,Prospecting | Trail,7787,78,61.64,0.010017
2023-01-30,MT,Retargeting | Site Visitors,2951,75,43.68,0.025415
2023-01-31,MT,Retargeting | Site Visitors,3979,68,33.53,0.01709
2023-02-01,MT,Retargeting | Site Visitors,3058,63,38.69,0.020602
2023-02-02,MT,Retargeting | Site Visitors,3255,61,43.24,0.01874
2023-02-03,MT,Retargeting | Site Visitors,3132,72,42.9,0.022989
2023-02-04,MT,Retargeting | Site Visitors,3908,66,39.61,0.016888
2023-02-05,MT,Retargeting | Site Visitors,3525,78,32.16,0.022128
2023-01-30,WE,Prospecting | Trail,10619,145,$93.42,0.013655
2023-01-31,WE,Prospecting | Trail,15126,169,$131.29,0.011173
2023-02-01,WE,Prospecting | Trail,14245,165,$112.54,0.011583
2023-02-02,WE,Prospecting | Trail,14128,146,$137.11,0.010334
2023-02-03,WE,Prospecting | Trail,9954,131,$109.84,0.013161
2023-02-04,WE,Prospecting | Trail,10186,121,$122.82,0.011879
2023-02-05,WE,Prospecting | Trail,10773,147,$126.30,0.013645
2023-01-30,WE,Retargeting | Site Visitors,5182,89,$53.97,0.017175
2023-01-31,WE,Retargeting | Site Visitors,4228,107,$62.45,0.025307
2023-02-01,WE,Retargeting | Site Visitors,4852,117,$54.64,0.024114
2023-02-02,WE,Retargeting | Site Visitors,5402,105,$58.56,0.019437
2023-02-03,WE,Retargeting | Site Visitors,5365,88,$55.24,0.016403
2023-02-04,WE,Retargeting | Site Visitors,5734,79,$74.35,0.013777
2023-02-05,WE,Retargeting | Site Visitors,6133,88,$65.08,0.014349
2023-02-06,NE,Prospecting | Trail,10479,140,109.56,0.01336
2023-02-07,NE,Prospecting | Trail,13519,148,122.25,0.010948
2023-02-08,NE,Prospecting | Trail,11982,145,99.27,0.012101
2023-02-09,NE,Prospecting | Trail,9410,151,94.94,0.016047
2023-02-10,NE,Prospecting | Trail,11277,137,114.4,0.012149
2023-02-11,NE,Prospecting | Trail,10999,148,121.71,0.013456
2023-02-12,NE,Prospecting | Trail,12441,111,122.92,0.008922
2023-02-06,NE,Retargeting | Site Visitors,5551,121,54.45,0.021798
2023-02-07,NE,Retargeting | Site Visitors,5943,92,66.96,0.01548
2023-02-08,NE,Retargeting | Site Visitors,6346,92,62.32,0.014497
2023-02-09,NE,Retargeting | Site Visitors,5433,110,51.25,0.020247
2023-02-10,NE,Retargeting | Site Visitors,4534,91,63.62,0.020071
2023-02-11,NE,Retargeting | Site Visitors,4899,124,73.63,0.025311
2023-02-12,NE,Retargeting | Site Visitors,5471,122,66.78,0.022299
2023-02-06,MA,Prospecting | Trail,12562,137,128.44,0.010906
2023-02-07,MA,Prospecting | Trail,8365,113,124.64,0.013509
2023-02-08,MA,Prospecting | Trail,11221,130,92.42,0.011585
2023-02-09,MA,Prospecting | Trail,11639,113,116.29,0.009709
2023-02-10,MA,Prospecting | Trail,10844,132,88.65,0.012173
2023-02-11,MA,Prospecting | Trail,10144,118,99.83,0.011632
2023-02-12,MA,Prospecting | Trail,12102,118,103.13,0.00975
2023-02-06,MA,Retargeting | Site Visitors,3888,65,39.72,0.016718
2023-02-07,MA,Retargeting | Site Visitors,4657,76,53.04,0.01632
2023-02-08,MA,Retargeting | Site Visitors,4532,79,57.51,0.017432
2023-02-09,MA,Retargeting | Site Visitors,4536,69,42.36,0.015212
2023-02-10,MA,Retargeting | Site Visitors,3380,71,41.22,0.021006
2023-02-11,MA,Retargeting | Site Visitors,3715,72,58.02,0.019381
2023-02-12,MA,Retargeting | Site Visitors,4174,92,40.27,0.022041
2023-02-06,SE,Prospecting | Trail,8516,112,89.81,0.013152
2023-02-07,SE,Prospecting | Trail,7450,117,72.99,0.015705
2023-02-08,SE,Prospecting | Trail,9379,95,74.82,0.010129
2023-02-09,SE,Prospecting | Trail,9397,103,77.87,0.010961
2023-02-10,SE,Prospecting | Trail,6228,92,81.63,0.014772
2023-02-11,SE,Prospecting | Trail,8520,104,87.79,0.012207
2023-02-12,SE,Prospecting | Trail,9439,91,92.61,0.009641
2023-02-06,SE,Retargeting | Site Visitors,4519,81,58.28,0.017924
2023-02-07,SE,Retargeting | Site Visitors,4528,105,53.14,0.023189
2023-02-08,SE,Retargeting | Site Visitors,3807,80,57.11,0.021014
2023-02-09,SE,Retargeting | Site Visitors,5652,102,59.09,0.018047
2023-02-10,SE,Retargeting | Site Visitors,4460,105,42.45,0.023543
2023-02-11,SE,Retargeting | Site Visitors,4906,84,58.46,0.017122
2023-02-12,SE,Retargeting | Site Visitors,5001,110,49.51,0.021996
2023-02-06,MW,Prospecting | Trail,11580,95,87.11,0.008204
2023-02-07,MW,Prospecting | Trail,9983,130,73.23,0.013022
2023-02-08,MW,Prospecting | Trail,11143,103,76.11,0.009243
2023-02-09,MW,Prospecting | Trail,10351,131,105.6,0.012656
2023-02-10,MW,Prospecting | Trail,8540,95,98.57,0.011124
2023-02-11,MW,Prospecting | Trail,7684,127,106.52,0.016528
2023-02-12,MW,Prospecting | Trail,7739,108,109.67,0.013955
2023-02-06,MW,Retargeting | Site Visitors,5257,71,56.09,0.013506
2023-02-07,MW,Retargeting | Site Visitors,3700,70,41.99,0.018919
2023-02-08,MW,Retargeting | Site Visitors,4666,78,41.45,0.016717
2023-02-09,MW,Retargeting | Site Visitors,3572,78,49.96,0.021837
2023-02-10,MW,Retargeting | Site Visitors,3756,68,50.58,0.018104
2023-02-11,MW,Retargeting | Site Visitors,4555,94,54.72,0.020637
2023-02-12,MW,Retargeting | Site Visitors,5087,86,57.04,0.016906
2023-02-06,MT,Prospecting | Trail,5756,90,74.5,0.015636
2023-02-07,MT,Prospecting | Trail,5049,62,59.92,0.01228
2023-02-08,MT,Prospecting | Trail,7891,77,51.9,0.009758
2023-02-09,MT,Prospecting | Trail,6553,89,70.43,0.013582
2023-02-10,MT,Prospecting | Trail,5769,85,59.27,0.014734
2023-02-11,MT,Prospecting | Trail,5448,80,68.91,0.014684
2023-02-12,MT,Prospecting | Trail,7856,75,49.42,0.009547
2023-02-06,MT,Retargeting | Site Visitors,3224,52,36.37,0.016129
2023-02-07,MT,Retargeting | Site Visitors,3684,62,42.28,0.01683
2023-02-08,MT,Retargeting | Site Visitors,4075,73,51.09,0.017914
2023-02-09,MT,Retargeting | Site Visitors,3898,70,41.66,0.017958
2023-02-10,MT,Retargeting | Site Visitors,2929,78,35.15,0.02663
2023-02-11,MT,Retargeting | Site Visitors,3663,54,45.57,0.014742
2023-02-12,MT,Retargeting | Site Visitors,4428,72,45.73,0.01626
2023-02-06,WE,Prospecting | Trail,11660,108,$86.76,0.009262
2023-02-07,WE,Prospecting | Trail,9306,107,$81.47,0.011498
2023-02-08,WE,Prospecting | Trail,9230,110,$96.97,0.011918
2023-02-09,WE,Prospecting | Trail,10291,93,$118.36,0.009037
2023-02-10,WE,Prospecting | Trail,9155,128,$81.48,0.013981
2023-02-11,WE,Prospecting | Trail,9394,107,$98.41,0.01139
2023-02-12,WE,Prospecting | Trail,8087,141,$94.36,0.017435
2023-02-06,WE,Retargeting | Site Visitors,4611,129,$70.05,0.027977
2023-02-07,WE,Retargeting | Site Visitors,5105,115,$59.02,0.022527
2023-02-08,WE,Retargeting | Site Visitors,5801,111,$69.00,0.019135
2023-02-09,WE,Retargeting | Site Visitors,6970,89,$77.11,0.012769
2023-02-10,WE,Retargeting | Site Visitors,6839,136,$53.86,0.019886
2023-02-11,WE,Retargeting | Site Visitors,5200,101,$63.31,0.019423
2023-02-12,WE,Retargeting | Site Visitors,5117,108,$63.55,0.021106
2023-02-13,NE,Prospecting | Trail,9958,118,98.07,0.01185
2023-02-14,NE,Prospecting | Trail,8600,106,81.94,0.012326
2023-02-15,NE,Prospecting | Trail,11860,158,87.97,0.013322
2023-02-16,NE,Prospecting | Trail,11748,111,107.56,0.009448
2023-02-17,NE,Prospecting | Trail,11469,123,113.76,0.010725
2023-02-18,NE,Prospecting | Trail,9806,104,117.02,0.010606
2023-02-19,NE,Prospecting | Trail,9921,155,112.65,0.015623
2023-02-13,NE,Retargeting | Site Visitors,4830,104,64.5,0.021532
2023-02-14,NE,Retargeting | Site Visitors,4296,99,53.15,0.023045
2023-02-15,NE,Retargeting | Site Visitors,5046,95,44.58,0.018827
2023-02-16,NE,Retargeting | Site Visitors,5086,114,65.03,0.022414
2023-02-17,NE,Retargeting | Site Visitors,4913,78,49.2,0.015876
2023-02-18,NE,Retargeting | Site Visitors,5666,77,54.76,0.01359
2023-02-19,NE,Retargeting | Site Visitors,4615,101,64.96,0.021885
2023-02-13,MA,Prospecting | Trail,8726,109,87.04,0.012491
2023-02-14,MA,Prospecting | Trail,10067,148,116.64,0.014701
2023-02-15,MA,Prospecting | Trail,11073,122,115.13,0.011018
2023-02-16,MA,Prospecting | Trail,9364,146,88.26,0.015592
2023-02-17,MA,Prospecting | Trail,12811,117,94.11,0.009133
2023-02-18,MA,Prospecting | Trail,8697,118,87.07,0.013568
2023-02-19,MA,Prospecting | Trail,10352,129,108.43,0.012461
2023-02-13,MA,Retargeting | Site Visitors,4587,89,50.36,0.019403
2023-02-14,MA,Retargeting | Site Visitors,3671,68,58.76,0.018524
2023-02-15,MA,Retargeting | Site Visitors,5269,68,45.14,0.012906
2023-02-16,MA,Retargeting | Site Visitors,3665,89,47.89,0.024284
2023-02-17,MA,Retargeting | Site Visitors,3966,102,56.7,0.025719
2023-02-18,MA,Retargeting | Site Visitors,4602,80,40.74,0.017384
2023-02-19,MA,Retargeting | Site Visitors,3998,80,42.63,0.02001
2023-02-13,SE,Prospecting | Trail,9055,103,94.33,0.011375
2023-02-14,SE,Prospecting | Trail,9458,83,65.37,0.008776
2023-02-15,SE,Prospecting | Trail,6482,86,73.73,0.013268
2023-02-16,SE,Prospecting | Trail,8527,92,81.72,0.010789
2023-02-17,SE,Prospecting | Trail,7507,110,67.51,0.014653
2023-02-18,SE,Prospecting | Trail,6756,88,83.73,0.013025
2023-02-19,SE,Prospecting | Trail,7634,120,76.71,0.015719
2023-02-13,SE,Retargeting | Site Visitors,3796,74,55.63,0.019494
2023-02-14,SE,Retargeting | Site Visitors,4170,91,60.39,0.021823
2023-02-15,SE,Retargeting | Site Visitors,4203,85,46.88,0.020224
2023-02-16,SE,Retargeting | Site Visitors,4728,81,62.57,0.017132
2023-02-17,SE,Retargeting | Site Visitors,5207,89,41.82,0.017092
2023-02-18,SE,Retargeting | Site Visitors,4731,60,57.69,0.012682
2023-02-19,SE,Retargeting | Site Visitors,5137,88,42.69,0.017131
2023-02-13,MW,Prospecting | Trail,7179,105,85.77,0.014626
2023-02-14,MW,Prospecting | Trail,8231,89,79.14,0.010813
2023-02-15,MW,Prospecting | Trail,7188,101,62.54,0.014051
2023-02-16,MW,Prospecting | Trail,7786,107,89.05,0.013743
2023-02-17,MW,Prospecting | Trail,9036,92,79.81,0.010181
2023-02-18,MW,Prospecting | Trail,7601,90,71.05,0.011841
2023-02-19,MW,Prospecting | Trail,8000,87,71.85,0.010875
2023-02-13,MW,Retargeting | Site Visitors,4469,110,48.09,0.024614
2023-02-14,MW,Retargeting | Site Visitors,4876,87,62.92,0.017842
2023-02-15,MW,Retargeting | Site Visitors,4652,87,62.3,0.018702
2023-02-16,MW,Retargeting | Site Visitors,4727,92,47.81,0.019463
2023-02-17,MW,Retargeting | Site Visitors,4511,82,54.83,0.018178
2023-02-18,MW,Retargeting | Site Visitors,5347,115,53.6,0.021507
2023-02-19,MW,Retargeting | Site Visitors,5009,105,56.74,0.020962
2023-02-13,MT,Prospecting | Trail,7260,83,89.94,0.011433
2023-02-14,MT,Prospecting | Trail,7895,71,61.12,0.008993
2023-02-15,MT,Prospecting | Trail,6518,110,64.38,0.016876
2023-02-16,MT,Prospecting | Trail,8898,108,78.43,0.012138
2023-02-17,MT,Prospecting | Trail,8165,74,74.89,0.009063
2023-02-18,MT,Prospecting | Trail,6996,97,68.26,0.013865
2023-02-19,MT,Prospecting | Trail,7457,98,84.22,0.013142
2023-02-13,MT,Retargeting | Site Visitors,4022,72,40.59,0.017902
2023-02-14,MT,Retargeting | Site Visitors,2918,56,39.15,0.019191
2023-02-15,MT,Retargeting | Site Visitors,4352,65,45.24,0.014936
2023-02-16,MT,Retargeting | Site Visitors,4300,63,39.96,0.014651
2023-02-17,MT,Retargeting | Site Visitors,4416,65,52.38,0.014719
2023-02-18,MT,Retargeting | Site Visitors,3162,82,49.71,0.025933
2023-02-19,MT,Retargeting | Site Visitors,3788,75,42.99,0.019799
2023-02-13,WE,Prospecting | Trail,13611,195,$129.38,0.014327
2023-02-14,WE,Prospecting | Trail,11106,155,$109.05,0.013956
2023-02-15,WE,Prospecting | Trail,11154,141,$128.42,0.012641
2023-02-16,WE,Prospecting | Trail,12115,150,$105.74,0.012381
2023-02-17,WE,Prospecting | Trail,14399,137,$150.21,0.009515
2023-02-18,WE,Prospecting | Trail,11773,143,$99.35,0.012146
2023-02-19,WE,Prospecting | Trail,10758,138,$110.04,0.012828
2023-02-13,WE,Retargeting | Site Visitors,4291,105,$51.10,0.02447
2023-02-14,WE,Retargeting | Site Visitors,4989,78,$64.84,0.015634
2023-02-15,WE,Retargeting | Site Visitors,4879,105,$56.10,0.021521
2023-02-16,WE,Retargeting | Site Visitors,4606,99,$63.06,0.021494
2023-02-17,WE,Retargeting | Site Visitors,5179,77,$50.91,0.014868
2023-02-18,WE,Retargeting | Site Visitors,5310,75,$46.92,0.014124
2023-02-19,WE,Retargeting | Site Visitors,5160,88,$62.83,0.017054
2023-02-20,NE,Prospecting | Trail,11077,155,110.16,0.013993
2023-02-21,NE,Prospecting | Trail,14556,149,125.38,0.010236
2023-02-22,NE,Prospecting | Trail,9637,156,122.08,0.016188
2023-02-23,NE,Prospecting | Trail,10037,153,87.85,0.015244
2023-02-24,NE,Prospecting | Trail,11637,120,119.4,0.010312
2023-02-25,NE,Prospecting | Trail,10378,128,108.35,0.012334
2023-02-26,NE,Prospecting | Trail,13433,157,118.18,0.011688
2023-02-20,NE,Retargeting | Site Visitors,5080,100,71.66,0.019685
2023-02-21,NE,Retargeting | Site Visitors,5581,99,51.08,0.017739
2023-02-22,NE,Retargeting | Site Visitors,5869,80,56.08,0.013631
2023-02-23,NE,Retargeting | Site Visitors,5176,112,60.72,0.021638
2023-02-24,NE,Retargeting | Site Visitors,6046,109,55.38,0.018028
2023-02-25,NE,Retargeting | Site Visitors,4884,104,73.26,0.021294
2023-02-26,NE,Retargeting | Site Visitors,5102,82,65.8,0.016072
2023-02-20,MA,Prospecting | Trail,8965,117,112.88,0.013051
2023-02-21,MA,Prospecting | Trail,9866,136,81.32,0.013785
2023-02-22,MA,Prospecting | Trail,8755,105,101.03,0.011993
2023-02-23,MA,Prospecting | Trail,12413,107,113.28,0.00862
2023-02-24,MA,Prospecting | Trail,10907,105,114.28,0.009627
2023-02-25,MA,Prospecting | Trail,9934,147,92.13,0.014798
2023-02-26,MA,Prospecting | Trail,11093,130,90.02,0.011719
2023-02-20,MA,Retargeting | Site Visitors,4687,93,39.18,0.019842
2023-02-21,MA,Retargeting | Site Visitors,5015,75,49.06,0.014955
2023-02-22,MA,Retargeting | Site Visitors,4039,68,52.61,0.016836
2023-02-23,MA,Retargeting | Site Visitors,3678,91,57.1,0.024742
2023-02-24,MA,Retargeting | Site Visitors,4855,84,55.28,0.017302
2023-02-25,MA,Retargeting | Site Visitors,4175,88,47.71,0.021078
2023-02-26,MA,Retargeting | Site Visitors,3567,90,44.24,0.025231
2023-02-20,SE,Prospecting | Trail,11037,116,97.39,0.01051
2023-02-21,SE,Prospecting | Trail,10317,97,104.84,0.009402
2023-02-22,SE,Prospecting | Trail,10096,101,106.8,0.010004
2023-02-23,SE,Prospecting | Trail,10219,139,113.8,0.013602
2023-02-24,SE,Prospecting | Trail,9635,144,90.91,0.014946
2023-02-25,SE,Prospecting | Trail,9807,134,85.3,0.013664
2023-02-26,SE,Prospecting | Trail,9672,138,94.62,0.014268
2023-02-20,SE,Retargeting | Site Visitors,4739,60,43.59,0.012661
2023-02-21,SE,Retargeting | Site Visitors,3962,91,42.2,0.022968
2023-02-22,SE,Retargeting | Site Visitors,3174,83,51.05,0.02615
2023-02-23,SE,Retargeting | Site Visitors,3625,65,45.73,0.017931
2023-02-24,SE,Retargeting | Site Visitors,3772,67,42.21,0.017762
2023-02-25,SE,Retargeting | Site Visitors,4583,65,47.75,0.014183
2023-02-26,SE,Retargeting | Site Visitors,4320,86,51.48,0.019907
2023-02-20,MW,Prospecting | Trail,8721,87,79.27,0.009976
2023-02-21,MW,Prospecting | Trail,11197,121,108.19,0.010806
2023-02-22,MW,Prospecting | Trail,8075,127,98.47,0.015728
2023-02-23,MW,Prospecting | Trail,8841,118,103.81,0.013347
2023-02-24,MW,Prospecting | Trail,11712,133,102.93,0.011356
2023-02-25,MW,Prospecting | Trail,9095,113,100.83,0.012424
2023-02-26,MW,Prospecting | Trail,10863,90,77.83,0.008285
2023-02-20,MW,Retargeting | Site Visitors,4434,74,59.91,0.016689
2023-02-21,MW,Retargeting | Site Visitors,5356,88,59.32,0.01643
2023-02-22,MW,Retargeting | Site Visitors,5625,106,58.04,0.018844
2023-02-23,MW,Retargeting | Site Visitors,5424,92,52.43,0.016962
2023-02-24,MW,Retargeting | Site Visitors,5614,74,56.36,0.013181
2023-02-25,MW,Retargeting | Site Visitors,4549,99,60.3,0.021763
2023-02-26,MW,Retargeting | Site Visitors,4485,107,61.75,0.023857
2023-02-20,MT,Prospecting | Trail,7745,62,69.25,0.008005
2023-02-21,MT,Prospecting | Trail,7047,67,69.36,0.009508
2023-02-22,MT,Prospecting | Trail,5769,68,72.49,0.011787
2023-02-23,MT,Prospecting | Trail,8776,80,61.68,0.009116
2023-02-24,MT,Prospecting | Trail,6164,92,67.6,0.014925
2023-02-25,MT,Prospecting | Trail,5966,73,57.92,0.012236
2023-02-26,MT,Prospecting | Trail,6208,93,68.93,0.014981
2023-02-20,MT,Retargeting | Site Visitors,4310,69,41.05,0.016009
2023-02-21,MT,Retargeting | Site Visitors,3100,65,37.07,0.020968
2023-02-22,MT,Retargeting | Site Visitors,4104,61,43.01,0.014864
2023-02-23,MT,Retargeting | Site Visitors,3056,70,44.81,0.022906
2023-02-24,MT,Retargeting | Site Visitors,3249,72,33.39,0.022161
2023-02-25,MT,Retargeting | Site Visitors,3167,75,47.14,0.023682
2023-02-26,MT,Retargeting | Site Visitors,3986,63,40.7,0.015805
2023-02-20,WE,Prospecting | Trail,11551,129,$108.14,0.011168
2023-02-21,WE,Prospecting | Trail,13786,164,$132.19,0.011896
2023-02-22,WE,Prospecting | Trail,13354,127,$108.51,0.00951
2023-02-23,WE,Prospecting | Trail,10644,151,$103.09,0.014186
2023-02-24,WE,Prospecting | Trail,13638,135,$134.87,0.009899
2023-02-25,WE,Prospecting | Trail,10741,132,$92.09,0.012289
2023-02-26,WE,Prospecting | Trail,9898,155,$140.50,0.01566
2023-02-20,WE,Retargeting | Site Visitors,5405,116,$60.42,0.021462
2023-02-21,WE,Retargeting | Site Visitors,4723,88,$60.83,0.018632
2023-02-22,WE,Retargeting | Site Visitors,6075,114,$51.19,0.018765
2023-02-23,WE,Retargeting | Site Visitors,6255,92,$70.37,0.014708
2023-02-24,WE,Retargeting | Site Visitors,4599,126,$64.16,0.027397
2023-02-25,WE,Retargeting | Site Visitors,5960,104,$73.87,0.01745
2023-02-26,WE,Retargeting | Site Visitors,5336,104,$60.21,0.01949
2023-02-27,NE,Prospecting | Trail,12868,163,142.2,0.012667
2023-02-28,NE,Prospecting | Trail,12075,160,112.36,0.013251
2023-03-01,NE,Prospecting | Trail,9145,145,92.77,0.015856
2023-03-02,NE,Prospecting | Trail,9756,119,120.25,0.012198
2023-03-03,NE,Prospecting | Trail,13111,124,96.4,0.009458
2023-03-04,NE,Prospecting | Trail,13015,150,121.81,0.011525
2023-03-05,NE,Prospecting | Trail,11049,160,108.21,0.014481
2023-02-27,NE,Retargeting | Site Visitors,3950,97,49.34,0.024557
2023-02-28,NE,Retargeting | Site Visitors,5719,89,56.15,0.015562
2023-03-01,NE,Retargeting | Site Visitors,5503,76,47.62,0.013811
2023-03-02,NE,Retargeting | Site Visitors,4758,83,57.58,0.017444
2023-03-03,NE,Retargeting | Site Visitors,4354,91,50.77,0.0209
2023-03-04,NE,Retargeting | Site Visitors,4178,90,69.16,0.021541
2023-03-05,NE,Retargeting | Site Visitors,5067,103,54.96,0.020328
2023-02-27,MA,Prospecting | Trail,12271,148,96.51,0.012061
2023-02-28,MA,Prospecting | Trail,11256,136,116.67,0.012082
2023-03-01,MA,Prospecting | Trail,12066,140,108.83,0.011603
2023-03-02,MA,Prospecting | Trail,9072,147,110.43,0.016204
2023-03-03,MA,Prospecting | Trail,9853,132,131.99,0.013397
2023-03-04,MA,Prospecting | Trail,13690,124,105.39,0.009058
2023-03-05,MA,Prospecting | Trail,11756,127,113.83,0.010803
2023-02-27,MA,Retargeting | Site Visitors,4335,128,70.55,0.029527
2023-02-28,MA,Retargeting | Site Visitors,6481,103,66.27,0.015893
2023-03-01,MA,Retargeting | Site Visitors,4696,108,71.93,0.022998
2023-03-02,MA,Retargeting | Site Visitors,6305,112,61.58,0.017764
2023-03-03,MA,Retargeting | Site Visitors,5618,90,54.61,0.01602
2023-03-04,MA,Retargeting | Site Visitors,4804,117,61.75,0.024355
2023-03-05,MA,Retargeting | Site Visitors,5695,101,49.56,0.017735
2023-02-27,SE,Prospecting | Trail,10931,105,104.39,0.009606
2023-02-28,SE,Prospecting | Trail,11905,147,107.6,0.012348
2023-03-01,SE,Prospecting | Trail,10053,108,107.54,0.010743
2023-03-02,SE,Prospecting | Trail,10298,146,86.4,0.014178
2023-03-03,SE,Prospecting | Trail,9847,109,97.42,0.011069
2023-03-04,SE,Prospecting | Trail,9496,128,84.94,0.013479
2023-03-05,SE,Prospecting | Trail,8502,159,107.83,0.018701
2023-02-27,SE,Retargeting | Site Visitors,4256,74,56.41,0.017387
2023-02-28,SE,Retargeting | Site Visitors,4813,107,48.05,0.022231
2023-03-01,SE,Retargeting | Site Visitors,4803,97,54.19,0.020196
2023-03-02,SE,Retargeting | Site Visitors,5334,111,59.49,0.02081
2023-03-03,SE,Retargeting | Site Visitors,6010,87,62.71,0.014476
2023-03-04,SE,Retargeting | Site Visitors,4420,88,61.0,0.01991
2023-03-05,SE,Retargeting | Site Visitors,4842,99,54.65,0.020446
2023-02-27,MW,Prospecting | Trail,10418,140,110.34,0.013438
2023-02-28,MW,Prospecting | Trail,9107,155,89.06,0.01702
2023-03-01,MW,Prospecting | Trail,8224,107,114.31,0.013011
2023-03-02,MW,Prospecting | Trail,10598,143,94.11,0.013493
2023-03-03,MW,Prospecting | Trail,11298,149,89.42,0.013188
2023-03-04,MW,Prospecting | Trail,11617,117,118.84,0.010071
2023-03-05,MW,Prospecting | Trail,11439,104,96.41,0.009092
2023-02-27,MW,Retargeting | Site Visitors,3689,78,47.1,0.021144
2023-02-28,MW,Retargeting | Site Visitors,4407,96,41.07,0.021784
2023-03-01,MW,Retargeting | Site Visitors,4546,73,52.57,0.016058
2023-03-02,MW,Retargeting | Site Visitors,4695,75,43.52,0.015974
2023-03-03,MW,Retargeting | Site Visitors,3877,100,53.37,0.025793
2023-03-04,MW,Retargeting | Site Visitors,5059,81,53.91,0.016011
2023-03-05,MW,Retargeting | Site Visitors,4040,97,57.06,0.02401
2023-02-27,MT,Prospecting | Trail,8633,93,70.33,0.010773
2023-02-28,MT,Prospecting | Trail,7794,104,104.11,0.013344
2023-03-01,MT,Prospecting | Trail,7410,82,95.64,0.011066
2023-03-02,MT,Prospecting | Trail,8790,122,74.73,0.013879
2023-03-03,MT,Prospecting | Trail,8855,112,72.41,0.012648
2023-03-04,MT,Prospecting | Trail,8556,102,69.86,0.011921
2023-03-05,MT,Prospecting | Trail,9524,89,96.62,0.009345
2023-02-27,MT,Retargeting | Site Visitors,3505,77,42.67,0.021969
2023-02-28,MT,Retargeting | Site Visitors,3465,78,39.37,0.022511
2023-03-01,MT,Retargeting | Site Visitors,3232,65,35.55,0.020111
2023-03-02,MT,Retargeting | Site Visitors,2803,56,46.18,0.019979
2023-03-03,MT,Retargeting | Site Visitors,2849,55,32.44,0.019305
2023-03-04,MT,Retargeting | Site Visitors,4068,71,41.31,0.017453
2023-03-05,MT,Retargeting | Site Visitors,3598,65,32.98,0.018066
2023-02-27,WE,Prospecting | Trail,10631,110,$105.90,0.010347
2023-02-28,WE,Prospecting | Trail,12188,135,$107.14,0.011076
2023-03-01,WE,Prospecting | Trail,10186,149,$111.35,0.014628
2023-03-02,WE,Prospecting | Trail,12114,145,$121.31,0.01197
2023-03-03,WE,Prospecting | Trail,11269,126,$109.24,0.011181
2023-03-04,WE,Prospecting | Trail,10987,139,$131.15,0.012651
2023-03-05,WE,Prospecting | Trail,14527,134,$116.53,0.009224
2023-02-27,WE,Retargeting | Site Visitors,6419,83,$52.89,0.01293
2023-02-28,WE,Retargeting | Site Visitors,5211,99,$66.27,0.018998
2023-03-01,WE,Retargeting | Site Visitors,5936,116,$60.97,0.019542
2023-03-02,WE,Retargeting | Site Visitors,4934,111,$56.26,0.022497
2023-03-03,WE,Retargeting | Site Visitors,4757,87,$66.26,0.018289
2023-03-04,WE,Retargeting | Site Visitors,5653,106,$56.16,0.018751
2023-03-05,WE,Retargeting | Site Visitors,4368,114,$69.89,0.026099
2023-03-06,NE,Prospecting | Trail,15062,140,123.78,0.009295
2023-03-07,NE,Prospecting | Trail,11460,159,115.39,0.013874
2023-03-08,NE,Prospecting | Trail,11145,193,142.13,0.017317
2023-03-09,NE,Prospecting | Trail,12704,138,109.47,0.010863
2023-03-10,NE,Prospecting | Trail,11468,135,106.86,0.011772
2023-03-11,NE,Prospecting | Trail,14024,193,137.85,0.013762
2023-03-12,NE,Prospecting | Trail,13114,161,136.48,0.012277
2023-03-06,NE,Retargeting | Site Visitors,6109,95,64.78,0.015551
2023-03-07,NE,Retargeting | Site Visitors,5181,109,63.84,0.021038
2023-03-08,NE,Retargeting | Site Visitors,5292,105,81.12,0.019841
2023-03-09,NE,Retargeting | Site Visitors,6265,119,66.04,0.018994
2023-03-10,NE,Retargeting | Site Visitors,6743,142,66.16,0.021059
2023-03-11,NE,Retargeting | Site Visitors,5231,95,54.38,0.018161
2023-03-12,NE,Retargeting | Site Visitors,6144,119,74.78,0.019368
2023-03-06,MA,Prospecting | Trail,11881,115,97.53,0.009679
2023-03-07,MA,Prospecting | Trail,12231,143,89.27,0.011692
2023-03-08,MA,Prospecting | Trail,11073,138,89.14,0.012463
2023-03-09,MA,Prospecting | Trail,11212,114,121.12,0.010168
2023-03-10,MA,Prospecting | Trail,9841,144,130.76,0.014633
2023-03-11,MA,Prospecting | Trail,12039,127,126.16,0.010549
2023-03-12,MA,Prospecting | Trail,8824,136,101.61,0.015413
2023-03-06,MA,Retargeting | Site Visitors,5484,72,49.78,0.013129
2023-03-07,MA,Retargeting | Site Visitors,3919,89,50.6,0.02271
2023-03-08,MA,Retargeting | Site Visitors,5256,96,63.02,0.018265
2023-03-09,MA,Retargeting | Site Visitors,5045,99,51.79,0.019623
2023-03-10,MA,Retargeting | Site Visitors,4837,78,49.3,0.016126
2023-03-11,MA,Retargeting | Site Visitors,3780,81,46.75,0.021429
2023-03-12,MA,Retargeting | Site Visitors,4194,96,62.69,0.02289
2023-03-06,SE,Prospecting | Trail,11126,95,85.3,0.008539
2023-03-07,SE,Prospecting | Trail,9943,129,115.58,0.012974
2023-03-08,SE,Prospecting | Trail,10175,139,93.63,0.013661
2023-03-09,SE,Prospecting | Trail,7860,137,101.71,0.01743
2023-03-10,SE,Prospecting | Trail,10703,134,97.38,0.01252
2023-03-11,SE,Prospecting | Trail,10140,100,91.73,0.009862
2023-03-12,SE,Prospecting | Trail,11668,132,116.5,0.011313
2023-03-06,SE,Retargeting | Site Visitors,4728,78,50.49,0.016497
2023-03-07,SE,Retargeting | Site Visitors,5011,93,53.02,0.018559
2023-03-08,SE,Retargeting | Site Visitors,4753,87,50.03,0.018304
2023-03-09,SE,Retargeting | Site Visitors,5272,79,55.46,0.014985
2023-03-10,SE,Retargeting | Site Visitors,3900,107,46.73,0.027436
2023-03-11,SE,Retargeting | Site Visitors,3691,81,59.04,0.021945
2023-03-12,SE,Retargeting | Site Visitors,3534,88,40.47,0.024901
2023-03-06,MW,Prospecting | Trail,11106,138,101.97,0.012426
2023-03-07,MW,Prospecting | Trail,10410,190,135.2,0.018252
2023-03-08,MW,Prospecting | Trail,10775,134,123.1,0.012436
2023-03-09,MW,Prospecting | Trail,10434,184,128.18,0.017635
2023-03-10,MW,Prospecting | Trail,11677,128,106.58,0.010962
2023-03-11,MW,Prospecting | Trail,14100,133,99.71,0.009433
2023-03-12,MW,Prospecting | Trail,14122,151,114.99,0.010693
2023-03-06,MW,Retargeting | Site Visitors,3660,86,52.73,0.023497
2023-03-07,MW,Retargeting | Site Visitors,4858,96,49.85,0.019761
2023-03-08,MW,Retargeting | Site Visitors,5152,106,54.79,0.020575
2023-03-09,MW,Retargeting | Site Visitors,5573,94,45.87,0.016867
2023-03-10,MW,Retargeting | Site Visitors,5420,88,62.74,0.016236
2023-03-11,MW,Retargeting | Site Visitors,5120,94,68.1,0.018359
2023-03-12,MW,Retargeting | Site Visitors,3856,113,52.79,0.029305
2023-03-06,MT,Prospecting | Trail,7611,103,77.54,0.013533
2023-03-07,MT,Prospecting | Trail,8407,84,69.44,0.009992
2023-03-08,MT,Prospecting | Trail,7177,103,98.68,0.014351
2023-03-09,MT,Prospecting | Trail,9859,102,78.71,0.010346
2023-03-10,MT,Prospecting | Trail,9476,95,71.98,0.010025
2023-03-11,MT,Prospecting | Trail,8814,82,89.91,0.009303
2023-03-12,MT,Prospecting | Trail,8041,98,95.71,0.012188
2023-03-06,MT,Retargeting | Site Visitors,3492,65,45.87,0.018614
2023-03-07,MT,Retargeting | Site Visitors,3950,77,36.42,0.019494
2023-03-08,MT,Retargeting | Site Visitors,3368,78,44.95,0.023159
2023-03-09,MT,Retargeting | Site Visitors,4244,75,44.1,0.017672
2023-03-10,MT,Retargeting | Site Visitors,3876,79,41.6,0.020382
2023-03-11,MT,Retargeting | Site Visitors,3438,56,51.95,0.016289
2023-03-12,MT,Retargeting | Site Visitors,4247,83,41.18,0.019543
2023-03-06,WE,Prospecting | Trail,12998,147,$129.46,0.011309
2023-03-07,WE,Prospecting | Trail,10759,146,$100.08,0.01357
2023-03-08,WE,Prospecting | Trail,11953,155,$128.76,0.012967
2023-03-09,WE,Prospecting | Trail,11064,158,$130.28,0.014281
2023-03-10,WE,Prospecting | Trail,13779,141,$86.88,0.010233
2023-03-11,WE,Prospecting | Trail,9693,157,$118.11,0.016197
2023-03-12,WE,Prospecting | Trail,11530,126,$107.82,0.010928
2023-03-06,WE,Retargeting | Site Visitors,5749,134,$77.97,0.023308
2023-03-07,WE,Retargeting | Site Visitors,7800,151,$94.94,0.019359
2023-03-08,WE,Retargeting | Site Visitors,6219,126,$76.79,0.02026
2023-03-09,WE,Retargeting | Site Visitors,7253,125,$65.62,0.017234
2023-03-10,WE,Retargeting | Site Visitors,6885,121,$70.22,0.017574
2023-03-11,WE,Retargeting | Site Visitors,7487,139,$64.85,0.018566
2023-03-12,WE,Retargeting | Site Visitors,5416,112,$87.91,0.020679
2023-03-13,NE,Prospecting | Trail,9934,134,121.08,0.013489
2023-03-14,NE,Prospecting | Trail,11889,150,107.66,0.012617
2023-03-15,NE,Prospecting | Trail,11765,115,90.27,0.009775
2023-03-16,NE,Prospecting | Trail,9985,137,96.91,0.013721
2023-03-17,NE,Prospecting | Trail,10573,104,101.16,0.009836
2023-03-18,NE,Prospecting | Trail,10941,124,121.58,0.011334
2023-03-19,NE,Prospecting | Trail,11360,158,110.54,0.013908
2023-03-13,NE,Retargeting | Site Visitors,7397,132,74.28,0.017845
2023-03-14,NE,Retargeting | Site Visitors,7152,96,85.25,0.013423
2023-03-15,NE,Retargeting | Site Visitors,5700,99,78.92,0.017368
2023-03-16,NE,Retargeting | Site Visitors,6230,135,62.72,0.021669
2023-03-17,NE,Retargeting | Site Visitors,5342,140,72.68,0.026207
2023-03-18,NE,Retargeting | Site Visitors,6783,146,68.86,0.021524
2023-03-19,NE,Retargeting | Site Visitors,5881,126,68.86,0.021425
2023-03-13,MA,Prospecting | Trail,11409,152,98.32,0.013323
2023-03-14,MA,Prospecting | Trail,12807,127,110.46,0.009916
2023-03-15,MA,Prospecting | Trail,14171,157,111.82,0.011079
2023-03-16,MA,Prospecting | Trail,10691,114,139.8,0.010663
2023-03-17,MA,Prospecting | Trail,9948,116,114.47,0.011661
2023-03-18,MA,Prospecting | Trail,13307,166,110.83,0.012475
2023-03-19,MA,Prospecting | Trail,9439,167,115.68,0.017693
2023-03-13,MA,Retargeting | Site Visitors,6042,85,66.77,0.014068
2023-03-14,MA,Retargeting | Site Visitors,5455,112,55.78,0.020532
2023-03-15,MA,Retargeting | Site Visitors,5307,84,61.36,0.015828
2023-03-16,MA,Retargeting | Site Visitors,5146,120,63.37,0.023319
2023-03-17,MA,Retargeting | Site Visitors,4911,102,54.12,0.02077
2023-03-18,MA,Retargeting | Site Visitors,5263,104,55.94,0.019761
2023-03-19,MA,Retargeting | Site Visitors,4838,120,67.73,0.024804
2023-03-13,SE,Prospecting | Trail,8836,101,94.54,0.011431
2023-03-14,SE,Prospecting | Trail,11675,130,106.45,0.011135
2023-03-15,SE,Prospecting | Trail,8339,142,91.98,0.017028
2023-03-16,SE,Prospecting | Trail,9432,125,91.78,0.013253
2023-03-17,SE,Prospecting | Trail,11145,138,90.31,0.012382
2023-03-18,SE,Prospecting | Trail,9107,99,119.83,0.010871
2023-03-19,SE,Prospecting | Trail,11130,128,87.83,0.0115
2023-03-13,SE,Retargeting | Site Visitors,4700,70,56.81,0.014894
2023-03-14,SE,Retargeting | Site Visitors,3208,67,44.53,0.020885
2023-03-15,SE,Retargeting | Site Visitors,4123,87,40.19,0.021101
2023-03-16,SE,Retargeting | Site Visitors,3966,93,45.96,0.023449
2023-03-17,SE,Retargeting | Site Visitors,3713,76,43.85,0.020469
2023-03-18,SE,Retargeting | Site Visitors,4296,88,52.23,0.020484
2023-03-19,SE,Retargeting | Site Visitors,4761,95,47.27,0.019954
2023-03-13,MW,Prospecting | Trail,11028,141,130.88,0.012786
2023-03-14,MW,Prospecting | Trail,12036,147,95.41,0.012213
2023-03-15,MW,Prospecting | Trail,11705,135,107.21,0.011534
2023-03-16,MW,Prospecting | Trail,9656,153,117.01,0.015845
2023-03-17,MW,Prospecting | Trail,12863,152,119.84,0.011817
2023-03-18,MW,Prospecting | Trail,13893,141,139.82,0.010149
2023-03-19,MW,Prospecting | Trail,12103,131,106.0,0.010824
2023-03-13,MW,Retargeting | Site Visitors,4833,122,65.33,0.025243
2023-03-14,MW,Retargeting | Site Visitors,4787,82,58.69,0.01713
2023-03-15,MW,Retargeting | Site Visitors,6175,95,62.38,0.015385
2023-03-16,MW,Retargeting | Site Visitors,6293,120,63.07,0.019069
2023-03-17,MW,Retargeting | Site Visitors,4630,80,72.43,0.017279
2023-03-18,MW,Retargeting | Site Visitors,5713,114,56.9,0.019954
2023-03-19,MW,Retargeting | Site Visitors,5572,108,58.23,0.019383
2023-03-13,MT,Prospecting | Trail,8290,126,93.76,0.015199
2023-03-14,MT,Prospecting | Trail,9584,108,109.22,0.011269
2023-03-15,MT,Prospecting | Trail,10288,85,96.73,0.008262
2023-03-16,MT,Prospecting | Trail,9015,98,97.74,0.010871
2023-03-17,MT,Prospecting | Trail,10331,125,97.84,0.0121
2023-03-18,MT,Prospecting | Trail,9905,126,93.02,0.012721
2023-03-19,MT,Prospecting | Trail,12105,115,92.97,0.0095
2023-03-13,MT,Retargeting | Site Visitors,3817,85,44.9,0.022269
2023-03-14,MT,Retargeting | Site Visitors,4421,60,48.8,0.013572
2023-03-15,MT,Retargeting | Site Visitors,3369,78,40.36,0.023152
2023-03-16,MT,Retargeting | Site Visitors,3237,77,38.86,0.023787
2023-03-17,MT,Retargeting | Site Visitors,3760,76,51.41,0.020213
2023-03-18,MT,Retargeting | Site Visitors,3870,73,34.51,0.018863
2023-03-19,MT,Retargeting | Site Visitors,4319,72,49.29,0.016671
2023-03-13,WE,Prospecting | Trail,11375,124,$111.45,0.010901
2023-03-14,WE,Prospecting | Trail,14658,168,$112.69,0.011461
2023-03-15,WE,Prospecting | Trail,12246,167,$126.99,0.013637
2023-03-16,WE,Prospecting | Trail,13252,181,$131.80,0.013658
2023-03-17,WE,Prospecting | Trail,12457,146,$145.94,0.01172
2023-03-18,WE,Prospecting | Trail,14410,160,$138.86,0.011103
2023-03-19,WE,Prospecting | Trail,11004,176,$108.41,0.015994
2023-03-13,WE,Retargeting | Site Visitors,6670,122,$88.82,0.018291
2023-03-14,WE,Retargeting | Site Visitors,6610,123,$71.22,0.018608
2023-03-15,WE,Retargeting | Site Visitors,6318,130,$63.19,0.020576
2023-03-16,WE,Retargeting | Site Visitors,6302,97,$63.56,0.015392
2023-03-17,WE,Retargeting | Site Visitors,6459,106,$68.86,0.016411
2023-03-18,WE,Retargeting | Site Visitors,5284,128,$60.39,0.024224
2023-03-19,WE,Retargeting | Site Visitors,5497,135,$80.08,0.024559
2023-03-20,NE,Prospecting | Trail,14028,157,123.04,0.011192
2023-03-21,NE,Prospecting | Trail,12869,127,120.56,0.009869
2023-03-22,NE,Prospecting | Trail,10496,182,126.49,0.01734
2023-03-23,NE,Prospecting | Trail,14725,164,158.13,0.011138
2023-03-24,NE,Prospecting | Trail,11185,156,109.26,0.013947
2023-03-25,NE,Prospecting | Trail,12436,153,149.71,0.012303
2023-03-26,NE,Prospecting | Trail,15770,160,109.59,0.010146
2023-03-20,NE,Retargeting | Site Visitors,7055,153,67.17,0.021687
2023-03-21,NE,Retargeting | Site Visitors,6064,106,72.98,0.01748
2023-03-22,NE,Retargeting | Site Visitors,7346,137,85.71,0.01865
2023-03-23,NE,Retargeting | Site Visitors,6757,140,85.43,0.020719
2023-03-24,NE,Retargeting | Site Visitors,7387,130,74.53,0.017598
2023-03-25,NE,Retargeting | Site Visitors,6080,128,83.85,0.021053
2023-03-26,NE,Retargeting | Site Visitors,5662,128,63.38,0.022607
2023-03-20,MA,Prospecting | Trail,9189,114,97.91,0.012406
2023-03-21,MA,Prospecting | Trail,10633,132,95.74,0.012414
2023-03-22,MA,Prospecting | Trail,10516,129,111.59,0.012267
2023-03-23,MA,Prospecting | Trail,10433,113,99.52,0.010831
2023-03-24,MA,Prospecting | Trail,9860,126,93.88,0.012779
2023-03-25,MA,Prospecting | Trail,9428,111,74.7,0.011773
2023-03-26,MA,Prospecting | Trail,10178,98,114.97,0.009629
2023-03-20,MA,Retargeting | Site Visitors,5837,111,65.35,0.019017
2023-03-21,MA,Retargeting | Site Visitors,6022,95,79.16,0.015775
2023-03-22,MA,Retargeting | Site Visitors,5967,126,57.03,0.021116
2023-03-23,MA,Retargeting | Site Visitors,5998,98,68.2,0.016339
2023-03-24,MA,Retargeting | Site Visitors,5033,129,75.78,0.025631
2023-03-25,MA,Retargeting | Site Visitors,6770,117,62.04,0.017282
2023-03-26,MA,Retargeting | Site Visitors,6915,113,81.68,0.016341
2023-03-20,SE,Prospecting | Trail,9239,120,96.95,0.012988
2023-03-21,SE,Prospecting | Trail,7054,123,99.58,0.017437
2023-03-22,SE,Prospecting | Trail,9289,122,89.54,0.013134
2023-03-23,SE,Prospecting | Trail,10747,98,74.76,0.009119
2023-03-24,SE,Prospecting | Trail,6978,82,78.33,0.011751
2023-03-25,SE,Prospecting | Trail,10111,96,89.12,0.009495
2023-03-26,SE,Prospecting | Trail,8011,114,73.7,0.01423
2023-03-20,SE,Retargeting | Site Visitors,5796,86,58.63,0.014838
2023-03-21,SE,Retargeting | Site Visitors,5141,94,64.72,0.018284
2023-03-22,SE,Retargeting | Site Visitors,6322,97,50.41,0.015343
2023-03-23,SE,Retargeting | Site Visitors,4620,82,65.81,0.017749
2023-03-24,SE,Retargeting | Site Visitors,5538,99,57.53,0.017876
2023-03-25,SE,Retargeting | Site Visitors,4735,111,67.28,0.023442
2023-03-26,SE,Retargeting | Site Visitors,4462,112,56.7,0.025101
2023-03-20,MW,Prospecting | Trail,8426,112,92.48,0.013292
2023-03-21,MW,Prospecting | Trail,10372,133,91.86,0.012823
2023-03-22,MW,Prospecting | Trail,7132,117,71.61,0.016405
2023-03-23,MW,Prospecting | Trail,10320,94,82.94,0.009109
2023-03-24,MW,Prospecting | Trail,10469,127,110.5,0.012131
2023-03-25,MW,Prospecting | Trail,9783,130,102.13,0.013288
2023-03-26,MW,Prospecting | Trail,8254,106,83.09,0.012842
2023-03-20,MW,Retargeting | Site Visitors,4953,128,61.58,0.025843
2023-03-21,MW,Retargeting | Site Visitors,4875,96,64.95,0.019692
2023-03-22,MW,Retargeting | Site Visitors,6374,110,48.03,0.017258
2023-03-23,MW,Retargeting | Site Visitors,4470,95,64.32,0.021253
2023-03-24,MW,Retargeting | Site Visitors,6331,98,68.18,0.015479
2023-03-25,MW,Retargeting | Site Visitors,5326,98,68.63,0.0184
2023-03-26,MW,Retargeting | Site Visitors,6184,84,67.21,0.013583
2023-03-20,MT,Prospecting | Trail,11977,130,110.47,0.010854
2023-03-21,MT,Prospecting | Trail,9471,100,80.47,0.010559
2023-03-22,MT,Prospecting | Trail,10090,93,112.45,0.009217
2023-03-23,MT,Prospecting | Trail,9824,116,89.88,0.011808
2023-03-24,MT,Prospecting | Trail,9737,94,85.95,0.009654
2023-03-25,MT,Prospecting | Trail,8344,145,101.6,0.017378
2023-03-26,MT,Prospecting | Trail,8510,134,85.11,0.015746
2023-03-20,MT,Retargeting | Site Visitors,4951,83,50.98,0.016764
2023-03-21,MT,Retargeting | Site Visitors,4147,84,42.39,0.020256
2023-03-22,MT,Retargeting | Site Visitors,5820,79,58.98,0.013574
2023-03-23,MT,Retargeting | Site Visitors,4636,103,60.8,0.022217
2023-03-24,MT,Retargeting | Site Visitors,5612,98,60.41,0.017463
2023-03-25,MT,Retargeting | Site Visitors,4315,99,57.28,0.022943
2023-03-26,MT,Retargeting | Site Visitors,4300,104,57.64,0.024186
2023-03-20,WE,Prospecting | Trail,11162,165,$132.88,0.014782
2023-03-21,WE,Prospecting | Trail,13953,182,$138.30,0.013044
2023-03-22,WE,Prospecting | Trail,14243,161,$149.53,0.011304
2023-03-23,WE,Prospecting | Trail,11529,181,$110.13,0.0157
2023-03-24,WE,Prospecting | Trail,14972,180,$121.51,0.012022
2023-03-25,WE,Prospecting | Trail,15581,196,$143.97,0.012579
2023-03-26,WE,Prospecting | Trail,13744,153,$136.48,0.011132
2023-03-20,WE,Retargeting | Site Visitors,6191,101,$79.06,0.016314
2023-03-21,WE,Retargeting | Site Visitors,5843,93,$61.66,0.015916
2023-03-22,WE,Retargeting | Site Visitors,7156,102,$62.29,0.014254
2023-03-23,WE,Retargeting | Site Visitors,5897,113,$62.22,0.019162
2023-03-24,WE,Retargeting | Site Visitors,5296,114,$61.94,0.021526
2023-03-25,WE,Retargeting | Site Visitors,5336,115,$69.96,0.021552
2023-03-26,WE,Retargeting | Site Visitors,5649,96,$78.63,0.016994
2023-03-27,NE,Prospecting | Trail,14714,150,145.95,0.010194
2023-03-28,NE,Prospecting | Trail,10113,159,123.19,0.015722
2023-03-29,NE,Prospecting | Trail,14880,134,110.73,0.009005
2023-03-30,NE,Prospecting | Trail,13331,149,133.31,0.011177
2023-03-31,NE,Prospecting | Trail,14065,164,106.78,0.01166
2023-04-01,NE,Prospecting | Trail,12782,169,149.1,0.013222
2023-04-02,NE,Prospecting | Trail,9842,189,110.28,0.019203
2023-03-27,NE,Retargeting | Site Visitors,5820,128,76.09,0.021993
2023-03-28,NE,Retargeting | Site Visitors,7137,99,74.28,0.013871
2023-03-29,NE,Retargeting | Site Visitors,6475,109,80.02,0.016834
2023-03-30,NE,Retargeting | Site Visitors,6051,120,69.61,0.019831
2023-03-31,NE,Retargeting | Site Visitors,5738,134,58.01,0.023353
2023-04-01,NE,Retargeting | Site Visitors,5521,106,84.17,0.019199
2023-04-02,NE,Retargeting | Site Visitors,6835,121,58.94,0.017703
2023-03-27,MA,Prospecting | Trail,8698,135,84.8,0.015521
2023-03-28,MA,Prospecting | Trail,10957,119,104.93,0.010861
2023-03-29,MA,Prospecting | Trail,9127,138,97.18,0.01512
2023-03-30,MA,Prospecting | Trail,10050,146,110.56,0.014527
2023-03-31,MA,Prospecting | Trail,11887,114,101.03,0.00959
2023-04-01,MA,Prospecting | Trail,9125,98,89.09,0.01074
2023-04-02,MA,Prospecting | Trail,11165,98,108.31,0.008777
2023-03-27,MA,Retargeting | Site Visitors,7117,116,59.39,0.016299
2023-03-28,MA,Retargeting | Site Visitors,6955,106,82.79,0.015241
2023-03-29,MA,Retargeting | Site Visitors,5814,117,64.16,0.020124
2023-03-30,MA,Retargeting | Site Visitors,5491,114,86.45,0.020761
2023-03-31,MA,Retargeting | Site Visitors,4657,94,57.92,0.020185
2023-04-01,MA,Retargeting | Site Visitors,6892,123,62.92,0.017847
2023-04-02,MA,Retargeting | Site Visitors,5871,139,78.53,0.023676
2023-03-27,SE,Prospecting | Trail,8349,122,76.46,0.014613
2023-03-28,SE,Prospecting | Trail,10868,92,95.57,0.008465
2023-03-29,SE,Prospecting | Trail,10872,137,82.2,0.012601
2023-03-30,SE,Prospecting | Trail,8291,137,99.84,0.016524
2023-03-31,SE,Prospecting | Trail,9672,105,96.14,0.010856
2023-04-01,SE,Prospecting | Trail,8966,134,101.09,0.014945
2023-04-02,SE,Prospecting | Trail,8343,99,89.22,0.011866
2023-03-27,SE,Retargeting | Site Visitors,4451,89,52.84,0.019996
2023-03-28,SE,Retargeting | Site Visitors,4798,97,70.52,0.020217
2023-03-29,SE,Retargeting | Site Visitors,4434,111,55.91,0.025034
2023-03-30,SE,Retargeting | Site Visitors,6322,107,60.06,0.016925
2023-03-31,SE,Retargeting | Site Visitors,6253,89,60.85,0.014233
2023-04-01,SE,Retargeting | Site Visitors,6128,85,62.42,0.013871
2023-04-02,SE,Retargeting | Site Visitors,4953,96,66.79,0.019382
2023-03-27,MW,Prospecting | Trail,11212,135,87.76,0.012041
2023-03-28,MW,Prospecting | Trail,7870,124,117.68,0.015756
2023-03-29,MW,Prospecting | Trail,11463,110,100.5,0.009596
2023-03-30,MW,Prospecting | Trail,10811,109,103.53,0.010082
2023-03-31,MW,Prospecting | Trail,10102,157,90.09,0.015541
2023-04-01,MW,Prospecting | Trail,10452,107,81.79,0.010237
2023-04-02,MW,Prospecting | Trail,8671,120,110.35,0.013839
2023-03-27,MW,Retargeting | Site Visitors,4093,93,55.03,0.022722
2023-03-28,MW,Retargeting | Site Visitors,4386,103,69.12,0.023484
2023-03-29,MW,Retargeting | Site Visitors,5428,80,70.01,0.014738
2023-03-30,MW,Retargeting | Site Visitors,6062,97,46.58,0.016001
2023-03-31,MW,Retargeting | Site Visitors,5293,89,67.68,0.016815
2023-04-01,MW,Retargeting | Site Visitors,4381,88,49.35,0.020087
2023-04-02,MW,Retargeting | Site Visitors,5575,81,47.23,0.014529
2023-03-27,MT,Prospecting | Trail,7660,111,80.67,0.014491
2023-03-28,MT,Prospecting | Trail,10105,114,90.8,0.011282
2023-03-29,MT,Prospecting | Trail,10057,86,80.5,0.008551
2023-03-30,MT,Prospecting | Trail,6912,111,80.16,0.016059
2023-03-31,MT,Prospecting | Trail,6970,111,99.91,0.015925
2023-04-01,MT,Prospecting | Trail,9236,93,72.75,0.010069
2023-04-02,MT,Prospecting | Trail,8424,112,76.98,0.013295
2023-03-27,MT,Retargeting | Site Visitors,3769,79,55.28,0.02096
2023-03-28,MT,Retargeting | Site Visitors,4208,90,48.33,0.021388
2023-03-29,MT,Retargeting | Site Visitors,5295,84,53.93,0.015864
2023-03-30,MT,Retargeting | Site Visitors,3588,81,39.27,0.022575
2023-03-31,MT,Retargeting | Site Visitors,3909,81,45.74,0.020721
2023-04-01,MT,Retargeting | Site Visitors,4648,77,47.84,0.016566
2023-04-02,MT,Retargeting | Site Visitors,4380,59,52.29,0.01347
2023-03-27,WE,Prospecting | Trail,11793,154,$103.79,0.013059
2023-03-28,WE,Prospecting | Trail,12452,146,$134.41,0.011725
2023-03-29,WE,Prospecting | Trail,13536,160,$100.72,0.01182
2023-03-30,WE,Prospecting | Trail,10654,125,$101.73,0.011733
2023-03-31,WE,Prospecting | Trail,12234,106,$120.80,0.008664
2023-04-01,WE,Prospecting | Trail,9841,129,$103.76,0.013108
2023-04-02,WE,Prospecting | Trail,10819,136,$131.80,0.01257
2023-03-27,WE,Retargeting | Site Visitors,7097,94,$74.35,0.013245
2023-03-28,WE,Retargeting | Site Visitors,4573,107,$72.33,0.023398
2023-03-29,WE,Retargeting | Site Visitors,4682,91,$67.89,0.019436
2023-03-30,WE,Retargeting | Site Visitors,6519,115,$60.06,0.017641
2023-03-31,WE,Retargeting | Site Visitors,4634,112,$61.88,0.024169
2023-04-01,WE,Retargeting | Site Visitors,5826,103,$60.79,0.017679
2023-04-02,WE,Retargeting | Site Visitors,5888,109,$53.70,0.018512
2023-04-03,NE,Prospecting | Trail,13139,192,141.37,0.014613
2023-04-04,NE,Prospecting | Trail,14228,184,119.38,0.012932
2023-04-05,NE,Prospecting | Trail,14683,169,135.98,0.01151
2023-04-06,NE,Prospecting | Trail,14249,174,126.05,0.012211
2023-04-07,NE,Prospecting | Trail,11696,160,128.9,0.01368
2023-04-08,NE,Prospecting | Trail,11966,153,125.7,0.012786
2023-04-09,NE,Prospecting | Trail,12924,143,132.88,0.011065
2023-04-03,NE,Retargeting | Site Visitors,7143,147,78.04,0.02058
2023-04-04,NE,Retargeting | Site Visitors,7418,115,74.3,0.015503
2023-04-05,NE,Retargeting | Site Visitors,6542,138,67.73,0.021094
2023-04-06,NE,Retargeting | Site Visitors,7712,134,81.1,0.017376
2023-04-07,NE,Retargeting | Site Visitors,5380,146,80.03,0.027138
2023-04-08,NE,Retargeting | Site Visitors,6857,137,75.21,0.01998
2023-04-09,NE,Retargeting | Site Visitors,5888,118,83.41,0.020041
2023-04-03,NE,Launch | New Colorway,6537,103,61.13,0.015756
2023-04-04,NE,Launch | New Colorway,5251,77,54.64,0.014664
2023-04-05,NE,Launch | New Colorway,4768,88,65.88,0.018456
2023-04-06,NE,Launch | New Colorway,5457,67,46.86,0.012278
2023-04-07,NE,Launch | New Colorway,6727,92,49.74,0.013676
2023-04-08,NE,Launch | New Colorway,4539,78,49.83,0.017184
2023-04-09,NE,Launch | New Colorway,4705,101,59.35,0.021467
2023-04-03,MA,Prospecting | Trail,15425,172,149.71,0.011151
2023-04-04,MA,Prospecting | Trail,14845,121,124.48,0.008151
2023-04-05,MA,Prospecting | Trail,12419,173,125.77,0.01393
2023-04-06,MA,Prospecting | Trail,13972,159,145.91,0.01138
2023-04-07,MA,Prospecting | Trail,10564,154,140.04,0.014578
2023-04-08,MA,Prospecting | Trail,10686,166,130.39,0.015534
2023-04-09,MA,Prospecting | Trail,16134,128,105.33,0.007934
2023-04-03,MA,Retargeting | Site Visitors,5823,117,75.55,0.020093
2023-04-04,MA,Retargeting | Site Visitors,4927,112,66.28,0.022732
2023-04-05,MA,Retargeting | Site Visitors,6280,101,55.4,0.016083
2023-04-06,MA,Retargeting | Site Visitors,5610,124,55.8,0.022103
2023-04-07,MA,Retargeting | Site Visitors,5816,136,71.62,0.023384
2023-04-08,MA,Retargeting | Site Visitors,4732,104,66.06,0.021978
2023-04-09,MA,Retargeting | Site Visitors,6915,114,70.48,0.016486
2023-04-03,MA,Launch | New Colorway,6101,81,63.18,0.013277
2023-04-04,MA,Launch | New Colorway,5339,86,64.32,0.016108
2023-04-05,MA,Launch | New Colorway,5569,104,59.17,0.018675
2023-04-06,MA,Launch | New Colorway,5945,116,71.54,0.019512
2023-04-07,MA,Launch | New Colorway,6236,93,66.95,0.014913
2023-04-08,MA,Launch | New Colorway,6498,76,56.3,0.011696
2023-04-09,MA,Launch | New Colorway,7152,105,55.5,0.014681
2023-04-03,SE,Prospecting | Trail,10015,128,95.44,0.012781
2023-04-04,SE,Prospecting | Trail,8497,141,108.9,0.016594
2023-04-05,SE,Prospecting | Trail,11623,140,112.53,0.012045
2023-04-06,SE,Prospecting | Trail,11499,109,98.63,0.009479
2023-04-07,SE,Prospecting | Trail,10911,138,112.42,0.012648
2023-04-08,SE,Prospecting | Trail,10602,119,110.4,0.011224
2023-04-09,SE,Prospecting | Trail,10346,120,81.9,0.011599
2023-04-03,SE,Retargeting | Site Visitors,5154,92,77.23,0.01785
2023-04-04,SE,Retargeting | Site Visitors,5437,102,56.14,0.01876
2023-04-05,SE,Retargeting | Site Visitors,6306,128,49.77,0.020298
2023-04-06,SE,Retargeting | Site Visitors,5902,98,71.59,0.016605
2023-04-07,SE,Retargeting | Site Visitors,5593,110,67.78,0.019667
2023-04-08,SE,Retargeting | Site Visitors,5335,92,51.88,0.017245
2023-04-09,SE,Retargeting | Site Visitors,4263,124,62.49,0.029087
2023-04-03,SE,Launch | New Colorway,4221,77,47.02,0.018242
2023-04-04,SE,Launch | New Colorway,4590,71,43.75,0.015468
2023-04-05,SE,Launch | New Colorway,4175,72,38.66,0.017246
2023-04-06,SE,Launch | New Colorway,4086,49,49.6,0.011992
2023-04-07,SE,Launch | New Colorway,5119,62,42.2,0.012112
2023-04-08,SE,Launch | New Colorway,3945,73,42.72,0.018504
2023-04-09,SE,Launch | New Colorway,4117,65,44.62,0.015788
2023-04-03,MW,Prospecting | Trail,13186,120,152.87,0.009101
2023-04-04,MW,Prospecting | Trail,11375,182,144.97,0.016
2023-04-05,MW,Prospecting | Trail,11418,121,102.47,0.010597
2023-04-06,MW,Prospecting | Trail,11445,171,109.18,0.014941
2023-04-07,MW,Prospecting | Trail,11584,118,103.61,0.010186
2023-04-08,MW,Prospecting | Trail,13620,154,123.91,0.011307
2023-04-09,MW,Prospecting | Trail,14176,126,113.66,0.008888
2023-04-03,MW,Retargeting | Site Visitors,5428,101,51.69,0.018607
2023-04-04,MW,Retargeting | Site Visitors,6344,104,72.85,0.016393
2023-04-05,MW,Retargeting | Site Visitors,4617,107,72.82,0.023175
2023-04-06,MW,Retargeting | Site Visitors,4187,128,54.95,0.030571
2023-04-07,MW,Retargeting | Site Visitors,5787,117,52.64,0.020218
2023-04-08,MW,Retargeting | Site Visitors,5045,93,58.61,0.018434
2023-04-09,MW,Retargeting | Site Visitors,6281,85,69.85,0.013533
2023-04-03,MW,Launch | New Colorway,5369,74,43.4,0.013783
2023-04-04,MW,Launch | New Colorway,3965,62,48.82,0.015637
2023-04-05,MW,Launch | New Colorway,4473,60,55.56,0.013414
2023-04-06,MW,Launch | New Colorway,4348,63,54.54,0.014489
2023-04-07,MW,Launch | New Colorway,4439,86,40.74,0.019374
2023-04-08,MW,Launch | New Colorway,5864,70,47.23,0.011937
2023-04-09,MW,Launch | New Colorway,5083,63,51.81,0.012394
2023-04-03,MT,Prospecting | Trail,11587,162,120.49,0.013981
2023-04-04,MT,Prospecting | Trail,12807,122,110.86,0.009526
2023-04-05,MT,Prospecting | Trail,12290,144,113.35,0.011717
2023-04-06,MT,Prospecting | Trail,11434,130,121.55,0.01137
2023-04-07,MT,Prospecting | Trail,11992,152,99.14,0.012675
2023-04-08,MT,Prospecting | Trail,9272,151,95.31,0.016286
2023-04-09,MT,Prospecting | Trail,9796,136,115.24,0.013883
2023-04-03,MT,Retargeting | Site Visitors,5683,83,65.95,0.014605
2023-04-04,MT,Retargeting | Site Visitors,4426,89,61.8,0.020108
2023-04-05,MT,Retargeting | Site Visitors,4660,115,48.8,0.024678
2023-04-06,MT,Retargeting | Site Visitors,4403,79,58.76,0.017942
2023-04-07,MT,Retargeting | Site Visitors,5484,103,66.81,0.018782
2023-04-08,MT,Retargeting | Site Visitors,5745,87,58.62,0.015144
2023-04-09,MT,Retargeting | Site Visitors,5217,114,48.88,0.021852
2023-04-03,MT,Launch | New Colorway,4423,73,46.06,0.016505
2023-04-04,MT,Launch | New Colorway,3935,62,45.36,0.015756
2023-04-05,MT,Launch | New Colorway,4824,64,51.66,0.013267
2023-04-06,MT,Launch | New Colorway,5372,63,43.44,0.011727
2023-04-07,MT,Launch | New Colorway,4044,62,40.28,0.015331
2023-04-08,MT,Launch | New Colorway,4085,56,48.52,0.013709
2023-04-09,MT,Launch | New Colorway,4374,64,41.45,0.014632
2023-04-03,WE,Prospecting | Trail,11811,163,$129.20,0.013801
2023-04-04,WE,Prospecting | Trail,10648,146,$120.56,0.013711
2023-04-05,WE,Prospecting | Trail,12011,128,$96.40,0.010657
2023-04-06,WE,Prospecting | Trail,13997,155,$143.37,0.011074
2023-04-07,WE,Prospecting | Trail,13433,178,$109.99,0.013251
2023-04-08,WE,Prospecting | Trail,11121,156,$120.55,0.014028
2023-04-09,WE,Prospecting | Trail,14559,145,$138.20,0.009959
2023-04-03,WE,Retargeting | Site Visitors,7574,102,$75.19,0.013467
2023-04-04,WE,Retargeting | Site Visitors,6039,114,$74.27,0.018877
2023-04-05,WE,Retargeting | Site Visitors,5947,132,$72.35,0.022196
2023-04-06,WE,Retargeting | Site Visitors,5683,104,$85.66,0.0183
2023-04-07,WE,Retargeting | Site Visitors,7549,117,$78.52,0.015499
2023-04-08,WE,Retargeting | Site Visitors,6710,104,$62.06,0.015499
2023-04-09,WE,Retargeting | Site Visitors,5133,118,$65.26,0.022989
2023-04-03,WE,Launch | New Colorway,5928,85,$68.25,0.014339
2023-04-04,WE,Launch | New Colorway,5649,108,$59.39,0.019118
2023-04-05,WE,Launch | New Colorway,7114,86,$52.82,0.012089
2023-04-06,WE,Launch | New Colorway,6070,109,$52.25,0.017957
2023-04-07,WE,Launch | New Colorway,6897,88,$65.94,0.012759
2023-04-08,WE,Launch | New Colorway,4745,74,$70.21,0.015595
2023-04-09,WE,Launch | New Colorway,6576,90,$69.54,0.013686
2023-04-10,NE,Prospecting | Trail,13615,151,99.22,0.011091
2023-04-11,NE,Prospecting | Trail,10109,119,108.36,0.011772
2023-04-12,NE,Prospecting | Trail,12624,113,133.57,0.008951
2023-04-13,NE,Prospecting | Trail,9600,124,98.01,0.012917
2023-04-14,NE,Prospecting | Trail,9845,139,122.08,0.014119
2023-04-15,NE,Prospecting | Trail,14241,134,102.31,0.009409
2023-04-16,NE,Prospecting | Trail,12004,152,140.43,0.012662
2023-04-10,NE,Retargeting | Site Visitors,5462,97,74.41,0.017759
2023-04-11,NE,Retargeting | Site Visitors,5944,108,61.13,0.01817
2023-04-12,NE,Retargeting | Site Visitors,5246,76,58.44,0.014487
2023-04-13,NE,Retargeting | Site Visitors,5807,111,51.39,0.019115
2023-04-14,NE,Retargeting | Site Visitors,4893,105,66.99,0.021459
2023-04-15,NE,Retargeting | Site Visitors,5835,94,63.36,0.01611
2023-04-16,NE,Retargeting | Site Visitors,5009,108,63.53,0.021561
2023-04-10,MA,Prospecting | Trail,14326,155,135.7,0.010819
2023-04-11,MA,Prospecting | Trail,9892,137,90.53,0.01385
2023-04-12,MA,Prospecting | Trail,13449,125,121.29,0.009294
2023-04-13,MA,Prospecting | Trail,11462,141,92.59,0.012302
2023-04-14,MA,Prospecting | Trail,10442,137,110.08,0.01312
2023-04-15,MA,Prospecting | Trail,11662,162,133.99,0.013891
2023-04-16,MA,Prospecting | Trail,11760,123,129.15,0.010459
2023-04-10,MA,Retargeting | Site Visitors,5088,99,55.89,0.019458
2023-04-11,MA,Retargeting | Site Visitors,4864,83,59.3,0.017064
2023-04-12,MA,Retargeting | Site Visitors,5440,98,58.76,0.018015
2023-04-13,MA,Retargeting | Site Visitors,4574,82,53.07,0.017927
2023-04-14,MA,Retargeting | Site Visitors,4967,73,73.24,0.014697
2023-04-15,MA,Retargeting | Site Visitors,5327,96,49.47,0.018021
2023-04-16,MA,Retargeting | Site Visitors,4607,109,51.25,0.02366
2023-04-10,SE,Prospecting | Trail,10533,113,97.89,0.010728
2023-04-11,SE,Prospecting | Trail,11357,113,82.97,0.00995
2023-04-12,SE,Prospecting | Trail,8956,129,97.37,0.014404
2023-04-13,SE,Prospecting | Trail,8148,98,91.78,0.012027
2023-04-14,SE,Prospecting | Trail,9647,115,104.02,0.011921
2023-04-15,SE,Prospecting | Trail,9619,117,115.69,0.012163
2023-04-16,SE,Prospecting | Trail,11297,136,91.95,0.012039
2023-04-10,SE,Retargeting | Site Visitors,5020,76,63.63,0.015139
2023-04-11,SE,Retargeting | Site Visitors,5360,73,48.06,0.013619
2023-04-12,SE,Retargeting | Site Visitors,4324,79,50.96,0.01827
2023-04-13,SE,Retargeting | Site Visitors,4284,84,49.31,0.019608
2023-04-14,SE,Retargeting | Site Visitors,5163,101,65.15,0.019562
2023-04-15,SE,Retargeting | Site Visitors,4698,91,47.48,0.01937
2023-04-16,SE,Retargeting | Site Visitors,5173,106,66.66,0.020491
2023-04-10,MW,Prospecting | Trail,9958,158,102.53,0.015867
2023-04-11,MW,Prospecting | Trail,12064,134,85.69,0.011107
2023-04-12,MW,Prospecting | Trail,13448,162,129.08,0.012046
2023-04-13,MW,Prospecting | Trail,11773,143,117.66,0.012146
2023-04-14,MW,Prospecting | Trail,9792,134,93.07,0.013685
2023-04-15,MW,Prospecting | Trail,12484,126,126.32,0.010093
2023-04-16,MW,Prospecting | Trail,9456,150,119.61,0.015863
2023-04-10,MW,Retargeting | Site Visitors,5924,119,61.25,0.020088
2023-04-11,MW,Retargeting | Site Visitors,6260,119,59.95,0.01901
2023-04-12,MW,Retargeting | Site Visitors,4471,138,56.51,0.030866
2023-04-13,MW,Retargeting | Site Visitors,5800,102,75.38,0.017586
2023-04-14,MW,Retargeting | Site Visitors,6192,104,71.74,0.016796
2023-04-15,MW,Retargeting | Site Visitors,5385,116,61.94,0.021541
2023-04-16,MW,Retargeting | Site Visitors,6619,107,80.72,0.016166
2023-04-10,MT,Prospecting | Trail,9806,98,104.07,0.009994
2023-04-11,MT,Prospecting | Trail,7768,119,83.79,0.015319
2023-04-12,MT,Prospecting | Trail,7241,86,89.19,0.011877
2023-04-13,MT,Prospecting | Trail,7508,120,74.06,0.015983
2023-04-14,MT,Prospecting | Trail,8223,85,73.5,0.010337
2023-04-15,MT,Prospecting | Trail,8974,98,72.04,0.01092
2023-04-16,MT,Prospecting | Trail,10658,94,93.09,0.00882
2023-04-10,MT,Retargeting | Site Visitors,3344,55,42.93,0.016447
2023-04-11,MT,Retargeting | Site Visitors,4089,68,39.76,0.01663
2023-04-12,MT,Retargeting | Site Visitors,3855,66,49.41,0.017121
2023-04-13,MT,Retargeting | Site Visitors,3656,71,37.45,0.01942
2023-04-14,MT,Retargeting | Site Visitors,4269,72,44.19,0.016866
2023-04-15,MT,Retargeting | Site Visitors,3615,76,40.05,0.021024
2023-04-16,MT,Retargeting | Site Visitors,3408,72,47.91,0.021127
2023-04-10,WE,Prospecting | Trail,12825,153,$100.47,0.01193
2023-04-11,WE,Prospecting | Trail,12439,150,$109.71,0.012059
2023-04-12,WE,Prospecting | Trail,10656,141,$122.51,0.013232
2023-04-13,WE,Prospecting | Trail,14098,134,$140.46,0.009505
2023-04-14,WE,Prospecting | Trail,10781,174,$107.75,0.01614
2023-04-15,WE,Prospecting | Trail,10991,162,$139.79,0.014739
2023-04-16,WE,Prospecting | Trail,14015,137,$120.20,0.009775
2023-04-10,WE,Retargeting | Site Visitors,4630,132,$78.04,0.02851
2023-04-11,WE,Retargeting | Site Visitors,6845,99,$83.25,0.014463
2023-04-12,WE,Retargeting | Site Visitors,5627,125,$66.28,0.022214
2023-04-13,WE,Retargeting | Site Visitors,5655,95,$58.88,0.016799
2023-04-14,WE,Retargeting | Site Visitors,6750,119,$63.96,0.01763
2023-04-15,WE,Retargeting | Site Visitors,7097,125,$72.55,0.017613
2023-04-16,WE,Retargeting | Site Visitors,5229,125,$58.12,0.023905
2023-04-17,NE,Prospecting | Trail,13017,142,117.91,0.010909
2023-04-18,NE,Prospecting | Trail,11509,121,130.09,0.010514
2023-04-19,NE,Prospecting | Trail,12103,160,128.51,0.01322
2023-04-20,NE,Prospecting | Trail,11728,151,97.33,0.012875
2023-04-21,NE,Prospecting | Trail,12112,114,100.54,0.009412
2023-04-22,NE,Prospecting | Trail,10274,158,94.61,0.015379
2023-04-23,NE,Prospecting | Trail,12374,106,145.55,0.008566
2023-04-17,NE,Retargeting | Site Visitors,5544,118,72.84,0.021284
2023-04-18,NE,Retargeting | Site Visitors,4506,114,76.61,0.0253
2023-04-19,NE,Retargeting | Site Visitors,6359,94,52.73,0.014782
2023-04-20,NE,Retargeting | Site Visitors,6688,126,58.12,0.01884
2023-04-21,NE,Retargeting | Site Visitors,5381,134,72.55,0.024902
2023-04-22,NE,Retargeting | Site Visitors,6170,86,62.85,0.013938
2023-04-23,NE,Retargeting | Site Visitors,6725,127,80.09,0.018885
2023-04-17,MA,Prospecting | Trail,14027,153,136.44,0.010908
2023-04-18,MA,Prospecting | Trail,13597,132,133.6,0.009708
2023-04-19,MA,Prospecting | Trail,14092,118,105.05,0.008374
2023-04-20,MA,Prospecting | Trail,11495,159,128.66,0.013832
2023-04-21,MA,Prospecting | Trail,14101,152,152.55,0.010779
2023-04-22,MA,Prospecting | Trail,10954,141,127.9,0.012872
2023-04-23,MA,Prospecting | Trail,12549,160,105.78,0.01275
2023-04-17,MA,Retargeting | Site Visitors,5602,112,73.39,0.019993
2023-04-18,MA,Retargeting | Site Visitors,6748,94,65.43,0.01393
2023-04-19,MA,Retargeting | Site Visitors,5338,113,51.91,0.021169
2023-04-20,MA,Retargeting | Site Visitors,6415,90,62.0,0.01403
2023-04-21,MA,Retargeting | Site Visitors,5309,92,72.11,0.017329
2023-04-22,MA,Retargeting | Site Visitors,5622,114,66.44,0.020277
2023-04-23,MA,Retargeting | Site Visitors,4844,112,67.32,0.023121
2023-04-17,SE,Prospecting | Trail,8381,121,102.29,0.014437
2023-04-18,SE,Prospecting | Trail,8390,114,100.11,0.013588
2023-04-19,SE,Prospecting | Trail,8338,126,87.99,0.015112
2023-04-20,SE,Prospecting | Trail,11209,119,93.44,0.010616
2023-04-21,SE,Prospecting | Trail,7400,86,77.94,0.011622
2023-04-22,SE,Prospecting | Trail,10479,109,73.39,0.010402
2023-04-23,SE,Prospecting | Trail,9335,107,87.44,0.011462
2023-04-17,SE,Retargeting | Site Visitors,4846,89,58.11,0.018366
2023-04-18,SE,Retargeting | Site Visitors,5096,91,46.43,0.017857
2023-04-19,SE,Retargeting | Site Visitors,4785,73,56.5,0.015256
2023-04-20,SE,Retargeting | Site Visitors,4413,90,45.82,0.020394
2023-04-21,SE,Retargeting | Site Visitors,4065,99,70.66,0.024354
2023-04-22,SE,Retargeting | Site Visitors,4615,73,50.2,0.015818
2023-04-23,SE,Retargeting | Site Visitors,4689,102,46.13,0.021753
2023-04-17,MW,Prospecting | Trail,9380,116,93.91,0.012367
2023-04-18,MW,Prospecting | Trail,12414,101,113.1,0.008136
2023-04-19,MW,Prospecting | Trail,11595,106,87.06,0.009142
2023-04-20,MW,Prospecting | Trail,12068,140,99.13,0.011601
2023-04-21,MW,Prospecting | Trail,10003,137,116.7,0.013696
2023-04-22,MW,Prospecting | Trail,9510,127,105.65,0.013354
2023-04-23,MW,Prospecting | Trail,9736,138,116.56,0.014174
2023-04-17,MW,Retargeting | Site Visitors,5842,83,49.96,0.014207
2023-04-18,MW,Retargeting | Site Visitors,3787,124,58.0,0.032744
2023-04-19,MW,Retargeting | Site Visitors,4950,85,66.35,0.017172
2023-04-20,MW,Retargeting | Site Visitors,4697,113,50.03,0.024058
2023-04-21,MW,Retargeting | Site Visitors,4777,83,73.77,0.017375
2023-04-22,MW,Retargeting | Site Visitors,5396,91,55.41,0.016864
2023-04-23,MW,Retargeting | Site Visitors,5682,114,50.49,0.020063
2023-04-17,MT,Prospecting | Trail,6930,98,96.85,0.014141
2023-04-18,MT,Prospecting | Trail,9310,81,93.84,0.0087
2023-04-19,MT,Prospecting | Trail,9480,114,87.31,0.012025
2023-04-20,MT,Prospecting | Trail,9133,120,79.64,0.013139
2023-04-21,MT,Prospecting | Trail,9323,119,78.83,0.012764
2023-04-22,MT,Prospecting | Trail,9197,117,81.11,0.012722
2023-04-23,MT,Prospecting | Trail,6779,93,71.91,0.013719
2023-04-17,MT,Retargeting | Site Visitors,4709,87,46.68,0.018475
2023-04-18,MT,Retargeting | Site Visitors,5575,77,45.67,0.013812
2023-04-19,MT,Retargeting | Site Visitors,4373,102,64.5,0.023325
2023-04-20,MT,Retargeting | Site Visitors,4199,90,61.94,0.021434
2023-04-21,MT,Retargeting | Site Visitors,5955,112,58.98,0.018808
2023-04-22,MT,Retargeting | Site Visitors,4220,80,60.13,0.018957
2023-04-23,MT,Retargeting | Site Visitors,4768,96,50.8,0.020134
2023-04-17,WE,Prospecting | Trail,14304,126,$122.12,0.008809
2023-04-18,WE,Prospecting | Trail,13495,164,$131.10,0.012153
2023-04-19,WE,Prospecting | Trail,15725,156,$147.09,0.009921
2023-04-20,WE,Prospecting | Trail,10343,127,$142.90,0.012279
2023-04-21,WE,Prospecting | Trail,15345,160,$137.11,0.010427
2023-04-22,WE,Prospecting | Trail,12073,173,$103.44,0.014329
2023-04-23,WE,Prospecting | Trail,11781,140,$128.26,0.011884
2023-04-17,WE,Retargeting | Site Visitors,6967,127,$77.55,0.018229
2023-04-18,WE,Retargeting | Site Visitors,6891,130,$77.23,0.018865
2023-04-19,WE,Retargeting | Site Visitors,5411,138,$80.39,0.025504
2023-04-20,WE,Retargeting | Site Visitors,7311,117,$66.26,0.016003
2023-04-21,WE,Retargeting | Site Visitors,5546,122,$83.59,0.021998
2023-04-22,WE,Retargeting | Site Visitors,7341,117,$71.63,0.015938
2023-04-23,WE,Retargeting | Site Visitors,5835,123,$64.32,0.02108
2023-04-24,NE,Prospecting | Trail,12571,156,100.7,0.01241
2023-04-25,NE,Prospecting | Trail,10550,124,128.61,0.011754
2023-04-26,NE,Prospecting | Trail,12476,116,110.27,0.009298
2023-04-27,NE,Prospecting | Trail,9294,165,127.22,0.017753
2023-04-28,NE,Prospecting | Trail,11732,120,103.38,0.010228
2023-04-29,NE,Prospecting | Trail,12237,152,116.67,0.012421
2023-04-30,NE,Prospecting | Trail,11443,128,100.12,0.011186
2023-04-24,NE,Retargeting | Site Visitors,7094,129,83.12,0.018184
2023-04-25,NE,Retargeting | Site Visitors,6717,160,91.83,0.02382
2023-04-26,NE,Retargeting | Site Visitors,7443,124,66.83,0.01666
2023-04-27,NE,Retargeting | Site Visitors,7574,109,85.08,0.014391
2023-04-28,NE,Retargeting | Site Visitors,7432,149,81.71,0.020048
2023-04-29,NE,Retargeting | Site Visitors,5893,150,71.92,0.025454
2023-04-30,NE,Retargeting | Site Visitors,5816,153,71.16,0.026307
2023-04-24,MA,Prospecting | Trail,10777,132,113.71,0.012248
2023-04-25,MA,Prospecting | Trail,11218,152,127.97,0.01355
2023-04-26,MA,Prospecting | Trail,11844,182,120.63,0.015366
2023-04-27,MA,Prospecting | Trail,14882,144,104.63,0.009676
2023-04-28,MA,Prospecting | Trail,15205,154,143.19,0.010128
2023-04-29,MA,Prospecting | Trail,13369,153,136.06,0.011444
2023-04-30,MA,Prospecting | Trail,13029,165,138.98,0.012664
2023-04-24,MA,Retargeting | Site Visitors,4619,99,63.43,0.021433
2023-04-25,MA,Retargeting | Site Visitors,5700,94,53.57,0.016491
2023-04-26,MA,Retargeting | Site Visitors,6110,126,70.68,0.020622
2023-04-27,MA,Retargeting | Site Visitors,5610,99,66.5,0.017647
2023-04-28,MA,Retargeting | Site Visitors,5654,129,66.11,0.022816
2023-04-29,MA,Retargeting | Site Visitors,4933,102,55.97,0.020677
2023-04-30,MA,Retargeting | Site Visitors,6224,89,70.54,0.014299
2023-04-24,SE,Prospecting | Trail,11835,130,113.92,0.010984
2023-04-25,SE,Prospecting | Trail,9769,141,120.06,0.014433
2023-04-26,SE,Prospecting | Trail,13357,118,89.75,0.008834
2023-04-27,SE,Prospecting | Trail,9199,122,78.32,0.013262
2023-04-28,SE,Prospecting | Trail,9685,113,103.39,0.011668
2023-04-29,SE,Prospecting | Trail,10427,149,103.15,0.01429
2023-04-30,SE,Prospecting | Trail,9521,128,114.57,0.013444
2023-04-24,SE,Retargeting | Site Visitors,4760,89,60.16,0.018697
2023-04-25,SE,Retargeting | Site Visitors,5811,118,56.51,0.020306
2023-04-26,SE,Retargeting | Site Visitors,4244,84,55.88,0.019793
2023-04-27,SE,Retargeting | Site Visitors,4445,107,57.46,0.024072
2023-04-28,SE,Retargeting | Site Visitors,5993,98,60.95,0.016352
2023-04-29,SE,Retargeting | Site Visitors,4214,94,50.37,0.022307
2023-04-30,SE,Retargeting | Site Visitors,4317,79,47.17,0.0183
2023-04-24,MW,Prospecting | Trail,8214,120,92.48,0.014609
2023-04-25,MW,Prospecting | Trail,10249,114,118.84,0.011123
2023-04-26,MW,Prospecting | Trail,9588,112,87.01,0.011681
2023-04-27,MW,Prospecting | Trail,8655,109,90.12,0.012594
2023-04-28,MW,Prospecting | Trail,11578,120,99.08,0.010364
2023-04-29,MW,Prospecting | Trail,11580,128,83.51,0.011054
2023-04-30,MW,Prospecting | Trail,9329,138,107.06,0.014793
2023-04-24,MW,Retargeting | Site Visitors,4284,112,62.26,0.026144
2023-04-25,MW,Retargeting | Site Visitors,4952,85,60.0,0.017165
2023-04-26,MW,Retargeting | Site Visitors,5192,111,58.24,0.021379
2023-04-27,MW,Retargeting | Site Visitors,4828,95,47.04,0.019677
2023-04-28,MW,Retargeting | Site Visitors,4426,75,46.5,0.016945
2023-04-29,MW,Retargeting | Site Visitors,5002,74,55.91,0.014794
2023-04-30,MW,Retargeting | Site Visitors,5322,75,61.13,0.014092
2023-04-24,MT,Prospecting | Trail,8118,85,86.15,0.010471
2023-04-25,MT,Prospecting | Trail,9565,92,77.01,0.009618
2023-04-26,MT,Prospecting | Trail,9658,114,86.15,0.011804
2023-04-27,MT,Prospecting | Trail,7532,107,83.79,0.014206
2023-04-28,MT,Prospecting | Trail,9110,94,95.29,0.010318
2023-04-29,MT,Prospecting | Trail,9029,126,75.64,0.013955
2023-04-30,MT,Prospecting | Trail,7345,112,87.46,0.015248
2023-04-24,MT,Retargeting | Site Visitors,5135,80,48.19,0.015579
2023-04-25,MT,Retargeting | Site Visitors,4213,85,45.81,0.020176
2023-04-26,MT,Retargeting | Site Visitors,4800,96,53.16,0.02
2023-04-27,MT,Retargeting | Site Visitors,4494,92,59.02,0.020472
2023-04-28,MT,Retargeting | Site Visitors,4773,77,56.68,0.016132
2023-04-29,MT,Retargeting | Site Visitors,4405,70,53.69,0.015891
2023-04-30,MT,Retargeting | Site Visitors,4631,89,56.63,0.019218
2023-04-24,WE,Prospecting | Trail,12566,163,$126.17,0.012972
2023-04-25,WE,Prospecting | Trail,12677,169,$126.85,0.013331
2023-04-26,WE,Prospecting | Trail,14008,146,$130.51,0.010423
2023-04-27,WE,Prospecting | Trail,14144,151,$156.37,0.010676
2023-04-28,WE,Prospecting | Trail,13145,134,$147.32,0.010194
2023-04-29,WE,Prospecting | Trail,15264,161,$116.16,0.010548
2023-04-30,WE,Prospecting | Trail,15064,172,$145.92,0.011418
2023-04-24,WE,Retargeting | Site Visitors,8220,131,$77.54,0.015937
2023-04-25,WE,Retargeting | Site Visitors,5337,162,$83.62,0.030354
2023-04-26,WE,Retargeting | Site Visitors,6615,134,$70.09,0.020257
2023-04-27,WE,Retargeting | Site Visitors,8030,121,$62.66,0.015068
2023-04-28,WE,Retargeting | Site Visitors,5419,164,$92.50,0.030264
2023-04-29,WE,Retargeting | Site Visitors,7559,148,$88.19,0.019579
2023-04-30,WE,Retargeting | Site Visitors,7424,125,$84.34,0.016837
2023-05-01,NE,Prospecting | Trail,14045,147,119.84,0.010466
2023-05-02,NE,Prospecting | Trail,15979,154,112.72,0.009638
2023-05-03,NE,Prospecting | Trail,11301,136,145.95,0.012034
2023-05-04,NE,Prospecting | Trail,11601,183,111.9,0.015775
2023-05-05,NE,Prospecting | Trail,13897,149,110.87,0.010722
2023-05-06,NE,Prospecting | Trail,13444,160,142.19,0.011901
2023-05-07,NE,Prospecting | Trail,11511,185,155.96,0.016072
2023-05-01,NE,Retargeting | Site Visitors,5979,104,70.33,0.017394
2023-05-02,NE,Retargeting | Site Visitors,5354,101,58.18,0.018864
2023-05-03,NE,Retargeting | Site Visitors,5913,138,49.72,0.023338
2023-05-04,NE,Retargeting | Site Visitors,5842,97,65.86,0.016604
2023-05-05,NE,Retargeting | Site Visitors,5563,137,73.35,0.024627
2023-05-06,NE,Retargeting | Site Visitors,6151,95,66.82,0.015445
2023-05-07,NE,Retargeting | Site Visitors,4367,106,66.19,0.024273
2023-05-01,MA,Prospecting | Trail,11680,135,125.53,0.011558
2023-05-02,MA,Prospecting | Trail,9909,172,132.5,0.017358
2023-05-03,MA,Prospecting | Trail,14183,130,98.74,0.009166
2023-05-04,MA,Prospecting | Trail,14352,169,138.52,0.011775
2023-05-05,MA,Prospecting | Trail,14087,131,110.34,0.009299
2023-05-06,MA,Prospecting | Trail,13396,173,137.1,0.012914
2023-05-07,MA,Prospecting | Trail,10119,166,116.98,0.016405
2023-05-01,MA,Retargeting | Site Visitors,4207,98,65.12,0.023295
2023-05-02,MA,Retargeting | Site Visitors,5019,81,48.4,0.016139
2023-05-03,MA,Retargeting | Site Visitors,5496,85,55.14,0.015466
2023-05-04,MA,Retargeting | Site Visitors,5219,115,52.49,0.022035
2023-05-05,MA,Retargeting | Site Visitors,4531,97,61.98,0.021408
2023-05-06,MA,Retargeting | Site Visitors,4898,87,49.76,0.017762
2023-05-07,MA,Retargeting | Site Visitors,5177,100,64.4,0.019316
2023-05-01,SE,Prospecting | Trail,10317,150,114.88,0.014539
2023-05-02,SE,Prospecting | Trail,12086,119,105.83,0.009846
2023-05-03,SE,Prospecting | Trail,12831,140,105.81,0.010911
2023-05-04,SE,Prospecting | Trail,10609,140,117.99,0.013196
2023-05-05,SE,Prospecting | Trail,9428,147,114.97,0.015592
2023-05-06,SE,Prospecting | Trail,11792,109,86.92,0.009244
2023-05-07,SE,Prospecting | Trail,10332,127,112.08,0.012292
2023-05-01,SE,Retargeting | Site Visitors,4447,106,45.93,0.023836
2023-05-02,SE,Retargeting | Site Visitors,4496,84,42.66,0.018683
2023-05-03,SE,Retargeting | Site Visitors,4771,82,65.69,0.017187
2023-05-04,SE,Retargeting | Site Visitors,4335,73,62.97,0.01684
2023-05-05,SE,Retargeting | Site Visitors,4270,97,59.04,0.022717
2023-05-06,SE,Retargeting | Site Visitors,5752,89,60.5,0.015473
2023-05-07,SE,Retargeting | Site Visitors,5029,87,43.85,0.0173
2023-05-01,MW,Prospecting | Trail,12321,123,129.87,0.009983
2023-05-02,MW,Prospecting | Trail,13639,126,113.89,0.009238
2023-05-03,MW,Prospecting | Trail,11471,155,101.08,0.013512
2023-05-04,MW,Prospecting | Trail,9375,124,123.26,0.013227
2023-05-05,MW,Prospecting | Trail,12141,152,114.43,0.01252
2023-05-06,MW,Prospecting | Trail,10231,160,94.13,0.015639
2023-05-07,MW,Prospecting | Trail,13426,130,132.87,0.009683
2023-05-01,MW,Retargeting | Site Visitors,6442,126,66.22,0.019559
2023-05-02,MW,Retargeting | Site Visitors,6520,93,58.34,0.014264
2023-05-03,MW,Retargeting | Site Visitors,4683,101,79.03,0.021567
2023-05-04,MW,Retargeting | Site Visitors,5080,130,70.59,0.025591
2023-05-05,MW,Retargeting | Site Visitors,6349,98,72.13,0.015436
2023-05-06,MW,Retargeting | Site Visitors,6293,99,67.13,0.015732
2023-05-07,MW,Retargeting | Site Visitors,5506,124,56.61,0.022521
2023-05-01,MT,Prospecting | Trail,9199,102,96.55,0.011088
2023-05-02,MT,Prospecting | Trail,9815,144,118.67,0.014671
2023-05-03,MT,Prospecting | Trail,11486,110,83.86,0.009577
2023-05-04,MT,Prospecting | Trail,11614,120,96.94,0.010332
2023-05-05,MT,Prospecting | Trail,9312,113,119.04,0.012135
2023-05-06,MT,Prospecting | Trail,10468,154,96.34,0.014712
2023-05-07,MT,Prospecting | Trail,10044,133,93.6,0.013242
2023-05-01,MT,Retargeting | Site Visitors,3313,66,34.4,0.019922
2023-05-02,MT,Retargeting | Site Visitors,4449,73,48.81,0.016408
2023-05-03,MT,Retargeting | Site Visitors,4542,62,42.37,0.01365
2023-05-04,MT,Retargeting | Site Visitors,3943,62,44.08,0.015724
2023-05-05,MT,Retargeting | Site Visitors,3776,85,49.23,0.022511
2023-05-06,MT,Retargeting | Site Visitors,3368,84,35.35,0.024941
2023-05-07,MT,Retargeting | Site Visitors,3058,69,49.91,0.022564
2023-05-01,WE,Prospecting | Trail,12739,174,$160.15,0.013659
2023-05-02,WE,Prospecting | Trail,16742,164,$164.28,0.009796
2023-05-03,WE,Prospecting | Trail,13666,162,$125.78,0.011854
2023-05-04,WE,Prospecting | Trail,15949,181,$132.03,0.011349
2023-05-05,WE,Prospecting | Trail,11417,175,$135.72,0.015328
2023-05-06,WE,Prospecting | Trail,12933,151,$133.12,0.011676
2023-05-07,WE,Prospecting | Trail,16219,131,$125.66,0.008077
2023-05-01,WE,Retargeting | Site Visitors,5591,122,$73.56,0.021821
2023-05-02,WE,Retargeting | Site Visitors,5764,105,$67.23,0.018217
2023-05-03,WE,Retargeting | Site Visitors,7315,116,$68.33,0.015858
2023-05-04,WE,Retargeting | Site Visitors,6303,131,$64.69,0.020784
2023-05-05,WE,Retargeting | Site Visitors,5725,110,$76.74,0.019214
2023-05-06,WE,Retargeting | Site Visitors,6699,115,$82.58,0.017167
2023-05-07,WE,Retargeting | Site Visitors,8095,137,$90.02,0.016924
2023-05-08,NE,Prospecting | Trail,13493,168,128.23,0.012451
2023-05-09,NE,Prospecting | Trail,10771,116,83.36,0.01077
2023-05-10,NE,Prospecting | Trail,9167,137,124.66,0.014945
2023-05-11,NE,Prospecting | Trail,10871,153,126.63,0.014074
2023-05-12,NE,Prospecting | Trail,13064,119,95.65,0.009109
2023-05-13,NE,Prospecting | Trail,12490,137,95.46,0.010969
2023-05-14,NE,Prospecting | Trail,10025,119,128.83,0.01187
2023-05-08,NE,Retargeting | Site Visitors,5745,138,82.62,0.024021
2023-05-09,NE,Retargeting | Site Visitors,8464,150,70.34,0.017722
2023-05-10,NE,Retargeting | Site Visitors,6992,108,89.39,0.015446
2023-05-11,NE,Retargeting | Site Visitors,5852,131,87.42,0.022386
2023-05-12,NE,Retargeting | Site Visitors,7172,137,90.18,0.019102
2023-05-13,NE,Retargeting | Site Visitors,6464,121,64.34,0.018719
2023-05-14,NE,Retargeting | Site Visitors,7101,109,65.29,0.01535
2023-05-08,MA,Prospecting | Trail,13811,172,119.96,0.012454
2023-05-09,MA,Prospecting | Trail,12007,131,141.12,0.01091
2023-05-10,MA,Prospecting | Trail,10109,157,98.65,0.015531
2023-05-11,MA,Prospecting | Trail,14884,153,120.76,0.010279
2023-05-12,MA,Prospecting | Trail,11235,160,111.28,0.014241
2023-05-13,MA,Prospecting | Trail,12840,152,104.9,0.011838
2023-05-14,MA,Prospecting | Trail,10034,136,135.56,0.013554
2023-05-08,MA,Retargeting | Site Visitors,6373,91,68.61,0.014279
2023-05-09,MA,Retargeting | Site Visitors,5411,124,71.33,0.022916
2023-05-10,MA,Retargeting | Site Visitors,6279,117,78.33,0.018634
2023-05-11,MA,Retargeting | Site Visitors,4479,110,56.84,0.024559
2023-05-12,MA,Retargeting | Site Visitors,5715,108,63.32,0.018898
2023-05-13,MA,Retargeting | Site Visitors,5718,95,67.91,0.016614
2023-05-14,MA,Retargeting | Site Visitors,6406,100,58.03,0.01561
2023-05-08,SE,Prospecting | Trail,10987,162,116.88,0.014745
2023-05-09,SE,Prospecting | Trail,11841,151,122.02,0.012752
2023-05-10,SE,Prospecting | Trail,12046,139,101.73,0.011539
2023-05-11,SE,Prospecting | Trail,14084,146,129.29,0.010366
2023-05-12,SE,Prospecting | Trail,10550,160,129.25,0.015166
2023-05-13,SE,Prospecting | Trail,10524,136,120.77,0.012923
2023-05-14,SE,Prospecting | Trail,12617,116,90.02,0.009194
2023-05-08,SE,Retargeting | Site Visitors,4982,99,52.77,0.019872
2023-05-09,SE,Retargeting | Site Visitors,5896,91,59.23,0.015434
2023-05-10,SE,Retargeting | Site Visitors,4329,80,49.9,0.01848
2023-05-11,SE,Retargeting | Site Visitors,4531,115,59.87,0.025381
2023-05-12,SE,Retargeting | Site Visitors,4818,101,65.22,0.020963
2023-05-13,SE,Retargeting | Site Visitors,4811,103,48.38,0.021409
2023-05-14,SE,Retargeting | Site Visitors,5453,102,65.08,0.018705
2023-05-08,MW,Prospecting | Trail,9890,142,105.41,0.014358
2023-05-09,MW,Prospecting | Trail,9168,151,107.76,0.01647
2023-05-10,MW,Prospecting | Trail,12471,147,94.89,0.011787
2023-05-11,MW,Prospecting | Trail,11429,134,102.96,0.011725
2023-05-12,MW,Prospecting | Trail,12154,141,116.69,0.011601
2023-05-13,MW,Prospecting | Trail,9972,134,115.72,0.013438
2023-05-14,MW,Prospecting | Trail,11368,108,105.8,0.0095
2023-05-08,MW,Retargeting | Site Visitors,6358,102,78.56,0.016043
2023-05-09,MW,Retargeting | Site Visitors,4181,89,56.0,0.021287
2023-05-10,MW,Retargeting | Site Visitors,5124,104,67.84,0.020297
2023-05-11,MW,Retargeting | Site Visitors,5623,82,54.24,0.014583
2023-05-12,MW,Retargeting | Site Visitors,5655,118,61.2,0.020866
2023-05-13,MW,Retargeting | Site Visitors,4480,84,50.81,0.01875
2023-05-14,MW,Retargeting | Site Visitors,5884,87,60.35,0.014786
2023-05-08,MT,Prospecting | Trail,11363,133,102.98,0.011705
2023-05-09,MT,Prospecting | Trail,9143,119,119.36,0.013015
2023-05-10,MT,Prospecting | Trail,11865,119,90.55,0.010029
2023-05-11,MT,Prospecting | Trail,10291,137,113.0,0.013313
2023-05-12,MT,Prospecting | Trail,11440,122,103.27,0.010664
2023-05-13,MT,Prospecting | Trail,10449,120,114.55,0.011484
2023-05-14,MT,Prospecting | Trail,10235,116,89.19,0.011334
2023-05-08,MT,Retargeting | Site Visitors,4970,92,56.74,0.018511
2023-05-09,MT,Retargeting | Site Visitors,4786,105,60.75,0.021939
2023-05-10,MT,Retargeting | Site Visitors,5739,87,57.77,0.015159
2023-05-11,MT,Retargeting | Site Visitors,4376,103,64.11,0.023537
2023-05-12,MT,Retargeting | Site Visitors,4569,75,52.78,0.016415
2023-05-13,MT,Retargeting | Site Visitors,4612,94,58.72,0.020382
2023-05-14,MT,Retargeting | Site Visitors,5989,107,52.11,0.017866
2023-05-08,WE,Prospecting | Trail,10690,158,$95.37,0.01478
2023-05-09,WE,Prospecting | Trail,13460,120,$118.09,0.008915
2023-05-10,WE,Prospecting | Trail,12453,156,$106.85,0.012527
2023-05-11,WE,Prospecting | Trail,11893,167,$125.40,0.014042
2023-05-12,WE,Prospecting | Trail,10141,142,$118.63,0.014003
2023-05-13,WE,Prospecting | Trail,11776,174,$138.67,0.014776
2023-05-14,WE,Prospecting | Trail,13143,115,$115.84,0.00875
2023-05-08,WE,Retargeting | Site Visitors,5852,140,$82.96,0.023923
2023-05-09,WE,Retargeting | Site Visitors,7489,125,$71.04,0.016691
2023-05-10,WE,Retargeting | Site Visitors,6048,107,$78.13,0.017692
2023-05-11,WE,Retargeting | Site Visitors,6377,149,$76.06,0.023365
2023-05-12,WE,Retargeting | Site Visitors,6050,156,$72.33,0.025785
2023-05-13,WE,Retargeting | Site Visitors,6460,132,$73.99,0.020433
2023-05-14,WE,Retargeting | Site Visitors,6910,108,$65.13,0.01563
2023-05-15,NE,Prospecting | Trail,9349,100,119.02,0.010696
2023-05-16,NE,Prospecting | Trail,9923,124,125.2,0.012496
2023-05-17,NE,Prospecting | Trail,12460,119,92.22,0.009551
2023-05-18,NE,Prospecting | Trail,13561,148,129.73,0.010914
2023-05-19,NE,Prospecting | Trail,11052,119,99.7,0.010767
2023-05-20,NE,Prospecting | Trail,9137,154,108.1,0.016855
2023-05-21,NE,Prospecting | Trail,13371,116,98.79,0.008675
2023-05-15,NE,Retargeting | Site Visitors,7217,130,88.73,0.018013
2023-05-16,NE,Retargeting | Site Visitors,7606,133,68.84,0.017486
2023-05-17,NE,Retargeting | Site Visitors,6060,108,68.7,0.017822
2023-05-18,NE,Retargeting | Site Visitors,5847,117,81.39,0.02001
2023-05-19,NE,Retargeting | Site Visitors,6158,151,84.77,0.024521
2023-05-20,NE,Retargeting | Site Visitors,7769,110,94.19,0.014159
2023-05-21,NE,Retargeting | Site Visitors,7199,115,63.72,0.015974
2023-05-15,MA,Prospecting | Trail,13785,151,148.84,0.010954
2023-05-16,MA,Prospecting | Trail,12115,145,117.11,0.011969
2023-05-17,MA,Prospecting | Trail,15225,173,134.29,0.011363
2023-05-18,MA,Prospecting | Trail,11141,167,122.18,0.01499
2023-05-19,MA,Prospecting | Trail,15153,167,97.9,0.011021
2023-05-20,MA,Prospecting | Trail,11034,180,140.91,0.016313
2023-05-21,MA,Prospecting | Trail,13878,148,143.63,0.010664
2023-05-15,MA,Retargeting | Site Visitors,3937,100,68.79,0.0254
2023-05-16,MA,Retargeting | Site Visitors,4911,96,56.87,0.019548
2023-05-17,MA,Retargeting | Site Visitors,5525,91,57.21,0.016471
2023-05-18,MA,Retargeting | Site Visitors,5300,97,50.36,0.018302
2023-05-19,MA,Retargeting | Site Visitors,5613,79,67.4,0.014074
2023-05-20,MA,Retargeting | Site Visitors,5034,97,55.02,0.019269
2023-05-21,MA,Retargeting | Site Visitors,5494,80,56.23,0.014561
2023-05-15,SE,Prospecting | Trail,11516,117,112.62,0.01016
2023-05-16,SE,Prospecting | Trail,8340,147,90.94,0.017626
2023-05-17,SE,Prospecting | Trail,11364,105,116.66,0.00924
2023-05-18,SE,Prospecting | Trail,11783,137,93.75,0.011627
2023-05-19,SE,Prospecting | Trail,10390,142,102.96,0.013667
2023-05-20,SE,Prospecting | Trail,9367,151,97.82,0.01612
2023-05-21,SE,Prospecting | Trail,12314,148,120.97,0.012019
2023-05-15,SE,Retargeting | Site Visitors,5277,83,58.88,0.015729
2023-05-16,SE,Retargeting | Site Visitors,4792,71,44.12,0.014816
2023-05-17,SE,Retargeting | Site Visitors,5160,95,44.88,0.018411
2023-05-18,SE,Retargeting | Site Visitors,4866,96,65.06,0.019729
2023-05-19,SE,Retargeting | Site Visitors,4203,72,63.29,0.017131
2023-05-20,SE,Retargeting | Site Visitors,4200,97,45.0,0.023095
2023-05-21,SE,Retargeting | Site Visitors,4227,97,55.09,0.022948
2023-05-15,MW,Prospecting | Trail,12944,133,119.8,0.010275
2023-05-16,MW,Prospecting | Trail,8572,127,109.94,0.014816
2023-05-17,MW,Prospecting | Trail,9683,134,128.1,0.013839
2023-05-18,MW,Prospecting | Trail,11825,134,108.43,0.011332
2023-05-19,MW,Prospecting | Trail,12653,159,107.15,0.012566
2023-05-20,MW,Prospecting | Trail,12137,178,102.83,0.014666
2023-05-21,MW,Prospecting | Trail,12088,132,106.79,0.01092
2023-05-15,MW,Retargeting | Site Visitors,4719,119,57.22,0.025217
2023-05-16,MW,Retargeting | Site Visitors,4386,98,61.9,0.022344
2023-05-17,MW,Retargeting | Site Visitors,5174,100,54.28,0.019327
2023-05-18,MW,Retargeting | Site Visitors,5717,83,52.73,0.014518
2023-05-19,MW,Retargeting | Site Visitors,5460,87,61.97,0.015934
2023-05-20,MW,Retargeting | Site Visitors,5523,111,66.08,0.020098
2023-05-21,MW,Retargeting | Site Visitors,5590,109,66.37,0.019499
2023-05-15,MT,Prospecting | Trail,11683,116,85.45,0.009929
2023-05-16,MT,Prospecting | Trail,10423,133,81.83,0.01276
2023-05-17,MT,Prospecting | Trail,9850,115,121.56,0.011675
2023-05-18,MT,Prospecting | Trail,10200,117,107.85,0.011471
2023-05-19,MT,Prospecting | Trail,9620,137,114.54,0.014241
2023-05-20,MT,Prospecting | Trail,10170,151,100.61,0.014848
2023-05-21,MT,Prospecting | Trail,10230,140,95.48,0.013685
2023-05-15,MT,Retargeting | Site Visitors,3741,91,42.62,0.024325
2023-05-16,MT,Retargeting | Site Visitors,4157,91,49.47,0.021891
2023-05-17,MT,Retargeting | Site Visitors,5564,95,49.72,0.017074
2023-05-18,MT,Retargeting | Site Visitors,4085,84,51.79,0.020563
2023-05-19,MT,Retargeting | Site Visitors,4127,68,49.72,0.016477
2023-05-20,MT,Retargeting | Site Visitors,3834,91,51.19,0.023735
2023-05-21,MT,Retargeting | Site Visitors,5044,88,56.86,0.017446
2023-05-15,WE,Prospecting | Trail,11040,170,$143.15,0.015399
2023-05-16,WE,Prospecting | Trail,11677,178,$114.27,0.015244
2023-05-17,WE,Prospecting | Trail,13712,181,$119.88,0.0132
2023-05-18,WE,Prospecting | Trail,14586,180,$105.42,0.012341
2023-05-19,WE,Prospecting | Trail,12405,134,$115.91,0.010802
2023-05-20,WE,Prospecting | Trail,12988,156,$142.01,0.012011
2023-05-21,WE,Prospecting | Trail,13077,148,$136.32,0.011318
2023-05-15,WE,Retargeting | Site Visitors,5223,105,$80.31,0.020103
2023-05-16,WE,Retargeting | Site Visitors,7225,145,$62.68,0.020069
2023-05-17,WE,Retargeting | Site Visitors,6148,101,$73.88,0.016428
2023-05-18,WE,Retargeting | Site Visitors,5338,108,$63.20,0.020232
2023-05-19,WE,Retargeting | Site Visitors,4941,137,$74.97,0.027727
2023-05-20,WE,Retargeting | Site Visitors,7674,125,$84.03,0.016289
2023-05-21,WE,Retargeting | Site Visitors,6970,139,$61.39,0.019943
2023-05-22,NE,Prospecting | Trail,15093,171,135.39,0.01133
2023-05-23,NE,Prospecting | Trail,14944,158,134.66,0.010573
2023-05-24,NE,Prospecting | Trail,15293,141,126.27,0.00922
2023-05-25,NE,Prospecting | Trail,13338,129,151.2,0.009672
2023-05-26,NE,Prospecting | Trail,10520,146,100.86,0.013878
2023-05-27,NE,Prospecting | Trail,14029,188,150.16,0.013401
2023-05-28,NE,Prospecting | Trail,10655,192,121.39,0.01802
2023-05-22,NE,Retargeting | Site Visitors,6443,114,58.31,0.017694
2023-05-23,NE,Retargeting | Site Visitors,6699,110,72.71,0.01642
2023-05-24,NE,Retargeting | Site Visitors,5413,110,58.31,0.020321
2023-05-25,NE,Retargeting | Site Visitors,5722,132,78.85,0.023069
2023-05-26,NE,Retargeting | Site Visitors,6743,118,84.2,0.0175
2023-05-27,NE,Retargeting | Site Visitors,5027,114,69.06,0.022678
2023-05-28,NE,Retargeting | Site Visitors,6010,129,62.21,0.021464
2023-05-22,MA,Prospecting | Trail,11322,204,121.71,0.018018
2023-05-23,MA,Prospecting | Trail,14340,134,127.77,0.009344
2023-05-24,MA,Prospecting | Trail,12438,166,121.33,0.013346
2023-05-25,MA,Prospecting | Trail,11951,145,110.19,0.012133
2023-05-26,MA,Prospecting | Trail,11420,153,130.39,0.013398
2023-05-27,MA,Prospecting | Trail,12929,188,120.51,0.014541
2023-05-28,MA,Prospecting | Trail,15585,140,149.94,0.008983
2023-05-22,MA,Retargeting | Site Visitors,4156,111,69.6,0.026708
2023-05-23,MA,Retargeting | Site Visitors,4298,96,53.35,0.022336
2023-05-24,MA,Retargeting | Site Visitors,5249,107,71.49,0.020385
2023-05-25,MA,Retargeting | Site Visitors,6317,104,58.85,0.016464
2023-05-26,MA,Retargeting | Site Visitors,6288,94,56.37,0.014949
2023-05-27,MA,Retargeting | Site Visitors,5922,88,60.78,0.01486
2023-05-28,MA,Retargeting | Site Visitors,5559,80,64.13,0.014391
2023-05-22,SE,Prospecting | Trail,11943,188,113.62,0.015741
2023-05-23,SE,Prospecting | Trail,11906,175,112.56,0.014698
2023-05-24,SE,Prospecting | Trail,12552,133,128.7,0.010596
2023-05-25,SE,Prospecting | Trail,13656,130,112.93,0.00952
2023-05-26,SE,Prospecting | Trail,12974,133,123.53,0.010251
2023-05-27,SE,Prospecting | Trail,10643,159,120.42,0.014939
2023-05-28,SE,Prospecting | Trail,12053,181,128.36,0.015017
2023-05-22,SE,Retargeting | Site Visitors,5147,103,60.3,0.020012
2023-05-23,SE,Retargeting | Site Visitors,5323,99,53.91,0.018599
2023-05-24,SE,Retargeting | Site Visitors,4819,122,62.31,0.025316
2023-05-25,SE,Retargeting | Site Visitors,5745,103,54.28,0.017929
2023-05-26,SE,Retargeting | Site Visitors,5809,100,70.37,0.017215
2023-05-27,SE,Retargeting | Site Visitors,4104,93,53.13,0.022661
2023-05-28,SE,Retargeting | Site Visitors,4658,86,55.15,0.018463
2023-05-22,MW,Prospecting | Trail,10083,122,97.49,0.0121
2023-05-23,MW,Prospecting | Trail,11662,93,116.54,0.007975
2023-05-24,MW,Prospecting | Trail,11772,92,82.3,0.007815
2023-05-25,MW,Prospecting | Trail,11318,132,90.15,0.011663
2023-05-26,MW,Prospecting | Trail,9469,104,113.96,0.010983
2023-05-27,MW,Prospecting | Trail,8688,139,97.87,0.015999
2023-05-28,MW,Prospecting | Trail,8137,122,98.76,0.014993
2023-05-22,MW,Retargeting | Site Visitors,6062,151,78.25,0.024909
2023-05-23,MW,Retargeting | Site Visitors,5250,114,74.78,0.021714
2023-05-24,MW,Retargeting | Site Visitors,6121,109,71.65,0.017808
2023-05-25,MW,Retargeting | Site Visitors,7317,113,59.13,0.015443
2023-05-26,MW,Retargeting | Site Visitors,6430,114,57.69,0.017729
2023-05-27,MW,Retargeting | Site Visitors,5939,136,66.44,0.022899
2023-05-28,MW,Retargeting | Site Visitors,5666,119,84.1,0.021002
2023-05-22,MT,Prospecting | Trail,11595,109,95.48,0.009401
2023-05-23,MT,Prospecting | Trail,8851,112,107.17,0.012654
2023-05-24,MT,Prospecting | Trail,9905,124,101.05,0.012519
2023-05-25,MT,Prospecting | Trail,12397,137,100.37,0.011051
2023-05-26,MT,Prospecting | Trail,8487,108,88.51,0.012725
2023-05-27,MT,Prospecting | Trail,9223,130,102.83,0.014095
2023-05-28,MT,Prospecting | Trail,11320,126,108.01,0.011131
2023-05-22,MT,Retargeting | Site Visitors,4090,79,44.33,0.019315
2023-05-23,MT,Retargeting | Site Visitors,3347,82,37.77,0.0245
2023-05-24,MT,Retargeting | Site Visitors,3390,69,52.7,0.020354
2023-05-25,MT,Retargeting | Site Visitors,3672,84,52.02,0.022876
2023-05-26,MT,Retargeting | Site Visitors,4538,82,46.9,0.01807
2023-05-27,MT,Retargeting | Site Visitors,3905,64,45.35,0.016389
2023-05-28,MT,Retargeting | Site Visitors,4507,70,36.57,0.015531
2023-05-22,WE,Prospecting | Trail,15254,168,$103.96,0.011014
2023-05-23,WE,Prospecting | Trail,12632,158,$118.64,0.012508
2023-05-24,WE,Prospecting | Trail,11934,137,$127.99,0.01148
2023-05-25,WE,Prospecting | Trail,12171,146,$116.42,0.011996
2023-05-26,WE,Prospecting | Trail,11069,150,$124.40,0.013551
2023-05-27,WE,Prospecting | Trail,12476,140,$146.18,0.011222
2023-05-28,WE,Prospecting | Trail,13504,132,$134.99,0.009775
2023-05-22,WE,Retargeting | Site Visitors,8421,146,$88.50,0.017338
2023-05-23,WE,Retargeting | Site Visitors,8151,136,$87.50,0.016685
2023-05-24,WE,Retargeting | Site Visitors,6535,119,$81.31,0.01821
2023-05-25,WE,Retargeting | Site Visitors,6817,144,$88.99,0.021124
2023-05-26,WE,Retargeting | Site Visitors,6460,105,$89.81,0.016254
2023-05-27,WE,Retargeting | Site Visitors,7135,157,$68.72,0.022004
2023-05-28,WE,Retargeting | Site Visitors,7663,142,$83.76,0.018531
2023-05-29,NE,Prospecting | Trail,9423,146,129.12,0.015494
2023-05-30,NE,Prospecting | Trail,11133,122,124.15,0.010958
2023-05-31,NE,Prospecting | Trail,10017,150,117.59,0.014975
2023-06-01,NE,Prospecting | Trail,10558,150,91.32,0.014207
2023-06-02,NE,Prospecting | Trail,13249,155,100.33,0.011699
2023-06-03,NE,Prospecting | Trail,10507,145,99.01,0.0138
2023-06-04,NE,Prospecting | Trail,12947,107,101.26,0.008264
2023-05-29,NE,Retargeting | Site Visitors,6959,104,73.84,0.014945
2023-05-30,NE,Retargeting | Site Visitors,5403,99,86.57,0.018323
2023-05-31,NE,Retargeting | Site Visitors,5636,96,63.83,0.017033
2023-06-01,NE,Retargeting | Site Visitors,6670,108,56.42,0.016192
2023-06-02,NE,Retargeting | Site Visitors,6146,98,59.52,0.015945
2023-06-03,NE,Retargeting | Site Visitors,5962,121,73.86,0.020295
2023-06-04,NE,Retargeting | Site Visitors,5638,131,73.72,0.023235
2023-05-29,MA,Prospecting | Trail,14857,139,127.04,0.009356
2023-05-30,MA,Prospecting | Trail,12464,146,110.29,0.011714
2023-05-31,MA,Prospecting | Trail,14678,184,103.88,0.012536
2023-06-01,MA,Prospecting | Trail,13497,128,151.84,0.009484
2023-06-02,MA,Prospecting | Trail,11793,192,130.05,0.016281
2023-06-03,MA,Prospecting | Trail,11497,131,135.12,0.011394
2023-06-04,MA,Prospecting | Trail,13061,187,141.89,0.014317
2023-05-29,MA,Retargeting | Site Visitors,6443,88,66.68,0.013658
2023-05-30,MA,Retargeting | Site Visitors,4452,95,47.72,0.021339
2023-05-31,MA,Retargeting | Site Visitors,4276,98,60.57,0.022919
2023-06-01,MA,Retargeting | Site Visitors,5930,115,63.72,0.019393
2023-06-02,MA,Retargeting | Site Visitors,5799,79,59.19,0.013623
2023-06-03,MA,Retargeting | Site Visitors,4726,102,65.19,0.021583
2023-06-04,MA,Retargeting | Site Visitors,5240,104,60.9,0.019847
2023-05-29,SE,Prospecting | Trail,14162,155,118.61,0.010945
2023-05-30,SE,Prospecting | Trail,9483,154,94.72,0.01624
2023-05-31,SE,Prospecting | Trail,11404,162,112.33,0.014206
2023-06-01,SE,Prospecting | Trail,13886,124,120.24,0.00893
2023-06-02,SE,Prospecting | Trail,12902,146,144.74,0.011316
2023-06-03,SE,Prospecting | Trail,10048,173,136.51,0.017217
2023-06-04,SE,Prospecting | Trail,13472,124,109.35,0.009204
2023-05-29,SE,Retargeting | Site Visitors,6684,82,67.73,0.012268
2023-05-30,SE,Retargeting | Site Visitors,4988,124,69.37,0.02486
2023-05-31,SE,Retargeting | Site Visitors,4775,115,52.47,0.024084
2023-06-01,SE,Retargeting | Site Visitors,5883,110,59.67,0.018698
2023-06-02,SE,Retargeting | Site Visitors,6175,90,53.87,0.014575
2023-06-03,SE,Retargeting | Site Visitors,4407,96,73.78,0.021784
2023-06-04,SE,Retargeting | Site Visitors,5815,124,68.47,0.021324
2023-05-29,MW,Prospecting | Trail,13145,108,103.85,0.008216
2023-05-30,MW,Prospecting | Trail,11393,161,114.63,0.014131
2023-05-31,MW,Prospecting | Trail,10194,114,102.82,0.011183
2023-06-01,MW,Prospecting | Trail,10611,161,116.88,0.015173
2023-06-02,MW,Prospecting | Trail,11383,132,131.68,0.011596
2023-06-03,MW,Prospecting | Trail,10455,142,110.72,0.013582
2023-06-04,MW,Prospecting | Trail,13773,117,112.77,0.008495
2023-05-29,MW,Retargeting | Site Visitors,5599,111,83.1,0.019825
2023-05-30,MW,Retargeting | Site Visitors,5754,109,61.19,0.018943
2023-05-31,MW,Retargeting | Site Visitors,6608,105,62.28,0.01589
2023-06-01,MW,Retargeting | Site Visitors,5682,92,69.01,0.016191
2023-06-02,MW,Retargeting | Site Visitors,7013,126,59.93,0.017967
2023-06-03,MW,Retargeting | Site Visitors,5573,122,80.1,0.021891
2023-06-04,MW,Retargeting | Site Visitors,6815,125,79.41,0.018342
2023-05-29,MT,Prospecting | Trail,7590,89,95.19,0.011726
2023-05-30,MT,Prospecting | Trail,8113,119,76.91,0.014668
2023-05-31,MT,Prospecting | Trail,7386,105,98.54,0.014216
2023-06-01,MT,Prospecting | Trail,8669,127,66.83,0.01465
2023-06-02,MT,Prospecting | Trail,10465,126,93.7,0.01204
2023-06-03,MT,Prospecting | Trail,9546,126,81.58,0.013199
2023-06-04,MT,Prospecting | Trail,9709,89,89.73,0.009167
2023-05-29,MT,Retargeting | Site Visitors,4052,88,37.66,0.021718
2023-05-30,MT,Retargeting | Site Visitors,4090,73,50.46,0.017848
2023-05-31,MT,Retargeting | Site Visitors,3559,63,36.64,0.017702
2023-06-01,MT,Retargeting | Site Visitors,3218,89,44.19,0.027657
2023-06-02,MT,Retargeting | Site Visitors,3487,68,52.83,0.019501
2023-06-03,MT,Retargeting | Site Visitors,4421,61,52.23,0.013798
2023-06-04,MT,Retargeting | Site Visitors,4157,70,36.3,0.016839
2023-05-29,WE,Prospecting | Trail,12927,211,$139.97,0.016322
2023-05-30,WE,Prospecting | Trail,19254,196,$119.99,0.01018
2023-05-31,WE,Prospecting | Trail,18009,172,$155.64,0.009551
2023-06-01,WE,Prospecting | Trail,13154,204,$143.78,0.015509
2023-06-02,WE,Prospecting | Trail,16057,154,$173.82,0.009591
2023-06-03,WE,Prospecting | Trail,13989,172,$147.05,0.012295
2023-06-04,WE,Prospecting | Trail,13033,198,$162.70,0.015192
2023-05-29,WE,Retargeting | Site Visitors,6638,150,$70.57,0.022597
2023-05-30,WE,Retargeting | Site Visitors,6443,136,$99.05,0.021108
2023-05-31,WE,Retargeting | Site Visitors,6633,154,$72.52,0.023217
2023-06-01,WE,Retargeting | Site Visitors,8163,133,$99.58,0.016293
2023-06-02,WE,Retargeting | Site Visitors,7191,158,$73.96,0.021972
2023-06-03,WE,Retargeting | Site Visitors,7991,129,$91.86,0.016143
2023-06-04,WE,Retargeting | Site Visitors,7990,156,$79.51,0.019524
2023-06-05,NE,Prospecting | Trail,13003,115,114.98,0.008844
2023-06-06,NE,Prospecting | Trail,13185,130,131.96,0.00986
2023-06-07,NE,Prospecting | Trail,9433,142,100.71,0.015054
2023-06-08,NE,Prospecting | Trail,9678,155,119.22,0.016016
2023-06-09,NE,Prospecting | Trail,12966,129,95.3,0.009949
2023-06-10,NE,Prospecting | Trail,9805,115,130.86,0.011729
2023-06-11,NE,Prospecting | Trail,12723,168,98.74,0.013204
2023-06-05,NE,Retargeting | Site Visitors,4577,80,57.7,0.017479
2023-06-06,NE,Retargeting | Site Visitors,4592,118,53.35,0.025697
2023-06-07,NE,Retargeting | Site Visitors,5962,95,67.48,0.015934
2023-06-08,NE,Retargeting | Site Visitors,4552,99,62.31,0.021749
2023-06-09,NE,Retargeting | Site Visitors,5162,104,57.38,0.020147
2023-06-10,NE,Retargeting | Site Visitors,5942,110,69.27,0.018512
2023-06-11,NE,Retargeting | Site Visitors,5833,99,53.65,0.016972
2023-06-05,MA,Prospecting | Trail,13331,175,139.88,0.013127
2023-06-06,MA,Prospecting | Trail,13489,145,116.0,0.010749
2023-06-07,MA,Prospecting | Trail,11328,145,119.45,0.0128
2023-06-08,MA,Prospecting | Trail,14605,137,136.74,0.00938
2023-06-09,MA,Prospecting | Trail,11020,141,103.88,0.012795
2023-06-10,MA,Prospecting | Trail,11723,158,110.96,0.013478
2023-06-11,MA,Prospecting | Trail,13006,114,140.42,0.008765
2023-06-05,MA,Retargeting | Site Visitors,4710,84,58.51,0.017834
2023-06-06,MA,Retargeting | Site Visitors,5160,98,47.67,0.018992
2023-06-07,MA,Retargeting | Site Visitors,4881,109,61.93,0.022331
2023-06-08,MA,Retargeting | Site Visitors,3952,87,64.32,0.022014
2023-06-09,MA,Retargeting | Site Visitors,5736,79,60.6,0.013773
2023-06-10,MA,Retargeting | Site Visitors,5811,106,64.28,0.018241
2023-06-11,MA,Retargeting | Site Visitors,5255,98,50.99,0.018649
2023-06-05,SE,Prospecting | Trail,10949,153,120.44,0.013974
2023-06-06,SE,Prospecting | Trail,11106,147,111.01,0.013236
2023-06-07,SE,Prospecting | Trail,11149,109,109.3,0.009777
2023-06-08,SE,Prospecting | Trail,10504,119,102.24,0.011329
2023-06-09,SE,Prospecting | Trail,8626,134,93.83,0.015534
2023-06-10,SE,Prospecting | Trail,12037,122,105.1,0.010135
2023-06-11,SE,Prospecting | Trail,10768,112,94.43,0.010401
2023-06-05,SE,Retargeting | Site Visitors,4202,104,60.13,0.02475
2023-06-06,SE,Retargeting | Site Visitors,5443,111,57.21,0.020393
2023-06-07,SE,Retargeting | Site Visitors,6231,98,52.35,0.015728
2023-06-08,SE,Retargeting | Site Visitors,4759,81,63.94,0.01702
2023-06-09,SE,Retargeting | Site Visitors,6301,97,73.76,0.015394
2023-06-10,SE,Retargeting | Site Visitors,5921,100,57.59,0.016889
2023-06-11,SE,Retargeting | Site Visitors,5078,105,71.27,0.020677
2023-06-05,MW,Prospecting | Trail,13027,166,130.19,0.012743
2023-06-06,MW,Prospecting | Trail,9843,112,112.9,0.011379
2023-06-07,MW,Prospecting | Trail,13625,150,134.63,0.011009
2023-06-08,MW,Prospecting | Trail,11532,134,92.8,0.01162
2023-06-09,MW,Prospecting | Trail,13563,159,112.11,0.011723
2023-06-10,MW,Prospecting | Trail,10044,165,97.68,0.016428
2023-06-11,MW,Prospecting | Trail,9492,146,114.72,0.015381
2023-06-05,MW,Retargeting | Site Visitors,5086,82,52.88,0.016123
2023-06-06,MW,Retargeting | Site Visitors,4296,84,47.66,0.019553
2023-06-07,MW,Retargeting | Site Visitors,3384,86,38.99,0.025414
2023-06-08,MW,Retargeting | Site Visitors,4432,90,54.23,0.020307
2023-06-09,MW,Retargeting | Site Visitors,4959,69,55.8,0.013914
2023-06-10,MW,Retargeting | Site Visitors,4766,94,51.94,0.019723
2023-06-11,MW,Retargeting | Site Visitors,4107,80,55.34,0.019479
2023-06-05,MT,Prospecting | Trail,9464,113,82.91,0.01194
2023-06-06,MT,Prospecting | Trail,8159,98,79.17,0.012011
2023-06-07,MT,Prospecting | Trail,8698,92,88.14,0.010577
2023-06-08,MT,Prospecting | Trail,10594,101,104.58,0.009534
2023-06-09,MT,Prospecting | Trail,11049,104,89.53,0.009413
2023-06-10,MT,Prospecting | Trail,7658,94,107.12,0.012275
2023-06-11,MT,Prospecting | Trail,9519,127,86.92,0.013342
2023-06-05,MT,Retargeting | Site Visitors,4791,85,49.22,0.017742
2023-06-06,MT,Retargeting | Site Visitors,4892,92,45.87,0.018806
2023-06-07,MT,Retargeting | Site Visitors,4942,85,64.05,0.0172
2023-06-08,MT,Retargeting | Site Visitors,4529,87,48.96,0.01921
2023-06-09,MT,Retargeting | Site Visitors,5251,79,49.91,0.015045
2023-06-10,MT,Retargeting | Site Visitors,3693,110,54.44,0.029786
2023-06-11,MT,Retargeting | Site Visitors,3888,79,55.4,0.020319
2023-06-05,WE,Prospecting | Trail,10670,142,$125.28,0.013308
2023-06-06,WE,Prospecting | Trail,12234,162,$113.24,0.013242
2023-06-07,WE,Prospecting | Trail,12843,123,$106.30,0.009577
2023-06-08,WE,Prospecting | Trail,9473,117,$90.39,0.012351
2023-06-09,WE,Prospecting | Trail,11361,147,$94.77,0.012939
2023-06-10,WE,Prospecting | Trail,10472,119,$121.94,0.011364
2023-06-11,WE,Prospecting | Trail,11798,160,$120.83,0.013562
2023-06-05,WE,Retargeting | Site Visitors,4773,124,$56.58,0.025979
2023-06-06,WE,Retargeting | Site Visitors,6149,100,$55.19,0.016263
2023-06-07,WE,Retargeting | Site Visitors,4612,109,$64.15,0.023634
2023-06-08,WE,Retargeting | Site Visitors,4659,94,$66.79,0.020176
2023-06-09,WE,Retargeting | Site Visitors,6248,98,$64.37,0.015685
2023-06-10,WE,Retargeting | Site Visitors,6637,100,$74.57,0.015067
2023-06-11,WE,Retargeting | Site Visitors,5291,116,$59.60,0.021924
2023-06-12,NE,Prospecting | Trail,13239,139,91.71,0.010499
2023-06-13,NE,Prospecting | Trail,11853,112,122.08,0.009449
2023-06-14,NE,Prospecting | Trail,12916,146,124.35,0.011304
2023-06-15,NE,Prospecting | Trail,9823,139,104.45,0.01415
2023-06-16,NE,Prospecting | Trail,10303,140,118.09,0.013588
2023-06-17,NE,Prospecting | Trail,10114,157,137.97,0.015523
2023-06-18,NE,Prospecting | Trail,14246,139,109.8,0.009757
2023-06-12,NE,Retargeting | Site Visitors,4798,99,74.24,0.020634
2023-06-13,NE,Retargeting | Site Visitors,5631,88,66.09,0.015628
2023-06-14,NE,Retargeting | Site Visitors,6649,114,71.48,0.017145
2023-06-15,NE,Retargeting | Site Visitors,5595,125,60.02,0.022341
2023-06-16,NE,Retargeting | Site Visitors,4422,120,62.39,0.027137
2023-06-17,NE,Retargeting | Site Visitors,6740,125,56.17,0.018546
2023-06-18,NE,Retargeting | Site Visitors,5811,99,65.54,0.017037
2023-06-12,NE,Launch | New Colorway,6146,81,66.18,0.013179
2023-06-13,NE,Launch | New Colorway,7537,100,70.57,0.013268
2023-06-14,NE,Launch | New Colorway,5797,89,71.34,0.015353
2023-06-15,NE,Launch | New Colorway,6212,107,66.01,0.017225
2023-06-16,NE,Launch | New Colorway,6077,109,64.41,0.017936
2023-06-17,NE,Launch | New Colorway,6423,113,68.42,0.017593
2023-06-18,NE,Launch | New Colorway,7030,92,54.33,0.013087
2023-06-12,MA,Prospecting | Trail,14916,164,123.79,0.010995
2023-06-13,MA,Prospecting | Trail,12943,180,138.13,0.013907
2023-06-14,MA,Prospecting | Trail,14951,182,120.38,0.012173
2023-06-15,MA,Prospecting | Trail,10391,152,157.21,0.014628
2023-06-16,MA,Prospecting | Trail,12706,182,121.45,0.014324
2023-06-17,MA,Prospecting | Trail,15760,189,170.52,0.011992
2023-06-18,MA,Prospecting | Trail,15747,134,123.19,0.00851
2023-06-12,MA,Retargeting | Site Visitors,5631,126,72.12,0.022376
2023-06-13,MA,Retargeting | Site Visitors,6650,110,56.96,0.016541
2023-06-14,MA,Retargeting | Site Visitors,4766,92,59.86,0.019303
2023-06-15,MA,Retargeting | Site Visitors,5047,116,67.22,0.022984
2023-06-16,MA,Retargeting | Site Visitors,5955,122,63.18,0.020487
2023-06-17,MA,Retargeting | Site Visitors,4963,83,55.08,0.016724
2023-06-18,MA,Retargeting | Site Visitors,5278,94,65.91,0.01781
2023-06-12,MA,Launch | New Colorway,4632,62,46.54,0.013385
2023-06-13,MA,Launch | New Colorway,5291,71,53.16,0.013419
2023-06-14,MA,Launch | New Colorway,5739,70,46.38,0.012197
2023-06-15,MA,Launch | New Colorway,4686,95,58.59,0.020273
2023-06-16,MA,Launch | New Colorway,3819,82,51.74,0.021472
2023-06-17,MA,Launch | New Colorway,5286,86,50.71,0.016269
2023-06-18,MA,Launch | New Colorway,5876,75,53.23,0.012764
2023-06-12,SE,Prospecting | Trail,10283,132,91.28,0.012837
2023-06-13,SE,Prospecting | Trail,8174,96,76.08,0.011745
2023-06-14,SE,Prospecting | Trail,9815,88,99.79,0.008966
2023-06-15,SE,Prospecting | Trail,12316,110,114.82,0.008931
2023-06-16,SE,Prospecting | Trail,8442,130,106.87,0.015399
2023-06-17,SE,Prospecting | Trail,10728,117,91.01,0.010906
2023-06-18,SE,Prospecting | Trail,10064,121,104.41,0.012023
2023-06-12,SE,Retargeting | Site Visitors,4662,111,52.7,0.02381
2023-06-13,SE,Retargeting | Site Visitors,6011,87,67.52,0.014473
2023-06-14,SE,Retargeting | Site Visitors,4491,94,52.61,0.020931
2023-06-15,SE,Retargeting | Site Visitors,4853,96,74.31,0.019782
2023-06-16,SE,Retargeting | Site Visitors,6095,82,55.17,0.013454
2023-06-17,SE,Retargeting | Site Visitors,4984,113,55.89,0.022673
2023-06-18,SE,Retargeting | Site Visitors,5693,90,64.87,0.015809
2023-06-12,SE,Launch | New Colorway,4750,99,58.88,0.020842
2023-06-13,SE,Launch | New Colorway,4432,65,55.68,0.014666
2023-06-14,SE,Launch | New Colorway,6076,94,46.77,0.015471
2023-06-15,SE,Launch | New Colorway,5897,75,61.42,0.012718
2023-06-16,SE,Launch | New Colorway,4318,86,45.04,0.019917
2023-06-17,SE,Launch | New Colorway,5526,78,61.65,0.014115
2023-06-18,SE,Launch | New Colorway,6246,84,50.45,0.013449
2023-06-12,MW,Prospecting | Trail,10560,144,151.32,0.013636
2023-06-13,MW,Prospecting | Trail,14889,142,134.25,0.009537
2023-06-14,MW,Prospecting | Trail,14306,174,104.63,0.012163
2023-06-15,MW,Prospecting | Trail,14604,155,146.01,0.010614
2023-06-16,MW,Prospecting | Trail,10039,142,123.7,0.014145
2023-06-17,MW,Prospecting | Trail,11502,139,106.95,0.012085
2023-06-18,MW,Prospecting | Trail,15527,131,129.13,0.008437
2023-06-12,MW,Retargeting | Site Visitors,4588,89,64.98,0.019398
2023-06-13,MW,Retargeting | Site Visitors,6271,86,57.82,0.013714
2023-06-14,MW,Retargeting | Site Visitors,6473,120,56.35,0.018539
2023-06-15,MW,Retargeting | Site Visitors,4543,91,58.24,0.020031
2023-06-16,MW,Retargeting | Site Visitors,5919,106,61.09,0.017908
2023-06-17,MW,Retargeting | Site Visitors,6144,88,74.24,0.014323
2023-06-18,MW,Retargeting | Site Visitors,4251,130,66.46,0.030581
2023-06-12,MW,Launch | New Colorway,5497,72,42.32,0.013098
2023-06-13,MW,Launch | New Colorway,4729,80,58.86,0.016917
2023-06-14,MW,Launch | New Colorway,3913,67,40.44,0.017122
2023-06-15,MW,Launch | New Colorway,5911,71,41.87,0.012012
2023-06-16,MW,Launch | New Colorway,4407,71,60.02,0.016111
2023-06-17,MW,Launch | New Colorway,4724,75,55.88,0.015876
2023-06-18,MW,Launch | New Colorway,5813,64,57.58,0.01101
2023-06-12,MT,Prospecting | Trail,10592,142,100.2,0.013406
2023-06-13,MT,Prospecting | Trail,9523,143,85.4,0.015016
2023-06-14,MT,Prospecting | Trail,9717,103,105.8,0.0106
2023-06-15,MT,Prospecting | Trail,12229,99,107.14,0.008096
2023-06-16,MT,Prospecting | Trail,12308,115,100.45,0.009344
2023-06-17,MT,Prospecting | Trail,9892,146,103.09,0.014759
2023-06-18,MT,Prospecting | Trail,8484,117,110.85,0.013791
2023-06-12,MT,Retargeting | Site Visitors,4603,94,57.22,0.020421
2023-06-13,MT,Retargeting | Site Visitors,4935,94,61.86,0.019048
2023-06-14,MT,Retargeting | Site Visitors,5126,102,54.51,0.019899
2023-06-15,MT,Retargeting | Site Visitors,4505,91,47.8,0.0202
2023-06-16,MT,Retargeting | Site Visitors,5048,87,51.71,0.017235
2023-06-17,MT,Retargeting | Site Visitors,4370,89,50.2,0.020366
2023-06-18,MT,Retargeting | Site Visitors,4596,99,58.29,0.02154
2023-06-12,MT,Launch | New Colorway,3835,57,50.21,0.014863
2023-06-13,MT,Launch | New Colorway,3885,70,47.01,0.018018
2023-06-14,MT,Launch | New Colorway,5580,72,52.73,0.012903
2023-06-15,MT,Launch | New Colorway,3971,75,40.7,0.018887
2023-06-16,MT,Launch | New Colorway,4954,56,42.78,0.011304
2023-06-17,MT,Launch | New Colorway,4850,71,51.43,0.014639
2023-06-18,MT,Launch | New Colorway,4462,50,36.82,0.011206
2023-06-12,WE,Prospecting | Trail,14464,220,$134.99,0.01521
2023-06-13,WE,Prospecting | Trail,15736,236,$123.00,0.014997
2023-06-14,WE,Prospecting | Trail,15454,163,$167.86,0.010547
2023-06-15,WE,Prospecting | Trail,15913,161,$162.79,0.010118
2023-06-16,WE,Prospecting | Trail,13407,156,$141.85,0.011636
2023-06-17,WE,Prospecting | Trail,14637,154,$132.07,0.010521
2023-06-18,WE,Prospecting | Trail,15814,205,$170.61,0.012963
2023-06-12,WE,Retargeting | Site Visitors,5649,126,$84.11,0.022305
2023-06-13,WE,Retargeting | Site Visitors,7007,86,$63.08,0.012273
2023-06-14,WE,Retargeting | Site Visitors,5888,122,$61.58,0.02072
2023-06-15,WE,Retargeting | Site Visitors,6745,110,$65.06,0.016308
2023-06-16,WE,Retargeting | Site Visitors,7196,109,$89.15,0.015147
2023-06-17,WE,Retargeting | Site Visitors,5431,120,$78.95,0.022095
2023-06-18,WE,Retargeting | Site Visitors,6299,118,$66.54,0.018733
2023-06-12,WE,Launch | New Colorway,7393,76,$55.10,0.01028
2023-06-13,WE,Launch | New Colorway,5121,86,$59.14,0.016794
2023-06-14,WE,Launch | New Colorway,6024,103,$65.35,0.017098
2023-06-15,WE,Launch | New Colorway,5128,74,$59.00,0.014431
2023-06-16,WE,Launch | New Colorway,6055,100,$50.61,0.016515
2023-06-17,WE,Launch | New Colorway,5491,107,$64.70,0.019486
2023-06-18,WE,Launch | New Colorway,6061,106,$67.09,0.017489
2023-06-19,NE,Prospecting | Trail,11375,130,110.19,0.011429
2023-06-20,NE,Prospecting | Trail,9580,146,118.02,0.01524
2023-06-21,NE,Prospecting | Trail,9529,111,93.89,0.011649
2023-06-22,NE,Prospecting | Trail,9154,100,87.54,0.010924
2023-06-23,NE,Prospecting | Trail,12107,146,101.5,0.012059
2023-06-24,NE,Prospecting | Trail,12207,104,120.29,0.00852
2023-06-25,NE,Prospecting | Trail,8741,132,80.96,0.015101
2023-06-19,NE,Retargeting | Site Visitors,7490,136,80.63,0.018158
2023-06-20,NE,Retargeting | Site Visitors,7191,110,72.16,0.015297
2023-06-21,NE,Retargeting | Site Visitors,5418,134,82.95,0.024732
2023-06-22,NE,Retargeting | Site Visitors,6958,114,69.74,0.016384
2023-06-23,NE,Retargeting | Site Visitors,5744,133,77.66,0.023155
2023-06-24,NE,Retargeting | Site Visitors,5495,155,71.51,0.028207
2023-06-25,NE,Retargeting | Site Visitors,7694,135,74.24,0.017546
2023-06-19,MA,Prospecting | Trail,11042,134,105.15,0.012135
2023-06-20,MA,Prospecting | Trail,13856,125,109.62,0.009021
2023-06-21,MA,Prospecting | Trail,13028,165,136.12,0.012665
2023-06-22,MA,Prospecting | Trail,11048,151,131.36,0.013668
2023-06-23,MA,Prospecting | Trail,11810,142,107.01,0.012024
2023-06-24,MA,Prospecting | Trail,13329,163,143.21,0.012229
2023-06-25,MA,Prospecting | Trail,14044,110,131.46,0.007833
2023-06-19,MA,Retargeting | Site Visitors,6353,103,60.94,0.016213
2023-06-20,MA,Retargeting | Site Visitors,4566,87,69.36,0.019054
2023-06-21,MA,Retargeting | Site Visitors,4912,126,76.73,0.025651
2023-06-22,MA,Retargeting | Site Visitors,6123,96,52.48,0.015679
2023-06-23,MA,Retargeting | Site Visitors,6328,123,62.25,0.019437
2023-06-24,MA,Retargeting | Site Visitors,5010,86,73.99,0.017166
2023-06-25,MA,Retargeting | Site Visitors,5651,130,52.1,0.023005
2023-06-19,SE,Prospecting | Trail,14129,136,118.61,0.009626
2023-06-20,SE,Prospecting | Trail,12748,124,96.45,0.009727
2023-06-21,SE,Prospecting | Trail,9801,142,101.23,0.014488
2023-06-22,SE,Prospecting | Trail,11275,129,129.38,0.011441
2023-06-23,SE,Prospecting | Trail,9693,163,111.68,0.016816
2023-06-24,SE,Prospecting | Trail,9785,162,127.0,0.016556
2023-06-25,SE,Prospecting | Trail,12892,122,102.83,0.009463
2023-06-19,SE,Retargeting | Site Visitors,4506,91,41.33,0.020195
2023-06-20,SE,Retargeting | Site Visitors,3951,90,41.45,0.022779
2023-06-21,SE,Retargeting | Site Visitors,4455,63,43.77,0.014141
2023-06-22,SE,Retargeting | Site Visitors,3778,70,51.65,0.018528
2023-06-23,SE,Retargeting | Site Visitors,4435,81,52.68,0.018264
2023-06-24,SE,Retargeting | Site Visitors,3837,89,46.6,0.023195
2023-06-25,SE,Retargeting | Site Visitors,3838,95,53.71,0.024752
2023-06-19,MW,Prospecting | Trail,9147,142,106.22,0.015524
2023-06-20,MW,Prospecting | Trail,11852,143,130.99,0.012065
2023-06-21,MW,Prospecting | Trail,13218,174,133.21,0.013164
2023-06-22,MW,Prospecting | Trail,9165,135,119.29,0.01473
2023-06-23,MW,Prospecting | Trail,13289,154,101.21,0.011589
2023-06-24,MW,Prospecting | Trail,11273,163,111.12,0.014459
2023-06-25,MW,Prospecting | Trail,13705,128,98.13,0.00934
2023-06-19,MW,Retargeting | Site Visitors,4313,76,49.65,0.017621
2023-06-20,MW,Retargeting | Site Visitors,5412,83,62.52,0.015336
2023-06-21,MW,Retargeting | Site Visitors,5905,94,57.82,0.015919
2023-06-22,MW,Retargeting | Site Visitors,5968,96,52.44,0.016086
2023-06-23,MW,Retargeting | Site Visitors,4914,110,60.04,0.022385
2023-06-24,MW,Retargeting | Site Visitors,5286,96,68.55,0.018161
2023-06-25,MW,Retargeting | Site Visitors,4527,96,66.69,0.021206
2023-06-19,MT,Prospecting | Trail,9833,98,90.31,0.009966
2023-06-20,MT,Prospecting | Trail,7228,94,86.94,0.013005
2023-06-21,MT,Prospecting | Trail,6350,87,87.85,0.013701
2023-06-22,MT,Prospecting | Trail,7184,116,71.36,0.016147
2023-06-23,MT,Prospecting | Trail,8176,100,82.34,0.012231
2023-06-24,MT,Prospecting | Trail,9248,118,69.03,0.01276
2023-06-25,MT,Prospecting | Trail,8460,107,65.67,0.012648
2023-06-19,MT,Retargeting | Site Visitors,3853,85,53.88,0.022061
2023-06-20,MT,Retargeting | Site Visitors,4225,99,51.69,0.023432
2023-06-21,MT,Retargeting | Site Visitors,4490,70,53.93,0.01559
2023-06-22,MT,Retargeting | Site Visitors,4533,84,51.65,0.018531
2023-06-23,MT,Retargeting | Site Visitors,4264,67,42.28,0.015713
2023-06-24,MT,Retargeting | Site Visitors,4576,70,46.15,0.015297
2023-06-25,MT,Retargeting | Site Visitors,3826,69,42.77,0.018035
2023-06-19,WE,Prospecting | Trail,13310,136,$122.46,0.010218
2023-06-20,WE,Prospecting | Trail,12991,141,$140.03,0.010854
2023-06-21,WE,Prospecting | Trail,14340,172,$136.78,0.011994
2023-06-22,WE,Prospecting | Trail,13268,152,$156.97,0.011456
2023-06-23,WE,Prospecting | Trail,12655,189,$156.87,0.014935
2023-06-24,WE,Prospecting | Trail,16619,139,$117.05,0.008364
2023-06-25,WE,Prospecting | Trail,14336,197,$125.53,0.013742
2023-06-19,WE,Retargeting | Site Visitors,7298,134,$68.85,0.018361
2023-06-20,WE,Retargeting | Site Visitors,5562,126,$94.54,0.022654
2023-06-21,WE,Retargeting | Site Visitors,7641,162,$89.93,0.021201
2023-06-22,WE,Retargeting | Site Visitors,7458,121,$84.58,0.016224
2023-06-23,WE,Retargeting | Site Visitors,6287,113,$67.75,0.017974
2023-06-24,WE,Retargeting | Site Visitors,7614,157,$85.30,0.02062
2023-06-25,WE,Retargeting | Site Visitors,6496,120,$65.13,0.018473
2023-06-26,NE,Prospecting | Trail,12220,153,129.69,0.01252
2023-06-27,NE,Prospecting | Trail,10762,133,126.84,0.012358
2023-06-28,NE,Prospecting | Trail,9463,110,100.49,0.011624
2023-06-29,NE,Prospecting | Trail,13184,136,97.75,0.010316
2023-06-30,NE,Prospecting | Trail,10426,130,119.79,0.012469
2023-07-01,NE,Prospecting | Trail,12543,138,89.84,0.011002
2023-07-02,NE,Prospecting | Trail,9324,130,99.24,0.013943
2023-06-26,NE,Retargeting | Site Visitors,4772,89,67.87,0.01865
2023-06-27,NE,Retargeting | Site Visitors,4567,108,62.28,0.023648
2023-06-28,NE,Retargeting | Site Visitors,6715,113,89.8,0.016828
2023-06-29,NE,Retargeting | Site Visitors,6797,111,72.83,0.016331
2023-06-30,NE,Retargeting | Site Visitors,5741,120,60.21,0.020902
2023-07-01,NE,Retargeting | Site Visitors,6417,110,60.19,0.017142
2023-07-02,NE,Retargeting | Site Visitors,6080,92,59.38,0.015132
2023-06-26,MA,Prospecting | Trail,8742,131,96.11,0.014985
2023-06-27,MA,Prospecting | Trail,12634,113,93.23,0.008944
2023-06-28,MA,Prospecting | Trail,10372,128,120.82,0.012341
2023-06-29,MA,Prospecting | Trail,11520,157,99.07,0.013628
2023-06-30,MA,Prospecting | Trail,8782,131,115.43,0.014917
2023-07-01,MA,Prospecting | Trail,12857,158,98.22,0.012289
2023-07-02,MA,Prospecting | Trail,10263,107,113.81,0.010426
2023-06-26,MA,Retargeting | Site Visitors,6808,90,74.16,0.01322
2023-06-27,MA,Retargeting | Site Visitors,6338,113,63.64,0.017829
2023-06-28,MA,Retargeting | Site Visitors,6331,95,78.34,0.015006
2023-06-29,MA,Retargeting | Site Visitors,5263,121,61.28,0.022991
2023-06-30,MA,Retargeting | Site Visitors,5675,121,70.97,0.021322
2023-07-01,MA,Retargeting | Site Visitors,6839,123,74.55,0.017985
2023-07-02,MA,Retargeting | Site Visitors,4660,128,59.06,0.027468
2023-06-26,SE,Prospecting | Trail,9702,124,78.43,0.012781
2023-06-27,SE,Prospecting | Trail,7871,137,80.03,0.017406
2023-06-28,SE,Prospecting | Trail,10931,133,82.09,0.012167
2023-06-29,SE,Prospecting | Trail,8887,114,105.92,0.012828
2023-06-30,SE,Prospecting | Trail,9971,93,89.2,0.009327
2023-07-01,SE,Prospecting | Trail,7564,97,92.91,0.012824
2023-07-02,SE,Prospecting | Trail,9072,99,98.61,0.010913
2023-06-26,SE,Retargeting | Site Visitors,4385,81,51.29,0.018472
2023-06-27,SE,Retargeting | Site Visitors,4682,83,47.65,0.017727
2023-06-28,SE,Retargeting | Site Visitors,4573,80,46.17,0.017494
2023-06-29,SE,Retargeting | Site Visitors,4404,102,56.09,0.023161
2023-06-30,SE,Retargeting | Site Visitors,5036,80,57.52,0.015886
2023-07-01,SE,Retargeting | Site Visitors,4288,99,62.83,0.023088
2023-07-02,SE,Retargeting | Site Visitors,5105,100,51.88,0.019589
2023-06-26,MW,Prospecting | Trail,11370,152,110.62,0.013369
2023-06-27,MW,Prospecting | Trail,11311,133,79.79,0.011758
2023-06-28,MW,Prospecting | Trail,10061,156,91.97,0.015505
2023-06-29,MW,Prospecting | Trail,11072,111,102.84,0.010025
2023-06-30,MW,Prospecting | Trail,9191,106,116.75,0.011533
2023-07-01,MW,Prospecting | Trail,10525,143,121.35,0.013587
2023-07-02,MW,Prospecting | Trail,11545,138,112.44,0.011953
2023-06-26,MW,Retargeting | Site Visitors,5602,94,51.0,0.01678
2023-06-27,MW,Retargeting | Site Visitors,4663,83,56.42,0.0178
2023-06-28,MW,Retargeting | Site Visitors,3735,109,59.85,0.029183
2023-06-29,MW,Retargeting | Site Visitors,5650,86,63.85,0.015221
2023-06-30,MW,Retargeting | Site Visitors,5303,113,66.24,0.021309
2023-07-01,MW,Retargeting | Site Visitors,5105,99,58.88,0.019393
2023-07-02,MW,Retargeting | Site Visitors,5684,109,54.78,0.019177
2023-06-26,MT,Prospecting | Trail,8673,84,76.51,0.009685
2023-06-27,MT,Prospecting | Trail,8662,97,73.29,0.011198
2023-06-28,MT,Prospecting | Trail,5890,96,75.51,0.016299
2023-06-29,MT,Prospecting | Trail,8308,87,67.4,0.010472
2023-06-30,MT,Prospecting | Trail,5830,94,61.87,0.016123
2023-07-01,MT,Prospecting | Trail,8527,99,85.15,0.01161
2023-07-02,MT,Prospecting | Trail,6119,80,69.97,0.013074
2023-06-26,MT,Retargeting | Site Visitors,3218,66,50.26,0.02051
2023-06-27,MT,Retargeting | Site Visitors,3369,69,45.81,0.020481
2023-06-28,MT,Retargeting | Site Visitors,2798,73,46.16,0.02609
2023-06-29,MT,Retargeting | Site Visitors,3724,63,35.99,0.016917
2023-06-30,MT,Retargeting | Site Visitors,3811,80,36.33,0.020992
2023-07-01,MT,Retargeting | Site Visitors,3910,64,36.54,0.016368
2023-07-02,MT,Retargeting | Site Visitors,3987,82,34.29,0.020567
2023-06-26,WE,Prospecting | Trail,11828,212,$140.47,0.017924
2023-06-27,WE,Prospecting | Trail,16370,144,$144.73,0.008797
2023-06-28,WE,Prospecting | Trail,12374,158,$129.20,0.012769
2023-06-29,WE,Prospecting | Trail,12870,161,$102.32,0.01251
2023-06-30,WE,Prospecting | Trail,16735,188,$144.55,0.011234
2023-07-01,WE,Prospecting | Trail,11912,146,$116.78,0.012257
2023-07-02,WE,Prospecting | Trail,12581,186,$149.74,0.014784
2023-06-26,WE,Retargeting | Site Visitors,6101,115,$71.84,0.018849
2023-06-27,WE,Retargeting | Site Visitors,6216,113,$65.82,0.018179
2023-06-28,WE,Retargeting | Site Visitors,5327,95,$68.51,0.017834
2023-06-29,WE,Retargeting | Site Visitors,5042,104,$58.98,0.020627
2023-06-30,WE,Retargeting | Site Visitors,5979,112,$65.65,0.018732
2023-07-01,WE,Retargeting | Site Visitors,5052,92,$69.11,0.018211
2023-07-02,WE,Retargeting | Site Visitors,6269,101,$59.93,0.016111
2023-07-03,NE,Prospecting | Trail,11329,133,96.62,0.01174
2023-07-04,NE,Prospecting | Trail,11605,121,92.48,0.010427
2023-07-05,NE,Prospecting | Trail,10069,162,95.54,0.016089
2023-07-06,NE,Prospecting | Trail,11190,118,112.15,0.010545
2023-07-07,NE,Prospecting | Trail,9492,115,129.67,0.012115
2023-07-08,NE,Prospecting | Trail,7608,142,90.31,0.018665
2023-07-09,NE,Prospecting | Trail,11032,121,92.01,0.010968
2023-07-03,NE,Retargeting | Site Visitors,6438,115,62.15,0.017863
2023-07-04,NE,Retargeting | Site Visitors,6008,96,54.07,0.015979
2023-07-05,NE,Retargeting | Site Visitors,4872,107,72.49,0.021962
2023-07-06,NE,Retargeting | Site Visitors,6382,99,54.21,0.015512
2023-07-07,NE,Retargeting | Site Visitors,4737,95,63.96,0.020055
2023-07-08,NE,Retargeting | Site Visitors,5089,79,62.66,0.015524
2023-07-09,NE,Retargeting | Site Visitors,5592,103,80.32,0.018419
2023-07-03,MA,Prospecting | Trail,12480,136,118.54,0.010897
2023-07-04,MA,Prospecting | Trail,11200,146,110.7,0.013036
2023-07-05,MA,Prospecting | Trail,11193,138,125.28,0.012329
2023-07-06,MA,Prospecting | Trail,9631,141,94.48,0.01464
2023-07-07,MA,Prospecting | Trail,14105,130,117.39,0.009217
2023-07-08,MA,Prospecting | Trail,11324,101,93.43,0.008919
2023-07-09,MA,Prospecting | Trail,10310,138,126.55,0.013385
2023-07-03,MA,Retargeting | Site Visitors,5858,91,69.77,0.015534
2023-07-04,MA,Retargeting | Site Visitors,5939,84,66.5,0.014144
2023-07-05,MA,Retargeting | Site Visitors,4716,84,56.51,0.017812
2023-07-06,MA,Retargeting | Site Visitors,5243,104,61.87,0.019836
2023-07-07,MA,Retargeting | Site Visitors,4998,104,52.18,0.020808
2023-07-08,MA,Retargeting | Site Visitors,6004,101,51.92,0.016822
2023-07-09,MA,Retargeting | Site Visitors,4615,109,71.06,0.023619
2023-07-03,SE,Prospecting | Trail,10313,107,93.88,0.010375
2023-07-04,SE,Prospecting | Trail,9312,133,123.58,0.014283
2023-07-05,SE,Prospecting | Trail,9585,146,85.13,0.015232
2023-07-06,SE,Prospecting | Trail,10802,121,88.07,0.011202
2023-07-07,SE,Prospecting | Trail,10085,136,103.38,0.013485
2023-07-08,SE,Prospecting | Trail,11928,126,95.88,0.010563
2023-07-09,SE,Prospecting | Trail,10278,105,118.64,0.010216
2023-07-03,SE,Retargeting | Site Visitors,4740,97,63.13,0.020464
2023-07-04,SE,Retargeting | Site Visitors,4524,85,44.08,0.018789
2023-07-05,SE,Retargeting | Site Visitors,5306,90,52.66,0.016962
2023-07-06,SE,Retargeting | Site Visitors,4929,100,64.95,0.020288
2023-07-07,SE,Retargeting | Site Visitors,4938,104,48.13,0.021061
2023-07-08,SE,Retargeting | Site Visitors,5408,80,66.11,0.014793
2023-07-09,SE,Retargeting | Site Visitors,4570,114,56.73,0.024945
2023-07-03,MW,Prospecting | Trail,8883,144,96.54,0.016211
2023-07-04,MW,Prospecting | Trail,9862,97,82.27,0.009836
2023-07-05,MW,Prospecting | Trail,10003,97,102.96,0.009697
2023-07-06,MW,Prospecting | Trail,8811,102,91.82,0.011576
2023-07-07,MW,Prospecting | Trail,8535,136,90.05,0.015934
2023-07-08,MW,Prospecting | Trail,8871,106,69.68,0.011949
2023-07-09,MW,Prospecting | Trail,7091,115,74.84,0.016218
2023-07-03,MW,Retargeting | Site Visitors,5112,105,66.22,0.02054
2023-07-04,MW,Retargeting | Site Visitors,4131,80,70.21,0.019366
2023-07-05,MW,Retargeting | Site Visitors,4832,89,46.83,0.018419
2023-07-06,MW,Retargeting | Site Visitors,4840,116,49.21,0.023967
2023-07-07,MW,Retargeting | Site Visitors,5666,106,57.73,0.018708
2023-07-08,MW,Retargeting | Site Visitors,5171,88,56.02,0.017018
2023-07-09,MW,Retargeting | Site Visitors,4827,108,51.44,0.022374
2023-07-03,MT,Prospecting | Trail,7289,107,82.99,0.01468
2023-07-04,MT,Prospecting | Trail,7923,109,86.17,0.013757
2023-07-05,MT,Prospecting | Trail,9808,79,81.44,0.008055
2023-07-06,MT,Prospecting | Trail,8652,101,90.2,0.011674
2023-07-07,MT,Prospecting | Trail,9758,88,76.31,0.009018
2023-07-08,MT,Prospecting | Trail,8660,90,73.19,0.010393
2023-07-09,MT,Prospecting | Trail,6732,107,86.16,0.015894
2023-07-03,MT,Retargeting | Site Visitors,3883,74,49.99,0.019057
2023-07-04,MT,Retargeting | Site Visitors,4662,77,52.21,0.016517
2023-07-05,MT,Retargeting | Site Visitors,4034,92,37.75,0.022806
2023-07-06,MT,Retargeting | Site Visitors,3937,76,42.97,0.019304
2023-07-07,MT,Retargeting | Site Visitors,3803,67,44.26,0.017618
2023-07-08,MT,Retargeting | Site Visitors,3558,64,54.15,0.017988
2023-07-09,MT,Retargeting | Site Visitors,4789,69,48.32,0.014408
2023-07-03,WE,Prospecting | Trail,11707,134,$112.22,0.011446
2023-07-04,WE,Prospecting | Trail,12639,134,$110.42,0.010602
2023-07-05,WE,Prospecting | Trail,11369,132,$98.52,0.011611
2023-07-06,WE,Prospecting | Trail,12164,123,$142.28,0.010112
2023-07-07,WE,Prospecting | Trail,11606,157,$100.96,0.013527
2023-07-08,WE,Prospecting | Trail,9024,102,$110.09,0.011303
2023-07-09,WE,Prospecting | Trail,11556,112,$110.15,0.009692
2023-07-03,WE,Retargeting | Site Visitors,6924,91,$58.11,0.013143
2023-07-04,WE,Retargeting | Site Visitors,5206,96,$62.49,0.01844
2023-07-05,WE,Retargeting | Site Visitors,6049,130,$60.33,0.021491
2023-07-06,WE,Retargeting | Site Visitors,4548,121,$75.16,0.026605
2023-07-07,WE,Retargeting | Site Visitors,5038,101,$58.77,0.020048
2023-07-08,WE,Retargeting | Site Visitors,6468,115,$85.44,0.01778
2023-07-09,WE,Retargeting | Site Visitors,6417,119,$67.18,0.018544
2023-07-10,NE,Prospecting | Trail,10043,113,81.56,0.011252
2023-07-11,NE,Prospecting | Trail,11654,135,93.82,0.011584
2023-07-12,NE,Prospecting | Trail,9298,111,116.73,0.011938
2023-07-13,NE,Prospecting | Trail,11938,126,117.79,0.010555
2023-07-14,NE,Prospecting | Trail,10939,112,92.31,0.010239
2023-07-15,NE,Prospecting | Trail,8687,108,110.21,0.012432
2023-07-16,NE,Prospecting | Trail,10676,130,105.28,0.012177
2023-07-10,NE,Retargeting | Site Visitors,5503,113,73.24,0.020534
2023-07-11,NE,Retargeting | Site Visitors,6961,105,76.0,0.015084
2023-07-12,NE,Retargeting | Site Visitors,5865,128,62.57,0.021824
2023-07-13,NE,Retargeting | Site Visitors,5701,109,68.69,0.019119
2023-07-14,NE,Retargeting | Site Visitors,6076,96,74.26,0.0158
2023-07-15,NE,Retargeting | Site Visitors,5714,124,59.61,0.021701
2023-07-16,NE,Retargeting | Site Visitors,7281,103,81.28,0.014146
2023-07-10,MA,Prospecting | Trail,11104,147,91.2,0.013238
2023-07-11,MA,Prospecting | Trail,10922,152,93.48,0.013917
2023-07-12,MA,Prospecting | Trail,10898,136,104.84,0.012479
2023-07-13,MA,Prospecting | Trail,9687,129,99.84,0.013317
2023-07-14,MA,Prospecting | Trail,9664,118,88.38,0.01221
2023-07-15,MA,Prospecting | Trail,11311,109,112.16,0.009637
2023-07-16,MA,Prospecting | Trail,8490,104,116.46,0.01225
2023-07-10,MA,Retargeting | Site Visitors,5922,96,72.98,0.016211
2023-07-11,MA,Retargeting | Site Visitors,5447,138,66.09,0.025335
2023-07-12,MA,Retargeting | Site Visitors,6389,121,67.92,0.018939
2023-07-13,MA,Retargeting | Site Visitors,5184,91,58.84,0.017554
2023-07-14,MA,Retargeting | Site Visitors,5586,111,69.27,0.019871
2023-07-15,MA,Retargeting | Site Visitors,4623,132,61.19,0.028553
2023-07-16,MA,Retargeting | Site Visitors,6511,92,59.81,0.01413
2023-07-10,SE,Prospecting | Trail,10930,98,108.85,0.008966
2023-07-11,SE,Prospecting | Trail,8733,102,106.07,0.01168
2023-07-12,SE,Prospecting | Trail,11679,130,108.98,0.011131
2023-07-13,SE,Prospecting | Trail,11494,130,101.39,0.01131
2023-07-14,SE,Prospecting | Trail,12124,128,111.5,0.010558
2023-07-15,SE,Prospecting | Trail,9766,151,112.12,0.015462
2023-07-16,SE,Prospecting | Trail,11989,135,102.88,0.01126
2023-07-10,SE,Retargeting | Site Visitors,4291,68,41.27,0.015847
2023-07-11,SE,Retargeting | Site Visitors,4550,90,56.16,0.01978
2023-07-12,SE,Retargeting | Site Visitors,4064,101,52.79,0.024852
2023-07-13,SE,Retargeting | Site Visitors,4352,72,43.66,0.016544
2023-07-14,SE,Retargeting | Site Visitors,4520,87,40.67,0.019248
2023-07-15,SE,Retargeting | Site Visitors,4621,97,57.09,0.020991
2023-07-16,SE,Retargeting | Site Visitors,3943,85,57.27,0.021557
2023-07-10,MW,Prospecting | Trail,8013,140,98.55,0.017472
2023-07-11,MW,Prospecting | Trail,10298,95,111.53,0.009225
2023-07-12,MW,Prospecting | Trail,9004,129,88.93,0.014327
2023-07-13,MW,Prospecting | Trail,11796,108,92.56,0.009156
2023-07-14,MW,Prospecting | Trail,9615,108,89.61,0.011232
2023-07-15,MW,Prospecting | Trail,9670,106,91.62,0.010962
2023-07-16,MW,Prospecting | Trail,10530,144,102.68,0.013675
2023-07-10,MW,Retargeting | Site Visitors,4005,78,51.88,0.019476
2023-07-11,MW,Retargeting | Site Visitors,4920,77,40.2,0.01565
2023-07-12,MW,Retargeting | Site Visitors,3435,71,55.78,0.02067
2023-07-13,MW,Retargeting | Site Visitors,4445,66,47.08,0.014848
2023-07-14,MW,Retargeting | Site Visitors,4801,75,47.21,0.015622
2023-07-15,MW,Retargeting | Site Visitors,4336,83,58.57,0.019142
2023-07-16,MW,Retargeting | Site Visitors,3899,80,42.45,0.020518
2023-07-10,MT,Prospecting | Trail,7397,107,92.63,0.014465
2023-07-11,MT,Prospecting | Trail,7494,97,64.97,0.012944
2023-07-12,MT,Prospecting | Trail,9717,97,75.55,0.009983
2023-07-13,MT,Prospecting | Trail,8169,107,92.63,0.013098
2023-07-14,MT,Prospecting | Trail,7509,91,91.31,0.012119
2023-07-15,MT,Prospecting | Trail,7502,108,60.73,0.014396
2023-07-16,MT,Prospecting | Trail,9019,105,78.9,0.011642
2023-07-10,MT,Retargeting | Site Visitors,3867,65,46.01,0.016809
2023-07-11,MT,Retargeting | Site Visitors,4639,80,50.8,0.017245
2023-07-12,MT,Retargeting | Site Visitors,4552,75,51.65,0.016476
2023-07-13,MT,Retargeting | Site Visitors,3828,84,42.74,0.021944
2023-07-14,MT,Retargeting | Site Visitors,4217,70,45.44,0.016599
2023-07-15,MT,Retargeting | Site Visitors,3334,70,50.1,0.020996
2023-07-16,MT,Retargeting | Site Visitors,3831,86,38.35,0.022448
2023-07-10,WE,Prospecting | Trail,13893,173,$163.91,0.012452
2023-07-11,WE,Prospecting | Trail,17324,164,$160.60,0.009467
2023-07-12,WE,Prospecting | Trail,14911,205,$133.17,0.013748
2023-07-13,WE,Prospecting | Trail,13267,161,$157.75,0.012135
2023-07-14,WE,Prospecting | Trail,16120,165,$110.72,0.010236
2023-07-15,WE,Prospecting | Trail,12778,151,$115.79,0.011817
2023-07-16,WE,Prospecting | Trail,12092,190,$141.83,0.015713
2023-07-10,WE,Retargeting | Site Visitors,4771,122,$70.11,0.025571
2023-07-11,WE,Retargeting | Site Visitors,4479,95,$57.60,0.02121
2023-07-12,WE,Retargeting | Site Visitors,6716,114,$53.58,0.016974
2023-07-13,WE,Retargeting | Site Visitors,4477,116,$74.07,0.02591
2023-07-14,WE,Retargeting | Site Visitors,5419,97,$62.82,0.0179
2023-07-15,WE,Retargeting | Site Visitors,6167,121,$65.70,0.019621
2023-07-16,WE,Retargeting | Site Visitors,6266,112,$56.52,0.017874
2023-07-17,NE,Prospecting | Trail,9897,107,103.24,0.010811
2023-07-18,NE,Prospecting | Trail,11051,144,93.66,0.01303
2023-07-19,NE,Prospecting | Trail,7971,101,114.4,0.012671
2023-07-20,NE,Prospecting | Trail,11131,134,76.16,0.012038
2023-07-21,NE,Prospecting | Trail,11481,137,113.04,0.011933
2023-07-22,NE,Prospecting | Trail,11571,105,110.53,0.009074
2023-07-23,NE,Prospecting | Trail,11276,127,117.87,0.011263
2023-07-17,NE,Retargeting | Site Visitors,6668,139,74.01,0.020846
2023-07-18,NE,Retargeting | Site Visitors,5264,125,57.56,0.023746
2023-07-19,NE,Retargeting | Site Visitors,6799,100,82.27,0.014708
2023-07-20,NE,Retargeting | Site Visitors,6010,127,85.23,0.021131
2023-07-21,NE,Retargeting | Site Visitors,6048,143,64.5,0.023644
2023-07-22,NE,Retargeting | Site Visitors,6812,109,70.42,0.016001
2023-07-23,NE,Retargeting | Site Visitors,6851,104,77.22,0.01518
2023-07-17,MA,Prospecting | Trail,10503,127,109.21,0.012092
2023-07-18,MA,Prospecting | Trail,9208,123,114.75,0.013358
2023-07-19,MA,Prospecting | Trail,9577,149,116.36,0.015558
2023-07-20,MA,Prospecting | Trail,10362,144,104.76,0.013897
2023-07-21,MA,Prospecting | Trail,13918,150,98.96,0.010777
2023-07-22,MA,Prospecting | Trail,11018,101,101.68,0.009167
2023-07-23,MA,Prospecting | Trail,12483,132,109.55,0.010574
2023-07-17,MA,Retargeting | Site Visitors,5522,108,86.53,0.019558
2023-07-18,MA,Retargeting | Site Visitors,5852,92,76.67,0.015721
2023-07-19,MA,Retargeting | Site Visitors,6232,114,58.8,0.018293
2023-07-20,MA,Retargeting | Site Visitors,6001,127,73.43,0.021163
2023-07-21,MA,Retargeting | Site Visitors,6557,127,60.1,0.019369
2023-07-22,MA,Retargeting | Site Visitors,6526,131,65.18,0.020074
2023-07-23,MA,Retargeting | Site Visitors,5368,94,62.95,0.017511
2023-07-17,SE,Prospecting | Trail,8677,104,88.24,0.011986
2023-07-18,SE,Prospecting | Trail,9632,105,95.35,0.010901
2023-07-19,SE,Prospecting | Trail,7468,100,93.69,0.01339
2023-07-20,SE,Prospecting | Trail,9362,117,81.01,0.012497
2023-07-21,SE,Prospecting | Trail,9592,120,87.28,0.01251
2023-07-22,SE,Prospecting | Trail,10148,115,80.26,0.011332
2023-07-23,SE,Prospecting | Trail,8735,128,97.61,0.014654
2023-07-17,SE,Retargeting | Site Visitors,4030,82,46.12,0.020347
2023-07-18,SE,Retargeting | Site Visitors,4733,88,49.75,0.018593
2023-07-19,SE,Retargeting | Site Visitors,4655,79,37.97,0.016971
2023-07-20,SE,Retargeting | Site Visitors,3891,75,46.61,0.019275
2023-07-21,SE,Retargeting | Site Visitors,3315,71,51.39,0.021418
2023-07-22,SE,Retargeting | Site Visitors,4209,83,46.51,0.01972
2023-07-23,SE,Retargeting | Site Visitors,3652,86,49.25,0.023549
2023-07-17,MW,Prospecting | Trail,9742,120,100.72,0.012318
2023-07-18,MW,Prospecting | Trail,9161,141,97.81,0.015391
2023-07-19,MW,Prospecting | Trail,11944,128,91.93,0.010717
2023-07-20,MW,Prospecting | Trail,8137,129,101.9,0.015854
2023-07-21,MW,Prospecting | Trail,8164,114,87.43,0.013964
2023-07-22,MW,Prospecting | Trail,10920,122,105.48,0.011172
2023-07-23,MW,Prospecting | Trail,11327,112,94.81,0.009888
2023-07-17,MW,Retargeting | Site Visitors,5605,91,74.58,0.016236
2023-07-18,MW,Retargeting | Site Visitors,5325,111,64.64,0.020845
2023-07-19,MW,Retargeting | Site Visitors,5184,97,64.62,0.018711
2023-07-20,MW,Retargeting | Site Visitors,5553,127,54.29,0.022871
2023-07-21,MW,Retargeting | Site Visitors,5434,101,60.61,0.018587
2023-07-22,MW,Retargeting | Site Visitors,6106,106,59.62,0.01736
2023-07-23,MW,Retargeting | Site Visitors,5248,106,63.89,0.020198
2023-07-17,MT,Prospecting | Trail,7374,90,75.67,0.012205
2023-07-18,MT,Prospecting | Trail,5400,96,68.53,0.017778
2023-07-19,MT,Prospecting | Trail,6537,90,72.3,0.013768
2023-07-20,MT,Prospecting | Trail,7081,79,62.48,0.011157
2023-07-21,MT,Prospecting | Trail,5454,74,54.84,0.013568
2023-07-22,MT,Prospecting | Trail,7195,97,68.56,0.013482
2023-07-23,MT,Prospecting | Trail,8351,79,62.07,0.00946
2023-07-17,MT,Retargeting | Site Visitors,2800,63,42.8,0.0225
2023-07-18,MT,Retargeting | Site Visitors,3596,76,47.48,0.021135
2023-07-19,MT,Retargeting | Site Visitors,3662,68,33.23,0.018569
2023-07-20,MT,Retargeting | Site Visitors,4131,53,41.94,0.01283
2023-07-21,MT,Retargeting | Site Visitors,3707,64,39.67,0.017265
2023-07-22,MT,Retargeting | Site Visitors,2735,62,33.78,0.022669
2023-07-23,MT,Retargeting | Site Visitors,3501,68,38.61,0.019423
2023-07-17,WE,Prospecting | Trail,13365,171,$128.73,0.012795
2023-07-18,WE,Prospecting | Trail,12431,141,$130.39,0.011343
2023-07-19,WE,Prospecting | Trail,12609,133,$118.46,0.010548
2023-07-20,WE,Prospecting | Trail,9281,132,$119.24,0.014223
2023-07-21,WE,Prospecting | Trail,12592,165,$119.48,0.013104
2023-07-22,WE,Prospecting | Trail,12996,136,$116.71,0.010465
2023-07-23,WE,Prospecting | Trail,11984,136,$102.53,0.011348
2023-07-17,WE,Retargeting | Site Visitors,5794,101,$71.53,0.017432
2023-07-18,WE,Retargeting | Site Visitors,5343,130,$79.41,0.024331
2023-07-19,WE,Retargeting | Site Visitors,7125,137,$60.97,0.019228
2023-07-20,WE,Retargeting | Site Visitors,6877,126,$83.86,0.018322
2023-07-21,WE,Retargeting | Site Visitors,7265,121,$60.29,0.016655
2023-07-22,WE,Retargeting | Site Visitors,5330,117,$69.32,0.021951
2023-07-23,WE,Retargeting | Site Visitors,5093,110,$67.15,0.021598
2023-07-24,NE,Prospecting | Trail,12012,124,113.99,0.010323
2023-07-25,NE,Prospecting | Trail,10989,165,139.45,0.015015
2023-07-26,NE,Prospecting | Trail,11056,139,101.34,0.012572
2023-07-27,NE,Prospecting | Trail,12191,106,105.46,0.008695
2023-07-28,NE,Prospecting | Trail,13390,112,137.48,0.008364
2023-07-29,NE,Prospecting | Trail,13402,155,112.21,0.011565
2023-07-30,NE,Prospecting | Trail,9730,155,101.23,0.01593
2023-07-24,NE,Retargeting | Site Visitors,5309,94,69.48,0.017706
2023-07-25,NE,Retargeting | Site Visitors,5626,106,82.06,0.018841
2023-07-26,NE,Retargeting | Site Visitors,7065,139,71.89,0.019674
2023-07-27,NE,Retargeting | Site Visitors,6597,143,58.39,0.021677
2023-07-28,NE,Retargeting | Site Visitors,6235,123,87.45,0.019727
2023-07-29,NE,Retargeting | Site Visitors,7159,108,68.7,0.015086
2023-07-30,NE,Retargeting | Site Visitors,6441,124,73.0,0.019252
2023-07-24,MA,Prospecting | Trail,12894,167,106.52,0.012952
2023-07-25,MA,Prospecting | Trail,14154,142,121.24,0.010032
2023-07-26,MA,Prospecting | Trail,13131,140,132.89,0.010662
2023-07-27,MA,Prospecting | Trail,9398,143,151.26,0.015216
2023-07-28,MA,Prospecting | Trail,13203,148,102.81,0.01121
2023-07-29,MA,Prospecting | Trail,14129,159,121.37,0.011253
2023-07-30,MA,Prospecting | Trail,10343,126,118.98,0.012182
2023-07-24,MA,Retargeting | Site Visitors,4863,103,74.6,0.02118
2023-07-25,MA,Retargeting | Site Visitors,6454,92,54.72,0.014255
2023-07-26,MA,Retargeting | Site Visitors,6019,82,66.69,0.013624
2023-07-27,MA,Retargeting | Site Visitors,5459,91,72.82,0.01667
2023-07-28,MA,Retargeting | Site Visitors,4744,116,49.91,0.024452
2023-07-29,MA,Retargeting | Site Visitors,6447,115,64.25,0.017838
2023-07-30,MA,Retargeting | Site Visitors,5142,101,66.98,0.019642
2023-07-24,SE,Prospecting | Trail,7556,91,88.08,0.012043
2023-07-25,SE,Prospecting | Trail,9401,115,71.78,0.012233
2023-07-26,SE,Prospecting | Trail,9663,121,100.94,0.012522
2023-07-27,SE,Prospecting | Trail,7968,109,82.25,0.01368
2023-07-28,SE,Prospecting | Trail,9674,100,74.25,0.010337
2023-07-29,SE,Prospecting | Trail,8723,137,105.27,0.015706
2023-07-30,SE,Prospecting | Trail,7767,105,72.81,0.013519
2023-07-24,SE,Retargeting | Site Visitors,4286,76,56.21,0.017732
2023-07-25,SE,Retargeting | Site Visitors,4419,83,55.64,0.018783
2023-07-26,SE,Retargeting | Site Visitors,4828,103,62.23,0.021334
2023-07-27,SE,Retargeting | Site Visitors,5234,108,54.9,0.020634
2023-07-28,SE,Retargeting | Site Visitors,4732,100,49.0,0.021133
2023-07-29,SE,Retargeting | Site Visitors,4553,86,48.83,0.018889
2023-07-30,SE,Retargeting | Site Visitors,4764,95,50.58,0.019941
2023-07-24,MW,Prospecting | Trail,11663,109,132.8,0.009346
2023-07-25,MW,Prospecting | Trail,11943,116,89.88,0.009713
2023-07-26,MW,Prospecting | Trail,11243,129,100.35,0.011474
2023-07-27,MW,Prospecting | Trail,10094,152,97.27,0.015058
2023-07-28,MW,Prospecting | Trail,8959,152,103.95,0.016966
2023-07-29,MW,Prospecting | Trail,10390,115,93.1,0.011068
2023-07-30,MW,Prospecting | Trail,8879,146,99.71,0.016443
2023-07-24,MW,Retargeting | Site Visitors,4839,116,66.08,0.023972
2023-07-25,MW,Retargeting | Site Visitors,5946,87,62.72,0.014632
2023-07-26,MW,Retargeting | Site Visitors,5462,126,53.02,0.023068
2023-07-27,MW,Retargeting | Site Visitors,4921,83,54.28,0.016866
2023-07-28,MW,Retargeting | Site Visitors,4968,93,78.7,0.01872
2023-07-29,MW,Retargeting | Site Visitors,5226,91,62.74,0.017413
2023-07-30,MW,Retargeting | Site Visitors,6890,90,62.35,0.013062
2023-07-24,MT,Prospecting | Trail,8183,120,71.55,0.014665
2023-07-25,MT,Prospecting | Trail,6787,108,86.15,0.015913
2023-07-26,MT,Prospecting | Trail,7944,88,67.29,0.011078
2023-07-27,MT,Prospecting | Trail,8408,111,88.14,0.013202
2023-07-28,MT,Prospecting | Trail,10274,116,80.12,0.011291
2023-07-29,MT,Prospecting | Trail,6691,86,87.4,0.012853
2023-07-30,MT,Prospecting | Trail,8250,88,73.4,0.010667
2023-07-24,MT,Retargeting | Site Visitors,3017,61,36.66,0.020219
2023-07-25,MT,Retargeting | Site Visitors,3512,63,36.01,0.017938
2023-07-26,MT,Retargeting | Site Visitors,3526,65,30.37,0.018434
2023-07-27,MT,Retargeting | Site Visitors,3163,64,39.69,0.020234
2023-07-28,MT,Retargeting | Site Visitors,3069,62,38.57,0.020202
2023-07-29,MT,Retargeting | Site Visitors,3166,44,43.27,0.013898
2023-07-30,MT,Retargeting | Site Visitors,3525,61,39.69,0.017305
2023-07-24,WE,Prospecting | Trail,13340,159,$150.02,0.011919
2023-07-25,WE,Prospecting | Trail,11332,144,$101.76,0.012707
2023-07-26,WE,Prospecting | Trail,13973,141,$124.54,0.010091
2023-07-27,WE,Prospecting | Trail,9964,170,$118.15,0.017061
2023-07-28,WE,Prospecting | Trail,12688,174,$116.23,0.013714
2023-07-29,WE,Prospecting | Trail,14354,166,$137.30,0.011565
2023-07-30,WE,Prospecting | Trail,14506,163,$135.53,0.011237
2023-07-24,WE,Retargeting | Site Visitors,6281,120,$75.75,0.019105
2023-07-25,WE,Retargeting | Site Visitors,7681,120,$95.06,0.015623
2023-07-26,WE,Retargeting | Site Visitors,5121,135,$68.20,0.026362
2023-07-27,WE,Retargeting | Site Visitors,7342,144,$77.59,0.019613
2023-07-28,WE,Retargeting | Site Visitors,5378,132,$69.17,0.024544
2023-07-29,WE,Retargeting | Site Visitors,7377,103,$69.90,0.013962
2023-07-30,WE,Retargeting | Site Visitors,6787,141,$72.96,0.020775
2023-07-31,NE,Prospecting | Trail,12627,156,104.91,0.012354
2023-08-01,NE,Prospecting | Trail,10391,149,114.16,0.014339
2023-08-02,NE,Prospecting | Trail,9540,113,106.08,0.011845
2023-08-03,NE,Prospecting | Trail,9208,151,111.71,0.016399
2023-08-04,NE,Prospecting | Trail,12765,119,104.38,0.009322
2023-08-05,NE,Prospecting | Trail,9733,106,104.52,0.010891
2023-08-06,NE,Prospecting | Trail,11665,150,98.34,0.012859
2023-07-31,NE,Retargeting | Site Visitors,5021,107,50.54,0.02131
2023-08-01,NE,Retargeting | Site Visitors,5855,110,52.88,0.018787
2023-08-02,NE,Retargeting | Site Visitors,5673,106,62.13,0.018685
2023-08-03,NE,Retargeting | Site Visitors,5897,84,63.29,0.014245
2023-08-04,NE,Retargeting | Site Visitors,4698,75,60.63,0.015964
2023-08-05,NE,Retargeting | Site Visitors,5515,112,74.14,0.020308
2023-08-06,NE,Retargeting | Site Visitors,5245,88,72.27,0.016778
2023-07-31,MA,Prospecting | Trail,8799,110,80.98,0.012501
2023-08-01,MA,Prospecting | Trail,12710,153,118.0,0.012038
2023-08-02,MA,Prospecting | Trail,8682,111,80.7,0.012785
2023-08-03,MA,Prospecting | Trail,11003,126,107.92,0.011451
2023-08-04,MA,Prospecting | Trail,8692,132,90.19,0.015186
2023-08-05,MA,Prospecting | Trail,9690,111,105.06,0.011455
2023-08-06,MA,Prospecting | Trail,10464,131,103.52,0.012519
2023-07-31,MA,Retargeting | Site Visitors,4308,111,48.79,0.025766
2023-08-01,MA,Retargeting | Site Visitors,6025,108,47.47,0.017925
2023-08-02,MA,Retargeting | Site Visitors,4339,83,69.71,0.019129
2023-08-03,MA,Retargeting | Site Visitors,6297,116,58.33,0.018421
2023-08-04,MA,Retargeting | Site Visitors,4734,100,61.35,0.021124
2023-08-05,MA,Retargeting | Site Visitors,4588,90,51.56,0.019616
2023-08-06,MA,Retargeting | Site Visitors,4554,88,63.52,0.019324
2023-07-31,SE,Prospecting | Trail,10331,104,81.86,0.010067
2023-08-01,SE,Prospecting | Trail,10362,93,76.46,0.008975
2023-08-02,SE,Prospecting | Trail,6676,114,89.75,0.017076
2023-08-03,SE,Prospecting | Trail,8580,110,82.85,0.012821
2023-08-04,SE,Prospecting | Trail,10011,97,87.22,0.009689
2023-08-05,SE,Prospecting | Trail,6935,108,74.23,0.015573
2023-08-06,SE,Prospecting | Trail,7182,119,96.4,0.016569
2023-07-31,SE,Retargeting | Site Visitors,4297,97,52.91,0.022574
2023-08-01,SE,Retargeting | Site Visitors,4476,87,45.96,0.019437
2023-08-02,SE,Retargeting | Site Visitors,4720,74,59.38,0.015678
2023-08-03,SE,Retargeting | Site Visitors,3876,87,49.89,0.022446
2023-08-04,SE,Retargeting | Site Visitors,4222,95,56.09,0.022501
2023-08-05,SE,Retargeting | Site Visitors,4693,84,55.44,0.017899
2023-08-06,SE,Retargeting | Site Visitors,5036,73,40.53,0.014496
2023-07-31,MW,Prospecting | Trail,13333,126,113.44,0.00945
2023-08-01,MW,Prospecting | Trail,8844,154,116.84,0.017413
2023-08-02,MW,Prospecting | Trail,9866,122,113.4,0.012366
2023-08-03,MW,Prospecting | Trail,12198,145,123.12,0.011887
2023-08-04,MW,Prospecting | Trail,12173,160,91.34,0.013144
2023-08-05,MW,Prospecting | Trail,13341,152,108.83,0.011393
2023-08-06,MW,Prospecting | Trail,11258,129,126.96,0.011459
2023-07-31,MW,Retargeting | Site Visitors,5708,114,58.55,0.019972
2023-08-01,MW,Retargeting | Site Visitors,4399,99,74.48,0.022505
2023-08-02,MW,Retargeting | Site Visitors,5713,76,68.52,0.013303
2023-08-03,MW,Retargeting | Site Visitors,4863,104,52.12,0.021386
2023-08-04,MW,Retargeting | Site Visitors,5840,93,57.72,0.015925
2023-08-05,MW,Retargeting | Site Visitors,5238,101,50.63,0.019282
2023-08-06,MW,Retargeting | Site Visitors,4577,92,55.88,0.020101
2023-07-31,MT,Prospecting | Trail,7298,90,67.27,0.012332
2023-08-01,MT,Prospecting | Trail,6497,76,66.72,0.011698
2023-08-02,MT,Prospecting | Trail,7173,74,68.05,0.010316
2023-08-03,MT,Prospecting | Trail,6080,83,59.76,0.013651
2023-08-04,MT,Prospecting | Trail,6263,69,53.93,0.011017
2023-08-05,MT,Prospecting | Trail,7460,96,67.32,0.012869
2023-08-06,MT,Prospecting | Trail,5908,99,74.42,0.016757
2023-07-31,MT,Retargeting | Site Visitors,2742,70,35.17,0.025529
2023-08-01,MT,Retargeting | Site Visitors,3107,70,32.71,0.02253
2023-08-02,MT,Retargeting | Site Visitors,3460,61,39.89,0.01763
2023-08-03,MT,Retargeting | Site Visitors,3288,79,35.41,0.024027
2023-08-04,MT,Retargeting | Site Visitors,3960,64,41.14,0.016162
2023-08-05,MT,Retargeting | Site Visitors,3607,55,40.26,0.015248
2023-08-06,MT,Retargeting | Site Visitors,3520,59,47.79,0.016761
2023-07-31,WE,Prospecting | Trail,10437,148,$102.24,0.01418
2023-08-01,WE,Prospecting | Trail,10075,128,$110.17,0.012705
2023-08-02,WE,Prospecting | Trail,11409,125,$128.59,0.010956
2023-08-03,WE,Prospecting | Trail,13672,159,$113.70,0.01163
2023-08-04,WE,Prospecting | Trail,9294,145,$105.46,0.015601
2023-08-05,WE,Prospecting | Trail,13027,162,$126.18,0.012436
2023-08-06,WE,Prospecting | Trail,13258,128,$109.15,0.009655
2023-07-31,WE,Retargeting | Site Visitors,6139,129,$58.70,0.021013
2023-08-01,WE,Retargeting | Site Visitors,6029,94,$64.28,0.015591
2023-08-02,WE,Retargeting | Site Visitors,6112,127,$63.95,0.020779
2023-08-03,WE,Retargeting | Site Visitors,6371,88,$68.63,0.013813
2023-08-04,WE,Retargeting | Site Visitors,5565,102,$86.16,0.018329
2023-08-05,WE,Retargeting | Site Visitors,6079,116,$90.07,0.019082
2023-08-06,WE,Retargeting | Site Visitors,6947,127,$65.49,0.018281
2023-08-07,NE,Prospecting | Trail,12239,180,135.34,0.014707
2023-08-08,NE,Prospecting | Trail,12318,164,116.28,0.013314
2023-08-09,NE,Prospecting | Trail,11875,139,116.16,0.011705
2023-08-10,NE,Prospecting | Trail,16581,146,137.39,0.008805
2023-08-11,NE,Prospecting | Trail,11346,139,104.11,0.012251
2023-08-12,NE,Prospecting | Trail,12074,177,119.34,0.01466
2023-08-13,NE,Prospecting | Trail,12256,127,140.54,0.010362
2023-08-07,NE,Retargeting | Site Visitors,6030,114,71.7,0.018905
2023-08-08,NE,Retargeting | Site Visitors,5043,116,67.88,0.023002
2023-08-09,NE,Retargeting | Site Visitors,4842,90,62.6,0.018587
2023-08-10,NE,Retargeting | Site Visitors,6139,112,61.21,0.018244
2023-08-11,NE,Retargeting | Site Visitors,5313,91,55.8,0.017128
2023-08-12,NE,Retargeting | Site Visitors,5420,113,54.65,0.020849
2023-08-13,NE,Retargeting | Site Visitors,5369,89,64.95,0.016577
2023-08-07,MA,Prospecting | Trail,8095,122,105.14,0.015071
2023-08-08,MA,Prospecting | Trail,11289,134,100.65,0.01187
2023-08-09,MA,Prospecting | Trail,8258,114,106.33,0.013805
2023-08-10,MA,Prospecting | Trail,8079,117,98.98,0.014482
2023-08-11,MA,Prospecting | Trail,10790,116,102.09,0.010751
2023-08-12,MA,Prospecting | Trail,10914,115,85.18,0.010537
2023-08-13,MA,Prospecting | Trail,11649,140,78.56,0.012018
2023-08-07,MA,Retargeting | Site Visitors,4662,99,48.05,0.021236
2023-08-08,MA,Retargeting | Site Visitors,5105,96,53.61,0.018805
2023-08-09,MA,Retargeting | Site Visitors,5668,96,63.88,0.016937
2023-08-10,MA,Retargeting | Site Visitors,5429,111,63.42,0.020446
2023-08-11,MA,Retargeting | Site Visitors,4437,109,61.65,0.024566
2023-08-12,MA,Retargeting | Site Visitors,6071,83,68.95,0.013672
2023-08-13,MA,Retargeting | Site Visitors,5108,115,59.96,0.022514
2023-08-07,SE,Prospecting | Trail,10786,120,100.14,0.011126
2023-08-08,SE,Prospecting | Trail,8108,89,68.91,0.010977
2023-08-09,SE,Prospecting | Trail,8449,131,81.63,0.015505
2023-08-10,SE,Prospecting | Trail,10850,106,98.2,0.00977
2023-08-11,SE,Prospecting | Trail,8557,97,84.14,0.011336
2023-08-12,SE,Prospecting | Trail,9305,94,98.17,0.010102
2023-08-13,SE,Prospecting | Trail,8058,117,97.12,0.01452
2023-08-07,SE,Retargeting | Site Visitors,3877,78,45.35,0.020119
2023-08-08,SE,Retargeting | Site Visitors,5484,80,59.61,0.014588
2023-08-09,SE,Retargeting | Site Visitors,4041,81,58.46,0.020045
2023-08-10,SE,Retargeting | Site Visitors,5561,90,63.06,0.016184
2023-08-11,SE,Retargeting | Site Visitors,5399,100,52.61,0.018522
2023-08-12,SE,Retargeting | Site Visitors,3816,76,48.88,0.019916
2023-08-13,SE,Retargeting | Site Visitors,4860,87,51.95,0.017901
2023-08-07,MW,Prospecting | Trail,10042,111,82.32,0.011054
2023-08-08,MW,Prospecting | Trail,8878,115,98.71,0.012953
2023-08-09,MW,Prospecting | Trail,7354,82,84.95,0.01115
2023-08-10,MW,Prospecting | Trail,8917,115,94.5,0.012897
2023-08-11,MW,Prospecting | Trail,8840,114,93.73,0.012896
2023-08-12,MW,Prospecting | Trail,7707,84,74.57,0.010899
2023-08-13,MW,Prospecting | Trail,10153,99,77.76,0.009751
2023-08-07,MW,Retargeting | Site Visitors,4850,77,40.22,0.015876
2023-08-08,MW,Retargeting | Site Visitors,3491,71,47.66,0.020338
2023-08-09,MW,Retargeting | Site Visitors,3826,74,56.72,0.019341
2023-08-10,MW,Retargeting | Site Visitors,4180,81,39.36,0.019378
2023-08-11,MW,Retargeting | Site Visitors,3493,68,54.24,0.019468
2023-08-12,MW,Retargeting | Site Visitors,4162,70,53.68,0.016819
2023-08-13,MW,Retargeting | Site Visitors,4855,78,39.99,0.016066
2023-08-07,MT,Prospecting | Trail,8139,108,67.9,0.013269
2023-08-08,MT,Prospecting | Trail,8340,74,91.41,0.008873
2023-08-09,MT,Prospecting | Trail,8501,90,65.45,0.010587
2023-08-10,MT,Prospecting | Trail,8014,81,77.62,0.010107
2023-08-11,MT,Prospecting | Trail,7786,111,85.62,0.014256
2023-08-12,MT,Prospecting | Trail,6109,109,88.29,0.017843
2023-08-13,MT,Prospecting | Trail,8300,95,64.56,0.011446
2023-08-07,MT,Retargeting | Site Visitors,3505,53,38.3,0.015121
2023-08-08,MT,Retargeting | Site Visitors,3545,51,35.43,0.014386
2023-08-09,MT,Retargeting | Site Visitors,3142,62,33.35,0.019733
2023-08-10,MT,Retargeting | Site Visitors,3139,52,38.15,0.016566
2023-08-11,MT,Retargeting | Site Visitors,2374,72,40.25,0.030329
2023-08-12,MT,Retargeting | Site Visitors,3026,59,33.96,0.019498
2023-08-13,MT,Retargeting | Site Visitors,3647,69,37.9,0.01892
2023-08-07,WE,Prospecting | Trail,11971,109,$105.53,0.009105
2023-08-08,WE,Prospecting | Trail,11151,158,$97.56,0.014169
2023-08-09,WE,Prospecting | Trail,9509,141,$109.94,0.014828
2023-08-10,WE,Prospecting | Trail,8677,138,$115.22,0.015904
2023-08-11,WE,Prospecting | Trail,11006,120,$96.75,0.010903
2023-08-12,WE,Prospecting | Trail,10146,145,$110.29,0.014291
2023-08-13,WE,Prospecting | Trail,11176,120,$86.36,0.010737
2023-08-07,WE,Retargeting | Site Visitors,5775,104,$62.20,0.018009
2023-08-08,WE,Retargeting | Site Visitors,4128,87,$65.12,0.021076
2023-08-09,WE,Retargeting | Site Visitors,4773,117,$54.76,0.024513
2023-08-10,WE,Retargeting | Site Visitors,5939,90,$59.14,0.015154
2023-08-11,WE,Retargeting | Site Visitors,5768,113,$72.26,0.019591
2023-08-12,WE,Retargeting | Site Visitors,5726,91,$48.83,0.015892
2023-08-13,WE,Retargeting | Site Visitors,4947,125,$63.82,0.025268
2023-08-14,NE,Prospecting | Trail,11650,141,93.68,0.012103
2023-08-15,NE,Prospecting | Trail,11199,118,100.22,0.010537
2023-08-16,NE,Prospecting | Trail,10061,150,113.3,0.014909
2023-08-17,NE,Prospecting | Trail,10455,113,99.92,0.010808
2023-08-18,NE,Prospecting | Trail,9803,114,94.31,0.011629
2023-08-19,NE,Prospecting | Trail,9699,152,83.68,0.015672
2023-08-20,NE,Prospecting | Trail,9277,116,121.9,0.012504
2023-08-14,NE,Retargeting | Site Visitors,5652,106,57.28,0.018754
2023-08-15,NE,Retargeting | Site Visitors,5076,101,64.18,0.019898
2023-08-16,NE,Retargeting | Site Visitors,5819,89,48.23,0.015295
2023-08-17,NE,Retargeting | Site Visitors,5589,83,72.19,0.014851
2023-08-18,NE,Retargeting | Site Visitors,5739,93,69.51,0.016205
2023-08-19,NE,Retargeting | Site Visitors,4811,114,51.79,0.023696
2023-08-20,NE,Retargeting | Site Visitors,3863,87,57.12,0.022521
2023-08-14,MA,Prospecting | Trail,10497,116,122.15,0.011051
2023-08-15,MA,Prospecting | Trail,10106,150,93.6,0.014843
2023-08-16,MA,Prospecting | Trail,10124,145,92.71,0.014322
2023-08-17,MA,Prospecting | Trail,14046,137,121.39,0.009754
2023-08-18,MA,Prospecting | Trail,12210,130,120.05,0.010647
2023-08-19,MA,Prospecting | Trail,12714,133,114.25,0.010461
2023-08-20,MA,Prospecting | Trail,9888,114,115.76,0.011529
2023-08-14,MA,Retargeting | Site Visitors,6439,107,50.51,0.016617
2023-08-15,MA,Retargeting | Site Visitors,5976,93,69.2,0.015562
2023-08-16,MA,Retargeting | Site Visitors,5510,111,59.82,0.020145
2023-08-17,MA,Retargeting | Site Visitors,5770,76,68.01,0.013172
2023-08-18,MA,Retargeting | Site Visitors,5275,107,70.71,0.020284
2023-08-19,MA,Retargeting | Site Visitors,4574,95,57.79,0.02077
2023-08-20,MA,Retargeting | Site Visitors,4556,110,62.09,0.024144
2023-08-14,SE,Prospecting | Trail,11941,135,104.44,0.011306
2023-08-15,SE,Prospecting | Trail,10720,115,100.85,0.010728
2023-08-16,SE,Prospecting | Trail,8655,125,84.28,0.014443
2023-08-17,SE,Prospecting | Trail,8407,107,108.0,0.012727
2023-08-18,SE,Prospecting | Trail,11903,105,86.59,0.008821
2023-08-19,SE,Prospecting | Trail,8666,102,106.91,0.01177
2023-08-20,SE,Prospecting | Trail,10314,107,100.87,0.010374
2023-08-14,SE,Retargeting | Site Visitors,3626,99,53.09,0.027303
2023-08-15,SE,Retargeting | Site Visitors,4647,72,55.52,0.015494
2023-08-16,SE,Retargeting | Site Visitors,3556,84,58.49,0.023622
2023-08-17,SE,Retargeting | Site Visitors,3765,82,41.19,0.02178
2023-08-18,SE,Retargeting | Site Visitors,4247,66,44.33,0.01554
2023-08-19,SE,Retargeting | Site Visitors,4622,80,40.8,0.017309
2023-08-20,SE,Retargeting | Site Visitors,4500,77,39.67,0.017111
2023-08-14,MW,Prospecting | Trail,9595,145,90.04,0.015112
2023-08-15,MW,Prospecting | Trail,10958,97,101.31,0.008852
2023-08-16,MW,Prospecting | Trail,11237,124,105.29,0.011035
2023-08-17,MW,Prospecting | Trail,11004,131,88.23,0.011905
2023-08-18,MW,Prospecting | Trail,7547,134,107.83,0.017755
2023-08-19,MW,Prospecting | Trail,11198,98,83.48,0.008752
2023-08-20,MW,Prospecting | Trail,8364,125,108.86,0.014945
2023-08-14,MW,Retargeting | Site Visitors,5146,89,48.09,0.017295
2023-08-15,MW,Retargeting | Site Visitors,3719,80,51.72,0.021511
2023-08-16,MW,Retargeting | Site Visitors,4909,70,52.86,0.01426
2023-08-17,MW,Retargeting | Site Visitors,3681,98,57.79,0.026623
2023-08-18,MW,Retargeting | Site Visitors,4298,93,43.24,0.021638
2023-08-19,MW,Retargeting | Site Visitors,4503,68,54.64,0.015101
2023-08-20,MW,Retargeting | Site Visitors,4524,71,45.66,0.015694
2023-08-14,MT,Prospecting | Trail,5284,66,55.65,0.012491
2023-08-15,MT,Prospecting | Trail,6928,69,48.48,0.00996
2023-08-16,MT,Prospecting | Trail,5152,78,71.51,0.01514
2023-08-17,MT,Prospecting | Trail,6245,69,62.98,0.011049
2023-08-18,MT,Prospecting | Trail,7710,93,55.17,0.012062
2023-08-19,MT,Prospecting | Trail,7190,89,66.98,0.012378
2023-08-20,MT,Prospecting | Trail,4980,75,65.43,0.01506
2023-08-14,MT,Retargeting | Site Visitors,4117,63,34.73,0.015302
2023-08-15,MT,Retargeting | Site Visitors,3918,68,33.66,0.017356
2023-08-16,MT,Retargeting | Site Visitors,3499,63,34.84,0.018005
2023-08-17,MT,Retargeting | Site Visitors,2790,67,42.64,0.024014
2023-08-18,MT,Retargeting | Site Visitors,3299,49,45.59,0.014853
2023-08-19,MT,Retargeting | Site Visitors,3041,59,38.85,0.019402
2023-08-20,MT,Retargeting | Site Visitors,3340,67,45.73,0.02006
2023-08-14,WE,Prospecting | Trail,13550,132,$120.12,0.009742
2023-08-15,WE,Prospecting | Trail,12194,174,$102.10,0.014269
2023-08-16,WE,Prospecting | Trail,13499,147,$123.98,0.01089
2023-08-17,WE,Prospecting | Trail,13185,121,$115.10,0.009177
2023-08-18,WE,Prospecting | Trail,13453,168,$147.36,0.012488
2023-08-19,WE,Prospecting | Trail,13560,176,$141.18,0.012979
2023-08-20,WE,Prospecting | Trail,10671,176,$133.25,0.016493
2023-08-14,WE,Retargeting | Site Visitors,5620,120,$53.30,0.021352
2023-08-15,WE,Retargeting | Site Visitors,6235,96,$56.40,0.015397
2023-08-16,WE,Retargeting | Site Visitors,5247,96,$73.91,0.018296
2023-08-17,WE,Retargeting | Site Visitors,4390,125,$81.89,0.028474
2023-08-18,WE,Retargeting | Site Visitors,4620,103,$64.42,0.022294
2023-08-19,WE,Retargeting | Site Visitors,6504,110,$65.51,0.016913
2023-08-20,WE,Retargeting | Site Visitors,6731,118,$57.06,0.017531
2023-08-21,NE,Prospecting | Trail,14861,160,130.0,0.010766
2023-08-22,NE,Prospecting | Trail,14332,152,139.93,0.010606
2023-08-23,NE,Prospecting | Trail,12002,171,141.96,0.014248
2023-08-24,NE,Prospecting | Trail,13679,172,107.8,0.012574
2023-08-25,NE,Prospecting | Trail,12362,176,132.1,0.014237
2023-08-26,NE,Prospecting | Trail,11494,115,148.83,0.010005
2023-08-27,NE,Prospecting | Trail,16795,159,135.52,0.009467
2023-08-21,NE,Retargeting | Site Visitors,5694,129,69.24,0.022655
2023-08-22,NE,Retargeting | Site Visitors,5549,116,73.57,0.020905
2023-08-23,NE,Retargeting | Site Visitors,5376,104,68.23,0.019345
2023-08-24,NE,Retargeting | Site Visitors,6332,105,60.4,0.016582
2023-08-25,NE,Retargeting | Site Visitors,5604,93,55.57,0.016595
2023-08-26,NE,Retargeting | Site Visitors,6683,92,75.63,0.013766
2023-08-27,NE,Retargeting | Site Visitors,4796,92,57.73,0.019183
2023-08-21,NE,Launch | New Colorway,5305,112,57.57,0.021112
2023-08-22,NE,Launch | New Colorway,5046,96,66.4,0.019025
2023-08-23,NE,Launch | New Colorway,5860,90,68.01,0.015358
2023-08-24,NE,Launch | New Colorway,6241,87,56.91,0.01394
2023-08-25,NE,Launch | New Colorway,5643,97,62.91,0.017189
2023-08-26,NE,Launch | New Colorway,7105,104,55.95,0.014638
2023-08-27,NE,Launch | New Colorway,7210,90,64.84,0.012483
2023-08-21,MA,Prospecting | Trail,9223,121,100.16,0.013119
2023-08-22,MA,Prospecting | Trail,11104,107,93.83,0.009636
2023-08-23,MA,Prospecting | Trail,9186,155,114.05,0.016874
2023-08-24,MA,Prospecting | Trail,11867,138,103.53,0.011629
2023-08-25,MA,Prospecting | Trail,12674,152,106.89,0.011993
2023-08-26,MA,Prospecting | Trail,8809,109,107.75,0.012374
2023-08-27,MA,Prospecting | Trail,9494,133,82.89,0.014009
2023-08-21,MA,Retargeting | Site Visitors,4536,84,74.07,0.018519
2023-08-22,MA,Retargeting | Site Visitors,5759,100,80.24,0.017364
2023-08-23,MA,Retargeting | Site Visitors,6023,116,66.86,0.01926
2023-08-24,MA,Retargeting | Site Visitors,5858,108,55.42,0.018436
2023-08-25,MA,Retargeting | Site Visitors,5794,110,53.98,0.018985
2023-08-26,MA,Retargeting | Site Visitors,6090,91,66.35,0.014943
2023-08-27,MA,Retargeting | Site Visitors,5235,104,54.96,0.019866
2023-08-21,MA,Launch | New Colorway,4526,67,46.2,0.014803
2023-08-22,MA,Launch | New Colorway,5481,65,62.59,0.011859
2023-08-23,MA,Launch | New Colorway,4995,86,45.21,0.017217
2023-08-24,MA,Launch | New Colorway,5457,69,47.24,0.012644
2023-08-25,MA,Launch | New Colorway,4805,89,46.6,0.018522
2023-08-26,MA,Launch | New Colorway,4982,88,53.78,0.017664
2023-08-27,MA,Launch | New Colorway,3808,60,45.73,0.015756
2023-08-21,SE,Prospecting | Trail,9970,168,119.7,0.016851
2023-08-22,SE,Prospecting | Trail,13350,124,108.87,0.009288
2023-08-23,SE,Prospecting | Trail,12786,140,104.25,0.010949
2023-08-24,SE,Prospecting | Trail,11718,167,128.88,0.014252
2023-08-25,SE,Prospecting | Trail,10907,151,102.66,0.013844
2023-08-26,SE,Prospecting | Trail,9985,157,132.76,0.015724
2023-08-27,SE,Prospecting | Trail,12940,127,103.11,0.009815
2023-08-21,SE,Retargeting | Site Visitors,4019,63,47.97,0.015676
2023-08-22,SE,Retargeting | Site Visitors,4540,72,43.62,0.015859
2023-08-23,SE,Retargeting | Site Visitors,5059,66,56.5,0.013046
2023-08-24,SE,Retargeting | Site Visitors,4074,83,53.56,0.020373
2023-08-25,SE,Retargeting | Site Visitors,4817,92,57.17,0.019099
2023-08-26,SE,Retargeting | Site Visitors,4082,86,55.49,0.021068
2023-08-27,SE,Retargeting | Site Visitors,4588,89,44.23,0.019398
2023-08-21,SE,Launch | New Colorway,4981,73,47.76,0.014656
2023-08-22,SE,Launch | New Colorway,5213,54,46.44,0.010359
2023-08-23,SE,Launch | New Colorway,4349,78,53.36,0.017935
2023-08-24,SE,Launch | New Colorway,5350,69,59.05,0.012897
2023-08-25,SE,Launch | New Colorway,4527,56,53.71,0.01237
2023-08-26,SE,Launch | New Colorway,4305,74,39.72,0.017189
2023-08-27,SE,Launch | New Colorway,5256,72,46.57,0.013699
2023-08-21,MW,Prospecting | Trail,11648,145,130.41,0.012448
2023-08-22,MW,Prospecting | Trail,13121,152,132.47,0.011584
2023-08-23,MW,Prospecting | Trail,10039,160,104.49,0.015938
2023-08-24,MW,Prospecting | Trail,9561,171,133.16,0.017885
2023-08-25,MW,Prospecting | Trail,12134,124,96.46,0.010219
2023-08-26,MW,Prospecting | Trail,12745,145,88.28,0.011377
2023-08-27,MW,Prospecting | Trail,13334,123,124.03,0.009225
2023-08-21,MW,Retargeting | Site Visitors,3481,79,50.33,0.022695
2023-08-22,MW,Retargeting | Site Visitors,3759,105,40.93,0.027933
2023-08-23,MW,Retargeting | Site Visitors,4578,87,60.07,0.019004
2023-08-24,MW,Retargeting | Site Visitors,3960,106,48.77,0.026768
2023-08-25,MW,Retargeting | Site Visitors,5098,95,55.81,0.018635
2023-08-26,MW,Retargeting | Site Visitors,5070,79,45.61,0.015582
2023-08-27,MW,Retargeting | Site Visitors,5183,74,56.47,0.014277
2023-08-21,MW,Launch | New Colorway,4927,62,52.05,0.012584
2023-08-22,MW,Launch | New Colorway,5408,87,58.85,0.016087
2023-08-23,MW,Launch | New Colorway,4253,81,43.05,0.019045
2023-08-24,MW,Launch | New Colorway,4053,69,46.08,0.017024
2023-08-25,MW,Launch | New Colorway,5476,79,53.91,0.014427
2023-08-26,MW,Launch | New Colorway,4650,70,47.0,0.015054
2023-08-27,MW,Launch | New Colorway,4863,65,42.08,0.013366
2023-08-21,MT,Prospecting | Trail,7242,87,86.85,0.012013
2023-08-22,MT,Prospecting | Trail,9266,79,86.42,0.008526
2023-08-23,MT,Prospecting | Trail,8941,116,74.93,0.012974
2023-08-24,MT,Prospecting | Trail,8807,92,86.19,0.010446
2023-08-25,MT,Prospecting | Trail,6893,86,60.06,0.012476
2023-08-26,MT,Prospecting | Trail,7511,106,85.29,0.014113
2023-08-27,MT,Prospecting | Trail,7851,91,74.05,0.011591
2023-08-21,MT,Retargeting | Site Visitors,3818,66,46.51,0.017287
2023-08-22,MT,Retargeting | Site Visitors,5096,90,54.25,0.017661
2023-08-23,MT,Retargeting | Site Visitors,3844,85,38.34,0.022112
2023-08-24,MT,Retargeting | Site Visitors,3457,73,41.64,0.021117
2023-08-25,MT,Retargeting | Site Visitors,3479,75,52.24,0.021558
2023-08-26,MT,Retargeting | Site Visitors,3762,88,38.95,0.023392
2023-08-27,MT,Retargeting | Site Visitors,4160,62,45.66,0.014904
2023-08-21,MT,Launch | New Colorway,3492,55,40.24,0.01575
2023-08-22,MT,Launch | New Colorway,4151,49,29.26,0.011804
2023-08-23,MT,Launch | New Colorway,2746,63,39.12,0.022942
2023-08-24,MT,Launch | New Colorway,4107,48,35.69,0.011687
2023-08-25,MT,Launch | New Colorway,4223,60,33.92,0.014208
2023-08-26,MT,Launch | New Colorway,2992,51,31.14,0.017045
2023-08-27,MT,Launch | New Colorway,2875,54,41.4,0.018783
2023-08-21,WE,Prospecting | Trail,8456,122,$111.82,0.014428
2023-08-22,WE,Prospecting | Trail,11166,149,$89.45,0.013344
2023-08-23,WE,Prospecting | Trail,10094,106,$112.65,0.010501
2023-08-24,WE,Prospecting | Trail,11750,122,$101.93,0.010383
2023-08-25,WE,Prospecting | Trail,12907,147,$110.22,0.011389
2023-08-26,WE,Prospecting | Trail,12147,134,$134.05,0.011032
2023-08-27,WE,Prospecting | Trail,12256,106,$111.88,0.008649
2023-08-21,WE,Retargeting | Site Visitors,5133,93,$61.96,0.018118
2023-08-22,WE,Retargeting | Site Visitors,6279,103,$63.63,0.016404
2023-08-23,WE,Retargeting | Site Visitors,4584,94,$53.85,0.020506
2023-08-24,WE,Retargeting | Site Visitors,5065,105,$51.23,0.020731
2023-08-25,WE,Retargeting | Site Visitors,5630,90,$61.49,0.015986
2023-08-26,WE,Retargeting | Site Visitors,5550,103,$72.89,0.018559
2023-08-27,WE,Retargeting | Site Visitors,5116,80,$64.55,0.015637
2023-08-21,WE,Launch | New Colorway,5508,65,$40.38,0.011801
2023-08-22,WE,Launch | New Colorway,4267,96,$58.22,0.022498
2023-08-23,WE,Launch | New Colorway,5287,86,$53.24,0.016266
2023-08-24,WE,Launch | New Colorway,5284,71,$57.44,0.013437
2023-08-25,WE,Launch | New Colorway,3840,85,$45.04,0.022135
2023-08-26,WE,Launch | New Colorway,4848,72,$54.00,0.014851
2023-08-27,WE,Launch | New Colorway,5265,68,$41.52,0.012915
2023-08-28,NE,Prospecting | Trail,10248,164,133.86,0.016003
2023-08-29,NE,Prospecting | Trail,13645,166,121.68,0.012166
2023-08-30,NE,Prospecting | Trail,13762,171,116.98,0.012426
2023-08-31,NE,Prospecting | Trail,13301,160,93.18,0.012029
2023-09-01,NE,Prospecting | Trail,9191,118,124.82,0.012839
2023-09-02,NE,Prospecting | Trail,9291,139,104.96,0.014961
2023-09-03,NE,Prospecting | Trail,12451,130,107.03,0.010441
2023-08-28,NE,Retargeting | Site Visitors,5711,114,66.65,0.019961
2023-08-29,NE,Retargeting | Site Visitors,5217,104,51.96,0.019935
2023-08-30,NE,Retargeting | Site Visitors,4710,89,59.31,0.018896
2023-08-31,NE,Retargeting | Site Visitors,4957,112,64.54,0.022594
2023-09-01,NE,Retargeting | Site Visitors,5092,89,62.54,0.017478
2023-09-02,NE,Retargeting | Site Visitors,5481,134,53.3,0.024448
2023-09-03,NE,Retargeting | Site Visitors,5588,89,64.4,0.015927
2023-08-28,MA,Prospecting | Trail,10515,130,114.95,0.012363
2023-08-29,MA,Prospecting | Trail,10965,129,100.52,0.011765
2023-08-30,MA,Prospecting | Trail,10886,135,82.49,0.012401
2023-08-31,MA,Prospecting | Trail,8036,130,96.17,0.016177
2023-09-01,MA,Prospecting | Trail,11394,125,98.49,0.010971
2023-09-02,MA,Prospecting | Trail,8506,109,106.02,0.012814
2023-09-03,MA,Prospecting | Trail,10352,119,93.76,0.011495
2023-08-28,MA,Retargeting | Site Visitors,5592,102,59.32,0.01824
2023-08-29,MA,Retargeting | Site Visitors,4518,101,44.15,0.022355
2023-08-30,MA,Retargeting | Site Visitors,4123,74,50.41,0.017948
2023-08-31,MA,Retargeting | Site Visitors,5052,74,56.76,0.014648
2023-09-01,MA,Retargeting | Site Visitors,5292,106,61.17,0.02003
2023-09-02,MA,Retargeting | Site Visitors,5867,107,64.51,0.018238
2023-09-03,MA,Retargeting | Site Visitors,4316,95,63.42,0.022011
2023-08-28,SE,Prospecting | Trail,9280,133,87.72,0.014332
2023-08-29,SE,Prospecting | Trail,10940,130,90.62,0.011883
2023-08-30,SE,Prospecting | Trail,10297,131,116.15,0.012722
2023-08-31,SE,Prospecting | Trail,10135,125,106.66,0.012333
2023-09-01,SE,Prospecting | Trail,9804,104,88.18,0.010608
2023-09-02,SE,Prospecting | Trail,7679,122,113.51,0.015887
2023-09-03,SE,Prospecting | Trail,11603,102,80.58,0.008791
2023-08-28,SE,Retargeting | Site Visitors,4867,98,56.05,0.020136
2023-08-29,SE,Retargeting | Site Visitors,5147,88,54.5,0.017097
2023-08-30,SE,Retargeting | Site Visitors,5195,88,63.04,0.016939
2023-08-31,SE,Retargeting | Site Visitors,4962,103,44.24,0.020758
2023-09-01,SE,Retargeting | Site Visitors,3815,101,45.23,0.026474
2023-09-02,SE,Retargeting | Site Visitors,4143,80,56.23,0.01931
2023-09-03,SE,Retargeting | Site Visitors,4456,104,55.43,0.023339
2023-08-28,MW,Prospecting | Trail,8180,111,95.56,0.01357
2023-08-29,MW,Prospecting | Trail,10078,120,87.53,0.011907
2023-08-30,MW,Prospecting | Trail,9625,118,74.46,0.01226
2023-08-31,MW,Prospecting | Trail,7547,86,76.24,0.011395
2023-09-01,MW,Prospecting | Trail,7401,116,85.73,0.015674
2023-09-02,MW,Prospecting | Trail,8294,84,78.87,0.010128
2023-09-03,MW,Prospecting | Trail,9660,82,97.31,0.008489
2023-08-28,MW,Retargeting | Site Visitors,4121,79,48.46,0.01917
2023-08-29,MW,Retargeting | Site Visitors,4376,82,39.22,0.018739
2023-08-30,MW,Retargeting | Site Visitors,3738,73,39.09,0.019529
2023-08-31,MW,Retargeting | Site Visitors,4533,85,54.83,0.018751
2023-09-01,MW,Retargeting | Site Visitors,4044,89,47.67,0.022008
2023-09-02,MW,Retargeting | Site Visitors,4394,71,54.56,0.016158
2023-09-03,MW,Retargeting | Site Visitors,3610,105,47.54,0.029086
2023-08-28,MT,Prospecting | Trail,8208,84,70.65,0.010234
2023-08-29,MT,Prospecting | Trail,6822,74,83.94,0.010847
2023-08-30,MT,Prospecting | Trail,6836,93,86.89,0.013604
2023-08-31,MT,Prospecting | Trail,9008,97,72.29,0.010768
2023-09-01,MT,Prospecting | Trail,6848,103,60.47,0.015041
2023-09-02,MT,Prospecting | Trail,9161,94,77.54,0.010261
2023-09-03,MT,Prospecting | Trail,6498,77,71.36,0.01185
2023-08-28,MT,Retargeting | Site Visitors,2899,68,42.76,0.023456
2023-08-29,MT,Retargeting | Site Visitors,2935,61,34.97,0.020784
2023-08-30,MT,Retargeting | Site Visitors,3613,68,41.11,0.018821
2023-08-31,MT,Retargeting | Site Visitors,3197,71,34.32,0.022208
2023-09-01,MT,Retargeting | Site Visitors,3824,54,41.78,0.014121
2023-09-02,MT,Retargeting | Site Visitors,3892,49,39.17,0.01259
2023-09-03,MT,Retargeting | Site Visitors,2972,72,34.22,0.024226
2023-08-28,WE,Prospecting | Trail,11228,174,$122.29,0.015497
2023-08-29,WE,Prospecting | Trail,11863,155,$119.85,0.013066
2023-08-30,WE,Prospecting | Trail,11570,131,$136.72,0.011322
2023-08-31,WE,Prospecting | Trail,12330,135,$96.20,0.010949
2023-09-01,WE,Prospecting | Trail,13554,119,$127.68,0.00878
2023-09-02,WE,Prospecting | Trail,12615,143,$96.35,0.011336
2023-09-03,WE,Prospecting | Trail,12590,122,$141.24,0.00969
2023-08-28,WE,Retargeting | Site Visitors,6761,101,$71.05,0.014939
2023-08-29,WE,Retargeting | Site Visitors,6765,126,$82.09,0.018625
2023-08-30,WE,Retargeting | Site Visitors,6721,100,$74.41,0.014879
2023-08-31,WE,Retargeting | Site Visitors,5508,121,$64.24,0.021968
2023-09-01,WE,Retargeting | Site Visitors,6705,116,$79.58,0.017301
2023-09-02,WE,Retargeting | Site Visitors,4777,130,$72.14,0.027214
2023-09-03,WE,Retargeting | Site Visitors,6542,131,$59.94,0.020024
2023-09-04,NE,Prospecting | Trail,12923,170,107.15,0.013155
2023-09-05,NE,Prospecting | Trail,12164,154,146.84,0.01266
2023-09-06,NE,Prospecting | Trail,14114,143,110.78,0.010132
2023-09-07,NE,Prospecting | Trail,11248,160,111.73,0.014225
2023-09-08,NE,Prospecting | Trail,13489,164,158.71,0.012158
2023-09-09,NE,Prospecting | Trail,14469,130,115.82,0.008985
2023-09-10,NE,Prospecting | Trail,13148,145,146.2,0.011028
2023-09-04,NE,Retargeting | Site Visitors,4866,119,51.9,0.024455
2023-09-05,NE,Retargeting | Site Visitors,6162,116,61.3,0.018825
2023-09-06,NE,Retargeting | Site Visitors,4457,91,61.34,0.020417
2023-09-07,NE,Retargeting | Site Visitors,5184,91,62.87,0.017554
2023-09-08,NE,Retargeting | Site Visitors,6642,82,68.18,0.012346
2023-09-09,NE,Retargeting | Site Visitors,5054,104,51.4,0.020578
2023-09-10,NE,Retargeting | Site Visitors,4443,118,66.3,0.026559
2023-09-04,MA,Prospecting | Trail,12017,141,81.83,0.011733
2023-09-05,MA,Prospecting | Trail,10709,117,112.73,0.010925
2023-09-06,MA,Prospecting | Trail,8402,116,120.86,0.013806
2023-09-07,MA,Prospecting | Trail,11715,144,105.69,0.012292
2023-09-08,MA,Prospecting | Trail,9474,130,117.11,0.013722
2023-09-09,MA,Prospecting | Trail,11450,151,105.77,0.013188
2023-09-10,MA,Prospecting | Trail,11277,113,91.44,0.01002
2023-09-04,MA,Retargeting | Site Visitors,6154,125,74.71,0.020312
2023-09-05,MA,Retargeting | Site Visitors,6493,102,55.24,0.015709
2023-09-06,MA,Retargeting | Site Visitors,5899,106,69.05,0.017969
2023-09-07,MA,Retargeting | Site Visitors,5724,133,69.88,0.023235
2023-09-08,MA,Retargeting | Site Visitors,5090,110,57.45,0.021611
2023-09-09,MA,Retargeting | Site Visitors,6594,148,72.94,0.022445
2023-09-10,MA,Retargeting | Site Visitors,4893,100,70.48,0.020437
2023-09-04,SE,Prospecting | Trail,8114,118,88.13,0.014543
2023-09-05,SE,Prospecting | Trail,8534,118,104.32,0.013827
2023-09-06,SE,Prospecting | Trail,10886,108,108.77,0.009921
2023-09-07,SE,Prospecting | Trail,10450,132,96.41,0.012632
2023-09-08,SE,Prospecting | Trail,10673,112,96.33,0.010494
2023-09-09,SE,Prospecting | Trail,11749,99,79.66,0.008426
2023-09-10,SE,Prospecting | Trail,8816,115,104.76,0.013044
2023-09-04,SE,Retargeting | Site Visitors,4282,87,49.67,0.020318
2023-09-05,SE,Retargeting | Site Visitors,5334,94,72.18,0.017623
2023-09-06,SE,Retargeting | Site Visitors,5713,113,52.75,0.019779
2023-09-07,SE,Retargeting | Site Visitors,5178,125,70.94,0.024141
2023-09-08,SE,Retargeting | Site Visitors,5435,102,56.02,0.018767
2023-09-09,SE,Retargeting | Site Visitors,5720,93,68.31,0.016259
2023-09-10,SE,Retargeting | Site Visitors,5503,127,57.54,0.023078
2023-09-04,MW,Prospecting | Trail,12256,157,137.33,0.01281
2023-09-05,MW,Prospecting | Trail,10028,120,100.14,0.011966
2023-09-06,MW,Prospecting | Trail,10866,117,113.12,0.010768
2023-09-07,MW,Prospecting | Trail,13371,118,110.68,0.008825
2023-09-08,MW,Prospecting | Trail,10030,158,89.37,0.015753
2023-09-09,MW,Prospecting | Trail,12793,118,103.51,0.009224
2023-09-10,MW,Prospecting | Trail,10291,143,126.25,0.013896
2023-09-04,MW,Retargeting | Site Visitors,5305,97,55.11,0.018285
2023-09-05,MW,Retargeting | Site Visitors,4931,92,55.26,0.018657
2023-09-06,MW,Retargeting | Site Visitors,4965,80,46.43,0.016113
2023-09-07,MW,Retargeting | Site Visitors,4633,68,49.99,0.014677
2023-09-08,MW,Retargeting | Site Visitors,3815,92,53.67,0.024115
2023-09-09,MW,Retargeting | Site Visitors,4473,74,55.5,0.016544
2023-09-10,MW,Retargeting | Site Visitors,4331,80,57.26,0.018471
2023-09-04,MT,Prospecting | Trail,7036,81,52.54,0.011512
2023-09-05,MT,Prospecting | Trail,6827,78,63.39,0.011425
2023-09-06,MT,Prospecting | Trail,6711,56,58.17,0.008345
2023-09-07,MT,Prospecting | Trail,5771,79,53.98,0.013689
2023-09-08,MT,Prospecting | Trail,6028,70,70.17,0.011612
2023-09-09,MT,Prospecting | Trail,6455,70,70.51,0.010844
2023-09-10,MT,Prospecting | Trail,5984,76,70.4,0.012701
2023-09-04,MT,Retargeting | Site Visitors,3710,52,41.31,0.014016
2023-09-05,MT,Retargeting | Site Visitors,3888,53,39.01,0.013632
2023-09-06,MT,Retargeting | Site Visitors,2885,62,34.31,0.02149
2023-09-07,MT,Retargeting | Site Visitors,3045,62,43.71,0.020361
2023-09-08,MT,Retargeting | Site Visitors,3510,73,30.19,0.020798
2023-09-09,MT,Retargeting | Site Visitors,3500,78,40.0,0.022286
2023-09-10,MT,Retargeting | Site Visitors,2895,53,40.96,0.018307
2023-09-04,WE,Prospecting | Trail,13195,160,$137.76,0.012126
2023-09-05,WE,Prospecting | Trail,12851,166,$105.52,0.012917
2023-09-06,WE,Prospecting | Trail,15040,154,$154.77,0.010239
2023-09-07,WE,Prospecting | Trail,12878,181,$139.83,0.014055
2023-09-08,WE,Prospecting | Trail,17496,172,$123.57,0.009831
2023-09-09,WE,Prospecting | Trail,12205,127,$124.14,0.010406
2023-09-10,WE,Prospecting | Trail,11461,127,$146.64,0.011081
2023-09-04,WE,Retargeting | Site Visitors,5816,133,$72.61,0.022868
2023-09-05,WE,Retargeting | Site Visitors,5614,133,$67.92,0.023691
2023-09-06,WE,Retargeting | Site Visitors,6024,119,$79.38,0.019754
2023-09-07,WE,Retargeting | Site Visitors,8232,141,$95.25,0.017128
2023-09-08,WE,Retargeting | Site Visitors,7041,138,$61.20,0.019599
2023-09-09,WE,Retargeting | Site Visitors,7694,112,$84.00,0.014557
2023-09-10,WE,Retargeting | Site Visitors,7243,141,$87.78,0.019467
2023-09-11,NE,Prospecting | Trail,8591,150,88.76,0.01746
2023-09-12,NE,Prospecting | Trail,12102,110,109.18,0.009089
2023-09-13,NE,Prospecting | Trail,9620,113,119.49,0.011746
2023-09-14,NE,Prospecting | Trail,12318,125,119.52,0.010148
2023-09-15,NE,Prospecting | Trail,11526,127,114.17,0.011019
2023-09-16,NE,Prospecting | Trail,11362,121,99.16,0.01065
2023-09-17,NE,Prospecting | Trail,11178,127,101.37,0.011362
2023-09-11,NE,Retargeting | Site Visitors,6658,123,60.38,0.018474
2023-09-12,NE,Retargeting | Site Visitors,5148,90,77.77,0.017483
2023-09-13,NE,Retargeting | Site Visitors,6503,91,62.76,0.013994
2023-09-14,NE,Retargeting | Site Visitors,4508,108,56.83,0.023957
2023-09-15,NE,Retargeting | Site Visitors,4648,135,57.36,0.029045
2023-09-16,NE,Retargeting | Site Visitors,6445,120,78.12,0.018619
2023-09-17,NE,Retargeting | Site Visitors,4945,121,53.61,0.024469
2023-09-11,MA,Prospecting | Trail,10966,134,101.03,0.01222
2023-09-12,MA,Prospecting | Trail,9888,129,105.03,0.013046
2023-09-13,MA,Prospecting | Trail,10192,91,86.19,0.008929
2023-09-14,MA,Prospecting | Trail,8377,127,83.44,0.015161
2023-09-15,MA,Prospecting | Trail,8891,111,111.52,0.012485
2023-09-16,MA,Prospecting | Trail,11616,94,82.28,0.008092
2023-09-17,MA,Prospecting | Trail,10469,132,120.42,0.012609
2023-09-11,MA,Retargeting | Site Visitors,4711,109,66.11,0.023137
2023-09-12,MA,Retargeting | Site Visitors,3819,104,49.53,0.027232
2023-09-13,MA,Retargeting | Site Visitors,5077,96,59.33,0.018909
2023-09-14,MA,Retargeting | Site Visitors,4694,89,48.34,0.01896
2023-09-15,MA,Retargeting | Site Visitors,5920,106,50.51,0.017905
2023-09-16,MA,Retargeting | Site Visitors,4474,95,63.07,0.021234
2023-09-17,MA,Retargeting | Site Visitors,4898,80,49.44,0.016333
2023-09-11,SE,Prospecting | Trail,10724,103,89.03,0.009605
2023-09-12,SE,Prospecting | Trail,11000,143,112.53,0.013
2023-09-13,SE,Prospecting | Trail,10966,96,107.73,0.008754
2023-09-14,SE,Prospecting | Trail,9236,143,88.44,0.015483
2023-09-15,SE,Prospecting | Trail,9843,110,84.09,0.011175
2023-09-16,SE,Prospecting | Trail,8017,102,106.96,0.012723
2023-09-17,SE,Prospecting | Trail,8715,112,82.51,0.012851
2023-09-11,SE,Retargeting | Site Visitors,4817,79,50.8,0.0164
2023-09-12,SE,Retargeting | Site Visitors,4720,82,47.88,0.017373
2023-09-13,SE,Retargeting | Site Visitors,4798,62,42.62,0.012922
2023-09-14,SE,Retargeting | Site Visitors,3816,71,52.2,0.018606
2023-09-15,SE,Retargeting | Site Visitors,4876,87,52.0,0.017842
2023-09-16,SE,Retargeting | Site Visitors,4182,85,51.66,0.020325
2023-09-17,SE,Retargeting | Site Visitors,3224,85,52.82,0.026365
2023-09-11,MW,Prospecting | Trail,7846,127,97.83,0.016187
2023-09-12,MW,Prospecting | Trail,8923,143,81.43,0.016026
2023-09-13,MW,Prospecting | Trail,9037,95,94.51,0.010512
2023-09-14,MW,Prospecting | Trail,9192,123,110.65,0.013381
2023-09-15,MW,Prospecting | Trail,10025,115,71.45,0.011471
2023-09-16,MW,Prospecting | Trail,9909,100,82.44,0.010092
2023-09-17,MW,Prospecting | Trail,8146,99,79.87,0.012153
2023-09-11,MW,Retargeting | Site Visitors,5577,78,58.07,0.013986
2023-09-12,MW,Retargeting | Site Visitors,5649,99,53.09,0.017525
2023-09-13,MW,Retargeting | Site Visitors,3943,100,54.16,0.025361
2023-09-14,MW,Retargeting | Site Visitors,4319,87,47.1,0.020144
2023-09-15,MW,Retargeting | Site Visitors,5251,92,51.24,0.01752
2023-09-16,MW,Retargeting | Site Visitors,4307,81,47.38,0.018807
2023-09-17,MW,Retargeting | Site Visitors,3911,78,67.97,0.019944
2023-09-11,MT,Prospecting | Trail,8043,98,73.53,0.012185
2023-09-12,MT,Prospecting | Trail,8681,110,67.09,0.012671
2023-09-13,MT,Prospecting | Trail,9208,81,76.73,0.008797
2023-09-14,MT,Prospecting | Trail,6247,88,74.77,0.014087
2023-09-15,MT,Prospecting | Trail,7625,103,82.92,0.013508
2023-09-16,MT,Prospecting | Trail,7174,113,69.13,0.015751
2023-09-17,MT,Prospecting | Trail,7370,74,88.45,0.010041
2023-09-11,MT,Retargeting | Site Visitors,3365,72,36.36,0.021397
2023-09-12,MT,Retargeting | Site Visitors,4043,74,42.65,0.018303
2023-09-13,MT,Retargeting | Site Visitors,3255,75,41.61,0.023041
2023-09-14,MT,Retargeting | Site Visitors,3562,70,45.8,0.019652
2023-09-15,MT,Retargeting | Site Visitors,4133,70,48.13,0.016937
2023-09-16,MT,Retargeting | Site Visitors,3391,80,45.64,0.023592
2023-09-17,MT,Retargeting | Site Visitors,3797,60,33.58,0.015802
2023-09-11,WE,Prospecting | Trail,9997,137,$110.10,0.013704
2023-09-12,WE,Prospecting | Trail,12311,132,$102.70,0.010722
2023-09-13,WE,Prospecting | Trail,12288,142,$91.85,0.011556
2023-09-14,WE,Prospecting | Trail,10341,125,$103.03,0.012088
2023-09-15,WE,Prospecting | Trail,8707,103,$100.95,0.01183
2023-09-16,WE,Prospecting | Trail,9685,143,$113.46,0.014765
2023-09-17,WE,Prospecting | Trail,11381,96,$110.08,0.008435
2023-09-11,WE,Retargeting | Site Visitors,5584,119,$57.76,0.021311
2023-09-12,WE,Retargeting | Site Visitors,5790,106,$55.60,0.018307
2023-09-13,WE,Retargeting | Site Visitors,4928,117,$67.71,0.023742
2023-09-14,WE,Retargeting | Site Visitors,4551,90,$59.10,0.019776
2023-09-15,WE,Retargeting | Site Visitors,4996,96,$51.60,0.019215
2023-09-16,WE,Retargeting | Site Visitors,6024,125,$57.08,0.02075
2023-09-17,WE,Retargeting | Site Visitors,4760,83,$72.44,0.017437
2023-09-18,NE,Prospecting | Trail,12980,151,105.3,0.011633
2023-09-19,NE,Prospecting | Trail,12477,146,113.22,0.011702
2023-09-20,NE,Prospecting | Trail,8652,112,115.79,0.012945
2023-09-21,NE,Prospecting | Trail,12828,142,113.32,0.01107
2023-09-22,NE,Prospecting | Trail,13293,127,106.38,0.009554
2023-09-23,NE,Prospecting | Trail,11173,150,110.65,0.013425
2023-09-24,NE,Prospecting | Trail,10841,142,141.34,0.013098
2023-09-18,NE,Retargeting | Site Visitors,5769,117,80.89,0.020281
2023-09-19,NE,Retargeting | Site Visitors,5603,134,85.22,0.023916
2023-09-20,NE,Retargeting | Site Visitors,6977,103,61.75,0.014763
2023-09-21,NE,Retargeting | Site Visitors,8159,107,86.55,0.013114
2023-09-22,NE,Retargeting | Site Visitors,5746,116,57.93,0.020188
2023-09-23,NE,Retargeting | Site Visitors,5516,95,75.3,0.017223
2023-09-24,NE,Retargeting | Site Visitors,6265,126,58.76,0.020112
2023-09-18,MA,Prospecting | Trail,10361,155,123.27,0.01496
2023-09-19,MA,Prospecting | Trail,11797,134,122.4,0.011359
2023-09-20,MA,Prospecting | Trail,12303,115,95.34,0.009347
2023-09-21,MA,Prospecting | Trail,11821,135,96.61,0.01142
2023-09-22,MA,Prospecting | Trail,10550,147,115.82,0.013934
2023-09-23,MA,Prospecting | Trail,13061,101,108.82,0.007733
2023-09-24,MA,Prospecting | Trail,9766,147,118.42,0.015052
2023-09-18,MA,Retargeting | Site Visitors,6047,123,73.92,0.020341
2023-09-19,MA,Retargeting | Site Visitors,5658,104,69.35,0.018381
2023-09-20,MA,Retargeting | Site Visitors,6122,89,70.88,0.014538
2023-09-21,MA,Retargeting | Site Visitors,4808,89,54.49,0.018511
2023-09-22,MA,Retargeting | Site Visitors,5628,106,49.97,0.018834
2023-09-23,MA,Retargeting | Site Visitors,4272,117,50.55,0.027388
2023-09-24,MA,Retargeting | Site Visitors,5805,106,71.74,0.01826
2023-09-18,SE,Prospecting | Trail,8479,140,112.96,0.016511
2023-09-19,SE,Prospecting | Trail,11918,130,112.03,0.010908
2023-09-20,SE,Prospecting | Trail,8662,111,87.66,0.012815
2023-09-21,SE,Prospecting | Trail,12005,112,115.63,0.009329
2023-09-22,SE,Prospecting | Trail,9525,144,90.82,0.015118
2023-09-23,SE,Prospecting | Trail,8064,121,90.32,0.015005
2023-09-24,SE,Prospecting | Trail,11139,118,74.53,0.010593
2023-09-18,SE,Retargeting | Site Visitors,3694,87,53.03,0.023552
2023-09-19,SE,Retargeting | Site Visitors,4511,68,39.29,0.015074
2023-09-20,SE,Retargeting | Site Visitors,5172,80,48.39,0.015468
2023-09-21,SE,Retargeting | Site Visitors,4151,68,51.03,0.016382
2023-09-22,SE,Retargeting | Site Visitors,3490,78,50.91,0.02235
2023-09-23,SE,Retargeting | Site Visitors,4941,64,50.12,0.012953
2023-09-24,SE,Retargeting | Site Visitors,3479,85,45.76,0.024432
2023-09-18,MW,Prospecting | Trail,10894,150,105.57,0.013769
2023-09-19,MW,Prospecting | Trail,9435,137,102.75,0.01452
2023-09-20,MW,Prospecting | Trail,9831,156,131.64,0.015868
2023-09-21,MW,Prospecting | Trail,12010,137,105.97,0.011407
2023-09-22,MW,Prospecting | Trail,13608,130,98.22,0.009553
2023-09-23,MW,Prospecting | Trail,10887,132,105.17,0.012125
2023-09-24,MW,Prospecting | Trail,13355,140,134.88,0.010483
2023-09-18,MW,Retargeting | Site Visitors,6351,101,62.97,0.015903
2023-09-19,MW,Retargeting | Site Visitors,5637,89,60.67,0.015789
2023-09-20,MW,Retargeting | Site Visitors,6250,92,70.71,0.01472
2023-09-21,MW,Retargeting | Site Visitors,4482,81,56.29,0.018072
2023-09-22,MW,Retargeting | Site Visitors,4433,105,50.57,0.023686
2023-09-23,MW,Retargeting | Site Visitors,5265,96,67.15,0.018234
2023-09-24,MW,Retargeting | Site Visitors,4522,100,56.46,0.022114
2023-09-18,MT,Prospecting | Trail,8320,95,68.52,0.011418
2023-09-19,MT,Prospecting | Trail,7965,106,89.74,0.013308
2023-09-20,MT,Prospecting | Trail,10458,99,98.2,0.009466
2023-09-21,MT,Prospecting | Trail,7565,92,72.81,0.012161
2023-09-22,MT,Prospecting | Trail,7119,89,91.17,0.012502
2023-09-23,MT,Prospecting | Trail,7079,124,70.18,0.017517
2023-09-24,MT,Prospecting | Trail,8095,90,64.07,0.011118
2023-09-18,MT,Retargeting | Site Visitors,2749,52,38.78,0.018916
2023-09-19,MT,Retargeting | Site Visitors,3491,64,31.97,0.018333
2023-09-20,MT,Retargeting | Site Visitors,3188,56,30.88,0.017566
2023-09-21,MT,Retargeting | Site Visitors,3147,70,37.23,0.022243
2023-09-22,MT,Retargeting | Site Visitors,2935,58,36.28,0.019761
2023-09-23,MT,Retargeting | Site Visitors,3030,63,35.64,0.020792
2023-09-24,MT,Retargeting | Site Visitors,3548,71,43.23,0.020011
2023-09-18,WE,Prospecting | Trail,14657,165,$136.71,0.011257
2023-09-19,WE,Prospecting | Trail,12374,181,$146.81,0.014627
2023-09-20,WE,Prospecting | Trail,15788,177,$136.31,0.011211
2023-09-21,WE,Prospecting | Trail,16348,173,$123.29,0.010582
2023-09-22,WE,Prospecting | Trail,12642,133,$141.93,0.01052
2023-09-23,WE,Prospecting | Trail,13659,173,$157.51,0.012666
2023-09-24,WE,Prospecting | Trail,13228,123,$124.66,0.009298
2023-09-18,WE,Retargeting | Site Visitors,4793,118,$52.97,0.024619
2023-09-19,WE,Retargeting | Site Visitors,6176,96,$51.77,0.015544
2023-09-20,WE,Retargeting | Site Visitors,6252,95,$73.33,0.015195
2023-09-21,WE,Retargeting | Site Visitors,5595,108,$70.59,0.019303
2023-09-22,WE,Retargeting | Site Visitors,4535,117,$61.06,0.025799
2023-09-23,WE,Retargeting | Site Visitors,5410,93,$52.12,0.01719
2023-09-24,WE,Retargeting | Site Visitors,4794,100,$70.05,0.020859
2023-09-25,NE,Prospecting | Trail,10467,100,120.69,0.009554
2023-09-26,NE,Prospecting | Trail,9182,110,81.13,0.01198
2023-09-27,NE,Prospecting | Trail,10049,151,86.3,0.015026
2023-09-28,NE,Prospecting | Trail,10353,139,80.7,0.013426
2023-09-29,NE,Prospecting | Trail,9969,109,111.27,0.010934
2023-09-30,NE,Prospecting | Trail,11490,118,117.41,0.01027
2023-10-01,NE,Prospecting | Trail,10282,115,106.05,0.011185
2023-09-25,NE,Retargeting | Site Visitors,5747,76,56.8,0.013224
2023-09-26,NE,Retargeting | Site Visitors,6059,117,57.23,0.01931
2023-09-27,NE,Retargeting | Site Visitors,4839,79,68.02,0.016326
2023-09-28,NE,Retargeting | Site Visitors,5491,82,60.92,0.014934
2023-09-29,NE,Retargeting | Site Visitors,5918,97,69.27,0.016391
2023-09-30,NE,Retargeting | Site Visitors,4421,106,68.96,0.023976
2023-10-01,NE,Retargeting | Site Visitors,5072,107,50.58,0.021096
2023-09-25,MA,Prospecting | Trail,9221,140,89.45,0.015183
2023-09-26,MA,Prospecting | Trail,9316,109,110.04,0.0117
2023-09-27,MA,Prospecting | Trail,9549,109,112.94,0.011415
2023-09-28,MA,Prospecting | Trail,10146,122,84.49,0.012024
2023-09-29,MA,Prospecting | Trail,10731,122,80.0,0.011369
2023-09-30,MA,Prospecting | Trail,11630,131,109.82,0.011264
2023-10-01,MA,Prospecting | Trail,10431,121,109.3,0.0116
2023-09-25,MA,Retargeting | Site Visitors,5635,97,66.24,0.017214
2023-09-26,MA,Retargeting | Site Visitors,4602,87,48.16,0.018905
2023-09-27,MA,Retargeting | Site Visitors,4357,115,55.19,0.026394
2023-09-28,MA,Retargeting | Site Visitors,5227,113,53.87,0.021619
2023-09-29,MA,Retargeting | Site Visitors,5947,107,70.26,0.017992
2023-09-30,MA,Retargeting | Site Visitors,5304,110,71.28,0.020739
2023-10-01,MA,Retargeting | Site Visitors,4883,79,48.48,0.016179
2023-09-25,SE,Prospecting | Trail,9807,88,88.93,0.008973
2023-09-26,SE,Prospecting | Trail,11348,123,91.58,0.010839
2023-09-27,SE,Prospecting | Trail,8131,106,101.63,0.013037
2023-09-28,SE,Prospecting | Trail,9554,117,101.71,0.012246
2023-09-29,SE,Prospecting | Trail,9634,98,97.9,0.010172
2023-09-30,SE,Prospecting | Trail,7993,131,72.46,0.016389
2023-10-01,SE,Prospecting | Trail,10637,91,103.42,0.008555
2023-09-25,SE,Retargeting | Site Visitors,4341,93,52.91,0.021424
2023-09-26,SE,Retargeting | Site Visitors,3380,81,51.9,0.023964
2023-09-27,SE,Retargeting | Site Visitors,4745,81,38.3,0.017071
2023-09-28,SE,Retargeting | Site Visitors,3427,92,49.84,0.026846
2023-09-29,SE,Retargeting | Site Visitors,4356,81,43.01,0.018595
2023-09-30,SE,Retargeting | Site Visitors,4330,63,53.67,0.01455
2023-10-01,SE,Retargeting | Site Visitors,4249,81,41.91,0.019063
2023-09-25,MW,Prospecting | Trail,9241,126,106.95,0.013635
2023-09-26,MW,Prospecting | Trail,10060,138,113.85,0.013718
2023-09-27,MW,Prospecting | Trail,9845,120,111.54,0.012189
2023-09-28,MW,Prospecting | Trail,9148,116,112.2,0.01268
2023-09-29,MW,Prospecting | Trail,12372,107,86.02,0.008649
2023-09-30,MW,Prospecting | Trail,12895,141,126.86,0.010934
2023-10-01,MW,Prospecting | Trail,11987,97,82.95,0.008092
2023-09-25,MW,Retargeting | Site Visitors,4884,106,55.04,0.021704
2023-09-26,MW,Retargeting | Site Visitors,4577,71,51.43,0.015512
2023-09-27,MW,Retargeting | Site Visitors,5589,82,53.54,0.014672
2023-09-28,MW,Retargeting | Site Visitors,5156,73,68.44,0.014158
2023-09-29,MW,Retargeting | Site Visitors,4611,91,47.19,0.019735
2023-09-30,MW,Retargeting | Site Visitors,3948,105,67.06,0.026596
2023-10-01,MW,Retargeting | Site Visitors,5066,76,46.36,0.015002
2023-09-25,MT,Prospecting | Trail,7536,91,75.87,0.012075
2023-09-26,MT,Prospecting | Trail,6558,76,54.48,0.011589
2023-09-27,MT,Prospecting | Trail,5704,64,74.68,0.01122
2023-09-28,MT,Prospecting | Trail,6528,61,60.98,0.009344
2023-09-29,MT,Prospecting | Trail,6389,63,59.06,0.009861
2023-09-30,MT,Prospecting | Trail,6077,86,55.74,0.014152
2023-10-01,MT,Prospecting | Trail,6121,65,59.35,0.010619
2023-09-25,MT,Retargeting | Site Visitors,3659,63,46.08,0.017218
2023-09-26,MT,Retargeting | Site Visitors,3847,61,44.12,0.015857
2023-09-27,MT,Retargeting | Site Visitors,4046,67,42.55,0.01656
2023-09-28,MT,Retargeting | Site Visitors,3542,70,31.45,0.019763
2023-09-29,MT,Retargeting | Site Visitors,3523,84,36.87,0.023843
2023-09-30,MT,Retargeting | Site Visitors,3744,63,44.54,0.016827
2023-10-01,MT,Retargeting | Site Visitors,2838,68,44.17,0.023961
2023-09-25,WE,Prospecting | Trail,10085,148,$96.08,0.014675
2023-09-26,WE,Prospecting | Trail,11944,160,$105.07,0.013396
2023-09-27,WE,Prospecting | Trail,10855,116,$125.87,0.010686
2023-09-28,WE,Prospecting | Trail,9897,139,$127.40,0.014045
2023-09-29,WE,Prospecting | Trail,12255,166,$118.51,0.013545
2023-09-30,WE,Prospecting | Trail,11903,157,$117.56,0.01319
2023-10-01,WE,Prospecting | Trail,11986,120,$82.97,0.010012
2023-09-25,WE,Retargeting | Site Visitors,5230,112,$79.10,0.021415
2023-09-26,WE,Retargeting | Site Visitors,6049,125,$72.20,0.020665
2023-09-27,WE,Retargeting | Site Visitors,6729,112,$79.36,0.016644
2023-09-28,WE,Retargeting | Site Visitors,5636,112,$57.82,0.019872
2023-09-29,WE,Retargeting | Site Visitors,5796,109,$60.93,0.018806
2023-09-30,WE,Retargeting | Site Visitors,7529,153,$74.20,0.020321
2023-10-01,WE,Retargeting | Site Visitors,6705,148,$78.64,0.022073
2023-10-02,NE,Prospecting | Trail,11358,120,110.36,0.010565
2023-10-03,NE,Prospecting | Trail,10701,145,120.83,0.01355
2023-10-04,NE,Prospecting | Trail,11455,132,93.98,0.011523
2023-10-05,NE,Prospecting | Trail,10674,127,87.78,0.011898
2023-10-06,NE,Prospecting | Trail,12130,147,99.19,0.012119
2023-10-07,NE,Prospecting | Trail,8026,135,109.55,0.01682
2023-10-08,NE,Prospecting | Trail,10353,133,110.33,0.012847
2023-10-02,NE,Retargeting | Site Visitors,6602,99,75.64,0.014995
2023-10-03,NE,Retargeting | Site Visitors,4947,125,74.81,0.025268
2023-10-04,NE,Retargeting | Site Visitors,5776,122,50.0,0.021122
2023-10-05,NE,Retargeting | Site Visitors,5205,124,72.13,0.023823
2023-10-06,NE,Retargeting | Site Visitors,6390,134,62.82,0.02097
2023-10-07,NE,Retargeting | Site Visitors,5727,128,75.34,0.02235
2023-10-08,NE,Retargeting | Site Visitors,6985,104,68.03,0.014889
2023-10-02,MA,Prospecting | Trail,10671,138,85.32,0.012932
2023-10-03,MA,Prospecting | Trail,9031,117,96.88,0.012955
2023-10-04,MA,Prospecting | Trail,9469,126,115.72,0.013307
2023-10-05,MA,Prospecting | Trail,9162,107,79.53,0.011679
2023-10-06,MA,Prospecting | Trail,12255,114,101.94,0.009302
2023-10-07,MA,Prospecting | Trail,11213,121,109.86,0.010791
2023-10-08,MA,Prospecting | Trail,10083,133,115.21,0.013191
2023-10-02,MA,Retargeting | Site Visitors,4708,85,40.87,0.018054
2023-10-03,MA,Retargeting | Site Visitors,4806,99,48.12,0.020599
2023-10-04,MA,Retargeting | Site Visitors,5086,85,55.33,0.016713
2023-10-05,MA,Retargeting | Site Visitors,3638,85,54.16,0.023364
2023-10-06,MA,Retargeting | Site Visitors,3758,90,55.18,0.023949
2023-10-07,MA,Retargeting | Site Visitors,4325,74,50.93,0.01711
2023-10-08,MA,Retargeting | Site Visitors,4622,74,51.25,0.01601
2023-10-02,SE,Prospecting | Trail,8116,93,91.92,0.011459
2023-10-03,SE,Prospecting | Trail,7932,90,72.39,0.011346
2023-10-04,SE,Prospecting | Trail,7366,111,74.86,0.015069
2023-10-05,SE,Prospecting | Trail,7866,102,88.48,0.012967
2023-10-06,SE,Prospecting | Trail,8338,115,106.58,0.013792
2023-10-07,SE,Prospecting | Trail,10556,103,72.09,0.009757
2023-10-08,SE,Prospecting | Trail,9582,84,79.28,0.008766
2023-10-02,SE,Retargeting | Site Visitors,3581,92,65.25,0.025691
2023-10-03,SE,Retargeting | Site Visitors,5078,87,62.2,0.017133
2023-10-04,SE,Retargeting | Site Visitors,5257,105,60.79,0.019973
2023-10-05,SE,Retargeting | Site Visitors,5435,83,52.95,0.015271
2023-10-06,SE,Retargeting | Site Visitors,3806,96,43.56,0.025223
2023-10-07,SE,Retargeting | Site Visitors,5498,96,51.6,0.017461
2023-10-08,SE,Retargeting | Site Visitors,4461,101,44.49,0.022641
2023-10-02,MW,Prospecting | Trail,9740,97,95.76,0.009959
2023-10-03,MW,Prospecting | Trail,7619,97,98.02,0.012731
2023-10-04,MW,Prospecting | Trail,8837,107,94.53,0.012108
2023-10-05,MW,Prospecting | Trail,7558,130,78.4,0.0172
2023-10-06,MW,Prospecting | Trail,11236,111,78.93,0.009879
2023-10-07,MW,Prospecting | Trail,7233,94,74.95,0.012996
2023-10-08,MW,Prospecting | Trail,9906,87,88.27,0.008783
2023-10-02,MW,Retargeting | Site Visitors,5493,104,57.79,0.018933
2023-10-03,MW,Retargeting | Site Visitors,5131,113,76.92,0.022023
2023-10-04,MW,Retargeting | Site Visitors,4925,108,69.85,0.021929
2023-10-05,MW,Retargeting | Site Visitors,5977,85,55.31,0.014221
2023-10-06,MW,Retargeting | Site Visitors,5283,81,62.57,0.015332
2023-10-07,MW,Retargeting | Site Visitors,5226,102,62.62,0.019518
2023-10-08,MW,Retargeting | Site Visitors,5827,96,50.35,0.016475
2023-10-02,MT,Prospecting | Trail,8040,105,66.3,0.01306
2023-10-03,MT,Prospecting | Trail,6354,77,75.59,0.012118
2023-10-04,MT,Prospecting | Trail,8174,71,57.03,0.008686
2023-10-05,MT,Prospecting | Trail,5954,78,77.82,0.0131
2023-10-06,MT,Prospecting | Trail,6479,87,72.53,0.013428
2023-10-07,MT,Prospecting | Trail,8284,71,70.93,0.008571
2023-10-08,MT,Prospecting | Trail,6703,88,69.68,0.013128
2023-10-02,MT,Retargeting | Site Visitors,3286,60,37.72,0.018259
2023-10-03,MT,Retargeting | Site Visitors,4154,67,48.53,0.016129
2023-10-04,MT,Retargeting | Site Visitors,3781,65,51.51,0.017191
2023-10-05,MT,Retargeting | Site Visitors,3748,67,40.8,0.017876
2023-10-06,MT,Retargeting | Site Visitors,3403,65,40.3,0.019101
2023-10-07,MT,Retargeting | Site Visitors,3070,72,35.08,0.023453
2023-10-08,MT,Retargeting | Site Visitors,3710,64,35.31,0.017251
2023-10-02,WE,Prospecting | Trail,11523,155,$105.08,0.013451
2023-10-03,WE,Prospecting | Trail,15107,154,$154.38,0.010194
2023-10-04,WE,Prospecting | Trail,11459,195,$154.48,0.017017
2023-10-05,WE,Prospecting | Trail,12340,195,$135.59,0.015802
2023-10-06,WE,Prospecting | Trail,16669,150,$110.07,0.008999
2023-10-07,WE,Prospecting | Trail,16252,147,$120.36,0.009045
2023-10-08,WE,Prospecting | Trail,10783,166,$142.55,0.015395
2023-10-02,WE,Retargeting | Site Visitors,5486,134,$70.03,0.024426
2023-10-03,WE,Retargeting | Site Visitors,5277,138,$73.89,0.026151
2023-10-04,WE,Retargeting | Site Visitors,7661,112,$61.10,0.01462
2023-10-05,WE,Retargeting | Site Visitors,5661,98,$78.85,0.017311
2023-10-06,WE,Retargeting | Site Visitors,6249,117,$77.69,0.018723
2023-10-07,WE,Retargeting | Site Visitors,6074,118,$61.03,0.019427
2023-10-08,WE,Retargeting | Site Visitors,7092,101,$77.65,0.014241
2023-10-09,NE,Prospecting | Trail,11725,144,94.74,0.012281
2023-10-10,NE,Prospecting | Trail,9861,182,136.69,0.018457
2023-10-11,NE,Prospecting | Trail,13047,177,125.15,0.013566
2023-10-12,NE,Prospecting | Trail,14034,143,140.49,0.01019
2023-10-13,NE,Prospecting | Trail,12566,149,102.42,0.011857
2023-10-14,NE,Prospecting | Trail,10603,133,124.45,0.012544
2023-10-15,NE,Prospecting | Trail,13304,161,110.43,0.012102
2023-10-09,NE,Retargeting | Site Visitors,5464,92,58.99,0.016837
2023-10-10,NE,Retargeting | Site Visitors,4040,92,61.37,0.022772
2023-10-11,NE,Retargeting | Site Visitors,5431,93,57.33,0.017124
2023-10-12,NE,Retargeting | Site Visitors,4969,86,52.36,0.017307
2023-10-13,NE,Retargeting | Site Visitors,5056,96,60.89,0.018987
2023-10-14,NE,Retargeting | Site Visitors,5091,94,63.19,0.018464
2023-10-15,NE,Retargeting | Site Visitors,5970,85,60.12,0.014238
2023-10-09,MA,Prospecting | Trail,10867,95,93.13,0.008742
2023-10-10,MA,Prospecting | Trail,8962,122,90.39,0.013613
2023-10-11,MA,Prospecting | Trail,8713,104,106.65,0.011936
2023-10-12,MA,Prospecting | Trail,9021,114,78.0,0.012637
2023-10-13,MA,Prospecting | Trail,8791,103,84.42,0.011717
2023-10-14,MA,Prospecting | Trail,7941,124,93.02,0.015615
2023-10-15,MA,Prospecting | Trail,10452,122,88.92,0.011672
2023-10-09,MA,Retargeting | Site Visitors,5494,85,66.59,0.015471
2023-10-10,MA,Retargeting | Site Visitors,4183,88,56.17,0.021038
2023-10-11,MA,Retargeting | Site Visitors,4027,80,64.81,0.019866
2023-10-12,MA,Retargeting | Site Visitors,5451,83,48.9,0.015227
2023-10-13,MA,Retargeting | Site Visitors,5506,99,52.03,0.01798
2023-10-14,MA,Retargeting | Site Visitors,4158,74,47.22,0.017797
2023-10-15,MA,Retargeting | Site Visitors,5219,96,55.69,0.018394
2023-10-09,SE,Prospecting | Trail,9546,126,77.62,0.013199
2023-10-10,SE,Prospecting | Trail,9684,99,76.84,0.010223
2023-10-11,SE,Prospecting | Trail,8422,127,85.03,0.01508
2023-10-12,SE,Prospecting | Trail,6954,115,84.21,0.016537
2023-10-13,SE,Prospecting | Trail,8160,93,97.7,0.011397
2023-10-14,SE,Prospecting | Trail,8605,100,75.15,0.011621
2023-10-15,SE,Prospecting | Trail,9255,95,97.6,0.010265
2023-10-09,SE,Retargeting | Site Visitors,4930,85,52.99,0.017241
2023-10-10,SE,Retargeting | Site Visitors,3952,63,39.51,0.015941
2023-10-11,SE,Retargeting | Site Visitors,4254,92,59.12,0.021627
2023-10-12,SE,Retargeting | Site Visitors,5163,97,52.49,0.018788
2023-10-13,SE,Retargeting | Site Visitors,5631,91,51.08,0.016161
2023-10-14,SE,Retargeting | Site Visitors,3890,92,56.27,0.02365
2023-10-15,SE,Retargeting | Site Visitors,4008,66,54.56,0.016467
2023-10-09,MW,Prospecting | Trail,12879,113,90.84,0.008774
2023-10-10,MW,Prospecting | Trail,11453,126,111.9,0.011001
2023-10-11,MW,Prospecting | Trail,9181,129,117.62,0.014051
2023-10-12,MW,Prospecting | Trail,8975,110,124.59,0.012256
2023-10-13,MW,Prospecting | Trail,10711,128,96.66,0.01195
2023-10-14,MW,Prospecting | Trail,12794,112,98.92,0.008754
2023-10-15,MW,Prospecting | Trail,10306,135,107.2,0.013099
2023-10-09,MW,Retargeting | Site Visitors,5978,88,58.34,0.014721
2023-10-10,MW,Retargeting | Site Visitors,4914,79,62.07,0.016077
2023-10-11,MW,Retargeting | Site Visitors,5116,113,48.68,0.022088
2023-10-12,MW,Retargeting | Site Visitors,4717,108,57.78,0.022896
2023-10-13,MW,Retargeting | Site Visitors,5429,119,63.56,0.021919
2023-10-14,MW,Retargeting | Site Visitors,3841,97,63.9,0.025254
2023-10-15,MW,Retargeting | Site Visitors,5491,105,53.73,0.019122
2023-10-09,MT,Prospecting | Trail,6813,104,57.49,0.015265
2023-10-10,MT,Prospecting | Trail,7902,84,69.55,0.01063
2023-10-11,MT,Prospecting | Trail,8427,74,77.12,0.008781
2023-10-12,MT,Prospecting | Trail,6955,109,78.84,0.015672
2023-10-13,MT,Prospecting | Trail,6953,104,84.75,0.014958
2023-10-14,MT,Prospecting | Trail,8282,75,59.24,0.009056
2023-10-15,MT,Prospecting | Trail,6349,90,79.47,0.014175
2023-10-09,MT,Retargeting | Site Visitors,3041,58,39.69,0.019073
2023-10-10,MT,Retargeting | Site Visitors,3651,81,42.03,0.022186
2023-10-11,MT,Retargeting | Site Visitors,3945,57,48.68,0.014449
2023-10-12,MT,Retargeting | Site Visitors,3304,74,43.25,0.022397
2023-10-13,MT,Retargeting | Site Visitors,3180,54,35.14,0.016981
2023-10-14,MT,Retargeting | Site Visitors,4305,79,34.91,0.018351
2023-10-15,MT,Retargeting | Site Visitors,3906,65,47.63,0.016641
2023-10-09,WE,Prospecting | Trail,10886,165,$106.29,0.015157
2023-10-10,WE,Prospecting | Trail,10674,149,$137.43,0.013959
2023-10-11,WE,Prospecting | Trail,14482,157,$117.02,0.010841
2023-10-12,WE,Prospecting | Trail,14748,124,$140.14,0.008408
2023-10-13,WE,Prospecting | Trail,14014,156,$106.37,0.011132
2023-10-14,WE,Prospecting | Trail,10966,125,$128.70,0.011399
2023-10-15,WE,Prospecting | Trail,12828,172,$132.31,0.013408
2023-10-09,WE,Retargeting | Site Visitors,5780,100,$53.61,0.017301
2023-10-10,WE,Retargeting | Site Visitors,4727,101,$59.87,0.021367
2023-10-11,WE,Retargeting | Site Visitors,4046,99,$64.17,0.024469
2023-10-12,WE,Retargeting | Site Visitors,4249,104,$57.99,0.024476
2023-10-13,WE,Retargeting | Site Visitors,5349,101,$72.57,0.018882
2023-10-14,WE,Retargeting | Site Visitors,5865,107,$50.85,0.018244
2023-10-15,WE,Retargeting | Site Visitors,5679,113,$51.44,0.019898
2023-10-16,NE,Prospecting | Trail,8186,137,86.88,0.016736
2023-10-17,NE,Prospecting | Trail,11122,120,113.38,0.010789
2023-10-18,NE,Prospecting | Trail,10565,120,96.77,0.011358
2023-10-19,NE,Prospecting | Trail,7722,123,85.71,0.015929
2023-10-20,NE,Prospecting | Trail,10436,111,90.03,0.010636
2023-10-21,NE,Prospecting | Trail,11926,143,98.63,0.011991
2023-10-22,NE,Prospecting | Trail,8825,105,102.67,0.011898
2023-10-16,NE,Retargeting | Site Visitors,6830,144,80.78,0.021083
2023-10-17,NE,Retargeting | Site Visitors,7127,105,72.56,0.014733
2023-10-18,NE,Retargeting | Site Visitors,5213,152,54.48,0.029158
2023-10-19,NE,Retargeting | Site Visitors,6397,124,70.65,0.019384
2023-10-20,NE,Retargeting | Site Visitors,4971,107,76.28,0.021525
2023-10-21,NE,Retargeting | Site Visitors,5921,116,78.16,0.019591
2023-10-22,NE,Retargeting | Site Visitors,6066,108,56.13,0.017804
2023-10-16,MA,Prospecting | Trail,11077,114,100.67,0.010292
2023-10-17,MA,Prospecting | Trail,9137,112,105.15,0.012258
2023-10-18,MA,Prospecting | Trail,7651,107,77.37,0.013985
2023-10-19,MA,Prospecting | Trail,10283,137,91.27,0.013323
2023-10-20,MA,Prospecting | Trail,9539,119,96.04,0.012475
2023-10-21,MA,Prospecting | Trail,9610,112,91.2,0.011655
2023-10-22,MA,Prospecting | Trail,9962,120,97.44,0.012046
2023-10-16,MA,Retargeting | Site Visitors,6231,121,67.84,0.019419
2023-10-17,MA,Retargeting | Site Visitors,4530,97,50.51,0.021413
2023-10-18,MA,Retargeting | Site Visitors,4230,84,44.27,0.019858
2023-10-19,MA,Retargeting | Site Visitors,5180,80,45.49,0.015444
2023-10-20,MA,Retargeting | Site Visitors,5040,107,61.87,0.02123
2023-10-21,MA,Retargeting | Site Visitors,4289,103,66.95,0.024015
2023-10-22,MA,Retargeting | Site Visitors,4421,96,53.18,0.021715
2023-10-16,SE,Prospecting | Trail,8548,120,72.13,0.014038
2023-10-17,SE,Prospecting | Trail,9296,115,81.09,0.012371
2023-10-18,SE,Prospecting | Trail,9661,95,75.91,0.009833
2023-10-19,SE,Prospecting | Trail,8038,116,84.02,0.014431
2023-10-20,SE,Prospecting | Trail,7032,119,81.56,0.016923
2023-10-21,SE,Prospecting | Trail,6380,84,98.41,0.013166
2023-10-22,SE,Prospecting | Trail,9151,86,76.34,0.009398
2023-10-16,SE,Retargeting | Site Visitors,4727,75,44.12,0.015866
2023-10-17,SE,Retargeting | Site Visitors,3253,69,50.39,0.021211
2023-10-18,SE,Retargeting | Site Visitors,4650,87,49.93,0.01871
2023-10-19,SE,Retargeting | Site Visitors,4000,77,53.18,0.01925
2023-10-20,SE,Retargeting | Site Visitors,4905,94,48.89,0.019164
2023-10-21,SE,Retargeting | Site Visitors,3849,97,45.1,0.025201
2023-10-22,SE,Retargeting | Site Visitors,4444,76,51.41,0.017102
2023-10-16,MW,Prospecting | Trail,8824,98,67.94,0.011106
2023-10-17,MW,Prospecting | Trail,9332,97,69.0,0.010394
2023-10-18,MW,Prospecting | Trail,7960,114,94.98,0.014322
2023-10-19,MW,Prospecting | Trail,8036,114,100.91,0.014186
2023-10-20,MW,Prospecting | Trail,7856,96,75.03,0.01222
2023-10-21,MW,Prospecting | Trail,8199,108,99.36,0.013172
2023-10-22,MW,Prospecting | Trail,9155,113,74.52,0.012343
2023-10-16,MW,Retargeting | Site Visitors,4726,101,71.75,0.021371
2023-10-17,MW,Retargeting | Site Visitors,6031,98,70.42,0.016249
2023-10-18,MW,Retargeting | Site Visitors,5661,107,50.21,0.018901
2023-10-19,MW,Retargeting | Site Visitors,4411,117,52.5,0.026525
2023-10-20,MW,Retargeting | Site Visitors,4209,123,71.7,0.029223
2023-10-21,MW,Retargeting | Site Visitors,5771,103,56.79,0.017848
2023-10-22,MW,Retargeting | Site Visitors,6232,101,52.61,0.016207
2023-10-16,MT,Prospecting | Trail,6676,89,77.45,0.013331
2023-10-17,MT,Prospecting | Trail,6508,100,65.22,0.015366
2023-10-18,MT,Prospecting | Trail,6062,83,83.74,0.013692
2023-10-19,MT,Prospecting | Trail,8051,69,59.28,0.00857
2023-10-20,MT,Prospecting | Trail,6631,95,55.3,0.014327
2023-10-21,MT,Prospecting | Trail,7113,94,71.6,0.013215
2023-10-22,MT,Prospecting | Trail,7744,94,65.5,0.012138
2023-10-16,MT,Retargeting | Site Visitors,3120,55,36.36,0.017628
2023-10-17,MT,Retargeting | Site Visitors,3062,67,29.26,0.021881
2023-10-18,MT,Retargeting | Site Visitors,3144,69,44.1,0.021947
2023-10-19,MT,Retargeting | Site Visitors,3652,58,34.51,0.015882
2023-10-20,MT,Retargeting | Site Visitors,3467,47,31.67,0.013556
2023-10-21,MT,Retargeting | Site Visitors,2978,57,34.71,0.01914
2023-10-22,MT,Retargeting | Site Visitors,2745,62,44.33,0.022587
2023-10-16,WE,Prospecting | Trail,9852,138,$148.00,0.014007
2023-10-17,WE,Prospecting | Trail,13241,130,$107.79,0.009818
2023-10-18,WE,Prospecting | Trail,12458,137,$102.20,0.010997
2023-10-19,WE,Prospecting | Trail,12039,145,$108.53,0.012044
2023-10-20,WE,Prospecting | Trail,14085,139,$133.91,0.009869
2023-10-21,WE,Prospecting | Trail,12046,164,$117.66,0.013614
2023-10-22,WE,Prospecting | Trail,9333,150,$95.85,0.016072
2023-10-16,WE,Retargeting | Site Visitors,6605,96,$54.70,0.014534
2023-10-17,WE,Retargeting | Site Visitors,5256,109,$80.68,0.020738
2023-10-18,WE,Retargeting | Site Visitors,6429,97,$78.06,0.015088
2023-10-19,WE,Retargeting | Site Visitors,6596,138,$62.67,0.020922
2023-10-20,WE,Retargeting | Site Visitors,6052,145,$78.29,0.023959
2023-10-21,WE,Retargeting | Site Visitors,5929,123,$79.50,0.020745
2023-10-22,WE,Retargeting | Site Visitors,6500,127,$64.80,0.019538
2023-10-23,NE,Prospecting | Trail,12320,144,117.88,0.011688
2023-10-24,NE,Prospecting | Trail,10987,121,92.58,0.011013
2023-10-25,NE,Prospecting | Trail,11520,125,133.73,0.010851
2023-10-26,NE,Prospecting | Trail,12866,146,100.04,0.011348
2023-10-27,NE,Prospecting | Trail,11352,115,124.35,0.01013
2023-10-28,NE,Prospecting | Trail,11280,151,130.84,0.013387
2023-10-29,NE,Prospecting | Trail,10677,147,94.39,0.013768
2023-10-23,NE,Retargeting | Site Visitors,5216,99,75.08,0.01898
2023-10-24,NE,Retargeting | Site Visitors,5696,95,64.41,0.016678
2023-10-25,NE,Retargeting | Site Visitors,5242,88,50.95,0.016787
2023-10-26,NE,Retargeting | Site Visitors,6226,113,64.85,0.01815
2023-10-27,NE,Retargeting | Site Visitors,4684,102,69.79,0.021776
2023-10-28,NE,Retargeting | Site Visitors,4630,106,51.91,0.022894
2023-10-29,NE,Retargeting | Site Visitors,6736,103,64.95,0.015291
2023-10-23,MA,Prospecting | Trail,10916,126,97.82,0.011543
2023-10-24,MA,Prospecting | Trail,11624,123,82.47,0.010582
2023-10-25,MA,Prospecting | Trail,10869,105,111.0,0.009661
2023-10-26,MA,Prospecting | Trail,9035,86,99.02,0.009519
2023-10-27,MA,Prospecting | Trail,8195,119,111.74,0.014521
2023-10-28,MA,Prospecting | Trail,11410,100,92.65,0.008764
2023-10-29,MA,Prospecting | Trail,7686,119,88.68,0.015483
2023-10-23,MA,Retargeting | Site Visitors,5949,116,65.51,0.019499
2023-10-24,MA,Retargeting | Site Visitors,5615,107,60.03,0.019056
2023-10-25,MA,Retargeting | Site Visitors,5838,118,56.11,0.020212
2023-10-26,MA,Retargeting | Site Visitors,4408,100,66.79,0.022686
2023-10-27,MA,Retargeting | Site Visitors,4917,88,54.56,0.017897
2023-10-28,MA,Retargeting | Site Visitors,5796,98,62.26,0.016908
2023-10-29,MA,Retargeting | Site Visitors,4740,104,63.27,0.021941
2023-10-23,SE,Prospecting | Trail,9014,108,75.26,0.011981
2023-10-24,SE,Prospecting | Trail,10162,101,71.41,0.009939
2023-10-25,SE,Prospecting | Trail,9963,103,93.18,0.010338
2023-10-26,SE,Prospecting | Trail,7271,79,92.39,0.010865
2023-10-27,SE,Prospecting | Trail,6705,79,97.34,0.011782
2023-10-28,SE,Prospecting | Trail,6745,103,76.09,0.015271
2023-10-29,SE,Prospecting | Trail,10101,112,81.95,0.011088
2023-10-23,SE,Retargeting | Site Visitors,4938,91,52.35,0.018429
2023-10-24,SE,Retargeting | Site Visitors,4185,85,46.61,0.020311
2023-10-25,SE,Retargeting | Site Visitors,5557,86,58.14,0.015476
2023-10-26,SE,Retargeting | Site Visitors,4149,101,66.99,0.024343
2023-10-27,SE,Retargeting | Site Visitors,5342,113,64.85,0.021153
2023-10-28,SE,Retargeting | Site Visitors,6039,98,64.2,0.016228
2023-10-29,SE,Retargeting | Site Visitors,4415,122,45.07,0.027633
2023-10-23,MW,Prospecting | Trail,10579,128,85.79,0.012099
2023-10-24,MW,Prospecting | Trail,10688,106,82.27,0.009918
2023-10-25,MW,Prospecting | Trail,10934,141,80.86,0.012896
2023-10-26,MW,Prospecting | Trail,10276,119,97.9,0.01158
2023-10-27,MW,Prospecting | Trail,7553,138,90.61,0.018271
2023-10-28,MW,Prospecting | Trail,8816,110,113.77,0.012477
2023-10-29,MW,Prospecting | Trail,8237,108,106.21,0.013112
2023-10-23,MW,Retargeting | Site Visitors,5219,99,44.18,0.018969
2023-10-24,MW,Retargeting | Site Visitors,3880,73,53.36,0.018814
2023-10-25,MW,Retargeting | Site Visitors,5088,81,59.77,0.01592
2023-10-26,MW,Retargeting | Site Visitors,4985,83,46.79,0.01665
2023-10-27,MW,Retargeting | Site Visitors,4642,88,45.24,0.018957
2023-10-28,MW,Retargeting | Site Visitors,3874,92,57.61,0.023748
2023-10-29,MW,Retargeting | Site Visitors,4672,102,65.18,0.021832
2023-10-23,MT,Prospecting | Trail,5582,75,65.01,0.013436
2023-10-24,MT,Prospecting | Trail,5970,62,56.2,0.010385
2023-10-25,MT,Prospecting | Trail,7424,77,63.43,0.010372
2023-10-26,MT,Prospecting | Trail,5592,69,67.67,0.012339
2023-10-27,MT,Prospecting | Trail,5955,71,47.61,0.011923
2023-10-28,MT,Prospecting | Trail,6739,80,55.44,0.011871
2023-10-29,MT,Prospecting | Trail,5455,79,63.27,0.014482
2023-10-23,MT,Retargeting | Site Visitors,3300,60,40.77,0.018182
2023-10-24,MT,Retargeting | Site Visitors,3217,69,47.48,0.021449
2023-10-25,MT,Retargeting | Site Visitors,3272,58,39.18,0.017726
2023-10-26,MT,Retargeting | Site Visitors,3461,81,41.45,0.023404
2023-10-27,MT,Retargeting | Site Visitors,4567,62,43.56,0.013576
2023-10-28,MT,Retargeting | Site Visitors,3713,76,37.4,0.020469
2023-10-29,MT,Retargeting | Site Visitors,3963,69,43.34,0.017411
2023-10-23,WE,Prospecting | Trail,10179,118,$112.62,0.011592
2023-10-24,WE,Prospecting | Trail,13091,125,$118.17,0.009549
2023-10-25,WE,Prospecting | Trail,12775,133,$102.15,0.010411
2023-10-26,WE,Prospecting | Trail,11505,159,$130.89,0.01382
2023-10-27,WE,Prospecting | Trail,9957,161,$98.03,0.01617
2023-10-28,WE,Prospecting | Trail,10632,122,$95.78,0.011475
2023-10-29,WE,Prospecting | Trail,10283,119,$110.89,0.011572
2023-10-23,WE,Retargeting | Site Visitors,6363,89,$70.02,0.013987
2023-10-24,WE,Retargeting | Site Visitors,4750,84,$57.80,0.017684
2023-10-25,WE,Retargeting | Site Visitors,5495,87,$53.29,0.015833
2023-10-26,WE,Retargeting | Site Visitors,5001,102,$61.65,0.020396
2023-10-27,WE,Retargeting | Site Visitors,5218,115,$60.91,0.022039
2023-10-28,WE,Retargeting | Site Visitors,4196,94,$53.44,0.022402
2023-10-29,WE,Retargeting | Site Visitors,4433,113,$50.64,0.025491
2023-10-30,NE,Prospecting | Trail,13490,176,97.88,0.013047
2023-10-31,NE,Prospecting | Trail,12170,176,125.14,0.014462
2023-11-01,NE,Prospecting | Trail,10919,124,131.84,0.011356
2023-11-02,NE,Prospecting | Trail,10984,126,98.3,0.011471
2023-11-03,NE,Prospecting | Trail,10976,128,132.58,0.011662
2023-11-04,NE,Prospecting | Trail,10173,153,98.76,0.01504
2023-11-05,NE,Prospecting | Trail,14241,148,128.41,0.010393
2023-10-30,NE,Retargeting | Site Visitors,5634,99,57.74,0.017572
2023-10-31,NE,Retargeting | Site Visitors,5524,103,80.83,0.018646
2023-11-01,NE,Retargeting | Site Visitors,4965,103,56.98,0.020745
2023-11-02,NE,Retargeting | Site Visitors,4891,122,75.18,0.024944
2023-11-03,NE,Retargeting | Site Visitors,6238,79,53.97,0.012664
2023-11-04,NE,Retargeting | Site Visitors,6793,119,63.56,0.017518
2023-11-05,NE,Retargeting | Site Visitors,5955,100,71.73,0.016793
2023-10-30,NE,Launch | New Colorway,4230,78,62.52,0.01844
2023-10-31,NE,Launch | New Colorway,6366,77,62.2,0.012096
2023-11-01,NE,Launch | New Colorway,5774,69,55.22,0.01195
2023-11-02,NE,Launch | New Colorway,4975,90,46.54,0.01809
2023-11-03,NE,Launch | New Colorway,5033,72,47.91,0.014306
2023-11-04,NE,Launch | New Colorway,4801,64,53.26,0.013331
2023-11-05,NE,Launch | New Colorway,6077,74,52.37,0.012177
2023-10-30,MA,Prospecting | Trail,14335,178,106.36,0.012417
2023-10-31,MA,Prospecting | Trail,13779,126,108.25,0.009144
2023-11-01,MA,Prospecting | Trail,11091,135,109.3,0.012172
2023-11-02,MA,Prospecting | Trail,13037,140,107.65,0.010739
2023-11-03,MA,Prospecting | Trail,11164,164,127.68,0.01469
2023-11-04,MA,Prospecting | Trail,13177,189,153.88,0.014343
2023-11-05,MA,Prospecting | Trail,11511,147,150.21,0.01277
2023-10-30,MA,Retargeting | Site Visitors,6482,104,65.86,0.016044
2023-10-31,MA,Retargeting | Site Visitors,4487,83,48.26,0.018498
2023-11-01,MA,Retargeting | Site Visitors,4325,96,60.54,0.022197
2023-11-02,MA,Retargeting | Site Visitors,4318,95,61.76,0.022001
2023-11-03,MA,Retargeting | Site Visitors,6042,90,59.66,0.014896
2023-11-04,MA,Retargeting | Site Visitors,4823,89,49.63,0.018453
2023-11-05,MA,Retargeting | Site Visitors,4270,87,53.88,0.020375
2023-10-30,MA,Launch | New Colorway,5704,91,56.74,0.015954
2023-10-31,MA,Launch | New Colorway,6745,92,69.51,0.01364
2023-11-01,MA,Launch | New Colorway,4992,73,57.27,0.014623
2023-11-02,MA,Launch | New Colorway,4387,84,59.07,0.019147
2023-11-03,MA,Launch | New Colorway,5044,80,51.27,0.01586
2023-11-04,MA,Launch | New Colorway,6146,92,51.68,0.014969
2023-11-05,MA,Launch | New Colorway,5946,96,51.9,0.016145
2023-10-30,SE,Prospecting | Trail,11155,105,97.25,0.009413
2023-10-31,SE,Prospecting | Trail,8571,117,95.62,0.013651
2023-11-01,SE,Prospecting | Trail,10910,120,83.53,0.010999
2023-11-02,SE,Prospecting | Trail,9477,129,80.35,0.013612
2023-11-03,SE,Prospecting | Trail,10952,113,120.01,0.010318
2023-11-04,SE,Prospecting | Trail,11432,137,114.8,0.011984
2023-11-05,SE,Prospecting | Trail,8838,124,107.53,0.01403
2023-10-30,SE,Retargeting | Site Visitors,4005,96,55.58,0.02397
2023-10-31,SE,Retargeting | Site Visitors,4899,101,48.94,0.020616
2023-11-01,SE,Retargeting | Site Visitors,5344,117,68.94,0.021894
2023-11-02,SE,Retargeting | Site Visitors,5227,85,50.96,0.016262
2023-11-03,SE,Retargeting | Site Visitors,5943,100,68.6,0.016827
2023-11-04,SE,Retargeting | Site Visitors,4417,107,64.07,0.024225
2023-11-05,SE,Retargeting | Site Visitors,5491,90,49.16,0.01639
2023-10-30,SE,Launch | New Colorway,4895,70,44.5,0.0143
2023-10-31,SE,Launch | New Colorway,4625,61,49.12,0.013189
2023-11-01,SE,Launch | New Colorway,4696,73,49.87,0.015545
2023-11-02,SE,Launch | New Colorway,6008,81,53.06,0.013482
2023-11-03,SE,Launch | New Colorway,6033,77,56.36,0.012763
2023-11-04,SE,Launch | New Colorway,4100,57,48.5,0.013902
2023-11-05,SE,Launch | New Colorway,4109,64,50.15,0.015576
2023-10-30,MW,Prospecting | Trail,10649,142,81.21,0.013335
2023-10-31,MW,Prospecting | Trail,7869,95,85.14,0.012073
2023-11-01,MW,Prospecting | Trail,11325,96,82.55,0.008477
2023-11-02,MW,Prospecting | Trail,9559,133,111.5,0.013914
2023-11-03,MW,Prospecting | Trail,8289,127,81.2,0.015322
2023-11-04,MW,Prospecting | Trail,7783,103,91.19,0.013234
2023-11-05,MW,Prospecting | Trail,10851,95,117.19,0.008755
2023-10-30,MW,Retargeting | Site Visitors,5118,82,51.64,0.016022
2023-10-31,MW,Retargeting | Site Visitors,3609,85,51.17,0.023552
2023-11-01,MW,Retargeting | Site Visitors,5071,82,49.06,0.01617
2023-11-02,MW,Retargeting | Site Visitors,4935,93,62.34,0.018845
2023-11-03,MW,Retargeting | Site Visitors,4984,95,42.7,0.019061
2023-11-04,MW,Retargeting | Site Visitors,4813,73,64.6,0.015167
2023-11-05,MW,Retargeting | Site Visitors,4588,84,59.33,0.018309
2023-10-30,MW,Launch | New Colorway,5303,60,42.69,0.011314
2023-10-31,MW,Launch | New Colorway,4039,59,50.49,0.014608
2023-11-01,MW,Launch | New Colorway,4317,76,53.51,0.017605
2023-11-02,MW,Launch | New Colorway,5247,77,48.15,0.014675
2023-11-03,MW,Launch | New Colorway,5138,76,55.49,0.014792
2023-11-04,MW,Launch | New Colorway,3727,60,47.81,0.016099
2023-11-05,MW,Launch | New Colorway,5391,75,40.09,0.013912
2023-10-30,MT,Prospecting | Trail,7212,90,75.47,0.012479
2023-10-31,MT,Prospecting | Trail,7712,83,65.71,0.010762
2023-11-01,MT,Prospecting | Trail,7066,80,75.85,0.011322
2023-11-02,MT,Prospecting | Trail,5780,70,53.09,0.012111
2023-11-03,MT,Prospecting | Trail,8037,98,63.97,0.012194
2023-11-04,MT,Prospecting | Trail,5475,74,63.76,0.013516
2023-11-05,MT,Prospecting | Trail,5473,90,60.33,0.016444
2023-10-30,MT,Retargeting | Site Visitors,3708,59,40.64,0.015912
2023-10-31,MT,Retargeting | Site Visitors,3755,59,34.94,0.015712
2023-11-01,MT,Retargeting | Site Visitors,2737,58,32.37,0.021191
2023-11-02,MT,Retargeting | Site Visitors,3006,64,34.1,0.021291
2023-11-03,MT,Retargeting | Site Visitors,2786,50,45.84,0.017947
2023-11-04,MT,Retargeting | Site Visitors,3212,69,35.59,0.021482
2023-11-05,MT,Retargeting | Site Visitors,3750,51,40.46,0.0136
2023-10-30,MT,Launch | New Colorway,2936,56,34.57,0.019074
2023-10-31,MT,Launch | New Colorway,3110,49,31.06,0.015756
2023-11-01,MT,Launch | New Colorway,3230,46,27.73,0.014241
2023-11-02,MT,Launch | New Colorway,2924,54,29.46,0.018468
2023-11-03,MT,Launch | New Colorway,3492,43,33.19,0.012314
2023-11-04,MT,Launch | New Colorway,2667,38,24.45,0.014248
2023-11-05,MT,Launch | New Colorway,2673,51,34.09,0.01908
2023-10-30,WE,Prospecting | Trail,11444,172,$126.42,0.01503
2023-10-31,WE,Prospecting | Trail,13289,175,$125.83,0.013169
2023-11-01,WE,Prospecting | Trail,12047,181,$115.12,0.015024
2023-11-02,WE,Prospecting | Trail,12685,158,$110.07,0.012456
2023-11-03,WE,Prospecting | Trail,12872,129,$141.84,0.010022
2023-11-04,WE,Prospecting | Trail,13636,170,$134.62,0.012467
2023-11-05,WE,Prospecting | Trail,13799,152,$125.86,0.011015
2023-10-30,WE,Retargeting | Site Visitors,5253,128,$62.13,0.024367
2023-10-31,WE,Retargeting | Site Visitors,4922,108,$61.49,0.021942
2023-11-01,WE,Retargeting | Site Visitors,6351,138,$81.77,0.021729
2023-11-02,WE,Retargeting | Site Visitors,5153,100,$66.13,0.019406
2023-11-03,WE,Retargeting | Site Visitors,5630,112,$80.95,0.019893
2023-11-04,WE,Retargeting | Site Visitors,7674,112,$60.86,0.014595
2023-11-05,WE,Retargeting | Site Visitors,7306,137,$72.99,0.018752
2023-10-30,WE,Launch | New Colorway,6882,89,$53.24,0.012932
2023-10-31,WE,Launch | New Colorway,5804,76,$49.51,0.013094
2023-11-01,WE,Launch | New Colorway,5283,83,$65.59,0.015711
2023-11-02,WE,Launch | New Colorway,5667,96,$63.29,0.01694
2023-11-03,WE,Launch | New Colorway,4980,100,$66.83,0.02008
2023-11-04,WE,Launch | New Colorway,5656,103,$46.99,0.018211
2023-11-05,WE,Launch | New Colorway,5217,73,$57.32,0.013993
2023-11-06,NE,Prospecting | Trail,13357,164,136.09,0.012278
2023-11-07,NE,Prospecting | Trail,11426,135,140.08,0.011815
2023-11-08,NE,Prospecting | Trail,16722,147,133.05,0.008791
2023-11-09,NE,Prospecting | Trail,14141,171,135.76,0.012092
2023-11-10,NE,Prospecting | Trail,10956,148,118.68,0.013509
2023-11-11,NE,Prospecting | Trail,11229,153,97.24,0.013625
2023-11-12,NE,Prospecting | Trail,13911,124,138.19,0.008914
2023-11-06,NE,Retargeting | Site Visitors,6646,130,69.38,0.019561
2023-11-07,NE,Retargeting | Site Visitors,5788,130,77.95,0.02246
2023-11-08,NE,Retargeting | Site Visitors,7570,142,71.12,0.018758
2023-11-09,NE,Retargeting | Site Visitors,5274,111,69.38,0.021047
2023-11-10,NE,Retargeting | Site Visitors,5995,121,76.87,0.020183
2023-11-11,NE,Retargeting | Site Visitors,6934,125,81.54,0.018027
2023-11-12,NE,Retargeting | Site Visitors,6762,107,70.89,0.015824
2023-11-06,MA,Prospecting | Trail,11647,144,107.52,0.012364
2023-11-07,MA,Prospecting | Trail,9995,125,122.02,0.012506
2023-11-08,MA,Prospecting | Trail,10708,112,91.61,0.010459
2023-11-09,MA,Prospecting | Trail,10950,155,132.08,0.014155
2023-11-10,MA,Prospecting | Trail,9377,118,100.49,0.012584
2023-11-11,MA,Prospecting | Trail,11340,101,93.0,0.008907
2023-11-12,MA,Prospecting | Trail,11210,114,90.5,0.010169
2023-11-06,MA,Retargeting | Site Visitors,4712,86,52.94,0.018251
2023-11-07,MA,Retargeting | Site Visitors,4338,97,48.01,0.022361
2023-11-08,MA,Retargeting | Site Visitors,5437,109,53.73,0.020048
2023-11-09,MA,Retargeting | Site Visitors,4733,91,62.72,0.019227
2023-11-10,MA,Retargeting | Site Visitors,4722,102,72.8,0.021601
2023-11-11,MA,Retargeting | Site Visitors,5395,82,47.08,0.015199
2023-11-12,MA,Retargeting | Site Visitors,4855,109,55.93,0.022451
2023-11-06,SE,Prospecting | Trail,11862,137,105.44,0.011549
2023-11-07,SE,Prospecting | Trail,11722,117,101.93,0.009981
2023-11-08,SE,Prospecting | Trail,9140,106,85.97,0.011597
2023-11-09,SE,Prospecting | Trail,8636,107,83.54,0.01239
2023-11-10,SE,Prospecting | Trail,10168,128,94.75,0.012589
2023-11-11,SE,Prospecting | Trail,10067,137,118.41,0.013609
2023-11-12,SE,Prospecting | Trail,8883,102,100.63,0.011483
2023-11-06,SE,Retargeting | Site Visitors,5625,98,44.3,0.017422
2023-11-07,SE,Retargeting | Site Visitors,3667,93,44.03,0.025361
2023-11-08,SE,Retargeting | Site Visitors,5298,91,68.11,0.017176
2023-11-09,SE,Retargeting | Site Visitors,3720,101,44.43,0.027151
2023-11-10,SE,Retargeting | Site Visitors,3652,85,49.24,0.023275
2023-11-11,SE,Retargeting | Site Visitors,5247,102,61.87,0.01944
2023-11-12,SE,Retargeting | Site Visitors,5564,96,64.9,0.017254
2023-11-06,MW,Prospecting | Trail,10714,152,92.61,0.014187
2023-11-07,MW,Prospecting | Trail,13395,133,115.16,0.009929
2023-11-08,MW,Prospecting | Trail,10957,107,134.18,0.009765
2023-11-09,MW,Prospecting | Trail,9024,148,97.68,0.016401
2023-11-10,MW,Prospecting | Trail,10784,132,115.1,0.01224
2023-11-11,MW,Prospecting | Trail,13584,129,98.54,0.009496
2023-11-12,MW,Prospecting | Trail,9704,140,112.71,0.014427
2023-11-06,MW,Retargeting | Site Visitors,4053,105,46.48,0.025907
2023-11-07,MW,Retargeting | Site Visitors,4808,78,50.65,0.016223
2023-11-08,MW,Retargeting | Site Visitors,4245,89,56.17,0.020966
2023-11-09,MW,Retargeting | Site Visitors,5724,115,44.6,0.020091
2023-11-10,MW,Retargeting | Site Visitors,4291,77,65.16,0.017945
2023-11-11,MW,Retargeting | Site Visitors,4030,79,58.39,0.019603
2023-11-12,MW,Retargeting | Site Visitors,5109,77,49.54,0.015071
2023-11-06,MT,Prospecting | Trail,8206,98,80.32,0.011942
2023-11-07,MT,Prospecting | Trail,8668,95,67.71,0.01096
2023-11-08,MT,Prospecting | Trail,7365,99,58.79,0.013442
2023-11-09,MT,Prospecting | Trail,6509,83,80.81,0.012752
2023-11-10,MT,Prospecting | Trail,6916,105,79.25,0.015182
2023-11-11,MT,Prospecting | Trail,6784,77,76.71,0.01135
2023-11-12,MT,Prospecting | Trail,8781,78,78.06,0.008883
2023-11-06,MT,Retargeting | Site Visitors,3156,72,41.98,0.022814
2023-11-07,MT,Retargeting | Site Visitors,3058,53,40.53,0.017332
2023-11-08,MT,Retargeting | Site Visitors,3556,70,29.18,0.019685
2023-11-09,MT,Retargeting | Site Visitors,3323,58,33.54,0.017454
2023-11-10,MT,Retargeting | Site Visitors,2469,57,42.02,0.023086
2023-11-11,MT,Retargeting | Site Visitors,3201,61,39.78,0.019057
2023-11-12,MT,Retargeting | Site Visitors,3359,68,27.37,0.020244
2023-11-06,WE,Prospecting | Trail,14647,185,$124.35,0.012631
2023-11-07,WE,Prospecting | Trail,15444,184,$135.92,0.011914
2023-11-08,WE,Prospecting | Trail,16737,145,$152.35,0.008663
2023-11-09,WE,Prospecting | Trail,11998,180,$144.25,0.015003
2023-11-10,WE,Prospecting | Trail,15408,136,$147.20,0.008827
2023-11-11,WE,Prospecting | Trail,12840,201,$135.12,0.015654
2023-11-12,WE,Prospecting | Trail,13570,206,$147.10,0.015181
2023-11-06,WE,Retargeting | Site Visitors,6722,109,$84.82,0.016215
2023-11-07,WE,Retargeting | Site Visitors,6152,115,$60.89,0.018693
2023-11-08,WE,Retargeting | Site Visitors,7003,160,$81.13,0.022847
2023-11-09,WE,Retargeting | Site Visitors,5750,122,$71.68,0.021217
2023-11-10,WE,Retargeting | Site Visitors,5603,127,$88.62,0.022666
2023-11-11,WE,Retargeting | Site Visitors,6074,152,$60.71,0.025025
2023-11-12,WE,Retargeting | Site Visitors,7934,108,$72.38,0.013612
2023-11-13,NE,Prospecting | Trail,9863,142,118.05,0.014397
2023-11-14,NE,Prospecting | Trail,12586,120,141.6,0.009534
2023-11-15,NE,Prospecting | Trail,10923,171,103.5,0.015655
2023-11-16,NE,Prospecting | Trail,13551,119,100.97,0.008782
2023-11-17,NE,Prospecting | Trail,11758,161,120.03,0.013693
2023-11-18,NE,Prospecting | Trail,10027,163,111.08,0.016256
2023-11-19,NE,Prospecting | Trail,13648,159,111.86,0.01165
2023-11-13,NE,Retargeting | Site Visitors,5642,98,54.77,0.01737
2023-11-14,NE,Retargeting | Site Visitors,5039,116,50.69,0.02302
2023-11-15,NE,Retargeting | Site Visitors,4663,96,69.56,0.020588
2023-11-16,NE,Retargeting | Site Visitors,5979,93,66.25,0.015554
2023-11-17,NE,Retargeting | Site Visitors,5064,117,65.42,0.023104
2023-11-18,NE,Retargeting | Site Visitors,4666,96,48.25,0.020574
2023-11-19,NE,Retargeting | Site Visitors,5735,97,68.13,0.016914
2023-11-13,MA,Prospecting | Trail,9414,176,104.0,0.018696
2023-11-14,MA,Prospecting | Trail,14233,167,100.39,0.011733
2023-11-15,MA,Prospecting | Trail,11507,142,109.48,0.01234
2023-11-16,MA,Prospecting | Trail,12248,123,139.13,0.010042
2023-11-17,MA,Prospecting | Trail,10014,155,105.27,0.015478
2023-11-18,MA,Prospecting | Trail,13003,117,142.72,0.008998
2023-11-19,MA,Prospecting | Trail,12136,163,108.04,0.013431
2023-11-13,MA,Retargeting | Site Visitors,6251,99,60.92,0.015837
2023-11-14,MA,Retargeting | Site Visitors,6005,121,74.07,0.02015
2023-11-15,MA,Retargeting | Site Visitors,5707,116,65.23,0.020326
2023-11-16,MA,Retargeting | Site Visitors,6653,103,60.8,0.015482
2023-11-17,MA,Retargeting | Site Visitors,5253,117,61.26,0.022273
2023-11-18,MA,Retargeting | Site Visitors,5606,134,82.99,0.023903
2023-11-19,MA,Retargeting | Site Visitors,5420,127,65.0,0.023432
2023-11-13,SE,Prospecting | Trail,11745,131,135.53,0.011154
2023-11-14,SE,Prospecting | Trail,11330,146,104.48,0.012886
2023-11-15,SE,Prospecting | Trail,11103,136,92.6,0.012249
2023-11-16,SE,Prospecting | Trail,10210,149,94.31,0.014594
2023-11-17,SE,Prospecting | Trail,10196,136,107.37,0.013339
2023-11-18,SE,Prospecting | Trail,14002,107,125.83,0.007642
2023-11-19,SE,Prospecting | Trail,11840,150,128.07,0.012669
2023-11-13,SE,Retargeting | Site Visitors,5948,129,67.05,0.021688
2023-11-14,SE,Retargeting | Site Visitors,5947,115,66.26,0.019337
2023-11-15,SE,Retargeting | Site Visitors,4845,103,53.97,0.021259
2023-11-16,SE,Retargeting | Site Visitors,5395,94,61.42,0.017424
2023-11-17,SE,Retargeting | Site Visitors,6250,113,66.59,0.01808
2023-11-18,SE,Retargeting | Site Visitors,4346,96,69.36,0.022089
2023-11-19,SE,Retargeting | Site Visitors,6632,96,68.03,0.014475
2023-11-13,MW,Prospecting | Trail,11335,99,79.82,0.008734
2023-11-14,MW,Prospecting | Trail,8867,154,79.29,0.017368
2023-11-15,MW,Prospecting | Trail,11127,109,95.43,0.009796
2023-11-16,MW,Prospecting | Trail,11054,146,93.04,0.013208
2023-11-17,MW,Prospecting | Trail,10181,143,120.73,0.014046
2023-11-18,MW,Prospecting | Trail,11124,115,112.57,0.010338
2023-11-19,MW,Prospecting | Trail,7929,149,120.98,0.018792
2023-11-13,MW,Retargeting | Site Visitors,5629,78,58.42,0.013857
2023-11-14,MW,Retargeting | Site Visitors,4703,90,54.02,0.019137
2023-11-15,MW,Retargeting | Site Visitors,5609,101,53.45,0.018007
2023-11-16,MW,Retargeting | Site Visitors,4023,112,53.83,0.02784
2023-11-17,MW,Retargeting | Site Visitors,3935,79,63.24,0.020076
2023-11-18,MW,Retargeting | Site Visitors,5330,106,46.95,0.019887
2023-11-19,MW,Retargeting | Site Visitors,4285,97,55.5,0.022637
2023-11-13,MT,Prospecting | Trail,6708,106,80.41,0.015802
2023-11-14,MT,Prospecting | Trail,7842,99,84.82,0.012624
2023-11-15,MT,Prospecting | Trail,7335,92,58.89,0.012543
2023-11-16,MT,Prospecting | Trail,8583,80,85.58,0.009321
2023-11-17,MT,Prospecting | Trail,8129,92,81.23,0.011318
2023-11-18,MT,Prospecting | Trail,9581,100,83.07,0.010437
2023-11-19,MT,Prospecting | Trail,8640,107,82.83,0.012384
2023-11-13,MT,Retargeting | Site Visitors,3357,61,51.38,0.018171
2023-11-14,MT,Retargeting | Site Visitors,4104,79,45.34,0.01925
2023-11-15,MT,Retargeting | Site Visitors,3628,87,32.88,0.02398
2023-11-16,MT,Retargeting | Site Visitors,3861,88,46.56,0.022792
2023-11-17,MT,Retargeting | Site Visitors,3432,62,44.66,0.018065
2023-11-18,MT,Retargeting | Site Visitors,4245,75,40.95,0.017668
2023-11-19,MT,Retargeting | Site Visitors,3942,85,43.77,0.021563
2023-11-13,WE,Prospecting | Trail,15682,186,$160.46,0.011861
2023-11-14,WE,Prospecting | Trail,17144,188,$156.11,0.010966
2023-11-15,WE,Prospecting | Trail,12251,173,$113.96,0.014121
2023-11-16,WE,Prospecting | Trail,14417,158,$111.05,0.010959
2023-11-17,WE,Prospecting | Trail,13018,175,$164.95,0.013443
2023-11-18,WE,Prospecting | Trail,14557,165,$144.22,0.011335
2023-11-19,WE,Prospecting | Trail,11666,179,$116.87,0.015344
2023-11-13,WE,Retargeting | Site Visitors,6189,84,$70.32,0.013572
2023-11-14,WE,Retargeting | Site Visitors,5389,96,$63.50,0.017814
2023-11-15,WE,Retargeting | Site Visitors,6010,128,$56.01,0.021298
2023-11-16,WE,Retargeting | Site Visitors,5332,90,$57.33,0.016879
2023-11-17,WE,Retargeting | Site Visitors,5265,115,$52.90,0.021842
2023-11-18,WE,Retargeting | Site Visitors,4585,122,$64.61,0.026609
2023-11-19,WE,Retargeting | Site Visitors,5504,91,$75.50,0.016533
2023-11-20,NE,Prospecting | Trail,17637,143,145.43,0.008108
2023-11-21,NE,Prospecting | Trail,14223,173,147.7,0.012163
2023-11-22,NE,Prospecting | Trail,13306,209,150.21,0.015707
2023-11-23,NE,Prospecting | Trail,14780,214,141.12,0.014479
2023-11-24,NE,Prospecting | Trail,16599,158,151.43,0.009519
2023-11-25,NE,Prospecting | Trail,16946,175,130.4,0.010327
2023-11-26,NE,Prospecting | Trail,11923,149,166.76,0.012497
2023-11-20,NE,Retargeting | Site Visitors,5963,98,58.7,0.016435
2023-11-21,NE,Retargeting | Site Visitors,6622,124,83.55,0.018725
2023-11-22,NE,Retargeting | Site Visitors,6414,114,55.1,0.017774
2023-11-23,NE,Retargeting | Site Visitors,5616,112,66.04,0.019943
2023-11-24,NE,Retargeting | Site Visitors,4962,146,75.68,0.029424
2023-11-25,NE,Retargeting | Site Visitors,5498,113,76.23,0.020553
2023-11-26,NE,Retargeting | Site Visitors,7012,145,68.69,0.020679
2023-11-20,NE,Launch | New Colorway,5080,90,61.37,0.017717
2023-11-21,NE,Launch | New Colorway,4866,91,53.42,0.018701
2023-11-22,NE,Launch | New Colorway,4939,61,58.75,0.012351
2023-11-23,NE,Launch | New Colorway,7369,63,54.38,0.008549
2023-11-24,NE,Launch | New Colorway,6948,89,50.34,0.012809
2023-11-25,NE,Launch | New Colorway,4836,90,53.16,0.01861
2023-11-26,NE,Launch | New Colorway,4885,84,65.61,0.017195
2023-11-20,MA,Prospecting | Trail,12143,120,106.84,0.009882
2023-11-21,MA,Prospecting | Trail,14139,145,135.78,0.010255
2023-11-22,MA,Prospecting | Trail,11411,158,134.38,0.013846
2023-11-23,MA,Prospecting | Trail,14926,156,108.01,0.010452
2023-11-24,MA,Prospecting | Trail,10377,165,139.16,0.015901
2023-11-25,MA,Prospecting | Trail,13316,124,106.21,0.009312
2023-11-26,MA,Prospecting | Trail,11316,149,128.37,0.013167
2023-11-20,MA,Retargeting | Site Visitors,5447,102,64.79,0.018726
2023-11-21,MA,Retargeting | Site Visitors,5372,128,65.84,0.023827
2023-11-22,MA,Retargeting | Site Visitors,5052,87,67.17,0.017221
2023-11-23,MA,Retargeting | Site Visitors,6546,108,66.32,0.016499
2023-11-24,MA,Retargeting | Site Visitors,6284,127,58.97,0.02021
2023-11-25,MA,Retargeting | Site Visitors,5826,99,67.19,0.016993
2023-11-26,MA,Retargeting | Site Visitors,5608,99,71.28,0.017653
2023-11-20,MA,Launch | New Colorway,5822,68,37.4,0.01168
2023-11-21,MA,Launch | New Colorway,4647,70,45.42,0.015063
2023-11-22,MA,Launch | New Colorway,4450,81,54.35,0.018202
2023-11-23,MA,Launch | New Colorway,4120,66,45.95,0.016019
2023-11-24,MA,Launch | New Colorway,4262,88,56.13,0.020648
2023-11-25,MA,Launch | New Colorway,4069,78,50.73,0.019169
2023-11-26,MA,Launch | New Colorway,6301,67,53.47,0.010633
2023-11-20,SE,Prospecting | Trail,9855,128,91.36,0.012988
2023-11-21,SE,Prospecting | Trail,7802,135,103.86,0.017303
2023-11-22,SE,Prospecting | Trail,9140,120,80.49,0.013129
2023-11-23,SE,Prospecting | Trail,9573,99,82.97,0.010342
2023-11-24,SE,Prospecting | Trail,10550,98,92.15,0.009289
2023-11-25,SE,Prospecting | Trail,10548,103,111.4,0.009765
2023-11-26,SE,Prospecting | Trail,11097,109,109.7,0.009822
2023-11-20,SE,Retargeting | Site Visitors,4794,110,57.8,0.022945
2023-11-21,SE,Retargeting | Site Visitors,6388,113,74.62,0.017689
2023-11-22,SE,Retargeting | Site Visitors,5423,102,72.85,0.018809
2023-11-23,SE,Retargeting | Site Visitors,5494,114,74.11,0.02075
2023-11-24,SE,Retargeting | Site Visitors,7016,111,57.71,0.015821
2023-11-25,SE,Retargeting | Site Visitors,6322,110,75.5,0.0174
2023-11-26,SE,Retargeting | Site Visitors,5733,95,60.88,0.016571
2023-11-20,SE,Launch | New Colorway,4765,67,51.77,0.014061
2023-11-21,SE,Launch | New Colorway,4998,75,43.16,0.015006
2023-11-22,SE,Launch | New Colorway,4340,58,58.0,0.013364
2023-11-23,SE,Launch | New Colorway,4374,81,52.38,0.018519
2023-11-24,SE,Launch | New Colorway,5746,61,41.81,0.010616
2023-11-25,SE,Launch | New Colorway,6076,70,55.99,0.011521
2023-11-26,SE,Launch | New Colorway,5159,89,58.57,0.017251
2023-11-20,MW,Prospecting | Trail,9631,139,126.0,0.014433
2023-11-21,MW,Prospecting | Trail,12054,152,121.78,0.01261
2023-11-22,MW,Prospecting | Trail,9958,115,105.15,0.011549
2023-11-23,MW,Prospecting | Trail,11745,135,131.9,0.011494
2023-11-24,MW,Prospecting | Trail,12588,143,116.93,0.01136
2023-11-25,MW,Prospecting | Trail,13347,126,106.77,0.00944
2023-11-26,MW,Prospecting | Trail,12229,160,90.67,0.013084
2023-11-20,MW,Retargeting | Site Visitors,6554,136,68.45,0.020751
2023-11-21,MW,Retargeting | Site Visitors,7008,134,82.49,0.019121
2023-11-22,MW,Retargeting | Site Visitors,6527,126,70.96,0.019304
2023-11-23,MW,Retargeting | Site Visitors,5073,121,64.62,0.023852
2023-11-24,MW,Retargeting | Site Visitors,5373,105,64.49,0.019542
2023-11-25,MW,Retargeting | Site Visitors,5799,141,65.42,0.024315
2023-11-26,MW,Retargeting | Site Visitors,7205,115,84.25,0.015961
2023-11-20,MW,Launch | New Colorway,4952,75,59.58,0.015145
2023-11-21,MW,Launch | New Colorway,4970,82,61.5,0.016499
2023-11-22,MW,Launch | New Colorway,5330,85,44.42,0.015947
2023-11-23,MW,Launch | New Colorway,6405,68,61.66,0.010617
2023-11-24,MW,Launch | New Colorway,5422,87,61.17,0.016046
2023-11-25,MW,Launch | New Colorway,6094,86,42.84,0.014112
2023-11-26,MW,Launch | New Colorway,4593,65,54.04,0.014152
2023-11-20,MT,Prospecting | Trail,8308,91,71.22,0.010953
2023-11-21,MT,Prospecting | Trail,8277,110,87.57,0.01329
2023-11-22,MT,Prospecting | Trail,8995,117,85.8,0.013007
2023-11-23,MT,Prospecting | Trail,8974,81,74.43,0.009026
2023-11-24,MT,Prospecting | Trail,6980,89,73.54,0.012751
2023-11-25,MT,Prospecting | Trail,9121,117,87.83,0.012828
2023-11-26,MT,Prospecting | Trail,6461,96,79.34,0.014858
2023-11-20,MT,Retargeting | Site Visitors,4061,83,60.31,0.020438
2023-11-21,MT,Retargeting | Site Visitors,3912,83,40.02,0.021217
2023-11-22,MT,Retargeting | Site Visitors,4023,78,46.82,0.019389
2023-11-23,MT,Retargeting | Site Visitors,3845,81,40.03,0.021066
2023-11-24,MT,Retargeting | Site Visitors,4832,71,49.42,0.014694
2023-11-25,MT,Retargeting | Site Visitors,3777,85,48.8,0.022505
2023-11-26,MT,Retargeting | Site Visitors,4239,64,44.52,0.015098
2023-11-20,MT,Launch | New Colorway,4344,50,37.75,0.01151
2023-11-21,MT,Launch | New Colorway,2965,53,44.18,0.017875
2023-11-22,MT,Launch | New Colorway,4443,60,39.89,0.013504
2023-11-23,MT,Launch | New Colorway,4351,55,41.79,0.012641
2023-11-24,MT,Launch | New Colorway,3690,44,32.48,0.011924
2023-11-25,MT,Launch | New Colorway,3079,58,35.43,0.018837
2023-11-26,MT,Launch | New Colorway,3732,62,39.85,0.016613
2023-11-20,WE,Prospecting | Trail,16125,206,$136.22,0.012775
2023-11-21,WE,Prospecting | Trail,14201,145,$139.04,0.010211
2023-11-22,WE,Prospecting | Trail,13608,170,$174.15,0.012493
2023-11-23,WE,Prospecting | Trail,15312,152,$172.67,0.009927
2023-11-24,WE,Prospecting | Trail,17268,159,$125.40,0.009208
2023-11-25,WE,Prospecting | Trail,12688,203,$113.07,0.015999
2023-11-26,WE,Prospecting | Trail,15542,139,$165.95,0.008944
2023-11-20,WE,Retargeting | Site Visitors,8845,110,$90.28,0.012436
2023-11-21,WE,Retargeting | Site Visitors,8033,158,$104.21,0.019669
2023-11-22,WE,Retargeting | Site Visitors,6522,135,$93.34,0.020699
2023-11-23,WE,Retargeting | Site Visitors,8463,151,$79.96,0.017842
2023-11-24,WE,Retargeting | Site Visitors,7089,151,$92.59,0.021301
2023-11-25,WE,Retargeting | Site Visitors,7844,110,$74.46,0.014023
2023-11-26,WE,Retargeting | Site Visitors,7459,153,$89.08,0.020512
2023-11-20,WE,Launch | New Colorway,5162,89,$53.31,0.017241
2023-11-21,WE,Launch | New Colorway,5394,74,$53.92,0.013719
2023-11-22,WE,Launch | New Colorway,6836,116,$66.57,0.016969
2023-11-23,WE,Launch | New Colorway,6572,87,$64.91,0.013238
2023-11-24,WE,Launch | New Colorway,6164,107,$52.96,0.017359
2023-11-25,WE,Launch | New Colorway,5138,88,$68.58,0.017127
2023-11-26,WE,Launch | New Colorway,6501,103,$65.77,0.015844
2023-11-27,NE,Prospecting | Trail,12387,143,139.54,0.011544
2023-11-28,NE,Prospecting | Trail,12182,145,141.51,0.011903
2023-11-29,NE,Prospecting | Trail,17775,189,153.14,0.010633
2023-11-30,NE,Prospecting | Trail,14019,219,118.53,0.015622
2023-12-01,NE,Prospecting | Trail,12476,163,122.51,0.013065
2023-12-02,NE,Prospecting | Trail,16967,174,165.74,0.010255
2023-12-03,NE,Prospecting | Trail,12907,213,126.43,0.016503
2023-11-27,NE,Retargeting | Site Visitors,5640,126,62.28,0.02234
2023-11-28,NE,Retargeting | Site Visitors,5991,106,64.02,0.017693
2023-11-29,NE,Retargeting | Site Visitors,7147,120,91.42,0.01679
2023-11-30,NE,Retargeting | Site Visitors,5270,139,76.49,0.026376
2023-12-01,NE,Retargeting | Site Visitors,5830,127,73.94,0.021784
2023-12-02,NE,Retargeting | Site Visitors,7062,118,73.1,0.016709
2023-12-03,NE,Retargeting | Site Visitors,7779,135,73.03,0.017354
2023-11-27,NE,Launch | New Colorway,7101,71,72.33,0.009999
2023-11-28,NE,Launch | New Colorway,5069,105,50.18,0.020714
2023-11-29,NE,Launch | New Colorway,6200,103,56.86,0.016613
2023-11-30,NE,Launch | New Colorway,6187,96,59.45,0.015516
2023-12-01,NE,Launch | New Colorway,5190,79,54.93,0.015222
2023-12-02,NE,Launch | New Colorway,5297,72,75.74,0.013593
2023-12-03,NE,Launch | New Colorway,6540,89,54.67,0.013609
2023-11-27,MA,Prospecting | Trail,11424,140,124.25,0.012255
2023-11-28,MA,Prospecting | Trail,13026,128,111.51,0.009827
2023-11-29,MA,Prospecting | Trail,13650,146,104.33,0.010696
2023-11-30,MA,Prospecting | Trail,12610,144,133.9,0.01142
2023-12-01,MA,Prospecting | Trail,11279,142,110.31,0.01259
2023-12-02,MA,Prospecting | Trail,10047,146,134.14,0.014532
2023-12-03,MA,Prospecting | Trail,14324,135,127.88,0.009425
2023-11-27,MA,Retargeting | Site Visitors,6481,109,56.05,0.016818
2023-11-28,MA,Retargeting | Site Visitors,6053,95,64.98,0.015695
2023-11-29,MA,Retargeting | Site Visitors,5076,115,74.93,0.022656
2023-11-30,MA,Retargeting | Site Visitors,5891,118,57.19,0.020031
2023-12-01,MA,Retargeting | Site Visitors,5273,82,69.48,0.015551
2023-12-02,MA,Retargeting | Site Visitors,5232,100,68.59,0.019113
2023-12-03,MA,Retargeting | Site Visitors,5099,117,58.47,0.022946
2023-11-27,MA,Launch | New Colorway,5370,71,64.4,0.013222
2023-11-28,MA,Launch | New Colorway,5975,95,57.65,0.0159
2023-11-29,MA,Launch | New Colorway,4020,78,43.6,0.019403
2023-11-30,MA,Launch | New Colorway,5930,83,54.86,0.013997
2023-12-01,MA,Launch | New Colorway,5755,74,51.29,0.012858
2023-12-02,MA,Launch | New Colorway,4979,94,43.12,0.018879
2023-12-03,MA,Launch | New Colorway,4686,91,59.58,0.01942
2023-11-27,SE,Prospecting | Trail,9451,133,101.9,0.014073
2023-11-28,SE,Prospecting | Trail,9664,119,88.04,0.012314
2023-11-29,SE,Prospecting | Trail,9448,96,109.22,0.010161
2023-11-30,SE,Prospecting | Trail,10391,133,80.07,0.0128
2023-12-01,SE,Prospecting | Trail,11037,111,114.59,0.010057
2023-12-02,SE,Prospecting | Trail,8703,142,95.99,0.016316
2023-12-03,SE,Prospecting | Trail,9861,120,82.03,0.012169
2023-11-27,SE,Retargeting | Site Visitors,5035,146,63.32,0.028997
2023-11-28,SE,Retargeting | Site Visitors,6701,106,63.44,0.015819
2023-11-29,SE,Retargeting | Site Visitors,6317,99,59.82,0.015672
2023-11-30,SE,Retargeting | Site Visitors,5867,96,69.81,0.016363
2023-12-01,SE,Retargeting | Site Visitors,5668,103,62.7,0.018172
2023-12-02,SE,Retargeting | Site Visitors,6721,135,78.27,0.020086
2023-12-03,SE,Retargeting | Site Visitors,5168,119,79.62,0.023026
2023-11-27,SE,Launch | New Colorway,4744,48,43.77,0.010118
2023-11-28,SE,Launch | New Colorway,4404,67,41.44,0.015213
2023-11-29,SE,Launch | New Colorway,3490,46,38.01,0.013181
2023-11-30,SE,Launch | New Colorway,4632,71,46.42,0.015328
2023-12-01,SE,Launch | New Colorway,3190,68,46.0,0.021317
2023-12-02,SE,Launch | New Colorway,4662,64,39.95,0.013728
2023-12-03,SE,Launch | New Colorway,4060,54,42.07,0.0133
2023-11-27,MW,Prospecting | Trail,11507,175,121.31,0.015208
2023-11-28,MW,Prospecting | Trail,11638,119,126.92,0.010225
2023-11-29,MW,Prospecting | Trail,11008,153,124.72,0.013899
2023-11-30,MW,Prospecting | Trail,13543,122,134.31,0.009008
2023-12-01,MW,Prospecting | Trail,13438,163,121.42,0.01213
2023-12-02,MW,Prospecting | Trail,13584,131,142.97,0.009644
2023-12-03,MW,Prospecting | Trail,14551,163,103.16,0.011202
2023-11-27,MW,Retargeting | Site Visitors,6584,86,64.55,0.013062
2023-11-28,MW,Retargeting | Site Visitors,5556,112,68.88,0.020158
2023-11-29,MW,Retargeting | Site Visitors,4865,122,62.83,0.025077
2023-11-30,MW,Retargeting | Site Visitors,4615,96,63.46,0.020802
2023-12-01,MW,Retargeting | Site Visitors,6232,124,67.44,0.019897
2023-12-02,MW,Retargeting | Site Visitors,5289,90,66.93,0.017016
2023-12-03,MW,Retargeting | Site Visitors,5694,112,52.5,0.01967
2023-11-27,MW,Launch | New Colorway,4763,68,43.74,0.014277
2023-11-28,MW,Launch | New Colorway,5423,80,54.06,0.014752
2023-11-29,MW,Launch | New Colorway,4189,59,48.69,0.014085
2023-11-30,MW,Launch | New Colorway,4407,55,52.87,0.01248
2023-12-01,MW,Launch | New Colorway,4142,78,46.11,0.018831
2023-12-02,MW,Launch | New Colorway,5715,59,40.31,0.010324
2023-12-03,MW,Launch | New Colorway,4584,80,53.09,0.017452
2023-11-27,MT,Prospecting | Trail,7756,107,88.71,0.013796
2023-11-28,MT,Prospecting | Trail,9545,114,96.49,0.011943
2023-11-29,MT,Prospecting | Trail,7666,91,83.67,0.011871
2023-11-30,MT,Prospecting | Trail,8822,99,82.88,0.011222
2023-12-01,MT,Prospecting | Trail,8762,139,81.64,0.015864
2023-12-02,MT,Prospecting | Trail,11298,134,99.99,0.011861
2023-12-03,MT,Prospecting | Trail,9665,103,89.04,0.010657
2023-11-27,MT,Retargeting | Site Visitors,2983,78,46.09,0.026148
2023-11-28,MT,Retargeting | Site Visitors,4189,65,45.08,0.015517
2023-11-29,MT,Retargeting | Site Visitors,4548,76,53.49,0.016711
2023-11-30,MT,Retargeting | Site Visitors,4028,74,50.53,0.018371
2023-12-01,MT,Retargeting | Site Visitors,4543,83,38.28,0.01827
2023-12-02,MT,Retargeting | Site Visitors,4372,75,38.55,0.017155
2023-12-03,MT,Retargeting | Site Visitors,3010,79,46.22,0.026246
2023-11-27,MT,Launch | New Colorway,3765,61,29.7,0.016202
2023-11-28,MT,Launch | New Colorway,3868,48,38.01,0.01241
2023-11-29,MT,Launch | New Colorway,3081,64,34.64,0.020772
2023-11-30,MT,Launch | New Colorway,4015,57,31.13,0.014197
2023-12-01,MT,Launch | New Colorway,4071,48,44.09,0.011791
2023-12-02,MT,Launch | New Colorway,3094,60,35.67,0.019392
2023-12-03,MT,Launch | New Colorway,3243,45,43.16,0.013876
2023-11-27,WE,Prospecting | Trail,15948,178,$143.71,0.011161
2023-11-28,WE,Prospecting | Trail,15466,178,$166.41,0.011509
2023-11-29,WE,Prospecting | Trail,17357,201,$120.52,0.01158
2023-11-30,WE,Prospecting | Trail,16268,160,$172.64,0.009835
2023-12-01,WE,Prospecting | Trail,14972,180,$136.54,0.012022
2023-12-02,WE,Prospecting | Trail,12224,208,$155.92,0.017016
2023-12-03,WE,Prospecting | Trail,15204,221,$157.16,0.014536
2023-11-27,WE,Retargeting | Site Visitors,6944,133,$98.02,0.019153
2023-11-28,WE,Retargeting | Site Visitors,6506,125,$91.66,0.019213
2023-11-29,WE,Retargeting | Site Visitors,8819,161,$98.12,0.018256
2023-11-30,WE,Retargeting | Site Visitors,7885,129,$89.47,0.01636
2023-12-01,WE,Retargeting | Site Visitors,6324,123,$79.11,0.01945
2023-12-02,WE,Retargeting | Site Visitors,7880,176,$72.74,0.022335
2023-12-03,WE,Retargeting | Site Visitors,7999,169,$73.01,0.021128
2023-11-27,WE,Launch | New Colorway,5165,79,$63.34,0.015295
2023-11-28,WE,Launch | New Colorway,6258,92,$58.52,0.014701
2023-11-29,WE,Launch | New Colorway,6481,104,$68.90,0.016047
2023-11-30,WE,Launch | New Colorway,5814,98,$48.56,0.016856
2023-12-01,WE,Launch | New Colorway,5737,72,$64.64,0.01255
2023-12-02,WE,Launch | New Colorway,5007,81,$54.50,0.016177
2023-12-03,WE,Launch | New Colorway,6403,101,$58.38,0.015774
2023-12-04,NE,Prospecting | Trail,11244,142,117.24,0.012629
2023-12-05,NE,Prospecting | Trail,12538,170,127.34,0.013559
2023-12-06,NE,Prospecting | Trail,13804,142,107.32,0.010287
2023-12-07,NE,Prospecting | Trail,13994,177,144.35,0.012648
2023-12-08,NE,Prospecting | Trail,14481,153,140.68,0.010566
2023-12-09,NE,Prospecting | Trail,12273,173,117.12,0.014096
2023-12-10,NE,Prospecting | Trail,10017,120,111.79,0.01198
2023-12-04,NE,Retargeting | Site Visitors,7258,111,81.58,0.015293
2023-12-05,NE,Retargeting | Site Visitors,7049,106,81.67,0.015038
2023-12-06,NE,Retargeting | Site Visitors,6833,123,75.33,0.018001
2023-12-07,NE,Retargeting | Site Visitors,5581,112,56.66,0.020068
2023-12-08,NE,Retargeting | Site Visitors,6731,120,61.17,0.017828
2023-12-09,NE,Retargeting | Site Visitors,5481,133,77.95,0.024266
2023-12-10,NE,Retargeting | Site Visitors,5690,101,78.8,0.01775
2023-12-04,MA,Prospecting | Trail,9960,158,102.38,0.015863
2023-12-05,MA,Prospecting | Trail,12284,149,94.45,0.01213
2023-12-06,MA,Prospecting | Trail,13249,126,141.6,0.00951
2023-12-07,MA,Prospecting | Trail,9795,150,134.85,0.015314
2023-12-08,MA,Prospecting | Trail,11382,113,106.03,0.009928
2023-12-09,MA,Prospecting | Trail,13937,152,114.85,0.010906
2023-12-10,MA,Prospecting | Trail,11788,113,113.32,0.009586
2023-12-04,MA,Retargeting | Site Visitors,7519,109,64.21,0.014497
2023-12-05,MA,Retargeting | Site Visitors,6094,113,91.16,0.018543
2023-12-06,MA,Retargeting | Site Visitors,7097,120,72.72,0.016909
2023-12-07,MA,Retargeting | Site Visitors,5863,121,74.66,0.020638
2023-12-08,MA,Retargeting | Site Visitors,5990,146,64.31,0.024374
2023-12-09,MA,Retargeting | Site Visitors,6035,157,61.53,0.026015
2023-12-10,MA,Retargeting | Site Visitors,5333,112,76.62,0.021001
2023-12-04,SE,Prospecting | Trail,9828,100,85.21,0.010175
2023-12-05,SE,Prospecting | Trail,10227,133,98.82,0.013005
2023-12-06,SE,Prospecting | Trail,9062,114,112.95,0.01258
2023-12-07,SE,Prospecting | Trail,11060,148,112.99,0.013382
2023-12-08,SE,Prospecting | Trail,9565,126,89.53,0.013173
2023-12-09,SE,Prospecting | Trail,10946,101,107.44,0.009227
2023-12-10,SE,Prospecting | Trail,10084,153,86.62,0.015173
2023-12-04,SE,Retargeting | Site Visitors,5175,93,45.49,0.017971
2023-12-05,SE,Retargeting | Site Visitors,4958,106,43.5,0.02138
2023-12-06,SE,Retargeting | Site Visitors,4381,102,58.81,0.023282
2023-12-07,SE,Retargeting | Site Visitors,4986,77,53.95,0.015443
2023-12-08,SE,Retargeting | Site Visitors,3601,91,57.02,0.025271
2023-12-09,SE,Retargeting | Site Visitors,4279,74,58.02,0.017294
2023-12-10,SE,Retargeting | Site Visitors,4599,95,50.97,0.020657
2023-12-04,MW,Prospecting | Trail,11537,139,128.46,0.012048
2023-12-05,MW,Prospecting | Trail,10546,152,103.94,0.014413
2023-12-06,MW,Prospecting | Trail,14095,131,128.36,0.009294
2023-12-07,MW,Prospecting | Trail,12496,169,125.1,0.013524
2023-12-08,MW,Prospecting | Trail,12880,141,122.7,0.010947
2023-12-09,MW,Prospecting | Trail,14345,133,154.21,0.009272
2023-12-10,MW,Prospecting | Trail,15477,180,132.71,0.01163
2023-12-04,MW,Retargeting | Site Visitors,3973,113,59.82,0.028442
2023-12-05,MW,Retargeting | Site Visitors,6058,76,76.22,0.012545
2023-12-06,MW,Retargeting | Site Visitors,5192,114,54.49,0.021957
2023-12-07,MW,Retargeting | Site Visitors,6093,75,53.59,0.012309
2023-12-08,MW,Retargeting | Site Visitors,6047,107,66.11,0.017695
2023-12-09,MW,Retargeting | Site Visitors,4126,111,64.1,0.026903
2023-12-10,MW,Retargeting | Site Visitors,5365,107,49.48,0.019944
2023-12-04,MT,Prospecting | Trail,7712,78,107.54,0.010114
2023-12-05,MT,Prospecting | Trail,8843,117,72.68,0.013231
2023-12-06,MT,Prospecting | Trail,8245,100,87.26,0.012129
2023-12-07,MT,Prospecting | Trail,9920,112,77.06,0.01129
2023-12-08,MT,Prospecting | Trail,8662,104,106.01,0.012006
2023-12-09,MT,Prospecting | Trail,10648,98,81.13,0.009204
2023-12-10,MT,Prospecting | Trail,8849,106,84.52,0.011979
2023-12-04,MT,Retargeting | Site Visitors,4942,86,48.74,0.017402
2023-12-05,MT,Retargeting | Site Visitors,4274,70,53.72,0.016378
2023-12-06,MT,Retargeting | Site Visitors,4148,79,44.93,0.019045
2023-12-07,MT,Retargeting | Site Visitors,3513,83,54.16,0.023627
2023-12-08,MT,Retargeting | Site Visitors,3969,88,50.38,0.022172
2023-12-09,MT,Retargeting | Site Visitors,4251,86,40.37,0.020231
2023-12-10,MT,Retargeting | Site Visitors,4779,101,51.26,0.021134
2023-12-04,WE,Prospecting | Trail,14091,160,$105.17,0.011355
2023-12-05,WE,Prospecting | Trail,11060,130,$137.80,0.011754
2023-12-06,WE,Prospecting | Trail,14225,156,$139.55,0.010967
2023-12-07,WE,Prospecting | Trail,14746,166,$142.95,0.011257
2023-12-08,WE,Prospecting | Trail,14371,167,$128.03,0.011621
2023-12-09,WE,Prospecting | Trail,10249,185,$111.69,0.018051
2023-12-10,WE,Prospecting | Trail,11886,145,$122.96,0.012199
2023-12-04,WE,Retargeting | Site Visitors,7124,127,$65.50,0.017827
2023-12-05,WE,Retargeting | Site Visitors,6884,130,$89.56,0.018884
2023-12-06,WE,Retargeting | Site Visitors,7456,127,$64.41,0.017033
2023-12-07,WE,Retargeting | Site Visitors,5358,106,$66.09,0.019784
2023-12-08,WE,Retargeting | Site Visitors,5958,120,$66.34,0.020141
2023-12-09,WE,Retargeting | Site Visitors,4863,106,$72.37,0.021797
2023-12-10,WE,Retargeting | Site Visitors,5091,102,$67.18,0.020035
2023-12-11,NE,Prospecting | Trail,13504,136,100.61,0.010071
2023-12-12,NE,Prospecting | Trail,16190,149,124.88,0.009203
2023-12-13,NE,Prospecting | Trail,14811,132,119.67,0.008912
2023-12-14,NE,Prospecting | Trail,10894,187,146.63,0.017165
2023-12-15,NE,Prospecting | Trail,11130,143,151.31,0.012848
2023-12-16,NE,Prospecting | Trail,11167,132,121.0,0.011821
2023-12-17,NE,Prospecting | Trail,13502,154,129.63,0.011406
2023-12-11,NE,Retargeting | Site Visitors,5139,93,60.88,0.018097
2023-12-12,NE,Retargeting | Site Visitors,5684,90,55.6,0.015834
2023-12-13,NE,Retargeting | Site Visitors,6181,101,78.7,0.01634
2023-12-14,NE,Retargeting | Site Visitors,5186,118,54.52,0.022754
2023-12-15,NE,Retargeting | Site Visitors,6035,111,71.07,0.018393
2023-12-16,NE,Retargeting | Site Visitors,5796,127,71.57,0.021912
2023-12-17,NE,Retargeting | Site Visitors,6343,84,71.86,0.013243
2023-12-11,MA,Prospecting | Trail,8629,136,87.94,0.015761
2023-12-12,MA,Prospecting | Trail,11881,155,121.68,0.013046
2023-12-13,MA,Prospecting | Trail,10192,139,111.03,0.013638
2023-12-14,MA,Prospecting | Trail,12509,142,91.7,0.011352
2023-12-15,MA,Prospecting | Trail,12494,112,128.31,0.008964
2023-12-16,MA,Prospecting | Trail,11263,133,120.79,0.011809
2023-12-17,MA,Prospecting | Trail,12704,104,119.36,0.008186
2023-12-11,MA,Retargeting | Site Visitors,5134,101,63.53,0.019673
2023-12-12,MA,Retargeting | Site Visitors,6029,94,73.02,0.015591
2023-12-13,MA,Retargeting | Site Visitors,7312,130,63.75,0.017779
2023-12-14,MA,Retargeting | Site Visitors,5497,102,70.68,0.018556
2023-12-15,MA,Retargeting | Site Visitors,5500,123,56.75,0.022364
2023-12-16,MA,Retargeting | Site Visitors,6110,118,59.24,0.019313
2023-12-17,MA,Retargeting | Site Visitors,5102,116,80.9,0.022736
2023-12-11,SE,Prospecting | Trail,11533,125,88.83,0.010838
2023-12-12,SE,Prospecting | Trail,8307,100,88.31,0.012038
2023-12-13,SE,Prospecting | Trail,8257,149,103.12,0.018045
2023-12-14,SE,Prospecting | Trail,10389,115,104.57,0.011069
2023-12-15,SE,Prospecting | Trail,11304,124,103.55,0.01097
2023-12-16,SE,Prospecting | Trail,9287,111,92.12,0.011952
2023-12-17,SE,Prospecting | Trail,8741,141,84.11,0.016131
2023-12-11,SE,Retargeting | Site Visitors,4330,92,50.95,0.021247
2023-12-12,SE,Retargeting | Site Visitors,5271,74,54.22,0.014039
2023-12-13,SE,Retargeting | Site Visitors,4609,75,65.8,0.016273
2023-12-14,SE,Retargeting | Site Visitors,5351,82,54.44,0.015324
2023-12-15,SE,Retargeting | Site Visitors,4399,94,45.22,0.021368
2023-12-16,SE,Retargeting | Site Visitors,5354,75,57.81,0.014008
2023-12-17,SE,Retargeting | Site Visitors,4212,108,57.11,0.025641
2023-12-11,MW,Prospecting | Trail,10376,101,89.39,0.009734
2023-12-12,MW,Prospecting | Trail,11175,119,97.8,0.010649
2023-12-13,MW,Prospecting | Trail,8945,136,117.88,0.015204
2023-12-14,MW,Prospecting | Trail,9977,91,107.2,0.009121
2023-12-15,MW,Prospecting | Trail,10366,138,112.08,0.013313
2023-12-16,MW,Prospecting | Trail,11060,123,90.76,0.011121
2023-12-17,MW,Prospecting | Trail,10904,106,98.35,0.009721
2023-12-11,MW,Retargeting | Site Visitors,5024,83,48.71,0.016521
2023-12-12,MW,Retargeting | Site Visitors,3887,98,51.09,0.025212
2023-12-13,MW,Retargeting | Site Visitors,3872,79,73.52,0.020403
2023-12-14,MW,Retargeting | Site Visitors,4131,101,50.89,0.024449
2023-12-15,MW,Retargeting | Site Visitors,5876,111,52.97,0.01889
2023-12-16,MW,Retargeting | Site Visitors,4649,101,53.83,0.021725
2023-12-17,MW,Retargeting | Site Visitors,5961,95,53.1,0.015937
2023-12-11,MT,Prospecting | Trail,8590,108,61.17,0.012573
2023-12-12,MT,Prospecting | Trail,8554,109,83.94,0.012743
2023-12-13,MT,Prospecting | Trail,7574,115,80.7,0.015184
2023-12-14,MT,Prospecting | Trail,7229,112,84.1,0.015493
2023-12-15,MT,Prospecting | Trail,9615,76,82.73,0.007904
2023-12-16,MT,Prospecting | Trail,6815,86,86.1,0.012619
2023-12-17,MT,Prospecting | Trail,8564,100,79.3,0.011677
2023-12-11,MT,Retargeting | Site Visitors,3673,73,54.55,0.019875
2023-12-12,MT,Retargeting | Site Visitors,3161,70,38.56,0.022145
2023-12-13,MT,Retargeting | Site Visitors,4004,98,37.86,0.024476
2023-12-14,MT,Retargeting | Site Visitors,4783,77,46.81,0.016099
2023-12-15,MT,Retargeting | Site Visitors,4414,68,36.71,0.015406
2023-12-16,MT,Retargeting | Site Visitors,3778,64,56.67,0.01694
2023-12-17,MT,Retargeting | Site Visitors,3728,75,45.57,0.020118
2023-12-11,WE,Prospecting | Trail,14388,193,$177.77,0.013414
2023-12-12,WE,Prospecting | Trail,17042,226,$130.67,0.013261
2023-12-13,WE,Prospecting | Trail,15424,154,$139.28,0.009984
2023-12-14,WE,Prospecting | Trail,16142,177,$121.03,0.010965
2023-12-15,WE,Prospecting | Trail,16689,218,$179.12,0.013062
2023-12-16,WE,Prospecting | Trail,14906,166,$157.97,0.011136
2023-12-17,WE,Prospecting | Trail,13602,237,$154.44,0.017424
2023-12-11,WE,Retargeting | Site Visitors,5905,136,$76.07,0.023031
2023-12-12,WE,Retargeting | Site Visitors,7287,120,$67.66,0.016468
2023-12-13,WE,Retargeting | Site Visitors,6214,125,$85.77,0.020116
2023-12-14,WE,Retargeting | Site Visitors,7748,122,$81.17,0.015746
2023-12-15,WE,Retargeting | Site Visitors,6658,127,$80.38,0.019075
2023-12-16,WE,Retargeting | Site Visitors,6534,123,$61.76,0.018825
2023-12-17,WE,Retargeting | Site Visitors,5297,105,$72.09,0.019823
2023-12-18,NE,Prospecting | Trail,13390,133,145.82,0.009933
2023-12-19,NE,Prospecting | Trail,13993,173,107.14,0.012363
2023-12-20,NE,Prospecting | Trail,14639,161,122.06,0.010998
2023-12-21,NE,Prospecting | Trail,15038,160,151.06,0.01064
2023-12-22,NE,Prospecting | Trail,10631,152,157.45,0.014298
2023-12-23,NE,Prospecting | Trail,13264,164,129.77,0.012364
2023-12-24,NE,Prospecting | Trail,14960,158,126.68,0.010561
2023-12-18,NE,Retargeting | Site Visitors,5516,112,57.9,0.020305
2023-12-19,NE,Retargeting | Site Visitors,5557,85,72.27,0.015296
2023-12-20,NE,Retargeting | Site Visitors,6287,108,67.97,0.017178
2023-12-21,NE,Retargeting | Site Visitors,6240,126,65.04,0.020192
2023-12-22,NE,Retargeting | Site Visitors,6462,122,71.02,0.01888
2023-12-23,NE,Retargeting | Site Visitors,5661,99,68.21,0.017488
2023-12-24,NE,Retargeting | Site Visitors,5448,118,71.05,0.021659
2023-12-18,MA,Prospecting | Trail,13556,135,118.62,0.009959
2023-12-19,MA,Prospecting | Trail,14684,136,125.41,0.009262
2023-12-20,MA,Prospecting | Trail,13934,149,143.24,0.010693
2023-12-21,MA,Prospecting | Trail,11798,129,106.88,0.010934
2023-12-22,MA,Prospecting | Trail,14098,176,140.55,0.012484
2023-12-23,MA,Prospecting | Trail,13464,157,144.3,0.011661
2023-12-24,MA,Prospecting | Trail,12025,162,137.87,0.013472
2023-12-18,MA,Retargeting | Site Visitors,6660,114,80.65,0.017117
2023-12-19,MA,Retargeting | Site Visitors,5828,140,73.47,0.024022
2023-12-20,MA,Retargeting | Site Visitors,6915,123,76.15,0.017787
2023-12-21,MA,Retargeting | Site Visitors,6560,142,63.55,0.021646
2023-12-22,MA,Retargeting | Site Visitors,5378,96,69.14,0.017851
2023-12-23,MA,Retargeting | Site Visitors,6529,137,73.45,0.020983
2023-12-24,MA,Retargeting | Site Visitors,5713,117,64.78,0.02048
2023-12-18,SE,Prospecting | Trail,7486,119,90.13,0.015896
2023-12-19,SE,Prospecting | Trail,10408,112,97.21,0.010761
2023-12-20,SE,Prospecting | Trail,9073,100,90.75,0.011022
2023-12-21,SE,Prospecting | Trail,10000,90,120.01,0.009
2023-12-22,SE,Prospecting | Trail,9822,123,78.47,0.012523
2023-12-23,SE,Prospecting | Trail,10084,114,89.39,0.011305
2023-12-24,SE,Prospecting | Trail,10686,133,96.13,0.012446
2023-12-18,SE,Retargeting | Site Visitors,4608,108,56.94,0.023438
2023-12-19,SE,Retargeting | Site Visitors,5354,93,55.05,0.01737
2023-12-20,SE,Retargeting | Site Visitors,4886,95,59.87,0.019443
2023-12-21,SE,Retargeting | Site Visitors,5143,92,51.1,0.017888
2023-12-22,SE,Retargeting | Site Visitors,5147,101,52.62,0.019623
2023-12-23,SE,Retargeting | Site Visitors,5087,84,66.8,0.016513
2023-12-24,SE,Retargeting | Site Visitors,3825,87,49.2,0.022745
2023-12-18,MW,Prospecting | Trail,13843,155,134.32,0.011197
2023-12-19,MW,Prospecting | Trail,11343,169,109.06,0.014899
2023-12-20,MW,Prospecting | Trail,10171,115,130.4,0.011307
2023-12-21,MW,Prospecting | Trail,11550,148,102.35,0.012814
2023-12-22,MW,Prospecting | Trail,14158,136,137.98,0.009606
2023-12-23,MW,Prospecting | Trail,11666,110,104.01,0.009429
2023-12-24,MW,Prospecting | Trail,11641,120,108.71,0.010308
2023-12-18,MW,Retargeting | Site Visitors,5959,123,69.2,0.020641
2023-12-19,MW,Retargeting | Site Visitors,5255,110,61.89,0.020932
2023-12-20,MW,Retargeting | Site Visitors,5787,105,68.11,0.018144
2023-12-21,MW,Retargeting | Site Visitors,6877,93,69.65,0.013523
2023-12-22,MW,Retargeting | Site Visitors,4892,133,71.18,0.027187
2023-12-23,MW,Retargeting | Site Visitors,5493,99,48.61,0.018023
2023-12-24,MW,Retargeting | Site Visitors,5699,133,70.91,0.023337
2023-12-18,MT,Prospecting | Trail,9993,112,90.48,0.011208
2023-12-19,MT,Prospecting | Trail,9243,103,106.47,0.011144
2023-12-20,MT,Prospecting | Trail,10170,100,87.09,0.009833
2023-12-21,MT,Prospecting | Trail,10620,110,91.34,0.010358
2023-12-22,MT,Prospecting | Trail,10566,141,109.1,0.013345
2023-12-23,MT,Prospecting | Trail,8634,131,82.0,0.015173
2023-12-24,MT,Prospecting | Trail,6892,95,81.48,0.013784
2023-12-18,MT,Retargeting | Site Visitors,3964,72,61.46,0.018163
2023-12-19,MT,Retargeting | Site Visitors,4164,91,60.7,0.021854
2023-12-20,MT,Retargeting | Site Visitors,5544,73,52.94,0.013167
2023-12-21,MT,Retargeting | Site Visitors,4292,75,43.22,0.017474
2023-12-22,MT,Retargeting | Site Visitors,3914,83,50.07,0.021206
2023-12-23,MT,Retargeting | Site Visitors,4407,83,54.12,0.018834
2023-12-24,MT,Retargeting | Site Visitors,5645,96,44.69,0.017006
2023-12-18,WE,Prospecting | Trail,16755,175,$149.80,0.010445
2023-12-19,WE,Prospecting | Trail,15033,156,$176.51,0.010377
2023-12-20,WE,Prospecting | Trail,18868,192,$160.88,0.010176
2023-12-21,WE,Prospecting | Trail,14287,197,$150.41,0.013789
2023-12-22,WE,Prospecting | Trail,14874,163,$177.29,0.010959
2023-12-23,WE,Prospecting | Trail,14505,152,$119.32,0.010479
2023-12-24,WE,Prospecting | Trail,12964,173,$117.20,0.013345
2023-12-18,WE,Retargeting | Site Visitors,5890,109,$80.27,0.018506
2023-12-19,WE,Retargeting | Site Visitors,6252,89,$78.32,0.014235
2023-12-20,WE,Retargeting | Site Visitors,6763,126,$67.66,0.018631
2023-12-21,WE,Retargeting | Site Visitors,6425,92,$71.60,0.014319
2023-12-22,WE,Retargeting | Site Visitors,5480,120,$78.26,0.021898
2023-12-23,WE,Retargeting | Site Visitors,5001,124,$58.35,0.024795
2023-12-24,WE,Retargeting | Site Visitors,6657,106,$53.92,0.015923
2023-12-25,NE,Prospecting | Trail,15137,175,130.41,0.011561
2023-12-26,NE,Prospecting | Trail,15465,223,133.36,0.01442
2023-12-27,NE,Prospecting | Trail,15557,234,178.17,0.015041
2023-12-28,NE,Prospecting | Trail,17291,168,165.13,0.009716
2023-12-29,NE,Prospecting | Trail,14449,194,185.05,0.013427
2023-12-30,NE,Prospecting | Trail,16804,187,128.86,0.011128
2023-12-31,NE,Prospecting | Trail,14342,167,147.66,0.011644
2023-12-25,NE,Retargeting | Site Visitors,5735,115,71.06,0.020052
2023-12-26,NE,Retargeting | Site Visitors,4900,112,69.31,0.022857
2023-12-27,NE,Retargeting | Site Visitors,5599,111,73.36,0.019825
2023-12-28,NE,Retargeting | Site Visitors,7476,85,77.54,0.01137
2023-12-29,NE,Retargeting | Site Visitors,6022,106,72.24,0.017602
2023-12-30,NE,Retargeting | Site Visitors,5640,130,62.2,0.02305
2023-12-31,NE,Retargeting | Site Visitors,7456,114,66.8,0.01529
2023-12-25,MA,Prospecting | Trail,15615,184,148.27,0.011784
2023-12-26,MA,Prospecting | Trail,13127,143,140.24,0.010894
2023-12-27,MA,Prospecting | Trail,13226,168,119.89,0.012702
2023-12-28,MA,Prospecting | Trail,17562,170,155.61,0.00968
2023-12-29,MA,Prospecting | Trail,14137,184,146.5,0.013015
2023-12-30,MA,Prospecting | Trail,16776,179,139.64,0.01067
2023-12-31,MA,Prospecting | Trail,12531,172,158.98,0.013726
2023-12-25,MA,Retargeting | Site Visitors,5415,117,54.97,0.021607
2023-12-26,MA,Retargeting | Site Visitors,5681,110,79.11,0.019363
2023-12-27,MA,Retargeting | Site Visitors,5819,113,58.73,0.019419
2023-12-28,MA,Retargeting | Site Visitors,5847,103,79.37,0.017616
2023-12-29,MA,Retargeting | Site Visitors,4788,110,79.5,0.022974
2023-12-30,MA,Retargeting | Site Visitors,6808,84,66.16,0.012338
2023-12-31,MA,Retargeting | Site Visitors,6965,104,57.37,0.014932
2023-12-25,SE,Prospecting | Trail,11627,160,109.45,0.013761
2023-12-26,SE,Prospecting | Trail,13684,162,133.83,0.011839
2023-12-27,SE,Prospecting | Trail,14265,147,115.06,0.010305
2023-12-28,SE,Prospecting | Trail,12323,204,143.57,0.016554
2023-12-29,SE,Prospecting | Trail,10147,158,123.2,0.015571
2023-12-30,SE,Prospecting | Trail,14381,140,159.8,0.009735
2023-12-31,SE,Prospecting | Trail,14665,197,107.78,0.013433
2023-12-25,SE,Retargeting | Site Visitors,5504,94,56.13,0.017078
2023-12-26,SE,Retargeting | Site Visitors,4241,105,47.6,0.024758
2023-12-27,SE,Retargeting | Site Visitors,4864,95,59.94,0.019531
2023-12-28,SE,Retargeting | Site Visitors,5162,105,64.05,0.020341
2023-12-29,SE,Retargeting | Site Visitors,4324,71,42.81,0.01642
2023-12-30,SE,Retargeting | Site Visitors,4679,108,55.3,0.023082
2023-12-31,SE,Retargeting | Site Visitors,4973,81,62.26,0.016288
2023-12-25,MW,Prospecting | Trail,13207,113,145.07,0.008556
2023-12-26,MW,Prospecting | Trail,11155,146,140.64,0.013088
2023-12-27,MW,Prospecting | Trail,14641,136,111.14,0.009289
2023-12-28,MW,Prospecting | Trail,12666,133,116.82,0.010501
2023-12-29,MW,Prospecting | Trail,11519,142,106.06,0.012327
2023-12-30,MW,Prospecting | Trail,10746,148,126.36,0.013773
2023-12-31,MW,Prospecting | Trail,13094,156,106.76,0.011914
2023-12-25,MW,Retargeting | Site Visitors,4664,104,62.18,0.022298
2023-12-26,MW,Retargeting | Site Visitors,6116,99,67.96,0.016187
2023-12-27,MW,Retargeting | Site Visitors,5494,135,51.3,0.024572
2023-12-28,MW,Retargeting | Site Visitors,5888,101,64.92,0.017154
2023-12-29,MW,Retargeting | Site Visitors,5281,92,57.38,0.017421
2023-12-30,MW,Retargeting | Site Visitors,5325,130,62.8,0.024413
2023-12-31,MW,Retargeting | Site Visitors,4915,102,66.8,0.020753
2023-12-25,MT,Prospecting | Trail,11259,134,93.16,0.011902
2023-12-26,MT,Prospecting | Trail,10566,99,78.78,0.00937
2023-12-27,MT,Prospecting | Trail,10257,135,106.06,0.013162
2023-12-28,MT,Prospecting | Trail,8017,110,75.87,0.013721
2023-12-29,MT,Prospecting | Trail,7291,120,87.65,0.016459
2023-12-30,MT,Prospecting | Trail,7324,107,116.66,0.01461
2023-12-31,MT,Prospecting | Trail,11148,125,87.28,0.011213
2023-12-25,MT,Retargeting | Site Visitors,4555,99,60.12,0.021734
2023-12-26,MT,Retargeting | Site Visitors,4567,89,54.84,0.019488
2023-12-27,MT,Retargeting | Site Visitors,4888,93,45.85,0.019026
2023-12-28,MT,Retargeting | Site Visitors,5338,85,65.46,0.015924
2023-12-29,MT,Retargeting | Site Visitors,4743,101,62.97,0.021295
2023-12-30,MT,Retargeting | Site Visitors,5543,104,44.67,0.018762
2023-12-31,MT,Retargeting | Site Visitors,3767,94,50.19,0.024954
2023-12-25,WE,Prospecting | Trail,15570,167,$159.63,0.010726
2023-12-26,WE,Prospecting | Trail,16065,175,$181.70,0.010893
2023-12-27,WE,Prospecting | Trail,14374,190,$151.94,0.013218
2023-12-28,WE,Prospecting | Trail,15825,236,$175.45,0.014913
2023-12-29,WE,Prospecting | Trail,14622,194,$126.71,0.013268
2023-12-30,WE,Prospecting | Trail,16648,238,$131.86,0.014296
2023-12-31,WE,Prospecting | Trail,17262,164,$154.31,0.009501
2023-12-25,WE,Retargeting | Site Visitors,7048,139,$77.09,0.019722
2023-12-26,WE,Retargeting | Site Visitors,6755,130,$75.38,0.019245
2023-12-27,WE,Retargeting | Site Visitors,6359,121,$79.77,0.019028
2023-12-28,WE,Retargeting | Site Visitors,5398,115,$75.77,0.021304
2023-12-29,WE,Retargeting | Site Visitors,6109,121,$75.28,0.019807
2023-12-30,WE,Retargeting | Site Visitors,7912,102,$76.83,0.012892
2023-12-31,WE,Retargeting | Site Visitors,7748,125,$84.16,0.016133
2024-01-01,NE,Prospecting | Trail,9970,144,84.49,0.014443
2024-01-02,NE,Prospecting | Trail,13536,115,111.06,0.008496
2024-01-03,NE,Prospecting | Trail,9276,123,116.06,0.01326
2024-01-04,NE,Prospecting | Trail,11222,115,109.71,0.010248
2024-01-05,NE,Prospecting | Trail,9552,108,82.45,0.011307
2024-01-06,NE,Prospecting | Trail,11128,142,103.4,0.012761
2024-01-07,NE,Prospecting | Trail,9208,129,116.98,0.01401
2024-01-01,NE,Retargeting | Site Visitors,4707,113,45.04,0.024007
2024-01-02,NE,Retargeting | Site Visitors,5310,81,64.11,0.015254
2024-01-03,NE,Retargeting | Site Visitors,4417,79,52.54,0.017885
2024-01-04,NE,Retargeting | Site Visitors,4829,85,41.53,0.017602
2024-01-05,NE,Retargeting | Site Visitors,5104,110,62.14,0.021552
2024-01-06,NE,Retargeting | Site Visitors,4009,109,61.88,0.027189
2024-01-07,NE,Retargeting | Site Visitors,4273,80,48.23,0.018722
2024-01-01,MA,Prospecting | Trail,10705,154,100.48,0.014386
2024-01-02,MA,Prospecting | Trail,9909,134,105.31,0.013523
2024-01-03,MA,Prospecting | Trail,7985,104,112.58,0.013024
2024-01-04,MA,Prospecting | Trail,11788,111,100.04,0.009416
2024-01-05,MA,Prospecting | Trail,10593,100,92.07,0.00944
2024-01-06,MA,Prospecting | Trail,11632,122,112.33,0.010488
2024-01-07,MA,Prospecting | Trail,9869,141,87.51,0.014287
2024-01-01,MA,Retargeting | Site Visitors,4239,92,36.42,0.021703
2024-01-02,MA,Retargeting | Site Visitors,3083,87,45.9,0.028219
2024-01-03,MA,Retargeting | Site Visitors,3967,70,43.1,0.017646
2024-01-04,MA,Retargeting | Site Visitors,3985,66,47.22,0.016562
2024-01-05,MA,Retargeting | Site Visitors,4235,78,48.36,0.018418
2024-01-06,MA,Retargeting | Site Visitors,4313,78,49.71,0.018085
2024-01-07,MA,Retargeting | Site Visitors,3948,88,48.65,0.02229
2024-01-01,SE,Prospecting | Trail,7353,105,74.98,0.01428
2024-01-02,SE,Prospecting | Trail,7021,86,73.97,0.012249
2024-01-03,SE,Prospecting | Trail,8283,104,63.27,0.012556
2024-01-04,SE,Prospecting | Trail,6729,95,85.51,0.014118
2024-01-05,SE,Prospecting | Trail,9253,78,75.2,0.00843
2024-01-06,SE,Prospecting | Trail,7160,103,78.97,0.014385
2024-01-07,SE,Prospecting | Trail,8826,90,83.43,0.010197
2024-01-01,SE,Retargeting | Site Visitors,3076,56,46.06,0.018205
2024-01-02,SE,Retargeting | Site Visitors,4354,55,47.74,0.012632
2024-01-03,SE,Retargeting | Site Visitors,3499,68,42.41,0.019434
2024-01-04,SE,Retargeting | Site Visitors,3271,57,33.78,0.017426
2024-01-05,SE,Retargeting | Site Visitors,3209,62,41.16,0.019321
2024-01-06,SE,Retargeting | Site Visitors,3101,71,41.43,0.022896
2024-01-07,SE,Retargeting | Site Visitors,4211,77,31.71,0.018285
2024-01-01,MW,Prospecting | Trail,8787,96,59.96,0.010925
2024-01-02,MW,Prospecting | Trail,6791,95,80.38,0.013989
2024-01-03,MW,Prospecting | Trail,7741,75,71.81,0.009689
2024-01-04,MW,Prospecting | Trail,9104,93,80.21,0.010215
2024-01-05,MW,Prospecting | Trail,7486,99,87.78,0.013225
2024-01-06,MW,Prospecting | Trail,9278,106,87.94,0.011425
2024-01-07,MW,Prospecting | Trail,6976,107,82.33,0.015338
2024-01-01,MW,Retargeting | Site Visitors,4324,75,44.63,0.017345
2024-01-02,MW,Retargeting | Site Visitors,4495,85,58.73,0.01891
2024-01-03,MW,Retargeting | Site Visitors,4253,76,52.46,0.01787
2024-01-04,MW,Retargeting | Site Visitors,4590,75,45.94,0.01634
2024-01-05,MW,Retargeting | Site Visitors,4655,78,45.41,0.016756
2024-01-06,MW,Retargeting | Site Visitors,4099,93,57.47,0.022688
2024-01-07,MW,Retargeting | Site Visitors,3389,82,38.12,0.024196
2024-01-01,WE,Prospecting | Trail,10390,141,$118.20,0.013571
2024-01-02,WE,Prospecting | Trail,10147,130,$120.51,0.012812
2024-01-03,WE,Prospecting | Trail,12142,152,$113.89,0.012519
2024-01-04,WE,Prospecting | Trail,14425,180,$152.24,0.012478
2024-01-05,WE,Prospecting | Trail,14379,178,$135.59,0.012379
2024-01-06,WE,Prospecting | Trail,13827,162,$125.79,0.011716
2024-01-07,WE,Prospecting | Trail,13539,133,$104.49,0.009823
2024-01-01,WE,Retargeting | Site Visitors,4455,83,$59.76,0.018631
2024-01-02,WE,Retargeting | Site Visitors,5099,79,$57.53,0.015493
2024-01-03,WE,Retargeting | Site Visitors,4932,91,$41.61,0.018451
2024-01-04,WE,Retargeting | Site Visitors,4513,102,$46.13,0.022601
2024-01-05,WE,Retargeting | Site Visitors,4603,82,$58.51,0.017814
2024-01-06,WE,Retargeting | Site Visitors,3988,78,$56.18,0.019559
2024-01-07,WE,Retargeting | Site Visitors,5137,95,$56.64,0.018493
2024-01-08,NE,Prospecting | Trail,13454,120,134.6,0.008919
2024-01-09,NE,Prospecting | Trail,11400,117,104.59,0.010263
2024-01-10,NE,Prospecting | Trail,11893,172,114.37,0.014462
2024-01-11,NE,Prospecting | Trail,12871,132,109.22,0.010256
2024-01-12,NE,Prospecting | Trail,12304,144,127.91,0.011704
2024-01-13,NE,Prospecting | Trail,10767,131,100.52,0.012167
2024-01-14,NE,Prospecting | Trail,10052,121,119.66,0.012037
2024-01-08,NE,Retargeting | Site Visitors,4855,124,75.75,0.025541
2024-01-09,NE,Retargeting | Site Visitors,6665,86,56.38,0.012903
2024-01-10,NE,Retargeting | Site Visitors,4961,118,54.5,0.023786
2024-01-11,NE,Retargeting | Site Visitors,6177,105,69.35,0.016999
2024-01-12,NE,Retargeting | Site Visitors,5791,111,52.67,0.019168
2024-01-13,NE,Retargeting | Site Visitors,4929,116,71.1,0.023534
2024-01-14,NE,Retargeting | Site Visitors,4731,92,58.52,0.019446
2024-01-08,NE,Launch | New Colorway,4689,82,44.65,0.017488
2024-01-09,NE,Launch | New Colorway,3780,61,41.93,0.016138
2024-01-10,NE,Launch | New Colorway,4828,53,40.08,0.010978
2024-01-11,NE,Launch | New Colorway,4612,73,55.18,0.015828
2024-01-12,NE,Launch | New Colorway,4584,57,39.53,0.012435
2024-01-13,NE,Launch | New Colorway,5217,82,48.22,0.015718
2024-01-14,NE,Launch | New Colorway,3768,56,51.46,0.014862
2024-01-08,MA,Prospecting | Trail,11362,118,90.73,0.010385
2024-01-09,MA,Prospecting | Trail,11037,123,94.19,0.011144
2024-01-10,MA,Prospecting | Trail,10219,117,94.45,0.011449
2024-01-11,MA,Prospecting | Trail,8250,104,88.79,0.012606
2024-01-12,MA,Prospecting | Trail,9698,142,97.3,0.014642
2024-01-13,MA,Prospecting | Trail,8323,125,85.1,0.015019
2024-01-14,MA,Prospecting | Trail,8433,97,109.19,0.011502
2024-01-08,MA,Retargeting | Site Visitors,6352,116,71.89,0.018262
2024-01-09,MA,Retargeting | Site Visitors,5806,80,73.88,0.013779
2024-01-10,MA,Retargeting | Site Visitors,4425,99,70.87,0.022373
2024-01-11,MA,Retargeting | Site Visitors,6622,108,55.0,0.016309
2024-01-12,MA,Retargeting | Site Visitors,5449,86,53.27,0.015783
2024-01-13,MA,Retargeting | Site Visitors,5382,117,54.41,0.021739
2024-01-14,MA,Retargeting | Site Visitors,5815,102,78.97,0.017541
2024-01-08,MA,Launch | New Colorway,4788,62,52.15,0.012949
2024-01-09,MA,Launch | New Colorway,4592,72,56.45,0.015679
2024-01-10,MA,Launch | New Colorway,4915,86,45.21,0.017497
2024-01-11,MA,Launch | New Colorway,5301,66,46.83,0.01245
2024-01-12,MA,Launch | New Colorway,4172,76,46.79,0.018217
2024-01-13,MA,Launch | New Colorway,4639,78,40.56,0.016814
2024-01-14,MA,Launch | New Colorway,4440,75,47.05,0.016892
2024-01-08,SE,Prospecting | Trail,10938,107,95.2,0.009782
2024-01-09,SE,Prospecting | Trail,11774,105,84.24,0.008918
2024-01-10,SE,Prospecting | Trail,10664,105,123.28,0.009846
2024-01-11,SE,Prospecting | Trail,8658,140,122.73,0.01617
2024-01-12,SE,Prospecting | Trail,12199,108,105.38,0.008853
2024-01-13,SE,Prospecting | Trail,10639,156,111.27,0.014663
2024-01-14,SE,Prospecting | Trail,10524,147,96.78,0.013968
2024-01-08,SE,Retargeting | Site Visitors,3464,80,36.68,0.023095
2024-01-09,SE,Retargeting | Site Visitors,4538,74,53.22,0.016307
2024-01-10,SE,Retargeting | Site Visitors,4178,59,50.63,0.014122
2024-01-11,SE,Retargeting | Site Visitors,4240,77,40.73,0.01816
2024-01-12,SE,Retargeting | Site Visitors,4343,81,56.76,0.018651
2024-01-13,SE,Retargeting | Site Visitors,3758,66,39.01,0.017563
2024-01-14,SE,Retargeting | Site Visitors,3551,69,45.78,0.019431
2024-01-08,SE,Launch | New Colorway,4453,59,44.11,0.013249
2024-01-09,SE,Launch | New Colorway,3753,76,39.86,0.02025
2024-01-10,SE,Launch | New Colorway,4230,78,43.65,0.01844
2024-01-11,SE,Launch | New Colorway,4718,73,50.44,0.015473
2024-01-12,SE,Launch | New Colorway,4834,63,50.89,0.013033
2024-01-13,SE,Launch | New Colorway,5266,84,47.32,0.015951
2024-01-14,SE,Launch | New Colorway,4511,66,47.7,0.014631
2024-01-08,MW,Prospecting | Trail,9262,125,108.58,0.013496
2024-01-09,MW,Prospecting | Trail,9217,104,93.28,0.011283
2024-01-10,MW,Prospecting | Trail,11419,121,89.49,0.010596
2024-01-11,MW,Prospecting | Trail,10471,118,104.77,0.011269
2024-01-12,MW,Prospecting | Trail,9631,103,104.83,0.010695
2024-01-13,MW,Prospecting | Trail,10199,107,79.57,0.010491
2024-01-14,MW,Prospecting | Trail,8868,124,96.35,0.013983
2024-01-08,MW,Retargeting | Site Visitors,5050,84,47.53,0.016634
2024-01-09,MW,Retargeting | Site Visitors,5031,114,55.08,0.02266
2024-01-10,MW,Retargeting | Site Visitors,4672,111,53.83,0.023759
2024-01-11,MW,Retargeting | Site Visitors,4789,88,61.2,0.018375
2024-01-12,MW,Retargeting | Site Visitors,4517,104,53.94,0.023024
2024-01-13,MW,Retargeting | Site Visitors,5523,105,62.42,0.019011
2024-01-14,MW,Retargeting | Site Visitors,4888,79,62.41,0.016162
2024-01-08,MW,Launch | New Colorway,4745,65,44.37,0.013699
2024-01-09,MW,Launch | New Colorway,4974,82,54.06,0.016486
2024-01-10,MW,Launch | New Colorway,5282,79,52.64,0.014956
2024-01-11,MW,Launch | New Colorway,4229,62,45.79,0.014661
2024-01-12,MW,Launch | New Colorway,4122,65,54.96,0.015769
2024-01-13,MW,Launch | New Colorway,5531,81,41.03,0.014645
2024-01-14,MW,Launch | New Colorway,4198,57,44.57,0.013578
2024-01-08,WE,Prospecting | Trail,11362,129,$122.50,0.011354
2024-01-09,WE,Prospecting | Trail,12298,136,$113.12,0.011059
2024-01-10,WE,Prospecting | Trail,12987,154,$138.93,0.011858
2024-01-11,WE,Prospecting | Trail,11729,126,$137.10,0.010743
2024-01-12,WE,Prospecting | Trail,10782,158,$113.78,0.014654
2024-01-13,WE,Prospecting | Trail,13245,165,$120.81,0.012458
2024-01-14,WE,Prospecting | Trail,14053,126,$101.02,0.008966
2024-01-08,WE,Retargeting | Site Visitors,6985,81,$61.71,0.011596
2024-01-09,WE,Retargeting | Site Visitors,5567,100,$71.13,0.017963
2024-01-10,WE,Retargeting | Site Visitors,7088,81,$71.48,0.011428
2024-01-11,WE,Retargeting | Site Visitors,4796,99,$78.98,0.020642
2024-01-12,WE,Retargeting | Site Visitors,4884,122,$55.20,0.02498
2024-01-13,WE,Retargeting | Site Visitors,5840,122,$59.58,0.02089
2024-01-14,WE,Retargeting | Site Visitors,4893,104,$62.53,0.021255
2024-01-08,WE,Launch | New Colorway,4736,76,$49.71,0.016047
2024-01-09,WE,Launch | New Colorway,4668,82,$41.90,0.017566
2024-01-10,WE,Launch | New Colorway,4371,54,$46.34,0.012354
2024-01-11,WE,Launch | New Colorway,5765,81,$44.26,0.01405
2024-01-12,WE,Launch | New Colorway,5489,58,$57.76,0.010567
2024-01-13,WE,Launch | New Colorway,4895,69,$60.39,0.014096
2024-01-14,WE,Launch | New Colorway,5235,71,$58.25,0.013563
2024-01-15,NE,Prospecting | Trail,9313,116,106.19,0.012456
2024-01-16,NE,Prospecting | Trail,9271,88,104.53,0.009492
2024-01-17,NE,Prospecting | Trail,9859,129,70.36,0.013084
2024-01-18,NE,Prospecting | Trail,7108,103,87.11,0.014491
2024-01-19,NE,Prospecting | Trail,10233,120,94.87,0.011727
2024-01-20,NE,Prospecting | Trail,9968,111,80.9,0.011136
2024-01-21,NE,Prospecting | Trail,8595,106,86.64,0.012333
2024-01-15,NE,Retargeting | Site Visitors,5799,87,54.86,0.015003
2024-01-16,NE,Retargeting | Site Visitors,4619,84,60.2,0.018186
2024-01-17,NE,Retargeting | Site Visitors,5079,111,48.49,0.021855
2024-01-18,NE,Retargeting | Site Visitors,6065,92,44.41,0.015169
2024-01-19,NE,Retargeting | Site Visitors,4826,83,61.38,0.017199
2024-01-20,NE,Retargeting | Site Visitors,4035,109,63.06,0.027014
2024-01-21,NE,Retargeting | Site Visitors,4129,114,64.95,0.02761
2024-01-15,MA,Prospecting | Trail,11611,93,121.92,0.00801
2024-01-16,MA,Prospecting | Trail,11576,125,96.82,0.010798
2024-01-17,MA,Prospecting | Trail,11631,133,106.52,0.011435
2024-01-18,MA,Prospecting | Trail,9612,133,120.55,0.013837
2024-01-19,MA,Prospecting | Trail,9185,136,92.74,0.014807
2024-01-20,MA,Prospecting | Trail,9405,116,101.97,0.012334
2024-01-21,MA,Prospecting | Trail,11045,96,85.32,0.008692
2024-01-15,MA,Retargeting | Site Visitors,5401,91,46.74,0.016849
2024-01-16,MA,Retargeting | Site Visitors,5181,75,59.7,0.014476
2024-01-17,MA,Retargeting | Site Visitors,3696,84,51.42,0.022727
2024-01-18,MA,Retargeting | Site Visitors,5081,85,50.76,0.016729
2024-01-19,MA,Retargeting | Site Visitors,5027,66,56.3,0.013129
2024-01-20,MA,Retargeting | Site Visitors,3510,89,61.75,0.025356
2024-01-21,MA,Retargeting | Site Visitors,4260,81,43.12,0.019014
2024-01-15,SE,Prospecting | Trail,8134,112,93.76,0.013769
2024-01-16,SE,Prospecting | Trail,9870,143,90.44,0.014488
2024-01-17,SE,Prospecting | Trail,8581,115,75.08,0.013402
2024-01-18,SE,Prospecting | Trail,7746,94,95.03,0.012135
2024-01-19,SE,Prospecting | Trail,7989,96,85.59,0.012017
2024-01-20,SE,Prospecting | Trail,11885,96,94.5,0.008077
2024-01-21,SE,Prospecting | Trail,9329,120,88.25,0.012863
2024-01-15,SE,Retargeting | Site Visitors,3390,65,46.32,0.019174
2024-01-16,SE,Retargeting | Site Visitors,3811,68,36.84,0.017843
2024-01-17,SE,Retargeting | Site Visitors,5055,87,39.97,0.017211
2024-01-18,SE,Retargeting | Site Visitors,3420,85,48.22,0.024854
2024-01-19,SE,Retargeting | Site Visitors,3943,75,51.4,0.019021
2024-01-20,SE,Retargeting | Site Visitors,4878,82,46.91,0.01681
2024-01-21,SE,Retargeting | Site Visitors,3487,67,52.14,0.019214
2024-01-15,MW,Prospecting | Trail,13463,111,98.5,0.008245
2024-01-16,MW,Prospecting | Trail,9238,169,97.1,0.018294
2024-01-17,MW,Prospecting | Trail,9022,130,88.12,0.014409
2024-01-18,MW,Prospecting | Trail,11543,117,96.16,0.010136
2024-01-19,MW,Prospecting | Trail,9332,137,106.09,0.014681
2024-01-20,MW,Prospecting | Trail,9486,133,107.16,0.014021
2024-01-21,MW,Prospecting | Trail,8942,110,102.92,0.012301
2024-01-15,MW,Retargeting | Site Visitors,4070,86,55.91,0.02113
2024-01-16,MW,Retargeting | Site Visitors,3627,71,49.64,0.019575
2024-01-17,MW,Retargeting | Site Visitors,4364,98,53.67,0.022456
2024-01-18,MW,Retargeting | Site Visitors,4714,85,50.05,0.018031
2024-01-19,MW,Retargeting | Site Visitors,4848,78,48.15,0.016089
2024-01-20,MW,Retargeting | Site Visitors,4740,81,43.29,0.017089
2024-01-21,MW,Retargeting | Site Visitors,4448,90,53.63,0.020234
2024-01-15,WE,Prospecting | Trail,14507,147,$111.44,0.010133
2024-01-16,WE,Prospecting | Trail,12066,128,$101.92,0.010608
2024-01-17,WE,Prospecting | Trail,11419,122,$123.78,0.010684
2024-01-18,WE,Prospecting | Trail,11533,117,$124.31,0.010145
2024-01-19,WE,Prospecting | Trail,11892,143,$129.43,0.012025
2024-01-20,WE,Prospecting | Trail,10141,150,$106.96,0.014791
2024-01-21,WE,Prospecting | Trail,10665,146,$107.95,0.01369
2024-01-15,WE,Retargeting | Site Visitors,7007,109,$65.16,0.015556
2024-01-16,WE,Retargeting | Site Visitors,6706,128,$60.07,0.019087
2024-01-17,WE,Retargeting | Site Visitors,5410,132,$80.90,0.024399
2024-01-18,WE,Retargeting | Site Visitors,6752,107,$64.20,0.015847
2024-01-19,WE,Retargeting | Site Visitors,4866,129,$62.79,0.02651
2024-01-20,WE,Retargeting | Site Visitors,5568,115,$83.64,0.020654
2024-01-21,WE,Retargeting | Site Visitors,6440,96,$74.85,0.014907
2024-01-22,NE,Prospecting | Trail,9929,147,113.0,0.014805
2024-01-23,NE,Prospecting | Trail,11619,130,118.15,0.011189
2024-01-24,NE,Prospecting | Trail,13876,137,114.13,0.009873
2024-01-25,NE,Prospecting | Trail,11478,140,103.25,0.012197
2024-01-26,NE,Prospecting | Trail,10998,141,115.61,0.012821
2024-01-27,NE,Prospecting | Trail,10759,190,118.3,0.01766
2024-01-28,NE,Prospecting | Trail,12209,130,110.05,0.010648
2024-01-22,NE,Retargeting | Site Visitors,3625,97,65.69,0.026759
2024-01-23,NE,Retargeting | Site Visitors,5501,79,47.18,0.014361
2024-01-24,NE,Retargeting | Site Visitors,5634,90,58.21,0.015974
2024-01-25,NE,Retargeting | Site Visitors,3947,110,69.15,0.027869
2024-01-26,NE,Retargeting | Site Visitors,5628,113,48.43,0.020078
2024-01-27,NE,Retargeting | Site Visitors,5377,100,63.9,0.018598
2024-01-28,NE,Retargeting | Site Visitors,5335,79,50.49,0.014808
2024-01-22,MA,Prospecting | Trail,10639,83,108.97,0.007801
2024-01-23,MA,Prospecting | Trail,7771,90,75.51,0.011582
2024-01-24,MA,Prospecting | Trail,9986,116,84.14,0.011616
2024-01-25,MA,Prospecting | Trail,8184,106,90.38,0.012952
2024-01-26,MA,Prospecting | Trail,7854,104,101.87,0.013242
2024-01-27,MA,Prospecting | Trail,9979,101,77.75,0.010121
2024-01-28,MA,Prospecting | Trail,10470,129,97.22,0.012321
2024-01-22,MA,Retargeting | Site Visitors,4280,73,41.48,0.017056
2024-01-23,MA,Retargeting | Site Visitors,4844,82,51.66,0.016928
2024-01-24,MA,Retargeting | Site Visitors,3630,87,39.35,0.023967
2024-01-25,MA,Retargeting | Site Visitors,3516,77,52.47,0.0219
2024-01-26,MA,Retargeting | Site Visitors,3450,62,49.9,0.017971
2024-01-27,MA,Retargeting | Site Visitors,4610,84,49.5,0.018221
2024-01-28,MA,Retargeting | Site Visitors,4341,82,45.36,0.01889
2024-01-22,SE,Prospecting | Trail,8900,80,94.9,0.008989
2024-01-23,SE,Prospecting | Trail,8680,112,71.54,0.012903
2024-01-24,SE,Prospecting | Trail,9134,113,88.92,0.012371
2024-01-25,SE,Prospecting | Trail,7213,91,68.04,0.012616
2024-01-26,SE,Prospecting | Trail,8719,79,79.08,0.009061
2024-01-27,SE,Prospecting | Trail,9527,108,81.21,0.011336
2024-01-28,SE,Prospecting | Trail,6895,113,95.19,0.016389
2024-01-22,SE,Retargeting | Site Visitors,3600,75,42.74,0.020833
2024-01-23,SE,Retargeting | Site Visitors,3307,72,41.56,0.021772
2024-01-24,SE,Retargeting | Site Visitors,3774,69,42.15,0.018283
2024-01-25,SE,Retargeting | Site Visitors,4252,84,45.27,0.019755
2024-01-26,SE,Retargeting | Site Visitors,4180,72,39.42,0.017225
2024-01-27,SE,Retargeting | Site Visitors,4303,70,52.86,0.016268
2024-01-28,SE,Retargeting | Site Visitors,2833,90,37.85,0.031768
2024-01-22,MW,Prospecting | Trail,8447,94,81.16,0.011128
2024-01-23,MW,Prospecting | Trail,11242,117,92.0,0.010407
2024-01-24,MW,Prospecting | Trail,10721,136,95.1,0.012685
2024-01-25,MW,Prospecting | Trail,9524,116,111.1,0.01218
2024-01-26,MW,Prospecting | Trail,8942,123,122.46,0.013755
2024-01-27,MW,Prospecting | Trail,12329,124,85.91,0.010058
2024-01-28,MW,Prospecting | Trail,9285,144,103.07,0.015509
2024-01-22,MW,Retargeting | Site Visitors,4407,87,51.04,0.019741
2024-01-23,MW,Retargeting | Site Visitors,4027,108,68.6,0.026819
2024-01-24,MW,Retargeting | Site Visitors,5740,96,56.26,0.016725
2024-01-25,MW,Retargeting | Site Visitors,4374,79,48.99,0.018061
2024-01-26,MW,Retargeting | Site Visitors,4540,108,60.7,0.023789
2024-01-27,MW,Retargeting | Site Visitors,4690,93,58.13,0.019829
2024-01-28,MW,Retargeting | Site Visitors,6031,98,45.08,0.016249
2024-01-22,WE,Prospecting | Trail,11753,181,$148.62,0.0154
2024-01-23,WE,Prospecting | Trail,11002,149,$120.04,0.013543
2024-01-24,WE,Prospecting | Trail,11266,173,$126.58,0.015356
2024-01-25,WE,Prospecting | Trail,12878,139,$120.78,0.010794
2024-01-26,WE,Prospecting | Trail,15545,123,$145.63,0.007913
2024-01-27,WE,Prospecting | Trail,13192,119,$108.20,0.009021
2024-01-28,WE,Prospecting | Trail,13165,158,$100.39,0.012002
2024-01-22,WE,Retargeting | Site Visitors,4939,119,$71.57,0.024094
2024-01-23,WE,Retargeting | Site Visitors,4623,85,$52.64,0.018386
2024-01-24,WE,Retargeting | Site Visitors,5094,100,$69.26,0.019631
2024-01-25,WE,Retargeting | Site Visitors,4427,103,$48.21,0.023266
2024-01-26,WE,Retargeting | Site Visitors,4965,98,$70.68,0.019738
2024-01-27,WE,Retargeting | Site Visitors,6490,99,$50.53,0.015254
2024-01-28,WE,Retargeting | Site Visitors,6088,88,$58.30,0.014455
2024-01-29,NE,Prospecting | Trail,12637,154,97.08,0.012186
2024-01-30,NE,Prospecting | Trail,9720,120,96.19,0.012346
2024-01-31,NE,Prospecting | Trail,13251,157,136.5,0.011848
2024-02-01,NE,Prospecting | Trail,13136,136,124.3,0.010353
2024-02-02,NE,Prospecting | Trail,13120,154,96.85,0.011738
2024-02-03,NE,Prospecting | Trail,11808,162,128.76,0.01372
2024-02-04,NE,Prospecting | Trail,9128,124,131.74,0.013585
2024-01-29,NE,Retargeting | Site Visitors,5137,79,54.82,0.015379
2024-01-30,NE,Retargeting | Site Visitors,5741,77,51.37,0.013412
2024-01-31,NE,Retargeting | Site Visitors,5712,108,73.18,0.018908
2024-02-01,NE,Retargeting | Site Visitors,4892,73,67.07,0.014922
2024-02-02,NE,Retargeting | Site Visitors,5527,106,54.05,0.019179
2024-02-03,NE,Retargeting | Site Visitors,4694,109,55.73,0.023221
2024-02-04,NE,Retargeting | Site Visitors,4685,93,62.25,0.019851
2024-01-29,MA,Prospecting | Trail,9947,113,128.13,0.01136
2024-01-30,MA,Prospecting | Trail,10922,114,124.26,0.010438
2024-01-31,MA,Prospecting | Trail,11946,128,90.29,0.010715
2024-02-01,MA,Prospecting | Trail,13008,150,93.6,0.011531
2024-02-02,MA,Prospecting | Trail,10025,122,104.82,0.01217
2024-02-03,MA,Prospecting | Trail,11612,126,104.39,0.010851
2024-02-04,MA,Prospecting | Trail,8450,149,98.41,0.017633
2024-01-29,MA,Retargeting | Site Visitors,5177,118,58.94,0.022793
2024-01-30,MA,Retargeting | Site Visitors,4406,102,58.17,0.02315
2024-01-31,MA,Retargeting | Site Visitors,4464,99,59.25,0.022177
2024-02-01,MA,Retargeting | Site Visitors,4298,83,64.36,0.019311
2024-02-02,MA,Retargeting | Site Visitors,4458,106,49.65,0.023777
2024-02-03,MA,Retargeting | Site Visitors,5962,83,50.45,0.013922
2024-02-04,MA,Retargeting | Site Visitors,5417,81,52.26,0.014953
2024-01-29,SE,Prospecting | Trail,12544,99,97.0,0.007892
2024-01-30,SE,Prospecting | Trail,8781,137,113.62,0.015602
2024-01-31,SE,Prospecting | Trail,11097,151,98.0,0.013607
2024-02-01,SE,Prospecting | Trail,9590,127,88.4,0.013243
2024-02-02,SE,Prospecting | Trail,11536,117,103.11,0.010142
2024-02-03,SE,Prospecting | Trail,9332,139,90.6,0.014895
2024-02-04,SE,Prospecting | Trail,9009,116,113.78,0.012876
2024-01-29,SE,Retargeting | Site Visitors,4330,70,47.69,0.016166
2024-01-30,SE,Retargeting | Site Visitors,3174,78,45.75,0.024575
2024-01-31,SE,Retargeting | Site Visitors,4229,73,51.89,0.017262
2024-02-01,SE,Retargeting | Site Visitors,3604,62,38.58,0.017203
2024-02-02,SE,Retargeting | Site Visitors,3333,71,38.25,0.021302
2024-02-03,SE,Retargeting | Site Visitors,3494,88,43.68,0.025186
2024-02-04,SE,Retargeting | Site Visitors,4100,73,36.19,0.017805
2024-01-29,MW,Prospecting | Trail,7716,82,74.8,0.010627
2024-01-30,MW,Prospecting | Trail,9466,100,74.66,0.010564
2024-01-31,MW,Prospecting | Trail,9016,115,86.65,0.012755
2024-02-01,MW,Prospecting | Trail,7116,96,75.03,0.013491
2024-02-02,MW,Prospecting | Trail,8120,82,88.01,0.010099
2024-02-03,MW,Prospecting | Trail,8122,86,88.57,0.010589
2024-02-04,MW,Prospecting | Trail,8265,104,78.92,0.012583
2024-01-29,MW,Retargeting | Site Visitors,5180,78,51.78,0.015058
2024-01-30,MW,Retargeting | Site Visitors,4466,101,70.08,0.022615
2024-01-31,MW,Retargeting | Site Visitors,5025,77,64.2,0.015323
2024-02-01,MW,Retargeting | Site Visitors,4574,90,56.57,0.019676
2024-02-02,MW,Retargeting | Site Visitors,4082,84,45.31,0.020578
2024-02-03,MW,Retargeting | Site Visitors,5206,79,46.34,0.015175
2024-02-04,MW,Retargeting | Site Visitors,5319,94,55.0,0.017672
2024-01-29,MT,Prospecting | Trail,7181,84,82.04,0.011698
2024-01-30,MT,Prospecting | Trail,8551,90,77.18,0.010525
2024-01-31,MT,Prospecting | Trail,7249,121,89.92,0.016692
2024-02-01,MT,Prospecting | Trail,10030,96,73.39,0.009571
2024-02-02,MT,Prospecting | Trail,7862,96,96.4,0.012211
2024-02-03,MT,Prospecting | Trail,9840,118,85.03,0.011992
2024-02-04,MT,Prospecting | Trail,9069,95,81.9,0.010475
2024-01-29,MT,Retargeting | Site Visitors,3662,86,38.74,0.023484
2024-01-30,MT,Retargeting | Site Visitors,4427,83,48.37,0.018749
2024-01-31,MT,Retargeting | Site Visitors,4091,76,45.14,0.018577
2024-02-01,MT,Retargeting | Site Visitors,4091,71,43.34,0.017355
2024-02-02,MT,Retargeting | Site Visitors,4437,69,51.67,0.015551
2024-02-03,MT,Retargeting | Site Visitors,3789,81,48.85,0.021378
2024-02-04,MT,Retargeting | Site Visitors,4063,80,52.31,0.01969
2024-01-29,WE,Prospecting | Trail,11395,145,$128.52,0.012725
2024-01-30,WE,Prospecting | Trail,12069,139,$124.61,0.011517
2024-01-31,WE,Prospecting | Trail,9913,123,$87.58,0.012408
2024-02-01,WE,Prospecting | Trail,10893,150,$112.39,0.01377
2024-02-02,WE,Prospecting | Trail,10099,123,$90.83,0.012179
2024-02-03,WE,Prospecting | Trail,8968,146,$124.38,0.01628
2024-02-04,WE,Prospecting | Trail,13621,136,$85.88,0.009985
2024-01-29,WE,Retargeting | Site Visitors,4160,89,$64.79,0.021394
2024-01-30,WE,Retargeting | Site Visitors,4785,92,$50.71,0.019227
2024-01-31,WE,Retargeting | Site Visitors,5046,98,$72.09,0.019421
2024-02-01,WE,Retargeting | Site Visitors,5182,89,$47.63,0.017175
2024-02-02,WE,Retargeting | Site Visitors,4709,70,$46.96,0.014865
2024-02-03,WE,Retargeting | Site Visitors,5009,102,$52.54,0.020363
2024-02-04,WE,Retargeting | Site Visitors,4865,89,$53.47,0.018294
2024-02-05,NE,Prospecting | Trail,11721,155,108.77,0.013224
2024-02-06,NE,Prospecting | Trail,12701,125,94.91,0.009842
2024-02-07,NE,Prospecting | Trail,10789,144,110.06,0.013347
2024-02-08,NE,Prospecting | Trail,11815,132,103.85,0.011172
2024-02-09,NE,Prospecting | Trail,9267,141,112.35,0.015215
2024-02-10,NE,Prospecting | Trail,10522,163,115.41,0.015491
2024-02-11,NE,Prospecting | Trail,11706,147,124.14,0.012558
2024-02-05,NE,Retargeting | Site Visitors,4814,77,58.16,0.015995
2024-02-06,NE,Retargeting | Site Visitors,4776,91,57.79,0.019054
2024-02-07,NE,Retargeting | Site Visitors,3706,100,52.33,0.026983
2024-02-08,NE,Retargeting | Site Visitors,4955,82,60.8,0.016549
2024-02-09,NE,Retargeting | Site Visitors,5315,77,48.59,0.014487
2024-02-10,NE,Retargeting | Site Visitors,4686,79,44.22,0.016859
2024-02-11,NE,Retargeting | Site Visitors,4895,109,59.31,0.022268
2024-02-05,MA,Prospecting | Trail,7120,117,94.07,0.016433
2024-02-06,MA,Prospecting | Trail,8892,105,69.9,0.011808
2024-02-07,MA,Prospecting | Trail,10864,86,83.41,0.007916
2024-02-08,MA,Prospecting | Trail,7914,102,96.73,0.012889
2024-02-09,MA,Prospecting | Trail,8205,108,88.61,0.013163
2024-02-10,MA,Prospecting | Trail,9990,95,79.7,0.00951
2024-02-11,MA,Prospecting | Trail,9045,122,95.45,0.013488
2024-02-05,MA,Retargeting | Site Visitors,5981,110,51.27,0.018392
2024-02-06,MA,Retargeting | Site Visitors,4828,86,59.64,0.017813
2024-02-07,MA,Retargeting | Site Visitors,4616,75,65.54,0.016248
2024-02-08,MA,Retargeting | Site Visitors,6749,85,76.68,0.012594
2024-02-09,MA,Retargeting | Site Visitors,4542,102,53.87,0.022457
2024-02-10,MA,Retargeting | Site Visitors,5717,103,54.73,0.018016
2024-02-11,MA,Retargeting | Site Visitors,4388,107,61.73,0.024385
2024-02-05,SE,Prospecting | Trail,7793,114,90.66,0.014629
2024-02-06,SE,Prospecting | Trail,9936,102,91.18,0.010266
2024-02-07,SE,Prospecting | Trail,6880,116,81.28,0.01686
2024-02-08,SE,Prospecting | Trail,9761,117,91.86,0.011986
2024-02-09,SE,Prospecting | Trail,9314,117,75.72,0.012562
2024-02-10,SE,Prospecting | Trail,9882,118,93.71,0.011941
2024-02-11,SE,Prospecting | Trail,10145,129,99.95,0.012716
2024-02-05,SE,Retargeting | Site Visitors,5010,83,60.86,0.016567
2024-02-06,SE,Retargeting | Site Visitors,3758,65,52.63,0.017296
2024-02-07,SE,Retargeting | Site Visitors,3933,84,45.08,0.021358
2024-02-08,SE,Retargeting | Site Visitors,3895,97,44.93,0.024904
2024-02-09,SE,Retargeting | Site Visitors,3894,80,49.15,0.020544
2024-02-10,SE,Retargeting | Site Visitors,5559,68,52.52,0.012232
2024-02-11,SE,Retargeting | Site Visitors,5183,97,54.0,0.018715
2024-02-05,MW,Prospecting | Trail,8904,110,82.53,0.012354
2024-02-06,MW,Prospecting | Trail,8564,130,118.77,0.01518
2024-02-07,MW,Prospecting | Trail,10709,118,96.37,0.011019
2024-02-08,MW,Prospecting | Trail,8272,108,103.85,0.013056
2024-02-09,MW,Prospecting | Trail,11386,126,101.34,0.011066
2024-02-10,MW,Prospecting | Trail,12734,137,81.07,0.010759
2024-02-11,MW,Prospecting | Trail,10137,156,109.0,0.015389
2024-02-05,MW,Retargeting | Site Visitors,5311,82,67.87,0.01544
2024-02-06,MW,Retargeting | Site Visitors,6031,83,50.95,0.013762
2024-02-07,MW,Retargeting | Site Visitors,6131,102,55.1,0.016637
2024-02-08,MW,Retargeting | Site Visitors,4017,88,48.72,0.021907
2024-02-09,MW,Retargeting | Site Visitors,4202,94,55.07,0.02237
2024-02-10,MW,Retargeting | Site Visitors,4175,105,55.93,0.02515
2024-02-11,MW,Retargeting | Site Visitors,4025,109,56.11,0.027081
2024-02-05,MT,Prospecting | Trail,8276,99,72.56,0.011962
2024-02-06,MT,Prospecting | Trail,6383,90,91.92,0.0141
2024-02-07,MT,Prospecting | Trail,8822,103,85.58,0.011675
2024-02-08,MT,Prospecting | Trail,7189,95,69.25,0.013215
2024-02-09,MT,Prospecting | Trail,9380,101,80.87,0.010768
2024-02-10,MT,Prospecting | Trail,9176,102,98.46,0.011116
2024-02-11,MT,Prospecting | Trail,9209,97,74.02,0.010533
2024-02-05,MT,Retargeting | Site Visitors,2970,81,34.69,0.027273
2024-02-06,MT,Retargeting | Site Visitors,3799,66,52.69,0.017373
2024-02-07,MT,Retargeting | Site Visitors,3976,65,37.27,0.016348
2024-02-08,MT,Retargeting | Site Visitors,3022,77,36.04,0.02548
2024-02-09,MT,Retargeting | Site Visitors,4206,87,44.51,0.020685
2024-02-10,MT,Retargeting | Site Visitors,4104,57,42.25,0.013889
2024-02-11,MT,Retargeting | Site Visitors,3571,82,47.51,0.022963
2024-02-05,WE,Prospecting | Trail,11284,126,$101.62,0.011166
2024-02-06,WE,Prospecting | Trail,10736,128,$140.39,0.011923
2024-02-07,WE,Prospecting | Trail,11422,106,$109.81,0.00928
2024-02-08,WE,Prospecting | Trail,11605,142,$97.17,0.012236
2024-02-09,WE,Prospecting | Trail,8908,119,$99.53,0.013359
2024-02-10,WE,Prospecting | Trail,12029,152,$104.27,0.012636
2024-02-11,WE,Prospecting | Trail,10282,122,$94.62,0.011865
2024-02-05,WE,Retargeting | Site Visitors,5062,108,$56.93,0.021335
2024-02-06,WE,Retargeting | Site Visitors,4682,98,$68.79,0.020931
2024-02-07,WE,Retargeting | Site Visitors,5120,92,$67.63,0.017969
2024-02-08,WE,Retargeting | Site Visitors,6471,128,$60.45,0.019781
2024-02-09,WE,Retargeting | Site Visitors,6499,121,$57.17,0.018618
2024-02-10,WE,Retargeting | Site Visitors,5871,135,$71.10,0.022994
2024-02-11,WE,Retargeting | Site Visitors,6072,100,$75.38,0.016469
2024-02-12,NE,Prospecting | Trail,12171,118,92.72,0.009695
2024-02-13,NE,Prospecting | Trail,10845,109,90.7,0.010051
2024-02-14,NE,Prospecting | Trail,14253,152,123.43,0.010664
2024-02-15,NE,Prospecting | Trail,9517,130,126.04,0.01366
2024-02-16,NE,Prospecting | Trail,11743,158,129.51,0.013455
2024-02-17,NE,Prospecting | Trail,9768,151,114.91,0.015459
2024-02-18,NE,Prospecting | Trail,9691,137,86.97,0.014137
2024-02-12,NE,Retargeting | Site Visitors,4540,101,72.21,0.022247
2024-02-13,NE,Retargeting | Site Visitors,5431,84,61.95,0.015467
2024-02-14,NE,Retargeting | Site Visitors,6685,90,63.11,0.013463
2024-02-15,NE,Retargeting | Site Visitors,6605,110,58.33,0.016654
2024-02-16,NE,Retargeting | Site Visitors,5930,120,52.19,0.020236
2024-02-17,NE,Retargeting | Site Visitors,4767,109,74.33,0.022866
2024-02-18,NE,Retargeting | Site Visitors,5022,109,66.14,0.021705
2024-02-12,MA,Prospecting | Trail,8904,101,102.9,0.011343
2024-02-13,MA,Prospecting | Trail,10695,111,76.68,0.010379
2024-02-14,MA,Prospecting | Trail,10641,102,85.6,0.009586
2024-02-15,MA,Prospecting | Trail,10193,114,96.39,0.011184
2024-02-16,MA,Prospecting | Trail,8520,104,85.84,0.012207
2024-02-17,MA,Prospecting | Trail,9071,123,113.77,0.01356
2024-02-18,MA,Prospecting | Trail,7367,96,79.64,0.013031
2024-02-12,MA,Retargeting | Site Visitors,4748,105,48.79,0.022115
2024-02-13,MA,Retargeting | Site Visitors,4855,96,69.62,0.019773
2024-02-14,MA,Retargeting | Site Visitors,5280,105,50.81,0.019886
2024-02-15,MA,Retargeting | Site Visitors,4207,101,63.02,0.024008
2024-02-16,MA,Retargeting | Site Visitors,5312,77,50.76,0.014495
2024-02-17,MA,Retargeting | Site Visitors,5671,84,52.01,0.014812
2024-02-18,MA,Retargeting | Site Visitors,4813,89,66.16,0.018492
2024-02-12,SE,Prospecting | Trail,6508,82,80.54,0.0126
2024-02-13,SE,Prospecting | Trail,7413,105,80.64,0.014164
2024-02-14,SE,Prospecting | Trail,7272,92,78.43,0.012651
2024-02-15,SE,Prospecting | Trail,8436,103,67.17,0.01221
2024-02-16,SE,Prospecting | Trail,7919,73,75.02,0.009218
2024-02-17,SE,Prospecting | Trail,8900,102,81.11,0.011461
2024-02-18,SE,Prospecting | Trail,9342,96,83.83,0.010276
2024-02-12,SE,Retargeting | Site Visitors,4270,102,53.94,0.023888
2024-02-13,SE,Retargeting | Site Visitors,4477,83,47.72,0.018539
2024-02-14,SE,Retargeting | Site Visitors,4646,85,47.79,0.018295
2024-02-15,SE,Retargeting | Site Visitors,3894,85,46.57,0.021828
2024-02-16,SE,Retargeting | Site Visitors,3811,94,46.77,0.024665
2024-02-17,SE,Retargeting | Site Visitors,4157,69,49.71,0.016599
2024-02-18,SE,Retargeting | Site Visitors,4796,92,53.09,0.019183
2024-02-12,MW,Prospecting | Trail,9846,141,119.29,0.014321
2024-02-13,MW,Prospecting | Trail,9973,106,119.65,0.010629
2024-02-14,MW,Prospecting | Trail,13282,100,95.06,0.007529
2024-02-15,MW,Prospecting | Trail,10788,123,112.76,0.011402
2024-02-16,MW,Prospecting | Trail,10066,140,119.51,0.013908
2024-02-17,MW,Prospecting | Trail,9760,142,102.32,0.014549
2024-02-18,MW,Prospecting | Trail,13339,147,86.52,0.01102
2024-02-12,MW,Retargeting | Site Visitors,4330,127,54.05,0.02933
2024-02-13,MW,Retargeting | Site Visitors,4635,100,52.26,0.021575
2024-02-14,MW,Retargeting | Site Visitors,4450,96,55.43,0.021573
2024-02-15,MW,Retargeting | Site Visitors,5862,120,53.45,0.020471
2024-02-16,MW,Retargeting | Site Visitors,5218,95,68.82,0.018206
2024-02-17,MW,Retargeting | Site Visitors,5809,91,57.82,0.015665
2024-02-18,MW,Retargeting | Site Visitors,5299,93,67.6,0.01755
2024-02-12,MT,Prospecting | Trail,10160,89,103.84,0.00876
2024-02-13,MT,Prospecting | Trail,8696,105,69.48,0.012075
2024-02-14,MT,Prospecting | Trail,9355,103,76.66,0.01101
2024-02-15,MT,Prospecting | Trail,6850,119,106.61,0.017372
2024-02-16,MT,Prospecting | Trail,9201,83,90.93,0.009021
2024-02-17,MT,Prospecting | Trail,9893,104,85.0,0.010512
2024-02-18,MT,Prospecting | Trail,7812,109,74.78,0.013953
2024-02-12,MT,Retargeting | Site Visitors,3748,72,50.72,0.01921
2024-02-13,MT,Retargeting | Site Visitors,3546,63,38.53,0.017766
2024-02-14,MT,Retargeting | Site Visitors,3289,66,39.02,0.020067
2024-02-15,MT,Retargeting | Site Visitors,4584,66,47.29,0.014398
2024-02-16,MT,Retargeting | Site Visitors,3860,80,38.26,0.020725
2024-02-17,MT,Retargeting | Site Visitors,3742,56,38.7,0.014965
2024-02-18,MT,Retargeting | Site Visitors,3310,78,47.4,0.023565
2024-02-12,WE,Prospecting | Trail,8571,135,$107.19,0.015751
2024-02-13,WE,Prospecting | Trail,8283,101,$111.64,0.012194
2024-02-14,WE,Prospecting | Trail,10273,108,$93.00,0.010513
2024-02-15,WE,Prospecting | Trail,12081,137,$88.83,0.01134
2024-02-16,WE,Prospecting | Trail,11738,133,$99.08,0.011331
2024-02-17,WE,Prospecting | Trail,8967,110,$90.04,0.012267
2024-02-18,WE,Prospecting | Trail,12026,136,$115.22,0.011309
2024-02-12,WE,Retargeting | Site Visitors,6924,124,$73.27,0.017909
2024-02-13,WE,Retargeting | Site Visitors,6816,133,$74.57,0.019513
2024-02-14,WE,Retargeting | Site Visitors,5841,100,$74.63,0.01712
2024-02-15,WE,Retargeting | Site Visitors,7195,120,$69.62,0.016678
2024-02-16,WE,Retargeting | Site Visitors,5740,128,$56.74,0.0223
2024-02-17,WE,Retargeting | Site Visitors,5172,100,$82.86,0.019335
2024-02-18,WE,Retargeting | Site Visitors,5125,134,$60.67,0.026146
2024-02-19,NE,Prospecting | Trail,9501,154,134.58,0.016209
2024-02-20,NE,Prospecting | Trail,12786,145,97.01,0.011341
2024-02-21,NE,Prospecting | Trail,13727,164,145.94,0.011947
2024-02-22,NE,Prospecting | Trail,11012,117,110.04,0.010625
2024-02-23,NE,Prospecting | Trail,11303,107,100.51,0.009467
2024-02-24,NE,Prospecting | Trail,12954,134,104.27,0.010344
2024-02-25,NE,Prospecting | Trail,11414,123,118.07,0.010776
2024-02-19,NE,Retargeting | Site Visitors,6042,111,61.43,0.018371
2024-02-20,NE,Retargeting | Site Visitors,5204,116,69.98,0.022291
2024-02-21,NE,Retargeting | Site Visitors,4692,85,74.75,0.018116
2024-02-22,NE,Retargeting | Site Visitors,6150,121,67.16,0.019675
2024-02-23,NE,Retargeting | Site Visitors,4924,82,56.99,0.016653
2024-02-24,NE,Retargeting | Site Visitors,6765,113,71.41,0.016704
2024-02-25,NE,Retargeting | Site Visitors,6267,121,58.78,0.019307
2024-02-19,MA,Prospecting | Trail,8326,133,92.1,0.015974
2024-02-20,MA,Prospecting | Trail,7831,142,95.34,0.018133
2024-02-21,MA,Prospecting | Trail,11510,99,100.28,0.008601
2024-02-22,MA,Prospecting | Trail,10343,94,102.37,0.009088
2024-02-23,MA,Prospecting | Trail,10505,100,79.17,0.009519
2024-02-24,MA,Prospecting | Trail,10241,102,100.97,0.00996
2024-02-25,MA,Prospecting | Trail,9477,108,98.46,0.011396
2024-02-19,MA,Retargeting | Site Visitors,4081,77,50.2,0.018868
2024-02-20,MA,Retargeting | Site Visitors,4200,91,55.05,0.021667
2024-02-21,MA,Retargeting | Site Visitors,4047,78,45.28,0.019274
2024-02-22,MA,Retargeting | Site Visitors,5031,86,47.36,0.017094
2024-02-23,MA,Retargeting | Site Visitors,4531,70,49.51,0.015449
2024-02-24,MA,Retargeting | Site Visitors,4845,78,46.46,0.016099
2024-02-25,MA,Retargeting | Site Visitors,3844,84,57.77,0.021852
2024-02-19,SE,Prospecting | Trail,7904,96,84.1,0.012146
2024-02-20,SE,Prospecting | Trail,8310,115,66.65,0.013839
2024-02-21,SE,Prospecting | Trail,9983,106,88.67,0.010618
2024-02-22,SE,Prospecting | Trail,7655,132,97.34,0.017244
2024-02-23,SE,Prospecting | Trail,8138,99,76.57,0.012165
2024-02-24,SE,Prospecting | Trail,9462,89,95.29,0.009406
2024-02-25,SE,Prospecting | Trail,9728,107,90.93,0.010999
2024-02-19,SE,Retargeting | Site Visitors,5818,107,55.7,0.018391
2024-02-20,SE,Retargeting | Site Visitors,5556,104,59.93,0.018719
2024-02-21,SE,Retargeting | Site Visitors,4597,98,54.26,0.021318
2024-02-22,SE,Retargeting | Site Visitors,3879,122,61.12,0.031451
2024-02-23,SE,Retargeting | Site Visitors,4391,91,62.0,0.020724
2024-02-24,SE,Retargeting | Site Visitors,5873,93,56.96,0.015835
2024-02-25,SE,Retargeting | Site Visitors,5632,79,61.09,0.014027
2024-02-19,MW,Prospecting | Trail,11498,116,120.08,0.010089
2024-02-20,MW,Prospecting | Trail,10965,107,102.93,0.009758
2024-02-21,MW,Prospecting | Trail,11160,137,90.18,0.012276
2024-02-22,MW,Prospecting | Trail,7704,117,89.0,0.015187
2024-02-23,MW,Prospecting | Trail,10119,153,124.38,0.01512
2024-02-24,MW,Prospecting | Trail,10800,108,99.51,0.01
2024-02-25,MW,Prospecting | Trail,11101,135,92.72,0.012161
2024-02-19,MW,Retargeting | Site Visitors,3966,84,58.05,0.02118
2024-02-20,MW,Retargeting | Site Visitors,4270,77,51.42,0.018033
2024-02-21,MW,Retargeting | Site Visitors,4525,85,44.89,0.018785
2024-02-22,MW,Retargeting | Site Visitors,4769,85,56.04,0.017823
2024-02-23,MW,Retargeting | Site Visitors,5065,80,50.84,0.015795
2024-02-24,MW,Retargeting | Site Visitors,5543,67,45.6,0.012087
2024-02-25,MW,Retargeting | Site Visitors,3732,92,59.67,0.024652
2024-02-19,MT,Prospecting | Trail,7057,103,75.65,0.014595
2024-02-20,MT,Prospecting | Trail,6016,76,75.59,0.012633
2024-02-21,MT,Prospecting | Trail,7390,96,62.92,0.012991
2024-02-22,MT,Prospecting | Trail,7899,78,60.0,0.009875
2024-02-23,MT,Prospecting | Trail,6470,82,74.21,0.012674
2024-02-24,MT,Prospecting | Trail,7803,108,76.67,0.013841
2024-02-25,MT,Prospecting | Trail,6292,79,54.45,0.012556
2024-02-19,MT,Retargeting | Site Visitors,3643,59,42.44,0.016195
2024-02-20,MT,Retargeting | Site Visitors,3323,68,28.06,0.020463
2024-02-21,MT,Retargeting | Site Visitors,3680,83,41.85,0.022554
2024-02-22,MT,Retargeting | Site Visitors,3224,58,40.19,0.01799
2024-02-23,MT,Retargeting | Site Visitors,3882,71,41.36,0.01829
2024-02-24,MT,Retargeting | Site Visitors,2992,62,42.63,0.020722
2024-02-25,MT,Retargeting | Site Visitors,3015,66,36.7,0.021891
2024-02-19,WE,Prospecting | Trail,13237,144,$122.27,0.010879
2024-02-20,WE,Prospecting | Trail,9881,140,$99.91,0.014169
2024-02-21,WE,Prospecting | Trail,10728,155,$109.07,0.014448
2024-02-22,WE,Prospecting | Trail,9527,164,$102.49,0.017214
2024-02-23,WE,Prospecting | Trail,9474,106,$122.91,0.011189
2024-02-24,WE,Prospecting | Trail,12549,162,$106.57,0.012909
2024-02-25,WE,Prospecting | Trail,13072,121,$105.77,0.009256
2024-02-19,WE,Retargeting | Site Visitors,6580,94,$49.68,0.014286
2024-02-20,WE,Retargeting | Site Visitors,6320,109,$70.62,0.017247
2024-02-21,WE,Retargeting | Site Visitors,4764,126,$50.58,0.026448
2024-02-22,WE,Retargeting | Site Visitors,6770,115,$73.16,0.016987
2024-02-23,WE,Retargeting | Site Visitors,4436,103,$60.85,0.023219
2024-02-24,WE,Retargeting | Site Visitors,5581,104,$75.35,0.018635
2024-02-25,WE,Retargeting | Site Visitors,4452,125,$67.13,0.028077
2024-02-26,NE,Prospecting | Trail,15002,181,104.81,0.012065
2024-02-27,NE,Prospecting | Trail,11035,134,114.32,0.012143
2024-02-28,NE,Prospecting | Trail,12841,155,112.88,0.012071
2024-02-29,NE,Prospecting | Trail,11749,144,151.36,0.012256
2024-03-01,NE,Prospecting | Trail,14207,182,133.48,0.012811
2024-03-02,NE,Prospecting | Trail,13351,150,132.99,0.011235
2024-03-03,NE,Prospecting | Trail,11027,140,124.45,0.012696
2024-02-26,NE,Retargeting | Site Visitors,6669,122,66.39,0.018294
2024-02-27,NE,Retargeting | Site Visitors,4887,143,74.99,0.029261
2024-02-28,NE,Retargeting | Site Visitors,6079,106,73.04,0.017437
2024-02-29,NE,Retargeting | Site Visitors,6455,130,79.02,0.020139
2024-03-01,NE,Retargeting | Site Visitors,6675,109,76.62,0.01633
2024-03-02,NE,Retargeting | Site Visitors,6031,152,55.63,0.025203
2024-03-03,NE,Retargeting | Site Visitors,6319,99,70.15,0.015667
2024-02-26,MA,Prospecting | Trail,11174,110,103.33,0.009844
2024-02-27,MA,Prospecting | Trail,9903,140,109.48,0.014137
2024-02-28,MA,Prospecting | Trail,9742,129,112.12,0.013242
2024-02-29,MA,Prospecting | Trail,9044,107,94.65,0.011831
2024-03-01,MA,Prospecting | Trail,10165,135,84.94,0.013281
2024-03-02,MA,Prospecting | Trail,9428,105,77.97,0.011137
2024-03-03,MA,Prospecting | Trail,10935,95,107.33,0.008688
2024-02-26,MA,Retargeting | Site Visitors,4952,95,50.61,0.019184
2024-02-27,MA,Retargeting | Site Visitors,3833,93,45.03,0.024263
2024-02-28,MA,Retargeting | Site Visitors,4497,73,51.71,0.016233
2024-02-29,MA,Retargeting | Site Visitors,4612,75,52.6,0.016262
2024-03-01,MA,Retargeting | Site Visitors,4661,87,50.91,0.018666
2024-03-02,MA,Retargeting | Site Visitors,4609,94,60.53,0.020395
2024-03-03,MA,Retargeting | Site Visitors,4941,82,57.84,0.016596
2024-02-26,SE,Prospecting | Trail,9305,92,91.6,0.009887
2024-02-27,SE,Prospecting | Trail,11620,98,97.96,0.008434
2024-02-28,SE,Prospecting | Trail,9882,108,81.3,0.010929
2024-02-29,SE,Prospecting | Trail,7998,123,97.87,0.015379
2024-03-01,SE,Prospecting | Trail,9133,123,110.64,0.013468
2024-03-02,SE,Prospecting | Trail,8644,98,97.43,0.011337
2024-03-03,SE,Prospecting | Trail,11626,119,91.64,0.010236
2024-02-26,SE,Retargeting | Site Visitors,5695,101,63.54,0.017735
2024-02-27,SE,Retargeting | Site Visitors,5868,95,54.83,0.01619
2024-02-28,SE,Retargeting | Site Visitors,4218,86,47.01,0.020389
2024-02-29,SE,Retargeting | Site Visitors,4291,103,52.28,0.024004
2024-03-01,SE,Retargeting | Site Visitors,3969,96,49.13,0.024187
2024-03-02,SE,Retargeting | Site Visitors,4162,93,64.65,0.022345
2024-03-03,SE,Retargeting | Site Visitors,5076,83,51.28,0.016351
2024-02-26,MW,Prospecting | Trail,7854,99,85.51,0.012605
2024-02-27,MW,Prospecting | Trail,11052,115,98.59,0.010405
2024-02-28,MW,Prospecting | Trail,11347,116,88.3,0.010223
2024-02-29,MW,Prospecting | Trail,8794,113,103.39,0.01285
2024-03-01,MW,Prospecting | Trail,9070,125,78.13,0.013782
2024-03-02,MW,Prospecting | Trail,8065,101,112.63,0.012523
2024-03-03,MW,Prospecting | Trail,12096,150,102.55,0.012401
2024-02-26,MW,Retargeting | Site Visitors,5847,94,54.84,0.016077
2024-02-27,MW,Retargeting | Site Visitors,4948,106,62.94,0.021423
2024-02-28,MW,Retargeting | Site Visitors,5201,111,47.8,0.021342
2024-02-29,MW,Retargeting | Site Visitors,4581,84,53.75,0.018337
2024-03-01,MW,Retargeting | Site Visitors,6273,81,69.22,0.012912
2024-03-02,MW,Retargeting | Site Visitors,5262,109,73.36,0.020715
2024-03-03,MW,Retargeting | Site Visitors,5273,101,68.03,0.019154
2024-02-26,MT,Prospecting | Trail,7814,93,102.87,0.011902
2024-02-27,MT,Prospecting | Trail,9389,94,68.9,0.010012
2024-02-28,MT,Prospecting | Trail,7734,91,103.46,0.011766
2024-02-29,MT,Prospecting | Trail,9174,112,84.57,0.012208
2024-03-01,MT,Prospecting | Trail,8205,110,90.01,0.013406
2024-03-02,MT,Prospecting | Trail,8740,116,70.62,0.013272
2024-03-03,MT,Prospecting | Trail,9785,93,75.81,0.009504
2024-02-26,MT,Retargeting | Site Visitors,3368,75,44.12,0.022268
2024-02-27,MT,Retargeting | Site Visitors,3631,63,38.5,0.017351
2024-02-28,MT,Retargeting | Site Visitors,4028,80,43.07,0.019861
2024-02-29,MT,Retargeting | Site Visitors,3861,72,47.35,0.018648
2024-03-01,MT,Retargeting | Site Visitors,3673,91,37.04,0.024775
2024-03-02,MT,Retargeting | Site Visitors,4141,66,46.51,0.015938
2024-03-03,MT,Retargeting | Site Visitors,3688,87,46.9,0.02359
2024-02-26,WE,Prospecting | Trail,11239,133,$90.20,0.011834
2024-02-27,WE,Prospecting | Trail,10875,103,$135.02,0.009471
2024-02-28,WE,Prospecting | Trail,12506,114,$136.62,0.009116
2024-02-29,WE,Prospecting | Trail,12250,125,$132.98,0.010204
2024-03-01,WE,Prospecting | Trail,11874,149,$93.78,0.012548
2024-03-02,WE,Prospecting | Trail,9789,146,$92.55,0.014915
2024-03-03,WE,Prospecting | Trail,12621,140,$114.15,0.011093
2024-02-26,WE,Retargeting | Site Visitors,5319,103,$64.97,0.019365
2024-02-27,WE,Retargeting | Site Visitors,5998,143,$72.28,0.023841
2024-02-28,WE,Retargeting | Site Visitors,5600,117,$76.53,0.020893
2024-02-29,WE,Retargeting | Site Visitors,6596,119,$59.43,0.018041
2024-03-01,WE,Retargeting | Site Visitors,5952,139,$64.63,0.023353
2024-03-02,WE,Retargeting | Site Visitors,7156,114,$78.10,0.015931
2024-03-03,WE,Retargeting | Site Visitors,6314,100,$77.81,0.015838
2024-03-04,NE,Prospecting | Trail,14117,180,114.98,0.012751
2024-03-05,NE,Prospecting | Trail,11459,172,114.32,0.01501
2024-03-06,NE,Prospecting | Trail,14546,164,174.68,0.011275
2024-03-07,NE,Prospecting | Trail,14402,165,131.54,0.011457
2024-03-08,NE,Prospecting | Trail,16442,186,159.9,0.011312
2024-03-09,NE,Prospecting | Trail,12084,133,122.85,0.011006
2024-03-10,NE,Prospecting | Trail,14322,188,135.96,0.013127
2024-03-04,NE,Retargeting | Site Visitors,5718,103,74.5,0.018013
2024-03-05,NE,Retargeting | Site Visitors,6662,106,68.72,0.015911
2024-03-06,NE,Retargeting | Site Visitors,4577,101,61.45,0.022067
2024-03-07,NE,Retargeting | Site Visitors,6959,131,76.98,0.018825
2024-03-08,NE,Retargeting | Site Visitors,5578,89,59.84,0.015956
2024-03-09,NE,Retargeting | Site Visitors,5422,134,65.74,0.024714
2024-03-10,NE,Retargeting | Site Visitors,4861,96,50.2,0.019749
2024-03-04,MA,Prospecting | Trail,13361,120,115.28,0.008981
2024-03-05,MA,Prospecting | Trail,11849,151,117.36,0.012744
2024-03-06,MA,Prospecting | Trail,12013,128,127.6,0.010655
2024-03-07,MA,Prospecting | Trail,13435,170,129.64,0.012654
2024-03-08,MA,Prospecting | Trail,10207,129,104.36,0.012638
2024-03-09,MA,Prospecting | Trail,12885,149,136.33,0.011564
2024-03-10,MA,Prospecting | Trail,10530,168,95.37,0.015954
2024-03-04,MA,Retargeting | Site Visitors,6828,101,70.22,0.014792
2024-03-05,MA,Retargeting | Site Visitors,6239,116,51.2,0.018593
2024-03-06,MA,Retargeting | Site Visitors,5115,121,59.57,0.023656
2024-03-07,MA,Retargeting | Site Visitors,5841,100,73.58,0.01712
2024-03-08,MA,Retargeting | Site Visitors,4840,85,57.46,0.017562
2024-03-09,MA,Retargeting | Site Visitors,4539,113,62.46,0.024895
2024-03-10,MA,Retargeting | Site Visitors,4571,110,62.21,0.024065
2024-03-04,SE,Prospecting | Trail,11678,142,108.64,0.01216
2024-03-05,SE,Prospecting | Trail,9724,153,79.56,0.015734
2024-03-06,SE,Prospecting | Trail,11933,120,118.95,0.010056
2024-03-07,SE,Prospecting | Trail,12357,154,104.44,0.012463
2024-03-08,SE,Prospecting | Trail,11516,122,121.22,0.010594
2024-03-09,SE,Prospecting | Trail,9212,136,90.71,0.014763
2024-03-10,SE,Prospecting | Trail,8908,106,114.7,0.011899
2024-03-04,SE,Retargeting | Site Visitors,4685,97,55.7,0.020704
2024-03-05,SE,Retargeting | Site Visitors,5039,86,50.47,0.017067
2024-03-06,SE,Retargeting | Site Visitors,5066,108,52.25,0.021319
2024-03-07,SE,Retargeting | Site Visitors,5110,80,66.54,0.015656
2024-03-08,SE,Retargeting | Site Visitors,5459,110,58.72,0.02015
2024-03-09,SE,Retargeting | Site Visitors,4058,79,51.31,0.019468
2024-03-10,SE,Retargeting | Site Visitors,3990,102,49.2,0.025564
2024-03-04,MW,Prospecting | Trail,10438,111,132.01,0.010634
2024-03-05,MW,Prospecting | Trail,10562,137,105.91,0.012971
2024-03-06,MW,Prospecting | Trail,12792,147,110.2,0.011492
2024-03-07,MW,Prospecting | Trail,13200,135,100.27,0.010227
2024-03-08,MW,Prospecting | Trail,13261,147,102.37,0.011085
2024-03-09,MW,Prospecting | Trail,10704,142,128.61,0.013266
2024-03-10,MW,Prospecting | Trail,11115,136,124.95,0.012236
2024-03-04,MW,Retargeting | Site Visitors,5151,97,67.28,0.018831
2024-03-05,MW,Retargeting | Site Visitors,4816,117,50.92,0.024294
2024-03-06,MW,Retargeting | Site Visitors,7026,99,56.26,0.014091
2024-03-07,MW,Retargeting | Site Visitors,5090,92,65.06,0.018075
2024-03-08,MW,Retargeting | Site Visitors,4687,97,76.04,0.020696
2024-03-09,MW,Retargeting | Site Visitors,4907,106,60.4,0.021602
2024-03-10,MW,Retargeting | Site Visitors,5755,128,54.5,0.022242
2024-03-04,MT,Prospecting | Trail,10153,97,67.38,0.009554
2024-03-05,MT,Prospecting | Trail,7081,100,68.88,0.014122
2024-03-06,MT,Prospecting | Trail,7816,93,76.76,0.011899
2024-03-07,MT,Prospecting | Trail,8107,94,103.91,0.011595
2024-03-08,MT,Prospecting | Trail,7313,96,68.4,0.013127
2024-03-09,MT,Prospecting | Trail,7971,100,82.74,0.012545
2024-03-10,MT,Prospecting | Trail,6906,106,74.33,0.015349
2024-03-04,MT,Retargeting | Site Visitors,4247,91,44.77,0.021427
2024-03-05,MT,Retargeting | Site Visitors,4052,63,50.83,0.015548
2024-03-06,MT,Retargeting | Site Visitors,4419,97,44.13,0.021951
2024-03-07,MT,Retargeting | Site Visitors,4267,96,61.67,0.022498
2024-03-08,MT,Retargeting | Site Visitors,3583,65,43.21,0.018141
2024-03-09,MT,Retargeting | Site Visitors,4674,76,42.89,0.01626
2024-03-10,MT,Retargeting | Site Visitors,4349,83,52.8,0.019085
2024-03-04,WE,Prospecting | Trail,12500,145,$152.08,0.0116
2024-03-05,WE,Prospecting | Trail,12589,170,$99.83,0.013504
2024-03-06,WE,Prospecting | Trail,11533,165,$129.48,0.014307
2024-03-07,WE,Prospecting | Trail,15037,174,$128.74,0.011571
2024-03-08,WE,Prospecting | Trail,12291,147,$128.91,0.01196
2024-03-09,WE,Prospecting | Trail,15053,175,$126.55,0.011626
2024-03-10,WE,Prospecting | Trail,14205,199,$147.83,0.014009
2024-03-04,WE,Retargeting | Site Visitors,6978,143,$90.08,0.020493
2024-03-05,WE,Retargeting | Site Visitors,7273,160,$68.82,0.021999
2024-03-06,WE,Retargeting | Site Visitors,6425,135,$66.37,0.021012
2024-03-07,WE,Retargeting | Site Visitors,7514,118,$82.32,0.015704
2024-03-08,WE,Retargeting | Site Visitors,6802,138,$89.66,0.020288
2024-03-09,WE,Retargeting | Site Visitors,6245,159,$82.24,0.02546
2024-03-10,WE,Retargeting | Site Visitors,7307,125,$78.76,0.017107
2024-03-11,NE,Prospecting | Trail,11955,174,117.1,0.014555
2024-03-12,NE,Prospecting | Trail,14842,171,106.98,0.011521
2024-03-13,NE,Prospecting | Trail,13086,129,155.6,0.009858
2024-03-14,NE,Prospecting | Trail,12585,125,132.59,0.009932
2024-03-15,NE,Prospecting | Trail,13387,131,154.95,0.009786
2024-03-16,NE,Prospecting | Trail,13842,190,118.22,0.013726
2024-03-17,NE,Prospecting | Trail,14646,133,139.11,0.009081
2024-03-11,NE,Retargeting | Site Visitors,5405,120,78.84,0.022202
2024-03-12,NE,Retargeting | Site Visitors,7446,113,77.29,0.015176
2024-03-13,NE,Retargeting | Site Visitors,7487,112,68.51,0.014959
2024-03-14,NE,Retargeting | Site Visitors,5854,136,63.37,0.023232
2024-03-15,NE,Retargeting | Site Visitors,6254,131,66.12,0.020947
2024-03-16,NE,Retargeting | Site Visitors,8221,126,88.66,0.015327
2024-03-17,NE,Retargeting | Site Visitors,5921,98,92.97,0.016551
2024-03-11,MA,Prospecting | Trail,9911,171,139.17,0.017254
2024-03-12,MA,Prospecting | Trail,14031,140,111.79,0.009978
2024-03-13,MA,Prospecting | Trail,13373,182,126.84,0.01361
2024-03-14,MA,Prospecting | Trail,14461,169,120.02,0.011687
2024-03-15,MA,Prospecting | Trail,14449,168,96.21,0.011627
2024-03-16,MA,Prospecting | Trail,11190,131,120.98,0.011707
2024-03-17,MA,Prospecting | Trail,10043,161,142.08,0.016031
2024-03-11,MA,Retargeting | Site Visitors,5648,124,56.81,0.021955
2024-03-12,MA,Retargeting | Site Visitors,6139,118,72.54,0.019221
2024-03-13,MA,Retargeting | Site Visitors,5296,108,71.52,0.020393
2024-03-14,MA,Retargeting | Site Visitors,5200,99,73.5,0.019038
2024-03-15,MA,Retargeting | Site Visitors,6635,101,64.01,0.015222
2024-03-16,MA,Retargeting | Site Visitors,6184,96,60.14,0.015524
2024-03-17,MA,Retargeting | Site Visitors,4778,81,60.09,0.016953
2024-03-11,SE,Prospecting | Trail,8765,127,85.43,0.014489
2024-03-12,SE,Prospecting | Trail,11178,129,109.82,0.011541
2024-03-13,SE,Prospecting | Trail,11124,133,106.57,0.011956
2024-03-14,SE,Prospecting | Trail,9982,89,111.37,0.008916
2024-03-15,SE,Prospecting | Trail,8631,115,83.69,0.013324
2024-03-16,SE,Prospecting | Trail,11983,135,92.26,0.011266
2024-03-17,SE,Prospecting | Trail,8310,136,96.58,0.016366
2024-03-11,SE,Retargeting | Site Visitors,4214,85,42.13,0.020171
2024-03-12,SE,Retargeting | Site Visitors,4016,90,44.44,0.02241
2024-03-13,SE,Retargeting | Site Visitors,4611,71,41.45,0.015398
2024-03-14,SE,Retargeting | Site Visitors,3561,69,54.52,0.019377
2024-03-15,SE,Retargeting | Site Visitors,3850,78,48.64,0.02026
2024-03-16,SE,Retargeting | Site Visitors,4565,71,54.43,0.015553
2024-03-17,SE,Retargeting | Site Visitors,5306,70,60.79,0.013193
2024-03-11,MW,Prospecting | Trail,10644,109,106.31,0.010241
2024-03-12,MW,Prospecting | Trail,11939,139,107.75,0.011643
2024-03-13,MW,Prospecting | Trail,10714,143,83.03,0.013347
2024-03-14,MW,Prospecting | Trail,10276,143,109.64,0.013916
2024-03-15,MW,Prospecting | Trail,11320,151,116.89,0.013339
2024-03-16,MW,Prospecting | Trail,10997,113,120.24,0.010276
2024-03-17,MW,Prospecting | Trail,8314,154,83.35,0.018523
2024-03-11,MW,Retargeting | Site Visitors,3760,93,53.4,0.024734
2024-03-12,MW,Retargeting | Site Visitors,5301,92,49.9,0.017355
2024-03-13,MW,Retargeting | Site Visitors,5460,115,46.48,0.021062
2024-03-14,MW,Retargeting | Site Visitors,5092,120,64.78,0.023566
2024-03-15,MW,Retargeting | Site Visitors,4778,83,55.59,0.017371
2024-03-16,MW,Retargeting | Site Visitors,4180,97,53.04,0.023206
2024-03-17,MW,Retargeting | Site Visitors,5186,85,65.0,0.01639
2024-03-11,MT,Prospecting | Trail,9125,79,81.98,0.008658
2024-03-12,MT,Prospecting | Trail,8875,97,87.08,0.01093
2024-03-13,MT,Prospecting | Trail,7173,75,81.67,0.010456
2024-03-14,MT,Prospecting | Trail,7934,99,84.13,0.012478
2024-03-15,MT,Prospecting | Trail,8121,102,68.19,0.01256
2024-03-16,MT,Prospecting | Trail,8770,105,80.26,0.011973
2024-03-17,MT,Prospecting | Trail,6500,85,70.37,0.013077
2024-03-11,MT,Retargeting | Site Visitors,4135,77,47.85,0.018622
2024-03-12,MT,Retargeting | Site Visitors,3744,86,46.45,0.02297
2024-03-13,MT,Retargeting | Site Visitors,3669,76,38.95,0.020714
2024-03-14,MT,Retargeting | Site Visitors,4778,76,47.0,0.015906
2024-03-15,MT,Retargeting | Site Visitors,4157,60,51.97,0.014433
2024-03-16,MT,Retargeting | Site Visitors,4098,73,47.45,0.017814
2024-03-17,MT,Retargeting | Site Visitors,3518,58,43.45,0.016487
2024-03-11,WE,Prospecting | Trail,11170,177,$122.87,0.015846
2024-03-12,WE,Prospecting | Trail,12289,170,$143.28,0.013834
2024-03-13,WE,Prospecting | Trail,13907,164,$163.11,0.011793
2024-03-14,WE,Prospecting | Trail,17391,174,$132.71,0.010005
2024-03-15,WE,Prospecting | Trail,14143,135,$112.57,0.009545
2024-03-16,WE,Prospecting | Trail,15533,164,$119.05,0.010558
2024-03-17,WE,Prospecting | Trail,12100,162,$152.42,0.013388
2024-03-11,WE,Retargeting | Site Visitors,5180,133,$71.09,0.025676
2024-03-12,WE,Retargeting | Site Visitors,5461,100,$60.62,0.018312
2024-03-13,WE,Retargeting | Site Visitors,6261,100,$61.77,0.015972
2024-03-14,WE,Retargeting | Site Visitors,4896,124,$63.30,0.025327
2024-03-15,WE,Retargeting | Site Visitors,6216,120,$74.45,0.019305
2024-03-16,WE,Retargeting | Site Visitors,6698,121,$56.60,0.018065
2024-03-17,WE,Retargeting | Site Visitors,5461,89,$74.14,0.016297
2024-03-18,NE,Prospecting | Trail,15174,145,132.64,0.009556
2024-03-19,NE,Prospecting | Trail,10935,140,118.65,0.012803
2024-03-20,NE,Prospecting | Trail,10728,140,124.35,0.01305
2024-03-21,NE,Prospecting | Trail,13933,192,117.16,0.01378
2024-03-22,NE,Prospecting | Trail,14767,196,111.14,0.013273
2024-03-23,NE,Prospecting | Trail,11426,149,134.33,0.01304
2024-03-24,NE,Prospecting | Trail,14546,145,158.53,0.009968
2024-03-18,NE,Retargeting | Site Visitors,6408,100,60.36,0.015605
2024-03-19,NE,Retargeting | Site Visitors,5138,113,76.2,0.021993
2024-03-20,NE,Retargeting | Site Visitors,7005,125,74.32,0.017844
2024-03-21,NE,Retargeting | Site Visitors,6965,94,60.87,0.013496
2024-03-22,NE,Retargeting | Site Visitors,5632,110,74.72,0.019531
2024-03-23,NE,Retargeting | Site Visitors,6281,112,73.92,0.017832
2024-03-24,NE,Retargeting | Site Visitors,4995,126,67.49,0.025225
2024-03-18,NE,Launch | New Colorway,5658,87,56.86,0.015376
2024-03-19,NE,Launch | New Colorway,5530,81,48.67,0.014647
2024-03-20,NE,Launch | New Colorway,5789,105,74.28,0.018138
2024-03-21,NE,Launch | New Colorway,7654,92,71.89,0.01202
2024-03-22,NE,Launch | New Colorway,5405,123,74.12,0.022757
2024-03-23,NE,Launch | New Colorway,7979,80,74.18,0.010026
2024-03-24,NE,Launch | New Colorway,6080,81,49.77,0.013322
2024-03-18,MA,Prospecting | Trail,13026,136,119.06,0.010441
2024-03-19,MA,Prospecting | Trail,11033,142,130.88,0.01287
2024-03-20,MA,Prospecting | Trail,11191,127,96.49,0.011348
2024-03-21,MA,Prospecting | Trail,10542,144,107.5,0.01366
2024-03-22,MA,Prospecting | Trail,9522,107,107.36,0.011237
2024-03-23,MA,Prospecting | Trail,11749,147,116.84,0.012512
2024-03-24,MA,Prospecting | Trail,13758,111,113.91,0.008068
2024-03-18,MA,Retargeting | Site Visitors,7229,152,87.42,0.021026
2024-03-19,MA,Retargeting | Site Visitors,7532,140,69.49,0.018587
2024-03-20,MA,Retargeting | Site Visitors,5305,123,84.99,0.023186
2024-03-21,MA,Retargeting | Site Visitors,5605,149,68.33,0.026583
2024-03-22,MA,Retargeting | Site Visitors,6846,160,89.89,0.023371
2024-03-23,MA,Retargeting | Site Visitors,6780,108,73.72,0.015929
2024-03-24,MA,Retargeting | Site Visitors,8281,134,73.3,0.016182
2024-03-18,MA,Launch | New Colorway,5523,112,56.5,0.020279
2024-03-19,MA,Launch | New Colorway,6622,103,48.54,0.015554
2024-03-20,MA,Launch | New Colorway,5702,75,70.47,0.013153
2024-03-21,MA,Launch | New Colorway,6373,104,57.92,0.016319
2024-03-22,MA,Launch | New Colorway,5332,88,54.99,0.016504
2024-03-23,MA,Launch | New Colorway,4740,75,53.76,0.015823
2024-03-24,MA,Launch | New Colorway,5866,82,67.44,0.013979
2024-03-18,SE,Prospecting | Trail,14024,125,111.08,0.008913
2024-03-19,SE,Prospecting | Trail,12292,181,130.5,0.014725
2024-03-20,SE,Prospecting | Trail,13386,150,124.02,0.011206
2024-03-21,SE,Prospecting | Trail,11531,125,144.83,0.01084
2024-03-22,SE,Prospecting | Trail,12915,179,128.68,0.01386
2024-03-23,SE,Prospecting | Trail,13745,138,105.26,0.01004
2024-03-24,SE,Prospecting | Trail,12479,181,141.25,0.014504
2024-03-18,SE,Retargeting | Site Visitors,6715,113,82.23,0.016828
2024-03-19,SE,Retargeting | Site Visitors,6866,114,62.77,0.016604
2024-03-20,SE,Retargeting | Site Visitors,5761,116,62.79,0.020135
2024-03-21,SE,Retargeting | Site Visitors,5382,155,69.76,0.0288
2024-03-22,SE,Retargeting | Site Visitors,6405,106,75.43,0.01655
2024-03-23,SE,Retargeting | Site Visitors,6724,119,81.22,0.017698
2024-03-24,SE,Retargeting | Site Visitors,6616,115,77.2,0.017382
2024-03-18,SE,Launch | New Colorway,5224,93,43.18,0.017802
2024-03-19,SE,Launch | New Colorway,4106,81,59.09,0.019727
2024-03-20,SE,Launch | New Colorway,5352,88,60.76,0.016442
2024-03-21,SE,Launch | New Colorway,6042,67,57.51,0.011089
2024-03-22,SE,Launch | New Colorway,5728,61,40.46,0.010649
2024-03-23,SE,Launch | New Colorway,4419,74,54.34,0.016746
2024-03-24,SE,Launch | New Colorway,6045,86,61.2,0.014227
2024-03-18,MW,Prospecting | Trail,10633,112,105.88,0.010533
2024-03-19,MW,Prospecting | Trail,10069,155,88.27,0.015394
2024-03-20,MW,Prospecting | Trail,10261,148,119.95,0.014424
2024-03-21,MW,Prospecting | Trail,12272,146,96.71,0.011897
2024-03-22,MW,Prospecting | Trail,12241,124,127.16,0.01013
2024-03-23,MW,Prospecting | Trail,8408,117,118.61,0.013915
2024-03-24,MW,Prospecting | Trail,12109,110,88.14,0.009084
2024-03-18,MW,Retargeting | Site Visitors,6546,124,80.78,0.018943
2024-03-19,MW,Retargeting | Site Visitors,7130,138,85.49,0.019355
2024-03-20,MW,Retargeting | Site Visitors,6391,104,67.76,0.016273
2024-03-21,MW,Retargeting | Site Visitors,5657,107,70.57,0.018915
2024-03-22,MW,Retargeting | Site Visitors,6924,134,65.94,0.019353
2024-03-23,MW,Retargeting | Site Visitors,5720,122,76.03,0.021329
2024-03-24,MW,Retargeting | Site Visitors,6475,135,69.13,0.020849
2024-03-18,MW,Launch | New Colorway,5619,62,54.49,0.011034
2024-03-19,MW,Launch | New Colorway,3929,70,52.33,0.017816
2024-03-20,MW,Launch | New Colorway,4805,69,39.64,0.01436
2024-03-21,MW,Launch | New Colorway,4732,75,43.39,0.01585
2024-03-22,MW,Launch | New Colorway,3982,85,55.43,0.021346
2024-03-23,MW,Launch | New Colorway,5729,69,48.14,0.012044
2024-03-24,MW,Launch | New Colorway,3978,67,40.86,0.016843
2024-03-18,MT,Prospecting | Trail,11976,126,103.92,0.010521
2024-03-19,MT,Prospecting | Trail,9422,111,113.62,0.011781
2024-03-20,MT,Prospecting | Trail,9289,150,91.97,0.016148
2024-03-21,MT,Prospecting | Trail,11894,133,96.99,0.011182
2024-03-22,MT,Prospecting | Trail,11347,121,111.28,0.010664
2024-03-23,MT,Prospecting | Trail,9038,123,123.1,0.013609
2024-03-24,MT,Prospecting | Trail,12801,137,101.63,0.010702
2024-03-18,MT,Retargeting | Site Visitors,4539,79,50.92,0.017405
2024-03-19,MT,Retargeting | Site Visitors,3844,67,51.63,0.01743
2024-03-20,MT,Retargeting | Site Visitors,3686,69,49.58,0.018719
2024-03-21,MT,Retargeting | Site Visitors,5064,100,43.72,0.019747
2024-03-22,MT,Retargeting | Site Visitors,4814,101,46.45,0.02098
2024-03-23,MT,Retargeting | Site Visitors,3742,69,45.6,0.018439
2024-03-24,MT,Retargeting | Site Visitors,4563,79,59.98,0.017313
2024-03-18,MT,Launch | New Colorway,5510,64,49.03,0.011615
2024-03-19,MT,Launch | New Colorway,5224,76,40.37,0.014548
2024-03-20,MT,Launch | New Colorway,3963,79,49.3,0.019934
2024-03-21,MT,Launch | New Colorway,3819,55,54.93,0.014402
2024-03-22,MT,Launch | New Colorway,4198,69,45.81,0.016436
2024-03-23,MT,Launch | New Colorway,4953,71,44.32,0.014335
2024-03-24,MT,Launch | New Colorway,4144,53,40.71,0.01279
2024-03-18,WE,Prospecting | Trail,10483,138,$153.17,0.013164
2024-03-19,WE,Prospecting | Trail,12365,158,$143.43,0.012778
2024-03-20,WE,Prospecting | Trail,14226,156,$159.02,0.010966
2024-03-21,WE,Prospecting | Trail,13615,180,$122.57,0.013221
2024-03-22,WE,Prospecting | Trail,13615,200,$112.49,0.01469
2024-03-23,WE,Prospecting | Trail,14024,190,$113.93,0.013548
2024-03-24,WE,Prospecting | Trail,14447,167,$104.58,0.011559
2024-03-18,WE,Retargeting | Site Visitors,5384,113,$66.76,0.020988
2024-03-19,WE,Retargeting | Site Visitors,6904,106,$71.07,0.015353
2024-03-20,WE,Retargeting | Site Visitors,6463,142,$74.26,0.021971
2024-03-21,WE,Retargeting | Site Visitors,5147,123,$75.80,0.023897
2024-03-22,WE,Retargeting | Site Visitors,5350,124,$68.28,0.023178
2024-03-23,WE,Retargeting | Site Visitors,5525,107,$64.31,0.019367
2024-03-24,WE,Retargeting | Site Visitors,7298,99,$63.33,0.013565
2024-03-18,WE,Launch | New Colorway,6908,91,$64.02,0.013173
2024-03-19,WE,Launch | New Colorway,6431,111,$55.48,0.01726
2024-03-20,WE,Launch | New Colorway,6051,106,$68.78,0.017518
2024-03-21,WE,Launch | New Colorway,5081,84,$60.35,0.016532
2024-03-22,WE,Launch | New Colorway,7213,129,$77.77,0.017884
2024-03-23,WE,Launch | New Colorway,6851,91,$73.22,0.013283
2024-03-24,WE,Launch | New Colorway,7454,114,$69.47,0.015294
2024-03-25,NE,Prospecting | Trail,13560,161,120.97,0.011873
2024-03-26,NE,Prospecting | Trail,11421,139,140.19,0.012171
2024-03-27,NE,Prospecting | Trail,14122,148,127.96,0.01048
2024-03-28,NE,Prospecting | Trail,12833,168,95.69,0.013091
2024-03-29,NE,Prospecting | Trail,13005,167,110.47,0.012841
2024-03-30,NE,Prospecting | Trail,9733,136,140.98,0.013973
2024-03-31,NE,Prospecting | Trail,11901,167,112.18,0.014032
2024-03-25,NE,Retargeting | Site Visitors,6768,156,74.91,0.02305
2024-03-26,NE,Retargeting | Site Visitors,7987,129,80.89,0.016151
2024-03-27,NE,Retargeting | Site Visitors,7999,127,61.99,0.015877
2024-03-28,NE,Retargeting | Site Visitors,6131,119,85.51,0.01941
2024-03-29,NE,Retargeting | Site Visitors,5868,141,88.01,0.024029
2024-03-30,NE,Retargeting | Site Visitors,5299,138,80.21,0.026043
2024-03-31,NE,Retargeting | Site Visitors,6944,141,68.93,0.020305
2024-03-25,MA,Prospecting | Trail,10806,141,130.51,0.013048
2024-03-26,MA,Prospecting | Trail,12047,126,118.08,0.010459
2024-03-27,MA,Prospecting | Trail,12877,116,97.36,0.009008
2024-03-28,MA,Prospecting | Trail,9422,120,112.86,0.012736
2024-03-29,MA,Prospecting | Trail,10482,122,111.39,0.011639
2024-03-30,MA,Prospecting | Trail,13470,135,115.13,0.010022
2024-03-31,MA,Prospecting | Trail,11212,150,101.77,0.013379
2024-03-25,MA,Retargeting | Site Visitors,5756,128,75.43,0.022238
2024-03-26,MA,Retargeting | Site Visitors,6289,115,66.92,0.018286
2024-03-27,MA,Retargeting | Site Visitors,6587,141,70.39,0.021406
2024-03-28,MA,Retargeting | Site Visitors,5741,136,74.61,0.023689
2024-03-29,MA,Retargeting | Site Visitors,5783,141,59.66,0.024382
2024-03-30,MA,Retargeting | Site Visitors,5790,99,67.39,0.017098
2024-03-31,MA,Retargeting | Site Visitors,6691,98,75.92,0.014647
2024-03-25,SE,Prospecting | Trail,10704,148,141.39,0.013827
2024-03-26,SE,Prospecting | Trail,14295,127,111.14,0.008884
2024-03-27,SE,Prospecting | Trail,13075,150,111.86,0.011472
2024-03-28,SE,Prospecting | Trail,11563,133,133.84,0.011502
2024-03-29,SE,Prospecting | Trail,11290,135,116.31,0.011957
2024-03-30,SE,Prospecting | Trail,9947,144,99.9,0.014477
2024-03-31,SE,Prospecting | Trail,13378,164,111.23,0.012259
2024-03-25,SE,Retargeting | Site Visitors,5211,112,56.4,0.021493
2024-03-26,SE,Retargeting | Site Visitors,4932,84,50.44,0.017032
2024-03-27,SE,Retargeting | Site Visitors,5632,113,54.19,0.020064
2024-03-28,SE,Retargeting | Site Visitors,5753,101,59.29,0.017556
2024-03-29,SE,Retargeting | Site Visitors,5027,86,69.73,0.017108
2024-03-30,SE,Retargeting | Site Visitors,4488,101,59.47,0.022504
2024-03-31,SE,Retargeting | Site Visitors,5302,97,68.44,0.018295
2024-03-25,MW,Prospecting | Trail,11680,150,96.19,0.012842
2024-03-26,MW,Prospecting | Trail,11126,102,93.24,0.009168
2024-03-27,MW,Prospecting | Trail,9076,155,120.15,0.017078
2024-03-28,MW,Prospecting | Trail,10574,104,112.7,0.009835
2024-03-29,MW,Prospecting | Trail,11466,152,106.9,0.013257
2024-03-30,MW,Prospecting | Trail,9905,111,100.38,0.011206
2024-03-31,MW,Prospecting | Trail,9922,108,93.17,0.010885
2024-03-25,MW,Retargeting | Site Visitors,5095,92,62.31,0.018057
2024-03-26,MW,Retargeting | Site Visitors,5027,114,47.91,0.022678
2024-03-27,MW,Retargeting | Site Visitors,4908,79,63.35,0.016096
2024-03-28,MW,Retargeting | Site Visitors,4078,97,50.34,0.023786
2024-03-29,MW,Retargeting | Site Visitors,5140,112,60.25,0.02179
2024-03-30,MW,Retargeting | Site Visitors,4803,92,49.56,0.019155
2024-03-31,MW,Retargeting | Site Visitors,5279,98,61.1,0.018564
2024-03-25,MT,Prospecting | Trail,10282,108,94.88,0.010504
2024-03-26,MT,Prospecting | Trail,11706,136,85.22,0.011618
2024-03-27,MT,Prospecting | Trail,10617,138,111.43,0.012998
2024-03-28,MT,Prospecting | Trail,8583,134,92.5,0.015612
2024-03-29,MT,Prospecting | Trail,10491,119,99.42,0.011343
2024-03-30,MT,Prospecting | Trail,7618,136,107.64,0.017852
2024-03-31,MT,Prospecting | Trail,11443,98,102.14,0.008564
2024-03-25,MT,Retargeting | Site Visitors,5199,75,54.87,0.014426
2024-03-26,MT,Retargeting | Site Visitors,3713,102,46.9,0.027471
2024-03-27,MT,Retargeting | Site Visitors,5166,96,45.76,0.018583
2024-03-28,MT,Retargeting | Site Visitors,3925,111,44.74,0.02828
2024-03-29,MT,Retargeting | Site Visitors,4806,89,57.7,0.018519
2024-03-30,MT,Retargeting | Site Visitors,5323,75,58.43,0.01409
2024-03-31,MT,Retargeting | Site Visitors,4357,90,65.24,0.020656
2024-03-25,WE,Prospecting | Trail,16377,200,$136.75,0.012212
2024-03-26,WE,Prospecting | Trail,16098,171,$116.29,0.010622
2024-03-27,WE,Prospecting | Trail,13132,191,$143.35,0.014545
2024-03-28,WE,Prospecting | Trail,12883,191,$136.72,0.014826
2024-03-29,WE,Prospecting | Trail,12476,169,$138.57,0.013546
2024-03-30,WE,Prospecting | Trail,10921,155,$163.13,0.014193
2024-03-31,WE,Prospecting | Trail,16611,164,$130.48,0.009873
2024-03-25,WE,Retargeting | Site Visitors,5080,134,$70.35,0.026378
2024-03-26,WE,Retargeting | Site Visitors,7426,141,$67.94,0.018987
2024-03-27,WE,Retargeting | Site Visitors,6063,118,$75.92,0.019462
2024-03-28,WE,Retargeting | Site Visitors,5825,97,$70.18,0.016652
2024-03-29,WE,Retargeting | Site Visitors,6609,93,$67.38,0.014072
2024-03-30,WE,Retargeting | Site Visitors,7190,130,$82.26,0.018081
2024-03-31,WE,Retargeting | Site Visitors,5665,136,$70.33,0.024007
2024-04-01,NE,Prospecting | Trail,11175,143,99.47,0.012796
2024-04-02,NE,Prospecting | Trail,13399,143,143.66,0.010672
2024-04-03,NE,Prospecting | Trail,10362,127,97.79,0.012256
2024-04-04,NE,Prospecting | Trail,13497,124,124.51,0.009187
2024-04-05,NE,Prospecting | Trail,12643,143,145.46,0.011311
2024-04-06,NE,Prospecting | Trail,13336,167,103.54,0.012522
2024-04-07,NE,Prospecting | Trail,10582,154,118.51,0.014553
2024-04-01,NE,Retargeting | Site Visitors,5646,112,60.06,0.019837
2024-04-02,NE,Retargeting | Site Visitors,5062,124,60.44,0.024496
2024-04-03,NE,Retargeting | Site Visitors,4806,115,59.46,0.023928
2024-04-04,NE,Retargeting | Site Visitors,6089,108,72.03,0.017737
2024-04-05,NE,Retargeting | Site Visitors,7015,91,68.01,0.012972
2024-04-06,NE,Retargeting | Site Visitors,5068,113,69.1,0.022297
2024-04-07,NE,Retargeting | Site Visitors,5925,116,66.42,0.019578
2024-04-01,MA,Prospecting | Trail,9403,117,114.83,0.012443
2024-04-02,MA,Prospecting | Trail,11071,114,110.21,0.010297
2024-04-03,MA,Prospecting | Trail,12284,148,122.04,0.012048
2024-04-04,MA,Prospecting | Trail,13291,118,99.52,0.008878
2024-04-05,MA,Prospecting | Trail,12309,113,98.81,0.00918
2024-04-06,MA,Prospecting | Trail,9294,154,137.05,0.01657
2024-04-07,MA,Prospecting | Trail,12836,160,106.33,0.012465
2024-04-01,MA,Retargeting | Site Visitors,5867,138,58.38,0.023521
2024-04-02,MA,Retargeting | Site Visitors,6975,96,65.24,0.013763
2024-04-03,MA,Retargeting | Site Visitors,4870,117,79.92,0.024025
2024-04-04,MA,Retargeting | Site Visitors,7170,126,63.36,0.017573
2024-04-05,MA,Retargeting | Site Visitors,5881,132,70.39,0.022445
2024-04-06,MA,Retargeting | Site Visitors,6723,120,85.95,0.017849
2024-04-07,MA,Retargeting | Site Visitors,5373,111,69.64,0.020659
2024-04-01,SE,Prospecting | Trail,10876,149,106.44,0.0137
2024-04-02,SE,Prospecting | Trail,13066,106,107.47,0.008113
2024-04-03,SE,Prospecting | Trail,10189,148,130.39,0.014525
2024-04-04,SE,Prospecting | Trail,11049,128,129.07,0.011585
2024-04-05,SE,Prospecting | Trail,12261,127,106.85,0.010358
2024-04-06,SE,Prospecting | Trail,12354,157,124.13,0.012708
2024-04-07,SE,Prospecting | Trail,12906,164,106.11,0.012707
2024-04-01,SE,Retargeting | Site Visitors,4953,89,58.41,0.017969
2024-04-02,SE,Retargeting | Site Visitors,5823,70,63.31,0.012021
2024-04-03,SE,Retargeting | Site Visitors,5040,101,51.84,0.02004
2024-04-04,SE,Retargeting | Site Visitors,4207,101,58.24,0.024008
2024-04-05,SE,Retargeting | Site Visitors,5357,75,54.51,0.014
2024-04-06,SE,Retargeting | Site Visitors,5065,101,67.54,0.019941
2024-04-07,SE,Retargeting | Site Visitors,4428,103,47.15,0.023261
2024-04-01,MW,Prospecting | Trail,13176,159,120.95,0.012067
2024-04-02,MW,Prospecting | Trail,11119,138,119.07,0.012411
2024-04-03,MW,Prospecting | Trail,9202,153,125.42,0.016627
2024-04-04,MW,Prospecting | Trail,8964,117,94.0,0.013052
2024-04-05,MW,Prospecting | Trail,13111,108,87.87,0.008237
2024-04-06,MW,Prospecting | Trail,9149,127,91.62,0.013881
2024-04-07,MW,Prospecting | Trail,9652,122,89.94,0.01264
2024-04-01,MW,Retargeting | Site Visitors,5123,82,48.26,0.016006
2024-04-02,MW,Retargeting | Site Visitors,4167,109,60.62,0.026158
2024-04-03,MW,Retargeting | Site Visitors,4686,91,65.66,0.01942
2024-04-04,MW,Retargeting | Site Visitors,4484,108,59.99,0.024086
2024-04-05,MW,Retargeting | Site Visitors,5192,91,50.38,0.017527
2024-04-06,MW,Retargeting | Site Visitors,5241,82,46.36,0.015646
2024-04-07,MW,Retargeting | Site Visitors,4959,112,58.05,0.022585
2024-04-01,MT,Prospecting | Trail,11041,142,106.08,0.012861
2024-04-02,MT,Prospecting | Trail,10034,130,93.7,0.012956
2024-04-03,MT,Prospecting | Trail,8454,123,90.0,0.014549
2024-04-04,MT,Prospecting | Trail,11729,130,82.12,0.011084
2024-04-05,MT,Prospecting | Trail,8278,98,109.24,0.011839
2024-04-06,MT,Prospecting | Trail,10737,96,106.16,0.008941
2024-04-07,MT,Prospecting | Trail,10447,97,105.73,0.009285
2024-04-01,MT,Retargeting | Site Visitors,4685,73,52.11,0.015582
2024-04-02,MT,Retargeting | Site Visitors,4209,80,55.44,0.019007
2024-04-03,MT,Retargeting | Site Visitors,3103,66,47.56,0.02127
2024-04-04,MT,Retargeting | Site Visitors,4257,70,46.46,0.016444
2024-04-05,MT,Retargeting | Site Visitors,4780,76,36.73,0.0159
2024-04-06,MT,Retargeting | Site Visitors,4161,75,45.58,0.018025
2024-04-07,MT,Retargeting | Site Visitors,3087,67,41.36,0.021704
2024-04-01,WE,Prospecting | Trail,15871,170,$106.00,0.010711
2024-04-02,WE,Prospecting | Trail,11243,159,$163.10,0.014142
2024-04-03,WE,Prospecting | Trail,15235,160,$163.03,0.010502
2024-04-04,WE,Prospecting | Trail,13876,148,$137.19,0.010666
2024-04-05,WE,Prospecting | Trail,12684,149,$105.80,0.011747
2024-04-06,WE,Prospecting | Trail,15910,167,$130.38,0.010497
2024-04-07,WE,Prospecting | Trail,12706,200,$150.25,0.015741
2024-04-01,WE,Retargeting | Site Visitors,7416,140,$92.91,0.018878
2024-04-02,WE,Retargeting | Site Visitors,7954,106,$65.94,0.013327
2024-04-03,WE,Retargeting | Site Visitors,8091,132,$89.10,0.016314
2024-04-04,WE,Retargeting | Site Visitors,6645,153,$90.56,0.023025
2024-04-05,WE,Retargeting | Site Visitors,8048,134,$88.44,0.01665
2024-04-06,WE,Retargeting | Site Visitors,6463,141,$70.01,0.021816
2024-04-07,WE,Retargeting | Site Visitors,5672,132,$81.38,0.023272
2024-04-08,NE,Prospecting | Trail,14814,142,138.53,0.009586
2024-04-09,NE,Prospecting | Trail,13986,143,118.73,0.010225
2024-04-10,NE,Prospecting | Trail,12454,201,142.5,0.016139
2024-04-11,NE,Prospecting | Trail,12785,177,112.85,0.013844
2024-04-12,NE,Prospecting | Trail,10893,147,142.82,0.013495
2024-04-13,NE,Prospecting | Trail,13789,176,127.68,0.012764
2024-04-14,NE,Prospecting | Trail,14752,161,132.94,0.010914
2024-04-08,NE,Retargeting | Site Visitors,7139,142,78.31,0.019891
2024-04-09,NE,Retargeting | Site Visitors,5437,111,75.1,0.020416
2024-04-10,NE,Retargeting | Site Visitors,4988,121,55.39,0.024258
2024-04-11,NE,Retargeting | Site Visitors,5707,105,67.08,0.018398
2024-04-12,NE,Retargeting | Site Visitors,5851,98,55.62,0.016749
2024-04-13,NE,Retargeting | Site Visitors,4957,105,66.7,0.021182
2024-04-14,NE,Retargeting | Site Visitors,6598,108,69.59,0.016369
2024-04-08,MA,Prospecting | Trail,12998,130,137.24,0.010002
2024-04-09,MA,Prospecting | Trail,13550,155,114.48,0.011439
2024-04-10,MA,Prospecting | Trail,13328,131,151.0,0.009829
2024-04-11,MA,Prospecting | Trail,13670,159,136.03,0.011631
2024-04-12,MA,Prospecting | Trail,13970,145,103.22,0.010379
2024-04-13,MA,Prospecting | Trail,10171,193,102.83,0.018976
2024-04-14,MA,Prospecting | Trail,9454,125,109.18,0.013222
2024-04-08,MA,Retargeting | Site Visitors,6115,161,64.29,0.026329
2024-04-09,MA,Retargeting | Site Visitors,6420,128,72.94,0.019938
2024-04-10,MA,Retargeting | Site Visitors,8421,111,80.5,0.013181
2024-04-11,MA,Retargeting | Site Visitors,6868,145,81.29,0.021112
2024-04-12,MA,Retargeting | Site Visitors,6192,127,88.18,0.02051
2024-04-13,MA,Retargeting | Site Visitors,7205,158,77.73,0.021929
2024-04-14,MA,Retargeting | Site Visitors,6103,122,79.29,0.01999
2024-04-08,SE,Prospecting | Trail,13135,150,96.84,0.01142
2024-04-09,SE,Prospecting | Trail,10732,123,139.27,0.011461
2024-04-10,SE,Prospecting | Trail,14071,185,139.07,0.013148
2024-04-11,SE,Prospecting | Trail,12874,143,103.13,0.011108
2024-04-12,SE,Prospecting | Trail,13087,158,133.44,0.012073
2024-04-13,SE,Prospecting | Trail,11178,144,103.76,0.012882
2024-04-14,SE,Prospecting | Trail,12371,180,141.48,0.01455
2024-04-08,SE,Retargeting | Site Visitors,4792,84,57.64,0.017529
2024-04-09,SE,Retargeting | Site Visitors,5919,93,66.94,0.015712
2024-04-10,SE,Retargeting | Site Visitors,4938,113,59.46,0.022884
2024-04-11,SE,Retargeting | Site Visitors,6266,122,64.39,0.01947
2024-04-12,SE,Retargeting | Site Visitors,5241,92,79.16,0.017554
2024-04-13,SE,Retargeting | Site Visitors,5119,94,58.28,0.018363
2024-04-14,SE,Retargeting | Site Visitors,6670,122,62.0,0.018291
2024-04-08,MW,Prospecting | Trail,11730,179,108.71,0.01526
2024-04-09,MW,Prospecting | Trail,12442,162,118.34,0.01302
2024-04-10,MW,Prospecting | Trail,12786,120,143.3,0.009385
2024-04-11,MW,Prospecting | Trail,11564,159,143.55,0.01375
2024-04-12,MW,Prospecting | Trail,14119,173,123.96,0.012253
2024-04-13,MW,Prospecting | Trail,13790,121,116.66,0.008774
2024-04-14,MW,Prospecting | Trail,14367,122,135.3,0.008492
2024-04-08,MW,Retargeting | Site Visitors,5265,99,57.73,0.018803
2024-04-09,MW,Retargeting | Site Visitors,4796,107,75.66,0.02231
2024-04-10,MW,Retargeting | Site Visitors,6809,103,68.78,0.015127
2024-04-11,MW,Retargeting | Site Visitors,7421,114,83.98,0.015362
2024-04-12,MW,Retargeting | Site Visitors,5970,103,82.48,0.017253
2024-04-13,MW,Retargeting | Site Visitors,6125,126,57.18,0.020571
2024-04-14,MW,Retargeting | Site Visitors,7036,129,73.54,0.018334
2024-04-08,MT,Prospecting | Trail,8884,132,80.03,0.014858
2024-04-09,MT,Prospecting | Trail,10417,126,76.43,0.012096
2024-04-10,MT,Prospecting | Trail,10650,129,85.96,0.012113
2024-04-11,MT,Prospecting | Trail,7813,93,90.26,0.011903
2024-04-12,MT,Prospecting | Trail,9793,97,88.31,0.009905
2024-04-13,MT,Prospecting | Trail,8667,137,96.52,0.015807
2024-04-14,MT,Prospecting | Trail,7697,106,108.91,0.013772
2024-04-08,MT,Retargeting | Site Visitors,4161,94,67.79,0.022591
2024-04-09,MT,Retargeting | Site Visitors,5908,86,59.98,0.014557
2024-04-10,MT,Retargeting | Site Visitors,5862,119,50.18,0.0203
2024-04-11,MT,Retargeting | Site Visitors,5217,87,65.56,0.016676
2024-04-12,MT,Retargeting | Site Visitors,4021,96,64.73,0.023875
2024-04-13,MT,Retargeting | Site Visitors,5551,97,61.16,0.017474
2024-04-14,MT,Retargeting | Site Visitors,6104,110,54.08,0.018021
2024-04-08,WE,Prospecting | Trail,13974,134,$115.64,0.009589
2024-04-09,WE,Prospecting | Trail,13794,131,$95.72,0.009497
2024-04-10,WE,Prospecting | Trail,10249,159,$129.48,0.015514
2024-04-11,WE,Prospecting | Trail,12873,181,$115.63,0.01406
2024-04-12,WE,Prospecting | Trail,10823,169,$105.26,0.015615
2024-04-13,WE,Prospecting | Trail,11127,157,$143.85,0.01411
2024-04-14,WE,Prospecting | Trail,11430,135,$120.26,0.011811
2024-04-08,WE,Retargeting | Site Visitors,7404,108,$82.58,0.014587
2024-04-09,WE,Retargeting | Site Visitors,7163,120,$65.21,0.016753
2024-04-10,WE,Retargeting | Site Visitors,7833,147,$94.83,0.018767
2024-04-11,WE,Retargeting | Site Visitors,5566,148,$80.89,0.02659
2024-04-12,WE,Retargeting | Site Visitors,7053,150,$72.75,0.021268
2024-04-13,WE,Retargeting | Site Visitors,7293,154,$91.56,0.021116
2024-04-14,WE,Retargeting | Site Visitors,6256,119,$70.72,0.019022
2024-04-15,NE,Prospecting | Trail,17553,196,143.27,0.011166
2024-04-16,NE,Prospecting | Trail,15320,156,138.46,0.010183
2024-04-17,NE,Prospecting | Trail,12771,168,168.84,0.013155
2024-04-18,NE,Prospecting | Trail,16728,186,143.62,0.011119
2024-04-19,NE,Prospecting | Trail,14443,179,166.38,0.012394
2024-04-20,NE,Prospecting | Trail,15377,167,140.41,0.01086
2024-04-21,NE,Prospecting | Trail,14851,167,148.03,0.011245
2024-04-15,NE,Retargeting | Site Visitors,5224,101,66.76,0.019334
2024-04-16,NE,Retargeting | Site Visitors,6279,118,68.3,0.018793
2024-04-17,NE,Retargeting | Site Visitors,6823,105,78.84,0.015389
2024-04-18,NE,Retargeting | Site Visitors,6661,107,70.06,0.016064
2024-04-19,NE,Retargeting | Site Visitors,5811,100,56.26,0.017209
2024-04-20,NE,Retargeting | Site Visitors,5996,111,74.43,0.018512
2024-04-21,NE,Retargeting | Site Visitors,5531,136,72.08,0.024589
2024-04-15,MA,Prospecting | Trail,16899,175,142.51,0.010356
2024-04-16,MA,Prospecting | Trail,14436,154,157.01,0.010668
2024-04-17,MA,Prospecting | Trail,12504,208,151.57,0.016635
2024-04-18,MA,Prospecting | Trail,13125,198,108.9,0.015086
2024-04-19,MA,Prospecting | Trail,15798,162,139.13,0.010254
2024-04-20,MA,Prospecting | Trail,14146,171,158.2,0.012088
2024-04-21,MA,Prospecting | Trail,13838,214,130.0,0.015465
2024-04-15,MA,Retargeting | Site Visitors,5782,112,52.48,0.01937
2024-04-16,MA,Retargeting | Site Visitors,5632,93,53.8,0.016513
2024-04-17,MA,Retargeting | Site Visitors,5179,92,49.14,0.017764
2024-04-18,MA,Retargeting | Site Visitors,4520,78,68.26,0.017257
2024-04-19,MA,Retargeting | Site Visitors,5492,101,60.43,0.01839
2024-04-20,MA,Retargeting | Site Visitors,5883,81,74.11,0.013768
2024-04-21,MA,Retargeting | Site Visitors,4302,104,64.86,0.024175
2024-04-15,SE,Prospecting | Trail,13334,114,102.82,0.00855
2024-04-16,SE,Prospecting | Trail,9154,102,92.75,0.011143
2024-04-17,SE,Prospecting | Trail,13410,112,130.82,0.008352
2024-04-18,SE,Prospecting | Trail,9271,131,115.56,0.01413
2024-04-19,SE,Prospecting | Trail,9238,147,97.71,0.015913
2024-04-20,SE,Prospecting | Trail,9003,109,99.09,0.012107
2024-04-21,SE,Prospecting | Trail,11218,130,92.6,0.011589
2024-04-15,SE,Retargeting | Site Visitors,4869,96,69.06,0.019717
2024-04-16,SE,Retargeting | Site Visitors,4401,86,57.53,0.019541
2024-04-17,SE,Retargeting | Site Visitors,5531,86,58.02,0.015549
2024-04-18,SE,Retargeting | Site Visitors,5352,81,53.86,0.015135
2024-04-19,SE,Retargeting | Site Visitors,6216,112,55.78,0.018018
2024-04-20,SE,Retargeting | Site Visitors,5957,105,63.83,0.017626
2024-04-21,SE,Retargeting | Site Visitors,4463,89,65.01,0.019942
2024-04-15,MW,Prospecting | Trail,13300,123,87.65,0.009248
2024-04-16,MW,Prospecting | Trail,9765,147,121.56,0.015054
2024-04-17,MW,Prospecting | Trail,10808,157,95.61,0.014526
2024-04-18,MW,Prospecting | Trail,11305,125,101.34,0.011057
2024-04-19,MW,Prospecting | Trail,9934,164,130.5,0.016509
2024-04-20,MW,Prospecting | Trail,12771,122,115.24,0.009553
2024-04-21,MW,Prospecting | Trail,11496,171,126.01,0.014875
2024-04-15,MW,Retargeting | Site Visitors,5410,89,54.8,0.016451
2024-04-16,MW,Retargeting | Site Visitors,4921,106,48.85,0.02154
2024-04-17,MW,Retargeting | Site Visitors,4803,85,63.85,0.017697
2024-04-18,MW,Retargeting | Site Visitors,5554,78,55.79,0.014044
2024-04-19,MW,Retargeting | Site Visitors,5160,78,65.44,0.015116
2024-04-20,MW,Retargeting | Site Visitors,4396,91,53.87,0.020701
2024-04-21,MW,Retargeting | Site Visitors,4487,92,56.81,0.020504
2024-04-15,MT,Prospecting | Trail,7932,78,80.71,0.009834
2024-04-16,MT,Prospecting | Trail,8207,113,99.31,0.013769
2024-04-17,MT,Prospecting | Trail,9798,102,88.87,0.01041
2024-04-18,MT,Prospecting | Trail,9662,113,98.79,0.011695
2024-04-19,MT,Prospecting | Trail,7404,116,74.48,0.015667
2024-04-20,MT,Prospecting | Trail,8227,79,84.56,0.009603
2024-04-21,MT,Prospecting | Trail,10570,95,78.93,0.008988
2024-04-15,MT,Retargeting | Site Visitors,4534,93,47.26,0.020512
2024-04-16,MT,Retargeting | Site Visitors,3626,78,50.7,0.021511
2024-04-17,MT,Retargeting | Site Visitors,4525,74,40.12,0.016354
2024-04-18,MT,Retargeting | Site Visitors,3556,68,55.46,0.019123
2024-04-19,MT,Retargeting | Site Visitors,4743,66,44.26,0.013915
2024-04-20,MT,Retargeting | Site Visitors,4054,97,56.86,0.023927
2024-04-21,MT,Retargeting | Site Visitors,5432,65,55.74,0.011966
2024-04-15,WE,Prospecting | Trail,12222,173,$129.79,0.014155
2024-04-16,WE,Prospecting | Trail,11059,145,$133.54,0.013111
2024-04-17,WE,Prospecting | Trail,12341,135,$124.77,0.010939
2024-04-18,WE,Prospecting | Trail,10815,131,$93.84,0.012113
2024-04-19,WE,Prospecting | Trail,11606,123,$126.58,0.010598
2024-04-20,WE,Prospecting | Trail,16306,161,$124.95,0.009874
2024-04-21,WE,Prospecting | Trail,12193,143,$114.64,0.011728
2024-04-15,WE,Retargeting | Site Visitors,7898,169,$85.63,0.021398
2024-04-16,WE,Retargeting | Site Visitors,6439,120,$84.80,0.018636
2024-04-17,WE,Retargeting | Site Visitors,6172,132,$86.85,0.021387
2024-04-18,WE,Retargeting | Site Visitors,6357,127,$100.90,0.019978
2024-04-19,WE,Retargeting | Site Visitors,8502,167,$76.03,0.019642
2024-04-20,WE,Retargeting | Site Visitors,8851,154,$94.62,0.017399
2024-04-21,WE,Retargeting | Site Visitors,8532,117,$77.80,0.013713
2024-04-22,NE,Prospecting | Trail,14674,169,141.27,0.011517
2024-04-23,NE,Prospecting | Trail,14287,159,137.89,0.011129
2024-04-24,NE,Prospecting | Trail,17613,143,140.82,0.008119
2024-04-25,NE,Prospecting | Trail,12605,157,106.28,0.012455
2024-04-26,NE,Prospecting | Trail,13895,169,127.96,0.012163
2024-04-27,NE,Prospecting | Trail,12052,151,145.75,0.012529
2024-04-28,NE,Prospecting | Trail,11728,186,149.2,0.015859
2024-04-22,NE,Retargeting | Site Visitors,4660,118,48.75,0.025322
2024-04-23,NE,Retargeting | Site Visitors,4899,98,68.36,0.020004
2024-04-24,NE,Retargeting | Site Visitors,6821,112,66.99,0.01642
2024-04-25,NE,Retargeting | Site Visitors,6462,102,71.2,0.015785
2024-04-26,NE,Retargeting | Site Visitors,6338,100,75.59,0.015778
2024-04-27,NE,Retargeting | Site Visitors,4610,135,52.02,0.029284
2024-04-28,NE,Retargeting | Site Visitors,5234,121,65.85,0.023118
2024-04-22,MA,Prospecting | Trail,12964,163,136.86,0.012573
2024-04-23,MA,Prospecting | Trail,14077,171,106.77,0.012147
2024-04-24,MA,Prospecting | Trail,14010,130,119.1,0.009279
2024-04-25,MA,Prospecting | Trail,15235,172,121.79,0.01129
2024-04-26,MA,Prospecting | Trail,11606,153,120.21,0.013183
2024-04-27,MA,Prospecting | Trail,13281,123,157.81,0.009261
2024-04-28,MA,Prospecting | Trail,11266,151,143.35,0.013403
2024-04-22,MA,Retargeting | Site Visitors,6245,125,59.42,0.020016
2024-04-23,MA,Retargeting | Site Visitors,5023,144,76.42,0.028668
2024-04-24,MA,Retargeting | Site Visitors,5867,106,68.46,0.018067
2024-04-25,MA,Retargeting | Site Visitors,7655,121,72.6,0.015807
2024-04-26,MA,Retargeting | Site Visitors,7273,134,80.57,0.018424
2024-04-27,MA,Retargeting | Site Visitors,6225,140,84.03,0.02249
2024-04-28,MA,Retargeting | Site Visitors,6397,101,72.39,0.015789
2024-04-22,SE,Prospecting | Trail,12692,142,90.99,0.011188
2024-04-23,SE,Prospecting | Trail,10196,136,105.0,0.013339
2024-04-24,SE,Prospecting | Trail,10015,155,127.22,0.015477
2024-04-25,SE,Prospecting | Trail,11714,133,111.93,0.011354
2024-04-26,SE,Prospecting | Trail,12882,142,125.45,0.011023
2024-04-27,SE,Prospecting | Trail,9367,141,96.54,0.015053
2024-04-28,SE,Prospecting | Trail,10715,142,103.15,0.013252
2024-04-22,SE,Retargeting | Site Visitors,5313,122,70.59,0.022963
2024-04-23,SE,Retargeting | Site Visitors,5858,95,65.16,0.016217
2024-04-24,SE,Retargeting | Site Visitors,5371,139,76.07,0.02588
2024-04-25,SE,Retargeting | Site Visitors,6172,114,82.09,0.018471
2024-04-26,SE,Retargeting | Site Visitors,6636,129,56.9,0.019439
2024-04-27,SE,Retargeting | Site Visitors,5762,109,59.0,0.018917
2024-04-28,SE,Retargeting | Site Visitors,6722,94,71.28,0.013984
2024-04-22,MW,Prospecting | Trail,12576,133,93.0,0.010576
2024-04-23,MW,Prospecting | Trail,11888,127,103.74,0.010683
2024-04-24,MW,Prospecting | Trail,12167,172,132.94,0.014137
2024-04-25,MW,Prospecting | Trail,12277,120,125.01,0.009774
2024-04-26,MW,Prospecting | Trail,12686,160,112.41,0.012612
2024-04-27,MW,Prospecting | Trail,10511,132,144.1,0.012558
2024-04-28,MW,Prospecting | Trail,10770,163,100.98,0.015135
2024-04-22,MW,Retargeting | Site Visitors,4584,94,50.58,0.020506
2024-04-23,MW,Retargeting | Site Visitors,4311,80,50.04,0.018557
2024-04-24,MW,Retargeting | Site Visitors,4625,102,64.07,0.022054
2024-04-25,MW,Retargeting | Site Visitors,6077,108,57.1,0.017772
2024-04-26,MW,Retargeting | Site Visitors,4418,79,69.53,0.017881
2024-04-27,MW,Retargeting | Site Visitors,4244,116,48.44,0.027333
2024-04-28,MW,Retargeting | Site Visitors,6182,92,56.32,0.014882
2024-04-22,MT,Prospecting | Trail,8571,118,116.13,0.013767
2024-04-23,MT,Prospecting | Trail,10866,92,100.96,0.008467
2024-04-24,MT,Prospecting | Trail,8966,121,85.99,0.013495
2024-04-25,MT,Prospecting | Trail,8603,126,89.45,0.014646
2024-04-26,MT,Prospecting | Trail,10175,95,90.39,0.009337
2024-04-27,MT,Prospecting | Trail,10281,118,75.15,0.011477
2024-04-28,MT,Prospecting | Trail,7838,110,81.87,0.014034
2024-04-22,MT,Retargeting | Site Visitors,4771,75,59.26,0.01572
2024-04-23,MT,Retargeting | Site Visitors,4193,90,54.74,0.021464
2024-04-24,MT,Retargeting | Site Visitors,5089,95,40.61,0.018668
2024-04-25,MT,Retargeting | Site Visitors,4513,64,55.07,0.014181
2024-04-26,MT,Retargeting | Site Visitors,4388,97,61.16,0.022106
2024-04-27,MT,Retargeting | Site Visitors,4382,90,40.05,0.020539
2024-04-28,MT,Retargeting | Site Visitors,5010,73,61.08,0.014571
2024-04-22,WE,Prospecting | Trail,11836,172,$119.71,0.014532
2024-04-23,WE,Prospecting | Trail,12800,166,$134.08,0.012969
2024-04-24,WE,Prospecting | Trail,13632,137,$108.95,0.01005
2024-04-25,WE,Prospecting | Trail,13524,135,$131.34,0.009982
2024-04-26,WE,Prospecting | Trail,13916,177,$131.48,0.012719
2024-04-27,WE,Prospecting | Trail,13895,193,$132.97,0.01389
2024-04-28,WE,Prospecting | Trail,14164,191,$160.39,0.013485
2024-04-22,WE,Retargeting | Site Visitors,7561,127,$77.06,0.016797
2024-04-23,WE,Retargeting | Site Visitors,5480,103,$96.69,0.018796
2024-04-24,WE,Retargeting | Site Visitors,7125,141,$67.17,0.019789
2024-04-25,WE,Retargeting | Site Visitors,6704,142,$70.09,0.021181
2024-04-26,WE,Retargeting | Site Visitors,6502,133,$71.96,0.020455
2024-04-27,WE,Retargeting | Site Visitors,5453,125,$87.11,0.022923
2024-04-28,WE,Retargeting | Site Visitors,7631,142,$64.19,0.018608
2024-04-29,NE,Prospecting | Trail,12435,147,140.22,0.011821
2024-04-30,NE,Prospecting | Trail,11979,176,113.73,0.014692
2024-05-01,NE,Prospecting | Trail,15831,152,115.83,0.009601
2024-05-02,NE,Prospecting | Trail,11633,187,126.97,0.016075
2024-05-03,NE,Prospecting | Trail,10769,178,121.93,0.016529
2024-05-04,NE,Prospecting | Trail,12604,165,129.17,0.013091
2024-05-05,NE,Prospecting | Trail,15618,132,142.67,0.008452
2024-04-29,NE,Retargeting | Site Visitors,7163,112,76.49,0.015636
2024-04-30,NE,Retargeting | Site Visitors,5129,127,57.04,0.024761
2024-05-01,NE,Retargeting | Site Visitors,5560,133,80.18,0.023921
2024-05-02,NE,Retargeting | Site Visitors,5529,99,64.3,0.017906
2024-05-03,NE,Retargeting | Site Visitors,5418,129,67.95,0.02381
2024-05-04,NE,Retargeting | Site Visitors,7436,102,78.25,0.013717
2024-05-05,NE,Retargeting | Site Visitors,6250,115,64.35,0.0184
2024-04-29,MA,Prospecting | Trail,13083,148,104.84,0.011312
2024-04-30,MA,Prospecting | Trail,12137,142,131.83,0.0117
2024-05-01,MA,Prospecting | Trail,10001,136,127.77,0.013599
2024-05-02,MA,Prospecting | Trail,12867,135,130.76,0.010492
2024-05-03,MA,Prospecting | Trail,12653,160,105.25,0.012645
2024-05-04,MA,Prospecting | Trail,12639,148,95.83,0.01171
2024-05-05,MA,Prospecting | Trail,10028,144,121.11,0.01436
2024-04-29,MA,Retargeting | Site Visitors,5556,140,69.76,0.025198
2024-04-30,MA,Retargeting | Site Visitors,7520,96,69.09,0.012766
2024-05-01,MA,Retargeting | Site Visitors,5114,117,73.86,0.022878
2024-05-02,MA,Retargeting | Site Visitors,7784,128,82.98,0.016444
2024-05-03,MA,Retargeting | Site Visitors,6183,117,82.16,0.018923
2024-05-04,MA,Retargeting | Site Visitors,7467,149,82.9,0.019954
2024-05-05,MA,Retargeting | Site Visitors,5297,113,55.86,0.021333
2024-04-29,SE,Prospecting | Trail,11710,162,96.23,0.013834
2024-04-30,SE,Prospecting | Trail,14697,124,138.98,0.008437
2024-05-01,SE,Prospecting | Trail,11390,144,139.42,0.012643
2024-05-02,SE,Prospecting | Trail,14926,179,101.88,0.011992
2024-05-03,SE,Prospecting | Trail,11934,170,131.24,0.014245
2024-05-04,SE,Prospecting | Trail,10036,148,137.2,0.014747
2024-05-05,SE,Prospecting | Trail,13160,130,116.01,0.009878
2024-04-29,SE,Retargeting | Site Visitors,4182,120,48.96,0.028694
2024-04-30,SE,Retargeting | Site Visitors,5764,90,60.18,0.015614
2024-05-01,SE,Retargeting | Site Visitors,5845,101,66.31,0.01728
2024-05-02,SE,Retargeting | Site Visitors,5414,92,59.59,0.016993
2024-05-03,SE,Retargeting | Site Visitors,4612,103,48.33,0.022333
2024-05-04,SE,Retargeting | Site Visitors,4890,103,65.25,0.021063
2024-05-05,SE,Retargeting | Site Visitors,4966,88,61.62,0.01772
2024-04-29,MW,Prospecting | Trail,13153,116,134.92,0.008819
2024-04-30,MW,Prospecting | Trail,9524,164,88.51,0.01722
2024-05-01,MW,Prospecting | Trail,10631,143,106.96,0.013451
2024-05-02,MW,Prospecting | Trail,12394,133,125.74,0.010731
2024-05-03,MW,Prospecting | Trail,13657,108,133.0,0.007908
2024-05-04,MW,Prospecting | Trail,10485,134,135.45,0.01278
2024-05-05,MW,Prospecting | Trail,13492,153,92.11,0.01134
2024-04-29,MW,Retargeting | Site Visitors,4287,91,50.52,0.021227
2024-04-30,MW,Retargeting | Site Visitors,5398,87,62.44,0.016117
2024-05-01,MW,Retargeting | Site Visitors,3852,115,49.87,0.029855
2024-05-02,MW,Retargeting | Site Visitors,5865,83,68.62,0.014152
2024-05-03,MW,Retargeting | Site Visitors,5107,107,61.29,0.020952
2024-05-04,MW,Retargeting | Site Visitors,4458,83,48.5,0.018618
2024-05-05,MW,Retargeting | Site Visitors,5852,120,59.17,0.020506
2024-04-29,MT,Prospecting | Trail,10675,131,92.81,0.012272
2024-04-30,MT,Prospecting | Trail,9893,118,106.7,0.011928
2024-05-01,MT,Prospecting | Trail,10231,118,77.96,0.011534
2024-05-02,MT,Prospecting | Trail,8006,130,70.69,0.016238
2024-05-03,MT,Prospecting | Trail,10633,125,95.03,0.011756
2024-05-04,MT,Prospecting | Trail,8081,105,97.47,0.012993
2024-05-05,MT,Prospecting | Trail,7742,98,98.9,0.012658
2024-04-29,MT,Retargeting | Site Visitors,5331,110,58.84,0.020634
2024-04-30,MT,Retargeting | Site Visitors,3909,74,44.04,0.018931
2024-05-01,MT,Retargeting | Site Visitors,4281,86,49.74,0.020089
2024-05-02,MT,Retargeting | Site Visitors,3722,109,52.42,0.029285
2024-05-03,MT,Retargeting | Site Visitors,5311,98,54.39,0.018452
2024-05-04,MT,Retargeting | Site Visitors,4371,81,56.57,0.018531
2024-05-05,MT,Retargeting | Site Visitors,5268,86,54.2,0.016325
2024-04-29,WE,Prospecting | Trail,16764,234,$168.11,0.013958
2024-04-30,WE,Prospecting | Trail,13786,207,$137.74,0.015015
2024-05-01,WE,Prospecting | Trail,17631,209,$148.29,0.011854
2024-05-02,WE,Prospecting | Trail,16056,229,$152.65,0.014263
2024-05-03,WE,Prospecting | Trail,14158,159,$127.57,0.01123
2024-05-04,WE,Prospecting | Trail,17786,182,$182.61,0.010233
2024-05-05,WE,Prospecting | Trail,14101,165,$163.77,0.011701
2024-04-29,WE,Retargeting | Site Visitors,6331,141,$66.58,0.022271
2024-04-30,WE,Retargeting | Site Visitors,5840,95,$63.98,0.016267
2024-05-01,WE,Retargeting | Site Visitors,7921,107,$77.38,0.013508
2024-05-02,WE,Retargeting | Site Visitors,5245,100,$83.55,0.019066
2024-05-03,WE,Retargeting | Site Visitors,6528,120,$56.42,0.018382
2024-05-04,WE,Retargeting | Site Visitors,5616,99,$72.61,0.017628
2024-05-05,WE,Retargeting | Site Visitors,5461,110,$73.29,0.020143
2024-05-06,NE,Prospecting | Trail,15142,209,166.21,0.013803
2024-05-07,NE,Prospecting | Trail,13670,168,149.22,0.01229
2024-05-08,NE,Prospecting | Trail,18443,208,128.93,0.011278
2024-05-09,NE,Prospecting | Trail,15443,178,160.34,0.011526
2024-05-10,NE,Prospecting | Trail,15506,229,117.59,0.014768
2024-05-11,NE,Prospecting | Trail,17310,198,177.44,0.011438
2024-05-12,NE,Prospecting | Trail,12355,172,157.37,0.013921
2024-05-06,NE,Retargeting | Site Visitors,6894,129,64.23,0.018712
2024-05-07,NE,Retargeting | Site Visitors,7548,119,64.98,0.015766
2024-05-08,NE,Retargeting | Site Visitors,6679,123,80.22,0.018416
2024-05-09,NE,Retargeting | Site Visitors,5676,138,66.09,0.024313
2024-05-10,NE,Retargeting | Site Visitors,5579,104,75.26,0.018641
2024-05-11,NE,Retargeting | Site Visitors,6152,139,72.59,0.022594
2024-05-12,NE,Retargeting | Site Visitors,5787,109,86.25,0.018835
2024-05-06,MA,Prospecting | Trail,10820,176,132.16,0.016266
2024-05-07,MA,Prospecting | Trail,12515,168,133.96,0.013424
2024-05-08,MA,Prospecting | Trail,14339,162,118.06,0.011298
2024-05-09,MA,Prospecting | Trail,13667,127,140.81,0.009292
2024-05-10,MA,Prospecting | Trail,11473,163,107.59,0.014207
2024-05-11,MA,Prospecting | Trail,14171,130,126.27,0.009174
2024-05-12,MA,Prospecting | Trail,11342,180,106.76,0.01587
2024-05-06,MA,Retargeting | Site Visitors,5582,108,71.24,0.019348
2024-05-07,MA,Retargeting | Site Visitors,5879,104,83.46,0.01769
2024-05-08,MA,Retargeting | Site Visitors,6714,106,56.15,0.015788
2024-05-09,MA,Retargeting | Site Visitors,6603,130,65.41,0.019688
2024-05-10,MA,Retargeting | Site Visitors,6840,102,69.3,0.014912
2024-05-11,MA,Retargeting | Site Visitors,4750,114,56.33,0.024
2024-05-12,MA,Retargeting | Site Visitors,5792,128,82.96,0.022099
2024-05-06,SE,Prospecting | Trail,13413,161,98.7,0.012003
2024-05-07,SE,Prospecting | Trail,11266,122,127.96,0.010829
2024-05-08,SE,Prospecting | Trail,10719,132,112.33,0.012315
2024-05-09,SE,Prospecting | Trail,8940,128,97.83,0.014318
2024-05-10,SE,Prospecting | Trail,10448,155,100.82,0.014835
2024-05-11,SE,Prospecting | Trail,12601,135,134.01,0.010713
2024-05-12,SE,Prospecting | Trail,13029,120,116.44,0.00921
2024-05-06,SE,Retargeting | Site Visitors,4747,101,58.88,0.021277
2024-05-07,SE,Retargeting | Site Visitors,5152,73,60.47,0.014169
2024-05-08,SE,Retargeting | Site Visitors,5414,97,63.98,0.017917
2024-05-09,SE,Retargeting | Site Visitors,5623,91,46.24,0.016184
2024-05-10,SE,Retargeting | Site Visitors,4296,79,59.71,0.018389
2024-05-11,SE,Retargeting | Site Visitors,6027,93,64.64,0.015431
2024-05-12,SE,Retargeting | Site Visitors,4380,100,55.92,0.022831
2024-05-06,MW,Prospecting | Trail,13383,168,107.47,0.012553
2024-05-07,MW,Prospecting | Trail,13325,175,129.06,0.013133
2024-05-08,MW,Prospecting | Trail,10766,148,144.63,0.013747
2024-05-09,MW,Prospecting | Trail,12514,142,119.06,0.011347
2024-05-10,MW,Prospecting | Trail,15751,160,136.18,0.010158
2024-05-11,MW,Prospecting | Trail,10320,148,134.0,0.014341
2024-05-12,MW,Prospecting | Trail,14357,145,115.68,0.0101
2024-05-06,MW,Retargeting | Site Visitors,4194,74,52.47,0.017644
2024-05-07,MW,Retargeting | Site Visitors,5619,95,67.42,0.016907
2024-05-08,MW,Retargeting | Site Visitors,4594,107,54.0,0.023291
2024-05-09,MW,Retargeting | Site Visitors,5602,77,50.26,0.013745
2024-05-10,MW,Retargeting | Site Visitors,4821,105,46.86,0.02178
2024-05-11,MW,Retargeting | Site Visitors,5184,104,71.93,0.020062
2024-05-12,MW,Retargeting | Site Visitors,4651,102,55.73,0.021931
2024-05-06,MT,Prospecting | Trail,9985,145,119.12,0.014522
2024-05-07,MT,Prospecting | Trail,11321,152,94.68,0.013426
2024-05-08,MT,Prospecting | Trail,12523,120,113.38,0.009582
2024-05-09,MT,Prospecting | Trail,9774,143,85.09,0.014631
2024-05-10,MT,Prospecting | Trail,9788,116,112.32,0.011851
2024-05-11,MT,Prospecting | Trail,11603,129,89.11,0.011118
2024-05-12,MT,Prospecting | Trail,9434,110,115.7,0.01166
2024-05-06,MT,Retargeting | Site Visitors,4952,81,54.12,0.016357
2024-05-07,MT,Retargeting | Site Visitors,4730,102,62.6,0.021564
2024-05-08,MT,Retargeting | Site Visitors,5832,82,43.56,0.01406
2024-05-09,MT,Retargeting | Site Visitors,4019,114,61.64,0.028365
2024-05-10,MT,Retargeting | Site Visitors,4163,90,62.68,0.021619
2024-05-11,MT,Retargeting | Site Visitors,5394,77,60.92,0.014275
2024-05-12,MT,Retargeting | Site Visitors,5602,115,53.42,0.020528
2024-05-06,WE,Prospecting | Trail,14399,146,$117.82,0.01014
2024-05-07,WE,Prospecting | Trail,11438,166,$109.19,0.014513
2024-05-08,WE,Prospecting | Trail,10044,177,$141.86,0.017622
2024-05-09,WE,Prospecting | Trail,15545,152,$117.57,0.009778
2024-05-10,WE,Prospecting | Trail,13264,177,$150.49,0.013344
2024-05-11,WE,Prospecting | Trail,14656,152,$137.42,0.010371
2024-05-12,WE,Prospecting | Trail,10934,150,$110.40,0.013719
2024-05-06,WE,Retargeting | Site Visitors,7306,155,$81.02,0.021215
2024-05-07,WE,Retargeting | Site Visitors,6016,120,$72.65,0.019947
2024-05-08,WE,Retargeting | Site Visitors,6975,107,$73.22,0.015341
2024-05-09,WE,Retargeting | Site Visitors,7507,144,$75.52,0.019182
2024-05-10,WE,Retargeting | Site Visitors,6595,152,$84.25,0.023048
2024-05-11,WE,Retargeting | Site Visitors,6426,129,$83.64,0.020075
2024-05-12,WE,Retargeting | Site Visitors,6031,126,$68.54,0.020892
2024-05-13,NE,Prospecting | Trail,13966,191,137.85,0.013676
2024-05-14,NE,Prospecting | Trail,12660,132,136.07,0.010427
2024-05-15,NE,Prospecting | Trail,12614,130,114.44,0.010306
2024-05-16,NE,Prospecting | Trail,13598,156,130.47,0.011472
2024-05-17,NE,Prospecting | Trail,13162,139,124.53,0.010561
2024-05-18,NE,Prospecting | Trail,13507,181,130.64,0.0134
2024-05-19,NE,Prospecting | Trail,13006,129,132.63,0.009918
2024-05-13,NE,Retargeting | Site Visitors,7518,121,68.29,0.016095
2024-05-14,NE,Retargeting | Site Visitors,6196,149,71.0,0.024048
2024-05-15,NE,Retargeting | Site Visitors,6255,113,69.5,0.018066
2024-05-16,NE,Retargeting | Site Visitors,6447,103,69.43,0.015976
2024-05-17,NE,Retargeting | Site Visitors,5615,133,81.75,0.023687
2024-05-18,NE,Retargeting | Site Visitors,6996,102,78.95,0.01458
2024-05-19,NE,Retargeting | Site Visitors,5410,103,72.1,0.019039
2024-05-13,MA,Prospecting | Trail,12347,128,127.47,0.010367
2024-05-14,MA,Prospecting | Trail,12628,161,115.42,0.012749
2024-05-15,MA,Prospecting | Trail,9092,170,126.78,0.018698
2024-05-16,MA,Prospecting | Trail,10253,157,93.18,0.015313
2024-05-17,MA,Prospecting | Trail,11510,129,95.53,0.011208
2024-05-18,MA,Prospecting | Trail,10614,140,105.11,0.01319
2024-05-19,MA,Prospecting | Trail,12707,126,112.2,0.009916
2024-05-13,MA,Retargeting | Site Visitors,5705,88,53.78,0.015425
2024-05-14,MA,Retargeting | Site Visitors,4393,92,54.51,0.020942
2024-05-15,MA,Retargeting | Site Visitors,5012,93,65.08,0.018555
2024-05-16,MA,Retargeting | Site Visitors,5755,89,72.99,0.015465
2024-05-17,MA,Retargeting | Site Visitors,4258,85,50.15,0.019962
2024-05-18,MA,Retargeting | Site Visitors,5411,125,55.32,0.023101
2024-05-19,MA,Retargeting | Site Visitors,5988,114,68.18,0.019038
2024-05-13,SE,Prospecting | Trail,10749,113,90.48,0.010513
2024-05-14,SE,Prospecting | Trail,9426,101,86.31,0.010715
2024-05-15,SE,Prospecting | Trail,7797,144,79.63,0.018469
2024-05-16,SE,Prospecting | Trail,10973,123,111.66,0.011209
2024-05-17,SE,Prospecting | Trail,9833,124,120.66,0.012611
2024-05-18,SE,Prospecting | Trail,11193,136,90.55,0.01215
2024-05-19,SE,Prospecting | Trail,11365,99,119.8,0.008711
2024-05-13,SE,Retargeting | Site Visitors,6173,132,73.72,0.021383
2024-05-14,SE,Retargeting | Site Visitors,5692,99,56.61,0.017393
2024-05-15,SE,Retargeting | Site Visitors,5263,113,83.35,0.021471
2024-05-16,SE,Retargeting | Site Visitors,6021,125,74.02,0.020761
2024-05-17,SE,Retargeting | Site Visitors,6789,102,60.43,0.015024
2024-05-18,SE,Retargeting | Site Visitors,6456,98,77.72,0.01518
2024-05-19,SE,Retargeting | Site Visitors,6613,101,68.72,0.015273
2024-05-13,MW,Prospecting | Trail,12072,170,148.6,0.014082
2024-05-14,MW,Prospecting | Trail,11728,133,98.72,0.01134
2024-05-15,MW,Prospecting | Trail,10921,143,108.76,0.013094
2024-05-16,MW,Prospecting | Trail,12346,150,113.49,0.01215
2024-05-17,MW,Prospecting | Trail,11269,144,124.01,0.012778
2024-05-18,MW,Prospecting | Trail,13144,155,123.67,0.011792
2024-05-19,MW,Prospecting | Trail,12932,142,109.99,0.010981
2024-05-13,MW,Retargeting | Site Visitors,4164,116,44.58,0.027858
2024-05-14,MW,Retargeting | Site Visitors,5941,104,61.84,0.017505
2024-05-15,MW,Retargeting | Site Visitors,4839,88,51.87,0.018186
2024-05-16,MW,Retargeting | Site Visitors,4826,92,53.74,0.019063
2024-05-17,MW,Retargeting | Site Visitors,4163,96,47.92,0.02306
2024-05-18,MW,Retargeting | Site Visitors,4746,82,62.38,0.017278
2024-05-19,MW,Retargeting | Site Visitors,5257,106,67.92,0.020164
2024-05-13,MT,Prospecting | Trail,10198,110,85.2,0.010786
2024-05-14,MT,Prospecting | Trail,10183,116,76.54,0.011392
2024-05-15,MT,Prospecting | Trail,10928,94,103.98,0.008602
2024-05-16,MT,Prospecting | Trail,7813,123,112.61,0.015743
2024-05-17,MT,Prospecting | Trail,9728,137,85.35,0.014083
2024-05-18,MT,Prospecting | Trail,10552,120,96.34,0.011372
2024-05-19,MT,Prospecting | Trail,8450,91,104.93,0.010769
2024-05-13,MT,Retargeting | Site Visitors,3992,104,40.91,0.026052
2024-05-14,MT,Retargeting | Site Visitors,3588,75,56.11,0.020903
2024-05-15,MT,Retargeting | Site Visitors,5213,73,43.94,0.014003
2024-05-16,MT,Retargeting | Site Visitors,4047,85,44.57,0.021003
2024-05-17,MT,Retargeting | Site Visitors,3507,100,57.49,0.028514
2024-05-18,MT,Retargeting | Site Visitors,5222,94,43.64,0.018001
2024-05-19,MT,Retargeting | Site Visitors,4307,70,56.91,0.016253
2024-05-13,WE,Prospecting | Trail,14988,181,$149.98,0.012076
2024-05-14,WE,Prospecting | Trail,16415,149,$166.90,0.009077
2024-05-15,WE,Prospecting | Trail,14467,183,$136.57,0.012649
2024-05-16,WE,Prospecting | Trail,16208,187,$162.20,0.011538
2024-05-17,WE,Prospecting | Trail,16955,172,$111.34,0.010145
2024-05-18,WE,Prospecting | Trail,14882,161,$167.79,0.010818
2024-05-19,WE,Prospecting | Trail,11091,172,$134.27,0.015508
2024-05-13,WE,Retargeting | Site Visitors,7047,97,$72.03,0.013765
2024-05-14,WE,Retargeting | Site Visitors,7366,99,$82.13,0.01344
2024-05-15,WE,Retargeting | Site Visitors,6449,122,$58.61,0.018918
2024-05-16,WE,Retargeting | Site Visitors,6450,151,$86.69,0.023411
2024-05-17,WE,Retargeting | Site Visitors,7275,132,$80.06,0.018144
2024-05-18,WE,Retargeting | Site Visitors,5921,135,$71.45,0.0228
2024-05-19,WE,Retargeting | Site Visitors,5488,122,$77.98,0.02223
2024-05-20,NE,Prospecting | Trail,18398,169,168.14,0.009186
2024-05-21,NE,Prospecting | Trail,16722,195,175.11,0.011661
2024-05-22,NE,Prospecting | Trail,15122,201,128.81,0.013292
2024-05-23,NE,Prospecting | Trail,15082,176,139.56,0.01167
2024-05-24,NE,Prospecting | Trail,12840,167,126.73,0.013006
2024-05-25,NE,Prospecting | Trail,14849,210,120.93,0.014142
2024-05-26,NE,Prospecting | Trail,12978,182,179.44,0.014024
2024-05-20,NE,Retargeting | Site Visitors,7445,142,63.42,0.019073
2024-05-21,NE,Retargeting | Site Visitors,7009,110,90.75,0.015694
2024-05-22,NE,Retargeting | Site Visitors,5349,132,75.55,0.024678
2024-05-23,NE,Retargeting | Site Visitors,5551,124,58.87,0.022338
2024-05-24,NE,Retargeting | Site Visitors,5540,117,77.19,0.021119
2024-05-25,NE,Retargeting | Site Visitors,6739,107,62.46,0.015878
2024-05-26,NE,Retargeting | Site Visitors,5420,137,66.89,0.025277
2024-05-20,MA,Prospecting | Trail,16657,153,150.19,0.009185
2024-05-21,MA,Prospecting | Trail,17235,135,136.91,0.007833
2024-05-22,MA,Prospecting | Trail,12793,159,146.01,0.012429
2024-05-23,MA,Prospecting | Trail,14678,197,163.57,0.013421
2024-05-24,MA,Prospecting | Trail,12110,156,111.75,0.012882
2024-05-25,MA,Prospecting | Trail,13773,163,122.8,0.011835
2024-05-26,MA,Prospecting | Trail,12409,159,145.39,0.012813
2024-05-20,MA,Retargeting | Site Visitors,4890,132,63.62,0.026994
2024-05-21,MA,Retargeting | Site Visitors,6111,105,77.77,0.017182
2024-05-22,MA,Retargeting | Site Visitors,4947,137,73.51,0.027694
2024-05-23,MA,Retargeting | Site Visitors,6714,103,77.98,0.015341
2024-05-24,MA,Retargeting | Site Visitors,5874,133,57.58,0.022642
2024-05-25,MA,Retargeting | Site Visitors,6968,139,60.06,0.019948
2024-05-26,MA,Retargeting | Site Visitors,6905,104,77.18,0.015062
2024-05-20,SE,Prospecting | Trail,12076,165,108.92,0.013663
2024-05-21,SE,Prospecting | Trail,12212,148,112.71,0.012119
2024-05-22,SE,Prospecting | Trail,11411,167,111.95,0.014635
2024-05-23,SE,Prospecting | Trail,12627,119,99.88,0.009424
2024-05-24,SE,Prospecting | Trail,8886,136,109.04,0.015305
2024-05-25,SE,Prospecting | Trail,10347,134,113.65,0.012951
2024-05-26,SE,Prospecting | Trail,12762,160,130.99,0.012537
2024-05-20,SE,Retargeting | Site Visitors,4874,98,66.87,0.020107
2024-05-21,SE,Retargeting | Site Visitors,5072,128,65.84,0.025237
2024-05-22,SE,Retargeting | Site Visitors,4793,124,64.0,0.025871
2024-05-23,SE,Retargeting | Site Visitors,4949,98,63.36,0.019802
2024-05-24,SE,Retargeting | Site Visitors,6304,102,73.12,0.01618
2024-05-25,SE,Retargeting | Site Visitors,6141,99,60.31,0.016121
2024-05-26,SE,Retargeting | Site Visitors,6843,94,54.71,0.013737
2024-05-20,MW,Prospecting | Trail,15559,174,139.72,0.011183
2024-05-21,MW,Prospecting | Trail,15369,131,133.89,0.008524
2024-05-22,MW,Prospecting | Trail,13473,153,136.99,0.011356
2024-05-23,MW,Prospecting | Trail,11283,188,126.47,0.016662
2024-05-24,MW,Prospecting | Trail,13338,125,111.11,0.009372
2024-05-25,MW,Prospecting | Trail,15509,154,158.26,0.00993
2024-05-26,MW,Prospecting | Trail,11068,154,130.44,0.013914
2024-05-20,MW,Retargeting | Site Visitors,6197,99,88.64,0.015975
2024-05-21,MW,Retargeting | Site Visitors,6135,151,59.08,0.024613
2024-05-22,MW,Retargeting | Site Visitors,6564,153,83.54,0.023309
2024-05-23,MW,Retargeting | Site Visitors,7055,118,65.94,0.016726
2024-05-24,MW,Retargeting | Site Visitors,6812,127,63.07,0.018644
2024-05-25,MW,Retargeting | Site Visitors,6366,129,78.26,0.020264
2024-05-26,MW,Retargeting | Site Visitors,5589,120,75.73,0.021471
2024-05-20,MT,Prospecting | Trail,7537,90,96.72,0.011941
2024-05-21,MT,Prospecting | Trail,10522,116,90.44,0.011025
2024-05-22,MT,Prospecting | Trail,10521,117,73.1,0.011121
2024-05-23,MT,Prospecting | Trail,8163,105,71.66,0.012863
2024-05-24,MT,Prospecting | Trail,9441,97,105.09,0.010274
2024-05-25,MT,Prospecting | Trail,8580,107,97.59,0.012471
2024-05-26,MT,Prospecting | Trail,9347,106,93.71,0.011341
2024-05-20,MT,Retargeting | Site Visitors,4221,84,47.47,0.0199
2024-05-21,MT,Retargeting | Site Visitors,4480,64,46.32,0.014286
2024-05-22,MT,Retargeting | Site Visitors,3181,66,48.71,0.020748
2024-05-23,MT,Retargeting | Site Visitors,4149,71,45.06,0.017113
2024-05-24,MT,Retargeting | Site Visitors,3175,70,51.69,0.022047
2024-05-25,MT,Retargeting | Site Visitors,4498,71,39.87,0.015785
2024-05-26,MT,Retargeting | Site Visitors,4723,83,47.78,0.017574
2024-05-20,WE,Prospecting | Trail,14474,200,$189.06,0.013818
2024-05-21,WE,Prospecting | Trail,17629,176,$139.06,0.009984
2024-05-22,WE,Prospecting | Trail,13799,191,$156.94,0.013842
2024-05-23,WE,Prospecting | Trail,18224,217,$176.22,0.011907
2024-05-24,WE,Prospecting | Trail,18727,149,$175.77,0.007956
2024-05-25,WE,Prospecting | Trail,18584,161,$141.60,0.008663
2024-05-26,WE,Prospecting | Trail,14879,212,$161.25,0.014248
2024-05-20,WE,Retargeting | Site Visitors,7692,167,$90.54,0.021711
2024-05-21,WE,Retargeting | Site Visitors,8035,114,$67.32,0.014188
2024-05-22,WE,Retargeting | Site Visitors,7560,142,$85.02,0.018783
2024-05-23,WE,Retargeting | Site Visitors,7085,138,$80.29,0.019478
2024-05-24,WE,Retargeting | Site Visitors,5257,133,$70.20,0.0253
2024-05-25,WE,Retargeting | Site Visitors,5965,131,$98.12,0.021961
2024-05-26,WE,Retargeting | Site Visitors,7319,148,$71.00,0.020221
2024-05-27,NE,Prospecting | Trail,13531,143,129.68,0.010568
2024-05-28,NE,Prospecting | Trail,16276,175,128.95,0.010752
2024-05-29,NE,Prospecting | Trail,11392,169,116.9,0.014835
2024-05-30,NE,Prospecting | Trail,11438,160,117.02,0.013988
2024-05-31,NE,Prospecting | Trail,14762,176,173.17,0.011923
2024-06-01,NE,Prospecting | Trail,12354,194,133.51,0.015703
2024-06-02,NE,Prospecting | Trail,14690,177,126.31,0.012049
2024-05-27,NE,Retargeting | Site Visitors,5569,92,70.7,0.01652
2024-05-28,NE,Retargeting | Site Visitors,5573,107,79.17,0.0192
2024-05-29,NE,Retargeting | Site Visitors,6097,118,77.11,0.019354
2024-05-30,NE,Retargeting | Site Visitors,5885,129,71.54,0.02192
2024-05-31,NE,Retargeting | Site Visitors,7398,131,72.83,0.017707
2024-06-01,NE,Retargeting | Site Visitors,6869,110,65.01,0.016014
2024-06-02,NE,Retargeting | Site Visitors,7683,122,82.01,0.015879
2024-05-27,NE,Launch | New Colorway,8118,102,86.23,0.012565
2024-05-28,NE,Launch | New Colorway,7737,122,86.03,0.015768
2024-05-29,NE,Launch | New Colorway,8436,86,70.04,0.010194
2024-05-30,NE,Launch | New Colorway,7525,103,62.81,0.013688
2024-05-31,NE,Launch | New Colorway,6160,101,78.23,0.016396
2024-06-01,NE,Launch | New Colorway,6224,90,72.25,0.01446
2024-06-02,NE,Launch | New Colorway,6298,133,59.49,0.021118
2024-05-27,MA,Prospecting | Trail,15435,175,131.25,0.011338
2024-05-28,MA,Prospecting | Trail,15114,178,120.98,0.011777
2024-05-29,MA,Prospecting | Trail,11304,168,144.47,0.014862
2024-05-30,MA,Prospecting | Trail,12343,192,121.23,0.015555
2024-05-31,MA,Prospecting | Trail,15401,198,160.26,0.012856
2024-06-01,MA,Prospecting | Trail,15361,163,175.33,0.010611
2024-06-02,MA,Prospecting | Trail,15754,179,133.47,0.011362
2024-05-27,MA,Retargeting | Site Visitors,6518,137,92.78,0.021019
2024-05-28,MA,Retargeting | Site Visitors,6591,121,85.18,0.018358
2024-05-29,MA,Retargeting | Site Visitors,8031,166,92.78,0.02067
2024-05-30,MA,Retargeting | Site Visitors,8101,140,95.98,0.017282
2024-05-31,MA,Retargeting | Site Visitors,6731,126,67.92,0.018719
2024-06-01,MA,Retargeting | Site Visitors,8334,172,67.54,0.020638
2024-06-02,MA,Retargeting | Site Visitors,6790,140,85.44,0.020619
2024-05-27,MA,Launch | New Colorway,6662,91,58.81,0.01366
2024-05-28,MA,Launch | New Colorway,6612,99,64.17,0.014973
2024-05-29,MA,Launch | New Colorway,4779,106,47.95,0.02218
2024-05-30,MA,Launch | New Colorway,6353,98,72.91,0.015426
2024-05-31,MA,Launch | New Colorway,4995,74,70.03,0.014815
2024-06-01,MA,Launch | New Colorway,6963,97,63.99,0.013931
2024-06-02,MA,Launch | New Colorway,6399,69,58.33,0.010783
2024-05-27,SE,Prospecting | Trail,12174,134,115.01,0.011007
2024-05-28,SE,Prospecting | Trail,9605,131,130.04,0.013639
2024-05-29,SE,Prospecting | Trail,9158,136,121.9,0.01485
2024-05-30,SE,Prospecting | Trail,13752,157,85.49,0.011417
2024-05-31,SE,Prospecting | Trail,13035,120,97.35,0.009206
2024-06-01,SE,Prospecting | Trail,13202,173,120.16,0.013104
2024-06-02,SE,Prospecting | Trail,10347,142,126.53,0.013724
2024-05-27,SE,Retargeting | Site Visitors,6184,97,67.45,0.015686
2024-05-28,SE,Retargeting | Site Visitors,6142,79,58.65,0.012862
2024-05-29,SE,Retargeting | Site Visitors,4430,101,70.82,0.022799
2024-05-30,SE,Retargeting | Site Visitors,5178,108,70.87,0.020857
2024-05-31,SE,Retargeting | Site Visitors,5519,111,56.38,0.020112
2024-06-01,SE,Retargeting | Site Visitors,5190,119,72.37,0.022929
2024-06-02,SE,Retargeting | Site Visitors,6490,102,53.5,0.015716
2024-05-27,SE,Launch | New Colorway,6045,95,45.6,0.015715
2024-05-28,SE,Launch | New Colorway,4622,69,48.57,0.014929
2024-05-29,SE,Launch | New Colorway,5379,96,64.64,0.017847
2024-05-30,SE,Launch | New Colorway,6578,88,69.54,0.013378
2024-05-31,SE,Launch | New Colorway,5988,93,64.88,0.015531
2024-06-01,SE,Launch | New Colorway,5812,78,69.39,0.013421
2024-06-02,SE,Launch | New Colorway,6488,86,54.69,0.013255
2024-05-27,MW,Prospecting | Trail,16157,142,139.91,0.008789
2024-05-28,MW,Prospecting | Trail,16504,182,145.89,0.011028
2024-05-29,MW,Prospecting | Trail,12687,158,153.26,0.012454
2024-05-30,MW,Prospecting | Trail,14442,174,156.72,0.012048
2024-05-31,MW,Prospecting | Trail,11985,195,116.85,0.01627
2024-06-01,MW,Prospecting | Trail,18605,185,135.15,0.009944
2024-06-02,MW,Prospecting | Trail,12557,186,161.0,0.014812
2024-05-27,MW,Retargeting | Site Visitors,6599,119,53.28,0.018033
2024-05-28,MW,Retargeting | Site Visitors,6078,84,76.86,0.01382
2024-05-29,MW,Retargeting | Site Visitors,4800,101,55.75,0.021042
2024-05-30,MW,Retargeting | Site Visitors,4904,97,75.87,0.01978
2024-05-31,MW,Retargeting | Site Visitors,5898,123,73.82,0.020855
2024-06-01,MW,Retargeting | Site Visitors,7111,123,60.59,0.017297
2024-06-02,MW,Retargeting | Site Visitors,5944,116,79.19,0.019515
2024-05-27,MW,Launch | New Colorway,4068,84,41.07,0.020649
2024-05-28,MW,Launch | New Colorway,5573,89,46.53,0.01597
2024-05-29,MW,Launch | New Colorway,5423,77,43.87,0.014199
2024-05-30,MW,Launch | New Colorway,4469,64,47.27,0.014321
2024-05-31,MW,Launch | New Colorway,4780,68,61.83,0.014226
2024-06-01,MW,Launch | New Colorway,4926,62,59.93,0.012586
2024-06-02,MW,Launch | New Colorway,4981,61,48.56,0.012247
2024-05-27,MT,Prospecting | Trail,9173,103,83.25,0.011229
2024-05-28,MT,Prospecting | Trail,8722,92,79.81,0.010548
2024-05-29,MT,Prospecting | Trail,9860,99,114.73,0.010041
2024-05-30,MT,Prospecting | Trail,9921,108,95.73,0.010886
2024-05-31,MT,Prospecting | Trail,9266,134,103.92,0.014461
2024-06-01,MT,Prospecting | Trail,9765,97,87.08,0.009933
2024-06-02,MT,Prospecting | Trail,9500,112,84.3,0.011789
2024-05-27,MT,Retargeting | Site Visitors,3857,83,59.54,0.021519
2024-05-28,MT,Retargeting | Site Visitors,5847,84,47.59,0.014366
2024-05-29,MT,Retargeting | Site Visitors,4892,96,54.09,0.019624
2024-05-30,MT,Retargeting | Site Visitors,4027,85,48.07,0.021108
2024-05-31,MT,Retargeting | Site Visitors,4141,80,62.47,0.019319
2024-06-01,MT,Retargeting | Site Visitors,4041,105,50.29,0.025984
2024-06-02,MT,Retargeting | Site Visitors,5804,103,52.94,0.017746
2024-05-27,MT,Launch | New Colorway,4928,67,45.38,0.013596
2024-05-28,MT,Launch | New Colorway,5659,68,51.05,0.012016
2024-05-29,MT,Launch | New Colorway,5673,72,48.69,0.012692
2024-05-30,MT,Launch | New Colorway,4193,78,47.86,0.018602
2024-05-31,MT,Launch | New Colorway,4290,89,47.57,0.020746
2024-06-01,MT,Launch | New Colorway,5504,84,61.49,0.015262
2024-06-02,MT,Launch | New Colorway,5471,90,62.29,0.01645
2024-05-27,WE,Prospecting | Trail,16635,177,$145.29,0.01064
2024-05-28,WE,Prospecting | Trail,13244,181,$157.22,0.013667
2024-05-29,WE,Prospecting | Trail,17798,207,$202.03,0.011631
2024-05-30,WE,Prospecting | Trail,17279,251,$155.00,0.014526
2024-05-31,WE,Prospecting | Trail,16719,198,$146.64,0.011843
2024-06-01,WE,Prospecting | Trail,19164,167,$177.89,0.008714
2024-06-02,WE,Prospecting | Trail,17814,172,$178.75,0.009655
2024-05-27,WE,Retargeting | Site Visitors,8623,167,$69.30,0.019367
2024-05-28,WE,Retargeting | Site Visitors,6334,143,$97.06,0.022577
2024-05-29,WE,Retargeting | Site Visitors,9208,157,$101.39,0.01705
2024-05-30,WE,Retargeting | Site Visitors,7139,116,$93.58,0.016249
2024-05-31,WE,Retargeting | Site Visitors,8658,144,$100.14,0.016632
2024-06-01,WE,Retargeting | Site Visitors,9215,139,$103.26,0.015084
2024-06-02,WE,Retargeting | Site Visitors,7057,170,$81.94,0.02409
2024-05-27,WE,Launch | New Colorway,7549,123,$71.46,0.016294
2024-05-28,WE,Launch | New Colorway,8455,117,$70.49,0.013838
2024-05-29,WE,Launch | New Colorway,8253,101,$72.46,0.012238
2024-05-30,WE,Launch | New Colorway,6415,138,$80.22,0.021512
2024-05-31,WE,Launch | New Colorway,6486,142,$87.21,0.021893
2024-06-01,WE,Launch | New Colorway,8403,105,$73.10,0.012496
2024-06-02,WE,Launch | New Colorway,7811,109,$89.47,0.013955
2024-06-03,NE,Prospecting | Trail,11190,161,143.05,0.014388
2024-06-04,NE,Prospecting | Trail,11011,146,111.34,0.013259
2024-06-05,NE,Prospecting | Trail,12278,181,98.3,0.014742
2024-06-06,NE,Prospecting | Trail,12707,160,136.39,0.012591
2024-06-07,NE,Prospecting | Trail,13645,136,97.74,0.009967
2024-06-08,NE,Prospecting | Trail,12457,155,120.67,0.012443
2024-06-09,NE,Prospecting | Trail,12255,147,130.84,0.011995
2024-06-03,NE,Retargeting | Site Visitors,6677,102,83.35,0.015276
2024-06-04,NE,Retargeting | Site Visitors,5864,144,66.68,0.024557
2024-06-05,NE,Retargeting | Site Visitors,5897,115,75.13,0.019501
2024-06-06,NE,Retargeting | Site Visitors,7866,133,83.46,0.016908
2024-06-07,NE,Retargeting | Site Visitors,7051,111,68.21,0.015742
2024-06-08,NE,Retargeting | Site Visitors,6445,109,64.86,0.016912
2024-06-09,NE,Retargeting | Site Visitors,5183,130,75.61,0.025082
2024-06-03,MA,Prospecting | Trail,9190,108,110.08,0.011752
2024-06-04,MA,Prospecting | Trail,9729,136,95.44,0.013979
2024-06-05,MA,Prospecting | Trail,9050,131,97.22,0.014475
2024-06-06,MA,Prospecting | Trail,12323,110,84.85,0.008926
2024-06-07,MA,Prospecting | Trail,10082,126,123.87,0.012498
2024-06-08,MA,Prospecting | Trail,9914,105,122.5,0.010591
2024-06-09,MA,Prospecting | Trail,12845,143,82.73,0.011133
2024-06-03,MA,Retargeting | Site Visitors,6080,101,68.21,0.016612
2024-06-04,MA,Retargeting | Site Visitors,5935,100,60.4,0.016849
2024-06-05,MA,Retargeting | Site Visitors,6820,133,75.83,0.019501
2024-06-06,MA,Retargeting | Site Visitors,5135,117,67.81,0.022785
2024-06-07,MA,Retargeting | Site Visitors,5557,133,62.39,0.023934
2024-06-08,MA,Retargeting | Site Visitors,5484,120,66.32,0.021882
2024-06-09,MA,Retargeting | Site Visitors,5171,98,61.12,0.018952
2024-06-03,SE,Prospecting | Trail,12171,145,111.51,0.011914
2024-06-04,SE,Prospecting | Trail,9476,128,101.73,0.013508
2024-06-05,SE,Prospecting | Trail,10680,125,98.91,0.011704
2024-06-06,SE,Prospecting | Trail,12707,173,120.31,0.013615
2024-06-07,SE,Prospecting | Trail,10335,116,112.97,0.011224
2024-06-08,SE,Prospecting | Trail,10427,142,105.11,0.013618
2024-06-09,SE,Prospecting | Trail,10560,139,97.76,0.013163
2024-06-03,SE,Retargeting | Site Visitors,3877,85,63.6,0.021924
2024-06-04,SE,Retargeting | Site Visitors,5340,72,55.47,0.013483
2024-06-05,SE,Retargeting | Site Visitors,4355,98,49.43,0.022503
2024-06-06,SE,Retargeting | Site Visitors,5111,71,58.79,0.013892
2024-06-07,SE,Retargeting | Site Visitors,5399,104,47.01,0.019263
2024-06-08,SE,Retargeting | Site Visitors,5392,103,49.42,0.019102
2024-06-09,SE,Retargeting | Site Visitors,4130,75,62.7,0.01816
2024-06-03,MW,Prospecting | Trail,11478,131,118.19,0.011413
2024-06-04,MW,Prospecting | Trail,11892,136,92.96,0.011436
2024-06-05,MW,Prospecting | Trail,9146,135,131.09,0.014761
2024-06-06,MW,Prospecting | Trail,10373,133,89.13,0.012822
2024-06-07,MW,Prospecting | Trail,9131,134,113.03,0.014675
2024-06-08,MW,Prospecting | Trail,12332,137,93.92,0.011109
2024-06-09,MW,Prospecting | Trail,11440,124,104.43,0.010839
2024-06-03,MW,Retargeting | Site Visitors,5824,127,67.57,0.021806
2024-06-04,MW,Retargeting | Site Visitors,5631,101,66.28,0.017936
2024-06-05,MW,Retargeting | Site Visitors,5129,111,50.93,0.021642
2024-06-06,MW,Retargeting | Site Visitors,4904,111,58.25,0.022635
2024-06-07,MW,Retargeting | Site Visitors,5459,101,68.14,0.018502
2024-06-08,MW,Retargeting | Site Visitors,5327,95,66.42,0.017834
2024-06-09,MW,Retargeting | Site Visitors,4990,109,50.93,0.021844
2024-06-03,MT,Prospecting | Trail,7732,118,87.42,0.015261
2024-06-04,MT,Prospecting | Trail,7907,108,78.72,0.013659
2024-06-05,MT,Prospecting | Trail,8597,85,94.83,0.009887
2024-06-06,MT,Prospecting | Trail,7910,115,74.16,0.014539
2024-06-07,MT,Prospecting | Trail,10039,118,81.86,0.011754
2024-06-08,MT,Prospecting | Trail,8079,95,76.26,0.011759
2024-06-09,MT,Prospecting | Trail,9892,91,96.27,0.009199
2024-06-03,MT,Retargeting | Site Visitors,3721,88,47.7,0.02365
2024-06-04,MT,Retargeting | Site Visitors,5670,81,49.09,0.014286
2024-06-05,MT,Retargeting | Site Visitors,4016,108,56.68,0.026892
2024-06-06,MT,Retargeting | Site Visitors,4359,104,53.6,0.023859
2024-06-07,MT,Retargeting | Site Visitors,4390,76,55.89,0.017312
2024-06-08,MT,Retargeting | Site Visitors,3907,74,49.83,0.01894
2024-06-09,MT,Retargeting | Site Visitors,5524,77,50.47,0.013939
2024-06-03,WE,Prospecting | Trail,12639,168,$139.00,0.013292
2024-06-04,WE,Prospecting | Trail,15198,153,$127.39,0.010067
2024-06-05,WE,Prospecting | Trail,12870,176,$147.19,0.013675
2024-06-06,WE,Prospecting | Trail,13020,153,$118.60,0.011751
2024-06-07,WE,Prospecting | Trail,16078,134,$107.64,0.008334
2024-06-08,WE,Prospecting | Trail,13894,176,$162.38,0.012667
2024-06-09,WE,Prospecting | Trail,13902,195,$154.27,0.014027
2024-06-03,WE,Retargeting | Site Visitors,5785,124,$58.92,0.021435
2024-06-04,WE,Retargeting | Site Visitors,4553,105,$70.29,0.023062
2024-06-05,WE,Retargeting | Site Visitors,6644,119,$84.96,0.017911
2024-06-06,WE,Retargeting | Site Visitors,6506,97,$71.54,0.014909
2024-06-07,WE,Retargeting | Site Visitors,6601,119,$56.65,0.018028
2024-06-08,WE,Retargeting | Site Visitors,5568,111,$58.70,0.019935
2024-06-09,WE,Retargeting | Site Visitors,6288,100,$81.29,0.015903
2024-06-10,NE,Prospecting | Trail,14876,174,112.17,0.011697
2024-06-11,NE,Prospecting | Trail,12210,146,138.95,0.011957
2024-06-12,NE,Prospecting | Trail,13177,193,133.63,0.014647
2024-06-13,NE,Prospecting | Trail,10437,154,107.18,0.014755
2024-06-14,NE,Prospecting | Trail,14118,143,142.17,0.010129
2024-06-15,NE,Prospecting | Trail,14853,143,106.54,0.009628
2024-06-16,NE,Prospecting | Trail,11744,148,155.23,0.012602
2024-06-10,NE,Retargeting | Site Visitors,5201,84,69.66,0.016151
2024-06-11,NE,Retargeting | Site Visitors,4998,85,66.26,0.017007
2024-06-12,NE,Retargeting | Site Visitors,5269,117,70.7,0.022205
2024-06-13,NE,Retargeting | Site Visitors,6587,99,60.57,0.01503
2024-06-14,NE,Retargeting | Site Visitors,6209,112,50.78,0.018038
2024-06-15,NE,Retargeting | Site Visitors,4435,101,54.69,0.022773
2024-06-16,NE,Retargeting | Site Visitors,4636,109,56.68,0.023512
2024-06-10,MA,Prospecting | Trail,10970,154,102.27,0.014038
2024-06-11,MA,Prospecting | Trail,11978,130,118.07,0.010853
2024-06-12,MA,Prospecting | Trail,12649,169,122.37,0.013361
2024-06-13,MA,Prospecting | Trail,10651,150,120.65,0.014083
2024-06-14,MA,Prospecting | Trail,13355,182,98.11,0.013628
2024-06-15,MA,Prospecting | Trail,12013,130,147.25,0.010822
2024-06-16,MA,Prospecting | Trail,14530,155,135.52,0.010668
2024-06-10,MA,Retargeting | Site Visitors,6460,120,78.02,0.018576
2024-06-11,MA,Retargeting | Site Visitors,6557,109,59.32,0.016623
2024-06-12,MA,Retargeting | Site Visitors,4671,111,56.08,0.023764
2024-06-13,MA,Retargeting | Site Visitors,4637,85,78.54,0.018331
2024-06-14,MA,Retargeting | Site Visitors,6886,127,61.27,0.018443
2024-06-15,MA,Retargeting | Site Visitors,5850,115,69.89,0.019658
2024-06-16,MA,Retargeting | Site Visitors,4999,85,57.58,0.017003
2024-06-10,SE,Prospecting | Trail,11654,138,87.57,0.011841
2024-06-11,SE,Prospecting | Trail,8639,124,118.18,0.014354
2024-06-12,SE,Prospecting | Trail,9951,105,95.98,0.010552
2024-06-13,SE,Prospecting | Trail,8657,98,97.45,0.01132
2024-06-14,SE,Prospecting | Trail,12569,108,97.38,0.008593
2024-06-15,SE,Prospecting | Trail,11560,112,110.34,0.009689
2024-06-16,SE,Prospecting | Trail,9896,133,107.78,0.01344
2024-06-10,SE,Retargeting | Site Visitors,4978,110,63.81,0.022097
2024-06-11,SE,Retargeting | Site Visitors,4275,101,62.81,0.023626
2024-06-12,SE,Retargeting | Site Visitors,6536,88,62.76,0.013464
2024-06-13,SE,Retargeting | Site Visitors,4531,103,63.66,0.022732
2024-06-14,SE,Retargeting | Site Visitors,4964,74,49.46,0.014907
2024-06-15,SE,Retargeting | Site Visitors,4699,96,65.66,0.02043
2024-06-16,SE,Retargeting | Site Visitors,6239,82,48.38,0.013143
2024-06-10,MW,Prospecting | Trail,12373,113,90.98,0.009133
2024-06-11,MW,Prospecting | Trail,10845,97,105.57,0.008944
2024-06-12,MW,Prospecting | Trail,9197,121,105.77,0.013156
2024-06-13,MW,Prospecting | Trail,8582,97,95.41,0.011303
2024-06-14,MW,Prospecting | Trail,11815,132,110.5,0.011172
2024-06-15,MW,Prospecting | Trail,10868,148,95.5,0.013618
2024-06-16,MW,Prospecting | Trail,8059,150,99.29,0.018613
2024-06-10,MW,Retargeting | Site Visitors,3756,89,46.88,0.023695
2024-06-11,MW,Retargeting | Site Visitors,5131,83,61.09,0.016176
2024-06-12,MW,Retargeting | Site Visitors,4981,91,45.31,0.018269
2024-06-13,MW,Retargeting | Site Visitors,4217,67,62.93,0.015888
2024-06-14,MW,Retargeting | Site Visitors,4728,83,43.75,0.017555
2024-06-15,MW,Retargeting | Site Visitors,5248,95,63.87,0.018102
2024-06-16,MW,Retargeting | Site Visitors,3979,68,44.64,0.01709
2024-06-10,MT,Prospecting | Trail,9303,122,88.06,0.013114
2024-06-11,MT,Prospecting | Trail,9682,147,100.98,0.015183
2024-06-12,MT,Prospecting | Trail,8099,138,99.18,0.017039
2024-06-13,MT,Prospecting | Trail,8775,142,105.36,0.016182
2024-06-14,MT,Prospecting | Trail,10563,107,96.02,0.01013
2024-06-15,MT,Prospecting | Trail,10629,107,102.51,0.010067
2024-06-16,MT,Prospecting | Trail,10934,102,74.12,0.009329
2024-06-10,MT,Retargeting | Site Visitors,5256,94,59.01,0.017884
2024-06-11,MT,Retargeting | Site Visitors,3576,95,45.47,0.026566
2024-06-12,MT,Retargeting | Site Visitors,4052,78,49.28,0.01925
2024-06-13,MT,Retargeting | Site Visitors,4543,96,61.28,0.021131
2024-06-14,MT,Retargeting | Site Visitors,5475,74,42.69,0.013516
2024-06-15,MT,Retargeting | Site Visitors,5372,76,56.38,0.014147
2024-06-16,MT,Retargeting | Site Visitors,4466,75,62.4,0.016794
2024-06-10,WE,Prospecting | Trail,13757,150,$148.35,0.010904
2024-06-11,WE,Prospecting | Trail,11149,180,$139.77,0.016145
2024-06-12,WE,Prospecting | Trail,11033,176,$118.63,0.015952
2024-06-13,WE,Prospecting | Trail,13901,141,$116.84,0.010143
2024-06-14,WE,Prospecting | Trail,15527,128,$146.23,0.008244
2024-06-15,WE,Prospecting | Trail,14941,141,$144.15,0.009437
2024-06-16,WE,Prospecting | Trail,15673,173,$126.66,0.011038
2024-06-10,WE,Retargeting | Site Visitors,5275,96,$73.16,0.018199
2024-06-11,WE,Retargeting | Site Visitors,6354,84,$67.20,0.01322
2024-06-12,WE,Retargeting | Site Visitors,5323,108,$62.29,0.020289
2024-06-13,WE,Retargeting | Site Visitors,5052,125,$52.30,0.024743
2024-06-14,WE,Retargeting | Site Visitors,5108,100,$67.74,0.019577
2024-06-15,WE,Retargeting | Site Visitors,4958,108,$72.89,0.021783
2024-06-16,WE,Retargeting | Site Visitors,6584,95,$48.93,0.014429
2024-06-17,NE,Prospecting | Trail,15776,132,106.62,0.008367
2024-06-18,NE,Prospecting | Trail,11372,145,132.47,0.012751
2024-06-19,NE,Prospecting | Trail,10209,168,125.57,0.016456
2024-06-20,NE,Prospecting | Trail,14872,138,149.18,0.009279
2024-06-21,NE,Prospecting | Trail,10173,152,152.58,0.014942
2024-06-22,NE,Prospecting | Trail,13441,147,118.8,0.010937
2024-06-23,NE,Prospecting | Trail,14586,137,100.98,0.009393
2024-06-17,NE,Retargeting | Site Visitors,4366,115,63.13,0.02634
2024-06-18,NE,Retargeting | Site Visitors,6161,105,63.47,0.017043
2024-06-19,NE,Retargeting | Site Visitors,4977,109,65.55,0.021901
2024-06-20,NE,Retargeting | Site Visitors,5747,113,65.41,0.019662
2024-06-21,NE,Retargeting | Site Visitors,5737,83,60.66,0.014467
2024-06-22,NE,Retargeting | Site Visitors,6218,110,79.43,0.017691
2024-06-23,NE,Retargeting | Site Visitors,6210,111,55.65,0.017874
2024-06-17,MA,Prospecting | Trail,15291,187,104.96,0.012229
2024-06-18,MA,Prospecting | Trail,12377,188,155.55,0.015189
2024-06-19,MA,Prospecting | Trail,11182,166,112.53,0.014845
2024-06-20,MA,Prospecting | Trail,14786,135,153.5,0.00913
2024-06-21,MA,Prospecting | Trail,14509,182,109.1,0.012544
2024-06-22,MA,Prospecting | Trail,12567,133,155.87,0.010583
2024-06-23,MA,Prospecting | Trail,13193,159,128.77,0.012052
2024-06-17,MA,Retargeting | Site Visitors,6568,129,59.85,0.019641
2024-06-18,MA,Retargeting | Site Visitors,6766,104,80.59,0.015371
2024-06-19,MA,Retargeting | Site Visitors,6019,129,84.52,0.021432
2024-06-20,MA,Retargeting | Site Visitors,7387,133,71.59,0.018005
2024-06-21,MA,Retargeting | Site Visitors,6086,133,63.48,0.021853
2024-06-22,MA,Retargeting | Site Visitors,5948,124,80.69,0.020847
2024-06-23,MA,Retargeting | Site Visitors,6010,93,74.31,0.015474
2024-06-17,SE,Prospecting | Trail,11112,154,97.15,0.013859
2024-06-18,SE,Prospecting | Trail,13296,145,111.06,0.010906
2024-06-19,SE,Prospecting | Trail,10311,154,131.8,0.014936
2024-06-20,SE,Prospecting | Trail,12564,127,138.98,0.010108
2024-06-21,SE,Prospecting | Trail,13947,142,130.09,0.010181
2024-06-22,SE,Prospecting | Trail,11363,148,104.54,0.013025
2024-06-23,SE,Prospecting | Trail,11256,148,108.09,0.013149
2024-06-17,SE,Retargeting | Site Visitors,4294,81,57.15,0.018864
2024-06-18,SE,Retargeting | Site Visitors,4162,105,52.61,0.025228
2024-06-19,SE,Retargeting | Site Visitors,5715,96,53.2,0.016798
2024-06-20,SE,Retargeting | Site Visitors,5734,100,63.16,0.01744
2024-06-21,SE,Retargeting | Site Visitors,5761,78,62.97,0.013539
2024-06-22,SE,Retargeting | Site Visitors,5727,93,64.6,0.016239
2024-06-23,SE,Retargeting | Site Visitors,5347,107,68.81,0.020011
2024-06-17,MW,Prospecting | Trail,14114,172,106.59,0.012186
2024-06-18,MW,Prospecting | Trail,12146,133,131.25,0.01095
2024-06-19,MW,Prospecting | Trail,12294,138,118.49,0.011225
2024-06-20,MW,Prospecting | Trail,9165,119,116.37,0.012984
2024-06-21,MW,Prospecting | Trail,11503,167,119.86,0.014518
2024-06-22,MW,Prospecting | Trail,13681,117,107.16,0.008552
2024-06-23,MW,Prospecting | Trail,9274,171,105.61,0.018439
2024-06-17,MW,Retargeting | Site Visitors,5441,80,62.51,0.014703
2024-06-18,MW,Retargeting | Site Visitors,5367,100,54.2,0.018632
2024-06-19,MW,Retargeting | Site Visitors,4946,83,43.85,0.016781
2024-06-20,MW,Retargeting | Site Visitors,4187,81,50.58,0.019346
2024-06-21,MW,Retargeting | Site Visitors,5079,97,67.85,0.019098
2024-06-22,MW,Retargeting | Site Visitors,4590,109,65.0,0.023747
2024-06-23,MW,Retargeting | Site Visitors,5077,87,54.89,0.017136
2024-06-17,MT,Prospecting | Trail,6988,87,90.72,0.01245
2024-06-18,MT,Prospecting | Trail,10120,78,63.11,0.007708
2024-06-19,MT,Prospecting | Trail,9212,111,80.01,0.01205
2024-06-20,MT,Prospecting | Trail,6922,100,85.58,0.014447
2024-06-21,MT,Prospecting | Trail,9657,109,83.62,0.011287
2024-06-22,MT,Prospecting | Trail,8406,81,95.15,0.009636
2024-06-23,MT,Prospecting | Trail,7794,114,80.99,0.014627
2024-06-17,MT,Retargeting | Site Visitors,3633,68,54.91,0.018717
2024-06-18,MT,Retargeting | Site Visitors,3615,78,41.16,0.021577
2024-06-19,MT,Retargeting | Site Visitors,4378,74,53.03,0.016903
2024-06-20,MT,Retargeting | Site Visitors,3447,76,48.57,0.022048
2024-06-21,MT,Retargeting | Site Visitors,3841,57,39.01,0.01484
2024-06-22,MT,Retargeting | Site Visitors,4067,68,36.43,0.01672
2024-06-23,MT,Retargeting | Site Visitors,4276,63,40.32,0.014733
2024-06-17,WE,Prospecting | Trail,12584,125,$116.26,0.009933
2024-06-18,WE,Prospecting | Trail,13011,126,$128.12,0.009684
2024-06-19,WE,Prospecting | Trail,13653,173,$155.60,0.012671
2024-06-20,WE,Prospecting | Trail,14209,145,$131.58,0.010205
2024-06-21,WE,Prospecting | Trail,11925,187,$140.76,0.015681
2024-06-22,WE,Prospecting | Trail,14682,144,$121.00,0.009808
2024-06-23,WE,Prospecting | Trail,13709,190,$125.65,0.01386
2024-06-17,WE,Retargeting | Site Visitors,4772,104,$67.52,0.021794
2024-06-18,WE,Retargeting | Site Visitors,5435,94,$56.01,0.017295
2024-06-19,WE,Retargeting | Site Visitors,6219,117,$63.68,0.018813
2024-06-20,WE,Retargeting | Site Visitors,5840,100,$65.30,0.017123
2024-06-21,WE,Retargeting | Site Visitors,5420,85,$71.58,0.015683
2024-06-22,WE,Retargeting | Site Visitors,6109,87,$61.12,0.014241
2024-06-23,WE,Retargeting | Site Visitors,5712,120,$69.13,0.021008
2024-06-24,NE,Prospecting | Trail,13652,161,122.56,0.011793
2024-06-25,NE,Prospecting | Trail,10895,164,120.92,0.015053
2024-06-26,NE,Prospecting | Trail,12607,160,109.98,0.012691
2024-06-27,NE,Prospecting | Trail,10760,143,101.11,0.01329
2024-06-28,NE,Prospecting | Trail,10584,143,126.91,0.013511
2024-06-29,NE,Prospecting | Trail,13212,166,124.29,0.012564
2024-06-30,NE,Prospecting | Trail,11277,122,107.49,0.010818
2024-06-24,NE,Retargeting | Site Visitors,5795,110,47.74,0.018982
2024-06-25,NE,Retargeting | Site Visitors,5107,89,60.68,0.017427
2024-06-26,NE,Retargeting | Site Visitors,5336,94,59.91,0.017616
2024-06-27,NE,Retargeting | Site Visitors,4344,108,54.8,0.024862
2024-06-28,NE,Retargeting | Site Visitors,5248,111,63.98,0.021151
2024-06-29,NE,Retargeting | Site Visitors,5611,114,70.82,0.020317
2024-06-30,NE,Retargeting | Site Visitors,5730,127,69.55,0.022164
2024-06-24,MA,Prospecting | Trail,13042,135,114.41,0.010351
2024-06-25,MA,Prospecting | Trail,10244,176,141.65,0.017181
2024-06-26,MA,Prospecting | Trail,13781,139,143.31,0.010086
2024-06-27,MA,Prospecting | Trail,11751,152,121.75,0.012935
2024-06-28,MA,Prospecting | Trail,15403,159,108.36,0.010323
2024-06-29,MA,Prospecting | Trail,12217,135,141.63,0.01105
2024-06-30,MA,Prospecting | Trail,13841,202,113.62,0.014594
2024-06-24,MA,Retargeting | Site Visitors,6040,102,74.87,0.016887
2024-06-25,MA,Retargeting | Site Visitors,5185,115,65.22,0.022179
2024-06-26,MA,Retargeting | Site Visitors,6434,130,72.76,0.020205
2024-06-27,MA,Retargeting | Site Visitors,6474,108,60.86,0.016682
2024-06-28,MA,Retargeting | Site Visitors,5979,127,61.3,0.021241
2024-06-29,MA,Retargeting | Site Visitors,5109,105,68.73,0.020552
2024-06-30,MA,Retargeting | Site Visitors,5710,134,66.97,0.023468
2024-06-24,SE,Prospecting | Trail,11103,97,107.15,0.008736
2024-06-25,SE,Prospecting | Trail,8766,100,76.02,0.011408
2024-06-26,SE,Prospecting | Trail,10431,132,91.97,0.012655
2024-06-27,SE,Prospecting | Trail,9298,146,109.9,0.015702
2024-06-28,SE,Prospecting | Trail,10378,101,85.51,0.009732
2024-06-29,SE,Prospecting | Trail,8769,131,107.23,0.014939
2024-06-30,SE,Prospecting | Trail,10775,146,103.53,0.01355
2024-06-24,SE,Retargeting | Site Visitors,5889,90,63.47,0.015283
2024-06-25,SE,Retargeting | Site Visitors,6084,104,65.43,0.017094
2024-06-26,SE,Retargeting | Site Visitors,4597,121,51.77,0.026322
2024-06-27,SE,Retargeting | Site Visitors,4857,89,65.18,0.018324
2024-06-28,SE,Retargeting | Site Visitors,6284,112,71.9,0.017823
2024-06-29,SE,Retargeting | Site Visitors,6218,115,58.97,0.018495
2024-06-30,SE,Retargeting | Site Visitors,4903,96,69.86,0.01958
2024-06-24,MW,Prospecting | Trail,8124,140,103.36,0.017233
2024-06-25,MW,Prospecting | Trail,10590,102,80.57,0.009632
2024-06-26,MW,Prospecting | Trail,9434,108,108.35,0.011448
2024-06-27,MW,Prospecting | Trail,9099,135,84.0,0.014837
2024-06-28,MW,Prospecting | Trail,9385,112,85.06,0.011934
2024-06-29,MW,Prospecting | Trail,12167,156,85.07,0.012822
2024-06-30,MW,Prospecting | Trail,9480,118,122.74,0.012447
2024-06-24,MW,Retargeting | Site Visitors,5303,88,66.94,0.016594
2024-06-25,MW,Retargeting | Site Visitors,4127,86,47.12,0.020838
2024-06-26,MW,Retargeting | Site Visitors,5842,119,66.94,0.02037
2024-06-27,MW,Retargeting | Site Visitors,5681,117,61.61,0.020595
2024-06-28,MW,Retargeting | Site Visitors,4634,87,68.78,0.018774
2024-06-29,MW,Retargeting | Site Visitors,5690,102,61.84,0.017926
2024-06-30,MW,Retargeting | Site Visitors,5173,95,45.95,0.018365
2024-06-24,MT,Prospecting | Trail,8820,114,99.14,0.012925
2024-06-25,MT,Prospecting | Trail,9791,134,110.0,0.013686
2024-06-26,MT,Prospecting | Trail,9765,101,91.87,0.010343
2024-06-27,MT,Prospecting | Trail,8790,107,87.79,0.012173
2024-06-28,MT,Prospecting | Trail,11294,117,93.06,0.010359
2024-06-29,MT,Prospecting | Trail,8176,141,94.31,0.017246
2024-06-30,MT,Prospecting | Trail,11300,132,89.62,0.011681
2024-06-24,MT,Retargeting | Site Visitors,3318,63,36.6,0.018987
2024-06-25,MT,Retargeting | Site Visitors,3236,65,44.87,0.020087
2024-06-26,MT,Retargeting | Site Visitors,3265,56,34.77,0.017152
2024-06-27,MT,Retargeting | Site Visitors,4001,57,42.74,0.014246
2024-06-28,MT,Retargeting | Site Visitors,3340,69,41.41,0.020659
2024-06-29,MT,Retargeting | Site Visitors,3947,63,44.3,0.015961
2024-06-30,MT,Retargeting | Site Visitors,3937,73,43.31,0.018542
2024-06-24,WE,Prospecting | Trail,11955,186,$143.63,0.015558
2024-06-25,WE,Prospecting | Trail,13748,148,$137.67,0.010765
2024-06-26,WE,Prospecting | Trail,13936,183,$106.18,0.013131
2024-06-27,WE,Prospecting | Trail,13843,140,$125.29,0.010113
2024-06-28,WE,Prospecting | Trail,12371,164,$132.74,0.013257
2024-06-29,WE,Prospecting | Trail,10107,135,$107.26,0.013357
2024-06-30,WE,Prospecting | Trail,13232,126,$121.31,0.009522
2024-06-24,WE,Retargeting | Site Visitors,7032,143,$71.80,0.020336
2024-06-25,WE,Retargeting | Site Visitors,6920,161,$82.71,0.023266
2024-06-26,WE,Retargeting | Site Visitors,6417,118,$94.48,0.018389
2024-06-27,WE,Retargeting | Site Visitors,5903,148,$80.99,0.025072
2024-06-28,WE,Retargeting | Site Visitors,8217,131,$64.54,0.015943
2024-06-29,WE,Retargeting | Site Visitors,5818,110,$84.60,0.018907
2024-06-30,WE,Retargeting | Site Visitors,7565,115,$71.41,0.015202
2024-07-01,NE,Prospecting | Trail,15362,152,129.1,0.009895
2024-07-02,NE,Prospecting | Trail,13662,134,147.59,0.009808
2024-07-03,NE,Prospecting | Trail,14999,193,146.45,0.012868
2024-07-04,NE,Prospecting | Trail,14898,137,154.23,0.009196
2024-07-05,NE,Prospecting | Trail,12710,193,127.58,0.015185
2024-07-06,NE,Prospecting | Trail,13787,167,128.48,0.012113
2024-07-07,NE,Prospecting | Trail,12754,168,128.64,0.013172
2024-07-01,NE,Retargeting | Site Visitors,4556,82,67.12,0.017998
2024-07-02,NE,Retargeting | Site Visitors,5584,95,58.05,0.017013
2024-07-03,NE,Retargeting | Site Visitors,6071,115,62.42,0.018943
2024-07-04,NE,Retargeting | Site Visitors,5907,86,71.51,0.014559
2024-07-05,NE,Retargeting | Site Visitors,5324,97,59.33,0.018219
2024-07-06,NE,Retargeting | Site Visitors,4432,109,71.3,0.024594
2024-07-07,NE,Retargeting | Site Visitors,6505,115,51.65,0.017679
2024-07-01,MA,Prospecting | Trail,8945,112,80.96,0.012521
2024-07-02,MA,Prospecting | Trail,9642,154,124.25,0.015972
2024-07-03,MA,Prospecting | Trail,12066,121,104.8,0.010028
2024-07-04,MA,Prospecting | Trail,8054,111,110.61,0.013782
2024-07-05,MA,Prospecting | Trail,11748,109,94.71,0.009278
2024-07-06,MA,Prospecting | Trail,11666,157,121.22,0.013458
2024-07-07,MA,Prospecting | Trail,11313,119,83.08,0.010519
2024-07-01,MA,Retargeting | Site Visitors,7085,121,72.41,0.017078
2024-07-02,MA,Retargeting | Site Visitors,5385,116,64.8,0.021541
2024-07-03,MA,Retargeting | Site Visitors,4955,123,60.71,0.024823
2024-07-04,MA,Retargeting | Site Visitors,5708,87,66.49,0.015242
2024-07-05,MA,Retargeting | Site Visitors,5249,117,66.5,0.02229
2024-07-06,MA,Retargeting | Site Visitors,6412,101,63.15,0.015752
2024-07-07,MA,Retargeting | Site Visitors,5195,112,65.81,0.021559
2024-07-01,SE,Prospecting | Trail,10441,93,88.41,0.008907
2024-07-02,SE,Prospecting | Trail,9550,128,87.49,0.013403
2024-07-03,SE,Prospecting | Trail,9456,131,86.25,0.013854
2024-07-04,SE,Prospecting | Trail,10491,120,98.67,0.011438
2024-07-05,SE,Prospecting | Trail,9538,121,96.38,0.012686
2024-07-06,SE,Prospecting | Trail,8549,89,101.38,0.010411
2024-07-07,SE,Prospecting | Trail,9564,121,103.79,0.012652
2024-07-01,SE,Retargeting | Site Visitors,5888,105,64.42,0.017833
2024-07-02,SE,Retargeting | Site Visitors,5172,94,57.06,0.018175
2024-07-03,SE,Retargeting | Site Visitors,5122,97,72.83,0.018938
2024-07-04,SE,Retargeting | Site Visitors,6279,124,61.57,0.019748
2024-07-05,SE,Retargeting | Site Visitors,5083,102,49.29,0.020067
2024-07-06,SE,Retargeting | Site Visitors,5340,98,69.19,0.018352
2024-07-07,SE,Retargeting | Site Visitors,5515,90,67.24,0.016319
2024-07-01,MW,Prospecting | Trail,9945,126,82.32,0.01267
2024-07-02,MW,Prospecting | Trail,8933,135,89.76,0.015113
2024-07-03,MW,Prospecting | Trail,9707,132,97.59,0.013598
2024-07-04,MW,Prospecting | Trail,7981,99,96.55,0.012404
2024-07-05,MW,Prospecting | Trail,10198,108,96.34,0.01059
2024-07-06,MW,Prospecting | Trail,10758,119,97.72,0.011062
2024-07-07,MW,Prospecting | Trail,9486,91,96.39,0.009593
2024-07-01,MW,Retargeting | Site Visitors,6088,111,81.94,0.018233
2024-07-02,MW,Retargeting | Site Visitors,6028,99,59.96,0.016423
2024-07-03,MW,Retargeting | Site Visitors,5106,100,82.63,0.019585
2024-07-04,MW,Retargeting | Site Visitors,6716,135,61.44,0.020101
2024-07-05,MW,Retargeting | Site Visitors,6755,105,59.06,0.015544
2024-07-06,MW,Retargeting | Site Visitors,5783,92,66.43,0.015909
2024-07-07,MW,Retargeting | Site Visitors,5255,118,68.46,0.022455
2024-07-01,MT,Prospecting | Trail,8576,103,93.91,0.01201
2024-07-02,MT,Prospecting | Trail,8580,132,97.71,0.015385
2024-07-03,MT,Prospecting | Trail,11813,102,87.35,0.008635
2024-07-04,MT,Prospecting | Trail,11519,95,99.54,0.008247
2024-07-05,MT,Prospecting | Trail,8327,121,82.36,0.014531
2024-07-06,MT,Prospecting | Trail,8917,126,112.07,0.01413
2024-07-07,MT,Prospecting | Trail,10399,129,94.75,0.012405
2024-07-01,MT,Retargeting | Site Visitors,3452,71,50.59,0.020568
2024-07-02,MT,Retargeting | Site Visitors,3483,58,35.47,0.016652
2024-07-03,MT,Retargeting | Site Visitors,4066,73,40.64,0.017954
2024-07-04,MT,Retargeting | Site Visitors,4468,62,44.16,0.013876
2024-07-05,MT,Retargeting | Site Visitors,3537,58,48.03,0.016398
2024-07-06,MT,Retargeting | Site Visitors,3920,61,41.45,0.015561
2024-07-07,MT,Retargeting | Site Visitors,3223,83,40.38,0.025752
2024-07-01,WE,Prospecting | Trail,13279,160,$145.77,0.012049
2024-07-02,WE,Prospecting | Trail,19191,177,$169.30,0.009223
2024-07-03,WE,Prospecting | Trail,13219,158,$137.91,0.011952
2024-07-04,WE,Prospecting | Trail,13817,180,$131.81,0.013027
2024-07-05,WE,Prospecting | Trail,15129,145,$154.12,0.009584
2024-07-06,WE,Prospecting | Trail,14005,219,$144.69,0.015637
2024-07-07,WE,Prospecting | Trail,17174,186,$153.38,0.01083
2024-07-01,WE,Retargeting | Site Visitors,4759,96,$67.84,0.020172
2024-07-02,WE,Retargeting | Site Visitors,5113,113,$61.35,0.022101
2024-07-03,WE,Retargeting | Site Visitors,5848,113,$53.68,0.019323
2024-07-04,WE,Retargeting | Site Visitors,4898,114,$64.63,0.023275
2024-07-05,WE,Retargeting | Site Visitors,6908,108,$70.64,0.015634
2024-07-06,WE,Retargeting | Site Visitors,6993,89,$72.34,0.012727
2024-07-07,WE,Retargeting | Site Visitors,4821,94,$61.95,0.019498
2024-07-08,NE,Prospecting | Trail,12480,180,127.65,0.014423
2024-07-09,NE,Prospecting | Trail,10596,142,124.44,0.013401
2024-07-10,NE,Prospecting | Trail,13613,181,129.75,0.013296
2024-07-11,NE,Prospecting | Trail,10752,119,107.51,0.011068
2024-07-12,NE,Prospecting | Trail,13376,181,131.7,0.013532
2024-07-13,NE,Prospecting | Trail,13024,145,118.33,0.011133
2024-07-14,NE,Prospecting | Trail,12154,139,103.38,0.011437
2024-07-08,NE,Retargeting | Site Visitors,4956,123,61.26,0.024818
2024-07-09,NE,Retargeting | Site Visitors,5390,127,63.87,0.023562
2024-07-10,NE,Retargeting | Site Visitors,6910,102,79.9,0.014761
2024-07-11,NE,Retargeting | Site Visitors,5620,125,53.72,0.022242
2024-07-12,NE,Retargeting | Site Visitors,4736,91,68.0,0.019215
2024-07-13,NE,Retargeting | Site Visitors,6666,102,56.04,0.015302
2024-07-14,NE,Retargeting | Site Visitors,4979,110,68.67,0.022093
2024-07-08,MA,Prospecting | Trail,11246,181,106.72,0.016095
2024-07-09,MA,Prospecting | Trail,15652,143,111.82,0.009136
2024-07-10,MA,Prospecting | Trail,14180,140,130.23,0.009873
2024-07-11,MA,Prospecting | Trail,12881,188,109.47,0.014595
2024-07-12,MA,Prospecting | Trail,12952,176,120.0,0.013589
2024-07-13,MA,Prospecting | Trail,10405,137,140.92,0.013167
2024-07-14,MA,Prospecting | Trail,10268,159,139.17,0.015485
2024-07-08,MA,Retargeting | Site Visitors,5530,70,51.22,0.012658
2024-07-09,MA,Retargeting | Site Visitors,4532,102,53.08,0.022507
2024-07-10,MA,Retargeting | Site Visitors,4206,103,50.13,0.024489
2024-07-11,MA,Retargeting | Site Visitors,5524,106,68.8,0.019189
2024-07-12,MA,Retargeting | Site Visitors,4774,71,56.9,0.014872
2024-07-13,MA,Retargeting | Site Visitors,4626,74,61.53,0.015997
2024-07-14,MA,Retargeting | Site Visitors,4598,103,46.92,0.022401
2024-07-08,SE,Prospecting | Trail,9703,128,85.45,0.013192
2024-07-09,SE,Prospecting | Trail,11548,92,114.17,0.007967
2024-07-10,SE,Prospecting | Trail,9460,131,76.69,0.013848
2024-07-11,SE,Prospecting | Trail,10313,102,107.27,0.00989
2024-07-12,SE,Prospecting | Trail,8863,139,104.24,0.015683
2024-07-13,SE,Prospecting | Trail,9923,123,94.96,0.012395
2024-07-14,SE,Prospecting | Trail,9550,104,96.97,0.01089
2024-07-08,SE,Retargeting | Site Visitors,3797,78,40.64,0.020543
2024-07-09,SE,Retargeting | Site Visitors,5415,99,58.24,0.018283
2024-07-10,SE,Retargeting | Site Visitors,4170,95,52.34,0.022782
2024-07-11,SE,Retargeting | Site Visitors,5113,77,58.51,0.01506
2024-07-12,SE,Retargeting | Site Visitors,4828,86,51.63,0.017813
2024-07-13,SE,Retargeting | Site Visitors,4067,92,51.26,0.022621
2024-07-14,SE,Retargeting | Site Visitors,4121,84,49.74,0.020383
2024-07-08,MW,Prospecting | Trail,8021,125,80.11,0.015584
2024-07-09,MW,Prospecting | Trail,8650,140,79.58,0.016185
2024-07-10,MW,Prospecting | Trail,12062,131,98.63,0.010861
2024-07-11,MW,Prospecting | Trail,8983,96,112.15,0.010687
2024-07-12,MW,Prospecting | Trail,8775,129,80.5,0.014701
2024-07-13,MW,Prospecting | Trail,10635,112,104.14,0.010531
2024-07-14,MW,Prospecting | Trail,10248,95,105.15,0.00927
2024-07-08,MW,Retargeting | Site Visitors,6171,107,51.64,0.017339
2024-07-09,MW,Retargeting | Site Visitors,5109,105,66.32,0.020552
2024-07-10,MW,Retargeting | Site Visitors,5148,80,58.29,0.01554
2024-07-11,MW,Retargeting | Site Visitors,5285,100,51.0,0.018921
2024-07-12,MW,Retargeting | Site Visitors,4077,88,63.03,0.021584
2024-07-13,MW,Retargeting | Site Visitors,4811,89,45.74,0.018499
2024-07-14,MW,Retargeting | Site Visitors,4244,97,64.69,0.022856
2024-07-08,MT,Prospecting | Trail,6736,101,83.09,0.014994
2024-07-09,MT,Prospecting | Trail,8905,99,87.6,0.011117
2024-07-10,MT,Prospecting | Trail,7373,110,66.58,0.014919
2024-07-11,MT,Prospecting | Trail,9038,102,71.01,0.011286
2024-07-12,MT,Prospecting | Trail,7179,96,68.96,0.013372
2024-07-13,MT,Prospecting | Trail,7705,75,79.93,0.009734
2024-07-14,MT,Prospecting | Trail,8469,112,85.8,0.013225
2024-07-08,MT,Retargeting | Site Visitors,3439,86,46.78,0.025007
2024-07-09,MT,Retargeting | Site Visitors,3355,69,56.26,0.020566
2024-07-10,MT,Retargeting | Site Visitors,3821,74,50.99,0.019367
2024-07-11,MT,Retargeting | Site Visitors,4434,75,40.76,0.016915
2024-07-12,MT,Retargeting | Site Visitors,4612,71,54.5,0.015395
2024-07-13,MT,Retargeting | Site Visitors,4746,97,48.72,0.020438
2024-07-14,MT,Retargeting | Site Visitors,5013,85,40.31,0.016956
2024-07-08,WE,Prospecting | Trail,14785,178,$111.91,0.012039
2024-07-09,WE,Prospecting | Trail,10442,166,$149.42,0.015897
2024-07-10,WE,Prospecting | Trail,13019,178,$120.05,0.013672
2024-07-11,WE,Prospecting | Trail,10905,142,$120.94,0.013022
2024-07-12,WE,Prospecting | Trail,14566,167,$130.24,0.011465
2024-07-13,WE,Prospecting | Trail,12861,131,$125.43,0.010186
2024-07-14,WE,Prospecting | Trail,14005,159,$129.72,0.011353
2024-07-08,WE,Retargeting | Site Visitors,7391,136,$94.71,0.018401
2024-07-09,WE,Retargeting | Site Visitors,6241,143,$87.65,0.022913
2024-07-10,WE,Retargeting | Site Visitors,6197,104,$72.40,0.016782
2024-07-11,WE,Retargeting | Site Visitors,6265,126,$73.12,0.020112
2024-07-12,WE,Retargeting | Site Visitors,8172,141,$70.61,0.017254
2024-07-13,WE,Retargeting | Site Visitors,7745,151,$97.73,0.019496
2024-07-14,WE,Retargeting | Site Visitors,7785,106,$76.45,0.013616
2024-07-15,NE,Prospecting | Trail,10976,180,90.17,0.016399
2024-07-16,NE,Prospecting | Trail,10943,119,134.35,0.010875
2024-07-17,NE,Prospecting | Trail,14374,152,93.42,0.010575
2024-07-18,NE,Prospecting | Trail,10275,172,124.5,0.01674
2024-07-19,NE,Prospecting | Trail,12262,132,116.68,0.010765
2024-07-20,NE,Prospecting | Trail,12318,121,137.85,0.009823
2024-07-21,NE,Prospecting | Trail,10746,152,105.59,0.014145
2024-07-15,NE,Retargeting | Site Visitors,6289,126,88.65,0.020035
2024-07-16,NE,Retargeting | Site Visitors,7023,112,59.58,0.015948
2024-07-17,NE,Retargeting | Site Visitors,5425,135,79.66,0.024885
2024-07-18,NE,Retargeting | Site Visitors,6071,124,72.4,0.020425
2024-07-19,NE,Retargeting | Site Visitors,7410,138,81.14,0.018623
2024-07-20,NE,Retargeting | Site Visitors,6109,95,58.78,0.015551
2024-07-21,NE,Retargeting | Site Visitors,6039,133,70.0,0.022024
2024-07-15,MA,Prospecting | Trail,12353,133,104.44,0.010767
2024-07-16,MA,Prospecting | Trail,13263,111,102.78,0.008369
2024-07-17,MA,Prospecting | Trail,9731,108,116.86,0.011099
2024-07-18,MA,Prospecting | Trail,10886,108,106.51,0.009921
2024-07-19,MA,Prospecting | Trail,10097,146,113.68,0.01446
2024-07-20,MA,Prospecting | Trail,10104,120,100.86,0.011876
2024-07-21,MA,Prospecting | Trail,10155,132,105.44,0.012999
2024-07-15,MA,Retargeting | Site Visitors,5059,99,83.09,0.019569
2024-07-16,MA,Retargeting | Site Visitors,4840,135,55.64,0.027893
2024-07-17,MA,Retargeting | Site Visitors,5392,137,80.47,0.025408
2024-07-18,MA,Retargeting | Site Visitors,7192,110,75.68,0.015295
2024-07-19,MA,Retargeting | Site Visitors,6517,147,58.57,0.022556
2024-07-20,MA,Retargeting | Site Visitors,7173,132,60.2,0.018402
2024-07-21,MA,Retargeting | Site Visitors,6537,105,77.51,0.016062
2024-07-15,SE,Prospecting | Trail,8966,128,117.02,0.014276
2024-07-16,SE,Prospecting | Trail,10750,92,99.7,0.008558
2024-07-17,SE,Prospecting | Trail,13203,121,97.54,0.009165
2024-07-18,SE,Prospecting | Trail,12010,112,115.66,0.009326
2024-07-19,SE,Prospecting | Trail,9485,135,80.38,0.014233
2024-07-20,SE,Prospecting | Trail,9714,126,110.74,0.012971
2024-07-21,SE,Prospecting | Trail,9093,113,96.52,0.012427
2024-07-15,SE,Retargeting | Site Visitors,5540,93,51.89,0.016787
2024-07-16,SE,Retargeting | Site Visitors,4584,79,45.62,0.017234
2024-07-17,SE,Retargeting | Site Visitors,3635,89,54.66,0.024484
2024-07-18,SE,Retargeting | Site Visitors,4963,71,53.9,0.014306
2024-07-19,SE,Retargeting | Site Visitors,5175,86,60.67,0.016618
2024-07-20,SE,Retargeting | Site Visitors,3593,75,49.09,0.020874
2024-07-21,SE,Retargeting | Site Visitors,4050,96,46.9,0.023704
2024-07-15,MW,Prospecting | Trail,12369,120,100.32,0.009702
2024-07-16,MW,Prospecting | Trail,11759,174,124.94,0.014797
2024-07-17,MW,Prospecting | Trail,12489,158,124.04,0.012651
2024-07-18,MW,Prospecting | Trail,9691,173,110.54,0.017852
2024-07-19,MW,Prospecting | Trail,12540,158,123.29,0.0126
2024-07-20,MW,Prospecting | Trail,10460,126,132.68,0.012046
2024-07-21,MW,Prospecting | Trail,13530,142,96.0,0.010495
2024-07-15,MW,Retargeting | Site Visitors,4724,99,47.34,0.020957
2024-07-16,MW,Retargeting | Site Visitors,4071,75,42.84,0.018423
2024-07-17,MW,Retargeting | Site Visitors,4929,70,58.5,0.014202
2024-07-18,MW,Retargeting | Site Visitors,4011,103,47.84,0.025679
2024-07-19,MW,Retargeting | Site Visitors,4324,71,65.65,0.01642
2024-07-20,MW,Retargeting | Site Visitors,4600,82,42.62,0.017826
2024-07-21,MW,Retargeting | Site Visitors,4183,82,49.91,0.019603
2024-07-15,MT,Prospecting | Trail,9055,94,88.02,0.010381
2024-07-16,MT,Prospecting | Trail,8012,120,84.91,0.014978
2024-07-17,MT,Prospecting | Trail,7840,107,80.35,0.013648
2024-07-18,MT,Prospecting | Trail,8087,102,71.94,0.012613
2024-07-19,MT,Prospecting | Trail,9467,87,72.17,0.00919
2024-07-20,MT,Prospecting | Trail,7146,103,87.22,0.014414
2024-07-21,MT,Prospecting | Trail,7939,99,79.34,0.01247
2024-07-15,MT,Retargeting | Site Visitors,4077,79,51.63,0.019377
2024-07-16,MT,Retargeting | Site Visitors,3509,67,36.82,0.019094
2024-07-17,MT,Retargeting | Site Visitors,4223,85,46.58,0.020128
2024-07-18,MT,Retargeting | Site Visitors,4895,70,48.84,0.0143
2024-07-19,MT,Retargeting | Site Visitors,3312,76,43.61,0.022947
2024-07-20,MT,Retargeting | Site Visitors,4938,63,54.5,0.012758
2024-07-21,MT,Retargeting | Site Visitors,4244,90,53.81,0.021206
2024-07-15,WE,Prospecting | Trail,12723,135,$128.21,0.010611
2024-07-16,WE,Prospecting | Trail,13886,176,$131.51,0.012675
2024-07-17,WE,Prospecting | Trail,13036,163,$107.71,0.012504
2024-07-18,WE,Prospecting | Trail,13928,157,$99.61,0.011272
2024-07-19,WE,Prospecting | Trail,12714,192,$136.81,0.015101
2024-07-20,WE,Prospecting | Trail,9519,137,$139.32,0.014392
2024-07-21,WE,Prospecting | Trail,12905,167,$126.20,0.012941
2024-07-15,WE,Retargeting | Site Visitors,6495,131,$78.73,0.020169
2024-07-16,WE,Retargeting | Site Visitors,6921,94,$70.13,0.013582
2024-07-17,WE,Retargeting | Site Visitors,5659,116,$57.25,0.020498
2024-07-18,WE,Retargeting | Site Visitors,6699,93,$75.75,0.013883
2024-07-19,WE,Retargeting | Site Visitors,5674,109,$66.60,0.01921
2024-07-20,WE,Retargeting | Site Visitors,5327,126,$64.17,0.023653
2024-07-21,WE,Retargeting | Site Visitors,5692,98,$75.74,0.017217
2024-07-22,NE,Prospecting | Trail,12029,114,112.27,0.009477
2024-07-23,NE,Prospecting | Trail,13424,144,106.24,0.010727
2024-07-24,NE,Prospecting | Trail,10415,105,109.24,0.010082
2024-07-25,NE,Prospecting | Trail,11837,108,94.97,0.009124
2024-07-26,NE,Prospecting | Trail,9539,110,115.37,0.011532
2024-07-27,NE,Prospecting | Trail,9037,151,119.03,0.016709
2024-07-28,NE,Prospecting | Trail,10705,150,97.33,0.014012
2024-07-22,NE,Retargeting | Site Visitors,4775,113,76.13,0.023665
2024-07-23,NE,Retargeting | Site Visitors,6861,116,62.89,0.016907
2024-07-24,NE,Retargeting | Site Visitors,6147,92,77.47,0.014967
2024-07-25,NE,Retargeting | Site Visitors,4682,82,53.0,0.017514
2024-07-26,NE,Retargeting | Site Visitors,5531,94,57.86,0.016995
2024-07-27,NE,Retargeting | Site Visitors,4983,102,76.2,0.02047
2024-07-28,NE,Retargeting | Site Visitors,6917,121,55.25,0.017493
2024-07-22,MA,Prospecting | Trail,10325,164,130.81,0.015884
2024-07-23,MA,Prospecting | Trail,10371,112,107.01,0.010799
2024-07-24,MA,Prospecting | Trail,12601,161,105.16,0.012777
2024-07-25,MA,Prospecting | Trail,13891,146,115.95,0.01051
2024-07-26,MA,Prospecting | Trail,14574,137,133.78,0.0094
2024-07-27,MA,Prospecting | Trail,10684,137,99.0,0.012823
2024-07-28,MA,Prospecting | Trail,13174,164,147.35,0.012449
2024-07-22,MA,Retargeting | Site Visitors,5531,70,59.74,0.012656
2024-07-23,MA,Retargeting | Site Visitors,5500,104,64.1,0.018909
2024-07-24,MA,Retargeting | Site Visitors,5232,108,61.19,0.020642
2024-07-25,MA,Retargeting | Site Visitors,4905,88,53.2,0.017941
2024-07-26,MA,Retargeting | Site Visitors,4919,95,55.75,0.019313
2024-07-27,MA,Retargeting | Site Visitors,6111,100,51.12,0.016364
2024-07-28,MA,Retargeting | Site Visitors,4336,101,75.03,0.023293
2024-07-22,SE,Prospecting | Trail,11723,137,109.14,0.011686
2024-07-23,SE,Prospecting | Trail,10132,137,108.77,0.013522
2024-07-24,SE,Prospecting | Trail,9603,119,87.65,0.012392
2024-07-25,SE,Prospecting | Trail,9533,151,90.69,0.01584
2024-07-26,SE,Prospecting | Trail,10212,104,93.1,0.010184
2024-07-27,SE,Prospecting | Trail,9117,102,117.77,0.011188
2024-07-28,SE,Prospecting | Trail,10771,111,89.56,0.010305
2024-07-22,SE,Retargeting | Site Visitors,3959,101,42.08,0.025511
2024-07-23,SE,Retargeting | Site Visitors,3661,77,51.8,0.021033
2024-07-24,SE,Retargeting | Site Visitors,4092,85,58.13,0.020772
2024-07-25,SE,Retargeting | Site Visitors,4909,95,45.86,0.019352
2024-07-26,SE,Retargeting | Site Visitors,4313,90,40.9,0.020867
2024-07-27,SE,Retargeting | Site Visitors,4973,80,55.29,0.016087
2024-07-28,SE,Retargeting | Site Visitors,4765,90,58.65,0.018888
2024-07-22,MW,Prospecting | Trail,9392,139,113.44,0.0148
2024-07-23,MW,Prospecting | Trail,10363,130,120.04,0.012545
2024-07-24,MW,Prospecting | Trail,12845,134,86.54,0.010432
2024-07-25,MW,Prospecting | Trail,12354,131,88.93,0.010604
2024-07-26,MW,Prospecting | Trail,10214,110,117.07,0.01077
2024-07-27,MW,Prospecting | Trail,12490,146,123.77,0.011689
2024-07-28,MW,Prospecting | Trail,9846,116,109.73,0.011781
2024-07-22,MW,Retargeting | Site Visitors,4355,105,60.9,0.02411
2024-07-23,MW,Retargeting | Site Visitors,4800,89,57.4,0.018542
2024-07-24,MW,Retargeting | Site Visitors,5530,90,44.02,0.016275
2024-07-25,MW,Retargeting | Site Visitors,4877,73,62.96,0.014968
2024-07-26,MW,Retargeting | Site Visitors,4934,110,50.65,0.022294
2024-07-27,MW,Retargeting | Site Visitors,3807,88,51.55,0.023115
2024-07-28,MW,Retargeting | Site Visitors,5469,111,60.92,0.020296
2024-07-22,MT,Prospecting | Trail,9059,83,68.44,0.009162
2024-07-23,MT,Prospecting | Trail,6835,102,71.32,0.014923
2024-07-24,MT,Prospecting | Trail,8479,107,77.32,0.012619
2024-07-25,MT,Prospecting | Trail,7589,78,88.62,0.010278
2024-07-26,MT,Prospecting | Trail,7998,104,71.89,0.013003
2024-07-27,MT,Prospecting | Trail,8689,98,93.43,0.011279
2024-07-28,MT,Prospecting | Trail,7321,77,77.5,0.010518
2024-07-22,MT,Retargeting | Site Visitors,4013,70,56.06,0.017443
2024-07-23,MT,Retargeting | Site Visitors,3458,78,41.88,0.022556
2024-07-24,MT,Retargeting | Site Visitors,4478,102,51.96,0.022778
2024-07-25,MT,Retargeting | Site Visitors,3803,76,53.01,0.019984
2024-07-26,MT,Retargeting | Site Visitors,4691,80,56.27,0.017054
2024-07-27,MT,Retargeting | Site Visitors,5163,68,39.63,0.013171
2024-07-28,MT,Retargeting | Site Visitors,3894,74,40.42,0.019004
2024-07-22,WE,Prospecting | Trail,9933,153,$97.60,0.015403
2024-07-23,WE,Prospecting | Trail,11649,118,$131.37,0.01013
2024-07-24,WE,Prospecting | Trail,11696,135,$91.88,0.011542
2024-07-25,WE,Prospecting | Trail,13337,152,$100.22,0.011397
2024-07-26,WE,Prospecting | Trail,12438,151,$127.43,0.01214
2024-07-27,WE,Prospecting | Trail,10572,131,$101.10,0.012391
2024-07-28,WE,Prospecting | Trail,9976,107,$130.49,0.010726
2024-07-22,WE,Retargeting | Site Visitors,6813,108,$84.57,0.015852
2024-07-23,WE,Retargeting | Site Visitors,6418,123,$67.45,0.019165
2024-07-24,WE,Retargeting | Site Visitors,7001,99,$62.61,0.014141
2024-07-25,WE,Retargeting | Site Visitors,6832,117,$60.64,0.017125
2024-07-26,WE,Retargeting | Site Visitors,6028,120,$81.34,0.019907
2024-07-27,WE,Retargeting | Site Visitors,5021,98,$62.02,0.019518
2024-07-28,WE,Retargeting | Site Visitors,4992,98,$77.08,0.019631
2024-07-29,NE,Prospecting | Trail,14401,154,115.56,0.010694
2024-07-30,NE,Prospecting | Trail,10450,145,130.7,0.013876
2024-07-31,NE,Prospecting | Trail,13760,169,131.91,0.012282
2024-08-01,NE,Prospecting | Trail,14347,172,160.39,0.011989
2024-08-02,NE,Prospecting | Trail,13759,159,118.17,0.011556
2024-08-03,NE,Prospecting | Trail,12826,189,127.35,0.014736
2024-08-04,NE,Prospecting | Trail,15041,169,142.83,0.011236
2024-07-29,NE,Retargeting | Site Visitors,4452,91,46.99,0.02044
2024-07-30,NE,Retargeting | Site Visitors,5145,85,66.92,0.016521
2024-07-31,NE,Retargeting | Site Visitors,5034,108,68.14,0.021454
2024-08-01,NE,Retargeting | Site Visitors,5169,118,53.35,0.022828
2024-08-02,NE,Retargeting | Site Visitors,5280,101,54.99,0.019129
2024-08-03,NE,Retargeting | Site Visitors,6076,102,68.11,0.016787
2024-08-04,NE,Retargeting | Site Visitors,4128,99,47.27,0.023983
2024-07-29,MA,Prospecting | Trail,12616,191,104.29,0.01514
2024-07-30,MA,Prospecting | Trail,15382,176,136.36,0.011442
2024-07-31,MA,Prospecting | Trail,14135,192,104.76,0.013583
2024-08-01,MA,Prospecting | Trail,11107,146,138.63,0.013145
2024-08-02,MA,Prospecting | Trail,11156,158,146.65,0.014163
2024-08-03,MA,Prospecting | Trail,13816,137,117.64,0.009916
2024-08-04,MA,Prospecting | Trail,13248,162,147.98,0.012228
2024-07-29,MA,Retargeting | Site Visitors,5938,86,51.94,0.014483
2024-07-30,MA,Retargeting | Site Visitors,3993,106,56.95,0.026546
2024-07-31,MA,Retargeting | Site Visitors,4192,77,49.46,0.018368
2024-08-01,MA,Retargeting | Site Visitors,5216,92,61.25,0.017638
2024-08-02,MA,Retargeting | Site Visitors,4372,88,56.25,0.020128
2024-08-03,MA,Retargeting | Site Visitors,5798,86,53.97,0.014833
2024-08-04,MA,Retargeting | Site Visitors,3993,74,55.48,0.018532
2024-07-29,SE,Prospecting | Trail,10569,116,107.02,0.010975
2024-07-30,SE,Prospecting | Trail,10466,135,124.13,0.012899
2024-07-31,SE,Prospecting | Trail,10612,124,87.46,0.011685
2024-08-01,SE,Prospecting | Trail,13701,128,125.74,0.009342
2024-08-02,SE,Prospecting | Trail,12766,153,124.48,0.011985
2024-08-03,SE,Prospecting | Trail,9830,135,113.03,0.013733
2024-08-04,SE,Prospecting | Trail,11730,148,98.94,0.012617
2024-07-29,SE,Retargeting | Site Visitors,4634,98,72.66,0.021148
2024-07-30,SE,Retargeting | Site Visitors,4837,83,68.42,0.017159
2024-07-31,SE,Retargeting | Site Visitors,4955,109,66.72,0.021998
2024-08-01,SE,Retargeting | Site Visitors,5603,95,72.49,0.016955
2024-08-02,SE,Retargeting | Site Visitors,6260,118,51.98,0.01885
2024-08-03,SE,Retargeting | Site Visitors,6521,115,50.92,0.017635
2024-08-04,SE,Retargeting | Site Visitors,6225,102,65.71,0.016386
2024-07-29,MW,Prospecting | Trail,13546,153,97.51,0.011295
2024-07-30,MW,Prospecting | Trail,11654,151,118.06,0.012957
2024-07-31,MW,Prospecting | Trail,11937,122,123.42,0.01022
2024-08-01,MW,Prospecting | Trail,11542,129,141.18,0.011177
2024-08-02,MW,Prospecting | Trail,11153,134,124.23,0.012015
2024-08-03,MW,Prospecting | Trail,14144,155,115.08,0.010959
2024-08-04,MW,Prospecting | Trail,10333,129,106.76,0.012484
2024-07-29,MW,Retargeting | Site Visitors,4483,91,64.25,0.020299
2024-07-30,MW,Retargeting | Site Visitors,5219,93,66.53,0.01782
2024-07-31,MW,Retargeting | Site Visitors,4486,90,46.18,0.020062
2024-08-01,MW,Retargeting | Site Visitors,5049,72,43.27,0.01426
2024-08-02,MW,Retargeting | Site Visitors,3992,90,49.74,0.022545
2024-08-03,MW,Retargeting | Site Visitors,4568,85,44.16,0.018608
2024-08-04,MW,Retargeting | Site Visitors,4400,80,56.15,0.018182
2024-07-29,MT,Prospecting | Trail,7342,107,70.32,0.014574
2024-07-30,MT,Prospecting | Trail,9486,101,95.11,0.010647
2024-07-31,MT,Prospecting | Trail,9019,113,67.47,0.012529
2024-08-01,MT,Prospecting | Trail,7588,118,85.81,0.015551
2024-08-02,MT,Prospecting | Trail,9296,90,104.25,0.009682
2024-08-03,MT,Prospecting | Trail,6941,97,89.75,0.013975
2024-08-04,MT,Prospecting | Trail,9695,128,69.08,0.013203
2024-07-29,MT,Retargeting | Site Visitors,4407,58,54.16,0.013161
2024-07-30,MT,Retargeting | Site Visitors,3425,57,44.15,0.016642
2024-07-31,MT,Retargeting | Site Visitors,4361,81,38.16,0.018574
2024-08-01,MT,Retargeting | Site Visitors,3725,69,42.58,0.018523
2024-08-02,MT,Retargeting | Site Visitors,3235,59,44.11,0.018238
2024-08-03,MT,Retargeting | Site Visitors,3788,87,42.12,0.022967
2024-08-04,MT,Retargeting | Site Visitors,3939,87,43.83,0.022087
2024-07-29,WE,Prospecting | Trail,15995,170,$128.91,0.010628
2024-07-30,WE,Prospecting | Trail,11531,217,$160.12,0.018819
2024-07-31,WE,Prospecting | Trail,13171,173,$142.72,0.013135
2024-08-01,WE,Prospecting | Trail,14902,153,$112.82,0.010267
2024-08-02,WE,Prospecting | Trail,14324,148,$113.24,0.010332
2024-08-03,WE,Prospecting | Trail,14351,173,$144.87,0.012055
2024-08-04,WE,Prospecting | Trail,10627,177,$127.35,0.016656
2024-07-29,WE,Retargeting | Site Visitors,6661,132,$83.12,0.019817
2024-07-30,WE,Retargeting | Site Visitors,7212,101,$67.45,0.014004
2024-07-31,WE,Retargeting | Site Visitors,5148,147,$57.87,0.028555
2024-08-01,WE,Retargeting | Site Visitors,6921,133,$78.24,0.019217
2024-08-02,WE,Retargeting | Site Visitors,6076,136,$79.99,0.022383
2024-08-03,WE,Retargeting | Site Visitors,6511,128,$78.79,0.019659
2024-08-04,WE,Retargeting | Site Visitors,5456,105,$60.36,0.019245
2024-08-05,NE,Prospecting | Trail,10254,128,95.93,0.012483
2024-08-06,NE,Prospecting | Trail,10195,134,109.29,0.013144
2024-08-07,NE,Prospecting | Trail,9186,147,123.1,0.016003
2024-08-08,NE,Prospecting | Trail,11495,118,107.44,0.010265
2024-08-09,NE,Prospecting | Trail,12509,112,137.01,0.008954
2024-08-10,NE,Prospecting | Trail,14040,156,112.2,0.011111
2024-08-11,NE,Prospecting | Trail,12227,144,98.1,0.011777
2024-08-05,NE,Retargeting | Site Visitors,6530,100,72.95,0.015314
2024-08-06,NE,Retargeting | Site Visitors,5258,107,65.03,0.02035
2024-08-07,NE,Retargeting | Site Visitors,7816,110,80.99,0.014074
2024-08-08,NE,Retargeting | Site Visitors,6228,139,62.8,0.022319
2024-08-09,NE,Retargeting | Site Visitors,5737,109,77.2,0.018999
2024-08-10,NE,Retargeting | Site Visitors,5820,97,72.19,0.016667
2024-08-11,NE,Retargeting | Site Visitors,6207,116,70.17,0.018689
2024-08-05,NE,Launch | New Colorway,7439,85,49.14,0.011426
2024-08-06,NE,Launch | New Colorway,6898,108,52.76,0.015657
2024-08-07,NE,Launch | New Colorway,6359,109,75.93,0.017141
2024-08-08,NE,Launch | New Colorway,6422,86,60.89,0.013391
2024-08-09,NE,Launch | New Colorway,5238,81,73.59,0.015464
2024-08-10,NE,Launch | New Colorway,6087,78,71.55,0.012814
2024-08-11,NE,Launch | New Colorway,5969,94,69.14,0.015748
2024-08-05,MA,Prospecting | Trail,11013,167,122.98,0.015164
2024-08-06,MA,Prospecting | Trail,11888,177,108.87,0.014889
2024-08-07,MA,Prospecting | Trail,12179,132,138.7,0.010838
2024-08-08,MA,Prospecting | Trail,11155,134,126.15,0.012013
2024-08-09,MA,Prospecting | Trail,10018,127,101.15,0.012677
2024-08-10,MA,Prospecting | Trail,12197,175,100.72,0.014348
2024-08-11,MA,Prospecting | Trail,15506,143,124.19,0.009222
2024-08-05,MA,Retargeting | Site Visitors,5048,102,69.01,0.020206
2024-08-06,MA,Retargeting | Site Visitors,5209,118,59.49,0.022653
2024-08-07,MA,Retargeting | Site Visitors,4620,94,55.49,0.020346
2024-08-08,MA,Retargeting | Site Visitors,7006,120,69.35,0.017128
2024-08-09,MA,Retargeting | Site Visitors,5972,98,61.75,0.01641
2024-08-10,MA,Retargeting | Site Visitors,5503,96,73.69,0.017445
2024-08-11,MA,Retargeting | Site Visitors,5797,83,61.51,0.014318
2024-08-05,MA,Launch | New Colorway,5887,79,54.95,0.013419
2024-08-06,MA,Launch | New Colorway,4649,60,44.01,0.012906
2024-08-07,MA,Launch | New Colorway,4806,81,47.25,0.016854
2024-08-08,MA,Launch | New Colorway,5659,75,51.93,0.013253
2024-08-09,MA,Launch | New Colorway,4528,76,48.18,0.016784
2024-08-10,MA,Launch | New Colorway,4620,75,65.25,0.016234
2024-08-11,MA,Launch | New Colorway,5237,69,49.36,0.013175
2024-08-05,SE,Prospecting | Trail,12678,115,129.38,0.009071
2024-08-06,SE,Prospecting | Trail,14319,133,135.89,0.009288
2024-08-07,SE,Prospecting | Trail,14238,139,123.67,0.009763
2024-08-08,SE,Prospecting | Trail,13488,164,98.39,0.012159
2024-08-09,SE,Prospecting | Trail,10442,159,122.8,0.015227
2024-08-10,SE,Prospecting | Trail,9763,169,117.92,0.01731
2024-08-11,SE,Prospecting | Trail,12997,125,133.61,0.009618
2024-08-05,SE,Retargeting | Site Visitors,5210,95,58.72,0.018234
2024-08-06,SE,Retargeting | Site Visitors,5410,92,59.2,0.017006
2024-08-07,SE,Retargeting | Site Visitors,4926,78,46.79,0.015834
2024-08-08,SE,Retargeting | Site Visitors,4056,105,61.78,0.025888
2024-08-09,SE,Retargeting | Site Visitors,5461,96,65.98,0.017579
2024-08-10,SE,Retargeting | Site Visitors,5369,112,61.2,0.02086
2024-08-11,SE,Retargeting | Site Visitors,5337,83,57.67,0.015552
2024-08-05,SE,Launch | New Colorway,6032,95,54.02,0.015749
2024-08-06,SE,Launch | New Colorway,5503,78,45.03,0.014174
2024-08-07,SE,Launch | New Colorway,5560,78,53.68,0.014029
2024-08-08,SE,Launch | New Colorway,4664,69,59.77,0.014794
2024-08-09,SE,Launch | New Colorway,5817,73,55.45,0.012549
2024-08-10,SE,Launch | New Colorway,4407,85,46.62,0.019287
2024-08-11,SE,Launch | New Colorway,4863,78,61.26,0.016039
2024-08-05,MW,Prospecting | Trail,10528,107,86.39,0.010163
2024-08-06,MW,Prospecting | Trail,11158,124,117.11,0.011113
2024-08-07,MW,Prospecting | Trail,12146,131,83.33,0.010785
2024-08-08,MW,Prospecting | Trail,12153,142,94.73,0.011684
2024-08-09,MW,Prospecting | Trail,10191,113,121.99,0.011088
2024-08-10,MW,Prospecting | Trail,8623,129,109.72,0.01496
2024-08-11,MW,Prospecting | Trail,10400,109,123.7,0.010481
2024-08-05,MW,Retargeting | Site Visitors,3785,95,57.78,0.025099
2024-08-06,MW,Retargeting | Site Visitors,4904,97,57.94,0.01978
2024-08-07,MW,Retargeting | Site Visitors,5725,83,56.79,0.014498
2024-08-08,MW,Retargeting | Site Visitors,4326,101,57.06,0.023347
2024-08-09,MW,Retargeting | Site Visitors,5265,83,53.31,0.015764
2024-08-10,MW,Retargeting | Site Visitors,4274,76,46.86,0.017782
2024-08-11,MW,Retargeting | Site Visitors,5233,76,55.64,0.014523
2024-08-05,MW,Launch | New Colorway,4805,68,46.5,0.014152
2024-08-06,MW,Launch | New Colorway,3743,60,36.27,0.01603
2024-08-07,MW,Launch | New Colorway,4662,58,50.11,0.012441
2024-08-08,MW,Launch | New Colorway,3513,56,44.14,0.015941
2024-08-09,MW,Launch | New Colorway,4176,74,45.8,0.01772
2024-08-10,MW,Launch | New Colorway,4687,67,35.84,0.014295
2024-08-11,MW,Launch | New Colorway,4251,61,45.66,0.01435
2024-08-05,MT,Prospecting | Trail,9341,139,105.97,0.014881
2024-08-06,MT,Prospecting | Trail,9374,113,79.76,0.012055
2024-08-07,MT,Prospecting | Trail,9770,113,77.92,0.011566
2024-08-08,MT,Prospecting | Trail,9756,104,88.17,0.01066
2024-08-09,MT,Prospecting | Trail,7510,110,83.9,0.014647
2024-08-10,MT,Prospecting | Trail,8327,97,77.58,0.011649
2024-08-11,MT,Prospecting | Trail,8124,98,96.28,0.012063
2024-08-05,MT,Retargeting | Site Visitors,3887,87,37.74,0.022382
2024-08-06,MT,Retargeting | Site Visitors,4009,73,44.96,0.018209
2024-08-07,MT,Retargeting | Site Visitors,4190,73,56.95,0.017422
2024-08-08,MT,Retargeting | Site Visitors,4625,69,56.3,0.014919
2024-08-09,MT,Retargeting | Site Visitors,4732,69,48.56,0.014582
2024-08-10,MT,Retargeting | Site Visitors,3637,88,46.28,0.024196
2024-08-11,MT,Retargeting | Site Visitors,3677,85,39.93,0.023117
2024-08-05,MT,Launch | New Colorway,2782,51,42.23,0.018332
2024-08-06,MT,Launch | New Colorway,2932,49,30.45,0.016712
2024-08-07,MT,Launch | New Colorway,3861,63,33.65,0.016317
2024-08-08,MT,Launch | New Colorway,3465,53,37.29,0.015296
2024-08-09,MT,Launch | New Colorway,3727,56,29.96,0.015025
2024-08-10,MT,Launch | New Colorway,3159,52,41.7,0.016461
2024-08-11,MT,Launch | New Colorway,4082,48,29.59,0.011759
2024-08-05,WE,Prospecting | Trail,13123,145,$106.81,0.011049
2024-08-06,WE,Prospecting | Trail,11035,120,$96.05,0.010874
2024-08-07,WE,Prospecting | Trail,11554,143,$120.30,0.012377
2024-08-08,WE,Prospecting | Trail,13246,141,$132.40,0.010645
2024-08-09,WE,Prospecting | Trail,11580,103,$138.14,0.008895
2024-08-10,WE,Prospecting | Trail,9443,137,$133.91,0.014508
2024-08-11,WE,Prospecting | Trail,14301,156,$98.34,0.010908
2024-08-05,WE,Retargeting | Site Visitors,8365,141,$80.53,0.016856
2024-08-06,WE,Retargeting | Site Visitors,6557,137,$79.90,0.020894
2024-08-07,WE,Retargeting | Site Visitors,9062,114,$84.04,0.01258
2024-08-08,WE,Retargeting | Site Visitors,6338,145,$97.42,0.022878
2024-08-09,WE,Retargeting | Site Visitors,5971,133,$72.30,0.022274
2024-08-10,WE,Retargeting | Site Visitors,6713,142,$92.95,0.021153
2024-08-11,WE,Retargeting | Site Visitors,8480,113,$84.96,0.013325
2024-08-05,WE,Launch | New Colorway,5022,103,$67.91,0.02051
2024-08-06,WE,Launch | New Colorway,6502,78,$65.52,0.011996
2024-08-07,WE,Launch | New Colorway,6915,96,$47.78,0.013883
2024-08-08,WE,Launch | New Colorway,6240,80,$55.25,0.012821
2024-08-09,WE,Launch | New Colorway,4779,84,$48.70,0.017577
2024-08-10,WE,Launch | New Colorway,7108,82,$67.45,0.011536
2024-08-11,WE,Launch | New Colorway,4617,69,$67.46,0.014945
2024-08-12,NE,Prospecting | Trail,12333,117,111.33,0.009487
2024-08-13,NE,Prospecting | Trail,8994,119,110.5,0.013231
2024-08-14,NE,Prospecting | Trail,9775,129,109.15,0.013197
2024-08-15,NE,Prospecting | Trail,12141,151,110.81,0.012437
2024-08-16,NE,Prospecting | Trail,8604,169,89.45,0.019642
2024-08-17,NE,Prospecting | Trail,10608,162,94.01,0.015271
2024-08-18,NE,Prospecting | Trail,13116,115,115.34,0.008768
2024-08-12,NE,Retargeting | Site Visitors,4703,82,55.57,0.017436
2024-08-13,NE,Retargeting | Site Visitors,5423,126,64.44,0.023234
2024-08-14,NE,Retargeting | Site Visitors,5939,117,54.66,0.0197
2024-08-15,NE,Retargeting | Site Visitors,4726,88,62.8,0.01862
2024-08-16,NE,Retargeting | Site Visitors,4227,121,57.63,0.028626
2024-08-17,NE,Retargeting | Site Visitors,5322,97,60.87,0.018226
2024-08-18,NE,Retargeting | Site Visitors,4862,81,48.84,0.01666
2024-08-12,MA,Prospecting | Trail,11378,106,107.41,0.009316
2024-08-13,MA,Prospecting | Trail,9576,92,83.17,0.009607
2024-08-14,MA,Prospecting | Trail,8555,107,93.96,0.012507
2024-08-15,MA,Prospecting | Trail,9674,120,102.11,0.012404
2024-08-16,MA,Prospecting | Trail,10319,123,101.75,0.01192
2024-08-17,MA,Prospecting | Trail,9526,98,79.19,0.010288
2024-08-18,MA,Prospecting | Trail,10099,125,109.86,0.012377
2024-08-12,MA,Retargeting | Site Visitors,4903,112,59.71,0.022843
2024-08-13,MA,Retargeting | Site Visitors,5827,83,66.57,0.014244
2024-08-14,MA,Retargeting | Site Visitors,5281,103,64.5,0.019504
2024-08-15,MA,Retargeting | Site Visitors,4773,113,48.44,0.023675
2024-08-16,MA,Retargeting | Site Visitors,5387,113,67.84,0.020976
2024-08-17,MA,Retargeting | Site Visitors,4619,96,53.48,0.020784
2024-08-18,MA,Retargeting | Site Visitors,4566,87,46.04,0.019054
2024-08-12,SE,Prospecting | Trail,9397,112,111.01,0.011919
2024-08-13,SE,Prospecting | Trail,12678,117,104.25,0.009229
2024-08-14,SE,Prospecting | Trail,9313,106,94.54,0.011382
2024-08-15,SE,Prospecting | Trail,10848,121,83.52,0.011154
2024-08-16,SE,Prospecting | Trail,8699,125,89.98,0.014369
2024-08-17,SE,Prospecting | Trail,8533,111,94.2,0.013008
2024-08-18,SE,Prospecting | Trail,8952,118,93.03,0.013181
2024-08-12,SE,Retargeting | Site Visitors,3638,74,49.55,0.020341
2024-08-13,SE,Retargeting | Site Visitors,5002,86,58.11,0.017193
2024-08-14,SE,Retargeting | Site Visitors,4196,90,55.98,0.021449
2024-08-15,SE,Retargeting | Site Visitors,3780,99,49.6,0.02619
2024-08-16,SE,Retargeting | Site Visitors,4673,87,52.86,0.018618
2024-08-17,SE,Retargeting | Site Visitors,5172,84,48.15,0.016241
2024-08-18,SE,Retargeting | Site Visitors,4279,76,39.26,0.017761
2024-08-12,MW,Prospecting | Trail,9526,119,87.64,0.012492
2024-08-13,MW,Prospecting | Trail,9181,126,103.57,0.013724
2024-08-14,MW,Prospecting | Trail,11365,138,98.88,0.012143
2024-08-15,MW,Prospecting | Trail,10543,92,113.29,0.008726
2024-08-16,MW,Prospecting | Trail,10289,105,88.38,0.010205
2024-08-17,MW,Prospecting | Trail,7760,122,82.95,0.015722
2024-08-18,MW,Prospecting | Trail,8362,123,82.16,0.014709
2024-08-12,MW,Retargeting | Site Visitors,4870,77,54.26,0.015811
2024-08-13,MW,Retargeting | Site Visitors,3980,82,49.3,0.020603
2024-08-14,MW,Retargeting | Site Visitors,4921,83,60.02,0.016866
2024-08-15,MW,Retargeting | Site Visitors,4555,116,61.54,0.025467
2024-08-16,MW,Retargeting | Site Visitors,4584,115,45.79,0.025087
2024-08-17,MW,Retargeting | Site Visitors,4709,96,55.16,0.020386
2024-08-18,MW,Retargeting | Site Visitors,5049,76,49.62,0.015052
2024-08-12,MT,Prospecting | Trail,8526,108,70.29,0.012667
2024-08-13,MT,Prospecting | Trail,8235,91,100.82,0.01105
2024-08-14,MT,Prospecting | Trail,8794,109,64.99,0.012395
2024-08-15,MT,Prospecting | Trail,6598,97,90.19,0.014701
2024-08-16,MT,Prospecting | Trail,8811,83,69.9,0.00942
2024-08-17,MT,Prospecting | Trail,7957,87,81.98,0.010934
2024-08-18,MT,Prospecting | Trail,8457,105,84.14,0.012416
2024-08-12,MT,Retargeting | Site Visitors,3301,51,41.79,0.01545
2024-08-13,MT,Retargeting | Site Visitors,2726,66,44.48,0.024211
2024-08-14,MT,Retargeting | Site Visitors,4003,67,41.49,0.016737
2024-08-15,MT,Retargeting | Site Visitors,2841,72,40.91,0.025343
2024-08-16,MT,Retargeting | Site Visitors,3408,64,33.56,0.018779
2024-08-17,MT,Retargeting | Site Visitors,4017,78,30.85,0.019417
2024-08-18,MT,Retargeting | Site Visitors,3986,65,46.16,0.016307
2024-08-12,WE,Prospecting | Trail,13374,125,$116.98,0.009346
2024-08-13,WE,Prospecting | Trail,11073,131,$121.64,0.011831
2024-08-14,WE,Prospecting | Trail,10948,135,$132.09,0.012331
2024-08-15,WE,Prospecting | Trail,9869,142,$103.19,0.014388
2024-08-16,WE,Prospecting | Trail,12771,140,$102.24,0.010962
2024-08-17,WE,Prospecting | Trail,9678,135,$113.58,0.013949
2024-08-18,WE,Prospecting | Trail,13543,123,$106.58,0.009082
2024-08-12,WE,Retargeting | Site Visitors,5546,116,$56.60,0.020916
2024-08-13,WE,Retargeting | Site Visitors,6214,118,$79.00,0.018989
2024-08-14,WE,Retargeting | Site Visitors,7495,115,$69.94,0.015344
2024-08-15,WE,Retargeting | Site Visitors,6721,114,$75.86,0.016962
2024-08-16,WE,Retargeting | Site Visitors,5908,112,$65.69,0.018957
2024-08-17,WE,Retargeting | Site Visitors,5523,119,$79.23,0.021546
2024-08-18,WE,Retargeting | Site Visitors,6277,86,$76.03,0.013701
2024-08-19,NE,Prospecting | Trail,13721,135,118.5,0.009839
2024-08-20,NE,Prospecting | Trail,10526,121,85.93,0.011495
2024-08-21,NE,Prospecting | Trail,11220,109,121.66,0.009715
2024-08-22,NE,Prospecting | Trail,11542,119,108.02,0.01031
2024-08-23,NE,Prospecting | Trail,9269,145,90.84,0.015644
2024-08-24,NE,Prospecting | Trail,12595,164,123.17,0.013021
2024-08-25,NE,Prospecting | Trail,9158,112,116.59,0.01223
2024-08-19,NE,Retargeting | Site Visitors,5248,111,56.06,0.021151
2024-08-20,NE,Retargeting | Site Visitors,4610,110,65.47,0.023861
2024-08-21,NE,Retargeting | Site Visitors,6310,110,63.39,0.017433
2024-08-22,NE,Retargeting | Site Visitors,6128,88,49.56,0.01436
2024-08-23,NE,Retargeting | Site Visitors,4238,127,72.65,0.029967
2024-08-24,NE,Retargeting | Site Visitors,6191,94,49.75,0.015183
2024-08-25,NE,Retargeting | Site Visitors,4517,112,71.39,0.024795
2024-08-19,MA,Prospecting | Trail,10546,136,137.96,0.012896
2024-08-20,MA,Prospecting | Trail,13382,174,136.29,0.013003
2024-08-21,MA,Prospecting | Trail,10513,142,102.08,0.013507
2024-08-22,MA,Prospecting | Trail,13467,185,103.74,0.013737
2024-08-23,MA,Prospecting | Trail,11425,152,126.78,0.013304
2024-08-24,MA,Prospecting | Trail,12458,134,120.19,0.010756
2024-08-25,MA,Prospecting | Trail,14020,175,113.89,0.012482
2024-08-19,MA,Retargeting | Site Visitors,4674,104,65.05,0.022251
2024-08-20,MA,Retargeting | Site Visitors,5473,87,52.89,0.015896
2024-08-21,MA,Retargeting | Site Visitors,4408,77,62.86,0.017468
2024-08-22,MA,Retargeting | Site Visitors,5860,100,67.24,0.017065
2024-08-23,MA,Retargeting | Site Visitors,6115,110,79.12,0.017989
2024-08-24,MA,Retargeting | Site Visitors,6201,93,50.73,0.014998
2024-08-25,MA,Retargeting | Site Visitors,6021,115,67.78,0.0191
2024-08-19,SE,Prospecting | Trail,8621,87,100.01,0.010092
2024-08-20,SE,Prospecting | Trail,9075,109,80.14,0.012011
2024-08-21,SE,Prospecting | Trail,11075,109,85.39,0.009842
2024-08-22,SE,Prospecting | Trail,8630,109,85.03,0.01263
2024-08-23,SE,Prospecting | Trail,9029,101,84.03,0.011186
2024-08-24,SE,Prospecting | Trail,8288,124,90.01,0.014961
2024-08-25,SE,Prospecting | Trail,8031,106,90.31,0.013199
2024-08-19,SE,Retargeting | Site Visitors,3393,85,55.1,0.025052
2024-08-20,SE,Retargeting | Site Visitors,3958,95,57.27,0.024002
2024-08-21,SE,Retargeting | Site Visitors,4367,77,46.98,0.017632
2024-08-22,SE,Retargeting | Site Visitors,4786,81,38.99,0.016924
2024-08-23,SE,Retargeting | Site Visitors,3856,81,38.05,0.021006
2024-08-24,SE,Retargeting | Site Visitors,5028,77,54.4,0.015314
2024-08-25,SE,Retargeting | Site Visitors,4258,101,50.14,0.02372
2024-08-19,MW,Prospecting | Trail,7730,110,80.27,0.01423
2024-08-20,MW,Prospecting | Trail,8755,121,98.59,0.013821
2024-08-21,MW,Prospecting | Trail,11268,116,99.58,0.010295
2024-08-22,MW,Prospecting | Trail,8913,123,96.55,0.0138
2024-08-23,MW,Prospecting | Trail,7921,88,85.18,0.01111
2024-08-24,MW,Prospecting | Trail,10491,130,81.61,0.012392
2024-08-25,MW,Prospecting | Trail,11008,107,105.85,0.00972
2024-08-19,MW,Retargeting | Site Visitors,5598,110,50.48,0.01965
2024-08-20,MW,Retargeting | Site Visitors,5008,115,61.88,0.022963
2024-08-21,MW,Retargeting | Site Visitors,4644,92,70.25,0.019811
2024-08-22,MW,Retargeting | Site Visitors,5198,100,54.21,0.019238
2024-08-23,MW,Retargeting | Site Visitors,5055,115,63.11,0.02275
2024-08-24,MW,Retargeting | Site Visitors,7039,107,69.46,0.015201
2024-08-25,MW,Retargeting | Site Visitors,4800,82,60.05,0.017083
2024-08-19,MT,Prospecting | Trail,6789,100,82.48,0.01473
2024-08-20,MT,Prospecting | Trail,8730,79,82.21,0.009049
2024-08-21,MT,Prospecting | Trail,9368,121,82.9,0.012916
2024-08-22,MT,Prospecting | Trail,8158,94,64.83,0.011522
2024-08-23,MT,Prospecting | Trail,7971,107,68.34,0.013424
2024-08-24,MT,Prospecting | Trail,7692,108,72.35,0.014041
2024-08-25,MT,Prospecting | Trail,6521,79,88.15,0.012115
2024-08-19,MT,Retargeting | Site Visitors,3391,57,34.39,0.016809
2024-08-20,MT,Retargeting | Site Visitors,3214,65,42.05,0.020224
2024-08-21,MT,Retargeting | Site Visitors,3813,61,46.42,0.015998
2024-08-22,MT,Retargeting | Site Visitors,3920,61,50.04,0.015561
2024-08-23,MT,Retargeting | Site Visitors,3607,69,39.39,0.019129
2024-08-24,MT,Retargeting | Site Visitors,3272,58,33.75,0.017726
2024-08-25,MT,Retargeting | Site Visitors,3210,74,34.87,0.023053
2024-08-19,WE,Prospecting | Trail,11415,136,$119.65,0.011914
2024-08-20,WE,Prospecting | Trail,10500,132,$87.36,0.012571
2024-08-21,WE,Prospecting | Trail,11442,131,$101.79,0.011449
2024-08-22,WE,Prospecting | Trail,10714,118,$123.23,0.011014
2024-08-23,WE,Prospecting | Trail,10751,119,$96.81,0.011069
2024-08-24,WE,Prospecting | Trail,11983,116,$129.11,0.00968
2024-08-25,WE,Prospecting | Trail,11128,156,$105.80,0.014019
2024-08-19,WE,Retargeting | Site Visitors,6011,117,$65.04,0.019464
2024-08-20,WE,Retargeting | Site Visitors,5191,90,$61.76,0.017338
2024-08-21,WE,Retargeting | Site Visitors,5188,100,$61.81,0.019275
2024-08-22,WE,Retargeting | Site Visitors,5667,93,$52.26,0.016411
2024-08-23,WE,Retargeting | Site Visitors,5031,102,$64.85,0.020274
2024-08-24,WE,Retargeting | Site Visitors,5002,111,$51.56,0.022191
2024-08-25,WE,Retargeting | Site Visitors,5294,80,$72.63,0.015111
2024-08-26,NE,Prospecting | Trail,10928,141,88.82,0.012903
2024-08-27,NE,Prospecting | Trail,11233,113,84.56,0.01006
2024-08-28,NE,Prospecting | Trail,10231,101,104.12,0.009872
2024-08-29,NE,Prospecting | Trail,10180,105,115.58,0.010314
2024-08-30,NE,Prospecting | Trail,9085,135,84.19,0.01486
2024-08-31,NE,Prospecting | Trail,9150,146,114.53,0.015956
2024-09-01,NE,Prospecting | Trail,9318,133,95.42,0.014273
2024-08-26,NE,Retargeting | Site Visitors,5965,96,57.9,0.016094
2024-08-27,NE,Retargeting | Site Visitors,7367,138,65.01,0.018732
2024-08-28,NE,Retargeting | Site Visitors,5179,133,68.82,0.025681
2024-08-29,NE,Retargeting | Site Visitors,6886,144,67.77,0.020912
2024-08-30,NE,Retargeting | Site Visitors,5728,102,67.31,0.017807
2024-08-31,NE,Retargeting | Site Visitors,6588,128,83.88,0.019429
2024-09-01,NE,Retargeting | Site Visitors,5266,117,83.58,0.022218
2024-08-26,MA,Prospecting | Trail,11730,124,121.36,0.010571
2024-08-27,MA,Prospecting | Trail,10985,156,112.05,0.014201
2024-08-28,MA,Prospecting | Trail,9256,107,99.87,0.01156
2024-08-29,MA,Prospecting | Trail,12517,123,90.13,0.009827
2024-08-30,MA,Prospecting | Trail,8664,128,122.34,0.014774
2024-08-31,MA,Prospecting | Trail,12170,162,114.88,0.013311
2024-09-01,MA,Prospecting | Trail,11931,135,96.46,0.011315
2024-08-26,MA,Retargeting | Site Visitors,6426,81,59.17,0.012605
2024-08-27,MA,Retargeting | Site Visitors,5784,109,74.0,0.018845
2024-08-28,MA,Retargeting | Site Visitors,5746,124,66.02,0.02158
2024-08-29,MA,Retargeting | Site Visitors,6085,106,72.97,0.01742
2024-08-30,MA,Retargeting | Site Visitors,5253,92,62.43,0.017514
2024-08-31,MA,Retargeting | Site Visitors,6588,113,65.79,0.017152
2024-09-01,MA,Retargeting | Site Visitors,5469,117,75.17,0.021393
2024-08-26,SE,Prospecting | Trail,9869,154,116.65,0.015604
2024-08-27,SE,Prospecting | Trail,10362,125,100.89,0.012063
2024-08-28,SE,Prospecting | Trail,10813,146,116.03,0.013502
2024-08-29,SE,Prospecting | Trail,9455,115,114.92,0.012163
2024-08-30,SE,Prospecting | Trail,9851,114,91.99,0.011572
2024-08-31,SE,Prospecting | Trail,12414,144,110.87,0.0116
2024-09-01,SE,Prospecting | Trail,12091,150,82.24,0.012406
2024-08-26,SE,Retargeting | Site Visitors,4890,108,54.38,0.022086
2024-08-27,SE,Retargeting | Site Visitors,4196,107,58.64,0.0255
2024-08-28,SE,Retargeting | Site Visitors,5485,87,62.47,0.015861
2024-08-29,SE,Retargeting | Site Visitors,4974,105,59.06,0.02111
2024-08-30,SE,Retargeting | Site Visitors,5913,80,50.39,0.01353
2024-08-31,SE,Retargeting | Site Visitors,4172,79,63.45,0.018936
2024-09-01,SE,Retargeting | Site Visitors,4986,87,49.72,0.017449
2024-08-26,MW,Prospecting | Trail,11917,127,93.74,0.010657
2024-08-27,MW,Prospecting | Trail,10203,108,99.47,0.010585
2024-08-28,MW,Prospecting | Trail,11476,85,84.19,0.007407
2024-08-29,MW,Prospecting | Trail,8097,97,106.79,0.01198
2024-08-30,MW,Prospecting | Trail,9462,127,110.25,0.013422
2024-08-31,MW,Prospecting | Trail,7897,119,74.56,0.015069
2024-09-01,MW,Prospecting | Trail,8393,100,91.96,0.011915
2024-08-26,MW,Retargeting | Site Visitors,5995,87,69.56,0.014512
2024-08-27,MW,Retargeting | Site Visitors,4690,92,68.72,0.019616
2024-08-28,MW,Retargeting | Site Visitors,4725,88,71.65,0.018624
2024-08-29,MW,Retargeting | Site Visitors,5025,117,54.08,0.023284
2024-08-30,MW,Retargeting | Site Visitors,6645,114,61.2,0.017156
2024-08-31,MW,Retargeting | Site Visitors,5356,114,59.46,0.021285
2024-09-01,MW,Retargeting | Site Visitors,5455,92,51.07,0.016865
2024-08-26,MT,Prospecting | Trail,6060,107,83.4,0.017657
2024-08-27,MT,Prospecting | Trail,7921,77,72.79,0.009721
2024-08-28,MT,Prospecting | Trail,7157,78,78.04,0.010898
2024-08-29,MT,Prospecting | Trail,7598,74,82.12,0.009739
2024-08-30,MT,Prospecting | Trail,8135,94,72.55,0.011555
2024-08-31,MT,Prospecting | Trail,8452,76,64.21,0.008992
2024-09-01,MT,Prospecting | Trail,8668,98,76.0,0.011306
2024-08-26,MT,Retargeting | Site Visitors,2849,46,37.58,0.016146
2024-08-27,MT,Retargeting | Site Visitors,2979,49,36.54,0.016448
2024-08-28,MT,Retargeting | Site Visitors,3070,53,36.17,0.017264
2024-08-29,MT,Retargeting | Site Visitors,3311,48,29.16,0.014497
2024-08-30,MT,Retargeting | Site Visitors,2673,48,34.14,0.017957
2024-08-31,MT,Retargeting | Site Visitors,2976,69,34.66,0.023185
2024-09-01,MT,Retargeting | Site Visitors,3401,63,36.24,0.018524
2024-08-26,WE,Prospecting | Trail,11231,118,$127.64,0.010507
2024-08-27,WE,Prospecting | Trail,9548,152,$119.53,0.01592
2024-08-28,WE,Prospecting | Trail,10678,165,$110.59,0.015452
2024-08-29,WE,Prospecting | Trail,13066,117,$112.64,0.008955
2024-08-30,WE,Prospecting | Trail,14259,163,$125.76,0.011431
2024-08-31,WE,Prospecting | Trail,13256,138,$136.29,0.01041
2024-09-01,WE,Prospecting | Trail,14572,156,$116.32,0.010705
2024-08-26,WE,Retargeting | Site Visitors,5701,80,$75.87,0.014033
2024-08-27,WE,Retargeting | Site Visitors,7189,125,$57.65,0.017388
2024-08-28,WE,Retargeting | Site Visitors,4706,110,$75.11,0.023374
2024-08-29,WE,Retargeting | Site Visitors,5036,98,$62.67,0.01946
2024-08-30,WE,Retargeting | Site Visitors,5965,122,$54.37,0.020453
2024-08-31,WE,Retargeting | Site Visitors,5115,113,$68.83,0.022092
2024-09-01,WE,Retargeting | Site Visitors,6245,81,$64.98,0.01297
2024-09-02,NE,Prospecting | Trail,11787,188,134.96,0.01595
2024-09-03,NE,Prospecting | Trail,13122,160,129.51,0.012193
2024-09-04,NE,Prospecting | Trail,12024,134,139.28,0.011144
2024-09-05,NE,Prospecting | Trail,14863,170,100.14,0.011438
2024-09-06,NE,Prospecting | Trail,13740,167,124.02,0.012154
2024-09-07,NE,Prospecting | Trail,10019,145,125.53,0.014473
2024-09-08,NE,Prospecting | Trail,13282,145,117.15,0.010917
2024-09-02,NE,Retargeting | Site Visitors,4893,104,69.47,0.021255
2024-09-03,NE,Retargeting | Site Visitors,5573,123,61.24,0.022071
2024-09-04,NE,Retargeting | Site Visitors,5319,97,73.43,0.018237
2024-09-05,NE,Retargeting | Site Visitors,6716,86,49.02,0.012805
2024-09-06,NE,Retargeting | Site Visitors,6798,117,59.1,0.017211
2024-09-07,NE,Retargeting | Site Visitors,5469,107,74.26,0.019565
2024-09-08,NE,Retargeting | Site Visitors,5412,102,75.56,0.018847
2024-09-02,MA,Prospecting | Trail,10849,139,135.08,0.012812
2024-09-03,MA,Prospecting | Trail,12884,174,104.43,0.013505
2024-09-04,MA,Prospecting | Trail,12963,188,122.86,0.014503
2024-09-05,MA,Prospecting | Trail,12445,151,155.05,0.012133
2024-09-06,MA,Prospecting | Trail,15048,179,114.69,0.011895
2024-09-07,MA,Prospecting | Trail,10731,148,139.05,0.013792
2024-09-08,MA,Prospecting | Trail,15501,169,114.96,0.010903
2024-09-02,MA,Retargeting | Site Visitors,5883,112,62.66,0.019038
2024-09-03,MA,Retargeting | Site Visitors,5513,117,75.85,0.021223
2024-09-04,MA,Retargeting | Site Visitors,5285,121,78.41,0.022895
2024-09-05,MA,Retargeting | Site Visitors,6138,112,61.99,0.018247
2024-09-06,MA,Retargeting | Site Visitors,6231,85,59.24,0.013641
2024-09-07,MA,Retargeting | Site Visitors,6854,115,56.91,0.016779
2024-09-08,MA,Retargeting | Site Visitors,5044,84,75.85,0.016653
2024-09-02,SE,Prospecting | Trail,12025,146,98.93,0.012141
2024-09-03,SE,Prospecting | Trail,11623,157,138.91,0.013508
2024-09-04,SE,Prospecting | Trail,10422,132,121.09,0.012666
2024-09-05,SE,Prospecting | Trail,9629,130,103.82,0.013501
2024-09-06,SE,Prospecting | Trail,11372,140,102.41,0.012311
2024-09-07,SE,Prospecting | Trail,13216,121,111.16,0.009156
2024-09-08,SE,Prospecting | Trail,13172,149,121.99,0.011312
2024-09-02,SE,Retargeting | Site Visitors,5651,124,67.97,0.021943
2024-09-03,SE,Retargeting | Site Visitors,5654,108,65.55,0.019102
2024-09-04,SE,Retargeting | Site Visitors,6649,104,70.88,0.015641
2024-09-05,SE,Retargeting | Site Visitors,5413,115,67.0,0.021245
2024-09-06,SE,Retargeting | Site Visitors,4521,99,57.14,0.021898
2024-09-07,SE,Retargeting | Site Visitors,5188,110,57.65,0.021203
2024-09-08,SE,Retargeting | Site Visitors,5513,90,57.6,0.016325
2024-09-02,MW,Prospecting | Trail,12900,128,112.65,0.009922
2024-09-03,MW,Prospecting | Trail,13015,115,101.21,0.008836
2024-09-04,MW,Prospecting | Trail,9563,122,91.99,0.012758
2024-09-05,MW,Prospecting | Trail,12821,128,99.41,0.009984
2024-09-06,MW,Prospecting | Trail,11676,169,117.89,0.014474
2024-09-07,MW,Prospecting | Trail,8826,144,133.23,0.016315
2024-09-08,MW,Prospecting | Trail,11738,170,132.89,0.014483
2024-09-02,MW,Retargeting | Site Visitors,6335,107,78.22,0.01689
2024-09-03,MW,Retargeting | Site Visitors,4321,100,61.74,0.023143
2024-09-04,MW,Retargeting | Site Visitors,5695,91,51.23,0.015979
2024-09-05,MW,Retargeting | Site Visitors,5267,105,71.58,0.019935
2024-09-06,MW,Retargeting | Site Visitors,5980,94,61.66,0.015719
2024-09-07,MW,Retargeting | Site Visitors,6338,101,58.49,0.015936
2024-09-08,MW,Retargeting | Site Visitors,5078,99,65.74,0.019496
2024-09-02,MT,Prospecting | Trail,8653,95,70.74,0.010979
2024-09-03,MT,Prospecting | Trail,6799,86,69.54,0.012649
2024-09-04,MT,Prospecting | Trail,8330,105,76.58,0.012605
2024-09-05,MT,Prospecting | Trail,7129,79,69.27,0.011081
2024-09-06,MT,Prospecting | Trail,8209,102,85.14,0.012425
2024-09-07,MT,Prospecting | Trail,6133,85,71.29,0.013859
2024-09-08,MT,Prospecting | Trail,7800,88,77.36,0.011282
2024-09-02,MT,Retargeting | Site Visitors,2775,71,37.25,0.025586
2024-09-03,MT,Retargeting | Site Visitors,4292,75,48.77,0.017474
2024-09-04,MT,Retargeting | Site Visitors,3823,74,46.54,0.019357
2024-09-05,MT,Retargeting | Site Visitors,3447,77,40.47,0.022338
2024-09-06,MT,Retargeting | Site Visitors,4071,63,37.59,0.015475
2024-09-07,MT,Retargeting | Site Visitors,3174,75,42.01,0.023629
2024-09-08,MT,Retargeting | Site Visitors,3179,57,32.14,0.01793
2024-09-02,WE,Prospecting | Trail,14899,201,$132.49,0.013491
2024-09-03,WE,Prospecting | Trail,18089,151,$140.78,0.008348
2024-09-04,WE,Prospecting | Trail,15550,155,$158.70,0.009968
2024-09-05,WE,Prospecting | Trail,12183,222,$148.84,0.018222
2024-09-06,WE,Prospecting | Trail,12260,201,$122.40,0.016395
2024-09-07,WE,Prospecting | Trail,15720,183,$134.66,0.011641
2024-09-08,WE,Prospecting | Trail,15334,197,$181.68,0.012847
2024-09-02,WE,Retargeting | Site Visitors,6966,101,$73.58,0.014499
2024-09-03,WE,Retargeting | Site Visitors,6564,133,$65.27,0.020262
2024-09-04,WE,Retargeting | Site Visitors,5368,103,$83.86,0.019188
2024-09-05,WE,Retargeting | Site Visitors,6166,143,$65.83,0.023192
2024-09-06,WE,Retargeting | Site Visitors,6025,122,$61.98,0.020249
2024-09-07,WE,Retargeting | Site Visitors,6118,142,$81.38,0.02321
2024-09-08,WE,Retargeting | Site Visitors,6892,139,$75.26,0.020168
2024-09-09,NE,Prospecting | Trail,12283,196,140.48,0.015957
2024-09-10,NE,Prospecting | Trail,15314,151,139.27,0.00986
2024-09-11,NE,Prospecting | Trail,14860,203,121.16,0.013661
2024-09-12,NE,Prospecting | Trail,15143,190,117.48,0.012547
2024-09-13,NE,Prospecting | Trail,11565,153,114.28,0.01323
2024-09-14,NE,Prospecting | Trail,13811,149,138.28,0.010789
2024-09-15,NE,Prospecting | Trail,10684,141,146.93,0.013197
2024-09-09,NE,Retargeting | Site Visitors,5304,88,72.97,0.016591
2024-09-10,NE,Retargeting | Site Visitors,5894,91,48.32,0.015439
2024-09-11,NE,Retargeting | Site Visitors,5661,117,63.51,0.020668
2024-09-12,NE,Retargeting | Site Visitors,5144,97,48.6,0.018857
2024-09-13,NE,Retargeting | Site Visitors,4663,98,61.96,0.021017
2024-09-14,NE,Retargeting | Site Visitors,4982,112,71.4,0.022481
2024-09-15,NE,Retargeting | Site Visitors,6458,96,71.47,0.014865
2024-09-09,MA,Prospecting | Trail,13673,145,108.38,0.010605
2024-09-10,MA,Prospecting | Trail,9978,146,111.65,0.014632
2024-09-11,MA,Prospecting | Trail,11138,116,100.94,0.010415
2024-09-12,MA,Prospecting | Trail,9928,149,102.07,0.015008
2024-09-13,MA,Prospecting | Trail,10249,137,105.79,0.013367
2024-09-14,MA,Prospecting | Trail,10754,123,111.81,0.011438
2024-09-15,MA,Prospecting | Trail,8797,137,89.64,0.015573
2024-09-09,MA,Retargeting | Site Visitors,4836,112,69.96,0.02316
2024-09-10,MA,Retargeting | Site Visitors,5443,109,52.07,0.020026
2024-09-11,MA,Retargeting | Site Visitors,4941,101,49.38,0.020441
2024-09-12,MA,Retargeting | Site Visitors,6252,117,72.81,0.018714
2024-09-13,MA,Retargeting | Site Visitors,5134,112,64.61,0.021815
2024-09-14,MA,Retargeting | Site Visitors,5198,80,67.9,0.015391
2024-09-15,MA,Retargeting | Site Visitors,6003,104,58.06,0.017325
2024-09-09,SE,Prospecting | Trail,12018,170,125.84,0.014145
2024-09-10,SE,Prospecting | Trail,10476,117,119.27,0.011168
2024-09-11,SE,Prospecting | Trail,9643,140,120.36,0.014518
2024-09-12,SE,Prospecting | Trail,12340,139,95.41,0.011264
2024-09-13,SE,Prospecting | Trail,10836,142,128.46,0.013104
2024-09-14,SE,Prospecting | Trail,10984,124,93.62,0.011289
2024-09-15,SE,Prospecting | Trail,12476,159,89.01,0.012744
2024-09-09,SE,Retargeting | Site Visitors,4268,98,55.24,0.022962
2024-09-10,SE,Retargeting | Site Visitors,4072,87,62.48,0.021365
2024-09-11,SE,Retargeting | Site Visitors,4933,100,52.82,0.020272
2024-09-12,SE,Retargeting | Site Visitors,4431,98,61.66,0.022117
2024-09-13,SE,Retargeting | Site Visitors,5435,81,58.63,0.014903
2024-09-14,SE,Retargeting | Site Visitors,4315,86,42.98,0.01993
2024-09-15,SE,Retargeting | Site Visitors,5171,85,41.36,0.016438
2024-09-09,MW,Prospecting | Trail,11033,136,110.1,0.012327
2024-09-10,MW,Prospecting | Trail,9686,117,115.97,0.012079
2024-09-11,MW,Prospecting | Trail,11508,129,112.58,0.01121
2024-09-12,MW,Prospecting | Trail,10709,99,87.04,0.009245
2024-09-13,MW,Prospecting | Trail,9713,107,104.21,0.011016
2024-09-14,MW,Prospecting | Trail,11715,138,113.49,0.01178
2024-09-15,MW,Prospecting | Trail,11515,145,100.22,0.012592
2024-09-09,MW,Retargeting | Site Visitors,4958,94,46.68,0.018959
2024-09-10,MW,Retargeting | Site Visitors,5494,70,52.87,0.012741
2024-09-11,MW,Retargeting | Site Visitors,5016,105,50.02,0.020933
2024-09-12,MW,Retargeting | Site Visitors,5762,96,64.28,0.016661
2024-09-13,MW,Retargeting | Site Visitors,4659,96,55.09,0.020605
2024-09-14,MW,Retargeting | Site Visitors,3802,93,64.18,0.024461
2024-09-15,MW,Retargeting | Site Visitors,4911,79,64.84,0.016086
2024-09-09,MT,Prospecting | Trail,8632,113,80.09,0.013091
2024-09-10,MT,Prospecting | Trail,9178,83,81.99,0.009043
2024-09-11,MT,Prospecting | Trail,9718,123,89.53,0.012657
2024-09-12,MT,Prospecting | Trail,8226,103,89.72,0.012521
2024-09-13,MT,Prospecting | Trail,6961,90,100.26,0.012929
2024-09-14,MT,Prospecting | Trail,9983,86,71.83,0.008615
2024-09-15,MT,Prospecting | Trail,7258,100,74.15,0.013778
2024-09-09,MT,Retargeting | Site Visitors,3077,58,33.5,0.01885
2024-09-10,MT,Retargeting | Site Visitors,3750,61,37.62,0.016267
2024-09-11,MT,Retargeting | Site Visitors,2670,62,46.36,0.023221
2024-09-12,MT,Retargeting | Site Visitors,3830,64,29.97,0.01671
2024-09-13,MT,Retargeting | Site Visitors,3286,54,39.84,0.016433
2024-09-14,MT,Retargeting | Site Visitors,3592,62,36.22,0.017261
2024-09-15,MT,Retargeting | Site Visitors,3040,52,43.79,0.017105
2024-09-09,WE,Prospecting | Trail,12502,144,$127.77,0.011518
2024-09-10,WE,Prospecting | Trail,15055,181,$170.94,0.012023
2024-09-11,WE,Prospecting | Trail,14998,155,$120.61,0.010335
2024-09-12,WE,Prospecting | Trail,12060,142,$130.52,0.011774
2024-09-13,WE,Prospecting | Trail,16284,194,$121.48,0.011914
2024-09-14,WE,Prospecting | Trail,11858,126,$132.46,0.010626
2024-09-15,WE,Prospecting | Trail,12077,132,$125.59,0.01093
2024-09-09,WE,Retargeting | Site Visitors,6024,113,$78.43,0.018758
2024-09-10,WE,Retargeting | Site Visitors,6559,136,$60.06,0.020735
2024-09-11,WE,Retargeting | Site Visitors,4796,102,$65.17,0.021268
2024-09-12,WE,Retargeting | Site Visitors,6019,124,$64.42,0.020601
2024-09-13,WE,Retargeting | Site Visitors,6445,101,$87.11,0.015671
2024-09-14,WE,Retargeting | Site Visitors,7323,118,$66.63,0.016114
2024-09-15,WE,Retargeting | Site Visitors,4755,104,$60.27,0.021872
2024-09-16,NE,Prospecting | Trail,12310,141,131.14,0.011454
2024-09-17,NE,Prospecting | Trail,12952,150,103.2,0.011581
2024-09-18,NE,Prospecting | Trail,8892,130,102.26,0.01462
2024-09-19,NE,Prospecting | Trail,11660,125,100.31,0.01072
2024-09-20,NE,Prospecting | Trail,12072,176,106.27,0.014579
2024-09-21,NE,Prospecting | Trail,12036,174,143.16,0.014457
2024-09-22,NE,Prospecting | Trail,11955,135,116.08,0.011292
2024-09-16,NE,Retargeting | Site Visitors,6169,90,72.43,0.014589
2024-09-17,NE,Retargeting | Site Visitors,4906,81,62.52,0.01651
2024-09-18,NE,Retargeting | Site Visitors,6119,106,52.11,0.017323
2024-09-19,NE,Retargeting | Site Visitors,5395,87,60.78,0.016126
2024-09-20,NE,Retargeting | Site Visitors,5372,111,62.75,0.020663
2024-09-21,NE,Retargeting | Site Visitors,4305,114,51.34,0.026481
2024-09-22,NE,Retargeting | Site Visitors,4904,85,65.53,0.017333
2024-09-16,MA,Prospecting | Trail,16387,155,103.05,0.009459
2024-09-17,MA,Prospecting | Trail,10816,132,130.12,0.012204
2024-09-18,MA,Prospecting | Trail,10986,169,133.28,0.015383
2024-09-19,MA,Prospecting | Trail,12617,125,125.13,0.009907
2024-09-20,MA,Prospecting | Trail,12132,131,120.52,0.010798
2024-09-21,MA,Prospecting | Trail,11060,137,132.06,0.012387
2024-09-22,MA,Prospecting | Trail,13444,169,112.77,0.012571
2024-09-16,MA,Retargeting | Site Visitors,5909,129,70.85,0.021831
2024-09-17,MA,Retargeting | Site Visitors,4708,99,60.35,0.021028
2024-09-18,MA,Retargeting | Site Visitors,4954,113,70.54,0.02281
2024-09-19,MA,Retargeting | Site Visitors,6437,98,68.78,0.015224
2024-09-20,MA,Retargeting | Site Visitors,6168,102,61.05,0.016537
2024-09-21,MA,Retargeting | Site Visitors,5098,89,55.83,0.017458
2024-09-22,MA,Retargeting | Site Visitors,5367,137,56.97,0.025526
2024-09-16,SE,Prospecting | Trail,11994,137,110.4,0.011422
2024-09-17,SE,Prospecting | Trail,9339,152,98.63,0.016276
2024-09-18,SE,Prospecting | Trail,11587,141,112.18,0.012169
2024-09-19,SE,Prospecting | Trail,9936,152,98.55,0.015298
2024-09-20,SE,Prospecting | Trail,11787,140,114.65,0.011877
2024-09-21,SE,Prospecting | Trail,12386,113,128.79,0.009123
2024-09-22,SE,Prospecting | Trail,13290,147,123.93,0.011061
2024-09-16,SE,Retargeting | Site Visitors,4172,72,54.76,0.017258
2024-09-17,SE,Retargeting | Site Visitors,3889,101,44.89,0.025971
2024-09-18,SE,Retargeting | Site Visitors,4303,85,56.4,0.019754
2024-09-19,SE,Retargeting | Site Visitors,4159,98,48.39,0.023563
2024-09-20,SE,Retargeting | Site Visitors,4149,94,55.58,0.022656
2024-09-21,SE,Retargeting | Site Visitors,5113,82,40.09,0.016038
2024-09-22,SE,Retargeting | Site Visitors,5097,78,55.04,0.015303
2024-09-16,MW,Prospecting | Trail,10483,125,106.67,0.011924
2024-09-17,MW,Prospecting | Trail,8737,135,78.43,0.015452
2024-09-18,MW,Prospecting | Trail,8082,101,105.57,0.012497
2024-09-19,MW,Prospecting | Trail,10352,103,83.89,0.00995
2024-09-20,MW,Prospecting | Trail,9312,116,92.91,0.012457
2024-09-21,MW,Prospecting | Trail,7962,98,103.31,0.012308
2024-09-22,MW,Prospecting | Trail,11605,102,81.24,0.008789
2024-09-16,MW,Retargeting | Site Visitors,4434,95,45.77,0.021425
2024-09-17,MW,Retargeting | Site Visitors,4946,90,64.0,0.018197
2024-09-18,MW,Retargeting | Site Visitors,5316,109,66.21,0.020504
2024-09-19,MW,Retargeting | Site Visitors,5255,108,58.58,0.020552
2024-09-20,MW,Retargeting | Site Visitors,6076,103,46.82,0.016952
2024-09-21,MW,Retargeting | Site Visitors,4715,80,66.12,0.016967
2024-09-22,MW,Retargeting | Site Visitors,4843,99,61.75,0.020442
2024-09-16,MT,Prospecting | Trail,10104,97,81.3,0.0096
2024-09-17,MT,Prospecting | Trail,7561,100,92.31,0.013226
2024-09-18,MT,Prospecting | Trail,7881,85,84.15,0.010785
2024-09-19,MT,Prospecting | Trail,8686,107,92.34,0.012319
2024-09-20,MT,Prospecting | Trail,8847,112,73.25,0.01266
2024-09-21,MT,Prospecting | Trail,7818,95,71.69,0.012151
2024-09-22,MT,Prospecting | Trail,7506,110,77.31,0.014655
2024-09-16,MT,Retargeting | Site Visitors,3620,82,40.94,0.022652
2024-09-17,MT,Retargeting | Site Visitors,2869,68,37.01,0.023702
2024-09-18,MT,Retargeting | Site Visitors,4231,61,45.18,0.014417
2024-09-19,MT,Retargeting | Site Visitors,3482,57,42.71,0.01637
2024-09-20,MT,Retargeting | Site Visitors,4031,67,35.56,0.016621
2024-09-21,MT,Retargeting | Site Visitors,4205,78,38.28,0.018549
2024-09-22,MT,Retargeting | Site Visitors,2927,77,52.02,0.026307
2024-09-16,WE,Prospecting | Trail,11431,140,$112.65,0.012247
2024-09-17,WE,Prospecting | Trail,12088,158,$90.97,0.013071
2024-09-18,WE,Prospecting | Trail,10747,163,$126.44,0.015167
2024-09-19,WE,Prospecting | Trail,10227,125,$98.15,0.012223
2024-09-20,WE,Prospecting | Trail,9784,115,$94.16,0.011754
2024-09-21,WE,Prospecting | Trail,13993,113,$106.09,0.008075
2024-09-22,WE,Prospecting | Trail,9716,152,$135.81,0.015644
2024-09-16,WE,Retargeting | Site Visitors,6653,109,$77.62,0.016384
2024-09-17,WE,Retargeting | Site Visitors,7119,94,$69.87,0.013204
2024-09-18,WE,Retargeting | Site Visitors,7273,136,$67.78,0.018699
2024-09-19,WE,Retargeting | Site Visitors,7657,128,$73.90,0.016717
2024-09-20,WE,Retargeting | Site Visitors,5723,106,$86.07,0.018522
2024-09-21,WE,Retargeting | Site Visitors,5520,139,$78.80,0.025181
2024-09-22,WE,Retargeting | Site Visitors,6382,107,$78.74,0.016766
2024-09-23,NE,Prospecting | Trail,12890,140,138.82,0.010861
2024-09-24,NE,Prospecting | Trail,12930,156,109.48,0.012065
2024-09-25,NE,Prospecting | Trail,16665,154,96.13,0.009241
2024-09-26,NE,Prospecting | Trail,11994,178,134.86,0.014841
2024-09-27,NE,Prospecting | Trail,11350,140,120.59,0.012335
2024-09-28,NE,Prospecting | Trail,11171,147,138.21,0.013159
2024-09-29,NE,Prospecting | Trail,10980,165,124.1,0.015027
2024-09-23,NE,Retargeting | Site Visitors,5977,114,53.74,0.019073
2024-09-24,NE,Retargeting | Site Visitors,5259,111,75.9,0.021107
2024-09-25,NE,Retargeting | Site Visitors,5638,89,60.03,0.015786
2024-09-26,NE,Retargeting | Site Visitors,5576,93,52.5,0.016679
2024-09-27,NE,Retargeting | Site Visitors,4089,100,50.46,0.024456
2024-09-28,NE,Retargeting | Site Visitors,5537,109,67.59,0.019686
2024-09-29,NE,Retargeting | Site Visitors,4407,113,59.33,0.025641
2024-09-23,MA,Prospecting | Trail,11135,135,85.1,0.012124
2024-09-24,MA,Prospecting | Trail,9437,116,128.84,0.012292
2024-09-25,MA,Prospecting | Trail,11159,134,94.74,0.012008
2024-09-26,MA,Prospecting | Trail,11927,148,101.35,0.012409
2024-09-27,MA,Prospecting | Trail,11886,112,100.38,0.009423
2024-09-28,MA,Prospecting | Trail,9217,99,123.41,0.010741
2024-09-29,MA,Prospecting | Trail,9229,119,91.29,0.012894
2024-09-23,MA,Retargeting | Site Visitors,5825,119,72.18,0.020429
2024-09-24,MA,Retargeting | Site Visitors,4681,81,59.34,0.017304
2024-09-25,MA,Retargeting | Site Visitors,5376,119,65.45,0.022135
2024-09-26,MA,Retargeting | Site Visitors,5775,82,58.2,0.014199
2024-09-27,MA,Retargeting | Site Visitors,6223,123,57.44,0.019765
2024-09-28,MA,Retargeting | Site Visitors,5471,94,67.48,0.017182
2024-09-29,MA,Retargeting | Site Visitors,5766,114,69.76,0.019771
2024-09-23,SE,Prospecting | Trail,12006,113,106.02,0.009412
2024-09-24,SE,Prospecting | Trail,8753,102,90.48,0.011653
2024-09-25,SE,Prospecting | Trail,12229,147,115.9,0.012021
2024-09-26,SE,Prospecting | Trail,12486,146,112.84,0.011693
2024-09-27,SE,Prospecting | Trail,10049,131,121.97,0.013036
2024-09-28,SE,Prospecting | Trail,8498,145,90.78,0.017063
2024-09-29,SE,Prospecting | Trail,11776,109,104.81,0.009256
2024-09-23,SE,Retargeting | Site Visitors,4043,84,61.47,0.020777
2024-09-24,SE,Retargeting | Site Visitors,4351,99,51.97,0.022753
2024-09-25,SE,Retargeting | Site Visitors,3652,95,48.45,0.026013
2024-09-26,SE,Retargeting | Site Visitors,5448,91,53.18,0.016703
2024-09-27,SE,Retargeting | Site Visitors,5017,73,50.26,0.014551
2024-09-28,SE,Retargeting | Site Visitors,3820,81,43.22,0.021204
2024-09-29,SE,Retargeting | Site Visitors,5365,95,55.96,0.017707
2024-09-23,MW,Prospecting | Trail,12463,111,110.99,0.008906
2024-09-24,MW,Prospecting | Trail,9584,154,93.14,0.016068
2024-09-25,MW,Prospecting | Trail,9362,137,108.11,0.014634
2024-09-26,MW,Prospecting | Trail,9689,126,107.32,0.013004
2024-09-27,MW,Prospecting | Trail,10256,129,93.47,0.012578
2024-09-28,MW,Prospecting | Trail,11295,148,102.22,0.013103
2024-09-29,MW,Prospecting | Trail,12905,146,125.19,0.011313
2024-09-23,MW,Retargeting | Site Visitors,4246,98,67.38,0.023081
2024-09-24,MW,Retargeting | Site Visitors,6369,109,52.56,0.017114
2024-09-25,MW,Retargeting | Site Visitors,5440,78,63.91,0.014338
2024-09-26,MW,Retargeting | Site Visitors,4525,78,49.19,0.017238
2024-09-27,MW,Retargeting | Site Visitors,6362,118,66.04,0.018548
2024-09-28,MW,Retargeting | Site Visitors,4238,109,53.96,0.02572
2024-09-29,MW,Retargeting | Site Visitors,5404,100,67.68,0.018505
2024-09-23,MT,Prospecting | Trail,8465,83,70.57,0.009805
2024-09-24,MT,Prospecting | Trail,8697,83,69.86,0.009544
2024-09-25,MT,Prospecting | Trail,7821,116,91.23,0.014832
2024-09-26,MT,Prospecting | Trail,9407,83,89.7,0.008823
2024-09-27,MT,Prospecting | Trail,8214,86,79.05,0.01047
2024-09-28,MT,Prospecting | Trail,6451,115,71.13,0.017827
2024-09-29,MT,Prospecting | Trail,8730,101,94.75,0.011569
2024-09-23,MT,Retargeting | Site Visitors,4248,81,39.86,0.019068
2024-09-24,MT,Retargeting | Site Visitors,3381,81,51.42,0.023957
2024-09-25,MT,Retargeting | Site Visitors,3391,67,39.78,0.019758
2024-09-26,MT,Retargeting | Site Visitors,3729,70,51.27,0.018772
2024-09-27,MT,Retargeting | Site Visitors,4202,78,51.66,0.018563
2024-09-28,MT,Retargeting | Site Visitors,4317,74,45.92,0.017142
2024-09-29,MT,Retargeting | Site Visitors,4550,77,39.99,0.016923
2024-09-23,WE,Prospecting | Trail,11651,114,$121.70,0.009785
2024-09-24,WE,Prospecting | Trail,11542,132,$110.43,0.011436
2024-09-25,WE,Prospecting | Trail,8968,143,$107.72,0.015946
2024-09-26,WE,Prospecting | Trail,11494,141,$92.52,0.012267
2024-09-27,WE,Prospecting | Trail,11204,144,$108.49,0.012853
2024-09-28,WE,Prospecting | Trail,12732,123,$120.08,0.009661
2024-09-29,WE,Prospecting | Trail,10553,145,$104.88,0.01374
2024-09-23,WE,Retargeting | Site Visitors,6870,104,$81.67,0.015138
2024-09-24,WE,Retargeting | Site Visitors,5023,128,$63.82,0.025483
2024-09-25,WE,Retargeting | Site Visitors,6812,111,$65.92,0.016295
2024-09-26,WE,Retargeting | Site Visitors,7561,111,$80.48,0.014681
2024-09-27,WE,Retargeting | Site Visitors,5724,128,$75.32,0.022362
2024-09-28,WE,Retargeting | Site Visitors,5137,108,$57.48,0.021024
2024-09-29,WE,Retargeting | Site Visitors,6101,116,$72.43,0.019013
2024-09-30,NE,Prospecting | Trail,10948,129,85.42,0.011783
2024-10-01,NE,Prospecting | Trail,11692,170,123.35,0.01454
2024-10-02,NE,Prospecting | Trail,13123,158,90.2,0.01204
2024-10-03,NE,Prospecting | Trail,11821,113,121.26,0.009559
2024-10-04,NE,Prospecting | Trail,10034,150,118.67,0.014949
2024-10-05,NE,Prospecting | Trail,11652,114,120.18,0.009784
2024-10-06,NE,Prospecting | Trail,9945,156,117.25,0.015686
2024-09-30,NE,Retargeting | Site Visitors,4935,105,57.63,0.021277
2024-10-01,NE,Retargeting | Site Visitors,5622,89,64.21,0.015831
2024-10-02,NE,Retargeting | Site Visitors,5378,86,49.67,0.015991
2024-10-03,NE,Retargeting | Site Visitors,5774,115,67.36,0.019917
2024-10-04,NE,Retargeting | Site Visitors,4467,108,55.81,0.024177
2024-10-05,NE,Retargeting | Site Visitors,3902,95,68.49,0.024346
2024-10-06,NE,Retargeting | Site Visitors,5606,86,47.19,0.015341
2024-09-30,MA,Prospecting | Trail,8365,122,119.17,0.014585
2024-10-01,MA,Prospecting | Trail,8675,119,83.39,0.013718
2024-10-02,MA,Prospecting | Trail,11858,94,108.64,0.007927
2024-10-03,MA,Prospecting | Trail,11732,128,81.49,0.01091
2024-10-04,MA,Prospecting | Trail,8297,127,108.74,0.015307
2024-10-05,MA,Prospecting | Trail,8858,94,80.85,0.010612
2024-10-06,MA,Prospecting | Trail,10126,120,83.27,0.011851
2024-09-30,MA,Retargeting | Site Visitors,6633,124,57.17,0.018694
2024-10-01,MA,Retargeting | Site Visitors,5230,107,65.54,0.020459
2024-10-02,MA,Retargeting | Site Visitors,6068,121,70.14,0.019941
2024-10-03,MA,Retargeting | Site Visitors,5544,128,60.28,0.023088
2024-10-04,MA,Retargeting | Site Visitors,5261,82,71.07,0.015586
2024-10-05,MA,Retargeting | Site Visitors,5552,116,69.96,0.020893
2024-10-06,MA,Retargeting | Site Visitors,6176,83,71.17,0.013439
2024-09-30,SE,Prospecting | Trail,8372,104,100.15,0.012422
2024-10-01,SE,Prospecting | Trail,11052,113,97.64,0.010224
2024-10-02,SE,Prospecting | Trail,7534,129,116.62,0.017122
2024-10-03,SE,Prospecting | Trail,9001,123,101.62,0.013665
2024-10-04,SE,Prospecting | Trail,10446,115,88.53,0.011009
2024-10-05,SE,Prospecting | Trail,11201,141,87.02,0.012588
2024-10-06,SE,Prospecting | Trail,11516,122,85.82,0.010594
2024-09-30,SE,Retargeting | Site Visitors,3609,80,45.01,0.022167
2024-10-01,SE,Retargeting | Site Visitors,5048,76,43.21,0.015055
2024-10-02,SE,Retargeting | Site Visitors,4317,71,60.12,0.016447
2024-10-03,SE,Retargeting | Site Visitors,3544,82,62.02,0.023138
2024-10-04,SE,Retargeting | Site Visitors,3916,101,56.7,0.025792
2024-10-05,SE,Retargeting | Site Visitors,5319,89,40.98,0.016732
2024-10-06,SE,Retargeting | Site Visitors,4655,92,41.64,0.019764
2024-09-30,MW,Prospecting | Trail,11383,114,106.64,0.010015
2024-10-01,MW,Prospecting | Trail,9559,130,88.34,0.0136
2024-10-02,MW,Prospecting | Trail,10368,93,86.15,0.00897
2024-10-03,MW,Prospecting | Trail,10396,134,100.88,0.01289
2024-10-04,MW,Prospecting | Trail,11389,133,111.78,0.011678
2024-10-05,MW,Prospecting | Trail,8880,116,83.3,0.013063
2024-10-06,MW,Prospecting | Trail,8749,104,116.0,0.011887
2024-09-30,MW,Retargeting | Site Visitors,3936,81,61.45,0.020579
2024-10-01,MW,Retargeting | Site Visitors,4666,87,51.72,0.018646
2024-10-02,MW,Retargeting | Site Visitors,5614,85,54.94,0.015141
2024-10-03,MW,Retargeting | Site Visitors,5520,81,45.55,0.014674
2024-10-04,MW,Retargeting | Site Visitors,5170,92,57.6,0.017795
2024-10-05,MW,Retargeting | Site Visitors,4245,82,63.34,0.019317
2024-10-06,MW,Retargeting | Site Visitors,4090,108,47.66,0.026406
2024-09-30,MT,Prospecting | Trail,6013,82,75.36,0.013637
2024-10-01,MT,Prospecting | Trail,8488,111,73.93,0.013077
2024-10-02,MT,Prospecting | Trail,8945,95,69.3,0.01062
2024-10-03,MT,Prospecting | Trail,8480,87,71.55,0.010259
2024-10-04,MT,Prospecting | Trail,8432,103,85.42,0.012215
2024-10-05,MT,Prospecting | Trail,7460,102,73.52,0.013673
2024-10-06,MT,Prospecting | Trail,7179,83,89.9,0.011561
2024-09-30,MT,Retargeting | Site Visitors,3371,62,44.05,0.018392
2024-10-01,MT,Retargeting | Site Visitors,3466,60,50.3,0.017311
2024-10-02,MT,Retargeting | Site Visitors,3921,82,57.6,0.020913
2024-10-03,MT,Retargeting | Site Visitors,4903,74,37.5,0.015093
2024-10-04,MT,Retargeting | Site Visitors,3228,70,40.99,0.021685
2024-10-05,MT,Retargeting | Site Visitors,4280,76,45.06,0.017757
2024-10-06,MT,Retargeting | Site Visitors,4337,84,40.83,0.019368
2024-09-30,WE,Prospecting | Trail,11601,124,$132.37,0.010689
2024-10-01,WE,Prospecting | Trail,12509,140,$106.73,0.011192
2024-10-02,WE,Prospecting | Trail,11959,136,$107.10,0.011372
2024-10-03,WE,Prospecting | Trail,9983,139,$97.57,0.013924
2024-10-04,WE,Prospecting | Trail,8770,114,$108.69,0.012999
2024-10-05,WE,Prospecting | Trail,10596,116,$128.17,0.010948
2024-10-06,WE,Prospecting | Trail,12943,109,$87.31,0.008422
2024-09-30,WE,Retargeting | Site Visitors,6366,121,$80.78,0.019007
2024-10-01,WE,Retargeting | Site Visitors,7006,120,$88.71,0.017128
2024-10-02,WE,Retargeting | Site Visitors,7128,127,$66.59,0.017817
2024-10-03,WE,Retargeting | Site Visitors,6111,140,$73.62,0.02291
2024-10-04,WE,Retargeting | Site Visitors,5985,109,$67.64,0.018212
2024-10-05,WE,Retargeting | Site Visitors,5192,117,$79.20,0.022535
2024-10-06,WE,Retargeting | Site Visitors,7477,109,$64.03,0.014578
2024-10-07,NE,Prospecting | Trail,14617,123,140.74,0.008415
2024-10-08,NE,Prospecting | Trail,14471,173,145.86,0.011955
2024-10-09,NE,Prospecting | Trail,10575,140,120.81,0.013239
2024-10-10,NE,Prospecting | Trail,13386,146,130.54,0.010907
2024-10-11,NE,Prospecting | Trail,10679,139,137.7,0.013016
2024-10-12,NE,Prospecting | Trail,14058,138,96.79,0.009816
2024-10-13,NE,Prospecting | Trail,12641,171,113.73,0.013527
2024-10-07,NE,Retargeting | Site Visitors,4723,118,47.75,0.024984
2024-10-08,NE,Retargeting | Site Visitors,5858,90,60.36,0.015364
2024-10-09,NE,Retargeting | Site Visitors,5044,89,73.03,0.017645
2024-10-10,NE,Retargeting | Site Visitors,4675,101,72.92,0.021604
2024-10-11,NE,Retargeting | Site Visitors,5994,82,59.93,0.01368
2024-10-12,NE,Retargeting | Site Visitors,6632,109,53.05,0.016435
2024-10-13,NE,Retargeting | Site Visitors,5007,115,69.18,0.022968
2024-10-07,MA,Prospecting | Trail,10702,142,107.83,0.013269
2024-10-08,MA,Prospecting | Trail,9493,160,138.28,0.016855
2024-10-09,MA,Prospecting | Trail,10389,123,92.18,0.011839
2024-10-10,MA,Prospecting | Trail,13199,169,97.91,0.012804
2024-10-11,MA,Prospecting | Trail,13590,139,127.16,0.010228
2024-10-12,MA,Prospecting | Trail,13693,159,115.21,0.011612
2024-10-13,MA,Prospecting | Trail,10708,150,122.81,0.014008
2024-10-07,MA,Retargeting | Site Visitors,6106,113,63.13,0.018506
2024-10-08,MA,Retargeting | Site Visitors,4487,96,72.92,0.021395
2024-10-09,MA,Retargeting | Site Visitors,6569,122,52.24,0.018572
2024-10-10,MA,Retargeting | Site Visitors,6382,92,62.83,0.014416
2024-10-11,MA,Retargeting | Site Visitors,4838,107,57.73,0.022117
2024-10-12,MA,Retargeting | Site Visitors,5248,82,70.34,0.015625
2024-10-13,MA,Retargeting | Site Visitors,5531,107,71.16,0.019346
2024-10-07,SE,Prospecting | Trail,10325,108,100.32,0.01046
2024-10-08,SE,Prospecting | Trail,11371,132,80.41,0.011608
2024-10-09,SE,Prospecting | Trail,8634,106,91.75,0.012277
2024-10-10,SE,Prospecting | Trail,8069,120,95.29,0.014872
2024-10-11,SE,Prospecting | Trail,9230,149,95.75,0.016143
2024-10-12,SE,Prospecting | Trail,11424,101,115.29,0.008841
2024-10-13,SE,Prospecting | Trail,8773,115,85.88,0.013108
2024-10-07,SE,Retargeting | Site Visitors,5345,103,45.62,0.01927
2024-10-08,SE,Retargeting | Site Visitors,4177,98,64.52,0.023462
2024-10-09,SE,Retargeting | Site Visitors,4504,88,52.14,0.019538
2024-10-10,SE,Retargeting | Site Visitors,4297,93,63.55,0.021643
2024-10-11,SE,Retargeting | Site Visitors,5360,71,55.39,0.013246
2024-10-12,SE,Retargeting | Site Visitors,4577,80,46.15,0.017479
2024-10-13,SE,Retargeting | Site Visitors,4074,96,44.49,0.023564
2024-10-07,MW,Prospecting | Trail,11515,156,118.37,0.013548
2024-10-08,MW,Prospecting | Trail,12240,126,114.33,0.010294
2024-10-09,MW,Prospecting | Trail,11326,161,106.95,0.014215
2024-10-10,MW,Prospecting | Trail,12621,167,90.7,0.013232
2024-10-11,MW,Prospecting | Trail,12257,164,137.43,0.01338
2024-10-12,MW,Prospecting | Trail,11965,129,113.6,0.010781
2024-10-13,MW,Prospecting | Trail,11397,154,135.16,0.013512
2024-10-07,MW,Retargeting | Site Visitors,4276,97,58.1,0.022685
2024-10-08,MW,Retargeting | Site Visitors,3623,96,54.15,0.026497
2024-10-09,MW,Retargeting | Site Visitors,4784,79,48.36,0.016513
2024-10-10,MW,Retargeting | Site Visitors,5228,87,58.27,0.016641
2024-10-11,MW,Retargeting | Site Visitors,4540,85,50.51,0.018722
2024-10-12,MW,Retargeting | Site Visitors,4585,79,46.94,0.01723
2024-10-13,MW,Retargeting | Site Visitors,4177,76,42.63,0.018195
2024-10-07,MT,Prospecting | Trail,6700,65,61.07,0.009701
2024-10-08,MT,Prospecting | Trail,7974,93,64.31,0.011663
2024-10-09,MT,Prospecting | Trail,7632,99,88.93,0.012972
2024-10-10,MT,Prospecting | Trail,7868,97,65.26,0.012328
2024-10-11,MT,Prospecting | Trail,7958,88,79.58,0.011058
2024-10-12,MT,Prospecting | Trail,7068,80,63.4,0.011319
2024-10-13,MT,Prospecting | Trail,5737,97,76.63,0.016908
2024-10-07,MT,Retargeting | Site Visitors,4140,75,51.13,0.018116
2024-10-08,MT,Retargeting | Site Visitors,3451,81,45.3,0.023471
2024-10-09,MT,Retargeting | Site Visitors,3854,79,47.41,0.020498
2024-10-10,MT,Retargeting | Site Visitors,4048,57,49.73,0.014081
2024-10-11,MT,Retargeting | Site Visitors,4816,76,33.72,0.015781
2024-10-12,MT,Retargeting | Site Visitors,4153,67,44.68,0.016133
2024-10-13,MT,Retargeting | Site Visitors,3259,68,46.82,0.020865
2024-10-07,WE,Prospecting | Trail,15515,145,$105.48,0.009346
2024-10-08,WE,Prospecting | Trail,13554,192,$143.75,0.014166
2024-10-09,WE,Prospecting | Trail,13093,160,$133.65,0.01222
2024-10-10,WE,Prospecting | Trail,15360,150,$115.48,0.009766
2024-10-11,WE,Prospecting | Trail,12502,192,$127.98,0.015358
2024-10-12,WE,Prospecting | Trail,11287,181,$158.29,0.016036
2024-10-13,WE,Prospecting | Trail,12994,150,$139.56,0.011544
2024-10-07,WE,Retargeting | Site Visitors,6038,117,$61.44,0.019377
2024-10-08,WE,Retargeting | Site Visitors,5381,117,$61.80,0.021743
2024-10-09,WE,Retargeting | Site Visitors,5196,118,$60.06,0.02271
2024-10-10,WE,Retargeting | Site Visitors,5211,92,$51.27,0.017655
2024-10-11,WE,Retargeting | Site Visitors,4465,93,$61.19,0.020829
2024-10-12,WE,Retargeting | Site Visitors,5815,112,$58.17,0.019261
2024-10-13,WE,Retargeting | Site Visitors,5087,83,$73.79,0.016316
2024-10-14,NE,Prospecting | Trail,12605,196,130.12,0.015549
2024-10-15,NE,Prospecting | Trail,14074,169,152.04,0.012008
2024-10-16,NE,Prospecting | Trail,13050,151,116.95,0.011571
2024-10-17,NE,Prospecting | Trail,11968,150,167.37,0.012533
2024-10-18,NE,Prospecting | Trail,17998,139,166.67,0.007723
2024-10-19,NE,Prospecting | Trail,18481,190,141.82,0.010281
2024-10-20,NE,Prospecting | Trail,13488,197,121.34,0.014606
2024-10-14,NE,Retargeting | Site Visitors,6349,99,71.46,0.015593
2024-10-15,NE,Retargeting | Site Visitors,8078,120,64.49,0.014855
2024-10-16,NE,Retargeting | Site Visitors,5444,130,70.51,0.02388
2024-10-17,NE,Retargeting | Site Visitors,6044,106,83.21,0.017538
2024-10-18,NE,Retargeting | Site Visitors,5717,145,68.13,0.025363
2024-10-19,NE,Retargeting | Site Visitors,6339,135,93.03,0.021297
2024-10-20,NE,Retargeting | Site Visitors,6610,138,61.84,0.020877
2024-10-14,NE,Launch | New Colorway,4544,92,58.4,0.020246
2024-10-15,NE,Launch | New Colorway,4700,80,41.98,0.017021
2024-10-16,NE,Launch | New Colorway,4254,83,40.99,0.019511
2024-10-17,NE,Launch | New Colorway,4579,67,39.62,0.014632
2024-10-18,NE,Launch | New Colorway,5372,69,56.14,0.012844
2024-10-19,NE,Launch | New Colorway,5700,61,55.67,0.010702
2024-10-20,NE,Launch | New Colorway,4640,84,51.84,0.018103
2024-10-14,MA,Prospecting | Trail,11724,125,123.21,0.010662
2024-10-15,MA,Prospecting | Trail,9851,161,111.24,0.016344
2024-10-16,MA,Prospecting | Trail,11726,142,123.32,0.01211
2024-10-17,MA,Prospecting | Trail,13095,115,115.76,0.008782
2024-10-18,MA,Prospecting | Trail,12124,130,96.72,0.010723
2024-10-19,MA,Prospecting | Trail,12332,146,116.75,0.011839
2024-10-20,MA,Prospecting | Trail,10489,133,110.16,0.01268
2024-10-14,MA,Retargeting | Site Visitors,5300,124,63.08,0.023396
2024-10-15,MA,Retargeting | Site Visitors,6645,101,80.83,0.015199
2024-10-16,MA,Retargeting | Site Visitors,6762,116,68.56,0.017155
2024-10-17,MA,Retargeting | Site Visitors,6409,104,79.58,0.016227
2024-10-18,MA,Retargeting | Site Visitors,4958,102,63.35,0.020573
2024-10-19,MA,Retargeting | Site Visitors,6317,140,69.18,0.022162
2024-10-20,MA,Retargeting | Site Visitors,7262,130,77.4,0.017901
2024-10-14,MA,Launch | New Colorway,4602,75,52.26,0.016297
2024-10-15,MA,Launch | New Colorway,4714,72,44.53,0.015274
2024-10-16,MA,Launch | New Colorway,4420,67,53.3,0.015158
2024-10-17,MA,Launch | New Colorway,5099,75,57.0,0.014709
2024-10-18,MA,Launch | New Colorway,5500,64,48.24,0.011636
2024-10-19,MA,Launch | New Colorway,5720,69,45.5,0.012063
2024-10-20,MA,Launch | New Colorway,4702,67,53.69,0.014249
2024-10-14,SE,Prospecting | Trail,10631,136,104.52,0.012793
2024-10-15,SE,Prospecting | Trail,11368,119,127.07,0.010468
2024-10-16,SE,Prospecting | Trail,11244,114,90.47,0.010139
2024-10-17,SE,Prospecting | Trail,13829,111,109.02,0.008027
2024-10-18,SE,Prospecting | Trail,11451,162,104.73,0.014147
2024-10-19,SE,Prospecting | Trail,9636,136,104.86,0.014114
2024-10-20,SE,Prospecting | Trail,11068,117,135.77,0.010571
2024-10-14,SE,Retargeting | Site Visitors,4935,118,57.54,0.023911
2024-10-15,SE,Retargeting | Site Visitors,5341,115,63.65,0.021532
2024-10-16,SE,Retargeting | Site Visitors,5522,95,73.15,0.017204
2024-10-17,SE,Retargeting | Site Visitors,4997,99,57.17,0.019812
2024-10-18,SE,Retargeting | Site Visitors,6973,115,65.91,0.016492
2024-10-19,SE,Retargeting | Site Visitors,5587,121,71.38,0.021657
2024-10-20,SE,Retargeting | Site Visitors,6072,130,64.61,0.02141
2024-10-14,SE,Launch | New Colorway,5897,82,64.77,0.013905
2024-10-15,SE,Launch | New Colorway,5111,77,63.15,0.015066
2024-10-16,SE,Launch | New Colorway,4823,75,60.98,0.01555
2024-10-17,SE,Launch | New Colorway,6160,93,53.29,0.015097
2024-10-18,SE,Launch | New Colorway,4415,87,46.29,0.019706
2024-10-19,SE,Launch | New Colorway,5291,68,43.99,0.012852
2024-10-20,SE,Launch | New Colorway,5327,82,45.16,0.015393
2024-10-14,MW,Prospecting | Trail,10290,130,129.79,0.012634
2024-10-15,MW,Prospecting | Trail,11150,122,90.81,0.010942
2024-10-16,MW,Prospecting | Trail,13293,126,91.96,0.009479
2024-10-17,MW,Prospecting | Trail,10015,124,126.19,0.012381
2024-10-18,MW,Prospecting | Trail,11960,130,126.51,0.01087
2024-10-19,MW,Prospecting | Trail,10573,110,94.42,0.010404
2024-10-20,MW,Prospecting | Trail,10636,131,103.9,0.012317
2024-10-14,MW,Retargeting | Site Visitors,4882,109,63.01,0.022327
2024-10-15,MW,Retargeting | Site Visitors,4767,105,60.05,0.022026
2024-10-16,MW,Retargeting | Site Visitors,5501,102,79.97,0.018542
2024-10-17,MW,Retargeting | Site Visitors,5115,90,59.98,0.017595
2024-10-18,MW,Retargeting | Site Visitors,6570,106,58.26,0.016134
2024-10-19,MW,Retargeting | Site Visitors,6824,130,74.82,0.01905
2024-10-20,MW,Retargeting | Site Visitors,5424,95,53.38,0.017515
2024-10-14,MW,Launch | New Colorway,5301,71,46.32,0.013394
2024-10-15,MW,Launch | New Colorway,6392,84,49.42,0.013141
2024-10-16,MW,Launch | New Colorway,4627,62,50.81,0.0134
2024-10-17,MW,Launch | New Colorway,5325,84,64.06,0.015775
2024-10-18,MW,Launch | New Colorway,5797,83,62.65,0.014318
2024-10-19,MW,Launch | New Colorway,5900,90,51.07,0.015254
2024-10-20,MW,Launch | New Colorway,4791,68,64.63,0.014193
2024-10-14,MT,Prospecting | Trail,8195,114,77.83,0.013911
2024-10-15,MT,Prospecting | Trail,6809,90,84.98,0.013218
2024-10-16,MT,Prospecting | Trail,9998,108,88.57,0.010802
2024-10-17,MT,Prospecting | Trail,6869,90,87.87,0.013102
2024-10-18,MT,Prospecting | Trail,9787,98,79.77,0.010013
2024-10-19,MT,Prospecting | Trail,6956,84,80.72,0.012076
2024-10-20,MT,Prospecting | Trail,8998,103,64.84,0.011447
2024-10-14,MT,Retargeting | Site Visitors,4249,79,40.28,0.018593
2024-10-15,MT,Retargeting | Site Visitors,3883,62,52.04,0.015967
2024-10-16,MT,Retargeting | Site Visitors,3081,73,39.35,0.023694
2024-10-17,MT,Retargeting | Site Visitors,4127,79,39.69,0.019142
2024-10-18,MT,Retargeting | Site Visitors,3371,68,44.17,0.020172
2024-10-19,MT,Retargeting | Site Visitors,3658,68,44.86,0.018589
2024-10-20,MT,Retargeting | Site Visitors,3949,69,42.26,0.017473
2024-10-14,MT,Launch | New Colorway,3778,68,33.18,0.017999
2024-10-15,MT,Launch | New Colorway,4152,55,46.89,0.013247
2024-10-16,MT,Launch | New Colorway,3995,56,47.56,0.014018
2024-10-17,MT,Launch | New Colorway,3834,57,35.96,0.014867
2024-10-18,MT,Launch | New Colorway,3619,66,33.91,0.018237
2024-10-19,MT,Launch | New Colorway,3930,68,34.99,0.017303
2024-10-20,MT,Launch | New Colorway,3348,50,39.4,0.014934
2024-10-14,WE,Prospecting | Trail,13917,164,$159.87,0.011784
2024-10-15,WE,Prospecting | Trail,16521,168,$117.55,0.010169
2024-10-16,WE,Prospecting | Trail,14248,171,$116.11,0.012002
2024-10-17,WE,Prospecting | Trail,15198,196,$144.73,0.012896
2024-10-18,WE,Prospecting | Trail,13802,182,$166.65,0.013186
2024-10-19,WE,Prospecting | Trail,14233,197,$123.16,0.013841
2024-10-20,WE,Prospecting | Trail,10752,186,$138.91,0.017299
2024-10-14,WE,Retargeting | Site Visitors,6489,118,$95.15,0.018185
2024-10-15,WE,Retargeting | Site Visitors,6342,155,$84.96,0.02444
2024-10-16,WE,Retargeting | Site Visitors,7547,114,$88.57,0.015105
2024-10-17,WE,Retargeting | Site Visitors,7096,142,$65.14,0.020011
2024-10-18,WE,Retargeting | Site Visitors,6327,162,$69.38,0.025605
2024-10-19,WE,Retargeting | Site Visitors,7750,172,$93.85,0.022194
2024-10-20,WE,Retargeting | Site Visitors,8274,116,$75.94,0.01402
2024-10-14,WE,Launch | New Colorway,6553,75,$63.12,0.011445
2024-10-15,WE,Launch | New Colorway,5652,81,$65.16,0.014331
2024-10-16,WE,Launch | New Colorway,6225,74,$52.78,0.011888
2024-10-17,WE,Launch | New Colorway,5622,87,$58.45,0.015475
2024-10-18,WE,Launch | New Colorway,5566,77,$62.73,0.013834
2024-10-19,WE,Launch | New Colorway,5159,87,$63.12,0.016864
2024-10-20,WE,Launch | New Colorway,6484,97,$55.51,0.01496
2024-10-21,NE,Prospecting | Trail,12940,173,142.87,0.013369
2024-10-22,NE,Prospecting | Trail,11832,157,122.29,0.013269
2024-10-23,NE,Prospecting | Trail,11242,165,142.22,0.014677
2024-10-24,NE,Prospecting | Trail,15588,162,119.39,0.010393
2024-10-25,NE,Prospecting | Trail,12609,165,119.59,0.013086
2024-10-26,NE,Prospecting | Trail,13118,155,132.32,0.011816
2024-10-27,NE,Prospecting | Trail,14691,121,123.12,0.008236
2024-10-21,NE,Retargeting | Site Visitors,6482,118,77.59,0.018204
2024-10-22,NE,Retargeting | Site Visitors,6772,121,63.12,0.017868
2024-10-23,NE,Retargeting | Site Visitors,4997,96,71.41,0.019212
2024-10-24,NE,Retargeting | Site Visitors,5938,115,55.23,0.019367
2024-10-25,NE,Retargeting | Site Visitors,5436,115,55.83,0.021155
2024-10-26,NE,Retargeting | Site Visitors,5564,109,66.87,0.01959
2024-10-27,NE,Retargeting | Site Visitors,5185,93,74.26,0.017936
2024-10-21,MA,Prospecting | Trail,9527,145,101.63,0.01522
2024-10-22,MA,Prospecting | Trail,10309,110,112.67,0.01067
2024-10-23,MA,Prospecting | Trail,8992,131,87.94,0.014569
2024-10-24,MA,Prospecting | Trail,10977,98,100.15,0.008928
2024-10-25,MA,Prospecting | Trail,11078,130,98.07,0.011735
2024-10-26,MA,Prospecting | Trail,11437,101,114.88,0.008831
2024-10-27,MA,Prospecting | Trail,9007,129,83.67,0.014322
2024-10-21,MA,Retargeting | Site Visitors,5931,83,53.14,0.013994
2024-10-22,MA,Retargeting | Site Visitors,5276,82,71.29,0.015542
2024-10-23,MA,Retargeting | Site Visitors,5866,105,64.46,0.0179
2024-10-24,MA,Retargeting | Site Visitors,6510,113,67.36,0.017358
2024-10-25,MA,Retargeting | Site Visitors,4783,104,71.02,0.021744
2024-10-26,MA,Retargeting | Site Visitors,5782,104,47.85,0.017987
2024-10-27,MA,Retargeting | Site Visitors,4414,112,68.37,0.025374
2024-10-21,SE,Prospecting | Trail,11391,128,98.05,0.011237
2024-10-22,SE,Prospecting | Trail,8875,107,100.62,0.012056
2024-10-23,SE,Prospecting | Trail,11793,132,118.22,0.011193
2024-10-24,SE,Prospecting | Trail,8127,122,120.03,0.015012
2024-10-25,SE,Prospecting | Trail,9789,107,92.71,0.010931
2024-10-26,SE,Prospecting | Trail,10228,131,88.24,0.012808
2024-10-27,SE,Prospecting | Trail,11598,135,85.79,0.01164
2024-10-21,SE,Retargeting | Site Visitors,5742,88,63.26,0.015326
2024-10-22,SE,Retargeting | Site Visitors,5637,81,52.87,0.014369
2024-10-23,SE,Retargeting | Site Visitors,4074,98,43.69,0.024055
2024-10-24,SE,Retargeting | Site Visitors,4264,68,59.01,0.015947
2024-10-25,SE,Retargeting | Site Visitors,5559,98,60.17,0.017629
2024-10-26,SE,Retargeting | Site Visitors,4141,97,59.78,0.023424
2024-10-27,SE,Retargeting | Site Visitors,4619,73,52.62,0.015804
2024-10-21,MW,Prospecting | Trail,11424,116,91.9,0.010154
2024-10-22,MW,Prospecting | Trail,8914,126,92.33,0.014135
2024-10-23,MW,Prospecting | Trail,7702,118,106.19,0.015321
2024-10-24,MW,Prospecting | Trail,8543,101,92.4,0.011823
2024-10-25,MW,Prospecting | Trail,11681,123,106.86,0.01053
2024-10-26,MW,Prospecting | Trail,8457,123,76.61,0.014544
2024-10-27,MW,Prospecting | Trail,10624,95,93.71,0.008942
2024-10-21,MW,Retargeting | Site Visitors,5873,111,58.76,0.0189
2024-10-22,MW,Retargeting | Site Visitors,4989,74,52.59,0.014833
2024-10-23,MW,Retargeting | Site Visitors,4283,88,73.26,0.020546
2024-10-24,MW,Retargeting | Site Visitors,3955,95,54.85,0.02402
2024-10-25,MW,Retargeting | Site Visitors,5753,83,51.19,0.014427
2024-10-26,MW,Retargeting | Site Visitors,4043,110,56.63,0.027208
2024-10-27,MW,Retargeting | Site Visitors,5857,83,52.38,0.014171
2024-10-21,MT,Prospecting | Trail,7157,106,78.53,0.014811
2024-10-22,MT,Prospecting | Trail,10032,94,85.53,0.00937
2024-10-23,MT,Prospecting | Trail,8588,101,89.59,0.011761
2024-10-24,MT,Prospecting | Trail,7684,94,69.95,0.012233
2024-10-25,MT,Prospecting | Trail,7619,110,97.31,0.014438
2024-10-26,MT,Prospecting | Trail,7979,94,75.62,0.011781
2024-10-27,MT,Prospecting | Trail,9067,80,73.09,0.008823
2024-10-21,MT,Retargeting | Site Visitors,4205,60,42.13,0.014269
2024-10-22,MT,Retargeting | Site Visitors,3127,55,38.39,0.017589
2024-10-23,MT,Retargeting | Site Visitors,2944,66,46.33,0.022418
2024-10-24,MT,Retargeting | Site Visitors,4410,73,38.72,0.016553
2024-10-25,MT,Retargeting | Site Visitors,2953,59,33.21,0.01998
2024-10-26,MT,Retargeting | Site Visitors,3615,56,35.57,0.015491
2024-10-27,MT,Retargeting | Site Visitors,2979,79,44.34,0.026519
2024-10-21,WE,Prospecting | Trail,11956,149,$120.64,0.012462
2024-10-22,WE,Prospecting | Trail,12051,147,$139.23,0.012198
2024-10-23,WE,Prospecting | Trail,11809,154,$124.52,0.013041
2024-10-24,WE,Prospecting | Trail,15430,198,$137.40,0.012832
2024-10-25,WE,Prospecting | Trail,15161,167,$113.62,0.011015
2024-10-26,WE,Prospecting | Trail,11187,145,$107.54,0.012961
2024-10-27,WE,Prospecting | Trail,14425,131,$158.82,0.009081
2024-10-21,WE,Retargeting | Site Visitors,7021,107,$70.28,0.01524
2024-10-22,WE,Retargeting | Site Visitors,5228,127,$82.56,0.024292
2024-10-23,WE,Retargeting | Site Visitors,6791,122,$65.28,0.017965
2024-10-24,WE,Retargeting | Site Visitors,5842,99,$67.81,0.016946
2024-10-25,WE,Retargeting | Site Visitors,5294,98,$69.49,0.018512
2024-10-26,WE,Retargeting | Site Visitors,5695,106,$82.19,0.018613
2024-10-27,WE,Retargeting | Site Visitors,7848,118,$65.17,0.015036
2024-10-28,NE,Prospecting | Trail,11002,124,129.08,0.011271
2024-10-29,NE,Prospecting | Trail,12689,181,130.61,0.014264
2024-10-30,NE,Prospecting | Trail,12678,149,110.1,0.011753
2024-10-31,NE,Prospecting | Trail,13058,158,149.85,0.0121
2024-11-01,NE,Prospecting | Trail,10849,154,123.75,0.014195
2024-11-02,NE,Prospecting | Trail,14308,155,120.13,0.010833
2024-11-03,NE,Prospecting | Trail,14231,193,106.86,0.013562
2024-10-28,NE,Retargeting | Site Visitors,6816,125,70.01,0.018339
2024-10-29,NE,Retargeting | Site Visitors,5735,105,75.91,0.018309
2024-10-30,NE,Retargeting | Site Visitors,6511,116,71.69,0.017816
2024-10-31,NE,Retargeting | Site Visitors,6123,101,61.5,0.016495
2024-11-01,NE,Retargeting | Site Visitors,4996,106,53.27,0.021217
2024-11-02,NE,Retargeting | Site Visitors,6081,101,69.75,0.016609
2024-11-03,NE,Retargeting | Site Visitors,4945,132,71.73,0.026694
2024-10-28,MA,Prospecting | Trail,9424,98,94.34,0.010399
2024-10-29,MA,Prospecting | Trail,10039,125,107.25,0.012451
2024-10-30,MA,Prospecting | Trail,8179,142,84.3,0.017362
2024-10-31,MA,Prospecting | Trail,11188,105,89.69,0.009385
2024-11-01,MA,Prospecting | Trail,10095,137,109.24,0.013571
2024-11-02,MA,Prospecting | Trail,10948,140,108.9,0.012788
2024-11-03,MA,Prospecting | Trail,9347,115,84.63,0.012303
2024-10-28,MA,Retargeting | Site Visitors,5377,91,61.53,0.016924
2024-10-29,MA,Retargeting | Site Visitors,4189,91,61.98,0.021724
2024-10-30,MA,Retargeting | Site Visitors,5261,105,46.26,0.019958
2024-10-31,MA,Retargeting | Site Visitors,4623,113,47.5,0.024443
2024-11-01,MA,Retargeting | Site Visitors,4342,90,46.79,0.020728
2024-11-02,MA,Retargeting | Site Visitors,6138,94,64.41,0.015314
2024-11-03,MA,Retargeting | Site Visitors,4341,95,65.64,0.021884
2024-10-28,SE,Prospecting | Trail,8824,103,110.52,0.011673
2024-10-29,SE,Prospecting | Trail,9713,97,77.35,0.009987
2024-10-30,SE,Prospecting | Trail,10752,113,101.8,0.01051
2024-10-31,SE,Prospecting | Trail,8190,120,98.63,0.014652
2024-11-01,SE,Prospecting | Trail,11064,137,105.4,0.012383
2024-11-02,SE,Prospecting | Trail,11369,138,94.87,0.012138
2024-11-03,SE,Prospecting | Trail,11508,105,111.34,0.009124
2024-10-28,SE,Retargeting | Site Visitors,5547,80,56.39,0.014422
2024-10-29,SE,Retargeting | Site Visitors,4204,109,50.13,0.025928
2024-10-30,SE,Retargeting | Site Visitors,5120,87,61.52,0.016992
2024-10-31,SE,Retargeting | Site Visitors,6208,98,56.3,0.015786
2024-11-01,SE,Retargeting | Site Visitors,5434,85,66.88,0.015642
2024-11-02,SE,Retargeting | Site Visitors,4490,120,73.78,0.026726
2024-11-03,SE,Retargeting | Site Visitors,5025,111,49.32,0.02209
2024-10-28,MW,Prospecting | Trail,10831,109,81.92,0.010064
2024-10-29,MW,Prospecting | Trail,9964,135,106.48,0.013549
2024-10-30,MW,Prospecting | Trail,10978,140,93.3,0.012753
2024-10-31,MW,Prospecting | Trail,10714,165,114.92,0.0154
2024-11-01,MW,Prospecting | Trail,10549,125,114.66,0.011849
2024-11-02,MW,Prospecting | Trail,10866,124,100.06,0.011412
2024-11-03,MW,Prospecting | Trail,10600,132,118.79,0.012453
2024-10-28,MW,Retargeting | Site Visitors,5909,87,52.01,0.014723
2024-10-29,MW,Retargeting | Site Visitors,4649,90,61.25,0.019359
2024-10-30,MW,Retargeting | Site Visitors,6112,89,66.24,0.014562
2024-10-31,MW,Retargeting | Site Visitors,4867,114,60.58,0.023423
2024-11-01,MW,Retargeting | Site Visitors,4415,103,48.16,0.02333
2024-11-02,MW,Retargeting | Site Visitors,4238,105,66.6,0.024776
2024-11-03,MW,Retargeting | Site Visitors,6394,90,65.87,0.014076
2024-10-28,MT,Prospecting | Trail,6386,97,59.81,0.015189
2024-10-29,MT,Prospecting | Trail,7889,95,79.29,0.012042
2024-10-30,MT,Prospecting | Trail,7596,83,61.76,0.010927
2024-10-31,MT,Prospecting | Trail,7157,93,70.76,0.012994
2024-11-01,MT,Prospecting | Trail,7036,70,77.55,0.009949
2024-11-02,MT,Prospecting | Trail,7596,74,79.48,0.009742
2024-11-03,MT,Prospecting | Trail,8297,79,80.54,0.009522
2024-10-28,MT,Retargeting | Site Visitors,4248,80,35.89,0.018832
2024-10-29,MT,Retargeting | Site Visitors,3873,72,34.12,0.01859
2024-10-30,MT,Retargeting | Site Visitors,3579,57,37.16,0.015926
2024-10-31,MT,Retargeting | Site Visitors,4051,74,44.31,0.018267
2024-11-01,MT,Retargeting | Site Visitors,3319,76,44.2,0.022898
2024-11-02,MT,Retargeting | Site Visitors,3466,61,46.93,0.0176
2024-11-03,MT,Retargeting | Site Visitors,2945,84,50.41,0.028523
2024-10-28,WE,Prospecting | Trail,11071,141,$130.47,0.012736
2024-10-29,WE,Prospecting | Trail,14037,115,$110.67,0.008193
2024-10-30,WE,Prospecting | Trail,12228,161,$118.76,0.013167
2024-10-31,WE,Prospecting | Trail,11362,132,$103.64,0.011618
2024-11-01,WE,Prospecting | Trail,12776,141,$93.90,0.011036
2024-11-02,WE,Prospecting | Trail,9317,157,$99.58,0.016851
2024-11-03,WE,Prospecting | Trail,10102,150,$135.72,0.014849
2024-10-28,WE,Retargeting | Site Visitors,6191,80,$64.31,0.012922
2024-10-29,WE,Retargeting | Site Visitors,5798,98,$69.64,0.016902
2024-10-30,WE,Retargeting | Site Visitors,4483,106,$69.51,0.023645
2024-10-31,WE,Retargeting | Site Visitors,5199,99,$50.91,0.019042
2024-11-01,WE,Retargeting | Site Visitors,6469,113,$70.27,0.017468
2024-11-02,WE,Retargeting | Site Visitors,4745,81,$57.39,0.017071
2024-11-03,WE,Retargeting | Site Visitors,6158,119,$66.98,0.019324
2024-11-04,NE,Prospecting | Trail,11228,153,103.58,0.013627
2024-11-05,NE,Prospecting | Trail,10266,126,122.6,0.012274
2024-11-06,NE,Prospecting | Trail,12480,169,104.9,0.013542
2024-11-07,NE,Prospecting | Trail,12793,133,130.2,0.010396
2024-11-08,NE,Prospecting | Trail,10815,179,126.91,0.016551
2024-11-09,NE,Prospecting | Trail,13913,159,126.97,0.011428
2024-11-10,NE,Prospecting | Trail,13447,164,117.26,0.012196
2024-11-04,NE,Retargeting | Site Visitors,6630,124,54.98,0.018703
2024-11-05,NE,Retargeting | Site Visitors,5408,119,54.72,0.022004
2024-11-06,NE,Retargeting | Site Visitors,5049,119,59.74,0.023569
2024-11-07,NE,Retargeting | Site Visitors,5913,112,73.28,0.018941
2024-11-08,NE,Retargeting | Site Visitors,4462,112,63.47,0.025101
2024-11-09,NE,Retargeting | Site Visitors,4468,95,75.29,0.021262
2024-11-10,NE,Retargeting | Site Visitors,6761,87,63.48,0.012868
2024-11-04,MA,Prospecting | Trail,10813,145,113.89,0.01341
2024-11-05,MA,Prospecting | Trail,16318,161,156.86,0.009866
2024-11-06,MA,Prospecting | Trail,16262,209,113.39,0.012852
2024-11-07,MA,Prospecting | Trail,10888,167,150.9,0.015338
2024-11-08,MA,Prospecting | Trail,13294,171,131.55,0.012863
2024-11-09,MA,Prospecting | Trail,15135,192,132.96,0.012686
2024-11-10,MA,Prospecting | Trail,14437,202,152.5,0.013992
2024-11-04,MA,Retargeting | Site Visitors,6207,113,69.07,0.018205
2024-11-05,MA,Retargeting | Site Visitors,6065,81,69.41,0.013355
2024-11-06,MA,Retargeting | Site Visitors,5115,114,76.75,0.022287
2024-11-07,MA,Retargeting | Site Visitors,6866,105,75.63,0.015293
2024-11-08,MA,Retargeting | Site Visitors,4525,106,60.66,0.023425
2024-11-09,MA,Retargeting | Site Visitors,5578,91,57.41,0.016314
2024-11-10,MA,Retargeting | Site Visitors,6238,114,57.89,0.018275
2024-11-04,SE,Prospecting | Trail,10172,132,81.07,0.012977
2024-11-05,SE,Prospecting | Trail,10396,101,116.75,0.009715
2024-11-06,SE,Prospecting | Trail,11175,95,104.89,0.008501
2024-11-07,SE,Prospecting | Trail,10293,115,98.31,0.011173
2024-11-08,SE,Prospecting | Trail,8108,108,80.95,0.01332
2024-11-09,SE,Prospecting | Trail,9063,120,80.35,0.013241
2024-11-10,SE,Prospecting | Trail,8598,117,102.18,0.013608
2024-11-04,SE,Retargeting | Site Visitors,4967,70,60.58,0.014093
2024-11-05,SE,Retargeting | Site Visitors,3906,83,62.23,0.021249
2024-11-06,SE,Retargeting | Site Visitors,4239,72,47.92,0.016985
2024-11-07,SE,Retargeting | Site Visitors,3817,91,60.52,0.023841
2024-11-08,SE,Retargeting | Site Visitors,4872,106,40.48,0.021757
2024-11-09,SE,Retargeting | Site Visitors,5597,86,51.45,0.015365
2024-11-10,SE,Retargeting | Site Visitors,5169,100,51.35,0.019346
2024-11-04,MW,Prospecting | Trail,12182,139,114.43,0.01141
2024-11-05,MW,Prospecting | Trail,14210,185,155.27,0.013019
2024-11-06,MW,Prospecting | Trail,12455,169,103.33,0.013569
2024-11-07,MW,Prospecting | Trail,10870,179,109.39,0.016467
2024-11-08,MW,Prospecting | Trail,10112,134,128.58,0.013252
2024-11-09,MW,Prospecting | Trail,15124,164,120.57,0.010844
2024-11-10,MW,Prospecting | Trail,12495,125,125.43,0.010004
2024-11-04,MW,Retargeting | Site Visitors,5907,87,49.5,0.014728
2024-11-05,MW,Retargeting | Site Visitors,4897,81,48.55,0.016541
2024-11-06,MW,Retargeting | Site Visitors,4869,114,59.28,0.023413
2024-11-07,MW,Retargeting | Site Visitors,4991,115,69.53,0.023041
2024-11-08,MW,Retargeting | Site Visitors,5762,87,55.61,0.015099
2024-11-09,MW,Retargeting | Site Visitors,4284,93,64.17,0.021709
2024-11-10,MW,Retargeting | Site Visitors,4576,115,59.16,0.025131
2024-11-04,MT,Prospecting | Trail,5936,98,84.19,0.016509
2024-11-05,MT,Prospecting | Trail,8338,92,81.26,0.011034
2024-11-06,MT,Prospecting | Trail,8370,87,58.2,0.010394
2024-11-07,MT,Prospecting | Trail,6403,90,83.37,0.014056
2024-11-08,MT,Prospecting | Trail,6903,74,62.55,0.01072
2024-11-09,MT,Prospecting | Trail,7094,86,73.93,0.012123
2024-11-10,MT,Prospecting | Trail,8459,75,61.24,0.008866
2024-11-04,MT,Retargeting | Site Visitors,3594,74,46.78,0.02059
2024-11-05,MT,Retargeting | Site Visitors,4197,73,39.1,0.017393
2024-11-06,MT,Retargeting | Site Visitors,3513,81,34.74,0.023057
2024-11-07,MT,Retargeting | Site Visitors,3553,71,46.23,0.019983
2024-11-08,MT,Retargeting | Site Visitors,4515,58,51.14,0.012846
2024-11-09,MT,Retargeting | Site Visitors,4266,66,46.0,0.015471
2024-11-10,MT,Retargeting | Site Visitors,3507,57,48.19,0.016253
2024-11-04,WE,Prospecting | Trail,15402,180,$152.36,0.011687
2024-11-05,WE,Prospecting | Trail,10989,154,$135.32,0.014014
2024-11-06,WE,Prospecting | Trail,12584,186,$110.57,0.014781
2024-11-07,WE,Prospecting | Trail,14542,172,$153.45,0.011828
2024-11-08,WE,Prospecting | Trail,15638,137,$105.61,0.008761
2024-11-09,WE,Prospecting | Trail,14004,141,$154.58,0.010069
2024-11-10,WE,Prospecting | Trail,11055,179,$111.41,0.016192
2024-11-04,WE,Retargeting | Site Visitors,6555,137,$93.18,0.0209
2024-11-05,WE,Retargeting | Site Visitors,8008,141,$67.12,0.017607
2024-11-06,WE,Retargeting | Site Visitors,7664,121,$80.97,0.015788
2024-11-07,WE,Retargeting | Site Visitors,8058,108,$90.29,0.013403
2024-11-08,WE,Retargeting | Site Visitors,5310,108,$73.03,0.020339
2024-11-09,WE,Retargeting | Site Visitors,5862,111,$63.88,0.018936
2024-11-10,WE,Retargeting | Site Visitors,5673,129,$73.52,0.022739
2024-11-11,NE,Prospecting | Trail,10894,168,113.97,0.015421
2024-11-12,NE,Prospecting | Trail,16807,143,128.23,0.008508
2024-11-13,NE,Prospecting | Trail,16718,189,148.63,0.011305
2024-11-14,NE,Prospecting | Trail,12434,209,153.45,0.016809
2024-11-15,NE,Prospecting | Trail,12091,172,117.02,0.014225
2024-11-16,NE,Prospecting | Trail,16558,149,142.54,0.008999
2024-11-17,NE,Prospecting | Trail,11153,193,143.39,0.017305
2024-11-11,NE,Retargeting | Site Visitors,6015,100,60.66,0.016625
2024-11-12,NE,Retargeting | Site Visitors,4510,92,74.26,0.020399
2024-11-13,NE,Retargeting | Site Visitors,5620,110,69.73,0.019573
2024-11-14,NE,Retargeting | Site Visitors,6023,95,53.29,0.015773
2024-11-15,NE,Retargeting | Site Visitors,6139,116,65.21,0.018896
2024-11-16,NE,Retargeting | Site Visitors,6107,103,55.8,0.016866
2024-11-17,NE,Retargeting | Site Visitors,4341,94,66.73,0.021654
2024-11-11,MA,Prospecting | Trail,12252,178,131.91,0.014528
2024-11-12,MA,Prospecting | Trail,13050,129,126.57,0.009885
2024-11-13,MA,Prospecting | Trail,12247,140,106.91,0.011431
2024-11-14,MA,Prospecting | Trail,11731,158,118.77,0.013469
2024-11-15,MA,Prospecting | Trail,11904,140,102.34,0.011761
2024-11-16,MA,Prospecting | Trail,12473,130,132.98,0.010423
2024-11-17,MA,Prospecting | Trail,13327,133,132.96,0.00998
2024-11-11,MA,Retargeting | Site Visitors,6075,136,75.33,0.022387
2024-11-12,MA,Retargeting | Site Visitors,7624,128,66.02,0.016789
2024-11-13,MA,Retargeting | Site Visitors,7977,138,77.13,0.0173
2024-11-14,MA,Retargeting | Site Visitors,6556,143,80.41,0.021812
2024-11-15,MA,Retargeting | Site Visitors,6557,113,86.31,0.017233
2024-11-16,MA,Retargeting | Site Visitors,5490,147,69.73,0.026776
2024-11-17,MA,Retargeting | Site Visitors,6101,136,78.44,0.022291
2024-11-11,SE,Prospecting | Trail,8865,102,91.62,0.011506
2024-11-12,SE,Prospecting | Trail,10763,149,98.99,0.013844
2024-11-13,SE,Prospecting | Trail,11590,106,127.69,0.009146
2024-11-14,SE,Prospecting | Trail,9218,155,92.36,0.016815
2024-11-15,SE,Prospecting | Trail,11274,149,101.61,0.013216
2024-11-16,SE,Prospecting | Trail,10932,129,90.86,0.0118
2024-11-17,SE,Prospecting | Trail,7941,114,88.58,0.014356
2024-11-11,SE,Retargeting | Site Visitors,5653,82,63.65,0.014506
2024-11-12,SE,Retargeting | Site Visitors,4294,122,53.57,0.028412
2024-11-13,SE,Retargeting | Site Visitors,5870,110,62.44,0.018739
2024-11-14,SE,Retargeting | Site Visitors,5725,103,53.89,0.017991
2024-11-15,SE,Retargeting | Site Visitors,5334,98,56.66,0.018373
2024-11-16,SE,Retargeting | Site Visitors,5824,83,71.81,0.014251
2024-11-17,SE,Retargeting | Site Visitors,5317,102,75.17,0.019184
2024-11-11,MW,Prospecting | Trail,10257,132,117.1,0.012869
2024-11-12,MW,Prospecting | Trail,12362,125,119.81,0.010112
2024-11-13,MW,Prospecting | Trail,10984,185,111.87,0.016843
2024-11-14,MW,Prospecting | Trail,11858,169,110.49,0.014252
2024-11-15,MW,Prospecting | Trail,12777,134,146.99,0.010488
2024-11-16,MW,Prospecting | Trail,14882,137,111.47,0.009206
2024-11-17,MW,Prospecting | Trail,11440,121,110.95,0.010577
2024-11-11,MW,Retargeting | Site Visitors,7393,107,76.7,0.014473
2024-11-12,MW,Retargeting | Site Visitors,7260,86,65.39,0.011846
2024-11-13,MW,Retargeting | Site Visitors,5628,127,74.75,0.022566
2024-11-14,MW,Retargeting | Site Visitors,5168,102,64.26,0.019737
2024-11-15,MW,Retargeting | Site Visitors,5696,108,78.18,0.018961
2024-11-16,MW,Retargeting | Site Visitors,5409,131,62.18,0.024219
2024-11-17,MW,Retargeting | Site Visitors,5134,96,57.95,0.018699
2024-11-11,MT,Prospecting | Trail,8264,91,79.02,0.011012
2024-11-12,MT,Prospecting | Trail,6954,99,94.62,0.014236
2024-11-13,MT,Prospecting | Trail,7033,104,77.86,0.014787
2024-11-14,MT,Prospecting | Trail,8862,102,96.29,0.01151
2024-11-15,MT,Prospecting | Trail,10200,74,79.81,0.007255
2024-11-16,MT,Prospecting | Trail,8052,74,68.64,0.00919
2024-11-17,MT,Prospecting | Trail,9305,111,78.72,0.011929
2024-11-11,MT,Retargeting | Site Visitors,4123,86,49.99,0.020859
2024-11-12,MT,Retargeting | Site Visitors,4104,81,48.25,0.019737
2024-11-13,MT,Retargeting | Site Visitors,3465,70,50.69,0.020202
2024-11-14,MT,Retargeting | Site Visitors,4883,85,54.37,0.017407
2024-11-15,MT,Retargeting | Site Visitors,3648,72,51.4,0.019737
2024-11-16,MT,Retargeting | Site Visitors,3445,58,37.05,0.016836
2024-11-17,MT,Retargeting | Site Visitors,4734,87,34.88,0.018378
2024-11-11,WE,Prospecting | Trail,17840,132,$156.14,0.007399
2024-11-12,WE,Prospecting | Trail,14614,159,$149.65,0.01088
2024-11-13,WE,Prospecting | Trail,15105,183,$156.13,0.012115
2024-11-14,WE,Prospecting | Trail,13162,166,$132.51,0.012612
2024-11-15,WE,Prospecting | Trail,13585,165,$135.17,0.012146
2024-11-16,WE,Prospecting | Trail,12263,177,$109.04,0.014434
2024-11-17,WE,Prospecting | Trail,12472,193,$131.97,0.015475
2024-11-11,WE,Retargeting | Site Visitors,5480,123,$73.12,0.022445
2024-11-12,WE,Retargeting | Site Visitors,7058,117,$83.15,0.016577
2024-11-13,WE,Retargeting | Site Visitors,6187,96,$74.28,0.015516
2024-11-14,WE,Retargeting | Site Visitors,7144,110,$65.67,0.015398
2024-11-15,WE,Retargeting | Site Visitors,5945,120,$58.08,0.020185
2024-11-16,WE,Retargeting | Site Visitors,5225,85,$55.55,0.016268
2024-11-17,WE,Retargeting | Site Visitors,4903,117,$72.48,0.023863
2024-11-18,NE,Prospecting | Trail,10455,159,126.04,0.015208
2024-11-19,NE,Prospecting | Trail,10796,130,103.55,0.012041
2024-11-20,NE,Prospecting | Trail,10225,158,145.38,0.015452
2024-11-21,NE,Prospecting | Trail,14003,115,95.17,0.008213
2024-11-22,NE,Prospecting | Trail,13575,172,138.99,0.01267
2024-11-23,NE,Prospecting | Trail,15536,166,141.29,0.010685
2024-11-24,NE,Prospecting | Trail,14155,136,119.29,0.009608
2024-11-18,NE,Retargeting | Site Visitors,6757,118,90.52,0.017463
2024-11-19,NE,Retargeting | Site Visitors,6420,117,61.14,0.018224
2024-11-20,NE,Retargeting | Site Visitors,6176,104,60.98,0.016839
2024-11-21,NE,Retargeting | Site Visitors,7175,132,71.03,0.018397
2024-11-22,NE,Retargeting | Site Visitors,7245,145,83.74,0.020014
2024-11-23,NE,Retargeting | Site Visitors,5613,122,83.25,0.021735
2024-11-24,NE,Retargeting | Site Visitors,5587,129,66.53,0.023089
2024-11-18,NE,Launch | New Colorway,5917,80,49.99,0.01352
2024-11-19,NE,Launch | New Colorway,6791,100,68.81,0.014725
2024-11-20,NE,Launch | New Colorway,4841,101,68.25,0.020863
2024-11-21,NE,Launch | New Colorway,4747,94,50.21,0.019802
2024-11-22,NE,Launch | New Colorway,7336,78,46.1,0.010632
2024-11-23,NE,Launch | New Colorway,6182,71,65.3,0.011485
2024-11-24,NE,Launch | New Colorway,4827,73,65.89,0.015123
2024-11-18,MA,Prospecting | Trail,11577,126,113.95,0.010884
2024-11-19,MA,Prospecting | Trail,8917,116,91.11,0.013009
2024-11-20,MA,Prospecting | Trail,11257,137,116.91,0.01217
2024-11-21,MA,Prospecting | Trail,11460,116,98.95,0.010122
2024-11-22,MA,Prospecting | Trail,12630,151,118.19,0.011956
2024-11-23,MA,Prospecting | Trail,12213,154,113.51,0.01261
2024-11-24,MA,Prospecting | Trail,12344,145,135.29,0.011747
2024-11-18,MA,Retargeting | Site Visitors,5646,109,56.0,0.019306
2024-11-19,MA,Retargeting | Site Visitors,6343,100,60.93,0.015765
2024-11-20,MA,Retargeting | Site Visitors,4578,102,80.35,0.02228
2024-11-21,MA,Retargeting | Site Visitors,5686,109,83.54,0.01917
2024-11-22,MA,Retargeting | Site Visitors,5620,96,56.98,0.017082
2024-11-23,MA,Retargeting | Site Visitors,6598,99,58.01,0.015005
2024-11-24,MA,Retargeting | Site Visitors,4799,90,55.78,0.018754
2024-11-18,MA,Launch | New Colorway,5814,81,73.85,0.013932
2024-11-19,MA,Launch | New Colorway,6656,104,67.29,0.015625
2024-11-20,MA,Launch | New Colorway,5544,106,55.02,0.01912
2024-11-21,MA,Launch | New Colorway,6523,101,68.03,0.015484
2024-11-22,MA,Launch | New Colorway,6163,86,65.03,0.013954
2024-11-23,MA,Launch | New Colorway,6104,99,59.36,0.016219
2024-11-24,MA,Launch | New Colorway,7511,105,63.43,0.013979
2024-11-18,SE,Prospecting | Trail,12648,116,115.31,0.009171
2024-11-19,SE,Prospecting | Trail,12073,134,124.43,0.011099
2024-11-20,SE,Prospecting | Trail,13354,139,103.42,0.010409
2024-11-21,SE,Prospecting | Trail,12608,129,109.82,0.010232
2024-11-22,SE,Prospecting | Trail,11345,159,109.16,0.014015
2024-11-23,SE,Prospecting | Trail,10880,164,138.32,0.015074
2024-11-24,SE,Prospecting | Trail,9855,136,110.62,0.0138
2024-11-18,SE,Retargeting | Site Visitors,4199,82,51.45,0.019528
2024-11-19,SE,Retargeting | Site Visitors,6171,121,65.49,0.019608
2024-11-20,SE,Retargeting | Site Visitors,5212,104,55.71,0.019954
2024-11-21,SE,Retargeting | Site Visitors,4495,84,46.35,0.018687
2024-11-22,SE,Retargeting | Site Visitors,6288,108,70.36,0.017176
2024-11-23,SE,Retargeting | Site Visitors,4596,89,50.91,0.019365
2024-11-24,SE,Retargeting | Site Visitors,4326,110,65.55,0.025428
2024-11-18,SE,Launch | New Colorway,4706,78,49.33,0.016575
2024-11-19,SE,Launch | New Colorway,4498,58,51.27,0.012895
2024-11-20,SE,Launch | New Colorway,3649,58,46.24,0.015895
2024-11-21,SE,Launch | New Colorway,4202,57,49.37,0.013565
2024-11-22,SE,Launch | New Colorway,5557,62,47.3,0.011157
2024-11-23,SE,Launch | New Colorway,3991,64,34.38,0.016036
2024-11-24,SE,Launch | New Colorway,4287,67,37.19,0.015629
2024-11-18,MW,Prospecting | Trail,13495,181,138.18,0.013412
2024-11-19,MW,Prospecting | Trail,12836,142,135.13,0.011063
2024-11-20,MW,Prospecting | Trail,10816,183,118.46,0.016919
2024-11-21,MW,Prospecting | Trail,13307,159,105.28,0.011949
2024-11-22,MW,Prospecting | Trail,11911,134,101.65,0.01125
2024-11-23,MW,Prospecting | Trail,10257,130,132.21,0.012674
2024-11-24,MW,Prospecting | Trail,14028,139,118.26,0.009909
2024-11-18,MW,Retargeting | Site Visitors,4103,120,66.82,0.029247
2024-11-19,MW,Retargeting | Site Visitors,5648,96,66.77,0.016997
2024-11-20,MW,Retargeting | Site Visitors,5066,126,58.41,0.024872
2024-11-21,MW,Retargeting | Site Visitors,5876,108,55.1,0.01838
2024-11-22,MW,Retargeting | Site Visitors,5457,103,74.81,0.018875
2024-11-23,MW,Retargeting | Site Visitors,5666,87,56.06,0.015355
2024-11-24,MW,Retargeting | Site Visitors,5431,110,50.37,0.020254
2024-11-18,MW,Launch | New Colorway,3972,67,45.38,0.016868
2024-11-19,MW,Launch | New Colorway,4532,69,52.08,0.015225
2024-11-20,MW,Launch | New Colorway,5320,71,39.42,0.013346
2024-11-21,MW,Launch | New Colorway,5020,77,44.65,0.015339
2024-11-22,MW,Launch | New Colorway,5326,61,54.65,0.011453
2024-11-23,MW,Launch | New Colorway,4295,79,48.13,0.018393
2024-11-24,MW,Launch | New Colorway,3817,59,44.96,0.015457
2024-11-18,MT,Prospecting | Trail,7667,102,90.6,0.013304
2024-11-19,MT,Prospecting | Trail,8137,101,91.85,0.012412
2024-11-20,MT,Prospecting | Trail,8981,86,62.44,0.009576
2024-11-21,MT,Prospecting | Trail,9040,123,66.2,0.013606
2024-11-22,MT,Prospecting | Trail,7047,101,92.78,0.014332
2024-11-23,MT,Prospecting | Trail,8612,113,93.4,0.013121
2024-11-24,MT,Prospecting | Trail,8609,101,72.04,0.011732
2024-11-18,MT,Retargeting | Site Visitors,4239,79,43.1,0.018636
2024-11-19,MT,Retargeting | Site Visitors,3570,79,52.75,0.022129
2024-11-20,MT,Retargeting | Site Visitors,3808,77,38.41,0.020221
2024-11-21,MT,Retargeting | Site Visitors,4515,67,47.55,0.014839
2024-11-22,MT,Retargeting | Site Visitors,4041,65,47.47,0.016085
2024-11-23,MT,Retargeting | Site Visitors,3930,63,37.93,0.016031
2024-11-24,MT,Retargeting | Site Visitors,3207,65,46.86,0.020268
2024-11-18,MT,Launch | New Colorway,3510,58,36.13,0.016524
2024-11-19,MT,Launch | New Colorway,3699,47,32.8,0.012706
2024-11-20,MT,Launch | New Colorway,3338,49,35.88,0.014679
2024-11-21,MT,Launch | New Colorway,3779,53,33.08,0.014025
2024-11-22,MT,Launch | New Colorway,3811,44,47.15,0.011546
2024-11-23,MT,Launch | New Colorway,3266,58,37.46,0.017759
2024-11-24,MT,Launch | New Colorway,3860,58,35.18,0.015026
2024-11-18,WE,Prospecting | Trail,15940,176,$153.98,0.011041
2024-11-19,WE,Prospecting | Trail,14132,171,$140.82,0.0121
2024-11-20,WE,Prospecting | Trail,13876,202,$137.25,0.014558
2024-11-21,WE,Prospecting | Trail,19978,225,$176.68,0.011262
2024-11-22,WE,Prospecting | Trail,15793,215,$137.14,0.013614
2024-11-23,WE,Prospecting | Trail,13123,199,$160.00,0.015164
2024-11-24,WE,Prospecting | Trail,18413,155,$184.42,0.008418
2024-11-18,WE,Retargeting | Site Visitors,8435,173,$81.23,0.02051
2024-11-19,WE,Retargeting | Site Visitors,6121,146,$81.83,0.023852
2024-11-20,WE,Retargeting | Site Visitors,9329,134,$84.99,0.014364
2024-11-21,WE,Retargeting | Site Visitors,8737,128,$94.66,0.01465
2024-11-22,WE,Retargeting | Site Visitors,7612,134,$95.28,0.017604
2024-11-23,WE,Retargeting | Site Visitors,7074,154,$121.40,0.02177
2024-11-24,WE,Retargeting | Site Visitors,8592,142,$83.46,0.016527
2024-11-18,WE,Launch | New Colorway,4774,82,$67.32,0.017176
2024-11-19,WE,Launch | New Colorway,6214,90,$47.90,0.014483
2024-11-20,WE,Launch | New Colorway,5987,79,$48.88,0.013195
2024-11-21,WE,Launch | New Colorway,6027,79,$56.73,0.013108
2024-11-22,WE,Launch | New Colorway,4778,88,$58.56,0.018418
2024-11-23,WE,Launch | New Colorway,5850,61,$67.94,0.010427
2024-11-24,WE,Launch | New Colorway,5878,88,$55.66,0.014971
2024-11-25,NE,Prospecting | Trail,11031,166,152.05,0.015048
2024-11-26,NE,Prospecting | Trail,15012,166,131.33,0.011058
2024-11-27,NE,Prospecting | Trail,14920,124,148.49,0.008311
2024-11-28,NE,Prospecting | Trail,15162,164,108.64,0.010817
2024-11-29,NE,Prospecting | Trail,12258,119,120.65,0.009708
2024-11-30,NE,Prospecting | Trail,16221,177,153.61,0.010912
2024-12-01,NE,Prospecting | Trail,12271,183,134.59,0.014913
2024-11-25,NE,Retargeting | Site Visitors,7962,139,93.09,0.017458
2024-11-26,NE,Retargeting | Site Visitors,7795,130,77.65,0.016677
2024-11-27,NE,Retargeting | Site Visitors,7671,117,75.83,0.015252
2024-11-28,NE,Retargeting | Site Visitors,6279,120,106.02,0.019111
2024-11-29,NE,Retargeting | Site Visitors,8537,169,71.83,0.019796
2024-11-30,NE,Retargeting | Site Visitors,7051,154,79.77,0.021841
2024-12-01,NE,Retargeting | Site Visitors,5995,126,85.62,0.021018
2024-11-25,NE,Launch | New Colorway,6527,81,72.44,0.01241
2024-11-26,NE,Launch | New Colorway,5641,82,57.83,0.014536
2024-11-27,NE,Launch | New Colorway,6728,119,51.0,0.017687
2024-11-28,NE,Launch | New Colorway,6407,112,56.11,0.017481
2024-11-29,NE,Launch | New Colorway,5654,82,74.58,0.014503
2024-11-30,NE,Launch | New Colorway,6502,114,77.94,0.017533
2024-12-01,NE,Launch | New Colorway,8171,119,75.53,0.014564
2024-11-25,MA,Prospecting | Trail,12773,148,139.2,0.011587
2024-11-26,MA,Prospecting | Trail,11673,133,153.0,0.011394
2024-11-27,MA,Prospecting | Trail,12798,126,101.17,0.009845
2024-11-28,MA,Prospecting | Trail,13701,158,128.16,0.011532
2024-11-29,MA,Prospecting | Trail,14397,186,151.02,0.012919
2024-11-30,MA,Prospecting | Trail,14482,171,128.7,0.011808
2024-12-01,MA,Prospecting | Trail,13386,190,112.2,0.014194
2024-11-25,MA,Retargeting | Site Visitors,7246,115,78.85,0.015871
2024-11-26,MA,Retargeting | Site Visitors,7292,156,69.49,0.021393
2024-11-27,MA,Retargeting | Site Visitors,7502,107,74.21,0.014263
2024-11-28,MA,Retargeting | Site Visitors,7579,127,95.34,0.016757
2024-11-29,MA,Retargeting | Site Visitors,7134,130,78.17,0.018223
2024-11-30,MA,Retargeting | Site Visitors,5942,153,98.56,0.025749
2024-12-01,MA,Retargeting | Site Visitors,6876,145,75.44,0.021088
2024-11-25,MA,Launch | New Colorway,5160,66,53.26,0.012791
2024-11-26,MA,Launch | New Colorway,4749,80,42.63,0.016846
2024-11-27,MA,Launch | New Colorway,4484,95,47.72,0.021186
2024-11-28,MA,Launch | New Colorway,4487,95,43.49,0.021172
2024-11-29,MA,Launch | New Colorway,5694,75,59.51,0.013172
2024-11-30,MA,Launch | New Colorway,5550,63,62.22,0.011351
2024-12-01,MA,Launch | New Colorway,5250,80,51.99,0.015238
2024-11-25,SE,Prospecting | Trail,14629,185,123.99,0.012646
2024-11-26,SE,Prospecting | Trail,9932,156,129.03,0.015707
2024-11-27,SE,Prospecting | Trail,12201,153,141.67,0.01254
2024-11-28,SE,Prospecting | Trail,13361,172,97.5,0.012873
2024-11-29,SE,Prospecting | Trail,11932,151,133.56,0.012655
2024-11-30,SE,Prospecting | Trail,10624,163,130.92,0.015343
2024-12-01,SE,Prospecting | Trail,14759,143,100.23,0.009689
2024-11-25,SE,Retargeting | Site Visitors,5823,96,62.96,0.016486
2024-11-26,SE,Retargeting | Site Visitors,4811,119,54.33,0.024735
2024-11-27,SE,Retargeting | Site Visitors,6288,96,65.66,0.015267
2024-11-28,SE,Retargeting | Site Visitors,5284,89,80.8,0.016843
2024-11-29,SE,Retargeting | Site Visitors,6482,111,66.48,0.017124
2024-11-30,SE,Retargeting | Site Visitors,5546,84,63.57,0.015146
2024-12-01,SE,Retargeting | Site Visitors,4945,109,56.76,0.022042
2024-11-25,SE,Launch | New Colorway,4836,86,46.44,0.017783
2024-11-26,SE,Launch | New Colorway,5188,75,59.21,0.014456
2024-11-27,SE,Launch | New Colorway,5366,87,54.19,0.016213
2024-11-28,SE,Launch | New Colorway,6686,85,66.58,0.012713
2024-11-29,SE,Launch | New Colorway,5484,74,63.26,0.013494
2024-11-30,SE,Launch | New Colorway,6976,88,67.44,0.012615
2024-12-01,SE,Launch | New Colorway,5823,75,54.53,0.01288
2024-11-25,MW,Prospecting | Trail,13662,131,107.6,0.009589
2024-11-26,MW,Prospecting | Trail,10998,148,136.74,0.013457
2024-11-27,MW,Prospecting | Trail,10388,150,110.66,0.01444
2024-11-28,MW,Prospecting | Trail,13545,134,121.78,0.009893
2024-11-29,MW,Prospecting | Trail,10164,121,112.16,0.011905
2024-11-30,MW,Prospecting | Trail,11699,134,130.56,0.011454
2024-12-01,MW,Prospecting | Trail,13700,124,105.22,0.009051
2024-11-25,MW,Retargeting | Site Visitors,5385,87,60.56,0.016156
2024-11-26,MW,Retargeting | Site Visitors,5922,84,53.51,0.014184
2024-11-27,MW,Retargeting | Site Visitors,5237,109,57.28,0.020813
2024-11-28,MW,Retargeting | Site Visitors,5825,95,51.36,0.016309
2024-11-29,MW,Retargeting | Site Visitors,5410,112,66.97,0.020702
2024-11-30,MW,Retargeting | Site Visitors,4253,106,67.93,0.024924
2024-12-01,MW,Retargeting | Site Visitors,4050,83,57.34,0.020494
2024-11-25,MW,Launch | New Colorway,6027,72,73.4,0.011946
2024-11-26,MW,Launch | New Colorway,4896,94,59.82,0.019199
2024-11-27,MW,Launch | New Colorway,6291,73,55.48,0.011604
2024-11-28,MW,Launch | New Colorway,6481,100,50.26,0.01543
2024-11-29,MW,Launch | New Colorway,6260,70,56.34,0.011182
2024-11-30,MW,Launch | New Colorway,4547,98,52.13,0.021553
2024-12-01,MW,Launch | New Colorway,5551,70,61.1,0.01261
2024-11-25,MT,Prospecting | Trail,8399,83,96.99,0.009882
2024-11-26,MT,Prospecting | Trail,9802,106,90.99,0.010814
2024-11-27,MT,Prospecting | Trail,7482,107,93.15,0.014301
2024-11-28,MT,Prospecting | Trail,7602,119,91.89,0.015654
2024-11-29,MT,Prospecting | Trail,8608,119,75.42,0.013824
2024-11-30,MT,Prospecting | Trail,9448,117,84.62,0.012384
2024-12-01,MT,Prospecting | Trail,10235,103,70.39,0.010064
2024-11-25,MT,Retargeting | Site Visitors,4728,67,45.52,0.014171
2024-11-26,MT,Retargeting | Site Visitors,3853,89,44.78,0.023099
2024-11-27,MT,Retargeting | Site Visitors,5038,64,61.17,0.012703
2024-11-28,MT,Retargeting | Site Visitors,4574,99,47.32,0.021644
2024-11-29,MT,Retargeting | Site Visitors,4933,86,55.77,0.017434
2024-11-30,MT,Retargeting | Site Visitors,4721,97,45.4,0.020546
2024-12-01,MT,Retargeting | Site Visitors,3398,91,59.36,0.02678
2024-11-25,MT,Launch | New Colorway,3503,51,30.84,0.014559
2024-11-26,MT,Launch | New Colorway,2921,53,42.08,0.018144
2024-11-27,MT,Launch | New Colorway,3522,48,41.82,0.013629
2024-11-28,MT,Launch | New Colorway,3863,52,35.82,0.013461
2024-11-29,MT,Launch | New Colorway,3648,43,31.47,0.011787
2024-11-30,MT,Launch | New Colorway,3091,59,30.88,0.019088
2024-12-01,MT,Launch | New Colorway,3071,56,28.0,0.018235
2024-11-25,WE,Prospecting | Trail,14546,198,$149.82,0.013612
2024-11-26,WE,Prospecting | Trail,18224,259,$156.74,0.014212
2024-11-27,WE,Prospecting | Trail,15910,233,$190.26,0.014645
2024-11-28,WE,Prospecting | Trail,19739,181,$195.32,0.00917
2024-11-29,WE,Prospecting | Trail,16088,186,$179.11,0.011561
2024-11-30,WE,Prospecting | Trail,19040,199,$136.47,0.010452
2024-12-01,WE,Prospecting | Trail,15381,222,$157.79,0.014433
2024-11-25,WE,Retargeting | Site Visitors,8554,135,$68.53,0.015782
2024-11-26,WE,Retargeting | Site Visitors,9070,122,$105.07,0.013451
2024-11-27,WE,Retargeting | Site Visitors,6339,137,$104.28,0.021612
2024-11-28,WE,Retargeting | Site Visitors,7740,134,$75.42,0.017313
2024-11-29,WE,Retargeting | Site Visitors,8518,119,$85.34,0.01397
2024-11-30,WE,Retargeting | Site Visitors,6569,168,$82.81,0.025575
2024-12-01,WE,Retargeting | Site Visitors,6254,130,$88.56,0.020787
2024-11-25,WE,Launch | New Colorway,7205,84,$52.01,0.011659
2024-11-26,WE,Launch | New Colorway,5928,99,$48.58,0.0167
2024-11-27,WE,Launch | New Colorway,5661,93,$72.59,0.016428
2024-11-28,WE,Launch | New Colorway,5759,98,$69.53,0.017017
2024-11-29,WE,Launch | New Colorway,5053,84,$54.01,0.016624
2024-11-30,WE,Launch | New Colorway,4744,70,$62.97,0.014755
2024-12-01,WE,Launch | New Colorway,5832,72,$50.15,0.012346
2024-12-02,NE,Prospecting | Trail,14813,130,146.31,0.008776
2024-12-03,NE,Prospecting | Trail,12240,155,152.19,0.012663
2024-12-04,NE,Prospecting | Trail,16661,160,138.56,0.009603
2024-12-05,NE,Prospecting | Trail,11826,175,162.3,0.014798
2024-12-06,NE,Prospecting | Trail,16321,155,136.36,0.009497
2024-12-07,NE,Prospecting | Trail,12075,181,134.9,0.01499
2024-12-08,NE,Prospecting | Trail,16213,189,110.84,0.011657
2024-12-02,NE,Retargeting | Site Visitors,5534,125,79.55,0.022588
2024-12-03,NE,Retargeting | Site Visitors,6644,129,73.59,0.019416
2024-12-04,NE,Retargeting | Site Visitors,6888,126,77.83,0.018293
2024-12-05,NE,Retargeting | Site Visitors,7205,121,61.46,0.016794
2024-12-06,NE,Retargeting | Site Visitors,5309,128,61.67,0.02411
2024-12-07,NE,Retargeting | Site Visitors,5476,115,82.86,0.021001
2024-12-08,NE,Retargeting | Site Visitors,6701,124,66.25,0.018505
2024-12-02,MA,Prospecting | Trail,10147,149,135.57,0.014684
2024-12-03,MA,Prospecting | Trail,13133,174,133.89,0.013249
2024-12-04,MA,Prospecting | Trail,14233,170,96.62,0.011944
2024-12-05,MA,Prospecting | Trail,14486,156,135.07,0.010769
2024-12-06,MA,Prospecting | Trail,13209,169,127.09,0.012794
2024-12-07,MA,Prospecting | Trail,10866,162,105.7,0.014909
2024-12-08,MA,Prospecting | Trail,12774,125,136.77,0.009786
2024-12-02,MA,Retargeting | Site Visitors,6085,165,76.09,0.027116
2024-12-03,MA,Retargeting | Site Visitors,7150,168,89.93,0.023497
2024-12-04,MA,Retargeting | Site Visitors,7567,110,99.27,0.014537
2024-12-05,MA,Retargeting | Site Visitors,7507,124,72.49,0.016518
2024-12-06,MA,Retargeting | Site Visitors,6391,141,67.93,0.022062
2024-12-07,MA,Retargeting | Site Visitors,7474,118,69.57,0.015788
2024-12-08,MA,Retargeting | Site Visitors,5921,136,77.81,0.022969
2024-12-02,SE,Prospecting | Trail,11237,126,122.72,0.011213
2024-12-03,SE,Prospecting | Trail,13029,118,89.8,0.009057
2024-12-04,SE,Prospecting | Trail,10537,160,97.68,0.015185
2024-12-05,SE,Prospecting | Trail,11358,132,115.23,0.011622
2024-12-06,SE,Prospecting | Trail,10013,139,112.34,0.013882
2024-12-07,SE,Prospecting | Trail,10094,150,105.53,0.01486
2024-12-08,SE,Prospecting | Trail,11613,128,119.93,0.011022
2024-12-02,SE,Retargeting | Site Visitors,5877,86,43.13,0.014633
2024-12-03,SE,Retargeting | Site Visitors,4035,80,56.1,0.019827
2024-12-04,SE,Retargeting | Site Visitors,5121,80,61.8,0.015622
2024-12-05,SE,Retargeting | Site Visitors,5056,78,54.39,0.015427
2024-12-06,SE,Retargeting | Site Visitors,5212,116,46.59,0.022256
2024-12-07,SE,Retargeting | Site Visitors,4656,78,59.99,0.016753
2024-12-08,SE,Retargeting | Site Visitors,3843,90,66.7,0.023419
2024-12-02,MW,Prospecting | Trail,13405,158,122.26,0.011787
2024-12-03,MW,Prospecting | Trail,11015,157,128.66,0.014253
2024-12-04,MW,Prospecting | Trail,12509,197,149.98,0.015749
2024-12-05,MW,Prospecting | Trail,14381,143,107.06,0.009944
2024-12-06,MW,Prospecting | Trail,14186,168,127.46,0.011843
2024-12-07,MW,Prospecting | Trail,13469,192,130.76,0.014255
2024-12-08,MW,Prospecting | Trail,14663,181,151.39,0.012344
2024-12-02,MW,Retargeting | Site Visitors,5189,111,70.93,0.021391
2024-12-03,MW,Retargeting | Site Visitors,4543,87,50.96,0.01915
2024-12-04,MW,Retargeting | Site Visitors,5247,104,53.59,0.019821
2024-12-05,MW,Retargeting | Site Visitors,6521,132,52.88,0.020242
2024-12-06,MW,Retargeting | Site Visitors,4767,98,52.61,0.020558
2024-12-07,MW,Retargeting | Site Visitors,5813,91,73.49,0.015655
2024-12-08,MW,Retargeting | Site Visitors,5134,97,73.49,0.018894
2024-12-02,MT,Prospecting | Trail,8719,118,83.37,0.013534
2024-12-03,MT,Prospecting | Trail,10543,114,81.12,0.010813
2024-12-04,MT,Prospecting | Trail,9309,131,105.65,0.014072
2024-12-05,MT,Prospecting | Trail,10225,94,115.2,0.009193
2024-12-06,MT,Prospecting | Trail,8974,128,99.95,0.014263
2024-12-07,MT,Prospecting | Trail,11643,135,83.75,0.011595
2024-12-08,MT,Prospecting | Trail,7881,96,90.43,0.012181
2024-12-02,MT,Retargeting | Site Visitors,5520,77,46.35,0.013949
2024-12-03,MT,Retargeting | Site Visitors,5659,80,49.7,0.014137
2024-12-04,MT,Retargeting | Site Visitors,4226,84,63.61,0.019877
2024-12-05,MT,Retargeting | Site Visitors,3916,94,55.64,0.024004
2024-12-06,MT,Retargeting | Site Visitors,4669,80,52.44,0.017134
2024-12-07,MT,Retargeting | Site Visitors,4229,101,63.57,0.023883
2024-12-08,MT,Retargeting | Site Visitors,5189,86,52.88,0.016574
2024-12-02,WE,Prospecting | Trail,13408,207,$158.44,0.015439
2024-12-03,WE,Prospecting | Trail,19294,228,$144.39,0.011817
2024-12-04,WE,Prospecting | Trail,15155,177,$185.74,0.011679
2024-12-05,WE,Prospecting | Trail,15312,226,$144.79,0.01476
2024-12-06,WE,Prospecting | Trail,18210,222,$181.46,0.012191
2024-12-07,WE,Prospecting | Trail,18751,214,$163.40,0.011413
2024-12-08,WE,Prospecting | Trail,13951,175,$139.77,0.012544
2024-12-02,WE,Retargeting | Site Visitors,5327,128,$64.59,0.024029
2024-12-03,WE,Retargeting | Site Visitors,6049,135,$62.20,0.022318
2024-12-04,WE,Retargeting | Site Visitors,5889,120,$65.50,0.020377
2024-12-05,WE,Retargeting | Site Visitors,5300,122,$75.63,0.023019
2024-12-06,WE,Retargeting | Site Visitors,6561,103,$82.78,0.015699
2024-12-07,WE,Retargeting | Site Visitors,7472,112,$78.10,0.014989
2024-12-08,WE,Retargeting | Site Visitors,6103,127,$62.26,0.020809
2024-12-09,NE,Prospecting | Trail,14844,168,141.36,0.011318
2024-12-10,NE,Prospecting | Trail,17573,155,128.52,0.00882
2024-12-11,NE,Prospecting | Trail,15092,142,126.2,0.009409
2024-12-12,NE,Prospecting | Trail,14576,189,157.47,0.012967
2024-12-13,NE,Prospecting | Trail,13169,187,147.93,0.0142
2024-12-14,NE,Prospecting | Trail,14934,167,178.51,0.011183
2024-12-15,NE,Prospecting | Trail,16619,204,166.72,0.012275
2024-12-09,NE,Retargeting | Site Visitors,8857,134,83.95,0.015129
2024-12-10,NE,Retargeting | Site Visitors,5830,151,87.44,0.025901
2024-12-11,NE,Retargeting | Site Visitors,8430,135,67.24,0.016014
2024-12-12,NE,Retargeting | Site Visitors,8028,176,97.53,0.021923
2024-12-13,NE,Retargeting | Site Visitors,7802,120,92.94,0.015381
2024-12-14,NE,Retargeting | Site Visitors,6525,169,87.9,0.0259
2024-12-15,NE,Retargeting | Site Visitors,7554,122,92.81,0.01615
2024-12-09,MA,Prospecting | Trail,14964,194,137.52,0.012964
2024-12-10,MA,Prospecting | Trail,15486,141,148.24,0.009105
2024-12-11,MA,Prospecting | Trail,10647,169,143.77,0.015873
2024-12-12,MA,Prospecting | Trail,12240,177,123.34,0.014461
2024-12-13,MA,Prospecting | Trail,15223,194,145.28,0.012744
2024-12-14,MA,Prospecting | Trail,13122,182,133.43,0.01387
2024-12-15,MA,Prospecting | Trail,14548,154,111.47,0.010586
2024-12-09,MA,Retargeting | Site Visitors,7582,133,96.15,0.017542
2024-12-10,MA,Retargeting | Site Visitors,7890,137,75.63,0.017364
2024-12-11,MA,Retargeting | Site Visitors,6672,128,67.18,0.019185
2024-12-12,MA,Retargeting | Site Visitors,6845,138,73.14,0.020161
2024-12-13,MA,Retargeting | Site Visitors,6029,134,74.81,0.022226
2024-12-14,MA,Retargeting | Site Visitors,7354,160,99.63,0.021757
2024-12-15,MA,Retargeting | Site Visitors,7226,167,83.83,0.023111
2024-12-09,SE,Prospecting | Trail,13594,151,130.14,0.011108
2024-12-10,SE,Prospecting | Trail,11177,129,128.47,0.011542
2024-12-11,SE,Prospecting | Trail,12256,136,134.14,0.011097
2024-12-12,SE,Prospecting | Trail,11650,155,118.94,0.013305
2024-12-13,SE,Prospecting | Trail,16472,165,128.45,0.010017
2024-12-14,SE,Prospecting | Trail,16885,186,135.21,0.011016
2024-12-15,SE,Prospecting | Trail,11226,159,138.59,0.014164
2024-12-09,SE,Retargeting | Site Visitors,4732,86,46.7,0.018174
2024-12-10,SE,Retargeting | Site Visitors,5846,109,57.9,0.018645
2024-12-11,SE,Retargeting | Site Visitors,5571,94,54.21,0.016873
2024-12-12,SE,Retargeting | Site Visitors,5588,104,58.39,0.018611
2024-12-13,SE,Retargeting | Site Visitors,4154,86,51.21,0.020703
2024-12-14,SE,Retargeting | Site Visitors,4319,97,67.25,0.022459
2024-12-15,SE,Retargeting | Site Visitors,4899,113,68.1,0.023066
2024-12-09,MW,Prospecting | Trail,12942,177,114.79,0.013676
2024-12-10,MW,Prospecting | Trail,14481,142,138.87,0.009806
2024-12-11,MW,Prospecting | Trail,13735,127,153.63,0.009246
2024-12-12,MW,Prospecting | Trail,11575,157,155.54,0.013564
2024-12-13,MW,Prospecting | Trail,15861,164,109.39,0.01034
2024-12-14,MW,Prospecting | Trail,14379,188,141.55,0.013075
2024-12-15,MW,Prospecting | Trail,10711,140,104.35,0.013071
2024-12-09,MW,Retargeting | Site Visitors,6044,106,69.73,0.017538
2024-12-10,MW,Retargeting | Site Visitors,6069,102,55.33,0.016807
2024-12-11,MW,Retargeting | Site Visitors,6250,132,77.77,0.02112
2024-12-12,MW,Retargeting | Site Visitors,4665,111,72.25,0.023794
2024-12-13,MW,Retargeting | Site Visitors,6484,124,66.92,0.019124
2024-12-14,MW,Retargeting | Site Visitors,7216,125,66.81,0.017323
2024-12-15,MW,Retargeting | Site Visitors,5512,101,76.95,0.018324
2024-12-09,MT,Prospecting | Trail,8803,127,92.95,0.014427
2024-12-10,MT,Prospecting | Trail,9778,93,93.18,0.009511
2024-12-11,MT,Prospecting | Trail,11065,101,82.55,0.009128
2024-12-12,MT,Prospecting | Trail,7650,128,97.84,0.016732
2024-12-13,MT,Prospecting | Trail,9414,100,98.6,0.010622
2024-12-14,MT,Prospecting | Trail,7645,92,105.43,0.012034
2024-12-15,MT,Prospecting | Trail,11033,100,70.25,0.009064
2024-12-09,MT,Retargeting | Site Visitors,4736,86,59.81,0.018159
2024-12-10,MT,Retargeting | Site Visitors,5576,89,60.96,0.015961
2024-12-11,MT,Retargeting | Site Visitors,3792,75,50.43,0.019778
2024-12-12,MT,Retargeting | Site Visitors,5006,96,70.37,0.019177
2024-12-13,MT,Retargeting | Site Visitors,5798,110,49.87,0.018972
2024-12-14,MT,Retargeting | Site Visitors,4428,93,53.09,0.021003
2024-12-15,MT,Retargeting | Site Visitors,5377,82,54.68,0.01525
2024-12-09,WE,Prospecting | Trail,15971,156,$148.89,0.009768
2024-12-10,WE,Prospecting | Trail,13952,188,$124.51,0.013475
2024-12-11,WE,Prospecting | Trail,11137,178,$114.85,0.015983
2024-12-12,WE,Prospecting | Trail,14796,181,$120.84,0.012233
2024-12-13,WE,Prospecting | Trail,10768,146,$158.04,0.013559
2024-12-14,WE,Prospecting | Trail,14409,138,$145.78,0.009577
2024-12-15,WE,Prospecting | Trail,14639,184,$124.68,0.012569
2024-12-09,WE,Retargeting | Site Visitors,7585,116,$73.54,0.015293
2024-12-10,WE,Retargeting | Site Visitors,5925,164,$76.98,0.027679
2024-12-11,WE,Retargeting | Site Visitors,7070,118,$88.22,0.01669
2024-12-12,WE,Retargeting | Site Visitors,7730,172,$70.77,0.022251
2024-12-13,WE,Retargeting | Site Visitors,7643,132,$89.92,0.017271
2024-12-14,WE,Retargeting | Site Visitors,6648,123,$85.01,0.018502
2024-12-15,WE,Retargeting | Site Visitors,7448,159,$91.14,0.021348
2024-12-16,NE,Prospecting | Trail,13080,145,124.88,0.011086
2024-12-17,NE,Prospecting | Trail,13740,138,130.85,0.010044
2024-12-18,NE,Prospecting | Trail,12821,193,121.22,0.015053
2024-12-19,NE,Prospecting | Trail,15489,167,144.54,0.010782
2024-12-20,NE,Prospecting | Trail,13227,151,136.66,0.011416
2024-12-21,NE,Prospecting | Trail,12716,155,159.69,0.012189
2024-12-22,NE,Prospecting | Trail,14033,127,114.2,0.00905
2024-12-16,NE,Retargeting | Site Visitors,5971,107,82.09,0.01792
2024-12-17,NE,Retargeting | Site Visitors,5359,106,56.3,0.01978
2024-12-18,NE,Retargeting | Site Visitors,6607,135,76.15,0.020433
2024-12-19,NE,Retargeting | Site Visitors,5502,89,78.88,0.016176
2024-12-20,NE,Retargeting | Site Visitors,5333,125,64.09,0.023439
2024-12-21,NE,Retargeting | Site Visitors,7361,135,62.44,0.01834
2024-12-22,NE,Retargeting | Site Visitors,5161,110,54.94,0.021314
2024-12-16,MA,Prospecting | Trail,14718,160,144.58,0.010871
2024-12-17,MA,Prospecting | Trail,13439,175,166.95,0.013022
2024-12-18,MA,Prospecting | Trail,14339,171,110.63,0.011926
2024-12-19,MA,Prospecting | Trail,12317,192,122.69,0.015588
2024-12-20,MA,Prospecting | Trail,15016,140,112.69,0.009323
2024-12-21,MA,Prospecting | Trail,15446,125,165.15,0.008093
2024-12-22,MA,Prospecting | Trail,14892,179,158.95,0.01202
2024-12-16,MA,Retargeting | Site Visitors,5930,108,66.88,0.018212
2024-12-17,MA,Retargeting | Site Visitors,5393,114,63.59,0.021139
2024-12-18,MA,Retargeting | Site Visitors,5887,93,70.65,0.015798
2024-12-19,MA,Retargeting | Site Visitors,6351,111,77.75,0.017478
2024-12-20,MA,Retargeting | Site Visitors,7036,92,77.48,0.013076
2024-12-21,MA,Retargeting | Site Visitors,6615,111,66.63,0.01678
2024-12-22,MA,Retargeting | Site Visitors,5211,124,64.88,0.023796
2024-12-16,SE,Prospecting | Trail,9748,138,118.34,0.014157
2024-12-17,SE,Prospecting | Trail,12838,171,119.33,0.01332
2024-12-18,SE,Prospecting | Trail,12539,119,129.3,0.00949
2024-12-19,SE,Prospecting | Trail,13959,118,92.62,0.008453
2024-12-20,SE,Prospecting | Trail,9885,123,111.69,0.012443
2024-12-21,SE,Prospecting | Trail,11979,183,88.85,0.015277
2024-12-22,SE,Prospecting | Trail,9838,151,131.55,0.015349
2024-12-16,SE,Retargeting | Site Visitors,6071,91,50.2,0.014989
2024-12-17,SE,Retargeting | Site Visitors,4481,97,56.83,0.021647
2024-12-18,SE,Retargeting | Site Visitors,5323,96,64.07,0.018035
2024-12-19,SE,Retargeting | Site Visitors,4923,83,56.37,0.01686
2024-12-20,SE,Retargeting | Site Visitors,4258,86,61.32,0.020197
2024-12-21,SE,Retargeting | Site Visitors,4394,109,56.42,0.024807
2024-12-22,SE,Retargeting | Site Visitors,6077,117,63.36,0.019253
2024-12-16,MW,Prospecting | Trail,14843,144,100.72,0.009702
2024-12-17,MW,Prospecting | Trail,11831,156,143.8,0.013186
2024-12-18,MW,Prospecting | Trail,14092,152,130.97,0.010786
2024-12-19,MW,Prospecting | Trail,11756,176,108.98,0.014971
2024-12-20,MW,Prospecting | Trail,9988,131,92.79,0.013116
2024-12-21,MW,Prospecting | Trail,11574,142,137.2,0.012269
2024-12-22,MW,Prospecting | Trail,11567,155,124.91,0.0134
2024-12-16,MW,Retargeting | Site Visitors,5687,100,67.5,0.017584
2024-12-17,MW,Retargeting | Site Visitors,6238,136,77.11,0.021802
2024-12-18,MW,Retargeting | Site Visitors,5627,110,82.13,0.019549
2024-12-19,MW,Retargeting | Site Visitors,7317,120,96.94,0.0164
2024-12-20,MW,Retargeting | Site Visitors,8184,126,67.36,0.015396
2024-12-21,MW,Retargeting | Site Visitors,6132,136,83.58,0.022179
2024-12-22,MW,Retargeting | Site Visitors,7539,124,62.7,0.016448
2024-12-16,MT,Prospecting | Trail,8808,119,115.82,0.01351
2024-12-17,MT,Prospecting | Trail,10939,139,91.65,0.012707
2024-12-18,MT,Prospecting | Trail,10159,158,119.58,0.015553
2024-12-19,MT,Prospecting | Trail,11910,125,89.74,0.010495
2024-12-20,MT,Prospecting | Trail,10648,127,94.8,0.011927
2024-12-21,MT,Prospecting | Trail,9365,110,96.07,0.011746
2024-12-22,MT,Prospecting | Trail,9793,110,94.23,0.011233
2024-12-16,MT,Retargeting | Site Visitors,4619,78,48.51,0.016887
2024-12-17,MT,Retargeting | Site Visitors,3753,71,43.22,0.018918
2024-12-18,MT,Retargeting | Site Visitors,4008,69,42.94,0.017216
2024-12-19,MT,Retargeting | Site Visitors,4741,74,44.7,0.015609
2024-12-20,MT,Retargeting | Site Visitors,3330,56,51.32,0.016817
2024-12-21,MT,Retargeting | Site Visitors,3393,70,50.59,0.020631
2024-12-22,MT,Retargeting | Site Visitors,3791,78,36.51,0.020575
2024-12-16,WE,Prospecting | Trail,15193,176,$168.61,0.011584
2024-12-17,WE,Prospecting | Trail,19950,206,$160.06,0.010326
2024-12-18,WE,Prospecting | Trail,16646,190,$172.09,0.011414
2024-12-19,WE,Prospecting | Trail,20576,202,$198.63,0.009817
2024-12-20,WE,Prospecting | Trail,19731,204,$198.29,0.010339
2024-12-21,WE,Prospecting | Trail,14098,158,$141.09,0.011207
2024-12-22,WE,Prospecting | Trail,13865,205,$137.80,0.014785
2024-12-16,WE,Retargeting | Site Visitors,6063,118,$75.64,0.019462
2024-12-17,WE,Retargeting | Site Visitors,8189,108,$72.60,0.013188
2024-12-18,WE,Retargeting | Site Visitors,7325,157,$94.14,0.021433
2024-12-19,WE,Retargeting | Site Visitors,5495,121,$78.42,0.02202
2024-12-20,WE,Retargeting | Site Visitors,6805,126,$73.70,0.018516
2024-12-21,WE,Retargeting | Site Visitors,6537,110,$91.79,0.016827
2024-12-22,WE,Retargeting | Site Visitors,7263,160,$61.99,0.022029
2024-12-23,NE,Prospecting | Trail,16832,187,146.16,0.01111
2024-12-24,NE,Prospecting | Trail,17322,251,142.02,0.01449
2024-12-25,NE,Prospecting | Trail,18428,201,169.43,0.010907
2024-12-26,NE,Prospecting | Trail,14422,187,150.2,0.012966
2024-12-27,NE,Prospecting | Trail,15274,175,166.18,0.011457
2024-12-28,NE,Prospecting | Trail,16577,217,184.98,0.01309
2024-12-29,NE,Prospecting | Trail,16895,181,175.37,0.010713
2024-12-23,NE,Retargeting | Site Visitors,7857,112,89.05,0.014255
2024-12-24,NE,Retargeting | Site Visitors,6016,133,77.95,0.022108
2024-12-25,NE,Retargeting | Site Visitors,7729,121,71.24,0.015655
2024-12-26,NE,Retargeting | Site Visitors,7745,105,90.1,0.013557
2024-12-27,NE,Retargeting | Site Visitors,5622,145,76.47,0.025792
2024-12-28,NE,Retargeting | Site Visitors,7273,149,76.81,0.020487
2024-12-29,NE,Retargeting | Site Visitors,5628,154,68.88,0.027363
2024-12-23,NE,Launch | New Colorway,7747,119,84.93,0.015361
2024-12-24,NE,Launch | New Colorway,7865,108,65.65,0.013732
2024-12-25,NE,Launch | New Colorway,7619,109,92.96,0.014306
2024-12-26,NE,Launch | New Colorway,7329,113,60.32,0.015418
2024-12-27,NE,Launch | New Colorway,7004,124,89.52,0.017704
2024-12-28,NE,Launch | New Colorway,8705,99,88.49,0.011373
2024-12-29,NE,Launch | New Colorway,7274,125,64.29,0.017184
2024-12-23,MA,Prospecting | Trail,12310,185,158.03,0.015028
2024-12-24,MA,Prospecting | Trail,17444,183,120.42,0.010491
2024-12-25,MA,Prospecting | Trail,15442,187,126.36,0.01211
2024-12-26,MA,Prospecting | Trail,15431,142,153.96,0.009202
2024-12-27,MA,Prospecting | Trail,12314,213,166.51,0.017297
2024-12-28,MA,Prospecting | Trail,17135,188,179.44,0.010972
2024-12-29,MA,Prospecting | Trail,17561,163,150.11,0.009282
2024-12-23,MA,Retargeting | Site Visitors,9001,135,106.43,0.014998
2024-12-24,MA,Retargeting | Site Visitors,8236,119,83.9,0.014449
2024-12-25,MA,Retargeting | Site Visitors,6879,130,88.26,0.018898
2024-12-26,MA,Retargeting | Site Visitors,8345,173,77.64,0.020731
2024-12-27,MA,Retargeting | Site Visitors,7168,158,110.71,0.022042
2024-12-28,MA,Retargeting | Site Visitors,8241,115,89.81,0.013955
2024-12-29,MA,Retargeting | Site Visitors,8202,173,88.09,0.021092
2024-12-23,MA,Launch | New Colorway,7796,113,79.2,0.014495
2024-12-24,MA,Launch | New Colorway,5458,106,70.48,0.019421
2024-12-25,MA,Launch | New Colorway,5489,91,61.81,0.016579
2024-12-26,MA,Launch | New Colorway,6980,110,53.72,0.015759
2024-12-27,MA,Launch | New Colorway,6140,104,75.78,0.016938
2024-12-28,MA,Launch | New Colorway,7943,78,66.51,0.00982
2024-12-29,MA,Launch | New Colorway,5639,78,56.02,0.013832
2024-12-23,SE,Prospecting | Trail,11142,149,127.76,0.013373
2024-12-24,SE,Prospecting | Trail,11090,133,107.01,0.011993
2024-12-25,SE,Prospecting | Trail,9466,110,91.17,0.011621
2024-12-26,SE,Prospecting | Trail,12551,132,134.0,0.010517
2024-12-27,SE,Prospecting | Trail,13533,156,130.57,0.011527
2024-12-28,SE,Prospecting | Trail,12213,154,131.69,0.01261
2024-12-29,SE,Prospecting | Trail,14417,138,105.03,0.009572
2024-12-23,SE,Retargeting | Site Visitors,7028,98,74.78,0.013944
2024-12-24,SE,Retargeting | Site Visitors,6314,146,77.7,0.023123
2024-12-25,SE,Retargeting | Site Visitors,7714,133,81.5,0.017241
2024-12-26,SE,Retargeting | Site Visitors,7521,126,87.99,0.016753
2024-12-27,SE,Retargeting | Site Visitors,7967,142,74.99,0.017824
2024-12-28,SE,Retargeting | Site Visitors,6335,111,83.02,0.017522
2024-12-29,SE,Retargeting | Site Visitors,5566,145,77.15,0.026051
2024-12-23,SE,Launch | New Colorway,5554,90,70.52,0.016205
2024-12-24,SE,Launch | New Colorway,6601,91,59.47,0.013786
2024-12-25,SE,Launch | New Colorway,4763,87,59.81,0.018266
2024-12-26,SE,Launch | New Colorway,6526,95,51.5,0.014557
2024-12-27,SE,Launch | New Colorway,5718,91,58.42,0.015915
2024-12-28,SE,Launch | New Colorway,5968,68,64.84,0.011394
2024-12-29,SE,Launch | New Colorway,5523,72,50.12,0.013036
2024-12-23,MW,Prospecting | Trail,12758,139,124.8,0.010895
2024-12-24,MW,Prospecting | Trail,13593,155,129.73,0.011403
2024-12-25,MW,Prospecting | Trail,11588,182,142.96,0.015706
2024-12-26,MW,Prospecting | Trail,13976,151,123.99,0.010804
2024-12-27,MW,Prospecting | Trail,11717,153,131.39,0.013058
2024-12-28,MW,Prospecting | Trail,15082,149,111.41,0.009879
2024-12-29,MW,Prospecting | Trail,10680,189,111.77,0.017697
2024-12-23,MW,Retargeting | Site Visitors,7821,160,73.0,0.020458
2024-12-24,MW,Retargeting | Site Visitors,7950,127,80.44,0.015975
2024-12-25,MW,Retargeting | Site Visitors,5971,111,81.99,0.01859
2024-12-26,MW,Retargeting | Site Visitors,7668,119,90.12,0.015519
2024-12-27,MW,Retargeting | Site Visitors,7407,149,86.59,0.020116
2024-12-28,MW,Retargeting | Site Visitors,5882,150,79.59,0.025502
2024-12-29,MW,Retargeting | Site Visitors,6064,134,69.04,0.022098
2024-12-23,MW,Launch | New Colorway,4635,101,53.81,0.021791
2024-12-24,MW,Launch | New Colorway,6450,94,68.21,0.014574
2024-12-25,MW,Launch | New Colorway,5296,89,61.32,0.016805
2024-12-26,MW,Launch | New Colorway,6362,96,67.34,0.01509
2024-12-27,MW,Launch | New Colorway,6417,83,60.7,0.012934
2024-12-28,MW,Launch | New Colorway,6536,95,51.18,0.014535
2024-12-29,MW,Launch | New Colorway,5645,82,59.13,0.014526
2024-12-23,MT,Prospecting | Trail,10478,135,94.29,0.012884
2024-12-24,MT,Prospecting | Trail,12476,142,130.02,0.011382
2024-12-25,MT,Prospecting | Trail,10808,133,100.56,0.012306
2024-12-26,MT,Prospecting | Trail,9795,118,111.89,0.012047
2024-12-27,MT,Prospecting | Trail,13483,130,120.39,0.009642
2024-12-28,MT,Prospecting | Trail,12945,155,121.15,0.011974
2024-12-29,MT,Prospecting | Trail,11199,156,117.3,0.01393
2024-12-23,MT,Retargeting | Site Visitors,5073,117,57.62,0.023063
2024-12-24,MT,Retargeting | Site Visitors,4897,113,58.65,0.023075
2024-12-25,MT,Retargeting | Site Visitors,4222,90,63.35,0.021317
2024-12-26,MT,Retargeting | Site Visitors,4631,89,59.66,0.019218
2024-12-27,MT,Retargeting | Site Visitors,5287,83,52.59,0.015699
2024-12-28,MT,Retargeting | Site Visitors,5350,84,51.86,0.015701
2024-12-29,MT,Retargeting | Site Visitors,5411,92,57.28,0.017002
2024-12-23,MT,Launch | New Colorway,5219,61,41.04,0.011688
2024-12-24,MT,Launch | New Colorway,3644,64,35.65,0.017563
2024-12-25,MT,Launch | New Colorway,4219,82,52.11,0.019436
2024-12-26,MT,Launch | New Colorway,3514,59,44.02,0.01679
2024-12-27,MT,Launch | New Colorway,3517,70,38.01,0.019903
2024-12-28,MT,Launch | New Colorway,4740,62,52.5,0.01308
2024-12-29,MT,Launch | New Colorway,4515,66,36.22,0.014618
2024-12-23,WE,Prospecting | Trail,17299,196,$155.59,0.01133
2024-12-24,WE,Prospecting | Trail,15451,184,$191.85,0.011909
2024-12-25,WE,Prospecting | Trail,15675,192,$168.44,0.012249
2024-12-26,WE,Prospecting | Trail,17690,181,$133.96,0.010232
2024-12-27,WE,Prospecting | Trail,17882,206,$169.01,0.01152
2024-12-28,WE,Prospecting | Trail,16231,164,$140.04,0.010104
2024-12-29,WE,Prospecting | Trail,11835,197,$139.32,0.016646
2024-12-23,WE,Retargeting | Site Visitors,7056,118,$82.13,0.016723
2024-12-24,WE,Retargeting | Site Visitors,6644,165,$72.89,0.024834
2024-12-25,WE,Retargeting | Site Visitors,5641,133,$82.45,0.023577
2024-12-26,WE,Retargeting | Site Visitors,7053,119,$83.27,0.016872
2024-12-27,WE,Retargeting | Site Visitors,6081,159,$96.47,0.026147
2024-12-28,WE,Retargeting | Site Visitors,8555,116,$85.66,0.013559
2024-12-29,WE,Retargeting | Site Visitors,8727,163,$69.33,0.018678
2024-12-23,WE,Launch | New Colorway,9138,136,$91.15,0.014883
2024-12-24,WE,Launch | New Colorway,7416,126,$89.43,0.01699
2024-12-25,WE,Launch | New Colorway,7128,126,$67.77,0.017677
2024-12-26,WE,Launch | New Colorway,8188,116,$77.81,0.014167
2024-12-27,WE,Launch | New Colorway,8113,103,$63.80,0.012696
2024-12-28,WE,Launch | New Colorway,6480,118,$72.82,0.01821
2024-12-29,WE,Launch | New Colorway,7192,133,$84.50,0.018493
2024-12-30,NE,Prospecting | Trail,14189,141,109.61,0.009937
2024-12-31,NE,Prospecting | Trail,12257,161,137.36,0.013135
2025-01-01,NE,Prospecting | Trail,10701,122,101.54,0.011401
2025-01-02,NE,Prospecting | Trail,14647,161,124.71,0.010992
2025-01-03,NE,Prospecting | Trail,14364,168,126.19,0.011696
2025-01-04,NE,Prospecting | Trail,11292,129,140.24,0.011424
2025-01-05,NE,Prospecting | Trail,11736,171,134.36,0.014571
2024-12-30,NE,Retargeting | Site Visitors,8280,129,104.0,0.01558
2024-12-31,NE,Retargeting | Site Visitors,8416,163,72.69,0.019368
2025-01-01,NE,Retargeting | Site Visitors,7139,116,78.48,0.016249
2025-01-02,NE,Retargeting | Site Visitors,7489,140,94.42,0.018694
2025-01-03,NE,Retargeting | Site Visitors,6018,125,95.34,0.020771
2025-01-04,NE,Retargeting | Site Visitors,7693,164,70.29,0.021318
2025-01-05,NE,Retargeting | Site Visitors,6082,142,72.62,0.023348
2024-12-30,MA,Prospecting | Trail,15345,194,154.47,0.012643
2024-12-31,MA,Prospecting | Trail,17142,190,165.2,0.011084
2025-01-01,MA,Prospecting | Trail,11486,143,172.51,0.01245
2025-01-02,MA,Prospecting | Trail,17407,162,168.9,0.009307
2025-01-03,MA,Prospecting | Trail,15431,191,145.97,0.012378
2025-01-04,MA,Prospecting | Trail,16576,209,120.3,0.012609
2025-01-05,MA,Prospecting | Trail,13737,208,122.48,0.015142
2024-12-30,MA,Retargeting | Site Visitors,5363,97,54.24,0.018087
2024-12-31,MA,Retargeting | Site Visitors,6571,113,71.21,0.017197
2025-01-01,MA,Retargeting | Site Visitors,6191,134,62.15,0.021644
2025-01-02,MA,Retargeting | Site Visitors,5516,120,60.95,0.021755
2025-01-03,MA,Retargeting | Site Visitors,4427,101,54.58,0.022815
2025-01-04,MA,Retargeting | Site Visitors,6530,121,75.8,0.01853
2025-01-05,MA,Retargeting | Site Visitors,4730,109,73.33,0.023044
2024-12-30,SE,Prospecting | Trail,12358,104,79.81,0.008416
2024-12-31,SE,Prospecting | Trail,8880,122,97.92,0.013739
2025-01-01,SE,Prospecting | Trail,11818,134,93.7,0.011339
2025-01-02,SE,Prospecting | Trail,10097,106,104.35,0.010498
2025-01-03,SE,Prospecting | Trail,9558,126,105.29,0.013183
2025-01-04,SE,Prospecting | Trail,8629,90,115.9,0.01043
2025-01-05,SE,Prospecting | Trail,10859,130,110.58,0.011972
2024-12-30,SE,Retargeting | Site Visitors,5756,106,57.04,0.018416
2024-12-31,SE,Retargeting | Site Visitors,5572,93,55.96,0.016691
2025-01-01,SE,Retargeting | Site Visitors,6117,124,56.94,0.020271
2025-01-02,SE,Retargeting | Site Visitors,5114,89,71.97,0.017403
2025-01-03,SE,Retargeting | Site Visitors,5519,112,66.55,0.020294
2025-01-04,SE,Retargeting | Site Visitors,6389,101,73.93,0.015808
2025-01-05,SE,Retargeting | Site Visitors,5277,109,74.67,0.020656
2024-12-30,MW,Prospecting | Trail,12139,123,110.16,0.010133
2024-12-31,MW,Prospecting | Trail,13451,159,89.77,0.011821
2025-01-01,MW,Prospecting | Trail,9384,117,111.16,0.012468
2025-01-02,MW,Prospecting | Trail,10317,171,133.6,0.016575
2025-01-03,MW,Prospecting | Trail,14151,119,129.35,0.008409
2025-01-04,MW,Prospecting | Trail,12270,119,134.24,0.009698
2025-01-05,MW,Prospecting | Trail,10062,118,93.11,0.011727
2024-12-30,MW,Retargeting | Site Visitors,5276,108,72.05,0.02047
2024-12-31,MW,Retargeting | Site Visitors,7196,102,67.47,0.014175
2025-01-01,MW,Retargeting | Site Visitors,4990,141,61.06,0.028257
2025-01-02,MW,Retargeting | Site Visitors,6635,128,83.76,0.019292
2025-01-03,MW,Retargeting | Site Visitors,6937,137,61.29,0.019749
2025-01-04,MW,Retargeting | Site Visitors,7487,100,88.02,0.013356
2025-01-05,MW,Retargeting | Site Visitors,6001,100,78.36,0.016664
2024-12-30,MT,Prospecting | Trail,10464,85,85.8,0.008123
2024-12-31,MT,Prospecting | Trail,10051,106,78.8,0.010546
2025-01-01,MT,Prospecting | Trail,10986,109,101.11,0.009922
2025-01-02,MT,Prospecting | Trail,8477,114,94.7,0.013448
2025-01-03,MT,Prospecting | Trail,9227,126,102.69,0.013656
2025-01-04,MT,Prospecting | Trail,7556,118,73.1,0.015617
2025-01-05,MT,Prospecting | Trail,9065,103,108.9,0.011362
2024-12-30,MT,Retargeting | Site Visitors,4783,67,44.16,0.014008
2024-12-31,MT,Retargeting | Site Visitors,4488,89,50.3,0.019831
2025-01-01,MT,Retargeting | Site Visitors,3828,67,51.62,0.017503
2025-01-02,MT,Retargeting | Site Visitors,4339,75,37.58,0.017285
2025-01-03,MT,Retargeting | Site Visitors,3857,69,53.52,0.01789
2025-01-04,MT,Retargeting | Site Visitors,4824,69,57.53,0.014303
2025-01-05,MT,Retargeting | Site Visitors,3421,86,45.0,0.025139
2024-12-30,WE,Prospecting | Trail,15312,197,$153.99,0.012866
2024-12-31,WE,Prospecting | Trail,15579,225,$168.36,0.014443
2025-01-01,WE,Prospecting | Trail,15555,186,$150.09,0.011958
2025-01-02,WE,Prospecting | Trail,15472,177,$161.72,0.01144
2025-01-03,WE,Prospecting | Trail,18622,239,$179.33,0.012834
2025-01-04,WE,Prospecting | Trail,14754,170,$125.10,0.011522
2025-01-05,WE,Prospecting | Trail,14838,203,$140.68,0.013681
2024-12-30,WE,Retargeting | Site Visitors,8517,142,$92.40,0.016673
2024-12-31,WE,Retargeting | Site Visitors,7555,167,$73.17,0.022105
2025-01-01,WE,Retargeting | Site Visitors,8452,164,$80.28,0.019404
2025-01-02,WE,Retargeting | Site Visitors,6336,162,$87.54,0.025568
2025-01-03,WE,Retargeting | Site Visitors,8635,159,$91.32,0.018413
2025-01-04,WE,Retargeting | Site Visitors,8250,152,$103.56,0.018424
2025-01-05,WE,Retargeting | Site Visitors,7093,140,$102.39,0.019738
2025-01-06,NE,Prospecting | Trail,10788,108,93.49,0.010011
2025-01-07,NE,Prospecting | Trail,10343,152,113.75,0.014696
2025-01-08,NE,Prospecting | Trail,10415,150,105.63,0.014402
2025-01-09,NE,Prospecting | Trail,11794,140,82.33,0.01187
2025-01-10,NE,Prospecting | Trail,9572,106,114.3,0.011074
2025-01-11,NE,Prospecting | Trail,9788,134,111.2,0.01369
2025-01-12,NE,Prospecting | Trail,9931,115,91.09,0.01158
2025-01-06,NE,Retargeting | Site Visitors,6043,95,53.09,0.015721
2025-01-07,NE,Retargeting | Site Visitors,5422,112,54.32,0.020657
2025-01-08,NE,Retargeting | Site Visitors,4126,80,56.78,0.019389
2025-01-09,NE,Retargeting | Site Visitors,4972,114,72.79,0.022928
2025-01-10,NE,Retargeting | Site Visitors,5657,117,58.81,0.020682
2025-01-11,NE,Retargeting | Site Visitors,4548,79,61.61,0.01737
2025-01-12,NE,Retargeting | Site Visitors,5732,106,62.35,0.018493
2025-01-06,MA,Prospecting | Trail,9606,113,85.59,0.011763
2025-01-07,MA,Prospecting | Trail,12918,129,85.55,0.009986
2025-01-08,MA,Prospecting | Trail,9282,92,124.61,0.009912
2025-01-09,MA,Prospecting | Trail,9003,137,112.03,0.015217
2025-01-10,MA,Prospecting | Trail,9482,125,108.47,0.013183
2025-01-11,MA,Prospecting | Trail,11613,114,90.73,0.009817
2025-01-12,MA,Prospecting | Trail,10677,139,104.31,0.013019
2025-01-06,MA,Retargeting | Site Visitors,4505,85,46.94,0.018868
2025-01-07,MA,Retargeting | Site Visitors,4128,86,48.79,0.020833
2025-01-08,MA,Retargeting | Site Visitors,4552,76,49.22,0.016696
2025-01-09,MA,Retargeting | Site Visitors,4196,91,46.85,0.021687
2025-01-10,MA,Retargeting | Site Visitors,4038,81,62.07,0.020059
2025-01-11,MA,Retargeting | Site Visitors,5199,70,44.41,0.013464
2025-01-12,MA,Retargeting | Site Visitors,4608,66,60.81,0.014323
2025-01-06,SE,Prospecting | Trail,7895,94,103.88,0.011906
2025-01-07,SE,Prospecting | Trail,9074,105,94.83,0.011572
2025-01-08,SE,Prospecting | Trail,11040,112,72.46,0.010145
2025-01-09,SE,Prospecting | Trail,8054,110,85.88,0.013658
2025-01-10,SE,Prospecting | Trail,8068,95,98.6,0.011775
2025-01-11,SE,Prospecting | Trail,10337,121,82.83,0.011706
2025-01-12,SE,Prospecting | Trail,8826,124,81.8,0.014049
2025-01-06,SE,Retargeting | Site Visitors,4103,75,45.96,0.018279
2025-01-07,SE,Retargeting | Site Visitors,4287,93,55.71,0.021693
2025-01-08,SE,Retargeting | Site Visitors,4559,67,60.89,0.014696
2025-01-09,SE,Retargeting | Site Visitors,3953,100,42.96,0.025297
2025-01-10,SE,Retargeting | Site Visitors,4774,98,52.72,0.020528
2025-01-11,SE,Retargeting | Site Visitors,4698,96,58.5,0.020434
2025-01-12,SE,Retargeting | Site Visitors,5161,76,45.91,0.014726
2025-01-06,MW,Prospecting | Trail,10673,126,114.89,0.011805
2025-01-07,MW,Prospecting | Trail,12388,144,119.86,0.011624
2025-01-08,MW,Prospecting | Trail,11476,127,98.24,0.011067
2025-01-09,MW,Prospecting | Trail,10483,146,116.06,0.013927
2025-01-10,MW,Prospecting | Trail,8990,149,109.9,0.016574
2025-01-11,MW,Prospecting | Trail,11265,135,83.61,0.011984
2025-01-12,MW,Prospecting | Trail,9763,129,92.82,0.013213
2025-01-06,MW,Retargeting | Site Visitors,5830,127,73.18,0.021784
2025-01-07,MW,Retargeting | Site Visitors,4223,94,50.81,0.022259
2025-01-08,MW,Retargeting | Site Visitors,5874,112,49.34,0.019067
2025-01-09,MW,Retargeting | Site Visitors,4390,105,68.57,0.023918
2025-01-10,MW,Retargeting | Site Visitors,6125,86,74.25,0.014041
2025-01-11,MW,Retargeting | Site Visitors,4460,92,52.87,0.020628
2025-01-12,MW,Retargeting | Site Visitors,5684,103,51.72,0.018121
2025-01-06,MT,Prospecting | Trail,9553,103,71.43,0.010782
2025-01-07,MT,Prospecting | Trail,7305,115,79.15,0.015743
2025-01-08,MT,Prospecting | Trail,8876,88,64.11,0.009914
2025-01-09,MT,Prospecting | Trail,7970,90,78.2,0.011292
2025-01-10,MT,Prospecting | Trail,6732,109,93.38,0.016191
2025-01-11,MT,Prospecting | Trail,8552,118,82.16,0.013798
2025-01-12,MT,Prospecting | Trail,7511,90,85.26,0.011982
2025-01-06,MT,Retargeting | Site Visitors,4445,89,46.53,0.020022
2025-01-07,MT,Retargeting | Site Visitors,4287,62,41.69,0.014462
2025-01-08,MT,Retargeting | Site Visitors,3373,58,42.64,0.017195
2025-01-09,MT,Retargeting | Site Visitors,3080,85,43.57,0.027597
2025-01-10,MT,Retargeting | Site Visitors,4351,67,58.24,0.015399
2025-01-11,MT,Retargeting | Site Visitors,4697,87,45.68,0.018522
2025-01-12,MT,Retargeting | Site Visitors,3743,77,43.36,0.020572
2025-01-06,WE,Prospecting | Trail,12079,147,$115.66,0.01217
2025-01-07,WE,Prospecting | Trail,12391,127,$112.16,0.010249
2025-01-08,WE,Prospecting | Trail,9157,155,$121.06,0.016927
2025-01-09,WE,Prospecting | Trail,11352,139,$90.75,0.012245
2025-01-10,WE,Prospecting | Trail,12015,112,$103.88,0.009322
2025-01-11,WE,Prospecting | Trail,12040,139,$117.14,0.011545
2025-01-12,WE,Prospecting | Trail,9311,144,$107.12,0.015466
2025-01-06,WE,Retargeting | Site Visitors,4775,87,$65.94,0.01822
2025-01-07,WE,Retargeting | Site Visitors,5704,107,$46.15,0.018759
2025-01-08,WE,Retargeting | Site Visitors,5363,102,$62.36,0.019019
2025-01-09,WE,Retargeting | Site Visitors,4322,82,$65.15,0.018973
2025-01-10,WE,Retargeting | Site Visitors,5189,97,$49.13,0.018693
2025-01-11,WE,Retargeting | Site Visitors,4324,78,$57.29,0.018039
2025-01-12,WE,Retargeting | Site Visitors,4393,94,$45.80,0.021398
2025-01-13,NE,Prospecting | Trail,12285,155,88.28,0.012617
2025-01-14,NE,Prospecting | Trail,9242,124,123.93,0.013417
2025-01-15,NE,Prospecting | Trail,11100,117,99.94,0.010541
2025-01-16,NE,Prospecting | Trail,9847,158,102.79,0.016045
2025-01-17,NE,Prospecting | Trail,11639,125,107.13,0.01074
2025-01-18,NE,Prospecting | Trail,9322,153,121.85,0.016413
2025-01-19,NE,Prospecting | Trail,12210,112,97.39,0.009173
2025-01-13,NE,Retargeting | Site Visitors,6836,112,71.96,0.016384
2025-01-14,NE,Retargeting | Site Visitors,5752,128,64.88,0.022253
2025-01-15,NE,Retargeting | Site Visitors,6440,108,59.67,0.01677
2025-01-16,NE,Retargeting | Site Visitors,5416,106,56.4,0.019572
2025-01-17,NE,Retargeting | Site Visitors,5665,136,79.64,0.024007
2025-01-18,NE,Retargeting | Site Visitors,5169,110,78.69,0.021281
2025-01-19,NE,Retargeting | Site Visitors,7282,118,78.19,0.016204
2025-01-13,MA,Prospecting | Trail,11351,125,85.26,0.011012
2025-01-14,MA,Prospecting | Trail,8333,88,90.18,0.01056
2025-01-15,MA,Prospecting | Trail,10390,118,79.37,0.011357
2025-01-16,MA,Prospecting | Trail,7937,108,84.51,0.013607
2025-01-17,MA,Prospecting | Trail,9019,118,110.16,0.013083
2025-01-18,MA,Prospecting | Trail,10835,119,112.52,0.010983
2025-01-19,MA,Prospecting | Trail,8081,112,84.27,0.01386
2025-01-13,MA,Retargeting | Site Visitors,5010,92,53.59,0.018363
2025-01-14,MA,Retargeting | Site Visitors,5739,98,71.76,0.017076
2025-01-15,MA,Retargeting | Site Visitors,6057,99,68.84,0.016345
2025-01-16,MA,Retargeting | Site Visitors,4132,111,55.29,0.026864
2025-01-17,MA,Retargeting | Site Visitors,4506,106,61.56,0.023524
2025-01-18,MA,Retargeting | Site Visitors,5959,121,56.44,0.020305
2025-01-19,MA,Retargeting | Site Visitors,6231,120,65.31,0.019259
2025-01-13,SE,Prospecting | Trail,11019,144,88.48,0.013068
2025-01-14,SE,Prospecting | Trail,9567,115,89.5,0.01202
2025-01-15,SE,Prospecting | Trail,10393,133,90.04,0.012797
2025-01-16,SE,Prospecting | Trail,9802,125,118.1,0.012752
2025-01-17,SE,Prospecting | Trail,9377,101,102.99,0.010771
2025-01-18,SE,Prospecting | Trail,8842,145,86.25,0.016399
2025-01-19,SE,Prospecting | Trail,11023,118,110.86,0.010705
2025-01-13,SE,Retargeting | Site Visitors,4538,79,39.09,0.017409
2025-01-14,SE,Retargeting | Site Visitors,3642,89,54.71,0.024437
2025-01-15,SE,Retargeting | Site Visitors,4365,91,57.29,0.020848
2025-01-16,SE,Retargeting | Site Visitors,4461,78,38.45,0.017485
2025-01-17,SE,Retargeting | Site Visitors,4016,79,47.45,0.019671
2025-01-18,SE,Retargeting | Site Visitors,5314,100,50.23,0.018818
2025-01-19,SE,Retargeting | Site Visitors,3765,89,58.94,0.023639
2025-01-13,MW,Prospecting | Trail,11816,146,90.75,0.012356
2025-01-14,MW,Prospecting | Trail,11260,136,111.16,0.012078
2025-01-15,MW,Prospecting | Trail,10411,167,107.67,0.016041
2025-01-16,MW,Prospecting | Trail,9679,126,90.43,0.013018
2025-01-17,MW,Prospecting | Trail,12513,124,121.12,0.00991
2025-01-18,MW,Prospecting | Trail,13010,138,114.09,0.010607
2025-01-19,MW,Prospecting | Trail,8763,122,123.79,0.013922
2025-01-13,MW,Retargeting | Site Visitors,5636,93,65.7,0.016501
2025-01-14,MW,Retargeting | Site Visitors,3703,79,57.95,0.021334
2025-01-15,MW,Retargeting | Site Visitors,4271,110,45.36,0.025755
2025-01-16,MW,Retargeting | Site Visitors,4797,106,48.81,0.022097
2025-01-17,MW,Retargeting | Site Visitors,5215,74,51.84,0.01419
2025-01-18,MW,Retargeting | Site Visitors,3737,79,54.51,0.02114
2025-01-19,MW,Retargeting | Site Visitors,4830,92,46.0,0.019048
2025-01-13,MT,Prospecting | Trail,6483,101,65.77,0.015579
2025-01-14,MT,Prospecting | Trail,7132,101,96.21,0.014162
2025-01-15,MT,Prospecting | Trail,7754,80,64.28,0.010317
2025-01-16,MT,Prospecting | Trail,9487,82,93.33,0.008643
2025-01-17,MT,Prospecting | Trail,8090,88,74.58,0.010878
2025-01-18,MT,Prospecting | Trail,9513,101,67.46,0.010617
2025-01-19,MT,Prospecting | Trail,6129,74,73.35,0.012074
2025-01-13,MT,Retargeting | Site Visitors,4726,62,46.39,0.013119
2025-01-14,MT,Retargeting | Site Visitors,4125,88,46.44,0.021333
2025-01-15,MT,Retargeting | Site Visitors,3626,77,38.21,0.021236
2025-01-16,MT,Retargeting | Site Visitors,3122,88,37.81,0.028187
2025-01-17,MT,Retargeting | Site Visitors,3261,74,42.61,0.022692
2025-01-18,MT,Retargeting | Site Visitors,4348,89,41.0,0.020469
2025-01-19,MT,Retargeting | Site Visitors,3803,68,58.16,0.017881
2025-01-13,WE,Prospecting | Trail,13089,151,$118.69,0.011536
2025-01-14,WE,Prospecting | Trail,9329,157,$115.54,0.016829
2025-01-15,WE,Prospecting | Trail,12356,128,$115.12,0.010359
2025-01-16,WE,Prospecting | Trail,12422,130,$117.70,0.010465
2025-01-17,WE,Prospecting | Trail,11699,148,$112.84,0.012651
2025-01-18,WE,Prospecting | Trail,13152,163,$122.31,0.012394
2025-01-19,WE,Prospecting | Trail,11950,151,$120.98,0.012636
2025-01-13,WE,Retargeting | Site Visitors,5649,103,$60.54,0.018233
2025-01-14,WE,Retargeting | Site Visitors,5323,108,$68.96,0.020289
2025-01-15,WE,Retargeting | Site Visitors,4751,115,$52.09,0.024205
2025-01-16,WE,Retargeting | Site Visitors,5941,96,$70.67,0.016159
2025-01-17,WE,Retargeting | Site Visitors,5446,107,$56.28,0.019647
2025-01-18,WE,Retargeting | Site Visitors,5856,107,$76.78,0.018272
2025-01-19,WE,Retargeting | Site Visitors,5586,105,$58.02,0.018797
2025-01-20,NE,Prospecting | Trail,12164,152,117.11,0.012496
2025-01-21,NE,Prospecting | Trail,12100,150,124.63,0.012397
2025-01-22,NE,Prospecting | Trail,8704,142,120.36,0.016314
2025-01-23,NE,Prospecting | Trail,8722,129,108.52,0.01479
2025-01-24,NE,Prospecting | Trail,9907,107,107.41,0.0108
2025-01-25,NE,Prospecting | Trail,12709,138,84.66,0.010858
2025-01-26,NE,Prospecting | Trail,12646,164,91.44,0.012969
2025-01-20,NE,Retargeting | Site Visitors,5527,107,74.0,0.01936
2025-01-21,NE,Retargeting | Site Visitors,6964,131,74.2,0.018811
2025-01-22,NE,Retargeting | Site Visitors,5656,125,57.49,0.0221
2025-01-23,NE,Retargeting | Site Visitors,5117,86,61.35,0.016807
2025-01-24,NE,Retargeting | Site Visitors,6144,129,79.1,0.020996
2025-01-25,NE,Retargeting | Site Visitors,5702,88,54.97,0.015433
2025-01-26,NE,Retargeting | Site Visitors,4677,117,56.43,0.025016
2025-01-20,MA,Prospecting | Trail,7749,114,95.91,0.014712
2025-01-21,MA,Prospecting | Trail,10793,113,78.45,0.01047
2025-01-22,MA,Prospecting | Trail,9296,97,108.02,0.010435
2025-01-23,MA,Prospecting | Trail,9448,109,76.23,0.011537
2025-01-24,MA,Prospecting | Trail,7401,115,104.98,0.015538
2025-01-25,MA,Prospecting | Trail,10001,101,84.53,0.010099
2025-01-26,MA,Prospecting | Trail,9807,101,83.93,0.010299
2025-01-20,MA,Retargeting | Site Visitors,4331,75,50.05,0.017317
2025-01-21,MA,Retargeting | Site Visitors,4869,82,54.13,0.016841
2025-01-22,MA,Retargeting | Site Visitors,5321,73,54.0,0.013719
2025-01-23,MA,Retargeting | Site Visitors,4026,91,46.26,0.022603
2025-01-24,MA,Retargeting | Site Visitors,3750,75,47.55,0.02
2025-01-25,MA,Retargeting | Site Visitors,4622,86,46.79,0.018607
2025-01-26,MA,Retargeting | Site Visitors,4088,101,57.8,0.024706
2025-01-20,SE,Prospecting | Trail,10417,123,91.09,0.011808
2025-01-21,SE,Prospecting | Trail,7631,110,95.26,0.014415
2025-01-22,SE,Prospecting | Trail,11662,91,92.16,0.007803
2025-01-23,SE,Prospecting | Trail,7539,89,81.32,0.011805
2025-01-24,SE,Prospecting | Trail,8790,85,93.13,0.00967
2025-01-25,SE,Prospecting | Trail,7755,99,85.63,0.012766
2025-01-26,SE,Prospecting | Trail,9803,121,84.66,0.012343
2025-01-20,SE,Retargeting | Site Visitors,4198,70,55.46,0.016675
2025-01-21,SE,Retargeting | Site Visitors,4379,63,49.31,0.014387
2025-01-22,SE,Retargeting | Site Visitors,4312,80,38.09,0.018553
2025-01-23,SE,Retargeting | Site Visitors,4182,95,53.25,0.022716
2025-01-24,SE,Retargeting | Site Visitors,3754,88,51.53,0.023442
2025-01-25,SE,Retargeting | Site Visitors,5461,69,58.06,0.012635
2025-01-26,SE,Retargeting | Site Visitors,5009,91,54.2,0.018167
2025-01-20,MW,Prospecting | Trail,12925,118,109.82,0.00913
2025-01-21,MW,Prospecting | Trail,12079,110,87.82,0.009107
2025-01-22,MW,Prospecting | Trail,9595,150,98.94,0.015633
2025-01-23,MW,Prospecting | Trail,12299,133,92.8,0.010814
2025-01-24,MW,Prospecting | Trail,9771,123,124.36,0.012588
2025-01-25,MW,Prospecting | Trail,9523,105,109.55,0.011026
2025-01-26,MW,Prospecting | Trail,9979,115,123.2,0.011524
2025-01-20,MW,Retargeting | Site Visitors,4572,74,58.69,0.016185
2025-01-21,MW,Retargeting | Site Visitors,5201,113,57.89,0.021727
2025-01-22,MW,Retargeting | Site Visitors,3999,115,43.82,0.028757
2025-01-23,MW,Retargeting | Site Visitors,5140,102,44.21,0.019844
2025-01-24,MW,Retargeting | Site Visitors,5674,74,58.08,0.013042
2025-01-25,MW,Retargeting | Site Visitors,4545,96,62.69,0.021122
2025-01-26,MW,Retargeting | Site Visitors,4207,93,58.02,0.022106
2025-01-20,MT,Prospecting | Trail,6799,99,73.64,0.014561
2025-01-21,MT,Prospecting | Trail,6866,87,78.35,0.012671
2025-01-22,MT,Prospecting | Trail,7743,97,85.25,0.012527
2025-01-23,MT,Prospecting | Trail,6577,100,67.4,0.015205
2025-01-24,MT,Prospecting | Trail,6684,92,66.47,0.013764
2025-01-25,MT,Prospecting | Trail,8756,79,64.09,0.009022
2025-01-26,MT,Prospecting | Trail,8604,89,74.7,0.010344
2025-01-20,MT,Retargeting | Site Visitors,3245,84,44.73,0.025886
2025-01-21,MT,Retargeting | Site Visitors,3514,61,51.78,0.017359
2025-01-22,MT,Retargeting | Site Visitors,3282,79,46.02,0.024071
2025-01-23,MT,Retargeting | Site Visitors,3894,61,40.6,0.015665
2025-01-24,MT,Retargeting | Site Visitors,4491,63,41.0,0.014028
2025-01-25,MT,Retargeting | Site Visitors,4199,63,38.3,0.015004
2025-01-26,MT,Retargeting | Site Visitors,4213,68,46.22,0.016141
2025-01-20,WE,Prospecting | Trail,12880,141,$131.20,0.010947
2025-01-21,WE,Prospecting | Trail,12210,161,$117.21,0.013186
2025-01-22,WE,Prospecting | Trail,16314,173,$125.18,0.010604
2025-01-23,WE,Prospecting | Trail,11111,137,$135.45,0.01233
2025-01-24,WE,Prospecting | Trail,15096,199,$134.03,0.013182
2025-01-25,WE,Prospecting | Trail,12042,172,$148.53,0.014283
2025-01-26,WE,Prospecting | Trail,16751,197,$153.14,0.01176
2025-01-20,WE,Retargeting | Site Visitors,4371,101,$72.55,0.023107
2025-01-21,WE,Retargeting | Site Visitors,4212,102,$57.20,0.024217
2025-01-22,WE,Retargeting | Site Visitors,5545,90,$50.05,0.016231
2025-01-23,WE,Retargeting | Site Visitors,6035,98,$60.80,0.016239
2025-01-24,WE,Retargeting | Site Visitors,5534,117,$65.73,0.021142
2025-01-25,WE,Retargeting | Site Visitors,5648,112,$70.79,0.01983
2025-01-26,WE,Retargeting | Site Visitors,6187,85,$54.49,0.013738
2025-01-27,NE,Prospecting | Trail,12823,113,85.83,0.008812
2025-01-28,NE,Prospecting | Trail,9164,108,121.55,0.011785
2025-01-29,NE,Prospecting | Trail,11867,102,129.75,0.008595
2025-01-30,NE,Prospecting | Trail,11167,126,87.13,0.011283
2025-01-31,NE,Prospecting | Trail,11179,154,114.07,0.013776
2025-02-01,NE,Prospecting | Trail,11787,151,101.76,0.012811
2025-02-02,NE,Prospecting | Trail,9150,146,115.86,0.015956
2025-01-27,NE,Retargeting | Site Visitors,5918,91,53.17,0.015377
2025-01-28,NE,Retargeting | Site Visitors,4290,105,63.49,0.024476
2025-01-29,NE,Retargeting | Site Visitors,4236,103,72.16,0.024315
2025-01-30,NE,Retargeting | Site Visitors,5351,98,54.38,0.018314
2025-01-31,NE,Retargeting | Site Visitors,5652,75,58.15,0.01327
2025-02-01,NE,Retargeting | Site Visitors,5941,88,60.36,0.014812
2025-02-02,NE,Retargeting | Site Visitors,4546,83,51.53,0.018258
2025-01-27,MA,Prospecting | Trail,13053,169,123.03,0.012947
2025-01-28,MA,Prospecting | Trail,12768,156,133.11,0.012218
2025-01-29,MA,Prospecting | Trail,11633,135,100.93,0.011605
2025-01-30,MA,Prospecting | Trail,11375,119,101.4,0.010462
2025-01-31,MA,Prospecting | Trail,10086,120,127.82,0.011898
2025-02-01,MA,Prospecting | Trail,10929,137,121.1,0.012535
2025-02-02,MA,Prospecting | Trail,11765,135,92.38,0.011475
2025-01-27,MA,Retargeting | Site Visitors,4655,89,57.66,0.019119
2025-01-28,MA,Retargeting | Site Visitors,4407,105,72.04,0.023826
2025-01-29,MA,Retargeting | Site Visitors,6350,99,51.97,0.015591
2025-01-30,MA,Retargeting | Site Visitors,4984,105,60.16,0.021067
2025-01-31,MA,Retargeting | Site Visitors,5086,108,55.04,0.021235
2025-02-01,MA,Retargeting | Site Visitors,6181,101,49.08,0.01634
2025-02-02,MA,Retargeting | Site Visitors,4377,93,68.51,0.021247
2025-01-27,SE,Prospecting | Trail,9866,106,107.08,0.010744
2025-01-28,SE,Prospecting | Trail,8362,98,89.28,0.01172
2025-01-29,SE,Prospecting | Trail,9779,89,89.23,0.009101
2025-01-30,SE,Prospecting | Trail,8119,118,86.58,0.014534
2025-01-31,SE,Prospecting | Trail,10545,128,91.51,0.012138
2025-02-01,SE,Prospecting | Trail,8295,95,104.14,0.011453
2025-02-02,SE,Prospecting | Trail,10541,118,74.14,0.011194
2025-01-27,SE,Retargeting | Site Visitors,4619,79,49.36,0.017103
2025-01-28,SE,Retargeting | Site Visitors,3745,75,45.54,0.020027
2025-01-29,SE,Retargeting | Site Visitors,3667,77,51.91,0.020998
2025-01-30,SE,Retargeting | Site Visitors,3342,62,51.03,0.018552
2025-01-31,SE,Retargeting | Site Visitors,4877,85,50.86,0.017429
2025-02-01,SE,Retargeting | Site Visitors,4629,67,47.47,0.014474
2025-02-02,SE,Retargeting | Site Visitors,4639,87,43.28,0.018754
2025-01-27,MW,Prospecting | Trail,10510,119,78.73,0.011323
2025-01-28,MW,Prospecting | Trail,8190,84,97.96,0.010256
2025-01-29,MW,Prospecting | Trail,10154,108,93.56,0.010636
2025-01-30,MW,Prospecting | Trail,9981,120,88.29,0.012023
2025-01-31,MW,Prospecting | Trail,8656,90,100.71,0.010397
2025-02-01,MW,Prospecting | Trail,9507,111,91.69,0.011676
2025-02-02,MW,Prospecting | Trail,7033,110,76.56,0.015641
2025-01-27,MW,Retargeting | Site Visitors,3643,89,49.17,0.02443
2025-01-28,MW,Retargeting | Site Visitors,4088,82,49.13,0.020059
2025-01-29,MW,Retargeting | Site Visitors,4247,73,50.44,0.017189
2025-01-30,MW,Retargeting | Site Visitors,3352,87,41.05,0.025955
2025-01-31,MW,Retargeting | Site Visitors,3504,66,54.42,0.018836
2025-02-01,MW,Retargeting | Site Visitors,5021,83,38.3,0.016531
2025-02-02,MW,Retargeting | Site Visitors,4887,76,48.02,0.015551
2025-01-27,MT,Prospecting | Trail,7721,78,65.78,0.010102
2025-01-28,MT,Prospecting | Trail,7310,94,60.98,0.012859
2025-01-29,MT,Prospecting | Trail,6995,80,66.47,0.011437
2025-01-30,MT,Prospecting | Trail,6578,101,88.53,0.015354
2025-01-31,MT,Prospecting | Trail,6929,98,63.69,0.014143
2025-02-01,MT,Prospecting | Trail,6324,95,62.0,0.015022
2025-02-02,MT,Prospecting | Trail,8095,90,82.09,0.011118
2025-01-27,MT,Retargeting | Site Visitors,4131,73,43.43,0.017671
2025-01-28,MT,Retargeting | Site Visitors,3826,89,45.01,0.023262
2025-01-29,MT,Retargeting | Site Visitors,4412,73,46.22,0.016546
2025-01-30,MT,Retargeting | Site Visitors,3337,76,49.17,0.022775
2025-01-31,MT,Retargeting | Site Visitors,3246,71,39.59,0.021873
2025-02-01,MT,Retargeting | Site Visitors,3370,58,38.47,0.017211
2025-02-02,MT,Retargeting | Site Visitors,4637,89,48.14,0.019193
2025-01-27,WE,Prospecting | Trail,12662,146,$141.14,0.011531
2025-01-28,WE,Prospecting | Trail,14459,182,$135.47,0.012587
2025-01-29,WE,Prospecting | Trail,14529,147,$107.40,0.010118
2025-01-30,WE,Prospecting | Trail,12296,149,$149.89,0.012118
2025-01-31,WE,Prospecting | Trail,11722,164,$115.83,0.013991
2025-02-01,WE,Prospecting | Trail,10057,192,$110.20,0.019091
2025-02-02,WE,Prospecting | Trail,14619,142,$125.44,0.009713
2025-01-27,WE,Retargeting | Site Visitors,6411,121,$65.86,0.018874
2025-01-28,WE,Retargeting | Site Visitors,6396,127,$69.97,0.019856
2025-01-29,WE,Retargeting | Site Visitors,6848,120,$69.87,0.017523
2025-01-30,WE,Retargeting | Site Visitors,6285,134,$69.47,0.021321
2025-01-31,WE,Retargeting | Site Visitors,6878,119,$81.80,0.017302
2025-02-01,WE,Retargeting | Site Visitors,5790,110,$83.62,0.018998
2025-02-02,WE,Retargeting | Site Visitors,6673,132,$80.13,0.019781
2025-02-03,NE,Prospecting | Trail,12191,140,109.66,0.011484
2025-02-04,NE,Prospecting | Trail,11085,149,128.41,0.013442
2025-02-05,NE,Prospecting | Trail,12157,160,127.44,0.013161
2025-02-06,NE,Prospecting | Trail,12593,151,143.32,0.011991
2025-02-07,NE,Prospecting | Trail,11258,125,109.21,0.011103
2025-02-08,NE,Prospecting | Trail,12518,179,103.95,0.014299
2025-02-09,NE,Prospecting | Trail,12368,175,102.87,0.014149
2025-02-03,NE,Retargeting | Site Visitors,6716,115,73.64,0.017123
2025-02-04,NE,Retargeting | Site Visitors,6565,86,54.44,0.0131
2025-02-05,NE,Retargeting | Site Visitors,4599,122,71.3,0.026528
2025-02-06,NE,Retargeting | Site Visitors,4643,124,59.08,0.026707
2025-02-07,NE,Retargeting | Site Visitors,6272,117,61.29,0.018654
2025-02-08,NE,Retargeting | Site Visitors,6400,102,75.83,0.015938
2025-02-09,NE,Retargeting | Site Visitors,5343,126,70.62,0.023582
2025-02-03,MA,Prospecting | Trail,10653,146,129.09,0.013705
2025-02-04,MA,Prospecting | Trail,12054,169,109.36,0.01402
2025-02-05,MA,Prospecting | Trail,11280,145,122.16,0.012855
2025-02-06,MA,Prospecting | Trail,12220,147,102.77,0.012029
2025-02-07,MA,Prospecting | Trail,11307,141,134.94,0.01247
2025-02-08,MA,Prospecting | Trail,14847,111,135.32,0.007476
2025-02-09,MA,Prospecting | Trail,13323,125,106.06,0.009382
2025-02-03,MA,Retargeting | Site Visitors,5253,98,61.15,0.018656
2025-02-04,MA,Retargeting | Site Visitors,5694,76,56.38,0.013347
2025-02-05,MA,Retargeting | Site Visitors,4255,81,66.33,0.019036
2025-02-06,MA,Retargeting | Site Visitors,4600,70,53.64,0.015217
2025-02-07,MA,Retargeting | Site Visitors,4144,83,53.27,0.020029
2025-02-08,MA,Retargeting | Site Visitors,4720,99,51.31,0.020975
2025-02-09,MA,Retargeting | Site Visitors,5484,100,50.65,0.018235
2025-02-03,SE,Prospecting | Trail,7793,127,84.44,0.016297
2025-02-04,SE,Prospecting | Trail,10356,112,105.78,0.010815
2025-02-05,SE,Prospecting | Trail,10497,133,85.3,0.01267
2025-02-06,SE,Prospecting | Trail,11697,95,98.72,0.008122
2025-02-07,SE,Prospecting | Trail,7816,90,122.98,0.011515
2025-02-08,SE,Prospecting | Trail,11195,86,92.47,0.007682
2025-02-09,SE,Prospecting | Trail,9834,129,88.36,0.013118
2025-02-03,SE,Retargeting | Site Visitors,6141,85,50.7,0.013841
2025-02-04,SE,Retargeting | Site Visitors,4322,90,63.01,0.020824
2025-02-05,SE,Retargeting | Site Visitors,4287,93,48.8,0.021693
2025-02-06,SE,Retargeting | Site Visitors,6031,97,49.29,0.016084
2025-02-07,SE,Retargeting | Site Visitors,4231,94,63.05,0.022217
2025-02-08,SE,Retargeting | Site Visitors,4640,97,65.83,0.020905
2025-02-09,SE,Retargeting | Site Visitors,4506,81,52.13,0.017976
2025-02-03,MW,Prospecting | Trail,9728,119,87.23,0.012233
2025-02-04,MW,Prospecting | Trail,9593,116,83.99,0.012092
2025-02-05,MW,Prospecting | Trail,8692,134,88.48,0.015416
2025-02-06,MW,Prospecting | Trail,7859,103,82.3,0.013106
2025-02-07,MW,Prospecting | Trail,11436,132,112.7,0.011542
2025-02-08,MW,Prospecting | Trail,8667,88,77.88,0.010153
2025-02-09,MW,Prospecting | Trail,7776,93,92.18,0.01196
2025-02-03,MW,Retargeting | Site Visitors,5191,85,51.75,0.016374
2025-02-04,MW,Retargeting | Site Visitors,4083,93,51.97,0.022777
2025-02-05,MW,Retargeting | Site Visitors,5862,92,71.82,0.015694
2025-02-06,MW,Retargeting | Site Visitors,5868,91,50.05,0.015508
2025-02-07,MW,Retargeting | Site Visitors,4284,88,49.67,0.020542
2025-02-08,MW,Retargeting | Site Visitors,4682,69,66.86,0.014737
2025-02-09,MW,Retargeting | Site Visitors,4138,94,50.13,0.022716
2025-02-03,MT,Prospecting | Trail,9654,121,68.36,0.012534
2025-02-04,MT,Prospecting | Trail,7560,94,84.9,0.012434
2025-02-05,MT,Prospecting | Trail,9461,86,79.07,0.00909
2025-02-06,MT,Prospecting | Trail,9428,88,92.34,0.009334
2025-02-07,MT,Prospecting | Trail,7251,115,95.96,0.01586
2025-02-08,MT,Prospecting | Trail,7517,93,92.87,0.012372
2025-02-09,MT,Prospecting | Trail,9269,126,75.88,0.013594
2025-02-03,MT,Retargeting | Site Visitors,2868,60,39.3,0.020921
2025-02-04,MT,Retargeting | Site Visitors,3241,62,38.29,0.01913
2025-02-05,MT,Retargeting | Site Visitors,2653,70,45.13,0.026385
2025-02-06,MT,Retargeting | Site Visitors,3502,68,35.82,0.019417
2025-02-07,MT,Retargeting | Site Visitors,3411,65,40.86,0.019056
2025-02-08,MT,Retargeting | Site Visitors,3839,65,33.88,0.016931
2025-02-09,MT,Retargeting | Site Visitors,3774,54,34.53,0.014308
2025-02-03,WE,Prospecting | Trail,12966,123,$87.30,0.009486
2025-02-04,WE,Prospecting | Trail,8425,136,$123.73,0.016142
2025-02-05,WE,Prospecting | Trail,10917,126,$128.63,0.011542
2025-02-06,WE,Prospecting | Trail,10166,145,$118.28,0.014263
2025-02-07,WE,Prospecting | Trail,12965,157,$96.40,0.01211
2025-02-08,WE,Prospecting | Trail,8980,108,$108.77,0.012027
2025-02-09,WE,Prospecting | Trail,12650,101,$92.17,0.007984
2025-02-03,WE,Retargeting | Site Visitors,5969,110,$53.54,0.018429
2025-02-04,WE,Retargeting | Site Visitors,6247,98,$60.27,0.015688
2025-02-05,WE,Retargeting | Site Visitors,5816,113,$74.99,0.019429
2025-02-06,WE,Retargeting | Site Visitors,4617,133,$71.49,0.028807
2025-02-07,WE,Retargeting | Site Visitors,6043,88,$72.37,0.014562
2025-02-08,WE,Retargeting | Site Visitors,5832,104,$71.00,0.017833
2025-02-09,WE,Retargeting | Site Visitors,5719,132,$59.12,0.023081
2025-02-10,NE,Prospecting | Trail,14612,126,120.91,0.008623
2025-02-11,NE,Prospecting | Trail,13234,142,117.24,0.01073
2025-02-12,NE,Prospecting | Trail,14490,140,129.73,0.009662
2025-02-13,NE,Prospecting | Trail,11255,144,135.0,0.012794
2025-02-14,NE,Prospecting | Trail,10130,167,115.51,0.016486
2025-02-15,NE,Prospecting | Trail,12536,123,108.39,0.009812
2025-02-16,NE,Prospecting | Trail,10042,161,118.95,0.016033
2025-02-10,NE,Retargeting | Site Visitors,3994,94,67.79,0.023535
2025-02-11,NE,Retargeting | Site Visitors,3828,105,64.94,0.027429
2025-02-12,NE,Retargeting | Site Visitors,5418,86,45.58,0.015873
2025-02-13,NE,Retargeting | Site Visitors,5255,97,60.69,0.018459
2025-02-14,NE,Retargeting | Site Visitors,5512,115,45.03,0.020864
2025-02-15,NE,Retargeting | Site Visitors,4750,81,53.07,0.017053
2025-02-16,NE,Retargeting | Site Visitors,5115,107,52.43,0.020919
2025-02-10,MA,Prospecting | Trail,11510,110,100.54,0.009557
2025-02-11,MA,Prospecting | Trail,9721,109,99.57,0.011213
2025-02-12,MA,Prospecting | Trail,8396,149,77.56,0.017747
2025-02-13,MA,Prospecting | Trail,11401,133,101.6,0.011666
2025-02-14,MA,Prospecting | Trail,10127,152,88.6,0.015009
2025-02-15,MA,Prospecting | Trail,9751,108,113.82,0.011076
2025-02-16,MA,Prospecting | Trail,8592,126,99.4,0.014665
2025-02-10,MA,Retargeting | Site Visitors,5839,95,50.43,0.01627
2025-02-11,MA,Retargeting | Site Visitors,4328,98,69.01,0.022643
2025-02-12,MA,Retargeting | Site Visitors,4410,109,59.95,0.024717
2025-02-13,MA,Retargeting | Site Visitors,5423,129,60.07,0.023788
2025-02-14,MA,Retargeting | Site Visitors,5839,103,66.8,0.01764
2025-02-15,MA,Retargeting | Site Visitors,5207,95,54.79,0.018245
2025-02-16,MA,Retargeting | Site Visitors,6025,104,65.27,0.017261
2025-02-10,SE,Prospecting | Trail,10151,121,93.27,0.01192
2025-02-11,SE,Prospecting | Trail,10897,107,81.07,0.009819
2025-02-12,SE,Prospecting | Trail,12244,112,87.59,0.009147
2025-02-13,SE,Prospecting | Trail,9107,116,84.01,0.012737
2025-02-14,SE,Prospecting | Trail,8965,104,120.47,0.011601
2025-02-15,SE,Prospecting | Trail,8860,106,111.72,0.011964
2025-02-16,SE,Prospecting | Trail,9676,132,106.89,0.013642
2025-02-10,SE,Retargeting | Site Visitors,4452,98,62.0,0.022013
2025-02-11,SE,Retargeting | Site Visitors,5359,99,67.26,0.018474
2025-02-12,SE,Retargeting | Site Visitors,6025,103,67.5,0.017095
2025-02-13,SE,Retargeting | Site Visitors,6517,93,64.47,0.01427
2025-02-14,SE,Retargeting | Site Visitors,5420,94,67.75,0.017343
2025-02-15,SE,Retargeting | Site Visitors,4996,124,48.73,0.02482
2025-02-16,SE,Retargeting | Site Visitors,4514,139,51.03,0.030793
2025-02-10,MW,Prospecting | Trail,9229,161,119.93,0.017445
2025-02-11,MW,Prospecting | Trail,9501,120,135.04,0.01263
2025-02-12,MW,Prospecting | Trail,13633,142,96.64,0.010416
2025-02-13,MW,Prospecting | Trail,11365,132,115.88,0.011615
2025-02-14,MW,Prospecting | Trail,10958,149,91.04,0.013597
2025-02-15,MW,Prospecting | Trail,10662,140,106.16,0.013131
2025-02-16,MW,Prospecting | Trail,12820,145,101.36,0.01131
2025-02-10,MW,Retargeting | Site Visitors,5179,117,52.52,0.022591
2025-02-11,MW,Retargeting | Site Visitors,6247,80,66.25,0.012806
2025-02-12,MW,Retargeting | Site Visitors,4800,111,57.29,0.023125
2025-02-13,MW,Retargeting | Site Visitors,6436,113,53.95,0.017557
2025-02-14,MW,Retargeting | Site Visitors,5580,95,70.38,0.017025
2025-02-15,MW,Retargeting | Site Visitors,5280,86,70.18,0.016288
2025-02-16,MW,Retargeting | Site Visitors,4680,119,68.77,0.025427
2025-02-10,MT,Prospecting | Trail,9339,92,72.83,0.009851
2025-02-11,MT,Prospecting | Trail,9395,78,91.76,0.008302
2025-02-12,MT,Prospecting | Trail,10033,79,103.07,0.007874
2025-02-13,MT,Prospecting | Trail,8102,111,69.04,0.0137
2025-02-14,MT,Prospecting | Trail,9992,120,90.28,0.01201
2025-02-15,MT,Prospecting | Trail,7201,117,103.79,0.016248
2025-02-16,MT,Prospecting | Trail,7183,106,69.43,0.014757
2025-02-10,MT,Retargeting | Site Visitors,3642,91,55.48,0.024986
2025-02-11,MT,Retargeting | Site Visitors,4247,79,56.03,0.018601
2025-02-12,MT,Retargeting | Site Visitors,5355,71,52.46,0.013259
2025-02-13,MT,Retargeting | Site Visitors,3835,73,45.11,0.019035
2025-02-14,MT,Retargeting | Site Visitors,5067,68,46.77,0.01342
2025-02-15,MT,Retargeting | Site Visitors,4844,67,48.96,0.013832
2025-02-16,MT,Retargeting | Site Visitors,3698,97,48.1,0.02623
2025-02-10,WE,Prospecting | Trail,11450,151,$134.34,0.013188
2025-02-11,WE,Prospecting | Trail,14133,122,$119.48,0.008632
2025-02-12,WE,Prospecting | Trail,12092,155,$105.60,0.012818
2025-02-13,WE,Prospecting | Trail,10743,152,$130.13,0.014149
2025-02-14,WE,Prospecting | Trail,11791,165,$93.66,0.013994
2025-02-15,WE,Prospecting | Trail,9953,129,$117.01,0.012961
2025-02-16,WE,Prospecting | Trail,10416,132,$89.46,0.012673
2025-02-10,WE,Retargeting | Site Visitors,5389,96,$69.85,0.017814
2025-02-11,WE,Retargeting | Site Visitors,5696,92,$64.68,0.016152
2025-02-12,WE,Retargeting | Site Visitors,4670,122,$71.47,0.026124
2025-02-13,WE,Retargeting | Site Visitors,5346,114,$52.40,0.021324
2025-02-14,WE,Retargeting | Site Visitors,5668,81,$55.32,0.014291
2025-02-15,WE,Retargeting | Site Visitors,4347,95,$50.39,0.021854
2025-02-16,WE,Retargeting | Site Visitors,6300,80,$66.18,0.012698
2025-02-17,NE,Prospecting | Trail,14397,146,97.35,0.010141
2025-02-18,NE,Prospecting | Trail,9461,123,142.03,0.013001
2025-02-19,NE,Prospecting | Trail,12683,166,108.99,0.013088
2025-02-20,NE,Prospecting | Trail,11403,112,139.16,0.009822
2025-02-21,NE,Prospecting | Trail,13272,151,103.31,0.011377
2025-02-22,NE,Prospecting | Trail,11162,147,127.41,0.01317
2025-02-23,NE,Prospecting | Trail,11654,148,105.27,0.0127
2025-02-17,NE,Retargeting | Site Visitors,4578,89,63.64,0.019441
2025-02-18,NE,Retargeting | Site Visitors,5093,100,54.72,0.019635
2025-02-19,NE,Retargeting | Site Visitors,5647,122,73.19,0.021604
2025-02-20,NE,Retargeting | Site Visitors,6441,136,73.97,0.021115
2025-02-21,NE,Retargeting | Site Visitors,6197,112,66.56,0.018073
2025-02-22,NE,Retargeting | Site Visitors,6433,110,62.36,0.017099
2025-02-23,NE,Retargeting | Site Visitors,5208,115,60.93,0.022081
2025-02-17,MA,Prospecting | Trail,12419,155,116.28,0.012481
2025-02-18,MA,Prospecting | Trail,10558,146,118.47,0.013828
2025-02-19,MA,Prospecting | Trail,9785,117,104.72,0.011957
2025-02-20,MA,Prospecting | Trail,9725,131,81.25,0.01347
2025-02-21,MA,Prospecting | Trail,11393,148,121.82,0.01299
2025-02-22,MA,Prospecting | Trail,11285,134,102.14,0.011874
2025-02-23,MA,Prospecting | Trail,11578,153,107.41,0.013215
2025-02-17,MA,Retargeting | Site Visitors,4535,102,71.84,0.022492
2025-02-18,MA,Retargeting | Site Visitors,5141,106,49.79,0.020619
2025-02-19,MA,Retargeting | Site Visitors,6178,87,49.62,0.014082
2025-02-20,MA,Retargeting | Site Visitors,5290,95,64.86,0.017958
2025-02-21,MA,Retargeting | Site Visitors,5321,80,54.58,0.015035
2025-02-22,MA,Retargeting | Site Visitors,4997,88,63.52,0.017611
2025-02-23,MA,Retargeting | Site Visitors,5585,97,71.83,0.017368
2025-02-17,SE,Prospecting | Trail,7696,118,96.16,0.015333
2025-02-18,SE,Prospecting | Trail,8291,106,87.96,0.012785
2025-02-19,SE,Prospecting | Trail,9948,99,84.34,0.009952
2025-02-20,SE,Prospecting | Trail,9402,97,67.82,0.010317
2025-02-21,SE,Prospecting | Trail,6577,122,79.08,0.018549
2025-02-22,SE,Prospecting | Trail,9865,84,89.27,0.008515
2025-02-23,SE,Prospecting | Trail,8369,117,84.82,0.01398
2025-02-17,SE,Retargeting | Site Visitors,4289,86,44.63,0.020051
2025-02-18,SE,Retargeting | Site Visitors,4936,80,52.68,0.016207
2025-02-19,SE,Retargeting | Site Visitors,4114,92,53.9,0.022363
2025-02-20,SE,Retargeting | Site Visitors,5083,93,54.44,0.018296
2025-02-21,SE,Retargeting | Site Visitors,4117,97,55.81,0.023561
2025-02-22,SE,Retargeting | Site Visitors,4700,67,43.53,0.014255
2025-02-23,SE,Retargeting | Site Visitors,4709,79,62.42,0.016776
2025-02-17,MW,Prospecting | Trail,12636,147,124.04,0.011633
2025-02-18,MW,Prospecting | Trail,10065,142,130.01,0.014108
2025-02-19,MW,Prospecting | Trail,9873,144,87.54,0.014585
2025-02-20,MW,Prospecting | Trail,12319,145,120.22,0.01177
2025-02-21,MW,Prospecting | Trail,12231,106,100.99,0.008667
2025-02-22,MW,Prospecting | Trail,10042,108,99.49,0.010755
2025-02-23,MW,Prospecting | Trail,11929,119,112.85,0.009976
2025-02-17,MW,Retargeting | Site Visitors,4548,83,39.23,0.01825
2025-02-18,MW,Retargeting | Site Visitors,4718,89,42.47,0.018864
2025-02-19,MW,Retargeting | Site Visitors,5087,80,53.28,0.015726
2025-02-20,MW,Retargeting | Site Visitors,3937,89,59.85,0.022606
2025-02-21,MW,Retargeting | Site Visitors,4354,94,44.18,0.021589
2025-02-22,MW,Retargeting | Site Visitors,4359,82,54.85,0.018812
2025-02-23,MW,Retargeting | Site Visitors,3849,80,60.94,0.020785
2025-02-17,MT,Prospecting | Trail,9929,117,89.16,0.011784
2025-02-18,MT,Prospecting | Trail,9276,111,73.45,0.011966
2025-02-19,MT,Prospecting | Trail,10904,91,108.67,0.008346
2025-02-20,MT,Prospecting | Trail,9539,87,95.47,0.00912
2025-02-21,MT,Prospecting | Trail,8184,120,83.17,0.014663
2025-02-22,MT,Prospecting | Trail,10576,127,100.11,0.012008
2025-02-23,MT,Prospecting | Trail,8498,98,105.64,0.011532
2025-02-17,MT,Retargeting | Site Visitors,3151,75,48.02,0.023802
2025-02-18,MT,Retargeting | Site Visitors,3775,58,49.7,0.015364
2025-02-19,MT,Retargeting | Site Visitors,3793,74,49.57,0.01951
2025-02-20,MT,Retargeting | Site Visitors,4127,69,36.33,0.016719
2025-02-21,MT,Retargeting | Site Visitors,4347,61,36.8,0.014033
2025-02-22,MT,Retargeting | Site Visitors,3511,75,48.05,0.021361
2025-02-23,MT,Retargeting | Site Visitors,3835,64,36.74,0.016688
2025-02-17,WE,Prospecting | Trail,10460,134,$121.73,0.012811
2025-02-18,WE,Prospecting | Trail,14505,138,$114.30,0.009514
2025-02-19,WE,Prospecting | Trail,9792,155,$101.59,0.015829
2025-02-20,WE,Prospecting | Trail,12767,129,$128.14,0.010104
2025-02-21,WE,Prospecting | Trail,13210,135,$137.54,0.01022
2025-02-22,WE,Prospecting | Trail,12987,123,$118.06,0.009471
2025-02-23,WE,Prospecting | Trail,11217,147,$111.02,0.013105
2025-02-17,WE,Retargeting | Site Visitors,4807,128,$58.13,0.026628
2025-02-18,WE,Retargeting | Site Visitors,5817,112,$67.49,0.019254
2025-02-19,WE,Retargeting | Site Visitors,6345,99,$85.88,0.015603
2025-02-20,WE,Retargeting | Site Visitors,6581,131,$80.09,0.019906
2025-02-21,WE,Retargeting | Site Visitors,6610,111,$60.49,0.016793
2025-02-22,WE,Retargeting | Site Visitors,7201,122,$73.84,0.016942
2025-02-23,WE,Retargeting | Site Visitors,7137,126,$85.81,0.017654
2025-02-24,NE,Prospecting | Trail,12432,143,108.5,0.011503
2025-02-25,NE,Prospecting | Trail,12773,149,119.22,0.011665
2025-02-26,NE,Prospecting | Trail,9988,145,103.05,0.014517
2025-02-27,NE,Prospecting | Trail,11016,173,143.68,0.015704
2025-02-28,NE,Prospecting | Trail,14637,141,115.07,0.009633
2025-03-01,NE,Prospecting | Trail,14676,169,137.9,0.011515
2025-03-02,NE,Prospecting | Trail,13219,144,142.22,0.010893
2025-02-24,NE,Retargeting | Site Visitors,7062,105,55.23,0.014868
2025-02-25,NE,Retargeting | Site Visitors,6211,118,61.55,0.018999
2025-02-26,NE,Retargeting | Site Visitors,7070,97,83.14,0.01372
2025-02-27,NE,Retargeting | Site Visitors,6191,123,84.07,0.019868
2025-02-28,NE,Retargeting | Site Visitors,6433,143,84.88,0.022229
2025-03-01,NE,Retargeting | Site Visitors,6472,148,75.64,0.022868
2025-03-02,NE,Retargeting | Site Visitors,6307,137,81.57,0.021722
2025-02-24,MA,Prospecting | Trail,10197,132,119.55,0.012945
2025-02-25,MA,Prospecting | Trail,14795,132,126.84,0.008922
2025-02-26,MA,Prospecting | Trail,10333,174,134.8,0.016839
2025-02-27,MA,Prospecting | Trail,13279,171,106.58,0.012877
2025-02-28,MA,Prospecting | Trail,15179,169,140.69,0.011134
2025-03-01,MA,Prospecting | Trail,10368,168,109.08,0.016204
2025-03-02,MA,Prospecting | Trail,13044,139,116.97,0.010656
2025-02-24,MA,Retargeting | Site Visitors,5832,100,47.3,0.017147
2025-02-25,MA,Retargeting | Site Visitors,6132,102,72.44,0.016634
2025-02-26,MA,Retargeting | Site Visitors,4945,116,68.93,0.023458
2025-02-27,MA,Retargeting | Site Visitors,4224,80,67.66,0.018939
2025-02-28,MA,Retargeting | Site Visitors,5462,120,47.71,0.02197
2025-03-01,MA,Retargeting | Site Visitors,4592,111,51.42,0.024172
2025-03-02,MA,Retargeting | Site Visitors,5325,107,64.42,0.020094
2025-02-24,SE,Prospecting | Trail,9945,142,113.43,0.014279
2025-02-25,SE,Prospecting | Trail,12740,134,87.2,0.010518
2025-02-26,SE,Prospecting | Trail,9851,121,103.29,0.012283
2025-02-27,SE,Prospecting | Trail,10128,119,123.58,0.01175
2025-02-28,SE,Prospecting | Trail,11882,134,94.37,0.011278
2025-03-01,SE,Prospecting | Trail,9069,149,113.81,0.01643
2025-03-02,SE,Prospecting | Trail,10946,149,95.02,0.013612
2025-02-24,SE,Retargeting | Site Visitors,4381,101,53.02,0.023054
2025-02-25,SE,Retargeting | Site Visitors,4120,96,52.99,0.023301
2025-02-26,SE,Retargeting | Site Visitors,4497,73,43.06,0.016233
2025-02-27,SE,Retargeting | Site Visitors,3474,72,45.86,0.020725
2025-02-28,SE,Retargeting | Site Visitors,4538,104,45.11,0.022918
2025-03-01,SE,Retargeting | Site Visitors,4108,89,56.0,0.021665
2025-03-02,SE,Retargeting | Site Visitors,5063,74,51.06,0.014616
2025-02-24,MW,Prospecting | Trail,11408,125,89.16,0.010957
2025-02-25,MW,Prospecting | Trail,9013,110,106.06,0.012205
2025-02-26,MW,Prospecting | Trail,7730,112,97.94,0.014489
2025-02-27,MW,Prospecting | Trail,11356,123,75.99,0.010831
2025-02-28,MW,Prospecting | Trail,8329,121,91.08,0.014528
2025-03-01,MW,Prospecting | Trail,8489,83,85.03,0.009777
2025-03-02,MW,Prospecting | Trail,8106,124,86.17,0.015297
2025-02-24,MW,Retargeting | Site Visitors,6397,122,75.17,0.019071
2025-02-25,MW,Retargeting | Site Visitors,5424,104,69.71,0.019174
2025-02-26,MW,Retargeting | Site Visitors,5236,87,57.92,0.016616
2025-02-27,MW,Retargeting | Site Visitors,6376,131,69.68,0.020546
2025-02-28,MW,Retargeting | Site Visitors,4315,118,61.13,0.027346
2025-03-01,MW,Retargeting | Site Visitors,5722,112,63.72,0.019574
2025-03-02,MW,Retargeting | Site Visitors,6282,106,59.81,0.016874
2025-02-24,MT,Prospecting | Trail,8273,106,84.61,0.012813
2025-02-25,MT,Prospecting | Trail,10448,89,94.51,0.008518
2025-02-26,MT,Prospecting | Trail,7725,89,97.34,0.011521
2025-02-27,MT,Prospecting | Trail,8482,106,81.46,0.012497
2025-02-28,MT,Prospecting | Trail,7875,104,95.42,0.013206
2025-03-01,MT,Prospecting | Trail,9104,119,70.5,0.013071
2025-03-02,MT,Prospecting | Trail,10918,94,91.86,0.00861
2025-02-24,MT,Retargeting | Site Visitors,4587,77,45.84,0.016787
2025-02-25,MT,Retargeting | Site Visitors,3677,100,41.8,0.027196
2025-02-26,MT,Retargeting | Site Visitors,3456,92,55.85,0.02662
2025-02-27,MT,Retargeting | Site Visitors,4418,77,53.34,0.017429
2025-02-28,MT,Retargeting | Site Visitors,3619,96,39.27,0.026527
2025-03-01,MT,Retargeting | Site Visitors,4964,66,55.55,0.013296
2025-03-02,MT,Retargeting | Site Visitors,5181,90,52.24,0.017371
2025-02-24,WE,Prospecting | Trail,11003,201,$118.00,0.018268
2025-02-25,WE,Prospecting | Trail,13427,139,$127.85,0.010352
2025-02-26,WE,Prospecting | Trail,13229,203,$146.37,0.015345
2025-02-27,WE,Prospecting | Trail,14944,173,$153.66,0.011577
2025-02-28,WE,Prospecting | Trail,15100,170,$129.26,0.011258
2025-03-01,WE,Prospecting | Trail,15652,171,$151.17,0.010925
2025-03-02,WE,Prospecting | Trail,15647,143,$143.90,0.009139
2025-02-24,WE,Retargeting | Site Visitors,7633,138,$79.90,0.018079
2025-02-25,WE,Retargeting | Site Visitors,5236,143,$65.86,0.027311
2025-02-26,WE,Retargeting | Site Visitors,5213,113,$60.06,0.021677
2025-02-27,WE,Retargeting | Site Visitors,6716,105,$74.13,0.015634
2025-02-28,WE,Retargeting | Site Visitors,6677,123,$67.05,0.018421
2025-03-01,WE,Retargeting | Site Visitors,5702,108,$69.82,0.018941
2025-03-02,WE,Retargeting | Site Visitors,5597,124,$75.08,0.022155
2025-03-03,NE,Prospecting | Trail,15717,153,135.49,0.009735
2025-03-04,NE,Prospecting | Trail,13203,161,156.55,0.012194
2025-03-05,NE,Prospecting | Trail,13549,206,142.43,0.015204
2025-03-06,NE,Prospecting | Trail,15408,198,143.2,0.01285
2025-03-07,NE,Prospecting | Trail,13868,199,120.37,0.01435
2025-03-08,NE,Prospecting | Trail,15412,152,146.03,0.009862
2025-03-09,NE,Prospecting | Trail,11740,151,125.14,0.012862
2025-03-03,NE,Retargeting | Site Visitors,6383,120,84.14,0.0188
2025-03-04,NE,Retargeting | Site Visitors,6572,155,71.97,0.023585
2025-03-05,NE,Retargeting | Site Visitors,6918,120,82.51,0.017346
2025-03-06,NE,Retargeting | Site Visitors,5849,102,81.36,0.017439
2025-03-07,NE,Retargeting | Site Visitors,6068,146,78.65,0.024061
2025-03-08,NE,Retargeting | Site Visitors,6291,105,60.12,0.016691
2025-03-09,NE,Retargeting | Site Visitors,6933,129,58.91,0.018607
2025-03-03,NE,Launch | New Colorway,4684,74,50.06,0.015798
2025-03-04,NE,Launch | New Colorway,6757,78,50.7,0.011544
2025-03-05,NE,Launch | New Colorway,4535,93,46.64,0.020507
2025-03-06,NE,Launch | New Colorway,5308,74,57.62,0.013941
2025-03-07,NE,Launch | New Colorway,5862,103,54.26,0.017571
2025-03-08,NE,Launch | New Colorway,4883,78,56.62,0.015974
2025-03-09,NE,Launch | New Colorway,5219,69,64.03,0.013221
2025-03-03,MA,Prospecting | Trail,16327,206,169.16,0.012617
2025-03-04,MA,Prospecting | Trail,12845,174,143.13,0.013546
2025-03-05,MA,Prospecting | Trail,17048,164,146.13,0.00962
2025-03-06,MA,Prospecting | Trail,14493,201,116.83,0.013869
2025-03-07,MA,Prospecting | Trail,12678,134,136.32,0.010569
2025-03-08,MA,Prospecting | Trail,14307,176,173.35,0.012302
2025-03-09,MA,Prospecting | Trail,18289,170,153.76,0.009295
2025-03-03,MA,Retargeting | Site Visitors,5070,87,61.38,0.01716
2025-03-04,MA,Retargeting | Site Visitors,6347,118,69.9,0.018591
2025-03-05,MA,Retargeting | Site Visitors,5602,87,58.43,0.01553
2025-03-06,MA,Retargeting | Site Visitors,6504,84,60.4,0.012915
2025-03-07,MA,Retargeting | Site Visitors,6074,110,76.86,0.01811
2025-03-08,MA,Retargeting | Site Visitors,5971,120,58.64,0.020097
2025-03-09,MA,Retargeting | Site Visitors,4396,106,73.98,0.024113
2025-03-03,MA,Launch | New Colorway,6303,123,62.57,0.019515
2025-03-04,MA,Launch | New Colorway,7776,81,66.15,0.010417
2025-03-05,MA,Launch | New Colorway,5498,89,58.42,0.016188
2025-03-06,MA,Launch | New Colorway,5684,93,56.88,0.016362
2025-03-07,MA,Launch | New Colorway,6576,115,55.89,0.017488
2025-03-08,MA,Launch | New Colorway,5707,88,67.89,0.01542
2025-03-09,MA,Launch | New Colorway,5050,92,66.65,0.018218
2025-03-03,SE,Prospecting | Trail,12204,134,112.59,0.01098
2025-03-04,SE,Prospecting | Trail,10293,111,112.23,0.010784
2025-03-05,SE,Prospecting | Trail,9671,141,80.6,0.01458
2025-03-06,SE,Prospecting | Trail,9368,147,113.01,0.015692
2025-03-07,SE,Prospecting | Trail,8651,125,91.27,0.014449
2025-03-08,SE,Prospecting | Trail,8894,108,85.37,0.012143
2025-03-09,SE,Prospecting | Trail,12600,146,107.43,0.011587
2025-03-03,SE,Retargeting | Site Visitors,5087,108,56.49,0.021231
2025-03-04,SE,Retargeting | Site Visitors,4467,101,63.57,0.02261
2025-03-05,SE,Retargeting | Site Visitors,5701,92,70.18,0.016138
2025-03-06,SE,Retargeting | Site Visitors,5161,100,52.3,0.019376
2025-03-07,SE,Retargeting | Site Visitors,6142,93,48.39,0.015142
2025-03-08,SE,Retargeting | Site Visitors,4718,90,64.5,0.019076
2025-03-09,SE,Retargeting | Site Visitors,5463,91,67.07,0.016658
2025-03-03,SE,Launch | New Colorway,4590,69,48.42,0.015033
2025-03-04,SE,Launch | New Colorway,4561,68,41.96,0.014909
2025-03-05,SE,Launch | New Colorway,3981,61,51.77,0.015323
2025-03-06,SE,Launch | New Colorway,5228,60,55.96,0.011477
2025-03-07,SE,Launch | New Colorway,5597,75,41.65,0.0134
2025-03-08,SE,Launch | New Colorway,3997,52,46.17,0.01301
2025-03-09,SE,Launch | New Colorway,4113,66,41.16,0.016047
2025-03-03,MW,Prospecting | Trail,10236,112,120.31,0.010942
2025-03-04,MW,Prospecting | Trail,13684,138,112.99,0.010085
2025-03-05,MW,Prospecting | Trail,13245,154,96.21,0.011627
2025-03-06,MW,Prospecting | Trail,11791,145,89.55,0.012298
2025-03-07,MW,Prospecting | Trail,10532,121,128.29,0.011489
2025-03-08,MW,Prospecting | Trail,11273,136,129.68,0.012064
2025-03-09,MW,Prospecting | Trail,10037,139,114.8,0.013849
2025-03-03,MW,Retargeting | Site Visitors,6043,112,69.81,0.018534
2025-03-04,MW,Retargeting | Site Visitors,6674,119,90.44,0.01783
2025-03-05,MW,Retargeting | Site Visitors,5305,110,70.94,0.020735
2025-03-06,MW,Retargeting | Site Visitors,6916,105,64.8,0.015182
2025-03-07,MW,Retargeting | Site Visitors,7368,124,71.91,0.01683
2025-03-08,MW,Retargeting | Site Visitors,6956,129,72.59,0.018545
2025-03-09,MW,Retargeting | Site Visitors,5957,124,79.55,0.020816
2025-03-03,MW,Launch | New Colorway,6333,100,47.14,0.01579
2025-03-04,MW,Launch | New Colorway,5416,78,48.4,0.014402
2025-03-05,MW,Launch | New Colorway,5405,102,64.03,0.018871
2025-03-06,MW,Launch | New Colorway,6676,71,64.76,0.010635
2025-03-07,MW,Launch | New Colorway,5821,93,62.16,0.015977
2025-03-08,MW,Launch | New Colorway,4502,69,59.31,0.015327
2025-03-09,MW,Launch | New Colorway,6118,74,64.96,0.012095
2025-03-03,MT,Prospecting | Trail,11073,86,101.05,0.007767
2025-03-04,MT,Prospecting | Trail,7605,99,80.45,0.013018
2025-03-05,MT,Prospecting | Trail,10226,125,79.01,0.012224
2025-03-06,MT,Prospecting | Trail,7456,126,77.76,0.016899
2025-03-07,MT,Prospecting | Trail,10159,104,94.03,0.010237
2025-03-08,MT,Prospecting | Trail,11227,104,113.41,0.009263
2025-03-09,MT,Prospecting | Trail,8073,97,99.32,0.012015
2025-03-03,MT,Retargeting | Site Visitors,4759,78,48.82,0.01639
2025-03-04,MT,Retargeting | Site Visitors,5292,105,68.62,0.019841
2025-03-05,MT,Retargeting | Site Visitors,4057,82,51.48,0.020212
2025-03-06,MT,Retargeting | Site Visitors,4410,93,54.3,0.021088
2025-03-07,MT,Retargeting | Site Visitors,5118,114,60.5,0.022274
2025-03-08,MT,Retargeting | Site Visitors,4712,91,56.21,0.019312
2025-03-09,MT,Retargeting | Site Visitors,5345,93,47.56,0.017399
2025-03-03,MT,Launch | New Colorway,4497,65,54.49,0.014454
2025-03-04,MT,Launch | New Colorway,4490,76,51.38,0.016927
2025-03-05,MT,Launch | New Colorway,4692,83,40.68,0.01769
2025-03-06,MT,Launch | New Colorway,4902,57,54.73,0.011628
2025-03-07,MT,Launch | New Colorway,5045,74,41.44,0.014668
2025-03-08,MT,Launch | New Colorway,4362,64,52.83,0.014672
2025-03-09,MT,Launch | New Colorway,4952,84,40.43,0.016963
2025-03-03,WE,Prospecting | Trail,18855,175,$145.42,0.009281
2025-03-04,WE,Prospecting | Trail,18226,190,$139.10,0.010425
2025-03-05,WE,Prospecting | Trail,16643,224,$150.08,0.013459
2025-03-06,WE,Prospecting | Trail,14905,162,$133.62,0.010869
2025-03-07,WE,Prospecting | Trail,12648,217,$162.75,0.017157
2025-03-08,WE,Prospecting | Trail,12830,182,$159.56,0.014186
2025-03-09,WE,Prospecting | Trail,13935,156,$168.26,0.011195
2025-03-03,WE,Retargeting | Site Visitors,7612,203,$77.62,0.026668
2025-03-04,WE,Retargeting | Site Visitors,9129,141,$83.07,0.015445
2025-03-05,WE,Retargeting | Site Visitors,7706,151,$100.57,0.019595
2025-03-06,WE,Retargeting | Site Visitors,8624,156,$101.35,0.018089
2025-03-07,WE,Retargeting | Site Visitors,8025,135,$109.27,0.016822
2025-03-08,WE,Retargeting | Site Visitors,7248,184,$77.91,0.025386
2025-03-09,WE,Retargeting | Site Visitors,6809,141,$84.46,0.020708
2025-03-03,WE,Launch | New Colorway,5583,104,$64.87,0.018628
2025-03-04,WE,Launch | New Colorway,6890,104,$76.23,0.015094
2025-03-05,WE,Launch | New Colorway,5459,84,$73.41,0.015387
2025-03-06,WE,Launch | New Colorway,4733,94,$50.53,0.019861
2025-03-07,WE,Launch | New Colorway,6535,98,$65.72,0.014996
2025-03-08,WE,Launch | New Colorway,6523,92,$52.51,0.014104
2025-03-09,WE,Launch | New Colorway,6912,96,$51.61,0.013889
2025-03-10,NE,Prospecting | Trail,10827,159,99.52,0.014686
2025-03-11,NE,Prospecting | Trail,10171,127,99.98,0.012486
2025-03-12,NE,Prospecting | Trail,14407,131,147.21,0.009093
2025-03-13,NE,Prospecting | Trail,12915,159,124.47,0.012311
2025-03-14,NE,Prospecting | Trail,15789,123,134.61,0.00779
2025-03-15,NE,Prospecting | Trail,10471,150,114.24,0.014325
2025-03-16,NE,Prospecting | Trail,13272,151,140.92,0.011377
2025-03-10,NE,Retargeting | Site Visitors,6820,119,87.52,0.017449
2025-03-11,NE,Retargeting | Site Visitors,6577,147,72.16,0.022351
2025-03-12,NE,Retargeting | Site Visitors,5918,128,94.41,0.021629
2025-03-13,NE,Retargeting | Site Visitors,6165,127,69.2,0.0206
2025-03-14,NE,Retargeting | Site Visitors,7591,140,75.13,0.018443
2025-03-15,NE,Retargeting | Site Visitors,6455,152,63.73,0.023548
2025-03-16,NE,Retargeting | Site Visitors,7147,120,74.58,0.01679
2025-03-10,MA,Prospecting | Trail,13621,161,104.08,0.01182
2025-03-11,MA,Prospecting | Trail,14570,124,111.3,0.008511
2025-03-12,MA,Prospecting | Trail,13025,147,131.79,0.011286
2025-03-13,MA,Prospecting | Trail,11296,123,142.86,0.010889
2025-03-14,MA,Prospecting | Trail,14017,178,145.16,0.012699
2025-03-15,MA,Prospecting | Trail,13936,147,142.08,0.010548
2025-03-16,MA,Prospecting | Trail,12750,172,136.25,0.01349
2025-03-10,MA,Retargeting | Site Visitors,4830,123,66.59,0.025466
2025-03-11,MA,Retargeting | Site Visitors,7119,117,73.0,0.016435
2025-03-12,MA,Retargeting | Site Visitors,4773,109,68.61,0.022837
2025-03-13,MA,Retargeting | Site Visitors,6414,123,56.22,0.019177
2025-03-14,MA,Retargeting | Site Visitors,5321,108,71.66,0.020297
2025-03-15,MA,Retargeting | Site Visitors,5495,117,60.77,0.021292
2025-03-16,MA,Retargeting | Site Visitors,7203,129,76.43,0.017909
2025-03-10,SE,Prospecting | Trail,13272,160,133.27,0.012055
2025-03-11,SE,Prospecting | Trail,9746,115,97.6,0.0118
2025-03-12,SE,Prospecting | Trail,13652,118,98.39,0.008643
2025-03-13,SE,Prospecting | Trail,12164,160,110.35,0.013154
2025-03-14,SE,Prospecting | Trail,12392,118,101.92,0.009522
2025-03-15,SE,Prospecting | Trail,9322,142,143.35,0.015233
2025-03-16,SE,Prospecting | Trail,12619,160,130.14,0.012679
2025-03-10,SE,Retargeting | Site Visitors,5809,93,74.24,0.01601
2025-03-11,SE,Retargeting | Site Visitors,6339,123,62.92,0.019404
2025-03-12,SE,Retargeting | Site Visitors,4585,120,70.95,0.026172
2025-03-13,SE,Retargeting | Site Visitors,6873,107,75.83,0.015568
2025-03-14,SE,Retargeting | Site Visitors,6140,102,57.85,0.016612
2025-03-15,SE,Retargeting | Site Visitors,5787,102,54.71,0.017626
2025-03-16,SE,Retargeting | Site Visitors,4741,119,66.65,0.0251
2025-03-10,MW,Prospecting | Trail,12941,125,104.51,0.009659
2025-03-11,MW,Prospecting | Trail,12710,133,104.54,0.010464
2025-03-12,MW,Prospecting | Trail,12508,149,117.25,0.011912
2025-03-13,MW,Prospecting | Trail,9916,141,148.73,0.014219
2025-03-14,MW,Prospecting | Trail,11119,153,148.02,0.01376
2025-03-15,MW,Prospecting | Trail,13020,110,101.29,0.008449
2025-03-16,MW,Prospecting | Trail,13269,147,113.4,0.011078
2025-03-10,MW,Retargeting | Site Visitors,4285,115,51.55,0.026838
2025-03-11,MW,Retargeting | Site Visitors,5771,89,57.42,0.015422
2025-03-12,MW,Retargeting | Site Visitors,6212,88,67.98,0.014166
2025-03-13,MW,Retargeting | Site Visitors,4741,109,56.07,0.022991
2025-03-14,MW,Retargeting | Site Visitors,4892,109,61.35,0.022281
2025-03-15,MW,Retargeting | Site Visitors,4955,110,63.85,0.0222
2025-03-16,MW,Retargeting | Site Visitors,6287,113,68.91,0.017974
2025-03-10,MT,Prospecting | Trail,8778,146,91.9,0.016632
2025-03-11,MT,Prospecting | Trail,12078,123,98.34,0.010184
2025-03-12,MT,Prospecting | Trail,11361,108,97.25,0.009506
2025-03-13,MT,Prospecting | Trail,10080,133,75.68,0.013194
2025-03-14,MT,Prospecting | Trail,8814,132,108.35,0.014976
2025-03-15,MT,Prospecting | Trail,9052,100,115.6,0.011047
2025-03-16,MT,Prospecting | Trail,8621,130,86.97,0.015079
2025-03-10,MT,Retargeting | Site Visitors,4610,114,55.69,0.024729
2025-03-11,MT,Retargeting | Site Visitors,5554,78,57.74,0.014044
2025-03-12,MT,Retargeting | Site Visitors,4299,100,62.73,0.023261
2025-03-13,MT,Retargeting | Site Visitors,4709,88,52.47,0.018688
2025-03-14,MT,Retargeting | Site Visitors,4603,90,47.6,0.019552
2025-03-15,MT,Retargeting | Site Visitors,4859,111,61.08,0.022844
2025-03-16,MT,Retargeting | Site Visitors,4955,101,48.98,0.020383
2025-03-10,WE,Prospecting | Trail,10221,191,$154.07,0.018687
2025-03-11,WE,Prospecting | Trail,12264,206,$121.06,0.016797
2025-03-12,WE,Prospecting | Trail,14900,153,$135.42,0.010268
2025-03-13,WE,Prospecting | Trail,15160,144,$144.63,0.009499
2025-03-14,WE,Prospecting | Trail,14520,149,$123.10,0.010262
2025-03-15,WE,Prospecting | Trail,15315,140,$108.61,0.009141
2025-03-16,WE,Prospecting | Trail,10480,190,$123.14,0.01813
2025-03-10,WE,Retargeting | Site Visitors,7874,151,$95.75,0.019177
2025-03-11,WE,Retargeting | Site Visitors,7738,139,$90.88,0.017963
2025-03-12,WE,Retargeting | Site Visitors,6088,143,$97.82,0.023489
2025-03-13,WE,Retargeting | Site Visitors,7191,152,$92.65,0.021138
2025-03-14,WE,Retargeting | Site Visitors,6888,100,$63.84,0.014518
2025-03-15,WE,Retargeting | Site Visitors,6996,150,$67.88,0.021441
2025-03-16,WE,Retargeting | Site Visitors,7635,140,$70.89,0.018337
2025-03-17,NE,Prospecting | Trail,13546,208,138.07,0.015355
2025-03-18,NE,Prospecting | Trail,12444,163,172.2,0.013099
2025-03-19,NE,Prospecting | Trail,17068,160,134.77,0.009374
2025-03-20,NE,Prospecting | Trail,13200,152,143.85,0.011515
2025-03-21,NE,Prospecting | Trail,18232,208,166.28,0.011409
2025-03-22,NE,Prospecting | Trail,16252,173,139.4,0.010645
2025-03-23,NE,Prospecting | Trail,17634,166,167.49,0.009414
2025-03-17,NE,Retargeting | Site Visitors,6670,112,64.8,0.016792
2025-03-18,NE,Retargeting | Site Visitors,7165,106,79.05,0.014794
2025-03-19,NE,Retargeting | Site Visitors,5760,145,62.66,0.025174
2025-03-20,NE,Retargeting | Site Visitors,6499,99,62.45,0.015233
2025-03-21,NE,Retargeting | Site Visitors,6802,125,91.68,0.018377
2025-03-22,NE,Retargeting | Site Visitors,6926,133,81.91,0.019203
2025-03-23,NE,Retargeting | Site Visitors,6122,107,85.82,0.017478
2025-03-17,MA,Prospecting | Trail,12325,153,169.68,0.012414
2025-03-18,MA,Prospecting | Trail,17538,149,124.95,0.008496
2025-03-19,MA,Prospecting | Trail,11613,137,141.19,0.011797
2025-03-20,MA,Prospecting | Trail,12211,206,111.2,0.01687
2025-03-21,MA,Prospecting | Trail,15529,199,142.73,0.012815
2025-03-22,MA,Prospecting | Trail,17229,141,147.82,0.008184
2025-03-23,MA,Prospecting | Trail,12765,184,134.71,0.014414
2025-03-17,MA,Retargeting | Site Visitors,4883,107,51.6,0.021913
2025-03-18,MA,Retargeting | Site Visitors,5250,127,49.1,0.02419
2025-03-19,MA,Retargeting | Site Visitors,4963,116,73.32,0.023373
2025-03-20,MA,Retargeting | Site Visitors,6278,88,72.67,0.014017
2025-03-21,MA,Retargeting | Site Visitors,4948,86,58.42,0.017381
2025-03-22,MA,Retargeting | Site Visitors,6623,131,73.95,0.01978
2025-03-23,MA,Retargeting | Site Visitors,5198,95,59.58,0.018276
2025-03-17,SE,Prospecting | Trail,10668,144,98.38,0.013498
2025-03-18,SE,Prospecting | Trail,13011,157,137.98,0.012067
2025-03-19,SE,Prospecting | Trail,12696,163,116.07,0.012839
2025-03-20,SE,Prospecting | Trail,13840,141,139.11,0.010188
2025-03-21,SE,Prospecting | Trail,11299,136,117.25,0.012036
2025-03-22,SE,Prospecting | Trail,10972,164,140.85,0.014947
2025-03-23,SE,Prospecting | Trail,13847,166,96.42,0.011988
2025-03-17,SE,Retargeting | Site Visitors,4647,94,61.84,0.020228
2025-03-18,SE,Retargeting | Site Visitors,5281,85,62.99,0.016095
2025-03-19,SE,Retargeting | Site Visitors,4680,92,46.61,0.019658
2025-03-20,SE,Retargeting | Site Visitors,5368,68,52.76,0.012668
2025-03-21,SE,Retargeting | Site Visitors,5450,85,62.96,0.015596
2025-03-22,SE,Retargeting | Site Visitors,4005,98,57.05,0.024469
2025-03-23,SE,Retargeting | Site Visitors,4244,96,43.06,0.02262
2025-03-17,MW,Prospecting | Trail,11833,157,96.48,0.013268
2025-03-18,MW,Prospecting | Trail,12520,114,130.17,0.009105
2025-03-19,MW,Prospecting | Trail,12110,109,130.69,0.009001
2025-03-20,MW,Prospecting | Trail,13948,154,134.12,0.011041
2025-03-21,MW,Prospecting | Trail,9683,164,104.72,0.016937
2025-03-22,MW,Prospecting | Trail,13078,130,126.09,0.00994
2025-03-23,MW,Prospecting | Trail,11891,154,111.35,0.012951
2025-03-17,MW,Retargeting | Site Visitors,4963,112,67.09,0.022567
2025-03-18,MW,Retargeting | Site Visitors,5027,110,76.89,0.021882
2025-03-19,MW,Retargeting | Site Visitors,6227,121,53.45,0.019432
2025-03-20,MW,Retargeting | Site Visitors,6670,114,61.1,0.017091
2025-03-21,MW,Retargeting | Site Visitors,5975,109,80.07,0.018243
2025-03-22,MW,Retargeting | Site Visitors,5861,123,74.57,0.020986
2025-03-23,MW,Retargeting | Site Visitors,7044,104,67.15,0.014764
2025-03-17,MT,Prospecting | Trail,10447,166,110.76,0.01589
2025-03-18,MT,Prospecting | Trail,11933,119,107.24,0.009972
2025-03-19,MT,Prospecting | Trail,11376,127,96.91,0.011164
2025-03-20,MT,Prospecting | Trail,10336,108,118.43,0.010449
2025-03-21,MT,Prospecting | Trail,9561,166,92.3,0.017362
2025-03-22,MT,Prospecting | Trail,11615,116,110.7,0.009987
2025-03-23,MT,Prospecting | Trail,10711,128,108.25,0.01195
2025-03-17,MT,Retargeting | Site Visitors,4881,80,57.97,0.01639
2025-03-18,MT,Retargeting | Site Visitors,4907,106,61.54,0.021602
2025-03-19,MT,Retargeting | Site Visitors,5413,81,50.28,0.014964
2025-03-20,MT,Retargeting | Site Visitors,6292,98,62.11,0.015575
2025-03-21,MT,Retargeting | Site Visitors,4912,90,61.5,0.018322
2025-03-22,MT,Retargeting | Site Visitors,4182,103,53.47,0.024629
2025-03-23,MT,Retargeting | Site Visitors,4826,107,60.39,0.022172
2025-03-17,WE,Prospecting | Trail,14504,186,$163.98,0.012824
2025-03-18,WE,Prospecting | Trail,13515,159,$175.33,0.011765
2025-03-19,WE,Prospecting | Trail,15379,138,$174.21,0.008973
2025-03-20,WE,Prospecting | Trail,16178,173,$128.33,0.010694
2025-03-21,WE,Prospecting | Trail,14927,160,$119.73,0.010719
2025-03-22,WE,Prospecting | Trail,15544,185,$119.95,0.011902
2025-03-23,WE,Prospecting | Trail,12940,166,$127.74,0.012828
2025-03-17,WE,Retargeting | Site Visitors,5940,99,$77.89,0.016667
2025-03-18,WE,Retargeting | Site Visitors,7507,115,$66.82,0.015319
2025-03-19,WE,Retargeting | Site Visitors,6132,105,$81.43,0.017123
2025-03-20,WE,Retargeting | Site Visitors,6096,126,$61.51,0.020669
2025-03-21,WE,Retargeting | Site Visitors,6322,128,$72.46,0.020247
2025-03-22,WE,Retargeting | Site Visitors,6804,141,$67.80,0.020723
2025-03-23,WE,Retargeting | Site Visitors,5389,120,$80.29,0.022268
2025-03-24,NE,Prospecting | Trail,10795,175,145.55,0.016211
2025-03-25,NE,Prospecting | Trail,12455,183,103.73,0.014693
2025-03-26,NE,Prospecting | Trail,12320,146,131.06,0.011851
2025-03-27,NE,Prospecting | Trail,14279,164,125.57,0.011485
2025-03-28,NE,Prospecting | Trail,13825,141,115.86,0.010199
2025-03-29,NE,Prospecting | Trail,12713,204,110.89,0.016047
2025-03-30,NE,Prospecting | Trail,14069,144,153.8,0.010235
2025-03-24,NE,Retargeting | Site Visitors,4768,113,72.96,0.0237
2025-03-25,NE,Retargeting | Site Visitors,7261,138,72.02,0.019006
2025-03-26,NE,Retargeting | Site Visitors,6962,110,70.22,0.0158
2025-03-27,NE,Retargeting | Site Visitors,5420,127,63.08,0.023432
2025-03-28,NE,Retargeting | Site Visitors,5153,124,70.59,0.024064
2025-03-29,NE,Retargeting | Site Visitors,6137,95,58.68,0.01548
2025-03-30,NE,Retargeting | Site Visitors,6230,112,74.67,0.017978
2025-03-24,MA,Prospecting | Trail,14233,142,122.86,0.009977
2025-03-25,MA,Prospecting | Trail,14109,186,129.33,0.013183
2025-03-26,MA,Prospecting | Trail,12148,181,147.84,0.0149
2025-03-27,MA,Prospecting | Trail,13352,143,159.85,0.01071
2025-03-28,MA,Prospecting | Trail,18023,170,137.11,0.009432
2025-03-29,MA,Prospecting | Trail,12937,182,133.49,0.014068
2025-03-30,MA,Prospecting | Trail,13377,146,131.66,0.010914
2025-03-24,MA,Retargeting | Site Visitors,6817,114,77.25,0.016723
2025-03-25,MA,Retargeting | Site Visitors,5186,106,56.3,0.02044
2025-03-26,MA,Retargeting | Site Visitors,5456,146,77.49,0.02676
2025-03-27,MA,Retargeting | Site Visitors,7491,128,66.85,0.017087
2025-03-28,MA,Retargeting | Site Visitors,6093,120,63.98,0.019695
2025-03-29,MA,Retargeting | Site Visitors,5829,109,82.74,0.0187
2025-03-30,MA,Retargeting | Site Visitors,7348,120,83.93,0.016331
2025-03-24,SE,Prospecting | Trail,14098,154,94.79,0.010924
2025-03-25,SE,Prospecting | Trail,11232,127,122.78,0.011307
2025-03-26,SE,Prospecting | Trail,10291,113,143.72,0.01098
2025-03-27,SE,Prospecting | Trail,9427,148,112.15,0.0157
2025-03-28,SE,Prospecting | Trail,9902,160,95.49,0.016158
2025-03-29,SE,Prospecting | Trail,12637,158,109.57,0.012503
2025-03-30,SE,Prospecting | Trail,14063,143,121.66,0.010169
2025-03-24,SE,Retargeting | Site Visitors,4110,112,47.54,0.027251
2025-03-25,SE,Retargeting | Site Visitors,5404,91,62.19,0.016839
2025-03-26,SE,Retargeting | Site Visitors,4777,75,60.14,0.0157
2025-03-27,SE,Retargeting | Site Visitors,5256,107,52.95,0.020358
2025-03-28,SE,Retargeting | Site Visitors,4185,85,46.23,0.020311
2025-03-29,SE,Retargeting | Site Visitors,5517,94,67.4,0.017038
2025-03-30,SE,Retargeting | Site Visitors,4772,82,54.79,0.017184
2025-03-24,MW,Prospecting | Trail,10303,168,122.61,0.016306
2025-03-25,MW,Prospecting | Trail,11982,154,118.39,0.012853
2025-03-26,MW,Prospecting | Trail,9784,160,102.02,0.016353
2025-03-27,MW,Prospecting | Trail,12759,160,126.27,0.01254
2025-03-28,MW,Prospecting | Trail,10246,118,119.49,0.011517
2025-03-29,MW,Prospecting | Trail,12500,122,101.15,0.00976
2025-03-30,MW,Prospecting | Trail,13379,144,103.41,0.010763
2025-03-24,MW,Retargeting | Site Visitors,5415,73,61.11,0.013481
2025-03-25,MW,Retargeting | Site Visitors,4968,98,51.98,0.019726
2025-03-26,MW,Retargeting | Site Visitors,4822,89,72.23,0.018457
2025-03-27,MW,Retargeting | Site Visitors,4491,104,52.86,0.023157
2025-03-28,MW,Retargeting | Site Visitors,4819,72,58.1,0.014941
2025-03-29,MW,Retargeting | Site Visitors,4483,86,47.68,0.019184
2025-03-30,MW,Retargeting | Site Visitors,4972,91,46.71,0.018302
2025-03-24,MT,Prospecting | Trail,12222,116,88.34,0.009491
2025-03-25,MT,Prospecting | Trail,11984,129,95.74,0.010764
2025-03-26,MT,Prospecting | Trail,8366,148,98.91,0.017691
2025-03-27,MT,Prospecting | Trail,9978,161,121.86,0.016135
2025-03-28,MT,Prospecting | Trail,12540,146,126.64,0.011643
2025-03-29,MT,Prospecting | Trail,11180,158,127.35,0.014132
2025-03-30,MT,Prospecting | Trail,12279,116,110.96,0.009447
2025-03-24,MT,Retargeting | Site Visitors,4398,100,50.76,0.022738
2025-03-25,MT,Retargeting | Site Visitors,4047,73,63.53,0.018038
2025-03-26,MT,Retargeting | Site Visitors,5111,80,51.35,0.015653
2025-03-27,MT,Retargeting | Site Visitors,4477,84,54.67,0.018763
2025-03-28,MT,Retargeting | Site Visitors,5258,93,48.9,0.017687
2025-03-29,MT,Retargeting | Site Visitors,5491,71,47.29,0.01293
2025-03-30,MT,Retargeting | Site Visitors,3943,98,59.83,0.024854
2025-03-24,WE,Prospecting | Trail,15281,173,$129.42,0.011321
2025-03-25,WE,Prospecting | Trail,12934,169,$139.16,0.013066
2025-03-26,WE,Prospecting | Trail,15780,158,$163.95,0.010013
2025-03-27,WE,Prospecting | Trail,14900,164,$125.72,0.011007
2025-03-28,WE,Prospecting | Trail,13720,130,$164.29,0.009475
2025-03-29,WE,Prospecting | Trail,12169,148,$125.57,0.012162
2025-03-30,WE,Prospecting | Trail,15018,173,$129.94,0.01152
2025-03-24,WE,Retargeting | Site Visitors,5711,165,$83.26,0.028892
2025-03-25,WE,Retargeting | Site Visitors,8006,114,$73.16,0.014239
2025-03-26,WE,Retargeting | Site Visitors,7807,111,$65.04,0.014218
2025-03-27,WE,Retargeting | Site Visitors,5658,120,$78.48,0.021209
2025-03-28,WE,Retargeting | Site Visitors,8023,137,$87.64,0.017076
2025-03-29,WE,Retargeting | Site Visitors,5534,130,$68.15,0.023491
2025-03-30,WE,Retargeting | Site Visitors,6449,144,$86.95,0.022329
2025-03-31,NE,Prospecting | Trail,13187,155,142.95,0.011754
2025-04-01,NE,Prospecting | Trail,12124,187,128.14,0.015424
2025-04-02,NE,Prospecting | Trail,13887,182,114.93,0.013106
2025-04-03,NE,Prospecting | Trail,14819,149,135.89,0.010055
2025-04-04,NE,Prospecting | Trail,14642,173,149.94,0.011815
2025-04-05,NE,Prospecting | Trail,12610,144,143.77,0.01142
2025-04-06,NE,Prospecting | Trail,13144,164,109.64,0.012477
2025-03-31,NE,Retargeting | Site Visitors,6294,142,58.9,0.022561
2025-04-01,NE,Retargeting | Site Visitors,4823,96,84.03,0.019905
2025-04-02,NE,Retargeting | Site Visitors,7044,114,75.23,0.016184
2025-04-03,NE,Retargeting | Site Visitors,5178,130,68.48,0.025106
2025-04-04,NE,Retargeting | Site Visitors,5575,95,62.9,0.01704
2025-04-05,NE,Retargeting | Site Visitors,5219,113,68.23,0.021652
2025-04-06,NE,Retargeting | Site Visitors,7338,136,59.14,0.018534
2025-03-31,MA,Prospecting | Trail,14368,137,112.73,0.009535
2025-04-01,MA,Prospecting | Trail,14346,173,120.6,0.012059
2025-04-02,MA,Prospecting | Trail,11253,169,127.81,0.015018
2025-04-03,MA,Prospecting | Trail,15446,163,171.45,0.010553
2025-04-04,MA,Prospecting | Trail,13860,172,137.2,0.01241
2025-04-05,MA,Prospecting | Trail,14612,171,124.8,0.011703
2025-04-06,MA,Prospecting | Trail,10596,118,131.34,0.011136
2025-03-31,MA,Retargeting | Site Visitors,6525,123,65.92,0.018851
2025-04-01,MA,Retargeting | Site Visitors,6986,136,83.65,0.019468
2025-04-02,MA,Retargeting | Site Visitors,6741,113,69.84,0.016763
2025-04-03,MA,Retargeting | Site Visitors,6150,120,69.54,0.019512
2025-04-04,MA,Retargeting | Site Visitors,7502,158,102.74,0.021061
2025-04-05,MA,Retargeting | Site Visitors,6867,114,98.05,0.016601
2025-04-06,MA,Retargeting | Site Visitors,7676,111,67.39,0.014461
2025-03-31,SE,Prospecting | Trail,10733,131,121.62,0.012205
2025-04-01,SE,Prospecting | Trail,13402,126,102.75,0.009402
2025-04-02,SE,Prospecting | Trail,11332,156,127.24,0.013766
2025-04-03,SE,Prospecting | Trail,15072,145,123.11,0.00962
2025-04-04,SE,Prospecting | Trail,10913,152,118.84,0.013928
2025-04-05,SE,Prospecting | Trail,10819,155,131.71,0.014327
2025-04-06,SE,Prospecting | Trail,14592,131,125.98,0.008978
2025-03-31,SE,Retargeting | Site Visitors,5831,100,60.64,0.01715
2025-04-01,SE,Retargeting | Site Visitors,5615,107,67.83,0.019056
2025-04-02,SE,Retargeting | Site Visitors,4417,92,70.23,0.020829
2025-04-03,SE,Retargeting | Site Visitors,5099,89,65.66,0.017454
2025-04-04,SE,Retargeting | Site Visitors,4577,100,50.58,0.021848
2025-04-05,SE,Retargeting | Site Visitors,6018,97,50.0,0.016118
2025-04-06,SE,Retargeting | Site Visitors,5970,89,66.62,0.014908
2025-03-31,MW,Prospecting | Trail,10454,126,119.88,0.012053
2025-04-01,MW,Prospecting | Trail,12101,141,125.77,0.011652
2025-04-02,MW,Prospecting | Trail,11949,154,97.23,0.012888
2025-04-03,MW,Prospecting | Trail,10493,142,114.66,0.013533
2025-04-04,MW,Prospecting | Trail,9090,125,87.83,0.013751
2025-04-05,MW,Prospecting | Trail,11395,127,117.0,0.011145
2025-04-06,MW,Prospecting | Trail,11077,127,87.91,0.011465
2025-03-31,MW,Retargeting | Site Visitors,7551,102,73.2,0.013508
2025-04-01,MW,Retargeting | Site Visitors,6851,116,72.56,0.016932
2025-04-02,MW,Retargeting | Site Visitors,7537,126,76.93,0.016718
2025-04-03,MW,Retargeting | Site Visitors,5742,118,66.83,0.02055
2025-04-04,MW,Retargeting | Site Visitors,5145,115,67.6,0.022352
2025-04-05,MW,Retargeting | Site Visitors,5880,94,75.73,0.015986
2025-04-06,MW,Retargeting | Site Visitors,5181,113,71.86,0.02181
2025-03-31,MT,Prospecting | Trail,9013,117,90.09,0.012981
2025-04-01,MT,Prospecting | Trail,10366,118,88.46,0.011383
2025-04-02,MT,Prospecting | Trail,8165,127,93.12,0.015554
2025-04-03,MT,Prospecting | Trail,9446,124,81.17,0.013127
2025-04-04,MT,Prospecting | Trail,8103,105,94.73,0.012958
2025-04-05,MT,Prospecting | Trail,9663,101,80.1,0.010452
2025-04-06,MT,Prospecting | Trail,7424,102,81.7,0.013739
2025-03-31,MT,Retargeting | Site Visitors,4391,87,55.41,0.019813
2025-04-01,MT,Retargeting | Site Visitors,4201,96,47.5,0.022852
2025-04-02,MT,Retargeting | Site Visitors,4899,94,40.79,0.019188
2025-04-03,MT,Retargeting | Site Visitors,4398,75,55.3,0.017053
2025-04-04,MT,Retargeting | Site Visitors,4771,89,42.58,0.018654
2025-04-05,MT,Retargeting | Site Visitors,3489,72,47.39,0.020636
2025-04-06,MT,Retargeting | Site Visitors,4203,66,60.09,0.015703
2025-03-31,WE,Prospecting | Trail,16892,214,$168.69,0.012669
2025-04-01,WE,Prospecting | Trail,13125,171,$127.97,0.013029
2025-04-02,WE,Prospecting | Trail,18003,154,$137.30,0.008554
2025-04-03,WE,Prospecting | Trail,17544,225,$180.03,0.012825
2025-04-04,WE,Prospecting | Trail,15296,151,$186.33,0.009872
2025-04-05,WE,Prospecting | Trail,14866,210,$152.23,0.014126
2025-04-06,WE,Prospecting | Trail,17171,159,$153.83,0.00926
2025-03-31,WE,Retargeting | Site Visitors,7786,160,$96.28,0.02055
2025-04-01,WE,Retargeting | Site Visitors,7789,116,$89.14,0.014893
2025-04-02,WE,Retargeting | Site Visitors,6636,133,$76.00,0.020042
2025-04-03,WE,Retargeting | Site Visitors,7456,164,$89.81,0.021996
2025-04-04,WE,Retargeting | Site Visitors,8778,142,$90.73,0.016177
2025-04-05,WE,Retargeting | Site Visitors,7282,140,$90.54,0.019225
2025-04-06,WE,Retargeting | Site Visitors,9337,128,$100.73,0.013709
2025-04-07,NE,Prospecting | Trail,11261,175,154.8,0.01554
2025-04-08,NE,Prospecting | Trail,14229,194,137.92,0.013634
2025-04-09,NE,Prospecting | Trail,12436,165,151.9,0.013268
2025-04-10,NE,Prospecting | Trail,13985,140,111.07,0.010011
2025-04-11,NE,Prospecting | Trail,11877,163,120.83,0.013724
2025-04-12,NE,Prospecting | Trail,15047,191,128.9,0.012694
2025-04-13,NE,Prospecting | Trail,14327,162,107.56,0.011307
2025-04-07,NE,Retargeting | Site Visitors,6647,100,66.72,0.015044
2025-04-08,NE,Retargeting | Site Visitors,5934,112,81.15,0.018874
2025-04-09,NE,Retargeting | Site Visitors,5690,110,73.06,0.019332
2025-04-10,NE,Retargeting | Site Visitors,5589,116,70.84,0.020755
2025-04-11,NE,Retargeting | Site Visitors,6113,106,63.95,0.01734
2025-04-12,NE,Retargeting | Site Visitors,5922,127,61.35,0.021445
2025-04-13,NE,Retargeting | Site Visitors,5883,147,63.38,0.024987
2025-04-07,MA,Prospecting | Trail,13992,126,111.29,0.009005
2025-04-08,MA,Prospecting | Trail,11121,163,148.9,0.014657
2025-04-09,MA,Prospecting | Trail,13701,146,125.43,0.010656
2025-04-10,MA,Prospecting | Trail,14204,110,124.03,0.007744
2025-04-11,MA,Prospecting | Trail,10856,165,122.95,0.015199
2025-04-12,MA,Prospecting | Trail,13015,134,123.71,0.010296
2025-04-13,MA,Prospecting | Trail,11676,156,111.61,0.013361
2025-04-07,MA,Retargeting | Site Visitors,6009,119,63.16,0.019804
2025-04-08,MA,Retargeting | Site Visitors,6549,106,88.36,0.016186
2025-04-09,MA,Retargeting | Site Visitors,6930,95,64.58,0.013709
2025-04-10,MA,Retargeting | Site Visitors,5091,103,67.81,0.020232
2025-04-11,MA,Retargeting | Site Visitors,5053,133,72.48,0.026321
2025-04-12,MA,Retargeting | Site Visitors,6606,133,64.71,0.020133
2025-04-13,MA,Retargeting | Site Visitors,7173,105,78.13,0.014638
2025-04-07,SE,Prospecting | Trail,9580,123,100.53,0.012839
2025-04-08,SE,Prospecting | Trail,12408,159,126.07,0.012814
2025-04-09,SE,Prospecting | Trail,8337,137,105.61,0.016433
2025-04-10,SE,Prospecting | Trail,12210,119,111.24,0.009746
2025-04-11,SE,Prospecting | Trail,12105,130,84.76,0.010739
2025-04-12,SE,Prospecting | Trail,11221,125,124.14,0.01114
2025-04-13,SE,Prospecting | Trail,12518,150,115.78,0.011983
2025-04-07,SE,Retargeting | Site Visitors,5948,83,56.42,0.013954
2025-04-08,SE,Retargeting | Site Visitors,5403,122,74.32,0.02258
2025-04-09,SE,Retargeting | Site Visitors,5348,107,66.0,0.020007
2025-04-10,SE,Retargeting | Site Visitors,6260,104,67.16,0.016613
2025-04-11,SE,Retargeting | Site Visitors,5061,120,58.63,0.023711
2025-04-12,SE,Retargeting | Site Visitors,5239,98,74.87,0.018706
2025-04-13,SE,Retargeting | Site Visitors,5582,92,49.28,0.016482
2025-04-07,MW,Prospecting | Trail,10270,175,127.52,0.01704
2025-04-08,MW,Prospecting | Trail,13849,202,149.97,0.014586
2025-04-09,MW,Prospecting | Trail,13647,146,138.35,0.010698
2025-04-10,MW,Prospecting | Trail,11403,131,110.63,0.011488
2025-04-11,MW,Prospecting | Trail,12139,148,119.31,0.012192
2025-04-12,MW,Prospecting | Trail,14883,191,119.62,0.012833
2025-04-13,MW,Prospecting | Trail,15002,130,128.28,0.008666
2025-04-07,MW,Retargeting | Site Visitors,5746,129,77.07,0.02245
2025-04-08,MW,Retargeting | Site Visitors,5816,102,62.13,0.017538
2025-04-09,MW,Retargeting | Site Visitors,5134,111,65.86,0.021621
2025-04-10,MW,Retargeting | Site Visitors,5963,125,71.44,0.020963
2025-04-11,MW,Retargeting | Site Visitors,5603,93,64.45,0.016598
2025-04-12,MW,Retargeting | Site Visitors,6344,120,65.3,0.018916
2025-04-13,MW,Retargeting | Site Visitors,5460,107,54.52,0.019597
2025-04-07,MT,Prospecting | Trail,11592,125,93.55,0.010783
2025-04-08,MT,Prospecting | Trail,7969,139,113.35,0.017443
2025-04-09,MT,Prospecting | Trail,10595,137,98.47,0.012931
2025-04-10,MT,Prospecting | Trail,10159,138,85.24,0.013584
2025-04-11,MT,Prospecting | Trail,11575,109,114.67,0.009417
2025-04-12,MT,Prospecting | Trail,9680,111,103.55,0.011467
2025-04-13,MT,Prospecting | Trail,9841,131,91.0,0.013312
2025-04-07,MT,Retargeting | Site Visitors,4657,88,52.29,0.018896
2025-04-08,MT,Retargeting | Site Visitors,5475,101,62.81,0.018447
2025-04-09,MT,Retargeting | Site Visitors,5407,96,53.96,0.017755
2025-04-10,MT,Retargeting | Site Visitors,4244,84,65.59,0.019793
2025-04-11,MT,Retargeting | Site Visitors,4649,79,53.08,0.016993
2025-04-12,MT,Retargeting | Site Visitors,4030,106,51.56,0.026303
2025-04-13,MT,Retargeting | Site Visitors,5823,109,54.98,0.018719
2025-04-07,WE,Prospecting | Trail,16648,163,$116.19,0.009791
2025-04-08,WE,Prospecting | Trail,14540,174,$116.00,0.011967
2025-04-09,WE,Prospecting | Trail,14738,167,$161.04,0.011331
2025-04-10,WE,Prospecting | Trail,12364,148,$146.53,0.01197
2025-04-11,WE,Prospecting | Trail,14034,194,$132.11,0.013824
2025-04-12,WE,Prospecting | Trail,11130,203,$132.27,0.018239
2025-04-13,WE,Prospecting | Trail,15202,172,$162.69,0.011314
2025-04-07,WE,Retargeting | Site Visitors,6694,133,$82.06,0.019869
2025-04-08,WE,Retargeting | Site Visitors,6281,167,$97.26,0.026588
2025-04-09,WE,Retargeting | Site Visitors,8376,139,$77.88,0.016595
2025-04-10,WE,Retargeting | Site Visitors,8024,164,$92.14,0.020439
2025-04-11,WE,Retargeting | Site Visitors,8065,153,$92.72,0.018971
2025-04-12,WE,Retargeting | Site Visitors,9387,149,$93.54,0.015873
2025-04-13,WE,Retargeting | Site Visitors,8311,173,$98.49,0.020816
2025-04-14,NE,Prospecting | Trail,15144,183,145.65,0.012084
2025-04-15,NE,Prospecting | Trail,13666,195,116.14,0.014269
2025-04-16,NE,Prospecting | Trail,14002,166,160.45,0.011855
2025-04-17,NE,Prospecting | Trail,17168,186,149.38,0.010834
2025-04-18,NE,Prospecting | Trail,14787,186,166.44,0.012579
2025-04-19,NE,Prospecting | Trail,16655,188,162.48,0.011288
2025-04-20,NE,Prospecting | Trail,13447,192,127.19,0.014278
2025-04-14,NE,Retargeting | Site Visitors,6861,123,66.4,0.017927
2025-04-15,NE,Retargeting | Site Visitors,6570,109,68.35,0.016591
2025-04-16,NE,Retargeting | Site Visitors,5166,122,82.26,0.023616
2025-04-17,NE,Retargeting | Site Visitors,6064,121,79.37,0.019954
2025-04-18,NE,Retargeting | Site Visitors,7691,138,82.15,0.017943
2025-04-19,NE,Retargeting | Site Visitors,5340,151,67.72,0.028277
2025-04-20,NE,Retargeting | Site Visitors,6115,107,57.55,0.017498
2025-04-14,MA,Prospecting | Trail,15204,150,158.62,0.009866
2025-04-15,MA,Prospecting | Trail,13716,191,128.48,0.013925
2025-04-16,MA,Prospecting | Trail,15310,180,120.01,0.011757
2025-04-17,MA,Prospecting | Trail,13718,185,119.74,0.013486
2025-04-18,MA,Prospecting | Trail,11249,160,133.54,0.014223
2025-04-19,MA,Prospecting | Trail,11259,131,122.96,0.011635
2025-04-20,MA,Prospecting | Trail,13244,191,134.93,0.014422
2025-04-14,MA,Retargeting | Site Visitors,6918,113,74.4,0.016334
2025-04-15,MA,Retargeting | Site Visitors,7857,133,88.33,0.016928
2025-04-16,MA,Retargeting | Site Visitors,6906,117,75.9,0.016942
2025-04-17,MA,Retargeting | Site Visitors,7162,113,93.21,0.015778
2025-04-18,MA,Retargeting | Site Visitors,5787,123,67.6,0.021255
2025-04-19,MA,Retargeting | Site Visitors,7609,138,71.63,0.018136
2025-04-20,MA,Retargeting | Site Visitors,5273,121,75.32,0.022947
2025-04-14,SE,Prospecting | Trail,11008,144,96.07,0.013081
2025-04-15,SE,Prospecting | Trail,10593,134,120.44,0.01265
2025-04-16,SE,Prospecting | Trail,9082,127,89.13,0.013984
2025-04-17,SE,Prospecting | Trail,11852,104,117.28,0.008775
2025-04-18,SE,Prospecting | Trail,9101,121,104.46,0.013295
2025-04-19,SE,Prospecting | Trail,10530,116,80.27,0.011016
2025-04-20,SE,Prospecting | Trail,11196,113,111.31,0.010093
2025-04-14,SE,Retargeting | Site Visitors,5020,127,71.95,0.025299
2025-04-15,SE,Retargeting | Site Visitors,7085,98,64.25,0.013832
2025-04-16,SE,Retargeting | Site Visitors,5279,109,87.38,0.020648
2025-04-17,SE,Retargeting | Site Visitors,6647,104,68.42,0.015646
2025-04-18,SE,Retargeting | Site Visitors,6922,137,75.34,0.019792
2025-04-19,SE,Retargeting | Site Visitors,6836,126,58.31,0.018432
2025-04-20,SE,Retargeting | Site Visitors,5056,114,67.08,0.022547
2025-04-14,MW,Prospecting | Trail,10122,118,141.42,0.011658
2025-04-15,MW,Prospecting | Trail,11812,158,139.71,0.013376
2025-04-16,MW,Prospecting | Trail,11439,119,110.95,0.010403
2025-04-17,MW,Prospecting | Trail,14058,179,100.35,0.012733
2025-04-18,MW,Prospecting | Trail,13462,145,99.6,0.010771
2025-04-19,MW,Prospecting | Trail,14000,149,138.09,0.010643
2025-04-20,MW,Prospecting | Trail,10978,146,111.42,0.013299
2025-04-14,MW,Retargeting | Site Visitors,5997,128,69.02,0.021344
2025-04-15,MW,Retargeting | Site Visitors,5900,128,75.76,0.021695
2025-04-16,MW,Retargeting | Site Visitors,6687,114,73.65,0.017048
2025-04-17,MW,Retargeting | Site Visitors,6696,86,70.7,0.012843
2025-04-18,MW,Retargeting | Site Visitors,6236,102,65.63,0.016357
2025-04-19,MW,Retargeting | Site Visitors,6503,117,73.45,0.017992
2025-04-20,MW,Retargeting | Site Visitors,4844,96,64.74,0.019818
2025-04-14,MT,Prospecting | Trail,10924,129,90.83,0.011809
2025-04-15,MT,Prospecting | Trail,10256,124,116.0,0.01209
2025-04-16,MT,Prospecting | Trail,11311,113,92.22,0.00999
2025-04-17,MT,Prospecting | Trail,10767,136,97.55,0.012631
2025-04-18,MT,Prospecting | Trail,9374,121,102.41,0.012908
2025-04-19,MT,Prospecting | Trail,10493,99,107.87,0.009435
2025-04-20,MT,Prospecting | Trail,9344,124,103.33,0.013271
2025-04-14,MT,Retargeting | Site Visitors,4552,98,56.73,0.021529
2025-04-15,MT,Retargeting | Site Visitors,4095,94,59.41,0.022955
2025-04-16,MT,Retargeting | Site Visitors,5156,73,56.42,0.014158
2025-04-17,MT,Retargeting | Site Visitors,4416,80,45.58,0.018116
2025-04-18,MT,Retargeting | Site Visitors,4509,80,40.56,0.017742
2025-04-19,MT,Retargeting | Site Visitors,4871,66,53.16,0.01355
2025-04-20,MT,Retargeting | Site Visitors,3968,74,51.15,0.018649
2025-04-14,WE,Prospecting | Trail,14601,199,$125.84,0.013629
2025-04-15,WE,Prospecting | Trail,16179,132,$131.30,0.008159
2025-04-16,WE,Prospecting | Trail,10849,146,$145.97,0.013457
2025-04-17,WE,Prospecting | Trail,12410,151,$153.23,0.012168
2025-04-18,WE,Prospecting | Trail,11642,192,$159.14,0.016492
2025-04-19,WE,Prospecting | Trail,14794,196,$110.34,0.013249
2025-04-20,WE,Prospecting | Trail,15744,147,$117.14,0.009337
2025-04-14,WE,Retargeting | Site Visitors,5734,117,$77.49,0.020405
2025-04-15,WE,Retargeting | Site Visitors,5082,104,$59.68,0.020464
2025-04-16,WE,Retargeting | Site Visitors,5206,143,$73.10,0.027468
2025-04-17,WE,Retargeting | Site Visitors,6199,127,$82.28,0.020487
2025-04-18,WE,Retargeting | Site Visitors,6977,113,$71.12,0.016196
2025-04-19,WE,Retargeting | Site Visitors,7287,106,$70.79,0.014546
2025-04-20,WE,Retargeting | Site Visitors,7173,123,$67.60,0.017148
2025-04-21,NE,Prospecting | Trail,11479,143,153.23,0.012458
2025-04-22,NE,Prospecting | Trail,15745,198,138.07,0.012575
2025-04-23,NE,Prospecting | Trail,16919,174,161.32,0.010284
2025-04-24,NE,Prospecting | Trail,14533,182,111.55,0.012523
2025-04-25,NE,Prospecting | Trail,16275,172,133.72,0.010568
2025-04-26,NE,Prospecting | Trail,14390,206,151.25,0.014315
2025-04-27,NE,Prospecting | Trail,13203,140,155.78,0.010604
2025-04-21,NE,Retargeting | Site Visitors,6838,158,71.58,0.023106
2025-04-22,NE,Retargeting | Site Visitors,8649,110,83.51,0.012718
2025-04-23,NE,Retargeting | Site Visitors,7962,167,84.88,0.020975
2025-04-24,NE,Retargeting | Site Visitors,6751,138,90.56,0.020441
2025-04-25,NE,Retargeting | Site Visitors,5839,152,79.98,0.026032
2025-04-26,NE,Retargeting | Site Visitors,6912,123,67.39,0.017795
2025-04-27,NE,Retargeting | Site Visitors,6762,115,93.8,0.017007
2025-04-21,MA,Prospecting | Trail,16157,148,113.67,0.00916
2025-04-22,MA,Prospecting | Trail,12327,188,111.55,0.015251
2025-04-23,MA,Prospecting | Trail,12173,132,148.78,0.010844
2025-04-24,MA,Prospecting | Trail,15644,164,114.85,0.010483
2025-04-25,MA,Prospecting | Trail,10526,133,168.07,0.012635
2025-04-26,MA,Prospecting | Trail,13054,133,130.9,0.010188
2025-04-27,MA,Prospecting | Trail,14128,193,133.47,0.013661
2025-04-21,MA,Retargeting | Site Visitors,7289,146,81.51,0.02003
2025-04-22,MA,Retargeting | Site Visitors,6018,107,76.28,0.01778
2025-04-23,MA,Retargeting | Site Visitors,7693,121,78.16,0.015729
2025-04-24,MA,Retargeting | Site Visitors,8842,143,87.29,0.016173
2025-04-25,MA,Retargeting | Site Visitors,7020,160,94.19,0.022792
2025-04-26,MA,Retargeting | Site Visitors,7688,138,73.47,0.01795
2025-04-27,MA,Retargeting | Site Visitors,5985,151,90.23,0.02523
2025-04-21,SE,Prospecting | Trail,13671,138,109.42,0.010094
2025-04-22,SE,Prospecting | Trail,12409,148,125.57,0.011927
2025-04-23,SE,Prospecting | Trail,10053,160,122.05,0.015916
2025-04-24,SE,Prospecting | Trail,10721,173,124.75,0.016137
2025-04-25,SE,Prospecting | Trail,12692,142,101.53,0.011188
2025-04-26,SE,Prospecting | Trail,11237,119,111.97,0.01059
2025-04-27,SE,Prospecting | Trail,10200,119,98.34,0.011667
2025-04-21,SE,Retargeting | Site Visitors,5576,99,47.13,0.017755
2025-04-22,SE,Retargeting | Site Visitors,5829,87,65.28,0.014925
2025-04-23,SE,Retargeting | Site Visitors,4881,82,50.17,0.0168
2025-04-24,SE,Retargeting | Site Visitors,3936,78,64.52,0.019817
2025-04-25,SE,Retargeting | Site Visitors,3965,101,67.88,0.025473
2025-04-26,SE,Retargeting | Site Visitors,6008,91,49.04,0.015146
2025-04-27,SE,Retargeting | Site Visitors,5459,99,65.99,0.018135
2025-04-21,MW,Prospecting | Trail,10715,127,121.62,0.011853
2025-04-22,MW,Prospecting | Trail,10982,150,110.57,0.013659
2025-04-23,MW,Prospecting | Trail,11926,175,115.43,0.014674
2025-04-24,MW,Prospecting | Trail,9694,127,121.2,0.013101
2025-04-25,MW,Prospecting | Trail,12112,144,120.88,0.011889
2025-04-26,MW,Prospecting | Trail,12428,177,94.47,0.014242
2025-04-27,MW,Prospecting | Trail,13216,131,110.35,0.009912
2025-04-21,MW,Retargeting | Site Visitors,4720,79,61.52,0.016737
2025-04-22,MW,Retargeting | Site Visitors,5069,100,56.75,0.019728
2025-04-23,MW,Retargeting | Site Visitors,5601,91,61.09,0.016247
2025-04-24,MW,Retargeting | Site Visitors,4658,106,58.81,0.022757
2025-04-25,MW,Retargeting | Site Visitors,5806,98,52.54,0.016879
2025-04-26,MW,Retargeting | Site Visitors,4838,112,72.01,0.02315
2025-04-27,MW,Retargeting | Site Visitors,5757,98,56.44,0.017023
2025-04-21,MT,Prospecting | Trail,11778,121,104.01,0.010273
2025-04-22,MT,Prospecting | Trail,9801,116,97.25,0.011836
2025-04-23,MT,Prospecting | Trail,9238,142,92.14,0.015371
2025-04-24,MT,Prospecting | Trail,8880,144,116.66,0.016216
2025-04-25,MT,Prospecting | Trail,12531,139,95.09,0.011092
2025-04-26,MT,Prospecting | Trail,9844,121,105.07,0.012292
2025-04-27,MT,Prospecting | Trail,11613,114,111.89,0.009817
2025-04-21,MT,Retargeting | Site Visitors,4890,109,64.0,0.02229
2025-04-22,MT,Retargeting | Site Visitors,6331,113,53.13,0.017849
2025-04-23,MT,Retargeting | Site Visitors,4770,90,69.36,0.018868
2025-04-24,MT,Retargeting | Site Visitors,6125,112,60.31,0.018286
2025-04-25,MT,Retargeting | Site Visitors,5320,89,56.56,0.016729
2025-04-26,MT,Retargeting | Site Visitors,5065,91,76.86,0.017966
2025-04-27,MT,Retargeting | Site Visitors,5011,83,51.17,0.016564
2025-04-21,WE,Prospecting | Trail,14642,152,$128.32,0.010381
2025-04-22,WE,Prospecting | Trail,12581,155,$152.07,0.01232
2025-04-23,WE,Prospecting | Trail,14857,160,$113.73,0.010769
2025-04-24,WE,Prospecting | Trail,11930,163,$140.62,0.013663
2025-04-25,WE,Prospecting | Trail,15620,191,$119.96,0.012228
2025-04-26,WE,Prospecting | Trail,12106,221,$156.94,0.018255
2025-04-27,WE,Prospecting | Trail,15655,198,$142.80,0.012648
2025-04-21,WE,Retargeting | Site Visitors,6886,172,$85.27,0.024978
2025-04-22,WE,Retargeting | Site Visitors,9492,177,$91.72,0.018647
2025-04-23,WE,Retargeting | Site Visitors,6376,161,$84.37,0.025251
2025-04-24,WE,Retargeting | Site Visitors,7201,177,$84.76,0.02458
2025-04-25,WE,Retargeting | Site Visitors,9144,146,$98.20,0.015967
2025-04-26,WE,Retargeting | Site Visitors,9145,149,$84.15,0.016293
2025-04-27,WE,Retargeting | Site Visitors,7732,145,$115.27,0.018753
2025-04-28,NE,Prospecting | Trail,16171,186,157.43,0.011502
2025-04-29,NE,Prospecting | Trail,15584,171,176.29,0.010973
2025-04-30,NE,Prospecting | Trail,14872,173,159.02,0.011633
2025-05-01,NE,Prospecting | Trail,16417,230,161.16,0.01401
2025-05-02,NE,Prospecting | Trail,14038,161,140.69,0.011469
2025-05-03,NE,Prospecting | Trail,14598,214,118.6,0.01466
2025-05-04,NE,Prospecting | Trail,19313,231,174.56,0.011961
2025-04-28,NE,Retargeting | Site Visitors,6769,113,62.3,0.016694
2025-04-29,NE,Retargeting | Site Visitors,7286,118,76.38,0.016195
2025-04-30,NE,Retargeting | Site Visitors,4753,124,75.96,0.026089
2025-05-01,NE,Retargeting | Site Visitors,4836,120,65.34,0.024814
2025-05-02,NE,Retargeting | Site Visitors,5276,123,60.21,0.023313
2025-05-03,NE,Retargeting | Site Visitors,7322,118,67.81,0.016116
2025-05-04,NE,Retargeting | Site Visitors,6873,129,87.81,0.018769
2025-04-28,MA,Prospecting | Trail,12672,155,133.56,0.012232
2025-04-29,MA,Prospecting | Trail,14769,145,102.12,0.009818
2025-04-30,MA,Prospecting | Trail,13461,167,115.41,0.012406
2025-05-01,MA,Prospecting | Trail,11642,150,106.59,0.012884
2025-05-02,MA,Prospecting | Trail,12285,141,116.13,0.011477
2025-05-03,MA,Prospecting | Trail,12617,134,139.58,0.010621
2025-05-04,MA,Prospecting | Trail,10331,156,146.81,0.0151
2025-04-28,MA,Retargeting | Site Visitors,5524,98,64.51,0.017741
2025-04-29,MA,Retargeting | Site Visitors,6738,106,67.74,0.015732
2025-04-30,MA,Retargeting | Site Visitors,5438,99,61.44,0.018205
2025-05-01,MA,Retargeting | Site Visitors,5559,121,60.4,0.021767
2025-05-02,MA,Retargeting | Site Visitors,6760,97,69.44,0.014349
2025-05-03,MA,Retargeting | Site Visitors,5433,123,73.15,0.022639
2025-05-04,MA,Retargeting | Site Visitors,5965,124,79.61,0.020788
2025-04-28,SE,Prospecting | Trail,10874,134,116.29,0.012323
2025-04-29,SE,Prospecting | Trail,13956,149,108.03,0.010676
2025-04-30,SE,Prospecting | Trail,10394,119,101.85,0.011449
2025-05-01,SE,Prospecting | Trail,12018,138,99.69,0.011483
2025-05-02,SE,Prospecting | Trail,11101,104,100.95,0.009369
2025-05-03,SE,Prospecting | Trail,12611,145,126.81,0.011498
2025-05-04,SE,Prospecting | Trail,9705,121,136.84,0.012468
2025-04-28,SE,Retargeting | Site Visitors,4764,143,82.92,0.030017
2025-04-29,SE,Retargeting | Site Visitors,7207,106,67.52,0.014708
2025-04-30,SE,Retargeting | Site Visitors,5723,110,70.51,0.019221
2025-05-01,SE,Retargeting | Site Visitors,6506,117,68.73,0.017983
2025-05-02,SE,Retargeting | Site Visitors,5860,132,56.86,0.022526
2025-05-03,SE,Retargeting | Site Visitors,6012,115,57.03,0.019128
2025-05-04,SE,Retargeting | Site Visitors,6456,132,85.5,0.020446
2025-04-28,MW,Prospecting | Trail,13157,112,118.34,0.008513
2025-04-29,MW,Prospecting | Trail,11221,155,89.98,0.013813
2025-04-30,MW,Prospecting | Trail,12103,114,121.44,0.009419
2025-05-01,MW,Prospecting | Trail,8746,129,121.09,0.01475
2025-05-02,MW,Prospecting | Trail,12846,106,101.22,0.008252
2025-05-03,MW,Prospecting | Trail,8959,121,110.07,0.013506
2025-05-04,MW,Prospecting | Trail,9516,139,88.02,0.014607
2025-04-28,MW,Retargeting | Site Visitors,6476,98,73.32,0.015133
2025-04-29,MW,Retargeting | Site Visitors,6455,124,57.38,0.01921
2025-04-30,MW,Retargeting | Site Visitors,5947,93,68.33,0.015638
2025-05-01,MW,Retargeting | Site Visitors,6666,105,71.96,0.015752
2025-05-02,MW,Retargeting | Site Visitors,6078,107,77.92,0.017604
2025-05-03,MW,Retargeting | Site Visitors,4328,108,77.33,0.024954
2025-05-04,MW,Retargeting | Site Visitors,6126,137,57.64,0.022364
2025-04-28,MT,Prospecting | Trail,10991,135,116.71,0.012283
2025-04-29,MT,Prospecting | Trail,13487,114,113.39,0.008453
2025-04-30,MT,Prospecting | Trail,12652,146,113.21,0.01154
2025-05-01,MT,Prospecting | Trail,9857,132,106.43,0.013391
2025-05-02,MT,Prospecting | Trail,10577,146,109.86,0.013804
2025-05-03,MT,Prospecting | Trail,13210,137,111.23,0.010371
2025-05-04,MT,Prospecting | Trail,9009,140,111.04,0.01554
2025-04-28,MT,Retargeting | Site Visitors,4263,93,61.89,0.021816
2025-04-29,MT,Retargeting | Site Visitors,5011,86,50.56,0.017162
2025-04-30,MT,Retargeting | Site Visitors,4115,113,46.66,0.027461
2025-05-01,MT,Retargeting | Site Visitors,6200,97,61.97,0.015645
2025-05-02,MT,Retargeting | Site Visitors,6171,80,63.45,0.012964
2025-05-03,MT,Retargeting | Site Visitors,5079,102,53.88,0.020083
2025-05-04,MT,Retargeting | Site Visitors,4290,114,65.58,0.026573
2025-04-28,WE,Prospecting | Trail,13906,189,$121.46,0.013591
2025-04-29,WE,Prospecting | Trail,13626,134,$124.18,0.009834
2025-04-30,WE,Prospecting | Trail,13983,133,$133.32,0.009512
2025-05-01,WE,Prospecting | Trail,10272,152,$115.39,0.014798
2025-05-02,WE,Prospecting | Trail,14608,184,$126.56,0.012596
2025-05-03,WE,Prospecting | Trail,14874,177,$165.24,0.0119
2025-05-04,WE,Prospecting | Trail,10032,200,$108.62,0.019936
2025-04-28,WE,Retargeting | Site Visitors,7678,145,$100.70,0.018885
2025-04-29,WE,Retargeting | Site Visitors,8113,170,$86.50,0.020954
2025-04-30,WE,Retargeting | Site Visitors,6763,149,$106.02,0.022032
2025-05-01,WE,Retargeting | Site Visitors,6527,155,$100.71,0.023748
2025-05-02,WE,Retargeting | Site Visitors,9658,157,$83.74,0.016256
2025-05-03,WE,Retargeting | Site Visitors,7941,160,$75.78,0.020149
2025-05-04,WE,Retargeting | Site Visitors,9236,144,$89.59,0.015591
2025-05-05,NE,Prospecting | Trail,12028,181,147.35,0.015048
2025-05-06,NE,Prospecting | Trail,12740,174,143.27,0.013658
2025-05-07,NE,Prospecting | Trail,14696,176,115.32,0.011976
2025-05-08,NE,Prospecting | Trail,13813,166,115.95,0.012018
2025-05-09,NE,Prospecting | Trail,14892,134,140.86,0.008998
2025-05-10,NE,Prospecting | Trail,12544,167,142.27,0.013313
2025-05-11,NE,Prospecting | Trail,11967,178,103.24,0.014874
2025-05-05,NE,Retargeting | Site Visitors,8149,122,71.27,0.014971
2025-05-06,NE,Retargeting | Site Visitors,7582,124,78.14,0.016355
2025-05-07,NE,Retargeting | Site Visitors,8655,152,104.1,0.017562
2025-05-08,NE,Retargeting | Site Visitors,5594,153,95.25,0.027351
2025-05-09,NE,Retargeting | Site Visitors,6175,154,71.67,0.024939
2025-05-10,NE,Retargeting | Site Visitors,7020,133,75.66,0.018946
2025-05-11,NE,Retargeting | Site Visitors,6420,134,74.26,0.020872
2025-05-05,MA,Prospecting | Trail,14711,143,151.4,0.009721
2025-05-06,MA,Prospecting | Trail,15507,135,108.32,0.008706
2025-05-07,MA,Prospecting | Trail,12185,172,126.72,0.014116
2025-05-08,MA,Prospecting | Trail,11367,205,126.22,0.018035
2025-05-09,MA,Prospecting | Trail,15924,183,159.48,0.011492
2025-05-10,MA,Prospecting | Trail,11549,144,119.89,0.012469
2025-05-11,MA,Prospecting | Trail,12310,201,124.79,0.016328
2025-05-05,MA,Retargeting | Site Visitors,6189,132,74.62,0.021328
2025-05-06,MA,Retargeting | Site Visitors,6431,143,73.06,0.022236
2025-05-07,MA,Retargeting | Site Visitors,7939,136,68.72,0.017131
2025-05-08,MA,Retargeting | Site Visitors,7099,146,78.24,0.020566
2025-05-09,MA,Retargeting | Site Visitors,7180,116,83.01,0.016156
2025-05-10,MA,Retargeting | Site Visitors,7025,151,94.62,0.021495
2025-05-11,MA,Retargeting | Site Visitors,5955,123,77.63,0.020655
2025-05-05,SE,Prospecting | Trail,11368,164,166.83,0.014426
2025-05-06,SE,Prospecting | Trail,13394,164,121.39,0.012244
2025-05-07,SE,Prospecting | Trail,11574,169,113.7,0.014602
2025-05-08,SE,Prospecting | Trail,14927,182,157.85,0.012193
2025-05-09,SE,Prospecting | Trail,16660,210,118.62,0.012605
2025-05-10,SE,Prospecting | Trail,12716,200,136.68,0.015728
2025-05-11,SE,Prospecting | Trail,15898,148,131.01,0.009309
2025-05-05,SE,Retargeting | Site Visitors,5996,108,71.9,0.018012
2025-05-06,SE,Retargeting | Site Visitors,4927,89,64.13,0.018064
2025-05-07,SE,Retargeting | Site Visitors,5290,128,75.74,0.024197
2025-05-08,SE,Retargeting | Site Visitors,5695,106,55.23,0.018613
2025-05-09,SE,Retargeting | Site Visitors,5888,132,54.64,0.022418
2025-05-10,SE,Retargeting | Site Visitors,5642,89,66.82,0.015775
2025-05-11,SE,Retargeting | Site Visitors,6443,130,70.18,0.020177
2025-05-05,MW,Prospecting | Trail,10426,120,98.21,0.01151
2025-05-06,MW,Prospecting | Trail,10157,140,98.2,0.013784
2025-05-07,MW,Prospecting | Trail,14527,146,108.99,0.01005
2025-05-08,MW,Prospecting | Trail,13928,122,102.31,0.008759
2025-05-09,MW,Prospecting | Trail,9839,166,142.36,0.016872
2025-05-10,MW,Prospecting | Trail,10678,111,125.87,0.010395
2025-05-11,MW,Prospecting | Trail,9825,139,101.97,0.014148
2025-05-05,MW,Retargeting | Site Visitors,5074,103,54.49,0.0203
2025-05-06,MW,Retargeting | Site Visitors,6409,105,59.72,0.016383
2025-05-07,MW,Retargeting | Site Visitors,4231,91,64.32,0.021508
2025-05-08,MW,Retargeting | Site Visitors,4682,122,69.21,0.026057
2025-05-09,MW,Retargeting | Site Visitors,5868,80,57.85,0.013633
2025-05-10,MW,Retargeting | Site Visitors,5807,118,68.16,0.02032
2025-05-11,MW,Retargeting | Site Visitors,5622,85,59.72,0.015119
2025-05-05,MT,Prospecting | Trail,10001,118,102.04,0.011799
2025-05-06,MT,Prospecting | Trail,13412,168,95.53,0.012526
2025-05-07,MT,Prospecting | Trail,12463,134,100.13,0.010752
2025-05-08,MT,Prospecting | Trail,13114,155,125.3,0.011819
2025-05-09,MT,Prospecting | Trail,10877,135,114.84,0.012412
2025-05-10,MT,Prospecting | Trail,12314,146,127.73,0.011856
2025-05-11,MT,Prospecting | Trail,9973,133,139.53,0.013336
2025-05-05,MT,Retargeting | Site Visitors,5067,91,55.09,0.017959
2025-05-06,MT,Retargeting | Site Visitors,3890,86,42.93,0.022108
2025-05-07,MT,Retargeting | Site Visitors,5322,86,45.0,0.016159
2025-05-08,MT,Retargeting | Site Visitors,3885,79,54.3,0.020335
2025-05-09,MT,Retargeting | Site Visitors,4589,76,58.63,0.016561
2025-05-10,MT,Retargeting | Site Visitors,3630,62,43.85,0.01708
2025-05-11,MT,Retargeting | Site Visitors,3680,69,45.92,0.01875
2025-05-05,WE,Prospecting | Trail,14132,150,$146.61,0.010614
2025-05-06,WE,Prospecting | Trail,17314,152,$120.48,0.008779
2025-05-07,WE,Prospecting | Trail,14166,210,$157.17,0.014824
2025-05-08,WE,Prospecting | Trail,12779,152,$122.25,0.011895
2025-05-09,WE,Prospecting | Trail,14329,174,$165.83,0.012143
2025-05-10,WE,Prospecting | Trail,15324,186,$175.51,0.012138
2025-05-11,WE,Prospecting | Trail,16507,150,$136.73,0.009087
2025-05-05,WE,Retargeting | Site Visitors,7836,158,$102.82,0.020163
2025-05-06,WE,Retargeting | Site Visitors,6611,175,$83.75,0.026471
2025-05-07,WE,Retargeting | Site Visitors,9500,165,$94.19,0.017368
2025-05-08,WE,Retargeting | Site Visitors,10126,132,$91.45,0.013036
2025-05-09,WE,Retargeting | Site Visitors,6910,191,$92.98,0.027641
2025-05-10,WE,Retargeting | Site Visitors,7697,191,$90.58,0.024815
2025-05-11,WE,Retargeting | Site Visitors,8398,141,$100.63,0.01679
2025-05-12,NE,Prospecting | Trail,13934,209,184.57,0.014999
2025-05-13,NE,Prospecting | Trail,16146,243,183.53,0.01505
2025-05-14,NE,Prospecting | Trail,19985,178,184.85,0.008907
2025-05-15,NE,Prospecting | Trail,19756,266,146.54,0.013464
2025-05-16,NE,Prospecting | Trail,19706,250,156.39,0.012686
2025-05-17,NE,Prospecting | Trail,16531,207,156.46,0.012522
2025-05-18,NE,Prospecting | Trail,15038,181,174.4,0.012036
2025-05-12,NE,Retargeting | Site Visitors,8637,136,104.23,0.015746
2025-05-13,NE,Retargeting | Site Visitors,7336,127,90.83,0.017312
2025-05-14,NE,Retargeting | Site Visitors,8243,133,90.31,0.016135
2025-05-15,NE,Retargeting | Site Visitors,7032,132,75.49,0.018771
2025-05-16,NE,Retargeting | Site Visitors,8193,160,69.74,0.019529
2025-05-17,NE,Retargeting | Site Visitors,6187,148,99.93,0.023921
2025-05-18,NE,Retargeting | Site Visitors,8692,127,94.15,0.014611
2025-05-12,NE,Launch | New Colorway,5807,103,65.77,0.017737
2025-05-13,NE,Launch | New Colorway,7386,89,67.43,0.01205
2025-05-14,NE,Launch | New Colorway,6801,103,61.45,0.015145
2025-05-15,NE,Launch | New Colorway,6665,74,71.84,0.011103
2025-05-16,NE,Launch | New Colorway,6254,101,61.73,0.01615
2025-05-17,NE,Launch | New Colorway,5548,87,62.28,0.015681
2025-05-18,NE,Launch | New Colorway,5936,69,62.35,0.011624
2025-05-12,MA,Prospecting | Trail,14845,151,116.82,0.010172
2025-05-13,MA,Prospecting | Trail,14267,189,148.03,0.013247
2025-05-14,MA,Prospecting | Trail,13483,201,154.17,0.014908
2025-05-15,MA,Prospecting | Trail,14530,190,150.18,0.013076
2025-05-16,MA,Prospecting | Trail,16038,197,119.59,0.012283
2025-05-17,MA,Prospecting | Trail,14885,161,167.28,0.010816
2025-05-18,MA,Prospecting | Trail,13264,152,136.79,0.01146
2025-05-12,MA,Retargeting | Site Visitors,7815,148,101.05,0.018938
2025-05-13,MA,Retargeting | Site Visitors,8751,119,78.03,0.013598
2025-05-14,MA,Retargeting | Site Visitors,7534,124,101.01,0.016459
2025-05-15,MA,Retargeting | Site Visitors,6741,159,84.3,0.023587
2025-05-16,MA,Retargeting | Site Visitors,7430,171,93.61,0.023015
2025-05-17,MA,Retargeting | Site Visitors,7438,133,96.28,0.017881
2025-05-18,MA,Retargeting | Site Visitors,9894,173,85.17,0.017485
2025-05-12,MA,Launch | New Colorway,6518,93,46.9,0.014268
2025-05-13,MA,Launch | New Colorway,4458,85,63.37,0.019067
2025-05-14,MA,Launch | New Colorway,5530,85,42.62,0.015371
2025-05-15,MA,Launch | New Colorway,6529,86,51.67,0.013172
2025-05-16,MA,Launch | New Colorway,5486,75,63.98,0.013671
2025-05-17,MA,Launch | New Colorway,5459,65,62.74,0.011907
2025-05-18,MA,Launch | New Colorway,4738,79,63.65,0.016674
2025-05-12,SE,Prospecting | Trail,12065,159,149.33,0.013179
2025-05-13,SE,Prospecting | Trail,15246,164,169.67,0.010757
2025-05-14,SE,Prospecting | Trail,13451,167,141.21,0.012415
2025-05-15,SE,Prospecting | Trail,16657,178,122.96,0.010686
2025-05-16,SE,Prospecting | Trail,14244,181,135.61,0.012707
2025-05-17,SE,Prospecting | Trail,14275,150,136.67,0.010508
2025-05-18,SE,Prospecting | Trail,16567,170,149.09,0.010261
2025-05-12,SE,Retargeting | Site Visitors,4938,107,61.09,0.021669
2025-05-13,SE,Retargeting | Site Visitors,4576,97,59.43,0.021198
2025-05-14,SE,Retargeting | Site Visitors,6831,119,55.18,0.017421
2025-05-15,SE,Retargeting | Site Visitors,4784,83,63.34,0.017349
2025-05-16,SE,Retargeting | Site Visitors,4803,83,64.3,0.017281
2025-05-17,SE,Retargeting | Site Visitors,6278,104,59.81,0.016566
2025-05-18,SE,Retargeting | Site Visitors,5052,100,65.34,0.019794
2025-05-12,SE,Launch | New Colorway,4561,63,60.08,0.013813
2025-05-13,SE,Launch | New Colorway,4959,79,43.96,0.015931
2025-05-14,SE,Launch | New Colorway,5010,83,63.37,0.016567
2025-05-15,SE,Launch | New Colorway,4840,69,48.39,0.014256
2025-05-16,SE,Launch | New Colorway,4806,84,46.21,0.017478
2025-05-17,SE,Launch | New Colorway,6234,58,41.52,0.009304
2025-05-18,SE,Launch | New Colorway,4479,60,52.34,0.013396
2025-05-12,MW,Prospecting | Trail,13021,203,114.44,0.01559
2025-05-13,MW,Prospecting | Trail,16029,195,116.61,0.012165
2025-05-14,MW,Prospecting | Trail,12919,154,145.1,0.01192
2025-05-15,MW,Prospecting | Trail,12573,160,155.7,0.012726
2025-05-16,MW,Prospecting | Trail,14811,144,155.11,0.009723
2025-05-17,MW,Prospecting | Trail,16076,170,151.08,0.010575
2025-05-18,MW,Prospecting | Trail,14717,159,143.4,0.010804
2025-05-12,MW,Retargeting | Site Visitors,5303,146,92.36,0.027532
2025-05-13,MW,Retargeting | Site Visitors,6309,117,64.59,0.018545
2025-05-14,MW,Retargeting | Site Visitors,5816,143,85.08,0.024587
2025-05-15,MW,Retargeting | Site Visitors,7978,138,69.64,0.017298
2025-05-16,MW,Retargeting | Site Visitors,6974,111,71.25,0.015916
2025-05-17,MW,Retargeting | Site Visitors,7609,96,91.26,0.012617
2025-05-18,MW,Retargeting | Site Visitors,7411,137,70.93,0.018486
2025-05-12,MW,Launch | New Colorway,5170,87,75.01,0.016828
2025-05-13,MW,Launch | New Colorway,6502,105,78.0,0.016149
2025-05-14,MW,Launch | New Colorway,7168,107,56.31,0.014927
2025-05-15,MW,Launch | New Colorway,5679,79,59.05,0.013911
2025-05-16,MW,Launch | New Colorway,7740,121,71.04,0.015633
2025-05-17,MW,Launch | New Colorway,5921,110,69.34,0.018578
2025-05-18,MW,Launch | New Colorway,7102,87,53.11,0.01225
2025-05-12,MT,Prospecting | Trail,12698,177,123.5,0.013939
2025-05-13,MT,Prospecting | Trail,12259,140,91.86,0.01142
2025-05-14,MT,Prospecting | Trail,9285,127,134.71,0.013678
2025-05-15,MT,Prospecting | Trail,11379,125,128.38,0.010985
2025-05-16,MT,Prospecting | Trail,11327,160,124.35,0.014126
2025-05-17,MT,Prospecting | Trail,12967,177,105.92,0.01365
2025-05-18,MT,Prospecting | Trail,11812,137,92.21,0.011598
2025-05-12,MT,Retargeting | Site Visitors,5094,102,69.66,0.020024
2025-05-13,MT,Retargeting | Site Visitors,5853,118,58.67,0.020161
2025-05-14,MT,Retargeting | Site Visitors,5349,109,71.36,0.020378
2025-05-15,MT,Retargeting | Site Visitors,5548,89,50.29,0.016042
2025-05-16,MT,Retargeting | Site Visitors,4984,132,67.13,0.026485
2025-05-17,MT,Retargeting | Site Visitors,5490,93,60.35,0.01694
2025-05-18,MT,Retargeting | Site Visitors,5436,114,56.7,0.020971
2025-05-12,MT,Launch | New Colorway,3904,58,41.73,0.014857
2025-05-13,MT,Launch | New Colorway,4381,78,54.85,0.017804
2025-05-14,MT,Launch | New Colorway,4548,62,43.35,0.013632
2025-05-15,MT,Launch | New Colorway,3915,66,39.29,0.016858
2025-05-16,MT,Launch | New Colorway,4830,58,40.89,0.012008
2025-05-17,MT,Launch | New Colorway,3729,54,40.23,0.014481
2025-05-18,MT,Launch | New Colorway,4679,51,45.52,0.0109
2025-05-12,WE,Prospecting | Trail,16545,202,$138.17,0.012209
2025-05-13,WE,Prospecting | Trail,12028,191,$114.98,0.01588
2025-05-14,WE,Prospecting | Trail,11928,202,$175.00,0.016935
2025-05-15,WE,Prospecting | Trail,14044,180,$122.37,0.012817
2025-05-16,WE,Prospecting | Trail,16360,167,$158.19,0.010208
2025-05-17,WE,Prospecting | Trail,15108,138,$127.19,0.009134
2025-05-18,WE,Prospecting | Trail,16596,165,$169.67,0.009942
2025-05-12,WE,Retargeting | Site Visitors,7464,158,$81.05,0.021168
2025-05-13,WE,Retargeting | Site Visitors,6267,120,$87.94,0.019148
2025-05-14,WE,Retargeting | Site Visitors,8300,154,$89.66,0.018554
2025-05-15,WE,Retargeting | Site Visitors,8145,133,$94.50,0.016329
2025-05-16,WE,Retargeting | Site Visitors,6275,135,$75.01,0.021514
2025-05-17,WE,Retargeting | Site Visitors,6519,132,$75.31,0.020249
2025-05-18,WE,Retargeting | Site Visitors,8154,131,$84.45,0.016066
2025-05-12,WE,Launch | New Colorway,7413,116,$68.68,0.015648
2025-05-13,WE,Launch | New Colorway,7145,113,$74.96,0.015815
2025-05-14,WE,Launch | New Colorway,8317,104,$97.23,0.012505
2025-05-15,WE,Launch | New Colorway,8521,135,$77.86,0.015843
2025-05-16,WE,Launch | New Colorway,8792,89,$86.46,0.010123
2025-05-17,WE,Launch | New Colorway,8091,97,$70.07,0.011989
2025-05-18,WE,Launch | New Colorway,6384,121,$82.30,0.018954
2025-05-19,NE,Prospecting | Trail,15711,174,170.11,0.011075
2025-05-20,NE,Prospecting | Trail,17095,223,180.07,0.013045
2025-05-21,NE,Prospecting | Trail,14269,170,182.78,0.011914
2025-05-22,NE,Prospecting | Trail,17512,183,167.72,0.01045
2025-05-23,NE,Prospecting | Trail,15375,222,146.96,0.014439
2025-05-24,NE,Prospecting | Trail,19073,154,154.36,0.008074
2025-05-25,NE,Prospecting | Trail,16788,228,133.06,0.013581
2025-05-19,NE,Retargeting | Site Visitors,6508,152,90.12,0.023356
2025-05-20,NE,Retargeting | Site Visitors,8588,131,76.96,0.015254
2025-05-21,NE,Retargeting | Site Visitors,7873,131,100.85,0.016639
2025-05-22,NE,Retargeting | Site Visitors,8037,168,93.62,0.020903
2025-05-23,NE,Retargeting | Site Visitors,8300,157,85.99,0.018916
2025-05-24,NE,Retargeting | Site Visitors,5910,160,77.06,0.027073
2025-05-25,NE,Retargeting | Site Visitors,6661,110,71.99,0.016514
2025-05-19,MA,Prospecting | Trail,14872,200,139.44,0.013448
2025-05-20,MA,Prospecting | Trail,11314,151,116.97,0.013346
2025-05-21,MA,Prospecting | Trail,14559,196,137.4,0.013462
2025-05-22,MA,Prospecting | Trail,13290,184,126.02,0.013845
2025-05-23,MA,Prospecting | Trail,11099,156,136.84,0.014055
2025-05-24,MA,Prospecting | Trail,13217,154,110.57,0.011652
2025-05-25,MA,Prospecting | Trail,14355,144,141.27,0.010031
2025-05-19,MA,Retargeting | Site Visitors,7304,134,71.71,0.018346
2025-05-20,MA,Retargeting | Site Visitors,8323,119,86.28,0.014298
2025-05-21,MA,Retargeting | Site Visitors,7701,123,77.02,0.015972
2025-05-22,MA,Retargeting | Site Visitors,6136,127,100.76,0.020698
2025-05-23,MA,Retargeting | Site Visitors,6308,123,71.0,0.019499
2025-05-24,MA,Retargeting | Site Visitors,6719,127,74.13,0.018902
2025-05-25,MA,Retargeting | Site Visitors,6210,177,79.16,0.028502
2025-05-19,SE,Prospecting | Trail,11761,127,123.07,0.010798
2025-05-20,SE,Prospecting | Trail,11827,151,126.99,0.012767
2025-05-21,SE,Prospecting | Trail,11298,146,107.99,0.012923
2025-05-22,SE,Prospecting | Trail,14934,124,127.9,0.008303
2025-05-23,SE,Prospecting | Trail,13770,156,93.3,0.011329
2025-05-24,SE,Prospecting | Trail,11098,168,142.59,0.015138
2025-05-25,SE,Prospecting | Trail,11376,162,121.59,0.014241
2025-05-19,SE,Retargeting | Site Visitors,7179,115,69.16,0.016019
2025-05-20,SE,Retargeting | Site Visitors,5784,95,85.16,0.016425
2025-05-21,SE,Retargeting | Site Visitors,6838,118,69.08,0.017257
2025-05-22,SE,Retargeting | Site Visitors,6068,100,58.44,0.01648
2025-05-23,SE,Retargeting | Site Visitors,6649,145,77.08,0.021808
2025-05-24,SE,Retargeting | Site Visitors,5174,106,64.77,0.020487
2025-05-25,SE,Retargeting | Site Visitors,5227,95,69.86,0.018175
2025-05-19,MW,Prospecting | Trail,12626,111,88.88,0.008791
2025-05-20,MW,Prospecting | Trail,11120,138,101.03,0.01241
2025-05-21,MW,Prospecting | Trail,12656,146,110.63,0.011536
2025-05-22,MW,Prospecting | Trail,9098,117,108.39,0.01286
2025-05-23,MW,Prospecting | Trail,12362,107,121.59,0.008656
2025-05-24,MW,Prospecting | Trail,11061,118,119.86,0.010668
2025-05-25,MW,Prospecting | Trail,9369,155,116.86,0.016544
2025-05-19,MW,Retargeting | Site Visitors,6011,114,65.89,0.018965
2025-05-20,MW,Retargeting | Site Visitors,5241,101,51.33,0.019271
2025-05-21,MW,Retargeting | Site Visitors,5151,111,70.51,0.021549
2025-05-22,MW,Retargeting | Site Visitors,5399,82,56.79,0.015188
2025-05-23,MW,Retargeting | Site Visitors,5211,116,56.45,0.022261
2025-05-24,MW,Retargeting | Site Visitors,5114,85,69.39,0.016621
2025-05-25,MW,Retargeting | Site Visitors,5961,124,67.65,0.020802
2025-05-19,MT,Prospecting | Trail,10528,129,110.89,0.012253
2025-05-20,MT,Prospecting | Trail,11935,129,87.52,0.010809
2025-05-21,MT,Prospecting | Trail,10480,118,103.24,0.01126
2025-05-22,MT,Prospecting | Trail,10353,140,100.49,0.013523
2025-05-23,MT,Prospecting | Trail,10588,98,112.42,0.009256
2025-05-24,MT,Prospecting | Trail,10846,142,105.57,0.013092
2025-05-25,MT,Prospecting | Trail,8872,131,101.16,0.014766
2025-05-19,MT,Retargeting | Site Visitors,4292,93,60.03,0.021668
2025-05-20,MT,Retargeting | Site Visitors,5856,122,72.6,0.020833
2025-05-21,MT,Retargeting | Site Visitors,5753,95,74.68,0.016513
2025-05-22,MT,Retargeting | Site Visitors,5065,89,72.1,0.017572
2025-05-23,MT,Retargeting | Site Visitors,6447,123,49.53,0.019079
2025-05-24,MT,Retargeting | Site Visitors,6417,121,65.82,0.018856
2025-05-25,MT,Retargeting | Site Visitors,5079,96,52.72,0.018901
2025-05-19,WE,Prospecting | Trail,18679,148,$129.13,0.007923
2025-05-20,WE,Prospecting | Trail,16536,151,$158.55,0.009132
2025-05-21,WE,Prospecting | Trail,13998,188,$127.24,0.01343
2025-05-22,WE,Prospecting | Trail,13316,174,$159.08,0.013067
2025-05-23,WE,Prospecting | Trail,14239,216,$139.88,0.01517
2025-05-24,WE,Prospecting | Trail,12552,160,$158.97,0.012747
2025-05-25,WE,Prospecting | Trail,13043,203,$130.30,0.015564
2025-05-19,WE,Retargeting | Site Visitors,6887,112,$71.57,0.016263
2025-05-20,WE,Retargeting | Site Visitors,8093,117,$77.20,0.014457
2025-05-21,WE,Retargeting | Site Visitors,6965,152,$73.09,0.021823
2025-05-22,WE,Retargeting | Site Visitors,5754,110,$88.58,0.019117
2025-05-23,WE,Retargeting | Site Visitors,7922,112,$89.51,0.014138
2025-05-24,WE,Retargeting | Site Visitors,5577,110,$77.36,0.019724
2025-05-25,WE,Retargeting | Site Visitors,7557,149,$83.36,0.019717
2025-05-26,NE,Prospecting | Trail,16433,170,140.75,0.010345
2025-05-27,NE,Prospecting | Trail,13642,183,114.13,0.013414
2025-05-28,NE,Prospecting | Trail,16676,204,122.41,0.012233
2025-05-29,NE,Prospecting | Trail,13323,174,154.0,0.01306
2025-05-30,NE,Prospecting | Trail,12604,196,137.06,0.015551
2025-05-31,NE,Prospecting | Trail,12657,163,145.31,0.012878
2025-06-01,NE,Prospecting | Trail,14627,180,165.98,0.012306
2025-05-26,NE,Retargeting | Site Visitors,8804,102,76.26,0.011586
2025-05-27,NE,Retargeting | Site Visitors,5823,99,80.4,0.017002
2025-05-28,NE,Retargeting | Site Visitors,8009,133,83.35,0.016606
2025-05-29,NE,Retargeting | Site Visitors,6419,126,72.88,0.019629
2025-05-30,NE,Retargeting | Site Visitors,6994,113,76.79,0.016157
2025-05-31,NE,Retargeting | Site Visitors,6638,143,94.12,0.021543
2025-06-01,NE,Retargeting | Site Visitors,5671,153,72.31,0.026979
2025-05-26,MA,Prospecting | Trail,15056,212,122.77,0.014081
2025-05-27,MA,Prospecting | Trail,12513,154,126.07,0.012307
2025-05-28,MA,Prospecting | Trail,14946,170,129.43,0.011374
2025-05-29,MA,Prospecting | Trail,15653,149,139.35,0.009519
2025-05-30,MA,Prospecting | Trail,14117,142,171.81,0.010059
2025-05-31,MA,Prospecting | Trail,17187,204,130.06,0.011869
2025-06-01,MA,Prospecting | Trail,11581,159,170.83,0.013729
2025-05-26,MA,Retargeting | Site Visitors,6861,116,65.18,0.016907
2025-05-27,MA,Retargeting | Site Visitors,7082,130,62.91,0.018356
2025-05-28,MA,Retargeting | Site Visitors,6664,125,68.72,0.018758
2025-05-29,MA,Retargeting | Site Visitors,6226,131,86.62,0.021041
2025-05-30,MA,Retargeting | Site Visitors,6104,165,85.66,0.027031
2025-05-31,MA,Retargeting | Site Visitors,6933,153,84.26,0.022068
2025-06-01,MA,Retargeting | Site Visitors,6459,108,79.45,0.016721
2025-05-26,SE,Prospecting | Trail,11046,119,118.11,0.010773
2025-05-27,SE,Prospecting | Trail,11041,126,82.05,0.011412
2025-05-28,SE,Prospecting | Trail,10664,129,112.0,0.012097
2025-05-29,SE,Prospecting | Trail,12009,143,105.98,0.011908
2025-05-30,SE,Prospecting | Trail,10165,142,120.03,0.01397
2025-05-31,SE,Prospecting | Trail,12646,146,117.39,0.011545
2025-06-01,SE,Prospecting | Trail,10248,121,107.08,0.011807
2025-05-26,SE,Retargeting | Site Visitors,5033,115,74.81,0.022849
2025-05-27,SE,Retargeting | Site Visitors,4844,98,64.37,0.020231
2025-05-28,SE,Retargeting | Site Visitors,5857,82,73.48,0.014
2025-05-29,SE,Retargeting | Site Visitors,5510,89,55.03,0.016152
2025-05-30,SE,Retargeting | Site Visitors,5343,104,55.92,0.019465
2025-05-31,SE,Retargeting | Site Visitors,5703,101,55.71,0.01771
2025-06-01,SE,Retargeting | Site Visitors,5735,121,57.95,0.021099
2025-05-26,MW,Prospecting | Trail,16443,145,106.18,0.008818
2025-05-27,MW,Prospecting | Trail,15440,175,160.86,0.011334
2025-05-28,MW,Prospecting | Trail,16421,140,142.46,0.008526
2025-05-29,MW,Prospecting | Trail,14493,183,127.43,0.012627
2025-05-30,MW,Prospecting | Trail,11847,182,136.08,0.015363
2025-05-31,MW,Prospecting | Trail,13413,180,163.8,0.01342
2025-06-01,MW,Prospecting | Trail,11060,151,134.54,0.013653
2025-05-26,MW,Retargeting | Site Visitors,6961,133,69.72,0.019106
2025-05-27,MW,Retargeting | Site Visitors,7129,109,58.49,0.01529
2025-05-28,MW,Retargeting | Site Visitors,5791,113,80.05,0.019513
2025-05-29,MW,Retargeting | Site Visitors,5176,119,64.87,0.022991
2025-05-30,MW,Retargeting | Site Visitors,5996,111,68.62,0.018512
2025-05-31,MW,Retargeting | Site Visitors,5934,113,73.03,0.019043
2025-06-01,MW,Retargeting | Site Visitors,6456,104,84.84,0.016109
2025-05-26,MT,Prospecting | Trail,9029,162,117.71,0.017942
2025-05-27,MT,Prospecting | Trail,12388,125,103.34,0.01009
2025-05-28,MT,Prospecting | Trail,11768,118,114.75,0.010027
2025-05-29,MT,Prospecting | Trail,9508,144,87.71,0.015145
2025-05-30,MT,Prospecting | Trail,10451,125,106.18,0.011961
2025-05-31,MT,Prospecting | Trail,11659,117,109.59,0.010035
2025-06-01,MT,Prospecting | Trail,11111,167,104.68,0.01503
2025-05-26,MT,Retargeting | Site Visitors,4167,74,51.7,0.017759
2025-05-27,MT,Retargeting | Site Visitors,4650,97,49.63,0.02086
2025-05-28,MT,Retargeting | Site Visitors,4833,68,43.75,0.01407
2025-05-29,MT,Retargeting | Site Visitors,3449,89,54.18,0.025805
2025-05-30,MT,Retargeting | Site Visitors,3284,85,38.24,0.025883
2025-05-31,MT,Retargeting | Site Visitors,4940,77,54.38,0.015587
2025-06-01,MT,Retargeting | Site Visitors,4638,85,52.67,0.018327
2025-05-26,WE,Prospecting | Trail,14402,184,$166.53,0.012776
2025-05-27,WE,Prospecting | Trail,17347,216,$180.30,0.012452
2025-05-28,WE,Prospecting | Trail,20354,225,$200.83,0.011054
2025-05-29,WE,Prospecting | Trail,15006,255,$132.22,0.016993
2025-05-30,WE,Prospecting | Trail,21236,197,$165.26,0.009277
2025-05-31,WE,Prospecting | Trail,17986,226,$163.99,0.012565
2025-06-01,WE,Prospecting | Trail,15795,237,$187.69,0.015005
2025-05-26,WE,Retargeting | Site Visitors,7162,125,$78.64,0.017453
2025-05-27,WE,Retargeting | Site Visitors,5485,132,$70.06,0.024066
2025-05-28,WE,Retargeting | Site Visitors,6178,101,$65.51,0.016348
2025-05-29,WE,Retargeting | Site Visitors,5990,111,$88.03,0.018531
2025-05-30,WE,Retargeting | Site Visitors,7526,121,$63.85,0.016078
2025-05-31,WE,Retargeting | Site Visitors,5547,108,$71.85,0.01947
2025-06-01,WE,Retargeting | Site Visitors,6420,127,$71.60,0.019782
2025-06-02,NE,Prospecting | Trail,11328,147,100.69,0.012977
2025-06-03,NE,Prospecting | Trail,15650,132,139.67,0.008435
2025-06-04,NE,Prospecting | Trail,11464,152,140.09,0.013259
2025-06-05,NE,Prospecting | Trail,14894,168,139.39,0.01128
2025-06-06,NE,Prospecting | Trail,13851,124,118.21,0.008952
2025-06-07,NE,Prospecting | Trail,12960,145,141.83,0.011188
2025-06-08,NE,Prospecting | Trail,13295,177,135.84,0.013313
2025-06-02,NE,Retargeting | Site Visitors,5954,101,66.01,0.016963
2025-06-03,NE,Retargeting | Site Visitors,6660,120,55.61,0.018018
2025-06-04,NE,Retargeting | Site Visitors,6459,113,79.68,0.017495
2025-06-05,NE,Retargeting | Site Visitors,6233,115,68.12,0.01845
2025-06-06,NE,Retargeting | Site Visitors,5010,149,86.52,0.029741
2025-06-07,NE,Retargeting | Site Visitors,7208,116,81.09,0.016093
2025-06-08,NE,Retargeting | Site Visitors,7196,155,77.24,0.02154
2025-06-02,MA,Prospecting | Trail,13857,103,139.02,0.007433
2025-06-03,MA,Prospecting | Trail,9691,144,108.26,0.014859
2025-06-04,MA,Prospecting | Trail,10061,134,125.43,0.013319
2025-06-05,MA,Prospecting | Trail,11699,148,103.84,0.012651
2025-06-06,MA,Prospecting | Trail,12683,133,114.43,0.010486
2025-06-07,MA,Prospecting | Trail,12612,141,121.56,0.01118
2025-06-08,MA,Prospecting | Trail,13112,155,107.87,0.011821
2025-06-02,MA,Retargeting | Site Visitors,5429,137,59.63,0.025235
2025-06-03,MA,Retargeting | Site Visitors,6377,108,88.14,0.016936
2025-06-04,MA,Retargeting | Site Visitors,5228,126,69.69,0.024101
2025-06-05,MA,Retargeting | Site Visitors,7306,126,68.34,0.017246
2025-06-06,MA,Retargeting | Site Visitors,7592,103,70.09,0.013567
2025-06-07,MA,Retargeting | Site Visitors,5840,108,69.83,0.018493
2025-06-08,MA,Retargeting | Site Visitors,5536,139,72.32,0.025108
2025-06-02,SE,Prospecting | Trail,9149,166,128.8,0.018144
2025-06-03,SE,Prospecting | Trail,12805,120,104.29,0.009371
2025-06-04,SE,Prospecting | Trail,13258,147,103.53,0.011088
2025-06-05,SE,Prospecting | Trail,13546,155,110.94,0.011442
2025-06-06,SE,Prospecting | Trail,10558,128,125.37,0.012124
2025-06-07,SE,Prospecting | Trail,12769,171,98.91,0.013392
2025-06-08,SE,Prospecting | Trail,9278,141,125.53,0.015197
2025-06-02,SE,Retargeting | Site Visitors,6741,128,54.93,0.018988
2025-06-03,SE,Retargeting | Site Visitors,6110,126,55.49,0.020622
2025-06-04,SE,Retargeting | Site Visitors,5128,105,66.97,0.020476
2025-06-05,SE,Retargeting | Site Visitors,5439,132,81.0,0.024269
2025-06-06,SE,Retargeting | Site Visitors,4950,127,80.11,0.025657
2025-06-07,SE,Retargeting | Site Visitors,6064,85,62.33,0.014017
2025-06-08,SE,Retargeting | Site Visitors,6460,110,69.44,0.017028
2025-06-02,MW,Prospecting | Trail,14149,124,139.12,0.008764
2025-06-03,MW,Prospecting | Trail,11512,170,93.69,0.014767
2025-06-04,MW,Prospecting | Trail,11895,140,128.78,0.01177
2025-06-05,MW,Prospecting | Trail,11211,168,106.05,0.014985
2025-06-06,MW,Prospecting | Trail,13099,118,122.83,0.009008
2025-06-07,MW,Prospecting | Trail,13638,150,136.99,0.010999
2025-06-08,MW,Prospecting | Trail,13178,144,141.63,0.010927
2025-06-02,MW,Retargeting | Site Visitors,6000,129,74.43,0.0215
2025-06-03,MW,Retargeting | Site Visitors,6662,111,82.87,0.016662
2025-06-04,MW,Retargeting | Site Visitors,5962,117,61.67,0.019624
2025-06-05,MW,Retargeting | Site Visitors,6650,98,64.03,0.014737
2025-06-06,MW,Retargeting | Site Visitors,6238,119,67.37,0.019077
2025-06-07,MW,Retargeting | Site Visitors,5021,135,62.33,0.026887
2025-06-08,MW,Retargeting | Site Visitors,5568,115,71.46,0.020654
2025-06-02,MT,Prospecting | Trail,7061,98,85.95,0.013879
2025-06-03,MT,Prospecting | Trail,7639,132,89.26,0.01728
2025-06-04,MT,Prospecting | Trail,9315,97,95.54,0.010413
2025-06-05,MT,Prospecting | Trail,8777,108,78.48,0.012305
2025-06-06,MT,Prospecting | Trail,9805,93,96.37,0.009485
2025-06-07,MT,Prospecting | Trail,9470,107,82.63,0.011299
2025-06-08,MT,Prospecting | Trail,10196,108,81.94,0.010592
2025-06-02,MT,Retargeting | Site Visitors,3431,72,45.67,0.020985
2025-06-03,MT,Retargeting | Site Visitors,4503,80,38.46,0.017766
2025-06-04,MT,Retargeting | Site Visitors,4064,82,53.49,0.020177
2025-06-05,MT,Retargeting | Site Visitors,5002,81,57.01,0.016194
2025-06-06,MT,Retargeting | Site Visitors,3559,81,48.8,0.022759
2025-06-07,MT,Retargeting | Site Visitors,4425,77,43.9,0.017401
2025-06-08,MT,Retargeting | Site Visitors,4883,95,56.15,0.019455
2025-06-02,WE,Prospecting | Trail,13156,193,$159.26,0.01467
2025-06-03,WE,Prospecting | Trail,14159,157,$165.36,0.011088
2025-06-04,WE,Prospecting | Trail,14430,159,$173.43,0.011019
2025-06-05,WE,Prospecting | Trail,20076,201,$180.90,0.010012
2025-06-06,WE,Prospecting | Trail,18505,147,$147.56,0.007944
2025-06-07,WE,Prospecting | Trail,16252,217,$137.35,0.013352
2025-06-08,WE,Prospecting | Trail,14915,174,$128.77,0.011666
2025-06-02,WE,Retargeting | Site Visitors,5992,94,$84.67,0.015688
2025-06-03,WE,Retargeting | Site Visitors,7130,97,$62.66,0.013604
2025-06-04,WE,Retargeting | Site Visitors,5118,137,$72.67,0.026768
2025-06-05,WE,Retargeting | Site Visitors,5509,119,$73.52,0.021601
2025-06-06,WE,Retargeting | Site Visitors,6636,123,$59.03,0.018535
2025-06-07,WE,Retargeting | Site Visitors,6034,94,$60.35,0.015578
2025-06-08,WE,Retargeting | Site Visitors,6415,113,$79.70,0.017615
2025-06-09,NE,Prospecting | Trail,14443,143,112.85,0.009901
2025-06-10,NE,Prospecting | Trail,13539,173,135.75,0.012778
2025-06-11,NE,Prospecting | Trail,13383,179,117.32,0.013375
2025-06-12,NE,Prospecting | Trail,12021,145,138.46,0.012062
2025-06-13,NE,Prospecting | Trail,12571,134,113.33,0.010659
2025-06-14,NE,Prospecting | Trail,12957,143,135.83,0.011037
2025-06-15,NE,Prospecting | Trail,9597,131,113.88,0.01365
2025-06-09,NE,Retargeting | Site Visitors,6630,141,90.02,0.021267
2025-06-10,NE,Retargeting | Site Visitors,6471,125,87.05,0.019317
2025-06-11,NE,Retargeting | Site Visitors,9384,137,84.36,0.014599
2025-06-12,NE,Retargeting | Site Visitors,7022,153,69.18,0.021789
2025-06-13,NE,Retargeting | Site Visitors,6893,147,91.25,0.021326
2025-06-14,NE,Retargeting | Site Visitors,8046,136,69.23,0.016903
2025-06-15,NE,Retargeting | Site Visitors,6522,155,95.05,0.023766
2025-06-09,MA,Prospecting | Trail,12548,146,101.84,0.011635
2025-06-10,MA,Prospecting | Trail,10965,119,117.67,0.010853
2025-06-11,MA,Prospecting | Trail,11436,121,126.49,0.010581
2025-06-12,MA,Prospecting | Trail,11340,128,99.3,0.011287
2025-06-13,MA,Prospecting | Trail,11069,164,122.12,0.014816
2025-06-14,MA,Prospecting | Trail,10210,113,90.26,0.011068
2025-06-15,MA,Prospecting | Trail,12612,139,128.1,0.011021
2025-06-09,MA,Retargeting | Site Visitors,4861,101,55.22,0.020778
2025-06-10,MA,Retargeting | Site Visitors,4824,104,64.09,0.021559
2025-06-11,MA,Retargeting | Site Visitors,5906,96,53.44,0.016255
2025-06-12,MA,Retargeting | Site Visitors,4564,93,52.87,0.020377
2025-06-13,MA,Retargeting | Site Visitors,4990,86,61.13,0.017234
2025-06-14,MA,Retargeting | Site Visitors,5880,96,55.81,0.016327
2025-06-15,MA,Retargeting | Site Visitors,4818,108,69.64,0.022416
2025-06-09,SE,Prospecting | Trail,11076,123,125.31,0.011105
2025-06-10,SE,Prospecting | Trail,13099,127,120.47,0.009695
2025-06-11,SE,Prospecting | Trail,9175,141,102.79,0.015368
2025-06-12,SE,Prospecting | Trail,8792,118,92.62,0.013421
2025-06-13,SE,Prospecting | Trail,11203,146,104.65,0.013032
2025-06-14,SE,Prospecting | Trail,13143,100,118.6,0.007609
2025-06-15,SE,Prospecting | Trail,12152,150,106.22,0.012344
2025-06-09,SE,Retargeting | Site Visitors,5749,103,60.12,0.017916
2025-06-10,SE,Retargeting | Site Visitors,5154,80,71.34,0.015522
2025-06-11,SE,Retargeting | Site Visitors,5526,97,75.34,0.017553
2025-06-12,SE,Retargeting | Site Visitors,4888,110,68.57,0.022504
2025-06-13,SE,Retargeting | Site Visitors,5824,95,58.61,0.016312
2025-06-14,SE,Retargeting | Site Visitors,4901,109,51.28,0.02224
2025-06-15,SE,Retargeting | Site Visitors,6747,107,60.81,0.015859
2025-06-09,MW,Prospecting | Trail,13849,157,136.05,0.011337
2025-06-10,MW,Prospecting | Trail,13602,177,129.18,0.013013
2025-06-11,MW,Prospecting | Trail,10962,160,133.67,0.014596
2025-06-12,MW,Prospecting | Trail,13986,121,142.44,0.008652
2025-06-13,MW,Prospecting | Trail,12371,121,109.13,0.009781
2025-06-14,MW,Prospecting | Trail,11784,147,107.1,0.012475
2025-06-15,MW,Prospecting | Trail,14005,154,129.91,0.010996
2025-06-09,MW,Retargeting | Site Visitors,4925,120,67.34,0.024365
2025-06-10,MW,Retargeting | Site Visitors,6154,127,87.4,0.020637
2025-06-11,MW,Retargeting | Site Visitors,7240,96,63.61,0.01326
2025-06-12,MW,Retargeting | Site Visitors,6174,113,80.38,0.018303
2025-06-13,MW,Retargeting | Site Visitors,6505,100,63.13,0.015373
2025-06-14,MW,Retargeting | Site Visitors,6134,96,65.99,0.01565
2025-06-15,MW,Retargeting | Site Visitors,5951,120,67.61,0.020165
2025-06-09,MT,Prospecting | Trail,10089,92,91.96,0.009119
2025-06-10,MT,Prospecting | Trail,9811,95,85.83,0.009683
2025-06-11,MT,Prospecting | Trail,7474,94,93.72,0.012577
2025-06-12,MT,Prospecting | Trail,8919,120,74.77,0.013454
2025-06-13,MT,Prospecting | Trail,7777,104,93.99,0.013373
2025-06-14,MT,Prospecting | Trail,9061,128,91.0,0.014126
2025-06-15,MT,Prospecting | Trail,7874,110,66.58,0.01397
2025-06-09,MT,Retargeting | Site Visitors,4800,106,63.08,0.022083
2025-06-10,MT,Retargeting | Site Visitors,3748,74,46.11,0.019744
2025-06-11,MT,Retargeting | Site Visitors,5206,94,60.33,0.018056
2025-06-12,MT,Retargeting | Site Visitors,4998,96,51.29,0.019208
2025-06-13,MT,Retargeting | Site Visitors,5140,88,45.89,0.017121
2025-06-14,MT,Retargeting | Site Visitors,3666,91,48.24,0.024823
2025-06-15,MT,Retargeting | Site Visitors,4375,91,52.29,0.0208
2025-06-09,WE,Prospecting | Trail,15616,209,$140.09,0.013384
2025-06-10,WE,Prospecting | Trail,13963,174,$125.05,0.012462
2025-06-11,WE,Prospecting | Trail,15357,208,$162.39,0.013544
2025-06-12,WE,Prospecting | Trail,16229,211,$169.63,0.013001
2025-06-13,WE,Prospecting | Trail,14831,166,$148.73,0.011193
2025-06-14,WE,Prospecting | Trail,13555,144,$159.50,0.010623
2025-06-15,WE,Prospecting | Trail,15466,184,$123.78,0.011897
2025-06-09,WE,Retargeting | Site Visitors,8692,134,$92.11,0.015416
2025-06-10,WE,Retargeting | Site Visitors,6773,184,$91.23,0.027167
2025-06-11,WE,Retargeting | Site Visitors,5909,129,$79.82,0.021831
2025-06-12,WE,Retargeting | Site Visitors,7204,143,$102.27,0.01985
2025-06-13,WE,Retargeting | Site Visitors,7299,187,$73.21,0.02562
2025-06-14,WE,Retargeting | Site Visitors,7196,134,$88.96,0.018621
2025-06-15,WE,Retargeting | Site Visitors,8824,125,$69.21,0.014166
2025-06-16,NE,Prospecting | Trail,13981,178,136.87,0.012732
2025-06-17,NE,Prospecting | Trail,14202,130,131.67,0.009154
2025-06-18,NE,Prospecting | Trail,14059,139,107.05,0.009887
2025-06-19,NE,Prospecting | Trail,11994,138,139.29,0.011506
2025-06-20,NE,Prospecting | Trail,12384,135,128.6,0.010901
2025-06-21,NE,Prospecting | Trail,12288,174,139.78,0.01416
2025-06-22,NE,Prospecting | Trail,14899,173,136.05,0.011612
2025-06-16,NE,Retargeting | Site Visitors,4711,97,58.75,0.02059
2025-06-17,NE,Retargeting | Site Visitors,5565,110,67.35,0.019766
2025-06-18,NE,Retargeting | Site Visitors,5032,91,65.25,0.018084
2025-06-19,NE,Retargeting | Site Visitors,6102,113,57.39,0.018519
2025-06-20,NE,Retargeting | Site Visitors,5523,132,80.28,0.0239
2025-06-21,NE,Retargeting | Site Visitors,6614,114,65.06,0.017236
2025-06-22,NE,Retargeting | Site Visitors,5805,128,58.48,0.02205
2025-06-16,MA,Prospecting | Trail,14481,190,135.99,0.013121
2025-06-17,MA,Prospecting | Trail,12182,159,130.81,0.013052
2025-06-18,MA,Prospecting | Trail,11096,186,127.01,0.016763
2025-06-19,MA,Prospecting | Trail,13108,181,138.5,0.013808
2025-06-20,MA,Prospecting | Trail,15171,158,127.82,0.010415
2025-06-21,MA,Prospecting | Trail,15280,180,117.13,0.01178
2025-06-22,MA,Prospecting | Trail,13464,143,151.61,0.010621
2025-06-16,MA,Retargeting | Site Visitors,6373,123,82.73,0.0193
2025-06-17,MA,Retargeting | Site Visitors,6109,130,64.5,0.02128
2025-06-18,MA,Retargeting | Site Visitors,7184,109,73.67,0.015173
2025-06-19,MA,Retargeting | Site Visitors,6341,95,80.38,0.014982
2025-06-20,MA,Retargeting | Site Visitors,6608,116,70.16,0.017554
2025-06-21,MA,Retargeting | Site Visitors,6693,137,76.34,0.020469
2025-06-22,MA,Retargeting | Site Visitors,5029,121,62.09,0.02406
2025-06-16,SE,Prospecting | Trail,11517,125,101.94,0.010854
2025-06-17,SE,Prospecting | Trail,9488,146,111.61,0.015388
2025-06-18,SE,Prospecting | Trail,9382,98,80.75,0.010446
2025-06-19,SE,Prospecting | Trail,9394,139,103.16,0.014797
2025-06-20,SE,Prospecting | Trail,9035,109,104.7,0.012064
2025-06-21,SE,Prospecting | Trail,11609,105,92.81,0.009045
2025-06-22,SE,Prospecting | Trail,11400,106,108.91,0.009298
2025-06-16,SE,Retargeting | Site Visitors,4983,85,59.46,0.017058
2025-06-17,SE,Retargeting | Site Visitors,4100,104,56.32,0.025366
2025-06-18,SE,Retargeting | Site Visitors,5777,103,69.04,0.017829
2025-06-19,SE,Retargeting | Site Visitors,6327,121,54.56,0.019124
2025-06-20,SE,Retargeting | Site Visitors,5150,118,55.29,0.022913
2025-06-21,SE,Retargeting | Site Visitors,4245,93,59.34,0.021908
2025-06-22,SE,Retargeting | Site Visitors,5741,97,63.71,0.016896
2025-06-16,MW,Prospecting | Trail,9225,135,103.74,0.014634
2025-06-17,MW,Prospecting | Trail,8308,99,94.44,0.011916
2025-06-18,MW,Prospecting | Trail,11269,138,102.93,0.012246
2025-06-19,MW,Prospecting | Trail,12183,130,98.87,0.010671
2025-06-20,MW,Prospecting | Trail,9931,118,92.86,0.011882
2025-06-21,MW,Prospecting | Trail,9667,143,104.42,0.014793
2025-06-22,MW,Prospecting | Trail,10036,114,94.82,0.011359
2025-06-16,MW,Retargeting | Site Visitors,7007,113,60.03,0.016127
2025-06-17,MW,Retargeting | Site Visitors,5955,101,86.64,0.016961
2025-06-18,MW,Retargeting | Site Visitors,6272,137,73.51,0.021843
2025-06-19,MW,Retargeting | Site Visitors,5837,135,62.83,0.023128
2025-06-20,MW,Retargeting | Site Visitors,6943,104,78.05,0.014979
2025-06-21,MW,Retargeting | Site Visitors,5029,142,59.94,0.028236
2025-06-22,MW,Retargeting | Site Visitors,6286,116,77.27,0.018454
2025-06-16,MT,Prospecting | Trail,9653,109,109.62,0.011292
2025-06-17,MT,Prospecting | Trail,11265,107,102.74,0.009498
2025-06-18,MT,Prospecting | Trail,11175,120,112.51,0.010738
2025-06-19,MT,Prospecting | Trail,10779,140,98.78,0.012988
2025-06-20,MT,Prospecting | Trail,10816,107,84.6,0.009893
2025-06-21,MT,Prospecting | Trail,8624,136,87.92,0.01577
2025-06-22,MT,Prospecting | Trail,8164,110,94.49,0.013474
2025-06-16,MT,Retargeting | Site Visitors,3991,84,36.34,0.021047
2025-06-17,MT,Retargeting | Site Visitors,4752,82,47.51,0.017256
2025-06-18,MT,Retargeting | Site Visitors,4688,78,38.5,0.016638
2025-06-19,MT,Retargeting | Site Visitors,3498,64,51.17,0.018296
2025-06-20,MT,Retargeting | Site Visitors,4237,79,46.38,0.018645
2025-06-21,MT,Retargeting | Site Visitors,3358,82,46.35,0.024419
2025-06-22,MT,Retargeting | Site Visitors,3152,75,52.02,0.023794
2025-06-16,WE,Prospecting | Trail,13437,205,$129.97,0.015256
2025-06-17,WE,Prospecting | Trail,15256,149,$152.54,0.009767
2025-06-18,WE,Prospecting | Trail,13934,138,$116.79,0.009904
2025-06-19,WE,Prospecting | Trail,13348,138,$118.88,0.010339
2025-06-20,WE,Prospecting | Trail,16203,154,$153.66,0.009504
2025-06-21,WE,Prospecting | Trail,12021,157,$134.32,0.01306
2025-06-22,WE,Prospecting | Trail,12578,144,$142.26,0.011449
2025-06-16,WE,Retargeting | Site Visitors,7754,144,$85.13,0.018571
2025-06-17,WE,Retargeting | Site Visitors,7001,166,$88.59,0.023711
2025-06-18,WE,Retargeting | Site Visitors,8046,139,$97.46,0.017276
2025-06-19,WE,Retargeting | Site Visitors,8641,152,$77.12,0.017591
2025-06-20,WE,Retargeting | Site Visitors,6558,135,$96.73,0.020586
2025-06-21,WE,Retargeting | Site Visitors,7850,141,$89.43,0.017962
2025-06-22,WE,Retargeting | Site Visitors,8085,161,$85.80,0.019913
2025-06-23,NE,Prospecting | Trail,13531,137,145.98,0.010125
2025-06-24,NE,Prospecting | Trail,14055,186,149.26,0.013234
2025-06-25,NE,Prospecting | Trail,15524,169,123.34,0.010886
2025-06-26,NE,Prospecting | Trail,12667,198,169.18,0.015631
2025-06-27,NE,Prospecting | Trail,13110,177,138.14,0.013501
2025-06-28,NE,Prospecting | Trail,18167,132,150.23,0.007266
2025-06-29,NE,Prospecting | Trail,15403,195,127.97,0.01266
2025-06-23,NE,Retargeting | Site Visitors,6709,134,66.57,0.019973
2025-06-24,NE,Retargeting | Site Visitors,5892,125,91.29,0.021215
2025-06-25,NE,Retargeting | Site Visitors,6362,148,70.6,0.023263
2025-06-26,NE,Retargeting | Site Visitors,6125,106,59.43,0.017306
2025-06-27,NE,Retargeting | Site Visitors,7199,138,79.1,0.019169
2025-06-28,NE,Retargeting | Site Visitors,7299,107,77.15,0.01466
2025-06-29,NE,Retargeting | Site Visitors,6382,137,84.48,0.021467
2025-06-23,MA,Prospecting | Trail,17087,139,111.15,0.008135
2025-06-24,MA,Prospecting | Trail,12340,143,115.34,0.011588
2025-06-25,MA,Prospecting | Trail,11709,172,141.02,0.01469
2025-06-26,MA,Prospecting | Trail,14294,173,138.86,0.012103
2025-06-27,MA,Prospecting | Trail,11864,163,133.98,0.013739
2025-06-28,MA,Prospecting | Trail,13870,179,160.77,0.012906
2025-06-29,MA,Prospecting | Trail,17205,156,162.91,0.009067
2025-06-23,MA,Retargeting | Site Visitors,6964,114,69.28,0.01637
2025-06-24,MA,Retargeting | Site Visitors,7127,120,82.97,0.016837
2025-06-25,MA,Retargeting | Site Visitors,5499,95,77.47,0.017276
2025-06-26,MA,Retargeting | Site Visitors,4932,99,65.9,0.020073
2025-06-27,MA,Retargeting | Site Visitors,6553,117,64.87,0.017854
2025-06-28,MA,Retargeting | Site Visitors,5466,110,63.88,0.020124
2025-06-29,MA,Retargeting | Site Visitors,5653,146,60.87,0.025827
2025-06-23,SE,Prospecting | Trail,11181,109,88.15,0.009749
2025-06-24,SE,Prospecting | Trail,9157,116,104.05,0.012668
2025-06-25,SE,Prospecting | Trail,11373,141,86.15,0.012398
2025-06-26,SE,Prospecting | Trail,9075,95,87.33,0.010468
2025-06-27,SE,Prospecting | Trail,9717,118,89.93,0.012144
2025-06-28,SE,Prospecting | Trail,9234,126,94.03,0.013645
2025-06-29,SE,Prospecting | Trail,8272,126,116.86,0.015232
2025-06-23,SE,Retargeting | Site Visitors,5622,79,62.0,0.014052
2025-06-24,SE,Retargeting | Site Visitors,4068,83,60.16,0.020403
2025-06-25,SE,Retargeting | Site Visitors,5856,95,66.82,0.016223
2025-06-26,SE,Retargeting | Site Visitors,5218,90,46.55,0.017248
2025-06-27,SE,Retargeting | Site Visitors,4135,80,66.11,0.019347
2025-06-28,SE,Retargeting | Site Visitors,4184,107,44.09,0.025574
2025-06-29,SE,Retargeting | Site Visitors,5593,82,53.04,0.014661
2025-06-23,MW,Prospecting | Trail,10067,120,117.69,0.01192
2025-06-24,MW,Prospecting | Trail,10218,98,118.26,0.009591
2025-06-25,MW,Prospecting | Trail,9878,100,87.22,0.010124
2025-06-26,MW,Prospecting | Trail,11574,143,107.09,0.012355
2025-06-27,MW,Prospecting | Trail,11159,123,86.0,0.011022
2025-06-28,MW,Prospecting | Trail,7789,102,100.62,0.013095
2025-06-29,MW,Prospecting | Trail,11367,139,89.22,0.012228
2025-06-23,MW,Retargeting | Site Visitors,5946,98,78.2,0.016482
2025-06-24,MW,Retargeting | Site Visitors,7385,133,68.36,0.018009
2025-06-25,MW,Retargeting | Site Visitors,6957,90,67.49,0.012937
2025-06-26,MW,Retargeting | Site Visitors,6725,109,75.32,0.016208
2025-06-27,MW,Retargeting | Site Visitors,5749,118,75.33,0.020525
2025-06-28,MW,Retargeting | Site Visitors,5399,128,81.96,0.023708
2025-06-29,MW,Retargeting | Site Visitors,6137,108,62.75,0.017598
2025-06-23,MT,Prospecting | Trail,9561,111,103.43,0.01161
2025-06-24,MT,Prospecting | Trail,11429,132,113.29,0.01155
2025-06-25,MT,Prospecting | Trail,8562,132,117.21,0.015417
2025-06-26,MT,Prospecting | Trail,10429,103,101.0,0.009876
2025-06-27,MT,Prospecting | Trail,9269,132,90.04,0.014241
2025-06-28,MT,Prospecting | Trail,11397,106,89.87,0.009301
2025-06-29,MT,Prospecting | Trail,11358,138,90.82,0.01215
2025-06-23,MT,Retargeting | Site Visitors,4364,100,45.83,0.022915
2025-06-24,MT,Retargeting | Site Visitors,4957,103,59.12,0.020779
2025-06-25,MT,Retargeting | Site Visitors,5271,83,53.48,0.015747
2025-06-26,MT,Retargeting | Site Visitors,5217,91,62.75,0.017443
2025-06-27,MT,Retargeting | Site Visitors,3882,105,61.58,0.027048
2025-06-28,MT,Retargeting | Site Visitors,5526,101,54.73,0.018277
2025-06-29,MT,Retargeting | Site Visitors,5022,77,56.25,0.015333
2025-06-23,WE,Prospecting | Trail,14610,168,$126.10,0.011499
2025-06-24,WE,Prospecting | Trail,16815,160,$129.58,0.009515
2025-06-25,WE,Prospecting | Trail,12151,200,$182.49,0.01646
2025-06-26,WE,Prospecting | Trail,15648,214,$134.85,0.013676
2025-06-27,WE,Prospecting | Trail,14743,185,$166.14,0.012548
2025-06-28,WE,Prospecting | Trail,17561,195,$127.41,0.011104
2025-06-29,WE,Prospecting | Trail,11772,189,$145.77,0.016055
2025-06-23,WE,Retargeting | Site Visitors,7176,129,$62.99,0.017977
2025-06-24,WE,Retargeting | Site Visitors,6834,137,$85.16,0.020047
2025-06-25,WE,Retargeting | Site Visitors,5518,139,$95.38,0.02519
2025-06-26,WE,Retargeting | Site Visitors,8144,136,$73.40,0.016699
2025-06-27,WE,Retargeting | Site Visitors,5796,135,$66.79,0.023292
2025-06-28,WE,Retargeting | Site Visitors,7017,136,$72.72,0.019382
2025-06-29,WE,Retargeting | Site Visitors,5764,114,$75.42,0.019778
2025-06-30,NE,Prospecting | Trail,13396,196,108.59,0.014631
2025-07-01,NE,Prospecting | Trail,16190,167,157.32,0.010315
2025-07-02,NE,Prospecting | Trail,16868,188,146.6,0.011145
2025-07-03,NE,Prospecting | Trail,14917,178,148.7,0.011933
2025-07-04,NE,Prospecting | Trail,12613,197,141.91,0.015619
2025-07-05,NE,Prospecting | Trail,12660,162,154.32,0.012796
2025-07-06,NE,Prospecting | Trail,13100,146,120.05,0.011145
2025-06-30,NE,Retargeting | Site Visitors,5428,125,88.43,0.023029
2025-07-01,NE,Retargeting | Site Visitors,7608,125,69.92,0.01643
2025-07-02,NE,Retargeting | Site Visitors,8106,133,89.56,0.016408
2025-07-03,NE,Retargeting | Site Visitors,5682,134,94.59,0.023583
2025-07-04,NE,Retargeting | Site Visitors,7381,122,64.11,0.016529
2025-07-05,NE,Retargeting | Site Visitors,7028,112,91.27,0.015936
2025-07-06,NE,Retargeting | Site Visitors,7770,120,65.64,0.015444
2025-06-30,MA,Prospecting | Trail,15955,150,133.62,0.009401
2025-07-01,MA,Prospecting | Trail,15547,158,126.29,0.010163
2025-07-02,MA,Prospecting | Trail,14095,186,138.19,0.013196
2025-07-03,MA,Prospecting | Trail,11522,179,123.07,0.015535
2025-07-04,MA,Prospecting | Trail,14844,182,143.7,0.012261
2025-07-05,MA,Prospecting | Trail,14825,162,151.44,0.010927
2025-07-06,MA,Prospecting | Trail,11874,191,150.57,0.016086
2025-06-30,MA,Retargeting | Site Visitors,5771,99,53.24,0.017155
2025-07-01,MA,Retargeting | Site Visitors,4641,95,59.37,0.02047
2025-07-02,MA,Retargeting | Site Visitors,4538,93,61.04,0.020494
2025-07-03,MA,Retargeting | Site Visitors,4552,85,60.04,0.018673
2025-07-04,MA,Retargeting | Site Visitors,5318,97,58.11,0.01824
2025-07-05,MA,Retargeting | Site Visitors,5797,75,60.67,0.012938
2025-07-06,MA,Retargeting | Site Visitors,5221,91,59.69,0.01743
2025-06-30,SE,Prospecting | Trail,15140,147,118.0,0.009709
2025-07-01,SE,Prospecting | Trail,10239,160,133.24,0.015627
2025-07-02,SE,Prospecting | Trail,12362,108,112.92,0.008736
2025-07-03,SE,Prospecting | Trail,12283,139,103.63,0.011316
2025-07-04,SE,Prospecting | Trail,12043,128,121.06,0.010629
2025-07-05,SE,Prospecting | Trail,10555,131,111.97,0.012411
2025-07-06,SE,Prospecting | Trail,12373,160,132.14,0.012931
2025-06-30,SE,Retargeting | Site Visitors,4963,86,63.42,0.017328
2025-07-01,SE,Retargeting | Site Visitors,4010,83,61.13,0.020698
2025-07-02,SE,Retargeting | Site Visitors,4132,101,47.23,0.024443
2025-07-03,SE,Retargeting | Site Visitors,5543,110,59.06,0.019845
2025-07-04,SE,Retargeting | Site Visitors,5073,86,45.14,0.016952
2025-07-05,SE,Retargeting | Site Visitors,4447,77,65.3,0.017315
2025-07-06,SE,Retargeting | Site Visitors,5582,79,46.85,0.014153
2025-06-30,MW,Prospecting | Trail,14086,127,108.36,0.009016
2025-07-01,MW,Prospecting | Trail,12098,130,127.8,0.010746
2025-07-02,MW,Prospecting | Trail,9897,153,148.3,0.015459
2025-07-03,MW,Prospecting | Trail,12068,179,114.73,0.014833
2025-07-04,MW,Prospecting | Trail,14878,169,124.58,0.011359
2025-07-05,MW,Prospecting | Trail,12828,163,103.54,0.012707
2025-07-06,MW,Prospecting | Trail,11830,134,131.99,0.011327
2025-06-30,MW,Retargeting | Site Visitors,5390,101,64.05,0.018738
2025-07-01,MW,Retargeting | Site Visitors,6026,127,75.31,0.021075
2025-07-02,MW,Retargeting | Site Visitors,6024,104,75.49,0.017264
2025-07-03,MW,Retargeting | Site Visitors,5659,125,53.0,0.022089
2025-07-04,MW,Retargeting | Site Visitors,5325,104,63.65,0.019531
2025-07-05,MW,Retargeting | Site Visitors,6736,122,67.14,0.018112
2025-07-06,MW,Retargeting | Site Visitors,6098,145,75.83,0.023778
2025-06-30,MT,Prospecting | Trail,9500,104,73.16,0.010947
2025-07-01,MT,Prospecting | Trail,9260,85,92.74,0.009179
2025-07-02,MT,Prospecting | Trail,9171,110,69.41,0.011994
2025-07-03,MT,Prospecting | Trail,6768,86,99.29,0.012707
2025-07-04,MT,Prospecting | Trail,6620,119,83.45,0.017976
2025-07-05,MT,Prospecting | Trail,8828,82,96.33,0.009289
2025-07-06,MT,Prospecting | Trail,9362,113,68.81,0.01207
2025-06-30,MT,Retargeting | Site Visitors,4257,60,41.65,0.014094
2025-07-01,MT,Retargeting | Site Visitors,4599,75,49.7,0.016308
2025-07-02,MT,Retargeting | Site Visitors,4536,67,50.17,0.014771
2025-07-03,MT,Retargeting | Site Visitors,3877,90,52.66,0.023214
2025-07-04,MT,Retargeting | Site Visitors,3688,80,40.43,0.021692
2025-07-05,MT,Retargeting | Site Visitors,2992,65,35.87,0.021725
2025-07-06,MT,Retargeting | Site Visitors,3577,84,46.08,0.023483
2025-06-30,WE,Prospecting | Trail,15283,160,$145.66,0.010469
2025-07-01,WE,Prospecting | Trail,16038,208,$112.87,0.012969
2025-07-02,WE,Prospecting | Trail,13430,203,$138.09,0.015115
2025-07-03,WE,Prospecting | Trail,11777,213,$130.85,0.018086
2025-07-04,WE,Prospecting | Trail,11378,140,$159.96,0.012304
2025-07-05,WE,Prospecting | Trail,14458,167,$127.87,0.011551
2025-07-06,WE,Prospecting | Trail,16925,168,$157.74,0.009926
2025-06-30,WE,Retargeting | Site Visitors,6941,117,$97.62,0.016856
2025-07-01,WE,Retargeting | Site Visitors,7585,139,$103.94,0.018326
2025-07-02,WE,Retargeting | Site Visitors,6468,117,$101.60,0.018089
2025-07-03,WE,Retargeting | Site Visitors,7830,134,$74.07,0.017114
2025-07-04,WE,Retargeting | Site Visitors,8077,159,$86.34,0.019686
2025-07-05,WE,Retargeting | Site Visitors,7686,146,$76.15,0.018996
2025-07-06,WE,Retargeting | Site Visitors,8174,127,$67.03,0.015537
2025-07-07,NE,Prospecting | Trail,13941,128,140.18,0.009182
2025-07-08,NE,Prospecting | Trail,12566,120,134.58,0.00955
2025-07-09,NE,Prospecting | Trail,14479,140,104.38,0.009669
2025-07-10,NE,Prospecting | Trail,9863,123,108.68,0.012471
2025-07-11,NE,Prospecting | Trail,10604,174,134.22,0.016409
2025-07-12,NE,Prospecting | Trail,11997,149,99.37,0.01242
2025-07-13,NE,Prospecting | Trail,14427,177,139.79,0.012269
2025-07-07,NE,Retargeting | Site Visitors,5730,131,54.93,0.022862
2025-07-08,NE,Retargeting | Site Visitors,5782,100,74.64,0.017295
2025-07-09,NE,Retargeting | Site Visitors,5479,115,51.91,0.020989
2025-07-10,NE,Retargeting | Site Visitors,5429,106,57.27,0.019525
2025-07-11,NE,Retargeting | Site Visitors,5655,99,71.55,0.017507
2025-07-12,NE,Retargeting | Site Visitors,5688,107,68.85,0.018812
2025-07-13,NE,Retargeting | Site Visitors,4873,127,65.17,0.026062
2025-07-07,MA,Prospecting | Trail,15851,146,153.95,0.009211
2025-07-08,MA,Prospecting | Trail,11881,172,131.7,0.014477
2025-07-09,MA,Prospecting | Trail,15013,181,108.75,0.012056
2025-07-10,MA,Prospecting | Trail,13823,200,154.63,0.014469
2025-07-11,MA,Prospecting | Trail,12228,163,135.47,0.01333
2025-07-12,MA,Prospecting | Trail,11855,143,138.96,0.012062
2025-07-13,MA,Prospecting | Trail,16092,146,124.62,0.009073
2025-07-07,MA,Retargeting | Site Visitors,5805,120,68.39,0.020672
2025-07-08,MA,Retargeting | Site Visitors,5823,112,76.13,0.019234
2025-07-09,MA,Retargeting | Site Visitors,6753,100,78.94,0.014808
2025-07-10,MA,Retargeting | Site Visitors,6147,102,63.43,0.016593
2025-07-11,MA,Retargeting | Site Visitors,6709,129,71.16,0.019228
2025-07-12,MA,Retargeting | Site Visitors,5565,129,79.46,0.023181
2025-07-13,MA,Retargeting | Site Visitors,6028,139,55.04,0.023059
2025-07-07,SE,Prospecting | Trail,8257,107,120.55,0.012959
2025-07-08,SE,Prospecting | Trail,11978,116,80.73,0.009684
2025-07-09,SE,Prospecting | Trail,12179,127,102.4,0.010428
2025-07-10,SE,Prospecting | Trail,8184,122,102.08,0.014907
2025-07-11,SE,Prospecting | Trail,10202,98,104.8,0.009606
2025-07-12,SE,Prospecting | Trail,11169,135,82.37,0.012087
2025-07-13,SE,Prospecting | Trail,8906,114,101.64,0.0128
2025-07-07,SE,Retargeting | Site Visitors,5807,105,61.3,0.018082
2025-07-08,SE,Retargeting | Site Visitors,5744,103,80.26,0.017932
2025-07-09,SE,Retargeting | Site Visitors,6961,116,71.44,0.016664
2025-07-10,SE,Retargeting | Site Visitors,5720,110,68.28,0.019231
2025-07-11,SE,Retargeting | Site Visitors,6414,100,79.95,0.015591
2025-07-12,SE,Retargeting | Site Visitors,5512,96,63.34,0.017417
2025-07-13,SE,Retargeting | Site Visitors,5603,114,55.69,0.020346
2025-07-07,MW,Prospecting | Trail,13580,147,113.98,0.010825
2025-07-08,MW,Prospecting | Trail,11464,117,100.56,0.010206
2025-07-09,MW,Prospecting | Trail,12665,136,122.01,0.010738
2025-07-10,MW,Prospecting | Trail,10865,145,123.73,0.013346
2025-07-11,MW,Prospecting | Trail,12125,118,119.69,0.009732
2025-07-12,MW,Prospecting | Trail,10147,103,102.69,0.010151
2025-07-13,MW,Prospecting | Trail,10454,145,114.06,0.01387
2025-07-07,MW,Retargeting | Site Visitors,4852,102,54.57,0.021022
2025-07-08,MW,Retargeting | Site Visitors,6389,136,59.28,0.021287
2025-07-09,MW,Retargeting | Site Visitors,4773,121,56.68,0.025351
2025-07-10,MW,Retargeting | Site Visitors,5307,95,78.57,0.017901
2025-07-11,MW,Retargeting | Site Visitors,7089,120,76.23,0.016928
2025-07-12,MW,Retargeting | Site Visitors,6962,105,77.81,0.015082
2025-07-13,MW,Retargeting | Site Visitors,6064,92,73.38,0.015172
2025-07-07,MT,Prospecting | Trail,8674,104,85.86,0.01199
2025-07-08,MT,Prospecting | Trail,8489,117,94.7,0.013783
2025-07-09,MT,Prospecting | Trail,9503,109,71.93,0.01147
2025-07-10,MT,Prospecting | Trail,7462,89,74.1,0.011927
2025-07-11,MT,Prospecting | Trail,11112,103,104.92,0.009269
2025-07-12,MT,Prospecting | Trail,10220,83,100.73,0.008121
2025-07-13,MT,Prospecting | Trail,7437,103,84.15,0.01385
2025-07-07,MT,Retargeting | Site Visitors,4640,75,49.61,0.016164
2025-07-08,MT,Retargeting | Site Visitors,3953,77,61.21,0.019479
2025-07-09,MT,Retargeting | Site Visitors,4170,83,43.19,0.019904
2025-07-10,MT,Retargeting | Site Visitors,3574,65,41.44,0.018187
2025-07-11,MT,Retargeting | Site Visitors,4366,83,48.67,0.019011
2025-07-12,MT,Retargeting | Site Visitors,4902,92,56.0,0.018768
2025-07-13,MT,Retargeting | Site Visitors,4703,89,48.41,0.018924
2025-07-07,WE,Prospecting | Trail,15745,178,$135.02,0.011305
2025-07-08,WE,Prospecting | Trail,16296,131,$151.82,0.008039
2025-07-09,WE,Prospecting | Trail,15401,155,$142.43,0.010064
2025-07-10,WE,Prospecting | Trail,15108,201,$121.00,0.013304
2025-07-11,WE,Prospecting | Trail,11261,202,$154.42,0.017938
2025-07-12,WE,Prospecting | Trail,14060,148,$163.19,0.010526
2025-07-13,WE,Prospecting | Trail,16043,165,$150.48,0.010285
2025-07-07,WE,Retargeting | Site Visitors,7816,148,$79.52,0.018936
2025-07-08,WE,Retargeting | Site Visitors,6230,115,$76.71,0.018459
2025-07-09,WE,Retargeting | Site Visitors,6778,130,$76.47,0.01918
2025-07-10,WE,Retargeting | Site Visitors,5989,136,$66.03,0.022708
2025-07-11,WE,Retargeting | Site Visitors,7644,141,$93.72,0.018446
2025-07-12,WE,Retargeting | Site Visitors,7619,152,$99.35,0.01995
2025-07-13,WE,Retargeting | Site Visitors,7789,106,$81.65,0.013609
2025-07-14,NE,Prospecting | Trail,14075,136,102.35,0.009663
2025-07-15,NE,Prospecting | Trail,11368,145,136.08,0.012755
2025-07-16,NE,Prospecting | Trail,10510,164,122.37,0.015604
2025-07-17,NE,Prospecting | Trail,12276,149,137.1,0.012138
2025-07-18,NE,Prospecting | Trail,16132,172,110.6,0.010662
2025-07-19,NE,Prospecting | Trail,10837,172,95.59,0.015872
2025-07-20,NE,Prospecting | Trail,10497,136,135.71,0.012956
2025-07-14,NE,Retargeting | Site Visitors,6997,103,62.08,0.014721
2025-07-15,NE,Retargeting | Site Visitors,5456,100,77.02,0.018328
2025-07-16,NE,Retargeting | Site Visitors,6291,116,82.92,0.018439
2025-07-17,NE,Retargeting | Site Visitors,6355,104,79.55,0.016365
2025-07-18,NE,Retargeting | Site Visitors,5628,118,80.44,0.020967
2025-07-19,NE,Retargeting | Site Visitors,8010,125,71.69,0.015605
2025-07-20,NE,Retargeting | Site Visitors,7192,149,74.47,0.020717
2025-07-14,MA,Prospecting | Trail,11942,145,140.23,0.012142
2025-07-15,MA,Prospecting | Trail,13057,181,129.05,0.013862
2025-07-16,MA,Prospecting | Trail,11261,168,136.31,0.014919
2025-07-17,MA,Prospecting | Trail,10846,133,128.05,0.012263
2025-07-18,MA,Prospecting | Trail,14085,173,95.01,0.012283
2025-07-19,MA,Prospecting | Trail,14161,128,109.24,0.009039
2025-07-20,MA,Prospecting | Trail,11385,173,112.13,0.015195
2025-07-14,MA,Retargeting | Site Visitors,5245,97,65.07,0.018494
2025-07-15,MA,Retargeting | Site Visitors,5886,109,58.11,0.018519
2025-07-16,MA,Retargeting | Site Visitors,5169,106,61.63,0.020507
2025-07-17,MA,Retargeting | Site Visitors,4266,106,45.88,0.024848
2025-07-18,MA,Retargeting | Site Visitors,6010,96,59.43,0.015973
2025-07-19,MA,Retargeting | Site Visitors,4996,88,66.5,0.017614
2025-07-20,MA,Retargeting | Site Visitors,4294,98,55.84,0.022823
2025-07-14,SE,Prospecting | Trail,13616,157,127.36,0.011531
2025-07-15,SE,Prospecting | Trail,13997,167,122.93,0.011931
2025-07-16,SE,Prospecting | Trail,12210,117,121.48,0.009582
2025-07-17,SE,Prospecting | Trail,13034,127,92.13,0.009744
2025-07-18,SE,Prospecting | Trail,10479,138,137.94,0.013169
2025-07-19,SE,Prospecting | Trail,10370,149,123.42,0.014368
2025-07-20,SE,Prospecting | Trail,13684,165,131.16,0.012058
2025-07-14,SE,Retargeting | Site Visitors,3940,80,56.49,0.020305
2025-07-15,SE,Retargeting | Site Visitors,4283,86,59.53,0.020079
2025-07-16,SE,Retargeting | Site Visitors,5512,102,43.58,0.018505
2025-07-17,SE,Retargeting | Site Visitors,5789,79,61.04,0.013647
2025-07-18,SE,Retargeting | Site Visitors,5198,77,47.49,0.014813
2025-07-19,SE,Retargeting | Site Visitors,4009,107,55.36,0.02669
2025-07-20,SE,Retargeting | Site Visitors,4253,82,55.81,0.019281
2025-07-14,MW,Prospecting | Trail,10476,108,87.99,0.010309
2025-07-15,MW,Prospecting | Trail,8840,116,94.05,0.013122
2025-07-16,MW,Prospecting | Trail,9328,130,104.96,0.013937
2025-07-17,MW,Prospecting | Trail,11275,131,98.08,0.011619
2025-07-18,MW,Prospecting | Trail,9466,135,102.83,0.014262
2025-07-19,MW,Prospecting | Trail,10933,112,77.97,0.010244
2025-07-20,MW,Prospecting | Trail,8440,115,107.94,0.013626
2025-07-14,MW,Retargeting | Site Visitors,5351,92,63.14,0.017193
2025-07-15,MW,Retargeting | Site Visitors,4481,93,48.63,0.020754
2025-07-16,MW,Retargeting | Site Visitors,4922,91,67.32,0.018488
2025-07-17,MW,Retargeting | Site Visitors,4995,83,55.4,0.016617
2025-07-18,MW,Retargeting | Site Visitors,4771,93,48.52,0.019493
2025-07-19,MW,Retargeting | Site Visitors,4085,91,45.73,0.022277
2025-07-20,MW,Retargeting | Site Visitors,4510,71,52.08,0.015743
2025-07-14,MT,Prospecting | Trail,11575,117,84.98,0.010108
2025-07-15,MT,Prospecting | Trail,8162,87,113.85,0.010659
2025-07-16,MT,Prospecting | Trail,8109,99,90.59,0.012209
2025-07-17,MT,Prospecting | Trail,10247,116,82.43,0.01132
2025-07-18,MT,Prospecting | Trail,10458,101,99.61,0.009658
2025-07-19,MT,Prospecting | Trail,7657,123,87.79,0.016064
2025-07-20,MT,Prospecting | Trail,9317,100,82.91,0.010733
2025-07-14,MT,Retargeting | Site Visitors,5048,107,58.18,0.021197
2025-07-15,MT,Retargeting | Site Visitors,3679,76,48.61,0.020658
2025-07-16,MT,Retargeting | Site Visitors,5311,70,43.76,0.01318
2025-07-17,MT,Retargeting | Site Visitors,3772,109,59.18,0.028897
2025-07-18,MT,Retargeting | Site Visitors,4084,86,47.5,0.021058
2025-07-19,MT,Retargeting | Site Visitors,4826,98,59.33,0.020307
2025-07-20,MT,Retargeting | Site Visitors,4267,81,39.8,0.018983
2025-07-14,WE,Prospecting | Trail,11038,126,$141.19,0.011415
2025-07-15,WE,Prospecting | Trail,12361,165,$138.93,0.013348
2025-07-16,WE,Prospecting | Trail,11938,168,$132.31,0.014073
2025-07-17,WE,Prospecting | Trail,15346,125,$142.93,0.008145
2025-07-18,WE,Prospecting | Trail,15842,152,$137.89,0.009595
2025-07-19,WE,Prospecting | Trail,13096,159,$120.54,0.012141
2025-07-20,WE,Prospecting | Trail,14843,181,$111.97,0.012194
2025-07-14,WE,Retargeting | Site Visitors,6212,112,$65.96,0.01803
2025-07-15,WE,Retargeting | Site Visitors,6972,118,$71.44,0.016925
2025-07-16,WE,Retargeting | Site Visitors,5971,127,$87.47,0.021269
2025-07-17,WE,Retargeting | Site Visitors,6550,134,$81.71,0.020458
2025-07-18,WE,Retargeting | Site Visitors,7740,158,$74.28,0.020413
2025-07-19,WE,Retargeting | Site Visitors,6560,116,$60.37,0.017683
2025-07-20,WE,Retargeting | Site Visitors,5766,136,$85.13,0.023587
2025-07-21,NE,Prospecting | Trail,14081,209,150.22,0.014843
2025-07-22,NE,Prospecting | Trail,16089,168,150.21,0.010442
2025-07-23,NE,Prospecting | Trail,17218,206,175.1,0.011964
2025-07-24,NE,Prospecting | Trail,12726,223,172.98,0.017523
2025-07-25,NE,Prospecting | Trail,19469,188,155.69,0.009656
2025-07-26,NE,Prospecting | Trail,15724,221,175.25,0.014055
2025-07-27,NE,Prospecting | Trail,17724,208,128.25,0.011735
2025-07-21,NE,Retargeting | Site Visitors,5191,130,56.57,0.025043
2025-07-22,NE,Retargeting | Site Visitors,7189,110,59.45,0.015301
2025-07-23,NE,Retargeting | Site Visitors,6701,121,70.32,0.018057
2025-07-24,NE,Retargeting | Site Visitors,6219,116,80.98,0.018653
2025-07-25,NE,Retargeting | Site Visitors,5328,144,74.35,0.027027
2025-07-26,NE,Retargeting | Site Visitors,5861,104,82.25,0.017744
2025-07-27,NE,Retargeting | Site Visitors,5236,99,55.93,0.018908
2025-07-21,NE,Launch | New Colorway,7305,96,51.89,0.013142
2025-07-22,NE,Launch | New Colorway,5743,75,57.89,0.013059
2025-07-23,NE,Launch | New Colorway,5117,73,61.48,0.014266
2025-07-24,NE,Launch | New Colorway,7690,87,60.72,0.011313
2025-07-25,NE,Launch | New Colorway,5543,105,72.03,0.018943
2025-07-26,NE,Launch | New Colorway,6288,81,73.19,0.012882
2025-07-27,NE,Launch | New Colorway,5127,106,59.51,0.020675
2025-07-21,MA,Prospecting | Trail,16030,174,160.76,0.010855
2025-07-22,MA,Prospecting | Trail,17025,159,177.85,0.009339
2025-07-23,MA,Prospecting | Trail,14370,156,141.37,0.010856
2025-07-24,MA,Prospecting | Trail,14134,177,124.07,0.012523
2025-07-25,MA,Prospecting | Trail,16302,225,152.1,0.013802
2025-07-26,MA,Prospecting | Trail,16208,178,150.0,0.010982
2025-07-27,MA,Prospecting | Trail,11726,177,130.65,0.015095
2025-07-21,MA,Retargeting | Site Visitors,4961,99,54.67,0.019956
2025-07-22,MA,Retargeting | Site Visitors,5368,119,72.58,0.022168
2025-07-23,MA,Retargeting | Site Visitors,6478,98,70.64,0.015128
2025-07-24,MA,Retargeting | Site Visitors,5012,113,66.64,0.022546
2025-07-25,MA,Retargeting | Site Visitors,6255,131,54.41,0.020943
2025-07-26,MA,Retargeting | Site Visitors,6919,97,66.4,0.014019
2025-07-27,MA,Retargeting | Site Visitors,4813,136,72.43,0.028257
2025-07-21,MA,Launch | New Colorway,6054,94,62.17,0.015527
2025-07-22,MA,Launch | New Colorway,5434,99,62.7,0.018219
2025-07-23,MA,Launch | New Colorway,7283,79,55.93,0.010847
2025-07-24,MA,Launch | New Colorway,5445,86,65.56,0.015794
2025-07-25,MA,Launch | New Colorway,7446,108,83.93,0.014504
2025-07-26,MA,Launch | New Colorway,6740,108,61.12,0.016024
2025-07-27,MA,Launch | New Colorway,7979,103,81.67,0.012909
2025-07-21,SE,Prospecting | Trail,11061,149,137.18,0.013471
2025-07-22,SE,Prospecting | Trail,13839,136,138.96,0.009827
2025-07-23,SE,Prospecting | Trail,13088,132,104.2,0.010086
2025-07-24,SE,Prospecting | Trail,11020,136,115.44,0.012341
2025-07-25,SE,Prospecting | Trail,12825,142,115.48,0.011072
2025-07-26,SE,Prospecting | Trail,13224,135,126.15,0.010209
2025-07-27,SE,Prospecting | Trail,11284,135,108.73,0.011964
2025-07-21,SE,Retargeting | Site Visitors,6298,143,62.44,0.022706
2025-07-22,SE,Retargeting | Site Visitors,6175,126,82.97,0.020405
2025-07-23,SE,Retargeting | Site Visitors,5851,106,58.14,0.018117
2025-07-24,SE,Retargeting | Site Visitors,5104,115,74.54,0.022531
2025-07-25,SE,Retargeting | Site Visitors,6236,108,67.51,0.017319
2025-07-26,SE,Retargeting | Site Visitors,7047,113,74.03,0.016035
2025-07-27,SE,Retargeting | Site Visitors,6432,152,76.52,0.023632
2025-07-21,SE,Launch | New Colorway,4515,62,50.99,0.013732
2025-07-22,SE,Launch | New Colorway,5686,89,60.05,0.015652
2025-07-23,SE,Launch | New Colorway,5899,79,51.76,0.013392
2025-07-24,SE,Launch | New Colorway,5875,85,59.22,0.014468
2025-07-25,SE,Launch | New Colorway,4966,81,50.28,0.016311
2025-07-26,SE,Launch | New Colorway,6423,70,67.3,0.010898
2025-07-27,SE,Launch | New Colorway,4748,84,49.14,0.017692
2025-07-21,MW,Prospecting | Trail,13147,149,148.52,0.011333
2025-07-22,MW,Prospecting | Trail,12853,136,106.47,0.010581
2025-07-23,MW,Prospecting | Trail,11601,122,127.88,0.010516
2025-07-24,MW,Prospecting | Trail,11595,153,139.88,0.013195
2025-07-25,MW,Prospecting | Trail,15060,141,99.75,0.009363
2025-07-26,MW,Prospecting | Trail,11778,172,120.15,0.014603
2025-07-27,MW,Prospecting | Trail,13933,136,139.01,0.009761
2025-07-21,MW,Retargeting | Site Visitors,6023,88,69.34,0.014611
2025-07-22,MW,Retargeting | Site Visitors,4585,99,71.99,0.021592
2025-07-23,MW,Retargeting | Site Visitors,5444,96,56.66,0.017634
2025-07-24,MW,Retargeting | Site Visitors,6313,116,48.92,0.018375
2025-07-25,MW,Retargeting | Site Visitors,6406,110,63.76,0.017171
2025-07-26,MW,Retargeting | Site Visitors,4947,108,72.33,0.021831
2025-07-27,MW,Retargeting | Site Visitors,5076,113,63.14,0.022262
2025-07-21,MW,Launch | New Colorway,4525,82,45.6,0.018122
2025-07-22,MW,Launch | New Colorway,5107,72,53.63,0.014098
2025-07-23,MW,Launch | New Colorway,4939,85,55.27,0.01721
2025-07-24,MW,Launch | New Colorway,3695,61,52.08,0.016509
2025-07-25,MW,Launch | New Colorway,4988,76,45.83,0.015237
2025-07-26,MW,Launch | New Colorway,4535,74,39.28,0.016318
2025-07-27,MW,Launch | New Colorway,4689,62,39.57,0.013222
2025-07-21,MT,Prospecting | Trail,6731,79,75.98,0.011737
2025-07-22,MT,Prospecting | Trail,8587,113,84.26,0.013159
2025-07-23,MT,Prospecting | Trail,7396,100,70.44,0.013521
2025-07-24,MT,Prospecting | Trail,8498,88,65.39,0.010355
2025-07-25,MT,Prospecting | Trail,7330,99,80.76,0.013506
2025-07-26,MT,Prospecting | Trail,9542,114,85.65,0.011947
2025-07-27,MT,Prospecting | Trail,8020,117,87.34,0.014589
2025-07-21,MT,Retargeting | Site Visitors,3542,71,36.0,0.020045
2025-07-22,MT,Retargeting | Site Visitors,3675,68,39.3,0.018503
2025-07-23,MT,Retargeting | Site Visitors,3769,67,48.58,0.017777
2025-07-24,MT,Retargeting | Site Visitors,4137,65,45.33,0.015712
2025-07-25,MT,Retargeting | Site Visitors,3921,84,43.08,0.021423
2025-07-26,MT,Retargeting | Site Visitors,3622,92,37.14,0.0254
2025-07-27,MT,Retargeting | Site Visitors,3666,83,53.4,0.02264
2025-07-21,MT,Launch | New Colorway,5357,75,46.59,0.014
2025-07-22,MT,Launch | New Colorway,4035,58,51.71,0.014374
2025-07-23,MT,Launch | New Colorway,4463,77,40.71,0.017253
2025-07-24,MT,Launch | New Colorway,4222,74,44.21,0.017527
2025-07-25,MT,Launch | New Colorway,4773,75,37.25,0.015713
2025-07-26,MT,Launch | New Colorway,4359,75,51.69,0.017206
2025-07-27,MT,Launch | New Colorway,4686,60,53.16,0.012804
2025-07-21,WE,Prospecting | Trail,17439,197,$142.86,0.011297
2025-07-22,WE,Prospecting | Trail,15378,206,$164.43,0.013396
2025-07-23,WE,Prospecting | Trail,12598,151,$156.02,0.011986
2025-07-24,WE,Prospecting | Trail,19341,178,$123.97,0.009203
2025-07-25,WE,Prospecting | Trail,16223,197,$167.66,0.012143
2025-07-26,WE,Prospecting | Trail,15722,178,$159.79,0.011322
2025-07-27,WE,Prospecting | Trail,14121,197,$171.32,0.013951
2025-07-21,WE,Retargeting | Site Visitors,8762,153,$86.68,0.017462
2025-07-22,WE,Retargeting | Site Visitors,7231,162,$117.45,0.022404
2025-07-23,WE,Retargeting | Site Visitors,9081,124,$97.26,0.013655
2025-07-24,WE,Retargeting | Site Visitors,6267,138,$76.75,0.02202
2025-07-25,WE,Retargeting | Site Visitors,7955,169,$78.91,0.021245
2025-07-26,WE,Retargeting | Site Visitors,7770,123,$94.86,0.01583
2025-07-27,WE,Retargeting | Site Visitors,8713,156,$89.54,0.017904
2025-07-21,WE,Launch | New Colorway,7809,110,$73.11,0.014086
2025-07-22,WE,Launch | New Colorway,6055,114,$57.06,0.018827
2025-07-23,WE,Launch | New Colorway,5851,108,$73.88,0.018458
2025-07-24,WE,Launch | New Colorway,5926,104,$70.89,0.01755
2025-07-25,WE,Launch | New Colorway,5368,104,$75.46,0.019374
2025-07-26,WE,Launch | New Colorway,6489,96,$58.56,0.014794
2025-07-27,WE,Launch | New Colorway,7854,86,$53.63,0.01095
2025-07-28,NE,Prospecting | Trail,14312,167,125.44,0.011669
2025-07-29,NE,Prospecting | Trail,12853,188,120.08,0.014627
2025-07-30,NE,Prospecting | Trail,11302,140,119.62,0.012387
2025-07-31,NE,Prospecting | Trail,12048,178,136.51,0.014774
2025-08-01,NE,Prospecting | Trail,15869,168,170.37,0.010587
2025-08-02,NE,Prospecting | Trail,15847,196,119.75,0.012368
2025-08-03,NE,Prospecting | Trail,15454,140,165.54,0.009059
2025-07-28,NE,Retargeting | Site Visitors,7736,121,85.6,0.015641
2025-07-29,NE,Retargeting | Site Visitors,6178,139,83.1,0.022499
2025-07-30,NE,Retargeting | Site Visitors,6384,123,64.74,0.019267
2025-07-31,NE,Retargeting | Site Visitors,7000,106,64.99,0.015143
2025-08-01,NE,Retargeting | Site Visitors,5206,138,77.19,0.026508
2025-08-02,NE,Retargeting | Site Visitors,6242,112,77.46,0.017943
2025-08-03,NE,Retargeting | Site Visitors,6776,94,70.41,0.013872
2025-07-28,MA,Prospecting | Trail,14474,162,145.33,0.011192
2025-07-29,MA,Prospecting | Trail,11692,164,107.6,0.014027
2025-07-30,MA,Prospecting | Trail,10862,160,111.84,0.01473
2025-07-31,MA,Prospecting | Trail,13914,181,124.05,0.013008
2025-08-01,MA,Prospecting | Trail,13791,148,134.51,0.010732
2025-08-02,MA,Prospecting | Trail,12993,166,97.49,0.012776
2025-08-03,MA,Prospecting | Trail,9562,131,134.6,0.0137
2025-07-28,MA,Retargeting | Site Visitors,6785,110,78.98,0.016212
2025-07-29,MA,Retargeting | Site Visitors,7219,122,78.35,0.0169
2025-07-30,MA,Retargeting | Site Visitors,4837,118,81.06,0.024395
2025-07-31,MA,Retargeting | Site Visitors,5689,154,76.66,0.02707
2025-08-01,MA,Retargeting | Site Visitors,6670,117,54.93,0.017541
2025-08-02,MA,Retargeting | Site Visitors,7240,111,72.66,0.015331
2025-08-03,MA,Retargeting | Site Visitors,6290,112,71.76,0.017806
2025-07-28,SE,Prospecting | Trail,8544,123,111.37,0.014396
2025-07-29,SE,Prospecting | Trail,10708,112,93.54,0.010459
2025-07-30,SE,Prospecting | Trail,10575,122,102.42,0.011537
2025-07-31,SE,Prospecting | Trail,11010,99,98.71,0.008992
2025-08-01,SE,Prospecting | Trail,9859,137,88.2,0.013896
2025-08-02,SE,Prospecting | Trail,7944,93,101.82,0.011707
2025-08-03,SE,Prospecting | Trail,10248,101,79.02,0.009856
2025-07-28,SE,Retargeting | Site Visitors,6378,100,65.29,0.015679
2025-07-29,SE,Retargeting | Site Visitors,5592,97,57.01,0.017346
2025-07-30,SE,Retargeting | Site Visitors,6272,88,60.7,0.014031
2025-07-31,SE,Retargeting | Site Visitors,4427,109,71.01,0.024622
2025-08-01,SE,Retargeting | Site Visitors,4419,108,67.95,0.02444
2025-08-02,SE,Retargeting | Site Visitors,6321,88,54.48,0.013922
2025-08-03,SE,Retargeting | Site Visitors,4754,92,62.44,0.019352
2025-07-28,MW,Prospecting | Trail,12121,134,111.71,0.011055
2025-07-29,MW,Prospecting | Trail,10330,123,114.98,0.011907
2025-07-30,MW,Prospecting | Trail,9248,144,120.71,0.015571
2025-07-31,MW,Prospecting | Trail,11424,122,98.34,0.010679
2025-08-01,MW,Prospecting | Trail,11713,109,111.5,0.009306
2025-08-02,MW,Prospecting | Trail,11786,138,119.52,0.011709
2025-08-03,MW,Prospecting | Trail,11221,118,86.1,0.010516
2025-07-28,MW,Retargeting | Site Visitors,4570,89,56.29,0.019475
2025-07-29,MW,Retargeting | Site Visitors,4746,89,48.37,0.018753
2025-07-30,MW,Retargeting | Site Visitors,4711,91,48.22,0.019316
2025-07-31,MW,Retargeting | Site Visitors,3973,79,43.64,0.019884
2025-08-01,MW,Retargeting | Site Visitors,5057,88,45.98,0.017402
2025-08-02,MW,Retargeting | Site Visitors,5108,113,64.93,0.022122
2025-08-03,MW,Retargeting | Site Visitors,4313,88,66.07,0.020403
2025-07-28,MT,Prospecting | Trail,9071,87,66.41,0.009591
2025-07-29,MT,Prospecting | Trail,6783,76,66.58,0.011204
2025-07-30,MT,Prospecting | Trail,6269,97,63.72,0.015473
2025-07-31,MT,Prospecting | Trail,6226,91,81.73,0.014616
2025-08-01,MT,Prospecting | Trail,8098,90,83.98,0.011114
2025-08-02,MT,Prospecting | Trail,8009,88,71.87,0.010988
2025-08-03,MT,Prospecting | Trail,7324,100,73.14,0.013654
2025-07-28,MT,Retargeting | Site Visitors,3277,73,37.8,0.022276
2025-07-29,MT,Retargeting | Site Visitors,3050,61,35.31,0.02
2025-07-30,MT,Retargeting | Site Visitors,4234,64,47.76,0.015116
2025-07-31,MT,Retargeting | Site Visitors,3901,85,44.72,0.021789
2025-08-01,MT,Retargeting | Site Visitors,3185,64,51.59,0.020094
2025-08-02,MT,Retargeting | Site Visitors,4506,55,43.96,0.012206
2025-08-03,MT,Retargeting | Site Visitors,4220,73,42.17,0.017299
2025-07-28,WE,Prospecting | Trail,15694,216,$186.28,0.013763
2025-07-29,WE,Prospecting | Trail,16358,146,$122.34,0.008925
2025-07-30,WE,Prospecting | Trail,13224,179,$126.91,0.013536
2025-07-31,WE,Prospecting | Trail,17747,154,$187.50,0.008678
2025-08-01,WE,Prospecting | Trail,14966,215,$123.03,0.014366
2025-08-02,WE,Prospecting | Trail,16122,183,$154.78,0.011351
2025-08-03,WE,Prospecting | Trail,12585,194,$144.77,0.015415
2025-07-28,WE,Retargeting | Site Visitors,7646,137,$73.97,0.017918
2025-07-29,WE,Retargeting | Site Visitors,7489,143,$83.55,0.019095
2025-07-30,WE,Retargeting | Site Visitors,5512,140,$76.59,0.025399
2025-07-31,WE,Retargeting | Site Visitors,6507,120,$74.58,0.018442
2025-08-01,WE,Retargeting | Site Visitors,7487,131,$88.64,0.017497
2025-08-02,WE,Retargeting | Site Visitors,7354,130,$77.40,0.017677
2025-08-03,WE,Retargeting | Site Visitors,6577,143,$83.86,0.021742
2025-08-04,NE,Prospecting | Trail,12848,147,145.78,0.011441
2025-08-05,NE,Prospecting | Trail,12084,134,137.83,0.011089
2025-08-06,NE,Prospecting | Trail,16581,168,147.12,0.010132
2025-08-07,NE,Prospecting | Trail,12877,163,112.49,0.012658
2025-08-08,NE,Prospecting | Trail,14371,121,125.64,0.00842
2025-08-09,NE,Prospecting | Trail,12848,177,158.7,0.013776
2025-08-10,NE,Prospecting | Trail,15716,179,126.22,0.01139
2025-08-04,NE,Retargeting | Site Visitors,5642,98,68.16,0.01737
2025-08-05,NE,Retargeting | Site Visitors,7236,113,64.18,0.015616
2025-08-06,NE,Retargeting | Site Visitors,7197,121,73.94,0.016813
2025-08-07,NE,Retargeting | Site Visitors,6702,107,73.51,0.015965
2025-08-08,NE,Retargeting | Site Visitors,5233,114,81.61,0.021785
2025-08-09,NE,Retargeting | Site Visitors,6181,131,65.23,0.021194
2025-08-10,NE,Retargeting | Site Visitors,6200,102,83.86,0.016452
2025-08-04,MA,Prospecting | Trail,13204,144,123.81,0.010906
2025-08-05,MA,Prospecting | Trail,13171,128,93.93,0.009718
2025-08-06,MA,Prospecting | Trail,9871,138,129.44,0.01398
2025-08-07,MA,Prospecting | Trail,12357,128,87.49,0.010359
2025-08-08,MA,Prospecting | Trail,9716,136,122.26,0.013998
2025-08-09,MA,Prospecting | Trail,11763,107,101.86,0.009096
2025-08-10,MA,Prospecting | Trail,9109,129,117.28,0.014162
2025-08-04,MA,Retargeting | Site Visitors,6222,84,73.54,0.0135
2025-08-05,MA,Retargeting | Site Visitors,6771,114,66.78,0.016837
2025-08-06,MA,Retargeting | Site Visitors,5826,118,50.88,0.020254
2025-08-07,MA,Retargeting | Site Visitors,6889,123,65.78,0.017855
2025-08-08,MA,Retargeting | Site Visitors,4510,99,70.34,0.021951
2025-08-09,MA,Retargeting | Site Visitors,4795,123,65.57,0.025652
2025-08-10,MA,Retargeting | Site Visitors,5809,126,76.55,0.02169
2025-08-04,SE,Prospecting | Trail,14271,173,99.02,0.012122
2025-08-05,SE,Prospecting | Trail,12979,160,121.34,0.012328
2025-08-06,SE,Prospecting | Trail,11724,175,136.86,0.014927
2025-08-07,SE,Prospecting | Trail,10821,145,100.66,0.0134
2025-08-08,SE,Prospecting | Trail,13176,148,112.76,0.011233
2025-08-09,SE,Prospecting | Trail,12280,156,133.68,0.012704
2025-08-10,SE,Prospecting | Trail,10366,126,134.73,0.012155
2025-08-04,SE,Retargeting | Site Visitors,5078,131,62.85,0.025798
2025-08-05,SE,Retargeting | Site Visitors,5800,110,69.37,0.018966
2025-08-06,SE,Retargeting | Site Visitors,5224,110,57.15,0.021057
2025-08-07,SE,Retargeting | Site Visitors,4759,132,56.7,0.027737
2025-08-08,SE,Retargeting | Site Visitors,6427,102,59.02,0.015871
2025-08-09,SE,Retargeting | Site Visitors,6215,108,67.66,0.017377
2025-08-10,SE,Retargeting | Site Visitors,5694,95,78.02,0.016684
2025-08-04,MW,Prospecting | Trail,9329,123,99.21,0.013185
2025-08-05,MW,Prospecting | Trail,12177,161,115.98,0.013222
2025-08-06,MW,Prospecting | Trail,10359,105,108.63,0.010136
2025-08-07,MW,Prospecting | Trail,10663,152,134.87,0.014255
2025-08-08,MW,Prospecting | Trail,13799,163,97.06,0.011812
2025-08-09,MW,Prospecting | Trail,12129,119,98.23,0.009811
2025-08-10,MW,Prospecting | Trail,9777,110,112.69,0.011251
2025-08-04,MW,Retargeting | Site Visitors,5419,83,66.11,0.015316
2025-08-05,MW,Retargeting | Site Visitors,4710,80,60.92,0.016985
2025-08-06,MW,Retargeting | Site Visitors,4868,103,48.34,0.021159
2025-08-07,MW,Retargeting | Site Visitors,6228,82,68.85,0.013166
2025-08-08,MW,Retargeting | Site Visitors,5675,118,57.09,0.020793
2025-08-09,MW,Retargeting | Site Visitors,5700,83,68.1,0.014561
2025-08-10,MW,Retargeting | Site Visitors,4963,121,62.58,0.02438
2025-08-04,MT,Prospecting | Trail,8181,96,65.95,0.011735
2025-08-05,MT,Prospecting | Trail,5579,100,64.03,0.017924
2025-08-06,MT,Prospecting | Trail,8516,96,92.66,0.011273
2025-08-07,MT,Prospecting | Trail,7292,73,76.51,0.010011
2025-08-08,MT,Prospecting | Trail,7543,80,75.02,0.010606
2025-08-09,MT,Prospecting | Trail,6783,108,62.42,0.015922
2025-08-10,MT,Prospecting | Trail,8562,93,77.49,0.010862
2025-08-04,MT,Retargeting | Site Visitors,3964,89,57.91,0.022452
2025-08-05,MT,Retargeting | Site Visitors,4898,75,38.32,0.015312
2025-08-06,MT,Retargeting | Site Visitors,3827,87,54.47,0.022733
2025-08-07,MT,Retargeting | Site Visitors,4590,63,40.48,0.013725
2025-08-08,MT,Retargeting | Site Visitors,3559,78,42.64,0.021916
2025-08-09,MT,Retargeting | Site Visitors,4207,91,50.68,0.021631
2025-08-10,MT,Retargeting | Site Visitors,3491,73,43.67,0.020911
2025-08-04,WE,Prospecting | Trail,13409,175,$107.11,0.013051
2025-08-05,WE,Prospecting | Trail,12335,142,$111.44,0.011512
2025-08-06,WE,Prospecting | Trail,11023,172,$100.75,0.015604
2025-08-07,WE,Prospecting | Trail,13050,137,$111.29,0.010498
2025-08-08,WE,Prospecting | Trail,14909,130,$148.87,0.00872
2025-08-09,WE,Prospecting | Trail,10645,125,$148.69,0.011743
2025-08-10,WE,Prospecting | Trail,11357,165,$121.79,0.014528
2025-08-04,WE,Retargeting | Site Visitors,5023,122,$71.95,0.024288
2025-08-05,WE,Retargeting | Site Visitors,5553,113,$55.98,0.020349
2025-08-06,WE,Retargeting | Site Visitors,5043,118,$56.57,0.023399
2025-08-07,WE,Retargeting | Site Visitors,5851,95,$73.66,0.016237
2025-08-08,WE,Retargeting | Site Visitors,6640,118,$58.23,0.017771
2025-08-09,WE,Retargeting | Site Visitors,5721,119,$62.57,0.020801
2025-08-10,WE,Retargeting | Site Visitors,6017,90,$79.31,0.014958
2025-08-11,NE,Prospecting | Trail,9903,127,103.87,0.012824
2025-08-12,NE,Prospecting | Trail,11409,122,101.96,0.010693
2025-08-13,NE,Prospecting | Trail,10900,138,99.07,0.012661
2025-08-14,NE,Prospecting | Trail,9853,165,131.72,0.016746
2025-08-15,NE,Prospecting | Trail,10957,142,97.74,0.01296
2025-08-16,NE,Prospecting | Trail,14213,150,122.44,0.010554
2025-08-17,NE,Prospecting | Trail,10582,150,105.83,0.014175
2025-08-11,NE,Retargeting | Site Visitors,5497,124,64.43,0.022558
2025-08-12,NE,Retargeting | Site Visitors,5929,94,74.07,0.015854
2025-08-13,NE,Retargeting | Site Visitors,4974,95,77.92,0.019099
2025-08-14,NE,Retargeting | Site Visitors,5288,93,74.3,0.017587
2025-08-15,NE,Retargeting | Site Visitors,6604,122,64.35,0.018474
2025-08-16,NE,Retargeting | Site Visitors,6535,112,65.61,0.017138
2025-08-17,NE,Retargeting | Site Visitors,6196,104,51.1,0.016785
2025-08-11,MA,Prospecting | Trail,11440,128,120.33,0.011189
2025-08-12,MA,Prospecting | Trail,12022,122,109.53,0.010148
2025-08-13,MA,Prospecting | Trail,9934,122,103.49,0.012281
2025-08-14,MA,Prospecting | Trail,10578,142,105.85,0.013424
2025-08-15,MA,Prospecting | Trail,11537,151,98.1,0.013088
2025-08-16,MA,Prospecting | Trail,11200,153,135.34,0.013661
2025-08-17,MA,Prospecting | Trail,11382,147,92.69,0.012915
2025-08-11,MA,Retargeting | Site Visitors,6423,95,57.17,0.014791
2025-08-12,MA,Retargeting | Site Visitors,5737,91,69.78,0.015862
2025-08-13,MA,Retargeting | Site Visitors,5187,118,69.05,0.022749
2025-08-14,MA,Retargeting | Site Visitors,5971,107,52.36,0.01792
2025-08-15,MA,Retargeting | Site Visitors,5192,106,81.03,0.020416
2025-08-16,MA,Retargeting | Site Visitors,6139,117,77.9,0.019058
2025-08-17,MA,Retargeting | Site Visitors,6162,117,62.04,0.018987
2025-08-11,SE,Prospecting | Trail,11983,138,119.7,0.011516
2025-08-12,SE,Prospecting | Trail,8980,125,82.59,0.01392
2025-08-13,SE,Prospecting | Trail,11272,113,116.9,0.010025
2025-08-14,SE,Prospecting | Trail,8598,123,103.75,0.014306
2025-08-15,SE,Prospecting | Trail,8802,146,94.22,0.016587
2025-08-16,SE,Prospecting | Trail,12014,143,100.21,0.011903
2025-08-17,SE,Prospecting | Trail,9476,96,79.66,0.010131
2025-08-11,SE,Retargeting | Site Visitors,5331,77,58.24,0.014444
2025-08-12,SE,Retargeting | Site Visitors,4765,94,68.68,0.019727
2025-08-13,SE,Retargeting | Site Visitors,4973,74,51.46,0.01488
2025-08-14,SE,Retargeting | Site Visitors,5550,108,58.99,0.019459
2025-08-15,SE,Retargeting | Site Visitors,5232,104,53.14,0.019878
2025-08-16,SE,Retargeting | Site Visitors,3657,98,54.9,0.026798
2025-08-17,SE,Retargeting | Site Visitors,5104,80,52.61,0.015674
2025-08-11,MW,Prospecting | Trail,10504,132,93.5,0.012567
2025-08-12,MW,Prospecting | Trail,12413,174,131.2,0.014018
2025-08-13,MW,Prospecting | Trail,9966,134,125.8,0.013446
2025-08-14,MW,Prospecting | Trail,12168,138,114.57,0.011341
2025-08-15,MW,Prospecting | Trail,9887,176,90.37,0.017801
2025-08-16,MW,Prospecting | Trail,11916,122,101.51,0.010238
2025-08-17,MW,Prospecting | Trail,12252,132,118.28,0.010774
2025-08-11,MW,Retargeting | Site Visitors,5119,110,53.82,0.021489
2025-08-12,MW,Retargeting | Site Visitors,4556,92,66.38,0.020193
2025-08-13,MW,Retargeting | Site Visitors,4954,99,49.74,0.019984
2025-08-14,MW,Retargeting | Site Visitors,5417,97,65.43,0.017907
2025-08-15,MW,Retargeting | Site Visitors,6110,91,69.05,0.014894
2025-08-16,MW,Retargeting | Site Visitors,4584,115,50.05,0.025087
2025-08-17,MW,Retargeting | Site Visitors,5225,100,59.13,0.019139
2025-08-11,MT,Prospecting | Trail,8163,75,67.22,0.009188
2025-08-12,MT,Prospecting | Trail,7365,96,66.63,0.013035
2025-08-13,MT,Prospecting | Trail,6909,104,68.78,0.015053
2025-08-14,MT,Prospecting | Trail,5812,84,71.49,0.014453
2025-08-15,MT,Prospecting | Trail,7190,104,58.72,0.014465
2025-08-16,MT,Prospecting | Trail,6634,95,64.12,0.01432
2025-08-17,MT,Prospecting | Trail,7100,71,84.94,0.01
2025-08-11,MT,Retargeting | Site Visitors,4160,68,39.03,0.016346
2025-08-12,MT,Retargeting | Site Visitors,4288,81,50.47,0.01889
2025-08-13,MT,Retargeting | Site Visitors,3953,71,43.13,0.017961
2025-08-14,MT,Retargeting | Site Visitors,3671,64,55.4,0.017434
2025-08-15,MT,Retargeting | Site Visitors,4236,77,43.73,0.018178
2025-08-16,MT,Retargeting | Site Visitors,4427,97,48.89,0.021911
2025-08-17,MT,Retargeting | Site Visitors,3513,88,44.2,0.02505
2025-08-11,WE,Prospecting | Trail,11188,169,$129.97,0.015105
2025-08-12,WE,Prospecting | Trail,15007,146,$137.31,0.009729
2025-08-13,WE,Prospecting | Trail,12343,199,$147.52,0.016122
2025-08-14,WE,Prospecting | Trail,15912,167,$116.00,0.010495
2025-08-15,WE,Prospecting | Trail,11366,154,$133.75,0.013549
2025-08-16,WE,Prospecting | Trail,13348,200,$117.60,0.014984
2025-08-17,WE,Prospecting | Trail,15108,158,$141.71,0.010458
2025-08-11,WE,Retargeting | Site Visitors,5263,111,$80.98,0.021091
2025-08-12,WE,Retargeting | Site Visitors,5638,101,$56.65,0.017914
2025-08-13,WE,Retargeting | Site Visitors,6148,104,$75.82,0.016916
2025-08-14,WE,Retargeting | Site Visitors,7388,110,$63.79,0.014889
2025-08-15,WE,Retargeting | Site Visitors,5766,142,$75.86,0.024627
2025-08-16,WE,Retargeting | Site Visitors,6133,133,$77.27,0.021686
2025-08-17,WE,Retargeting | Site Visitors,5873,144,$55.03,0.024519
2025-08-18,NE,Prospecting | Trail,11688,166,96.42,0.014203
2025-08-19,NE,Prospecting | Trail,9765,131,107.07,0.013415
2025-08-20,NE,Prospecting | Trail,11696,113,132.07,0.009661
2025-08-21,NE,Prospecting | Trail,11100,122,96.21,0.010991
2025-08-22,NE,Prospecting | Trail,11361,171,95.22,0.015051
2025-08-23,NE,Prospecting | Trail,11565,123,90.35,0.010636
2025-08-24,NE,Prospecting | Trail,8999,133,129.16,0.014779
2025-08-18,NE,Retargeting | Site Visitors,6104,143,77.7,0.023427
2025-08-19,NE,Retargeting | Site Visitors,6040,125,76.33,0.020695
2025-08-20,NE,Retargeting | Site Visitors,6788,110,66.64,0.016205
2025-08-21,NE,Retargeting | Site Visitors,6338,138,76.09,0.021773
2025-08-22,NE,Retargeting | Site Visitors,8212,121,91.16,0.014735
2025-08-23,NE,Retargeting | Site Visitors,7940,123,70.87,0.015491
2025-08-24,NE,Retargeting | Site Visitors,5723,100,83.38,0.017473
2025-08-18,MA,Prospecting | Trail,11252,119,93.74,0.010576
2025-08-19,MA,Prospecting | Trail,9985,146,103.58,0.014622
2025-08-20,MA,Prospecting | Trail,11731,128,141.19,0.010911
2025-08-21,MA,Prospecting | Trail,11347,133,97.49,0.011721
2025-08-22,MA,Prospecting | Trail,12585,155,102.85,0.012316
2025-08-23,MA,Prospecting | Trail,11579,111,130.76,0.009586
2025-08-24,MA,Prospecting | Trail,12222,145,121.26,0.011864
2025-08-18,MA,Retargeting | Site Visitors,5039,97,65.95,0.01925
2025-08-19,MA,Retargeting | Site Visitors,4930,101,63.46,0.020487
2025-08-20,MA,Retargeting | Site Visitors,5371,111,46.21,0.020667
2025-08-21,MA,Retargeting | Site Visitors,5603,96,66.4,0.017134
2025-08-22,MA,Retargeting | Site Visitors,5274,121,64.35,0.022943
2025-08-23,MA,Retargeting | Site Visitors,4734,93,63.68,0.019645
2025-08-24,MA,Retargeting | Site Visitors,6079,120,55.8,0.01974
2025-08-18,SE,Prospecting | Trail,11312,122,89.26,0.010785
2025-08-19,SE,Prospecting | Trail,10570,164,97.56,0.015516
2025-08-20,SE,Prospecting | Trail,11152,107,90.51,0.009595
2025-08-21,SE,Prospecting | Trail,12155,119,111.57,0.00979
2025-08-22,SE,Prospecting | Trail,10059,131,125.16,0.013023
2025-08-23,SE,Prospecting | Trail,10817,150,127.24,0.013867
2025-08-24,SE,Prospecting | Trail,9693,139,101.12,0.01434
2025-08-18,SE,Retargeting | Site Visitors,4826,78,51.77,0.016162
2025-08-19,SE,Retargeting | Site Visitors,4179,89,61.04,0.021297
2025-08-20,SE,Retargeting | Site Visitors,4616,86,52.97,0.018631
2025-08-21,SE,Retargeting | Site Visitors,5314,91,50.17,0.017125
2025-08-22,SE,Retargeting | Site Visitors,4907,84,45.05,0.017118
2025-08-23,SE,Retargeting | Site Visitors,3871,90,51.5,0.02325
2025-08-24,SE,Retargeting | Site Visitors,4848,112,61.96,0.023102
2025-08-18,MW,Prospecting | Trail,12133,143,102.1,0.011786
2025-08-19,MW,Prospecting | Trail,9104,107,97.57,0.011753
2025-08-20,MW,Prospecting | Trail,8313,135,129.61,0.01624
2025-08-21,MW,Prospecting | Trail,11855,105,111.57,0.008857
2025-08-22,MW,Prospecting | Trail,12094,138,111.53,0.011411
2025-08-23,MW,Prospecting | Trail,9179,97,95.74,0.010568
2025-08-24,MW,Prospecting | Trail,12583,133,89.44,0.01057
2025-08-18,MW,Retargeting | Site Visitors,3908,106,47.32,0.027124
2025-08-19,MW,Retargeting | Site Visitors,4898,92,52.79,0.018783
2025-08-20,MW,Retargeting | Site Visitors,5636,80,44.59,0.014194
2025-08-21,MW,Retargeting | Site Visitors,5536,97,63.37,0.017522
2025-08-22,MW,Retargeting | Site Visitors,3674,108,43.14,0.029396
2025-08-23,MW,Retargeting | Site Visitors,4634,91,60.44,0.019637
2025-08-24,MW,Retargeting | Site Visitors,4395,86,64.17,0.019568
2025-08-18,MT,Prospecting | Trail,7128,79,68.07,0.011083
2025-08-19,MT,Prospecting | Trail,6998,78,73.67,0.011146
2025-08-20,MT,Prospecting | Trail,8911,81,73.66,0.00909
2025-08-21,MT,Prospecting | Trail,6002,97,56.89,0.016161
2025-08-22,MT,Prospecting | Trail,6067,92,68.54,0.015164
2025-08-23,MT,Prospecting | Trail,7558,78,78.92,0.01032
2025-08-24,MT,Prospecting | Trail,8056,68,77.3,0.008441
2025-08-18,MT,Retargeting | Site Visitors,3502,97,50.56,0.027698
2025-08-19,MT,Retargeting | Site Visitors,3998,90,40.53,0.022511
2025-08-20,MT,Retargeting | Site Visitors,3560,76,45.51,0.021348
2025-08-21,MT,Retargeting | Site Visitors,4569,76,42.68,0.016634
2025-08-22,MT,Retargeting | Site Visitors,4572,71,47.46,0.015529
2025-08-23,MT,Retargeting | Site Visitors,4242,67,41.36,0.015794
2025-08-24,MT,Retargeting | Site Visitors,3791,77,56.57,0.020311
2025-08-18,WE,Prospecting | Trail,14299,156,$149.44,0.01091
2025-08-19,WE,Prospecting | Trail,15821,159,$145.01,0.01005
2025-08-20,WE,Prospecting | Trail,11196,185,$126.04,0.016524
2025-08-21,WE,Prospecting | Trail,12932,163,$131.65,0.012604
2025-08-22,WE,Prospecting | Trail,13464,149,$138.44,0.011067
2025-08-23,WE,Prospecting | Trail,12185,163,$112.15,0.013377
2025-08-24,WE,Prospecting | Trail,13953,128,$117.00,0.009174
2025-08-18,WE,Retargeting | Site Visitors,6552,124,$84.93,0.018926
2025-08-19,WE,Retargeting | Site Visitors,6662,125,$104.11,0.018763
2025-08-20,WE,Retargeting | Site Visitors,6062,155,$71.13,0.025569
2025-08-21,WE,Retargeting | Site Visitors,7810,126,$99.98,0.016133
2025-08-22,WE,Retargeting | Site Visitors,7481,136,$70.67,0.018179
2025-08-23,WE,Retargeting | Site Visitors,7165,105,$69.23,0.014655
2025-08-24,WE,Retargeting | Site Visitors,7986,144,$71.70,0.018032
2025-08-25,NE,Prospecting | Trail,11016,146,137.75,0.013253
2025-08-26,NE,Prospecting | Trail,14376,161,144.47,0.011199
2025-08-27,NE,Prospecting | Trail,12582,166,130.75,0.013193
2025-08-28,NE,Prospecting | Trail,15560,160,146.15,0.010283
2025-08-29,NE,Prospecting | Trail,10946,179,134.65,0.016353
2025-08-30,NE,Prospecting | Trail,16018,164,110.15,0.010238
2025-08-31,NE,Prospecting | Trail,15158,124,133.5,0.00818
2025-08-25,NE,Retargeting | Site Visitors,5375,106,75.59,0.019721
2025-08-26,NE,Retargeting | Site Visitors,4956,94,53.47,0.018967
2025-08-27,NE,Retargeting | Site Visitors,5080,89,74.22,0.01752
2025-08-28,NE,Retargeting | Site Visitors,5689,84,61.81,0.014765
2025-08-29,NE,Retargeting | Site Visitors,6551,104,56.31,0.015875
2025-08-30,NE,Retargeting | Site Visitors,5468,93,51.5,0.017008
2025-08-31,NE,Retargeting | Site Visitors,4243,113,56.78,0.026632
2025-08-25,MA,Prospecting | Trail,13620,180,109.97,0.013216
2025-08-26,MA,Prospecting | Trail,15081,150,115.0,0.009946
2025-08-27,MA,Prospecting | Trail,11991,158,140.8,0.013177
2025-08-28,MA,Prospecting | Trail,14385,149,154.03,0.010358
2025-08-29,MA,Prospecting | Trail,12532,139,109.59,0.011092
2025-08-30,MA,Prospecting | Trail,10249,129,113.06,0.012587
2025-08-31,MA,Prospecting | Trail,13065,134,148.59,0.010256
2025-08-25,MA,Retargeting | Site Visitors,5250,69,50.03,0.013143
2025-08-26,MA,Retargeting | Site Visitors,4911,83,46.63,0.016901
2025-08-27,MA,Retargeting | Site Visitors,5563,96,67.18,0.017257
2025-08-28,MA,Retargeting | Site Visitors,5013,91,58.55,0.018153
2025-08-29,MA,Retargeting | Site Visitors,5541,99,58.18,0.017867
2025-08-30,MA,Retargeting | Site Visitors,3873,99,62.03,0.025562
2025-08-31,MA,Retargeting | Site Visitors,4753,87,58.79,0.018304
2025-08-25,SE,Prospecting | Trail,13037,136,112.16,0.010432
2025-08-26,SE,Prospecting | Trail,9529,140,94.92,0.014692
2025-08-27,SE,Prospecting | Trail,9838,139,139.02,0.014129
2025-08-28,SE,Prospecting | Trail,11942,105,119.67,0.008792
2025-08-29,SE,Prospecting | Trail,13046,139,105.27,0.010655
2025-08-30,SE,Prospecting | Trail,12474,143,93.33,0.011464
2025-08-31,SE,Prospecting | Trail,9814,143,116.51,0.014571
2025-08-25,SE,Retargeting | Site Visitors,4934,77,54.29,0.015606
2025-08-26,SE,Retargeting | Site Visitors,3871,95,37.54,0.024541
2025-08-27,SE,Retargeting | Site Visitors,4264,65,47.75,0.015244
2025-08-28,SE,Retargeting | Site Visitors,3475,83,52.14,0.023885
2025-08-29,SE,Retargeting | Site Visitors,4834,94,51.83,0.019446
2025-08-30,SE,Retargeting | Site Visitors,4901,78,56.42,0.015915
2025-08-31,SE,Retargeting | Site Visitors,3968,66,47.89,0.016633
2025-08-25,MW,Prospecting | Trail,11928,119,101.02,0.009977
2025-08-26,MW,Prospecting | Trail,8498,120,74.1,0.014121
2025-08-27,MW,Prospecting | Trail,9829,129,105.35,0.013124
2025-08-28,MW,Prospecting | Trail,9740,106,97.23,0.010883
2025-08-29,MW,Prospecting | Trail,8001,111,75.24,0.013873
2025-08-30,MW,Prospecting | Trail,8953,122,91.29,0.013627
2025-08-31,MW,Prospecting | Trail,7940,116,91.69,0.01461
2025-08-25,MW,Retargeting | Site Visitors,5251,127,55.63,0.024186
2025-08-26,MW,Retargeting | Site Visitors,5460,101,67.34,0.018498
2025-08-27,MW,Retargeting | Site Visitors,6139,100,72.38,0.016289
2025-08-28,MW,Retargeting | Site Visitors,6586,87,51.52,0.01321
2025-08-29,MW,Retargeting | Site Visitors,4868,128,72.69,0.026294
2025-08-30,MW,Retargeting | Site Visitors,5338,122,56.38,0.022855
2025-08-31,MW,Retargeting | Site Visitors,4643,94,64.33,0.020246
2025-08-25,MT,Prospecting | Trail,9330,118,78.64,0.012647
2025-08-26,MT,Prospecting | Trail,9315,96,71.36,0.010306
2025-08-27,MT,Prospecting | Trail,8657,91,91.23,0.010512
2025-08-28,MT,Prospecting | Trail,6814,101,66.0,0.014822
2025-08-29,MT,Prospecting | Trail,6772,98,88.63,0.014471
2025-08-30,MT,Prospecting | Trail,9963,131,99.99,0.013149
2025-08-31,MT,Prospecting | Trail,6887,90,69.97,0.013068
2025-08-25,MT,Retargeting | Site Visitors,3051,65,50.17,0.021304
2025-08-26,MT,Retargeting | Site Visitors,3592,69,48.45,0.019209
2025-08-27,MT,Retargeting | Site Visitors,4209,58,44.53,0.01378
2025-08-28,MT,Retargeting | Site Visitors,3466,75,34.17,0.021639
2025-08-29,MT,Retargeting | Site Visitors,3237,63,35.22,0.019462
2025-08-30,MT,Retargeting | Site Visitors,3892,60,41.4,0.015416
2025-08-31,MT,Retargeting | Site Visitors,3699,83,35.24,0.022438
2025-08-25,WE,Prospecting | Trail,14387,154,$160.63,0.010704
2025-08-26,WE,Prospecting | Trail,14391,189,$171.75,0.013133
2025-08-27,WE,Prospecting | Trail,12201,158,$154.14,0.01295
2025-08-28,WE,Prospecting | Trail,17693,162,$121.63,0.009156
2025-08-29,WE,Prospecting | Trail,15504,193,$139.13,0.012448
2025-08-30,WE,Prospecting | Trail,13408,144,$123.07,0.01074
2025-08-31,WE,Prospecting | Trail,14150,144,$126.66,0.010177
2025-08-25,WE,Retargeting | Site Visitors,6580,112,$58.80,0.017021
2025-08-26,WE,Retargeting | Site Visitors,6504,94,$68.92,0.014453
2025-08-27,WE,Retargeting | Site Visitors,5774,101,$57.71,0.017492
2025-08-28,WE,Retargeting | Site Visitors,4789,132,$84.41,0.027563
2025-08-29,WE,Retargeting | Site Visitors,6638,130,$77.02,0.019584
2025-08-30,WE,Retargeting | Site Visitors,6590,111,$59.82,0.016844
2025-08-31,WE,Retargeting | Site Visitors,5196,106,$77.14,0.0204
2025-09-01,NE,Prospecting | Trail,17370,144,129.45,0.00829
2025-09-02,NE,Prospecting | Trail,14201,155,170.25,0.010915
2025-09-03,NE,Prospecting | Trail,11554,160,149.09,0.013848
2025-09-04,NE,Prospecting | Trail,16880,195,164.97,0.011552
2025-09-05,NE,Prospecting | Trail,15275,199,134.77,0.013028
2025-09-06,NE,Prospecting | Trail,17779,150,137.84,0.008437
2025-09-07,NE,Prospecting | Trail,11542,178,138.72,0.015422
2025-09-01,NE,Retargeting | Site Visitors,5569,118,63.66,0.021189
2025-09-02,NE,Retargeting | Site Visitors,6901,96,89.87,0.013911
2025-09-03,NE,Retargeting | Site Visitors,7132,130,60.6,0.018228
2025-09-04,NE,Retargeting | Site Visitors,5083,105,65.03,0.020657
2025-09-05,NE,Retargeting | Site Visitors,5646,116,73.74,0.020546
2025-09-06,NE,Retargeting | Site Visitors,5191,127,60.33,0.024465
2025-09-07,NE,Retargeting | Site Visitors,7154,94,77.55,0.01314
2025-09-01,MA,Prospecting | Trail,12282,147,112.25,0.011969
2025-09-02,MA,Prospecting | Trail,13297,150,141.08,0.011281
2025-09-03,MA,Prospecting | Trail,9316,157,111.51,0.016853
2025-09-04,MA,Prospecting | Trail,11256,104,134.83,0.00924
2025-09-05,MA,Prospecting | Trail,12414,123,109.84,0.009908
2025-09-06,MA,Prospecting | Trail,13543,129,102.87,0.009525
2025-09-07,MA,Prospecting | Trail,10695,136,99.1,0.012716
2025-09-01,MA,Retargeting | Site Visitors,5278,122,65.59,0.023115
2025-09-02,MA,Retargeting | Site Visitors,4713,116,57.68,0.024613
2025-09-03,MA,Retargeting | Site Visitors,5253,82,60.62,0.01561
2025-09-04,MA,Retargeting | Site Visitors,5661,80,52.43,0.014132
2025-09-05,MA,Retargeting | Site Visitors,6776,106,75.46,0.015643
2025-09-06,MA,Retargeting | Site Visitors,5522,110,73.25,0.01992
2025-09-07,MA,Retargeting | Site Visitors,6672,113,73.52,0.016936
2025-09-01,SE,Prospecting | Trail,10661,123,107.18,0.011537
2025-09-02,SE,Prospecting | Trail,7780,110,96.98,0.014139
2025-09-03,SE,Prospecting | Trail,7924,132,83.06,0.016658
2025-09-04,SE,Prospecting | Trail,10176,99,100.85,0.009729
2025-09-05,SE,Prospecting | Trail,9453,95,91.37,0.01005
2025-09-06,SE,Prospecting | Trail,10510,128,89.1,0.012179
2025-09-07,SE,Prospecting | Trail,10786,100,90.89,0.009271
2025-09-01,SE,Retargeting | Site Visitors,5902,118,70.52,0.019993
2025-09-02,SE,Retargeting | Site Visitors,5537,107,79.82,0.019325
2025-09-03,SE,Retargeting | Site Visitors,6169,106,55.09,0.017183
2025-09-04,SE,Retargeting | Site Visitors,7124,115,59.99,0.016143
2025-09-05,SE,Retargeting | Site Visitors,5076,104,60.79,0.020489
2025-09-06,SE,Retargeting | Site Visitors,4985,88,73.31,0.017653
2025-09-07,SE,Retargeting | Site Visitors,7008,109,81.18,0.015554
2025-09-01,MW,Prospecting | Trail,10707,123,112.5,0.011488
2025-09-02,MW,Prospecting | Trail,12290,127,90.08,0.010334
2025-09-03,MW,Prospecting | Trail,12277,141,91.79,0.011485
2025-09-04,MW,Prospecting | Trail,12729,184,111.21,0.014455
2025-09-05,MW,Prospecting | Trail,10316,134,138.06,0.01299
2025-09-06,MW,Prospecting | Trail,10699,142,110.0,0.013272
2025-09-07,MW,Prospecting | Trail,11082,125,131.36,0.01128
2025-09-01,MW,Retargeting | Site Visitors,4519,101,59.44,0.02235
2025-09-02,MW,Retargeting | Site Visitors,4511,92,54.75,0.020395
2025-09-03,MW,Retargeting | Site Visitors,3674,100,54.96,0.027218
2025-09-04,MW,Retargeting | Site Visitors,4743,101,51.07,0.021295
2025-09-05,MW,Retargeting | Site Visitors,4895,74,52.25,0.015117
2025-09-06,MW,Retargeting | Site Visitors,5553,83,57.56,0.014947
2025-09-07,MW,Retargeting | Site Visitors,4841,95,46.41,0.019624
2025-09-01,MT,Prospecting | Trail,7789,81,71.9,0.010399
2025-09-02,MT,Prospecting | Trail,6430,97,90.52,0.015086
2025-09-03,MT,Prospecting | Trail,8723,65,65.96,0.007452
2025-09-04,MT,Prospecting | Trail,7348,91,70.23,0.012384
2025-09-05,MT,Prospecting | Trail,6392,95,66.89,0.014862
2025-09-06,MT,Prospecting | Trail,6940,65,77.1,0.009366
2025-09-07,MT,Prospecting | Trail,7930,85,62.6,0.010719
2025-09-01,MT,Retargeting | Site Visitors,3637,67,44.64,0.018422
2025-09-02,MT,Retargeting | Site Visitors,3208,70,37.14,0.02182
2025-09-03,MT,Retargeting | Site Visitors,3298,76,40.18,0.023044
2025-09-04,MT,Retargeting | Site Visitors,2667,59,35.53,0.022122
2025-09-05,MT,Retargeting | Site Visitors,3706,55,36.91,0.014841
2025-09-06,MT,Retargeting | Site Visitors,3267,65,36.95,0.019896
2025-09-07,MT,Retargeting | Site Visitors,3827,65,40.17,0.016985
2025-09-01,WE,Prospecting | Trail,14424,157,$155.04,0.010885
2025-09-02,WE,Prospecting | Trail,12661,149,$159.66,0.011768
2025-09-03,WE,Prospecting | Trail,13765,153,$120.40,0.011115
2025-09-04,WE,Prospecting | Trail,11594,213,$113.67,0.018372
2025-09-05,WE,Prospecting | Trail,16781,211,$164.50,0.012574
2025-09-06,WE,Prospecting | Trail,14296,200,$118.60,0.01399
2025-09-07,WE,Prospecting | Trail,18032,209,$163.36,0.011591
2025-09-01,WE,Retargeting | Site Visitors,6748,88,$67.60,0.013041
2025-09-02,WE,Retargeting | Site Visitors,5124,117,$58.72,0.022834
2025-09-03,WE,Retargeting | Site Visitors,5972,95,$74.37,0.015908
2025-09-04,WE,Retargeting | Site Visitors,5446,107,$74.10,0.019647
2025-09-05,WE,Retargeting | Site Visitors,5884,122,$72.32,0.020734
2025-09-06,WE,Retargeting | Site Visitors,7485,128,$56.53,0.017101
2025-09-07,WE,Retargeting | Site Visitors,5385,108,$79.88,0.020056
2025-09-08,NE,Prospecting | Trail,10780,163,116.08,0.015121
2025-09-09,NE,Prospecting | Trail,15699,170,147.31,0.010829
2025-09-10,NE,Prospecting | Trail,12348,154,102.29,0.012472
2025-09-11,NE,Prospecting | Trail,13788,154,116.9,0.011169
2025-09-12,NE,Prospecting | Trail,10767,176,145.69,0.016346
2025-09-13,NE,Prospecting | Trail,14999,166,128.4,0.011067
2025-09-14,NE,Prospecting | Trail,12044,145,129.52,0.012039
2025-09-08,NE,Retargeting | Site Visitors,5717,106,55.75,0.018541
2025-09-09,NE,Retargeting | Site Visitors,5771,107,63.71,0.018541
2025-09-10,NE,Retargeting | Site Visitors,5956,79,49.25,0.013264
2025-09-11,NE,Retargeting | Site Visitors,4420,91,52.52,0.020588
2025-09-12,NE,Retargeting | Site Visitors,5334,102,70.94,0.019123
2025-09-13,NE,Retargeting | Site Visitors,5863,94,73.25,0.016033
2025-09-14,NE,Retargeting | Site Visitors,4416,106,65.57,0.024004
2025-09-08,MA,Prospecting | Trail,11421,137,114.24,0.011995
2025-09-09,MA,Prospecting | Trail,12089,166,149.71,0.013731
2025-09-10,MA,Prospecting | Trail,14171,168,129.46,0.011855
2025-09-11,MA,Prospecting | Trail,11538,156,115.93,0.013521
2025-09-12,MA,Prospecting | Trail,16014,154,126.8,0.009617
2025-09-13,MA,Prospecting | Trail,13595,183,124.3,0.013461
2025-09-14,MA,Prospecting | Trail,10839,118,118.29,0.010887
2025-09-08,MA,Retargeting | Site Visitors,5810,104,63.69,0.0179
2025-09-09,MA,Retargeting | Site Visitors,5614,113,69.43,0.020128
2025-09-10,MA,Retargeting | Site Visitors,5494,77,58.68,0.014015
2025-09-11,MA,Retargeting | Site Visitors,4742,85,69.33,0.017925
2025-09-12,MA,Retargeting | Site Visitors,4554,117,59.34,0.025692
2025-09-13,MA,Retargeting | Site Visitors,6130,79,63.2,0.012887
2025-09-14,MA,Retargeting | Site Visitors,5123,97,47.21,0.018934
2025-09-08,SE,Prospecting | Trail,8925,96,108.95,0.010756
2025-09-09,SE,Prospecting | Trail,12600,135,93.4,0.010714
2025-09-10,SE,Prospecting | Trail,8763,105,105.47,0.011982
2025-09-11,SE,Prospecting | Trail,10528,112,89.64,0.010638
2025-09-12,SE,Prospecting | Trail,10196,147,99.98,0.014417
2025-09-13,SE,Prospecting | Trail,8610,143,105.89,0.016609
2025-09-14,SE,Prospecting | Trail,12805,138,106.46,0.010777
2025-09-08,SE,Retargeting | Site Visitors,6438,113,71.12,0.017552
2025-09-09,SE,Retargeting | Site Visitors,5421,87,60.88,0.016049
2025-09-10,SE,Retargeting | Site Visitors,5145,119,72.45,0.023129
2025-09-11,SE,Retargeting | Site Visitors,6295,89,57.72,0.014138
2025-09-12,SE,Retargeting | Site Visitors,6619,102,73.69,0.01541
2025-09-13,SE,Retargeting | Site Visitors,5921,127,73.35,0.021449
2025-09-14,SE,Retargeting | Site Visitors,5468,123,65.82,0.022495
2025-09-08,MW,Prospecting | Trail,11522,142,102.88,0.012324
2025-09-09,MW,Prospecting | Trail,11723,104,91.57,0.008871
2025-09-10,MW,Prospecting | Trail,11322,153,96.64,0.013514
2025-09-11,MW,Prospecting | Trail,9925,109,118.45,0.010982
2025-09-12,MW,Prospecting | Trail,8101,123,126.98,0.015183
2025-09-13,MW,Prospecting | Trail,9252,130,88.12,0.014051
2025-09-14,MW,Prospecting | Trail,11149,145,90.71,0.013006
2025-09-08,MW,Retargeting | Site Visitors,5055,116,69.99,0.022948
2025-09-09,MW,Retargeting | Site Visitors,5844,125,63.43,0.021389
2025-09-10,MW,Retargeting | Site Visitors,4019,95,65.61,0.023638
2025-09-11,MW,Retargeting | Site Visitors,5003,90,57.37,0.017989
2025-09-12,MW,Retargeting | Site Visitors,5972,102,75.24,0.01708
2025-09-13,MW,Retargeting | Site Visitors,5958,111,50.28,0.01863
2025-09-14,MW,Retargeting | Site Visitors,6230,88,56.03,0.014125
2025-09-08,MT,Prospecting | Trail,6103,113,69.63,0.018515
2025-09-09,MT,Prospecting | Trail,7659,89,69.28,0.01162
2025-09-10,MT,Prospecting | Trail,8649,91,90.51,0.010521
2025-09-11,MT,Prospecting | Trail,6934,91,86.31,0.013124
2025-09-12,MT,Prospecting | Trail,7380,85,68.77,0.011518
2025-09-13,MT,Prospecting | Trail,9069,97,68.88,0.010696
2025-09-14,MT,Prospecting | Trail,8531,90,78.98,0.01055
2025-09-08,MT,Retargeting | Site Visitors,4147,67,31.34,0.016156
2025-09-09,MT,Retargeting | Site Visitors,2837,60,34.44,0.021149
2025-09-10,MT,Retargeting | Site Visitors,3186,68,33.91,0.021343
2025-09-11,MT,Retargeting | Site Visitors,3231,60,45.09,0.01857
2025-09-12,MT,Retargeting | Site Visitors,3095,63,39.88,0.020355
2025-09-13,MT,Retargeting | Site Visitors,3273,66,38.51,0.020165
2025-09-14,MT,Retargeting | Site Visitors,3719,47,46.94,0.012638
2025-09-08,WE,Prospecting | Trail,13013,181,$106.66,0.013909
2025-09-09,WE,Prospecting | Trail,11336,148,$154.93,0.013056
2025-09-10,WE,Prospecting | Trail,16403,177,$138.32,0.010791
2025-09-11,WE,Prospecting | Trail,12836,202,$113.04,0.015737
2025-09-12,WE,Prospecting | Trail,16418,151,$128.80,0.009197
2025-09-13,WE,Prospecting | Trail,14013,151,$140.24,0.010776
2025-09-14,WE,Prospecting | Trail,11010,172,$149.30,0.015622
2025-09-08,WE,Retargeting | Site Visitors,6531,120,$70.88,0.018374
2025-09-09,WE,Retargeting | Site Visitors,6478,139,$71.50,0.021457
2025-09-10,WE,Retargeting | Site Visitors,7716,127,$70.59,0.016459
2025-09-11,WE,Retargeting | Site Visitors,7350,139,$74.52,0.018912
2025-09-12,WE,Retargeting | Site Visitors,5799,158,$86.47,0.027246
2025-09-13,WE,Retargeting | Site Visitors,8002,108,$100.16,0.013497
2025-09-14,WE,Retargeting | Site Visitors,5982,104,$76.24,0.017385
2025-09-15,NE,Prospecting | Trail,11609,171,111.59,0.01473
2025-09-16,NE,Prospecting | Trail,13498,163,142.86,0.012076
2025-09-17,NE,Prospecting | Trail,15197,138,150.45,0.009081
2025-09-18,NE,Prospecting | Trail,14338,153,127.49,0.010671
2025-09-19,NE,Prospecting | Trail,14029,145,148.88,0.010336
2025-09-20,NE,Prospecting | Trail,11781,176,102.88,0.014939
2025-09-21,NE,Prospecting | Trail,13369,171,135.3,0.012791
2025-09-15,NE,Retargeting | Site Visitors,6952,143,79.07,0.02057
2025-09-16,NE,Retargeting | Site Visitors,5711,118,66.57,0.020662
2025-09-17,NE,Retargeting | Site Visitors,6860,114,71.7,0.016618
2025-09-18,NE,Retargeting | Site Visitors,6115,130,86.57,0.021259
2025-09-19,NE,Retargeting | Site Visitors,7095,107,92.11,0.015081
2025-09-20,NE,Retargeting | Site Visitors,6289,132,62.44,0.020989
2025-09-21,NE,Retargeting | Site Visitors,6588,101,66.06,0.015331
2025-09-15,MA,Prospecting | Trail,14094,176,92.9,0.012488
2025-09-16,MA,Prospecting | Trail,13275,131,113.54,0.009868
2025-09-17,MA,Prospecting | Trail,11400,143,121.17,0.012544
2025-09-18,MA,Prospecting | Trail,9622,160,103.09,0.016629
2025-09-19,MA,Prospecting | Trail,9996,159,138.36,0.015906
2025-09-20,MA,Prospecting | Trail,13177,126,101.08,0.009562
2025-09-21,MA,Prospecting | Trail,10275,118,131.88,0.011484
2025-09-15,MA,Retargeting | Site Visitors,6791,110,64.39,0.016198
2025-09-16,MA,Retargeting | Site Visitors,5058,92,75.96,0.018189
2025-09-17,MA,Retargeting | Site Visitors,6160,94,55.14,0.01526
2025-09-18,MA,Retargeting | Site Visitors,4879,101,78.82,0.020701
2025-09-19,MA,Retargeting | Site Visitors,5460,113,55.29,0.020696
2025-09-20,MA,Retargeting | Site Visitors,4887,116,54.84,0.023736
2025-09-21,MA,Retargeting | Site Visitors,5159,94,57.11,0.018221
2025-09-15,SE,Prospecting | Trail,10455,93,108.87,0.008895
2025-09-16,SE,Prospecting | Trail,9715,126,82.92,0.01297
2025-09-17,SE,Prospecting | Trail,8441,125,99.54,0.014809
2025-09-18,SE,Prospecting | Trail,8135,88,90.92,0.010817
2025-09-19,SE,Prospecting | Trail,9711,106,80.68,0.010915
2025-09-20,SE,Prospecting | Trail,8911,82,83.33,0.009202
2025-09-21,SE,Prospecting | Trail,9194,105,86.45,0.01142
2025-09-15,SE,Retargeting | Site Visitors,4614,116,53.73,0.025141
2025-09-16,SE,Retargeting | Site Visitors,4961,116,59.65,0.023382
2025-09-17,SE,Retargeting | Site Visitors,4882,92,70.25,0.018845
2025-09-18,SE,Retargeting | Site Visitors,4980,91,48.79,0.018273
2025-09-19,SE,Retargeting | Site Visitors,5364,89,58.87,0.016592
2025-09-20,SE,Retargeting | Site Visitors,5226,101,60.7,0.019326
2025-09-21,SE,Retargeting | Site Visitors,4909,99,49.78,0.020167
2025-09-15,MW,Prospecting | Trail,11626,143,116.75,0.0123
2025-09-16,MW,Prospecting | Trail,10642,125,97.62,0.011746
2025-09-17,MW,Prospecting | Trail,11894,130,119.7,0.01093
2025-09-18,MW,Prospecting | Trail,9461,120,93.62,0.012684
2025-09-19,MW,Prospecting | Trail,11330,113,101.35,0.009974
2025-09-20,MW,Prospecting | Trail,10281,148,99.4,0.014395
2025-09-21,MW,Prospecting | Trail,10164,103,110.45,0.010134
2025-09-15,MW,Retargeting | Site Visitors,6685,134,78.38,0.020045
2025-09-16,MW,Retargeting | Site Visitors,5742,96,72.82,0.016719
2025-09-17,MW,Retargeting | Site Visitors,6691,93,72.39,0.013899
2025-09-18,MW,Retargeting | Site Visitors,4881,96,52.44,0.019668
2025-09-19,MW,Retargeting | Site Visitors,6440,117,73.55,0.018168
2025-09-20,MW,Retargeting | Site Visitors,5240,102,55.72,0.019466
2025-09-21,MW,Retargeting | Site Visitors,4888,123,61.2,0.025164
2025-09-15,MT,Prospecting | Trail,8978,106,76.89,0.011807
2025-09-16,MT,Prospecting | Trail,8598,70,67.57,0.008141
2025-09-17,MT,Prospecting | Trail,7291,98,72.94,0.013441
2025-09-18,MT,Prospecting | Trail,6511,81,82.58,0.01244
2025-09-19,MT,Prospecting | Trail,7258,88,61.9,0.012125
2025-09-20,MT,Prospecting | Trail,7055,78,81.83,0.011056
2025-09-21,MT,Prospecting | Trail,7798,106,80.48,0.013593
2025-09-15,MT,Retargeting | Site Visitors,3723,63,43.08,0.016922
2025-09-16,MT,Retargeting | Site Visitors,4459,64,48.42,0.014353
2025-09-17,MT,Retargeting | Site Visitors,3656,63,47.56,0.017232
2025-09-18,MT,Retargeting | Site Visitors,3544,88,42.77,0.024831
2025-09-19,MT,Retargeting | Site Visitors,3972,83,46.77,0.020896
2025-09-20,MT,Retargeting | Site Visitors,4026,80,38.92,0.019871
2025-09-21,MT,Retargeting | Site Visitors,4087,83,48.37,0.020308
2025-09-15,WE,Prospecting | Trail,15472,148,$117.20,0.009566
2025-09-16,WE,Prospecting | Trail,13492,160,$114.42,0.011859
2025-09-17,WE,Prospecting | Trail,10710,174,$142.68,0.016246
2025-09-18,WE,Prospecting | Trail,14806,199,$140.85,0.01344
2025-09-19,WE,Prospecting | Trail,14726,146,$107.49,0.009914
2025-09-20,WE,Prospecting | Trail,11403,167,$130.62,0.014645
2025-09-21,WE,Prospecting | Trail,11122,161,$145.70,0.014476
2025-09-15,WE,Retargeting | Site Visitors,7255,164,$77.02,0.022605
2025-09-16,WE,Retargeting | Site Visitors,8178,120,$80.96,0.014674
2025-09-17,WE,Retargeting | Site Visitors,5719,128,$98.82,0.022382
2025-09-18,WE,Retargeting | Site Visitors,6247,130,$64.63,0.02081
2025-09-19,WE,Retargeting | Site Visitors,6877,135,$72.20,0.019631
2025-09-20,WE,Retargeting | Site Visitors,6557,124,$89.38,0.018911
2025-09-21,WE,Retargeting | Site Visitors,7082,151,$68.01,0.021322
2025-09-22,NE,Prospecting | Trail,11117,130,125.56,0.011694
2025-09-23,NE,Prospecting | Trail,14139,148,101.53,0.010468
2025-09-24,NE,Prospecting | Trail,10843,134,116.22,0.012358
2025-09-25,NE,Prospecting | Trail,10638,119,92.06,0.011186
2025-09-26,NE,Prospecting | Trail,10769,135,118.79,0.012536
2025-09-27,NE,Prospecting | Trail,12281,133,121.81,0.01083
2025-09-28,NE,Prospecting | Trail,11642,158,122.03,0.013572
2025-09-22,NE,Retargeting | Site Visitors,6702,112,99.21,0.016711
2025-09-23,NE,Retargeting | Site Visitors,7175,112,68.13,0.01561
2025-09-24,NE,Retargeting | Site Visitors,5551,128,73.65,0.023059
2025-09-25,NE,Retargeting | Site Visitors,7767,148,79.54,0.019055
2025-09-26,NE,Retargeting | Site Visitors,6641,165,69.74,0.024846
2025-09-27,NE,Retargeting | Site Visitors,8057,159,64.82,0.019734
2025-09-28,NE,Retargeting | Site Visitors,6245,115,98.51,0.018415
2025-09-22,MA,Prospecting | Trail,11210,125,128.3,0.011151
2025-09-23,MA,Prospecting | Trail,12524,153,121.79,0.012217
2025-09-24,MA,Prospecting | Trail,11569,113,137.55,0.009767
2025-09-25,MA,Prospecting | Trail,14620,169,125.3,0.01156
2025-09-26,MA,Prospecting | Trail,12962,154,101.69,0.011881
2025-09-27,MA,Prospecting | Trail,10888,140,106.49,0.012858
2025-09-28,MA,Prospecting | Trail,12273,121,122.14,0.009859
2025-09-22,MA,Retargeting | Site Visitors,6829,130,79.02,0.019036
2025-09-23,MA,Retargeting | Site Visitors,6337,129,83.88,0.020357
2025-09-24,MA,Retargeting | Site Visitors,5636,111,77.09,0.019695
2025-09-25,MA,Retargeting | Site Visitors,6076,112,64.23,0.018433
2025-09-26,MA,Retargeting | Site Visitors,6171,126,62.62,0.020418
2025-09-27,MA,Retargeting | Site Visitors,6538,145,78.57,0.022178
2025-09-28,MA,Retargeting | Site Visitors,6054,123,56.45,0.020317
2025-09-22,SE,Prospecting | Trail,9159,119,75.73,0.012993
2025-09-23,SE,Prospecting | Trail,9202,118,108.91,0.012823
2025-09-24,SE,Prospecting | Trail,10284,128,86.66,0.012447
2025-09-25,SE,Prospecting | Trail,9490,115,89.39,0.012118
2025-09-26,SE,Prospecting | Trail,8285,122,106.22,0.014725
2025-09-27,SE,Prospecting | Trail,9750,110,90.08,0.011282
2025-09-28,SE,Prospecting | Trail,10033,109,91.8,0.010864
2025-09-22,SE,Retargeting | Site Visitors,4616,91,61.97,0.019714
2025-09-23,SE,Retargeting | Site Visitors,4952,89,60.86,0.017973
2025-09-24,SE,Retargeting | Site Visitors,4475,102,47.11,0.022793
2025-09-25,SE,Retargeting | Site Visitors,4727,114,54.96,0.024117
2025-09-26,SE,Retargeting | Site Visitors,4552,99,44.32,0.021749
2025-09-27,SE,Retargeting | Site Visitors,4602,85,64.45,0.01847
2025-09-28,SE,Retargeting | Site Visitors,5544,89,51.23,0.016053
2025-09-22,MW,Prospecting | Trail,10603,105,81.61,0.009903
2025-09-23,MW,Prospecting | Trail,10550,98,110.33,0.009289
2025-09-24,MW,Prospecting | Trail,11926,138,101.28,0.011571
2025-09-25,MW,Prospecting | Trail,11431,111,113.75,0.00971
2025-09-26,MW,Prospecting | Trail,9027,146,121.39,0.016174
2025-09-27,MW,Prospecting | Trail,9183,108,95.05,0.011761
2025-09-28,MW,Prospecting | Trail,9612,139,85.44,0.014461
2025-09-22,MW,Retargeting | Site Visitors,5019,93,71.37,0.01853
2025-09-23,MW,Retargeting | Site Visitors,5387,122,53.67,0.022647
2025-09-24,MW,Retargeting | Site Visitors,4643,94,58.05,0.020246
2025-09-25,MW,Retargeting | Site Visitors,6203,97,72.16,0.015638
2025-09-26,MW,Retargeting | Site Visitors,6778,133,77.58,0.019622
2025-09-27,MW,Retargeting | Site Visitors,4926,103,52.76,0.020909
2025-09-28,MW,Retargeting | Site Visitors,7062,107,74.6,0.015152
2025-09-22,MT,Prospecting | Trail,7835,109,87.86,0.013912
2025-09-23,MT,Prospecting | Trail,7941,97,92.12,0.012215
2025-09-24,MT,Prospecting | Trail,8055,115,67.78,0.014277
2025-09-25,MT,Prospecting | Trail,7531,97,65.15,0.01288
2025-09-26,MT,Prospecting | Trail,8485,105,89.45,0.012375
2025-09-27,MT,Prospecting | Trail,7170,112,72.35,0.015621
2025-09-28,MT,Prospecting | Trail,8568,77,70.03,0.008987
2025-09-22,MT,Retargeting | Site Visitors,3730,80,48.76,0.021448
2025-09-23,MT,Retargeting | Site Visitors,4642,66,47.17,0.014218
2025-09-24,MT,Retargeting | Site Visitors,4192,60,32.55,0.014313
2025-09-25,MT,Retargeting | Site Visitors,3105,58,45.38,0.01868
2025-09-26,MT,Retargeting | Site Visitors,3945,81,44.91,0.020532
2025-09-27,MT,Retargeting | Site Visitors,3204,68,35.33,0.021223
2025-09-28,MT,Retargeting | Site Visitors,3300,62,46.26,0.018788
2025-09-22,WE,Prospecting | Trail,12686,135,$125.37,0.010642
2025-09-23,WE,Prospecting | Trail,13206,171,$133.49,0.012949
2025-09-24,WE,Prospecting | Trail,13805,125,$150.08,0.009055
2025-09-25,WE,Prospecting | Trail,13400,165,$117.70,0.012313
2025-09-26,WE,Prospecting | Trail,13976,167,$151.58,0.011949
2025-09-27,WE,Prospecting | Trail,15058,177,$144.71,0.011755
2025-09-28,WE,Prospecting | Trail,15500,184,$133.86,0.011871
2025-09-22,WE,Retargeting | Site Visitors,5084,107,$79.91,0.021046
2025-09-23,WE,Retargeting | Site Visitors,6841,113,$70.91,0.016518
2025-09-24,WE,Retargeting | Site Visitors,7029,93,$73.76,0.013231
2025-09-25,WE,Retargeting | Site Visitors,7299,121,$56.71,0.016578
2025-09-26,WE,Retargeting | Site Visitors,4948,118,$64.02,0.023848
2025-09-27,WE,Retargeting | Site Visitors,6819,112,$82.97,0.016425
2025-09-28,WE,Retargeting | Site Visitors,5682,110,$74.29,0.019359
2025-09-29,NE,Prospecting | Trail,12951,164,166.64,0.012663
2025-09-30,NE,Prospecting | Trail,14685,196,146.69,0.013347
2025-10-01,NE,Prospecting | Trail,16963,163,124.01,0.009609
2025-10-02,NE,Prospecting | Trail,15193,191,140.47,0.012572
2025-10-03,NE,Prospecting | Trail,14550,237,134.53,0.016289
2025-10-04,NE,Prospecting | Trail,14287,188,157.26,0.013159
2025-10-05,NE,Prospecting | Trail,16835,185,163.96,0.010989
2025-09-29,NE,Retargeting | Site Visitors,8358,135,79.44,0.016152
2025-09-30,NE,Retargeting | Site Visitors,5743,143,69.58,0.0249
2025-10-01,NE,Retargeting | Site Visitors,6808,142,102.68,0.020858
2025-10-02,NE,Retargeting | Site Visitors,8077,125,95.3,0.015476
2025-10-03,NE,Retargeting | Site Visitors,6725,127,70.14,0.018885
2025-10-04,NE,Retargeting | Site Visitors,7150,130,83.82,0.018182
2025-10-05,NE,Retargeting | Site Visitors,8541,186,90.15,0.021777
2025-09-29,NE,Launch | New Colorway,6083,83,61.92,0.013645
2025-09-30,NE,Launch | New Colorway,6928,85,74.89,0.012269
2025-10-01,NE,Launch | New Colorway,5195,86,62.25,0.016554
2025-10-02,NE,Launch | New Colorway,7306,102,62.58,0.013961
2025-10-03,NE,Launch | New Colorway,6029,84,64.73,0.013933
2025-10-04,NE,Launch | New Colorway,7148,92,71.38,0.012871
2025-10-05,NE,Launch | New Colorway,5642,101,54.43,0.017901
2025-09-29,MA,Prospecting | Trail,13486,164,141.81,0.012161
2025-09-30,MA,Prospecting | Trail,15004,193,129.01,0.012863
2025-10-01,MA,Prospecting | Trail,17347,203,174.01,0.011702
2025-10-02,MA,Prospecting | Trail,17388,136,156.62,0.007821
2025-10-03,MA,Prospecting | Trail,13711,165,171.15,0.012034
2025-10-04,MA,Prospecting | Trail,13342,194,125.58,0.014541
2025-10-05,MA,Prospecting | Trail,13610,149,119.92,0.010948
2025-09-29,MA,Retargeting | Site Visitors,5652,125,79.28,0.022116
2025-09-30,MA,Retargeting | Site Visitors,6455,119,82.87,0.018435
2025-10-01,MA,Retargeting | Site Visitors,6216,122,53.81,0.019627
2025-10-02,MA,Retargeting | Site Visitors,5388,117,66.53,0.021715
2025-10-03,MA,Retargeting | Site Visitors,6740,96,60.94,0.014243
2025-10-04,MA,Retargeting | Site Visitors,5511,103,69.8,0.01869
2025-10-05,MA,Retargeting | Site Visitors,5574,102,64.43,0.018299
2025-09-29,MA,Launch | New Colorway,4600,70,65.12,0.015217
2025-09-30,MA,Launch | New Colorway,4299,85,45.73,0.019772
2025-10-01,MA,Launch | New Colorway,5858,85,45.72,0.01451
2025-10-02,MA,Launch | New Colorway,4209,58,54.37,0.01378
2025-10-03,MA,Launch | New Colorway,6174,74,42.55,0.011986
2025-10-04,MA,Launch | New Colorway,5839,63,58.98,0.01079
2025-10-05,MA,Launch | New Colorway,4735,71,51.82,0.014995
2025-09-29,SE,Prospecting | Trail,10917,124,103.83,0.011358
2025-09-30,SE,Prospecting | Trail,11801,146,131.01,0.012372
2025-10-01,SE,Prospecting | Trail,12799,119,89.27,0.009298
2025-10-02,SE,Prospecting | Trail,10228,125,93.05,0.012221
2025-10-03,SE,Prospecting | Trail,10150,119,105.09,0.011724
2025-10-04,SE,Prospecting | Trail,10898,140,131.58,0.012846
2025-10-05,SE,Prospecting | Trail,10300,149,101.69,0.014466
2025-09-29,SE,Retargeting | Site Visitors,5243,132,70.16,0.025176
2025-09-30,SE,Retargeting | Site Visitors,5883,111,68.86,0.018868
2025-10-01,SE,Retargeting | Site Visitors,5065,94,81.28,0.018559
2025-10-02,SE,Retargeting | Site Visitors,6907,108,60.46,0.015636
2025-10-03,SE,Retargeting | Site Visitors,6340,120,53.71,0.018927
2025-10-04,SE,Retargeting | Site Visitors,4777,144,69.82,0.030144
2025-10-05,SE,Retargeting | Site Visitors,6980,104,69.45,0.0149
2025-09-29,SE,Launch | New Colorway,5095,79,59.23,0.015505
2025-09-30,SE,Launch | New Colorway,5928,59,62.7,0.009953
2025-10-01,SE,Launch | New Colorway,5717,85,50.75,0.014868
2025-10-02,SE,Launch | New Colorway,5244,63,58.31,0.012014
2025-10-03,SE,Launch | New Colorway,5734,58,48.22,0.010115
2025-10-04,SE,Launch | New Colorway,4164,83,48.25,0.019933
2025-10-05,SE,Launch | New Colorway,4832,86,47.03,0.017798
2025-09-29,MW,Prospecting | Trail,9516,136,93.41,0.014292
2025-09-30,MW,Prospecting | Trail,11577,91,90.54,0.00786
2025-10-01,MW,Prospecting | Trail,8776,139,103.67,0.015839
2025-10-02,MW,Prospecting | Trail,11645,100,97.34,0.008587
2025-10-03,MW,Prospecting | Trail,11892,129,103.25,0.010848
2025-10-04,MW,Prospecting | Trail,9317,113,122.43,0.012128
2025-10-05,MW,Prospecting | Trail,9501,102,97.14,0.010736
2025-09-29,MW,Retargeting | Site Visitors,4942,97,57.09,0.019628
2025-09-30,MW,Retargeting | Site Visitors,4993,103,48.97,0.020629
2025-10-01,MW,Retargeting | Site Visitors,4199,107,64.99,0.025482
2025-10-02,MW,Retargeting | Site Visitors,5527,125,49.71,0.022616
2025-10-03,MW,Retargeting | Site Visitors,5475,96,70.83,0.017534
2025-10-04,MW,Retargeting | Site Visitors,5400,109,60.26,0.020185
2025-10-05,MW,Retargeting | Site Visitors,5482,85,62.33,0.015505
2025-09-29,MW,Launch | New Colorway,4476,68,58.03,0.015192
2025-09-30,MW,Launch | New Colorway,4041,54,41.29,0.013363
2025-10-01,MW,Launch | New Colorway,4072,57,44.58,0.013998
2025-10-02,MW,Launch | New Colorway,4120,81,43.53,0.01966
2025-10-03,MW,Launch | New Colorway,5746,83,39.56,0.014445
2025-10-04,MW,Launch | New Colorway,4431,82,46.54,0.018506
2025-10-05,MW,Launch | New Colorway,4528,58,46.9,0.012809
2025-09-29,MT,Prospecting | Trail,9125,116,76.01,0.012712
2025-09-30,MT,Prospecting | Trail,9932,96,84.72,0.009666
2025-10-01,MT,Prospecting | Trail,8733,121,103.83,0.013855
2025-10-02,MT,Prospecting | Trail,8232,92,93.52,0.011176
2025-10-03,MT,Prospecting | Trail,8286,114,77.06,0.013758
2025-10-04,MT,Prospecting | Trail,8380,119,112.69,0.0142
2025-10-05,MT,Prospecting | Trail,11380,93,80.02,0.008172
2025-09-29,MT,Retargeting | Site Visitors,3530,74,37.74,0.020963
2025-09-30,MT,Retargeting | Site Visitors,3836,54,35.77,0.014077
2025-10-01,MT,Retargeting | Site Visitors,3747,74,43.77,0.019749
2025-10-02,MT,Retargeting | Site Visitors,3590,68,40.75,0.018942
2025-10-03,MT,Retargeting | Site Visitors,3697,60,37.23,0.016229
2025-10-04,MT,Retargeting | Site Visitors,3237,51,39.61,0.015755
2025-10-05,MT,Retargeting | Site Visitors,2697,67,44.97,0.024842
2025-09-29,MT,Launch | New Colorway,3210,62,36.62,0.019315
2025-09-30,MT,Launch | New Colorway,4125,50,39.42,0.012121
2025-10-01,MT,Launch | New Colorway,4317,56,36.49,0.012972
2025-10-02,MT,Launch | New Colorway,3609,71,41.9,0.019673
2025-10-03,MT,Launch | New Colorway,4344,53,32.39,0.012201
2025-10-04,MT,Launch | New Colorway,3777,56,42.3,0.014827
2025-10-05,MT,Launch | New Colorway,3463,49,44.71,0.01415
2025-09-29,WE,Prospecting | Trail,14515,158,$107.99,0.010885
2025-09-30,WE,Prospecting | Trail,13498,133,$118.93,0.009853
2025-10-01,WE,Prospecting | Trail,11877,155,$156.46,0.01305
2025-10-02,WE,Prospecting | Trail,11790,172,$120.90,0.014589
2025-10-03,WE,Prospecting | Trail,14364,167,$142.18,0.011626
2025-10-04,WE,Prospecting | Trail,17635,203,$147.57,0.011511
2025-10-05,WE,Prospecting | Trail,11983,177,$143.47,0.014771
2025-09-29,WE,Retargeting | Site Visitors,7361,139,$90.66,0.018883
2025-09-30,WE,Retargeting | Site Visitors,7013,132,$74.81,0.018822
2025-10-01,WE,Retargeting | Site Visitors,7109,112,$78.25,0.015755
2025-10-02,WE,Retargeting | Site Visitors,5287,147,$91.74,0.027804
2025-10-03,WE,Retargeting | Site Visitors,5347,105,$67.07,0.019637
2025-10-04,WE,Retargeting | Site Visitors,7887,117,$67.14,0.014835
2025-10-05,WE,Retargeting | Site Visitors,6793,104,$68.49,0.01531
2025-09-29,WE,Launch | New Colorway,5346,82,$53.74,0.015339
2025-09-30,WE,Launch | New Colorway,4375,65,$60.71,0.014857
2025-10-01,WE,Launch | New Colorway,6164,94,$49.55,0.01525
2025-10-02,WE,Launch | New Colorway,6024,68,$53.85,0.011288
2025-10-03,WE,Launch | New Colorway,5812,86,$61.57,0.014797
2025-10-04,WE,Launch | New Colorway,6611,95,$65.26,0.01437
2025-10-05,WE,Launch | New Colorway,4380,66,$50.17,0.015068
2025-10-06,NE,Prospecting | Trail,8967,130,91.88,0.014498
2025-10-07,NE,Prospecting | Trail,12919,137,109.52,0.010605
2025-10-08,NE,Prospecting | Trail,12152,152,122.01,0.012508
2025-10-09,NE,Prospecting | Trail,9406,143,133.29,0.015203
2025-10-10,NE,Prospecting | Trail,12757,145,98.89,0.011366
2025-10-11,NE,Prospecting | Trail,13419,136,113.96,0.010135
2025-10-12,NE,Prospecting | Trail,9216,121,103.04,0.013129
2025-10-06,NE,Retargeting | Site Visitors,5923,141,82.06,0.023806
2025-10-07,NE,Retargeting | Site Visitors,5491,122,81.75,0.022218
2025-10-08,NE,Retargeting | Site Visitors,5326,115,62.49,0.021592
2025-10-09,NE,Retargeting | Site Visitors,6671,121,85.94,0.018138
2025-10-10,NE,Retargeting | Site Visitors,7768,110,79.31,0.014161
2025-10-11,NE,Retargeting | Site Visitors,6187,102,57.36,0.016486
2025-10-12,NE,Retargeting | Site Visitors,6779,119,58.77,0.017554
2025-10-06,MA,Prospecting | Trail,9610,135,138.02,0.014048
2025-10-07,MA,Prospecting | Trail,11949,150,135.82,0.012553
2025-10-08,MA,Prospecting | Trail,14239,116,106.16,0.008147
2025-10-09,MA,Prospecting | Trail,12851,137,110.65,0.010661
2025-10-10,MA,Prospecting | Trail,10752,171,117.36,0.015904
2025-10-11,MA,Prospecting | Trail,11908,128,129.61,0.010749
2025-10-12,MA,Prospecting | Trail,14401,163,102.32,0.011319
2025-10-06,MA,Retargeting | Site Visitors,7341,123,57.94,0.016755
2025-10-07,MA,Retargeting | Site Visitors,6225,134,62.15,0.021526
2025-10-08,MA,Retargeting | Site Visitors,6053,91,61.65,0.015034
2025-10-09,MA,Retargeting | Site Visitors,4757,107,69.67,0.022493
2025-10-10,MA,Retargeting | Site Visitors,5626,89,62.48,0.015819
2025-10-11,MA,Retargeting | Site Visitors,4947,122,74.67,0.024661
2025-10-12,MA,Retargeting | Site Visitors,5101,124,72.0,0.024309
2025-10-06,SE,Prospecting | Trail,6940,121,90.94,0.017435
2025-10-07,SE,Prospecting | Trail,8646,116,73.22,0.013417
2025-10-08,SE,Prospecting | Trail,9464,102,99.73,0.010778
2025-10-09,SE,Prospecting | Trail,10642,95,98.5,0.008927
2025-10-10,SE,Prospecting | Trail,8129,134,89.94,0.016484
2025-10-11,SE,Prospecting | Trail,9289,121,72.38,0.013026
2025-10-12,SE,Prospecting | Trail,10291,94,96.62,0.009134
2025-10-06,SE,Retargeting | Site Visitors,4739,87,62.08,0.018358
2025-10-07,SE,Retargeting | Site Visitors,5904,95,50.28,0.016091
2025-10-08,SE,Retargeting | Site Visitors,5474,90,61.23,0.016441
2025-10-09,SE,Retargeting | Site Visitors,4160,104,57.16,0.025
2025-10-10,SE,Retargeting | Site Visitors,5796,91,69.45,0.0157
2025-10-11,SE,Retargeting | Site Visitors,5727,93,68.89,0.016239
2025-10-12,SE,Retargeting | Site Visitors,4933,108,53.34,0.021893
2025-10-06,MW,Prospecting | Trail,9792,154,97.77,0.015727
2025-10-07,MW,Prospecting | Trail,8982,127,115.75,0.014139
2025-10-08,MW,Prospecting | Trail,13860,120,99.89,0.008658
2025-10-09,MW,Prospecting | Trail,9300,149,138.64,0.016022
2025-10-10,MW,Prospecting | Trail,12578,153,97.25,0.012164
2025-10-11,MW,Prospecting | Trail,11630,116,105.53,0.009974
2025-10-12,MW,Prospecting | Trail,11489,125,105.96,0.01088
2025-10-06,MW,Retargeting | Site Visitors,4032,96,63.19,0.02381
2025-10-07,MW,Retargeting | Site Visitors,5940,107,53.47,0.018013
2025-10-08,MW,Retargeting | Site Visitors,4841,102,60.95,0.02107
2025-10-09,MW,Retargeting | Site Visitors,4982,93,57.33,0.018667
2025-10-10,MW,Retargeting | Site Visitors,5556,87,51.73,0.015659
2025-10-11,MW,Retargeting | Site Visitors,5847,82,58.14,0.014024
2025-10-12,MW,Retargeting | Site Visitors,4437,77,65.0,0.017354
2025-10-06,MT,Prospecting | Trail,8886,101,82.75,0.011366
2025-10-07,MT,Prospecting | Trail,8771,82,91.56,0.009349
2025-10-08,MT,Prospecting | Trail,8427,89,66.56,0.010561
2025-10-09,MT,Prospecting | Trail,8060,86,75.85,0.01067
2025-10-10,MT,Prospecting | Trail,6956,103,81.62,0.014807
2025-10-11,MT,Prospecting | Trail,6982,90,73.01,0.01289
2025-10-12,MT,Prospecting | Trail,6942,99,67.9,0.014261
2025-10-06,MT,Retargeting | Site Visitors,3512,48,33.17,0.013667
2025-10-07,MT,Retargeting | Site Visitors,3424,69,34.95,0.020152
2025-10-08,MT,Retargeting | Site Visitors,3118,55,36.69,0.01764
2025-10-09,MT,Retargeting | Site Visitors,3359,59,40.53,0.017565
2025-10-10,MT,Retargeting | Site Visitors,3229,70,44.46,0.021679
2025-10-11,MT,Retargeting | Site Visitors,2732,64,39.18,0.023426
2025-10-12,MT,Retargeting | Site Visitors,3359,52,32.44,0.015481
2025-10-06,WE,Prospecting | Trail,14904,202,$117.58,0.013553
2025-10-07,WE,Prospecting | Trail,18064,173,$131.31,0.009577
2025-10-08,WE,Prospecting | Trail,11792,152,$159.06,0.01289
2025-10-09,WE,Prospecting | Trail,14470,172,$153.47,0.011887
2025-10-10,WE,Prospecting | Trail,12766,154,$110.52,0.012063
2025-10-11,WE,Prospecting | Trail,13076,204,$143.01,0.015601
2025-10-12,WE,Prospecting | Trail,13984,176,$155.80,0.012586
2025-10-06,WE,Retargeting | Site Visitors,8020,127,$72.30,0.015835
2025-10-07,WE,Retargeting | Site Visitors,6223,131,$86.63,0.021051
2025-10-08,WE,Retargeting | Site Visitors,5316,102,$73.56,0.019187
2025-10-09,WE,Retargeting | Site Visitors,6947,127,$91.79,0.018281
2025-10-10,WE,Retargeting | Site Visitors,8068,142,$71.78,0.0176
2025-10-11,WE,Retargeting | Site Visitors,7053,136,$89.66,0.019283
2025-10-12,WE,Retargeting | Site Visitors,6492,110,$67.63,0.016944
2025-10-13,NE,Prospecting | Trail,13082,170,138.48,0.012995
2025-10-14,NE,Prospecting | Trail,14885,178,104.46,0.011958
2025-10-15,NE,Prospecting | Trail,12434,130,138.4,0.010455
2025-10-16,NE,Prospecting | Trail,11339,134,104.92,0.011818
2025-10-17,NE,Prospecting | Trail,10371,136,104.9,0.013113
2025-10-18,NE,Prospecting | Trail,10736,178,142.08,0.01658
2025-10-19,NE,Prospecting | Trail,13984,171,117.71,0.012228
2025-10-13,NE,Retargeting | Site Visitors,6104,94,70.75,0.0154
2025-10-14,NE,Retargeting | Site Visitors,6132,104,64.05,0.01696
2025-10-15,NE,Retargeting | Site Visitors,5706,133,80.51,0.023309
2025-10-16,NE,Retargeting | Site Visitors,4748,89,57.51,0.018745
2025-10-17,NE,Retargeting | Site Visitors,4919,105,69.72,0.021346
2025-10-18,NE,Retargeting | Site Visitors,5800,104,63.24,0.017931
2025-10-19,NE,Retargeting | Site Visitors,6768,103,56.25,0.015219
2025-10-13,MA,Prospecting | Trail,14035,158,117.67,0.011258
2025-10-14,MA,Prospecting | Trail,13672,152,113.92,0.011118
2025-10-15,MA,Prospecting | Trail,11974,172,115.87,0.014364
2025-10-16,MA,Prospecting | Trail,11283,149,112.41,0.013206
2025-10-17,MA,Prospecting | Trail,14579,140,157.99,0.009603
2025-10-18,MA,Prospecting | Trail,11708,150,114.84,0.012812
2025-10-19,MA,Prospecting | Trail,14365,164,165.13,0.011417
2025-10-13,MA,Retargeting | Site Visitors,5937,133,75.42,0.022402
2025-10-14,MA,Retargeting | Site Visitors,5794,131,62.7,0.02261
2025-10-15,MA,Retargeting | Site Visitors,5530,128,78.8,0.023146
2025-10-16,MA,Retargeting | Site Visitors,7009,98,55.33,0.013982
2025-10-17,MA,Retargeting | Site Visitors,6269,93,62.87,0.014835
2025-10-18,MA,Retargeting | Site Visitors,5795,128,66.69,0.022088
2025-10-19,MA,Retargeting | Site Visitors,5679,130,81.33,0.022891
2025-10-13,SE,Prospecting | Trail,10129,102,88.54,0.01007
2025-10-14,SE,Prospecting | Trail,9610,113,101.68,0.011759
2025-10-15,SE,Prospecting | Trail,10816,95,99.39,0.008783
2025-10-16,SE,Prospecting | Trail,9184,130,98.41,0.014155
2025-10-17,SE,Prospecting | Trail,9024,112,110.33,0.012411
2025-10-18,SE,Prospecting | Trail,9464,135,77.73,0.014265
2025-10-19,SE,Prospecting | Trail,10026,131,92.8,0.013066
2025-10-13,SE,Retargeting | Site Visitors,5250,90,47.92,0.017143
2025-10-14,SE,Retargeting | Site Visitors,3937,78,60.59,0.019812
2025-10-15,SE,Retargeting | Site Visitors,4488,90,62.86,0.020053
2025-10-16,SE,Retargeting | Site Visitors,4402,110,63.61,0.024989
2025-10-17,SE,Retargeting | Site Visitors,4906,99,42.79,0.020179
2025-10-18,SE,Retargeting | Site Visitors,5153,102,44.69,0.019794
2025-10-19,SE,Retargeting | Site Visitors,5155,92,60.39,0.017847
2025-10-13,MW,Prospecting | Trail,13365,173,123.21,0.012944
2025-10-14,MW,Prospecting | Trail,11176,139,116.23,0.012437
2025-10-15,MW,Prospecting | Trail,12640,117,95.15,0.009256
2025-10-16,MW,Prospecting | Trail,11846,172,134.68,0.01452
2025-10-17,MW,Prospecting | Trail,12877,171,117.14,0.013279
2025-10-18,MW,Prospecting | Trail,9790,165,113.81,0.016854
2025-10-19,MW,Prospecting | Trail,13611,147,135.79,0.0108
2025-10-13,MW,Retargeting | Site Visitors,4983,96,57.3,0.019266
2025-10-14,MW,Retargeting | Site Visitors,4581,95,46.13,0.020738
2025-10-15,MW,Retargeting | Site Visitors,3911,88,44.87,0.022501
2025-10-16,MW,Retargeting | Site Visitors,4770,76,54.1,0.015933
2025-10-17,MW,Retargeting | Site Visitors,3470,87,60.69,0.025072
2025-10-18,MW,Retargeting | Site Visitors,5216,92,47.15,0.017638
2025-10-19,MW,Retargeting | Site Visitors,4149,89,47.17,0.021451
2025-10-13,MT,Prospecting | Trail,6719,110,96.1,0.016371
2025-10-14,MT,Prospecting | Trail,8664,108,80.63,0.012465
2025-10-15,MT,Prospecting | Trail,8189,93,69.49,0.011357
2025-10-16,MT,Prospecting | Trail,7587,97,72.25,0.012785
2025-10-17,MT,Prospecting | Trail,9006,107,76.88,0.011881
2025-10-18,MT,Prospecting | Trail,7984,108,84.5,0.013527
2025-10-19,MT,Prospecting | Trail,8651,74,76.79,0.008554
2025-10-13,MT,Retargeting | Site Visitors,2800,62,39.06,0.022143
2025-10-14,MT,Retargeting | Site Visitors,3214,57,41.38,0.017735
2025-10-15,MT,Retargeting | Site Visitors,2799,71,37.57,0.025366
2025-10-16,MT,Retargeting | Site Visitors,3438,57,34.51,0.016579
2025-10-17,MT,Retargeting | Site Visitors,3298,68,35.6,0.020619
2025-10-18,MT,Retargeting | Site Visitors,3471,60,31.28,0.017286
2025-10-19,MT,Retargeting | Site Visitors,2762,54,31.09,0.019551
2025-10-13,WE,Prospecting | Trail,18006,164,$158.02,0.009108
2025-10-14,WE,Prospecting | Trail,12944,223,$131.61,0.017228
2025-10-15,WE,Prospecting | Trail,14704,177,$154.55,0.012038
2025-10-16,WE,Prospecting | Trail,18635,177,$158.42,0.009498
2025-10-17,WE,Prospecting | Trail,13203,219,$145.90,0.016587
2025-10-18,WE,Prospecting | Trail,13172,164,$169.29,0.012451
2025-10-19,WE,Prospecting | Trail,14979,225,$117.51,0.015021
2025-10-13,WE,Retargeting | Site Visitors,7261,105,$78.68,0.014461
2025-10-14,WE,Retargeting | Site Visitors,7443,129,$81.66,0.017332
2025-10-15,WE,Retargeting | Site Visitors,6671,140,$71.59,0.020986
2025-10-16,WE,Retargeting | Site Visitors,5325,98,$67.36,0.018404
2025-10-17,WE,Retargeting | Site Visitors,6276,101,$65.32,0.016093
2025-10-18,WE,Retargeting | Site Visitors,4908,91,$61.97,0.018541
2025-10-19,WE,Retargeting | Site Visitors,5111,130,$67.85,0.025435
2025-10-20,NE,Prospecting | Trail,12816,147,113.45,0.01147
2025-10-21,NE,Prospecting | Trail,11774,163,113.25,0.013844
2025-10-22,NE,Prospecting | Trail,14012,185,124.28,0.013203
2025-10-23,NE,Prospecting | Trail,13002,170,122.95,0.013075
2025-10-24,NE,Prospecting | Trail,17177,194,144.38,0.011294
2025-10-25,NE,Prospecting | Trail,11671,137,156.99,0.011738
2025-10-26,NE,Prospecting | Trail,11318,178,124.03,0.015727
2025-10-20,NE,Retargeting | Site Visitors,4786,100,71.26,0.020894
2025-10-21,NE,Retargeting | Site Visitors,5433,108,64.55,0.019879
2025-10-22,NE,Retargeting | Site Visitors,5490,117,69.6,0.021311
2025-10-23,NE,Retargeting | Site Visitors,5886,123,65.67,0.020897
2025-10-24,NE,Retargeting | Site Visitors,5170,111,60.07,0.02147
2025-10-25,NE,Retargeting | Site Visitors,5993,118,57.7,0.01969
2025-10-26,NE,Retargeting | Site Visitors,6519,103,62.86,0.0158
2025-10-20,MA,Prospecting | Trail,8549,121,94.45,0.014154
2025-10-21,MA,Prospecting | Trail,12305,131,118.15,0.010646
2025-10-22,MA,Prospecting | Trail,11221,127,119.41,0.011318
2025-10-23,MA,Prospecting | Trail,13095,101,82.48,0.007713
2025-10-24,MA,Prospecting | Trail,9454,109,85.18,0.01153
2025-10-25,MA,Prospecting | Trail,8524,111,108.84,0.013022
2025-10-26,MA,Prospecting | Trail,8675,129,95.36,0.01487
2025-10-20,MA,Retargeting | Site Visitors,5921,97,64.8,0.016382
2025-10-21,MA,Retargeting | Site Visitors,5361,94,61.93,0.017534
2025-10-22,MA,Retargeting | Site Visitors,5192,78,54.21,0.015023
2025-10-23,MA,Retargeting | Site Visitors,4823,78,52.83,0.016173
2025-10-24,MA,Retargeting | Site Visitors,4167,92,50.07,0.022078
2025-10-25,MA,Retargeting | Site Visitors,5173,96,67.49,0.018558
2025-10-26,MA,Retargeting | Site Visitors,4626,99,54.19,0.021401
2025-10-20,SE,Prospecting | Trail,11633,121,93.12,0.010401
2025-10-21,SE,Prospecting | Trail,10685,112,100.06,0.010482
2025-10-22,SE,Prospecting | Trail,8200,117,82.14,0.014268
2025-10-23,SE,Prospecting | Trail,9931,105,104.79,0.010573
2025-10-24,SE,Prospecting | Trail,8299,112,90.66,0.013496
2025-10-25,SE,Prospecting | Trail,12033,98,107.44,0.008144
2025-10-26,SE,Prospecting | Trail,8858,132,104.27,0.014902
2025-10-20,SE,Retargeting | Site Visitors,5169,105,53.66,0.020313
2025-10-21,SE,Retargeting | Site Visitors,5259,85,47.52,0.016163
2025-10-22,SE,Retargeting | Site Visitors,4145,76,58.32,0.018335
2025-10-23,SE,Retargeting | Site Visitors,4787,86,44.9,0.017965
2025-10-24,SE,Retargeting | Site Visitors,3672,90,55.07,0.02451
2025-10-25,SE,Retargeting | Site Visitors,5128,111,59.32,0.021646
2025-10-26,SE,Retargeting | Site Visitors,4281,84,54.3,0.019622
2025-10-20,MW,Prospecting | Trail,14552,153,116.14,0.010514
2025-10-21,MW,Prospecting | Trail,11406,150,113.31,0.013151
2025-10-22,MW,Prospecting | Trail,12806,166,129.27,0.012963
2025-10-23,MW,Prospecting | Trail,10186,160,102.41,0.015708
2025-10-24,MW,Prospecting | Trail,12901,155,137.13,0.012015
2025-10-25,MW,Prospecting | Trail,11253,124,106.29,0.011019
2025-10-26,MW,Prospecting | Trail,11347,132,123.07,0.011633
2025-10-20,MW,Retargeting | Site Visitors,5823,97,62.56,0.016658
2025-10-21,MW,Retargeting | Site Visitors,6504,86,61.83,0.013223
2025-10-22,MW,Retargeting | Site Visitors,4816,99,54.02,0.020556
2025-10-23,MW,Retargeting | Site Visitors,5505,88,60.67,0.015985
2025-10-24,MW,Retargeting | Site Visitors,4604,112,65.19,0.024327
2025-10-25,MW,Retargeting | Site Visitors,5912,112,68.95,0.018945
2025-10-26,MW,Retargeting | Site Visitors,5203,107,68.01,0.020565
2025-10-20,MT,Prospecting | Trail,6571,100,65.3,0.015218
2025-10-21,MT,Prospecting | Trail,7602,114,75.94,0.014996
2025-10-22,MT,Prospecting | Trail,7489,112,61.56,0.014955
2025-10-23,MT,Prospecting | Trail,8006,79,83.06,0.009868
2025-10-24,MT,Prospecting | Trail,7526,93,61.73,0.012357
2025-10-25,MT,Prospecting | Trail,7912,87,80.13,0.010996
2025-10-26,MT,Prospecting | Trail,7504,86,87.86,0.011461
2025-10-20,MT,Retargeting | Site Visitors,3294,77,46.88,0.023376
2025-10-21,MT,Retargeting | Site Visitors,4181,74,41.94,0.017699
2025-10-22,MT,Retargeting | Site Visitors,4191,93,53.38,0.02219
2025-10-23,MT,Retargeting | Site Visitors,3458,79,41.41,0.022846
2025-10-24,MT,Retargeting | Site Visitors,4831,63,51.93,0.013041
2025-10-25,MT,Retargeting | Site Visitors,3380,84,39.7,0.024852
2025-10-26,MT,Retargeting | Site Visitors,4486,71,44.69,0.015827
2025-10-20,WE,Prospecting | Trail,11738,144,$104.88,0.012268
2025-10-21,WE,Prospecting | Trail,12286,152,$107.41,0.012372
2025-10-22,WE,Prospecting | Trail,13129,119,$144.55,0.009064
2025-10-23,WE,Prospecting | Trail,13876,154,$130.75,0.011098
2025-10-24,WE,Prospecting | Trail,11808,148,$114.73,0.012534
2025-10-25,WE,Prospecting | Trail,10779,140,$117.16,0.012988
2025-10-26,WE,Prospecting | Trail,12313,163,$122.61,0.013238
2025-10-20,WE,Retargeting | Site Visitors,6271,122,$70.67,0.019455
2025-10-21,WE,Retargeting | Site Visitors,5208,92,$58.42,0.017665
2025-10-22,WE,Retargeting | Site Visitors,6238,117,$79.67,0.018756
2025-10-23,WE,Retargeting | Site Visitors,6434,107,$59.55,0.01663
2025-10-24,WE,Retargeting | Site Visitors,6412,104,$59.74,0.01622
2025-10-25,WE,Retargeting | Site Visitors,4989,90,$79.63,0.01804
2025-10-26,WE,Retargeting | Site Visitors,5078,98,$59.56,0.019299
2025-10-27,NE,Prospecting | Trail,9974,110,88.68,0.011029
2025-10-28,NE,Prospecting | Trail,11750,127,86.71,0.010809
2025-10-29,NE,Prospecting | Trail,10174,105,116.94,0.01032
2025-10-30,NE,Prospecting | Trail,12956,153,116.57,0.011809
2025-10-31,NE,Prospecting | Trail,11239,134,120.14,0.011923
2025-11-01,NE,Prospecting | Trail,9603,108,87.04,0.011246
2025-11-02,NE,Prospecting | Trail,8504,119,111.07,0.013993
2025-10-27,NE,Retargeting | Site Visitors,5276,142,63.87,0.026914
2025-10-28,NE,Retargeting | Site Visitors,7616,130,77.83,0.017069
2025-10-29,NE,Retargeting | Site Visitors,6025,117,75.63,0.019419
2025-10-30,NE,Retargeting | Site Visitors,7417,132,94.12,0.017797
2025-10-31,NE,Retargeting | Site Visitors,6324,123,88.77,0.01945
2025-11-01,NE,Retargeting | Site Visitors,5805,107,65.26,0.018432
2025-11-02,NE,Retargeting | Site Visitors,7732,127,65.76,0.016425
2025-10-27,MA,Prospecting | Trail,14154,119,137.03,0.008408
2025-10-28,MA,Prospecting | Trail,12069,173,103.36,0.014334
2025-10-29,MA,Prospecting | Trail,14409,138,140.23,0.009577
2025-10-30,MA,Prospecting | Trail,10802,163,135.94,0.01509
2025-10-31,MA,Prospecting | Trail,11611,165,126.44,0.014211
2025-11-01,MA,Prospecting | Trail,10676,160,102.05,0.014987
2025-11-02,MA,Prospecting | Trail,13932,159,113.95,0.011413
2025-10-27,MA,Retargeting | Site Visitors,6347,140,58.93,0.022058
2025-10-28,MA,Retargeting | Site Visitors,6136,97,60.1,0.015808
2025-10-29,MA,Retargeting | Site Visitors,5545,101,67.18,0.018215
2025-10-30,MA,Retargeting | Site Visitors,6682,140,62.75,0.020952
2025-10-31,MA,Retargeting | Site Visitors,6541,98,72.1,0.014982
2025-11-01,MA,Retargeting | Site Visitors,5568,116,83.12,0.020833
2025-11-02,MA,Retargeting | Site Visitors,5459,139,82.03,0.025463
2025-10-27,SE,Prospecting | Trail,12366,150,115.15,0.01213
2025-10-28,SE,Prospecting | Trail,8667,117,91.81,0.013499
2025-10-29,SE,Prospecting | Trail,9345,131,92.38,0.014018
2025-10-30,SE,Prospecting | Trail,11141,139,87.93,0.012476
2025-10-31,SE,Prospecting | Trail,9916,105,130.01,0.010589
2025-11-01,SE,Prospecting | Trail,10621,152,91.55,0.014311
2025-11-02,SE,Prospecting | Trail,12262,122,119.5,0.009949
2025-10-27,SE,Retargeting | Site Visitors,3823,78,56.73,0.020403
2025-10-28,SE,Retargeting | Site Visitors,4672,99,49.43,0.02119
2025-10-29,SE,Retargeting | Site Visitors,5325,94,52.34,0.017653
2025-10-30,SE,Retargeting | Site Visitors,5065,106,62.61,0.020928
2025-10-31,SE,Retargeting | Site Visitors,5157,97,43.67,0.018809
2025-11-01,SE,Retargeting | Site Visitors,5033,88,60.67,0.017485
2025-11-02,SE,Retargeting | Site Visitors,3973,81,54.62,0.020388
2025-10-27,MW,Prospecting | Trail,11734,157,132.13,0.01338
2025-10-28,MW,Prospecting | Trail,9860,130,113.77,0.013185
2025-10-29,MW,Prospecting | Trail,11886,152,103.33,0.012788
2025-10-30,MW,Prospecting | Trail,10873,147,122.34,0.01352
2025-10-31,MW,Prospecting | Trail,11247,116,113.76,0.010314
2025-11-01,MW,Prospecting | Trail,11983,130,114.26,0.010849
2025-11-02,MW,Prospecting | Trail,13703,101,97.0,0.007371
2025-10-27,MW,Retargeting | Site Visitors,4577,97,58.35,0.021193
2025-10-28,MW,Retargeting | Site Visitors,5365,98,64.24,0.018267
2025-10-29,MW,Retargeting | Site Visitors,5649,103,55.5,0.018233
2025-10-30,MW,Retargeting | Site Visitors,5948,119,56.19,0.020007
2025-10-31,MW,Retargeting | Site Visitors,4724,89,65.42,0.01884
2025-11-01,MW,Retargeting | Site Visitors,4641,92,56.84,0.019823
2025-11-02,MW,Retargeting | Site Visitors,4970,86,56.02,0.017304
2025-10-27,MT,Prospecting | Trail,6756,83,69.49,0.012285
2025-10-28,MT,Prospecting | Trail,7558,90,66.51,0.011908
2025-10-29,MT,Prospecting | Trail,5702,71,68.42,0.012452
2025-10-30,MT,Prospecting | Trail,7669,85,58.66,0.011084
2025-10-31,MT,Prospecting | Trail,6170,77,60.07,0.01248
2025-11-01,MT,Prospecting | Trail,6339,69,63.28,0.010885
2025-11-02,MT,Prospecting | Trail,5606,88,62.4,0.015697
2025-10-27,MT,Retargeting | Site Visitors,4253,77,44.5,0.018105
2025-10-28,MT,Retargeting | Site Visitors,4274,62,41.96,0.014506
2025-10-29,MT,Retargeting | Site Visitors,3066,66,36.14,0.021526
2025-10-30,MT,Retargeting | Site Visitors,3320,78,41.15,0.023494
2025-10-31,MT,Retargeting | Site Visitors,3674,74,37.05,0.020142
2025-11-01,MT,Retargeting | Site Visitors,4273,81,47.49,0.018956
2025-11-02,MT,Retargeting | Site Visitors,2806,79,46.88,0.028154
2025-10-27,WE,Prospecting | Trail,13050,155,$124.40,0.011877
2025-10-28,WE,Prospecting | Trail,14083,182,$110.19,0.012923
2025-10-29,WE,Prospecting | Trail,15443,185,$131.64,0.01198
2025-10-30,WE,Prospecting | Trail,16091,142,$125.64,0.008825
2025-10-31,WE,Prospecting | Trail,16658,160,$159.02,0.009605
2025-11-01,WE,Prospecting | Trail,12228,126,$163.99,0.010304
2025-11-02,WE,Prospecting | Trail,11101,189,$151.92,0.017025
2025-10-27,WE,Retargeting | Site Visitors,5098,119,$62.87,0.023342
2025-10-28,WE,Retargeting | Site Visitors,6669,106,$65.03,0.015894
2025-10-29,WE,Retargeting | Site Visitors,6350,106,$54.50,0.016693
2025-10-30,WE,Retargeting | Site Visitors,4831,123,$66.23,0.025461
2025-10-31,WE,Retargeting | Site Visitors,4826,113,$74.52,0.023415
2025-11-01,WE,Retargeting | Site Visitors,6212,126,$75.81,0.020283
2025-11-02,WE,Retargeting | Site Visitors,6683,92,$68.73,0.013766
2025-11-03,NE,Prospecting | Trail,14784,153,113.88,0.010349
2025-11-04,NE,Prospecting | Trail,12483,174,126.05,0.013939
2025-11-05,NE,Prospecting | Trail,15085,201,117.97,0.013324
2025-11-06,NE,Prospecting | Trail,12224,154,151.49,0.012598
2025-11-07,NE,Prospecting | Trail,11979,132,152.5,0.011019
2025-11-08,NE,Prospecting | Trail,15405,144,119.38,0.009348
2025-11-09,NE,Prospecting | Trail,12807,175,147.43,0.013664
2025-11-03,NE,Retargeting | Site Visitors,7145,154,94.7,0.021554
2025-11-04,NE,Retargeting | Site Visitors,8334,153,74.78,0.018359
2025-11-05,NE,Retargeting | Site Visitors,6954,141,97.75,0.020276
2025-11-06,NE,Retargeting | Site Visitors,6435,124,87.89,0.01927
2025-11-07,NE,Retargeting | Site Visitors,7286,126,84.99,0.017293
2025-11-08,NE,Retargeting | Site Visitors,8216,137,68.98,0.016675
2025-11-09,NE,Retargeting | Site Visitors,7185,158,83.79,0.02199
2025-11-03,MA,Prospecting | Trail,13743,135,138.87,0.009823
2025-11-04,MA,Prospecting | Trail,15706,160,108.49,0.010187
2025-11-05,MA,Prospecting | Trail,10474,159,119.47,0.01518
2025-11-06,MA,Prospecting | Trail,10560,161,121.27,0.015246
2025-11-07,MA,Prospecting | Trail,13253,148,144.67,0.011167
2025-11-08,MA,Prospecting | Trail,11008,143,124.53,0.012991
2025-11-09,MA,Prospecting | Trail,14167,122,114.03,0.008612
2025-11-03,MA,Retargeting | Site Visitors,6492,118,74.53,0.018176
2025-11-04,MA,Retargeting | Site Visitors,5703,126,72.62,0.022094
2025-11-05,MA,Retargeting | Site Visitors,6690,96,52.89,0.01435
2025-11-06,MA,Retargeting | Site Visitors,5541,107,61.91,0.019311
2025-11-07,MA,Retargeting | Site Visitors,5199,121,73.17,0.023274
2025-11-08,MA,Retargeting | Site Visitors,4517,121,60.78,0.026788
2025-11-09,MA,Retargeting | Site Visitors,6141,101,67.35,0.016447
2025-11-03,SE,Prospecting | Trail,9535,132,125.94,0.013844
2025-11-04,SE,Prospecting | Trail,8597,117,83.03,0.013609
2025-11-05,SE,Prospecting | Trail,12887,143,101.61,0.011096
2025-11-06,SE,Prospecting | Trail,9921,92,126.14,0.009273
2025-11-07,SE,Prospecting | Trail,12391,143,91.63,0.011541
2025-11-08,SE,Prospecting | Trail,11385,134,95.46,0.01177
2025-11-09,SE,Prospecting | Trail,8676,94,95.43,0.010834
2025-11-03,SE,Retargeting | Site Visitors,5170,110,55.58,0.021277
2025-11-04,SE,Retargeting | Site Visitors,5372,120,62.62,0.022338
2025-11-05,SE,Retargeting | Site Visitors,5080,105,75.87,0.020669
2025-11-06,SE,Retargeting | Site Visitors,7369,120,80.71,0.016284
2025-11-07,SE,Retargeting | Site Visitors,5160,128,68.19,0.024806
2025-11-08,SE,Retargeting | Site Visitors,6947,91,57.06,0.013099
2025-11-09,SE,Retargeting | Site Visitors,6081,116,73.53,0.019076
2025-11-03,MW,Prospecting | Trail,14495,178,135.08,0.01228
2025-11-04,MW,Prospecting | Trail,13135,142,125.22,0.010811
2025-11-05,MW,Prospecting | Trail,13890,158,128.05,0.011375
2025-11-06,MW,Prospecting | Trail,11383,211,147.59,0.018536
2025-11-07,MW,Prospecting | Trail,15502,193,121.52,0.01245
2025-11-08,MW,Prospecting | Trail,13248,191,140.46,0.014417
2025-11-09,MW,Prospecting | Trail,14580,148,145.16,0.010151
2025-11-03,MW,Retargeting | Site Visitors,5330,112,70.89,0.021013
2025-11-04,MW,Retargeting | Site Visitors,5965,127,84.35,0.021291
2025-11-05,MW,Retargeting | Site Visitors,4911,114,67.91,0.023213
2025-11-06,MW,Retargeting | Site Visitors,6492,101,61.38,0.015558
2025-11-07,MW,Retargeting | Site Visitors,7561,125,69.79,0.016532
2025-11-08,MW,Retargeting | Site Visitors,7571,98,68.57,0.012944
2025-11-09,MW,Retargeting | Site Visitors,5966,107,80.75,0.017935
2025-11-03,MT,Prospecting | Trail,8433,93,71.6,0.011028
2025-11-04,MT,Prospecting | Trail,7513,96,83.35,0.012778
2025-11-05,MT,Prospecting | Trail,8710,112,86.31,0.012859
2025-11-06,MT,Prospecting | Trail,6425,82,87.25,0.012763
2025-11-07,MT,Prospecting | Trail,9416,82,82.08,0.008709
2025-11-08,MT,Prospecting | Trail,7871,91,74.98,0.011561
2025-11-09,MT,Prospecting | Trail,8414,86,70.88,0.010221
2025-11-03,MT,Retargeting | Site Visitors,4949,90,44.73,0.018185
2025-11-04,MT,Retargeting | Site Visitors,4143,90,47.78,0.021723
2025-11-05,MT,Retargeting | Site Visitors,4416,77,61.8,0.017437
2025-11-06,MT,Retargeting | Site Visitors,4682,95,50.64,0.02029
2025-11-07,MT,Retargeting | Site Visitors,3531,91,47.17,0.025772
2025-11-08,MT,Retargeting | Site Visitors,4612,74,56.39,0.016045
2025-11-09,MT,Retargeting | Site Visitors,4497,74,46.05,0.016455
2025-11-03,WE,Prospecting | Trail,13342,144,$98.01,0.010793
2025-11-04,WE,Prospecting | Trail,12335,145,$144.03,0.011755
2025-11-05,WE,Prospecting | Trail,13986,187,$108.58,0.013371
2025-11-06,WE,Prospecting | Trail,13898,151,$124.31,0.010865
2025-11-07,WE,Prospecting | Trail,9593,138,$143.42,0.014385
2025-11-08,WE,Prospecting | Trail,12281,191,$143.12,0.015552
2025-11-09,WE,Prospecting | Trail,13938,188,$114.40,0.013488
2025-11-03,WE,Retargeting | Site Visitors,6158,165,$95.75,0.026794
2025-11-04,WE,Retargeting | Site Visitors,9378,134,$99.78,0.014289
2025-11-05,WE,Retargeting | Site Visitors,9303,133,$78.13,0.014296
2025-11-06,WE,Retargeting | Site Visitors,7317,147,$83.90,0.02009
2025-11-07,WE,Retargeting | Site Visitors,6827,162,$98.86,0.023729
2025-11-08,WE,Retargeting | Site Visitors,9348,125,$90.51,0.013372
2025-11-09,WE,Retargeting | Site Visitors,6572,136,$84.45,0.020694
2025-11-10,NE,Prospecting | Trail,16629,167,154.5,0.010043
2025-11-11,NE,Prospecting | Trail,12882,191,131.55,0.014827
2025-11-12,NE,Prospecting | Trail,13935,175,120.67,0.012558
2025-11-13,NE,Prospecting | Trail,13210,173,171.51,0.013096
2025-11-14,NE,Prospecting | Trail,16747,241,140.83,0.014391
2025-11-15,NE,Prospecting | Trail,16506,188,130.04,0.01139
2025-11-16,NE,Prospecting | Trail,14159,178,170.76,0.012572
2025-11-10,NE,Retargeting | Site Visitors,6500,161,100.0,0.024769
2025-11-11,NE,Retargeting | Site Visitors,7507,129,75.16,0.017184
2025-11-12,NE,Retargeting | Site Visitors,7164,142,79.6,0.019821
2025-11-13,NE,Retargeting | Site Visitors,7000,138,76.9,0.019714
2025-11-14,NE,Retargeting | Site Visitors,7805,151,72.5,0.019347
2025-11-15,NE,Retargeting | Site Visitors,6250,161,99.38,0.02576
2025-11-16,NE,Retargeting | Site Visitors,8575,128,80.66,0.014927
2025-11-10,MA,Prospecting | Trail,13608,118,104.86,0.008671
2025-11-11,MA,Prospecting | Trail,14189,144,131.05,0.010149
2025-11-12,MA,Prospecting | Trail,12975,129,91.44,0.009942
2025-11-13,MA,Prospecting | Trail,9879,114,129.87,0.01154
2025-11-14,MA,Prospecting | Trail,10753,136,110.48,0.012648
2025-11-15,MA,Prospecting | Trail,9842,133,128.08,0.013514
2025-11-16,MA,Prospecting | Trail,10280,141,103.18,0.013716
2025-11-10,MA,Retargeting | Site Visitors,7170,163,89.33,0.022734
2025-11-11,MA,Retargeting | Site Visitors,7064,141,71.67,0.01996
2025-11-12,MA,Retargeting | Site Visitors,6969,116,71.21,0.016645
2025-11-13,MA,Retargeting | Site Visitors,6617,115,63.91,0.017379
2025-11-14,MA,Retargeting | Site Visitors,6942,154,87.92,0.022184
2025-11-15,MA,Retargeting | Site Visitors,6957,133,89.11,0.019117
2025-11-16,MA,Retargeting | Site Visitors,5839,139,73.75,0.023805
2025-11-10,SE,Prospecting | Trail,9280,137,120.42,0.014763
2025-11-11,SE,Prospecting | Trail,13936,132,119.8,0.009472
2025-11-12,SE,Prospecting | Trail,9241,159,95.38,0.017206
2025-11-13,SE,Prospecting | Trail,12206,128,106.5,0.010487
2025-11-14,SE,Prospecting | Trail,11010,162,99.12,0.014714
2025-11-15,SE,Prospecting | Trail,12512,137,115.47,0.010949
2025-11-16,SE,Prospecting | Trail,10520,146,114.62,0.013878
2025-11-10,SE,Retargeting | Site Visitors,4432,101,68.27,0.022789
2025-11-11,SE,Retargeting | Site Visitors,6486,88,63.75,0.013568
2025-11-12,SE,Retargeting | Site Visitors,5268,116,57.51,0.02202
2025-11-13,SE,Retargeting | Site Visitors,6026,93,72.62,0.015433
2025-11-14,SE,Retargeting | Site Visitors,4466,100,63.47,0.022391
2025-11-15,SE,Retargeting | Site Visitors,5320,91,55.65,0.017105
2025-11-16,SE,Retargeting | Site Visitors,5709,113,52.36,0.019793
2025-11-10,MW,Prospecting | Trail,11673,127,112.33,0.01088
2025-11-11,MW,Prospecting | Trail,11394,130,90.51,0.01141
2025-11-12,MW,Prospecting | Trail,9062,103,107.3,0.011366
2025-11-13,MW,Prospecting | Trail,10765,140,108.13,0.013005
2025-11-14,MW,Prospecting | Trail,10720,102,87.16,0.009515
2025-11-15,MW,Prospecting | Trail,11867,123,118.93,0.010365
2025-11-16,MW,Prospecting | Trail,10128,130,116.6,0.012836
2025-11-10,MW,Retargeting | Site Visitors,6099,120,58.79,0.019675
2025-11-11,MW,Retargeting | Site Visitors,6522,111,66.31,0.017019
2025-11-12,MW,Retargeting | Site Visitors,5213,117,71.0,0.022444
2025-11-13,MW,Retargeting | Site Visitors,6242,95,52.69,0.015219
2025-11-14,MW,Retargeting | Site Visitors,6333,116,60.69,0.018317
2025-11-15,MW,Retargeting | Site Visitors,4994,96,76.82,0.019223
2025-11-16,MW,Retargeting | Site Visitors,4834,89,76.42,0.018411
2025-11-10,MT,Prospecting | Trail,9393,93,81.75,0.009901
2025-11-11,MT,Prospecting | Trail,9156,105,83.77,0.011468
2025-11-12,MT,Prospecting | Trail,9357,136,87.34,0.014535
2025-11-13,MT,Prospecting | Trail,7450,126,80.97,0.016913
2025-11-14,MT,Prospecting | Trail,10458,117,108.32,0.011188
2025-11-15,MT,Prospecting | Trail,10005,129,77.27,0.012894
2025-11-16,MT,Prospecting | Trail,8229,109,108.27,0.013246
2025-11-10,MT,Retargeting | Site Visitors,4352,99,52.48,0.022748
2025-11-11,MT,Retargeting | Site Visitors,4780,100,48.35,0.020921
2025-11-12,MT,Retargeting | Site Visitors,3999,76,66.28,0.019005
2025-11-13,MT,Retargeting | Site Visitors,4736,79,51.82,0.016681
2025-11-14,MT,Retargeting | Site Visitors,4194,78,52.43,0.018598
2025-11-15,MT,Retargeting | Site Visitors,5369,82,53.69,0.015273
2025-11-16,MT,Retargeting | Site Visitors,5279,83,51.1,0.015723
2025-11-10,WE,Prospecting | Trail,13208,128,$120.13,0.009691
2025-11-11,WE,Prospecting | Trail,15056,153,$145.81,0.010162
2025-11-12,WE,Prospecting | Trail,11478,129,$147.65,0.011239
2025-11-13,WE,Prospecting | Trail,15021,191,$144.26,0.012716
2025-11-14,WE,Prospecting | Trail,14785,187,$124.51,0.012648
2025-11-15,WE,Prospecting | Trail,15244,129,$135.68,0.008462
2025-11-16,WE,Prospecting | Trail,11062,192,$121.34,0.017357
2025-11-10,WE,Retargeting | Site Visitors,5914,131,$96.68,0.022151
2025-11-11,WE,Retargeting | Site Visitors,6944,146,$95.71,0.021025
2025-11-12,WE,Retargeting | Site Visitors,8414,151,$85.82,0.017946
2025-11-13,WE,Retargeting | Site Visitors,8063,113,$95.99,0.014015
2025-11-14,WE,Retargeting | Site Visitors,6999,118,$72.72,0.01686
2025-11-15,WE,Retargeting | Site Visitors,8142,124,$70.27,0.01523
2025-11-16,WE,Retargeting | Site Visitors,7413,151,$79.52,0.02037
2025-11-17,NE,Prospecting | Trail,13632,158,117.93,0.01159
2025-11-18,NE,Prospecting | Trail,10448,177,111.3,0.016941
2025-11-19,NE,Prospecting | Trail,15066,157,131.62,0.010421
2025-11-20,NE,Prospecting | Trail,10053,130,156.16,0.012931
2025-11-21,NE,Prospecting | Trail,12120,173,112.95,0.014274
2025-11-22,NE,Prospecting | Trail,15508,128,121.46,0.008254
2025-11-23,NE,Prospecting | Trail,14324,141,141.86,0.009844
2025-11-17,NE,Retargeting | Site Visitors,6156,131,81.81,0.02128
2025-11-18,NE,Retargeting | Site Visitors,8051,144,102.48,0.017886
2025-11-19,NE,Retargeting | Site Visitors,7166,124,82.35,0.017304
2025-11-20,NE,Retargeting | Site Visitors,7883,157,92.21,0.019916
2025-11-21,NE,Retargeting | Site Visitors,8675,113,73.12,0.013026
2025-11-22,NE,Retargeting | Site Visitors,6857,112,80.37,0.016334
2025-11-23,NE,Retargeting | Site Visitors,6598,136,78.59,0.020612
2025-11-17,MA,Prospecting | Trail,12608,187,140.56,0.014832
2025-11-18,MA,Prospecting | Trail,13818,129,107.63,0.009336
2025-11-19,MA,Prospecting | Trail,13137,161,142.3,0.012255
2025-11-20,MA,Prospecting | Trail,15265,166,144.57,0.010875
2025-11-21,MA,Prospecting | Trail,13831,142,145.53,0.010267
2025-11-22,MA,Prospecting | Trail,13208,142,146.19,0.010751
2025-11-23,MA,Prospecting | Trail,14354,175,116.19,0.012192
2025-11-17,MA,Retargeting | Site Visitors,5546,104,59.69,0.018752
2025-11-18,MA,Retargeting | Site Visitors,5318,97,53.65,0.01824
2025-11-19,MA,Retargeting | Site Visitors,6478,104,56.01,0.016054
2025-11-20,MA,Retargeting | Site Visitors,6088,80,80.12,0.013141
2025-11-21,MA,Retargeting | Site Visitors,4785,103,57.88,0.021526
2025-11-22,MA,Retargeting | Site Visitors,4155,87,52.96,0.020939
2025-11-23,MA,Retargeting | Site Visitors,4496,89,63.67,0.019795
2025-11-17,SE,Prospecting | Trail,13090,127,117.01,0.009702
2025-11-18,SE,Prospecting | Trail,11292,128,131.28,0.011335
2025-11-19,SE,Prospecting | Trail,10467,163,112.88,0.015573
2025-11-20,SE,Prospecting | Trail,14323,138,130.3,0.009635
2025-11-21,SE,Prospecting | Trail,13343,134,115.89,0.010043
2025-11-22,SE,Prospecting | Trail,12520,147,114.41,0.011741
2025-11-23,SE,Prospecting | Trail,11994,138,131.12,0.011506
2025-11-17,SE,Retargeting | Site Visitors,5035,121,59.75,0.024032
2025-11-18,SE,Retargeting | Site Visitors,6135,113,69.28,0.018419
2025-11-19,SE,Retargeting | Site Visitors,5989,92,57.18,0.015361
2025-11-20,SE,Retargeting | Site Visitors,4316,98,60.04,0.022706
2025-11-21,SE,Retargeting | Site Visitors,5601,81,51.66,0.014462
2025-11-22,SE,Retargeting | Site Visitors,5759,95,69.47,0.016496
2025-11-23,SE,Retargeting | Site Visitors,5211,94,70.13,0.018039
2025-11-17,MW,Prospecting | Trail,13204,129,111.64,0.00977
2025-11-18,MW,Prospecting | Trail,14625,155,119.32,0.010598
2025-11-19,MW,Prospecting | Trail,9953,182,102.14,0.018286
2025-11-20,MW,Prospecting | Trail,14961,133,119.31,0.00889
2025-11-21,MW,Prospecting | Trail,13520,148,118.23,0.010947
2025-11-22,MW,Prospecting | Trail,10989,168,152.98,0.015288
2025-11-23,MW,Prospecting | Trail,12380,167,154.8,0.013489
2025-11-17,MW,Retargeting | Site Visitors,6322,81,57.1,0.012812
2025-11-18,MW,Retargeting | Site Visitors,5335,76,50.33,0.014246
2025-11-19,MW,Retargeting | Site Visitors,5002,82,60.94,0.016393
2025-11-20,MW,Retargeting | Site Visitors,4352,107,60.71,0.024586
2025-11-21,MW,Retargeting | Site Visitors,4173,116,52.33,0.027798
2025-11-22,MW,Retargeting | Site Visitors,5639,97,64.53,0.017202
2025-11-23,MW,Retargeting | Site Visitors,4363,82,58.69,0.018794
2025-11-17,MT,Prospecting | Trail,9408,122,87.46,0.012968
2025-11-18,MT,Prospecting | Trail,11332,98,105.17,0.008648
2025-11-19,MT,Prospecting | Trail,11259,103,104.35,0.009148
2025-11-20,MT,Prospecting | Trail,9886,144,86.19,0.014566
2025-11-21,MT,Prospecting | Trail,8232,98,93.37,0.011905
2025-11-22,MT,Prospecting | Trail,9189,139,104.27,0.015127
2025-11-23,MT,Prospecting | Trail,9287,128,91.39,0.013783
2025-11-17,MT,Retargeting | Site Visitors,3502,72,35.31,0.02056
2025-11-18,MT,Retargeting | Site Visitors,3909,65,34.58,0.016628
2025-11-19,MT,Retargeting | Site Visitors,3518,71,50.54,0.020182
2025-11-20,MT,Retargeting | Site Visitors,3603,74,45.5,0.020538
2025-11-21,MT,Retargeting | Site Visitors,3397,74,35.77,0.021784
2025-11-22,MT,Retargeting | Site Visitors,3904,50,51.25,0.012807
2025-11-23,MT,Retargeting | Site Visitors,3889,63,42.84,0.0162
2025-11-17,WE,Prospecting | Trail,15559,221,$189.58,0.014204
2025-11-18,WE,Prospecting | Trail,15915,160,$146.73,0.010053
2025-11-19,WE,Prospecting | Trail,14554,154,$162.19,0.010581
2025-11-20,WE,Prospecting | Trail,15463,208,$132.78,0.013451
2025-11-21,WE,Prospecting | Trail,18711,214,$154.60,0.011437
2025-11-22,WE,Prospecting | Trail,18032,183,$147.99,0.010149
2025-11-23,WE,Prospecting | Trail,14264,196,$168.60,0.013741
2025-11-17,WE,Retargeting | Site Visitors,7721,159,$77.42,0.020593
2025-11-18,WE,Retargeting | Site Visitors,7433,127,$86.14,0.017086
2025-11-19,WE,Retargeting | Site Visitors,7655,151,$70.33,0.019726
2025-11-20,WE,Retargeting | Site Visitors,6920,114,$87.61,0.016474
2025-11-21,WE,Retargeting | Site Visitors,5468,159,$83.77,0.029078
2025-11-22,WE,Retargeting | Site Visitors,6611,121,$67.60,0.018303
2025-11-23,WE,Retargeting | Site Visitors,6274,120,$80.08,0.019127
2025-11-24,NE,Prospecting | Trail,14193,155,140.55,0.010921
2025-11-25,NE,Prospecting | Trail,12349,144,147.87,0.011661
2025-11-26,NE,Prospecting | Trail,10956,180,113.3,0.016429
2025-11-27,NE,Prospecting | Trail,12888,157,142.88,0.012182
2025-11-28,NE,Prospecting | Trail,15787,129,130.57,0.008171
2025-11-29,NE,Prospecting | Trail,14016,179,134.09,0.012771
2025-11-30,NE,Prospecting | Trail,14563,133,119.3,0.009133
2025-11-24,NE,Retargeting | Site Visitors,9091,182,87.93,0.02002
2025-11-25,NE,Retargeting | Site Visitors,7254,133,73.52,0.018335
2025-11-26,NE,Retargeting | Site Visitors,7366,127,95.91,0.017241
2025-11-27,NE,Retargeting | Site Visitors,6922,155,73.3,0.022392
2025-11-28,NE,Retargeting | Site Visitors,7753,162,86.95,0.020895
2025-11-29,NE,Retargeting | Site Visitors,8522,140,97.66,0.016428
2025-11-30,NE,Retargeting | Site Visitors,6657,156,100.69,0.023434
2025-11-24,NE,Launch | New Colorway,7937,103,91.39,0.012977
2025-11-25,NE,Launch | New Colorway,6536,108,67.14,0.016524
2025-11-26,NE,Launch | New Colorway,6361,84,85.55,0.013205
2025-11-27,NE,Launch | New Colorway,7585,112,66.16,0.014766
2025-11-28,NE,Launch | New Colorway,7919,120,73.79,0.015153
2025-11-29,NE,Launch | New Colorway,8287,109,61.67,0.013153
2025-11-30,NE,Launch | New Colorway,6740,116,78.23,0.017211
2025-11-24,MA,Prospecting | Trail,10048,116,155.32,0.011545
2025-11-25,MA,Prospecting | Trail,12270,163,157.05,0.013284
2025-11-26,MA,Prospecting | Trail,14839,145,121.61,0.009772
2025-11-27,MA,Prospecting | Trail,13680,146,104.93,0.010673
2025-11-28,MA,Prospecting | Trail,12495,150,103.24,0.012005
2025-11-29,MA,Prospecting | Trail,11284,167,128.5,0.0148
2025-11-30,MA,Prospecting | Trail,14621,150,103.88,0.010259
2025-11-24,MA,Retargeting | Site Visitors,5270,102,65.04,0.019355
2025-11-25,MA,Retargeting | Site Visitors,7495,134,77.58,0.017879
2025-11-26,MA,Retargeting | Site Visitors,5300,116,79.63,0.021887
2025-11-27,MA,Retargeting | Site Visitors,5315,131,64.56,0.024647
2025-11-28,MA,Retargeting | Site Visitors,6269,131,58.59,0.020896
2025-11-29,MA,Retargeting | Site Visitors,7387,125,75.43,0.016922
2025-11-30,MA,Retargeting | Site Visitors,6994,115,85.5,0.016443
2025-11-24,MA,Launch | New Colorway,5805,95,70.04,0.016365
2025-11-25,MA,Launch | New Colorway,5967,96,73.29,0.016088
2025-11-26,MA,Launch | New Colorway,8831,111,79.31,0.012569
2025-11-27,MA,Launch | New Colorway,5696,101,58.82,0.017732
2025-11-28,MA,Launch | New Colorway,8379,111,65.74,0.013247
2025-11-29,MA,Launch | New Colorway,6277,97,62.79,0.015453
2025-11-30,MA,Launch | New Colorway,7760,102,86.9,0.013144
2025-11-24,SE,Prospecting | Trail,14664,179,111.07,0.012207
2025-11-25,SE,Prospecting | Trail,12448,165,115.08,0.013255
2025-11-26,SE,Prospecting | Trail,12138,179,152.21,0.014747
2025-11-27,SE,Prospecting | Trail,13677,156,142.66,0.011406
2025-11-28,SE,Prospecting | Trail,16550,140,118.88,0.008459
2025-11-29,SE,Prospecting | Trail,13998,132,164.58,0.00943
2025-11-30,SE,Prospecting | Trail,14546,150,156.13,0.010312
2025-11-24,SE,Retargeting | Site Visitors,6403,111,72.13,0.017336
2025-11-25,SE,Retargeting | Site Visitors,5719,115,57.04,0.020108
2025-11-26,SE,Retargeting | Site Visitors,4774,100,73.38,0.020947
2025-11-27,SE,Retargeting | Site Visitors,6136,92,57.42,0.014993
2025-11-28,SE,Retargeting | Site Visitors,6562,99,64.97,0.015087
2025-11-29,SE,Retargeting | Site Visitors,6121,91,71.51,0.014867
2025-11-30,SE,Retargeting | Site Visitors,5596,129,78.61,0.023052
2025-11-24,SE,Launch | New Colorway,5203,85,54.72,0.016337
2025-11-25,SE,Launch | New Colorway,6051,78,62.55,0.01289
2025-11-26,SE,Launch | New Colorway,5008,78,63.41,0.015575
2025-11-27,SE,Launch | New Colorway,5055,65,48.39,0.012859
2025-11-28,SE,Launch | New Colorway,4911,91,47.64,0.01853
2025-11-29,SE,Launch | New Colorway,6868,90,63.03,0.013104
2025-11-30,SE,Launch | New Colorway,4934,88,48.17,0.017835
2025-11-24,MW,Prospecting | Trail,14445,167,171.64,0.011561
2025-11-25,MW,Prospecting | Trail,12468,186,118.09,0.014918
2025-11-26,MW,Prospecting | Trail,14496,193,142.77,0.013314
2025-11-27,MW,Prospecting | Trail,15854,191,159.3,0.012047
2025-11-28,MW,Prospecting | Trail,14055,191,137.36,0.013589
2025-11-29,MW,Prospecting | Trail,15443,164,145.3,0.01062
2025-11-30,MW,Prospecting | Trail,14642,185,119.29,0.012635
2025-11-24,MW,Retargeting | Site Visitors,6872,128,76.81,0.018626
2025-11-25,MW,Retargeting | Site Visitors,5790,112,61.44,0.019344
2025-11-26,MW,Retargeting | Site Visitors,6238,121,64.01,0.019397
2025-11-27,MW,Retargeting | Site Visitors,5491,102,76.45,0.018576
2025-11-28,MW,Retargeting | Site Visitors,7220,134,75.7,0.01856
2025-11-29,MW,Retargeting | Site Visitors,5933,135,78.06,0.022754
2025-11-30,MW,Retargeting | Site Visitors,6212,98,70.72,0.015776
2025-11-24,MW,Launch | New Colorway,4657,88,52.38,0.018896
2025-11-25,MW,Launch | New Colorway,4206,76,54.57,0.018069
2025-11-26,MW,Launch | New Colorway,4136,85,54.32,0.020551
2025-11-27,MW,Launch | New Colorway,5951,65,44.91,0.010923
2025-11-28,MW,Launch | New Colorway,5484,63,50.13,0.011488
2025-11-29,MW,Launch | New Colorway,4755,67,44.24,0.01409
2025-11-30,MW,Launch | New Colorway,5731,73,55.64,0.012738
2025-11-24,MT,Prospecting | Trail,10473,128,91.69,0.012222
2025-11-25,MT,Prospecting | Trail,8832,162,99.35,0.018342
2025-11-26,MT,Prospecting | Trail,10121,116,99.03,0.011461
2025-11-27,MT,Prospecting | Trail,12392,112,117.2,0.009038
2025-11-28,MT,Prospecting | Trail,10146,117,103.08,0.011532
2025-11-29,MT,Prospecting | Trail,9711,124,98.98,0.012769
2025-11-30,MT,Prospecting | Trail,8829,109,81.62,0.012346
2025-11-24,MT,Retargeting | Site Visitors,4642,92,48.32,0.019819
2025-11-25,MT,Retargeting | Site Visitors,3908,82,52.97,0.020983
2025-11-26,MT,Retargeting | Site Visitors,4086,73,41.47,0.017866
2025-11-27,MT,Retargeting | Site Visitors,3635,69,41.23,0.018982
2025-11-28,MT,Retargeting | Site Visitors,3537,62,51.12,0.017529
2025-11-29,MT,Retargeting | Site Visitors,4611,91,54.1,0.019735
2025-11-30,MT,Retargeting | Site Visitors,3943,84,36.96,0.021304
2025-11-24,MT,Launch | New Colorway,2980,56,45.81,0.018792
2025-11-25,MT,Launch | New Colorway,3813,61,37.79,0.015998
2025-11-26,MT,Launch | New Colorway,3343,61,35.91,0.018247
2025-11-27,MT,Launch | New Colorway,4221,48,30.6,0.011372
2025-11-28,MT,Launch | New Colorway,4063,53,35.57,0.013045
2025-11-29,MT,Launch | New Colorway,4615,50,36.53,0.010834
2025-11-30,MT,Launch | New Colorway,3109,48,44.46,0.015439
2025-11-24,WE,Prospecting | Trail,14598,196,$178.06,0.013426
2025-11-25,WE,Prospecting | Trail,18175,165,$183.67,0.009078
2025-11-26,WE,Prospecting | Trail,15898,198,$127.14,0.012454
2025-11-27,WE,Prospecting | Trail,14555,169,$131.01,0.011611
2025-11-28,WE,Prospecting | Trail,13539,208,$126.59,0.015363
2025-11-29,WE,Prospecting | Trail,12298,230,$139.01,0.018702
2025-11-30,WE,Prospecting | Trail,15828,158,$142.46,0.009982
2025-11-24,WE,Retargeting | Site Visitors,7420,147,$101.66,0.019811
2025-11-25,WE,Retargeting | Site Visitors,6292,163,$72.27,0.025906
2025-11-26,WE,Retargeting | Site Visitors,7465,144,$69.58,0.01929
2025-11-27,WE,Retargeting | Site Visitors,7602,139,$71.24,0.018285
2025-11-28,WE,Retargeting | Site Visitors,6489,163,$92.43,0.025119
2025-11-29,WE,Retargeting | Site Visitors,8289,110,$82.21,0.013271
2025-11-30,WE,Retargeting | Site Visitors,7384,114,$96.41,0.015439
2025-11-24,WE,Launch | New Colorway,8370,111,$67.06,0.013262
2025-11-25,WE,Launch | New Colorway,7522,135,$66.88,0.017947
2025-11-26,WE,Launch | New Colorway,7385,130,$89.04,0.017603
2025-11-27,WE,Launch | New Colorway,6793,137,$95.21,0.020168
2025-11-28,WE,Launch | New Colorway,9343,112,$83.31,0.011988
2025-11-29,WE,Launch | New Colorway,8606,111,$92.30,0.012898
2025-11-30,WE,Launch | New Colorway,6709,118,$64.43,0.017588
2025-12-01,NE,Prospecting | Trail,19732,206,150.23,0.01044
2025-12-02,NE,Prospecting | Trail,17034,205,178.54,0.012035
2025-12-03,NE,Prospecting | Trail,14725,176,148.81,0.011952
2025-12-04,NE,Prospecting | Trail,20352,196,187.62,0.009631
2025-12-05,NE,Prospecting | Trail,16857,227,172.15,0.013466
2025-12-06,NE,Prospecting | Trail,15050,183,133.38,0.012159
2025-12-07,NE,Prospecting | Trail,15396,225,196.91,0.014614
2025-12-01,NE,Retargeting | Site Visitors,6202,139,58.01,0.022412
2025-12-02,NE,Retargeting | Site Visitors,6235,103,72.24,0.01652
2025-12-03,NE,Retargeting | Site Visitors,6619,123,81.43,0.018583
2025-12-04,NE,Retargeting | Site Visitors,7255,101,78.88,0.013921
2025-12-05,NE,Retargeting | Site Visitors,4970,122,77.52,0.024547
2025-12-06,NE,Retargeting | Site Visitors,6126,103,64.09,0.016814
2025-12-07,NE,Retargeting | Site Visitors,6465,91,72.38,0.014076
2025-12-01,MA,Prospecting | Trail,11948,193,167.14,0.016153
2025-12-02,MA,Prospecting | Trail,12780,163,135.06,0.012754
2025-12-03,MA,Prospecting | Trail,15841,134,134.05,0.008459
2025-12-04,MA,Prospecting | Trail,14563,166,140.4,0.011399
2025-12-05,MA,Prospecting | Trail,16663,191,145.55,0.011463
2025-12-06,MA,Prospecting | Trail,13846,200,111.39,0.014445
2025-12-07,MA,Prospecting | Trail,15166,146,154.31,0.009627
2025-12-01,MA,Retargeting | Site Visitors,6516,96,60.95,0.014733
2025-12-02,MA,Retargeting | Site Visitors,5053,88,60.7,0.017415
2025-12-03,MA,Retargeting | Site Visitors,4929,117,79.8,0.023737
2025-12-04,MA,Retargeting | Site Visitors,5092,123,56.3,0.024156
2025-12-05,MA,Retargeting | Site Visitors,6722,91,73.55,0.013538
2025-12-06,MA,Retargeting | Site Visitors,6610,93,57.63,0.01407
2025-12-07,MA,Retargeting | Site Visitors,4784,105,67.69,0.021948
2025-12-01,SE,Prospecting | Trail,9985,134,100.78,0.01342
2025-12-02,SE,Prospecting | Trail,11919,142,91.46,0.011914
2025-12-03,SE,Prospecting | Trail,9964,125,90.9,0.012545
2025-12-04,SE,Prospecting | Trail,11853,96,120.93,0.008099
2025-12-05,SE,Prospecting | Trail,10179,144,115.39,0.014147
2025-12-06,SE,Prospecting | Trail,9329,141,91.4,0.015114
2025-12-07,SE,Prospecting | Trail,11798,139,124.41,0.011782
2025-12-01,SE,Retargeting | Site Visitors,6140,108,83.25,0.01759
2025-12-02,SE,Retargeting | Site Visitors,7292,116,64.17,0.015908
2025-12-03,SE,Retargeting | Site Visitors,6323,137,78.44,0.021667
2025-12-04,SE,Retargeting | Site Visitors,5535,112,69.14,0.020235
2025-12-05,SE,Retargeting | Site Visitors,7373,125,88.94,0.016954
2025-12-06,SE,Retargeting | Site Visitors,5936,128,66.68,0.021563
2025-12-07,SE,Retargeting | Site Visitors,6580,132,68.96,0.020061
2025-12-01,MW,Prospecting | Trail,13683,166,98.77,0.012132
2025-12-02,MW,Prospecting | Trail,10944,140,128.69,0.012792
2025-12-03,MW,Prospecting | Trail,13581,172,129.36,0.012665
2025-12-04,MW,Prospecting | Trail,9901,121,147.01,0.012221
2025-12-05,MW,Prospecting | Trail,10716,148,100.4,0.013811
2025-12-06,MW,Prospecting | Trail,13079,172,108.28,0.013151
2025-12-07,MW,Prospecting | Trail,12857,147,118.14,0.011433
2025-12-01,MW,Retargeting | Site Visitors,7373,114,84.94,0.015462
2025-12-02,MW,Retargeting | Site Visitors,8324,113,93.75,0.013575
2025-12-03,MW,Retargeting | Site Visitors,5668,120,72.71,0.021171
2025-12-04,MW,Retargeting | Site Visitors,6160,131,61.64,0.021266
2025-12-05,MW,Retargeting | Site Visitors,6678,127,72.84,0.019018
2025-12-06,MW,Retargeting | Site Visitors,5947,117,64.97,0.019674
2025-12-07,MW,Retargeting | Site Visitors,5790,119,77.47,0.020553
2025-12-01,MT,Prospecting | Trail,10579,111,95.68,0.010492
2025-12-02,MT,Prospecting | Trail,7987,101,88.8,0.012646
2025-12-03,MT,Prospecting | Trail,8204,101,85.35,0.012311
2025-12-04,MT,Prospecting | Trail,10630,100,94.98,0.009407
2025-12-05,MT,Prospecting | Trail,7482,102,81.23,0.013633
2025-12-06,MT,Prospecting | Trail,7679,97,78.85,0.012632
2025-12-07,MT,Prospecting | Trail,9269,90,81.04,0.00971
2025-12-01,MT,Retargeting | Site Visitors,5218,89,63.42,0.017056
2025-12-02,MT,Retargeting | Site Visitors,5110,72,46.34,0.01409
2025-12-03,MT,Retargeting | Site Visitors,5047,72,43.19,0.014266
2025-12-04,MT,Retargeting | Site Visitors,4267,110,58.94,0.025779
2025-12-05,MT,Retargeting | Site Visitors,4636,103,67.16,0.022217
2025-12-06,MT,Retargeting | Site Visitors,5706,96,54.23,0.016824
2025-12-07,MT,Retargeting | Site Visitors,4372,87,61.81,0.019899
2025-12-01,WE,Prospecting | Trail,20237,214,$146.84,0.010575
2025-12-02,WE,Prospecting | Trail,14738,155,$164.35,0.010517
2025-12-03,WE,Prospecting | Trail,18753,240,$195.82,0.012798
2025-12-04,WE,Prospecting | Trail,19949,239,$202.28,0.011981
2025-12-05,WE,Prospecting | Trail,16713,235,$198.35,0.014061
2025-12-06,WE,Prospecting | Trail,19112,210,$153.06,0.010988
2025-12-07,WE,Prospecting | Trail,15190,172,$161.30,0.011323
2025-12-01,WE,Retargeting | Site Visitors,7266,124,$83.01,0.017066
2025-12-02,WE,Retargeting | Site Visitors,8299,153,$112.01,0.018436
2025-12-03,WE,Retargeting | Site Visitors,7181,136,$99.85,0.018939
2025-12-04,WE,Retargeting | Site Visitors,9136,175,$75.00,0.019155
2025-12-05,WE,Retargeting | Site Visitors,9867,161,$94.53,0.016317
2025-12-06,WE,Retargeting | Site Visitors,6536,156,$92.50,0.023868
2025-12-07,WE,Retargeting | Site Visitors,7540,139,$85.10,0.018435
2025-12-08,NE,Prospecting | Trail,16513,214,142.93,0.012959
2025-12-09,NE,Prospecting | Trail,16905,205,184.76,0.012127
2025-12-10,NE,Prospecting | Trail,13649,157,130.52,0.011503
2025-12-11,NE,Prospecting | Trail,15665,180,132.28,0.011491
2025-12-12,NE,Prospecting | Trail,16841,145,139.86,0.00861
2025-12-13,NE,Prospecting | Trail,13637,169,162.82,0.012393
2025-12-14,NE,Prospecting | Trail,14202,177,159.48,0.012463
2025-12-08,NE,Retargeting | Site Visitors,7181,135,78.58,0.0188
2025-12-09,NE,Retargeting | Site Visitors,6102,122,76.23,0.019993
2025-12-10,NE,Retargeting | Site Visitors,6972,112,66.18,0.016064
2025-12-11,NE,Retargeting | Site Visitors,7466,133,75.32,0.017814
2025-12-12,NE,Retargeting | Site Visitors,7451,130,69.22,0.017447
2025-12-13,NE,Retargeting | Site Visitors,4843,116,91.48,0.023952
2025-12-14,NE,Retargeting | Site Visitors,6189,90,74.32,0.014542
2025-12-08,NE,Launch | New Colorway,6582,87,53.72,0.013218
2025-12-09,NE,Launch | New Colorway,5918,110,72.04,0.018587
2025-12-10,NE,Launch | New Colorway,6889,88,72.62,0.012774
2025-12-11,NE,Launch | New Colorway,5956,95,51.73,0.01595
2025-12-12,NE,Launch | New Colorway,7140,90,67.38,0.012605
2025-12-13,NE,Launch | New Colorway,4816,81,77.96,0.016819
2025-12-14,NE,Launch | New Colorway,7108,103,57.51,0.014491
2025-12-08,MA,Prospecting | Trail,16590,153,115.3,0.009222
2025-12-09,MA,Prospecting | Trail,11938,169,157.45,0.014156
2025-12-10,MA,Prospecting | Trail,16271,125,130.56,0.007682
2025-12-11,MA,Prospecting | Trail,13251,168,140.18,0.012678
2025-12-12,MA,Prospecting | Trail,13124,171,133.91,0.01303
2025-12-13,MA,Prospecting | Trail,12709,168,134.37,0.013219
2025-12-14,MA,Prospecting | Trail,13154,132,139.19,0.010035
2025-12-08,MA,Retargeting | Site Visitors,7439,114,66.15,0.015325
2025-12-09,MA,Retargeting | Site Visitors,8333,160,82.75,0.019201
2025-12-10,MA,Retargeting | Site Visitors,5885,143,72.07,0.024299
2025-12-11,MA,Retargeting | Site Visitors,6489,167,98.37,0.025736
2025-12-12,MA,Retargeting | Site Visitors,7275,136,92.03,0.018694
2025-12-13,MA,Retargeting | Site Visitors,6544,116,78.75,0.017726
2025-12-14,MA,Retargeting | Site Visitors,8002,146,84.51,0.018245
2025-12-08,MA,Launch | New Colorway,7485,88,74.77,0.011757
2025-12-09,MA,Launch | New Colorway,5734,110,65.89,0.019184
2025-12-10,MA,Launch | New Colorway,7354,83,71.57,0.011286
2025-12-11,MA,Launch | New Colorway,8088,105,75.01,0.012982
2025-12-12,MA,Launch | New Colorway,5300,105,59.41,0.019811
2025-12-13,MA,Launch | New Colorway,7666,115,75.35,0.015001
2025-12-14,MA,Launch | New Colorway,5456,85,58.24,0.015579
2025-12-08,SE,Prospecting | Trail,16245,226,142.8,0.013912
2025-12-09,SE,Prospecting | Trail,15439,167,158.19,0.010817
2025-12-10,SE,Prospecting | Trail,13425,159,114.73,0.011844
2025-12-11,SE,Prospecting | Trail,15745,170,136.75,0.010797
2025-12-12,SE,Prospecting | Trail,12519,161,130.26,0.01286
2025-12-13,SE,Prospecting | Trail,16234,170,147.23,0.010472
2025-12-14,SE,Prospecting | Trail,11223,151,158.16,0.013455
2025-12-08,SE,Retargeting | Site Visitors,5066,101,75.69,0.019937
2025-12-09,SE,Retargeting | Site Visitors,6244,118,54.61,0.018898
2025-12-10,SE,Retargeting | Site Visitors,6579,131,67.09,0.019912
2025-12-11,SE,Retargeting | Site Visitors,6222,125,70.85,0.02009
2025-12-12,SE,Retargeting | Site Visitors,5721,129,81.85,0.022549
2025-12-13,SE,Retargeting | Site Visitors,7293,112,63.28,0.015357
2025-12-14,SE,Retargeting | Site Visitors,5495,108,76.75,0.019654
2025-12-08,SE,Launch | New Colorway,5420,71,49.26,0.0131
2025-12-09,SE,Launch | New Colorway,4698,71,46.75,0.015113
2025-12-10,SE,Launch | New Colorway,6477,93,52.83,0.014358
2025-12-11,SE,Launch | New Colorway,5757,99,70.41,0.017196
2025-12-12,SE,Launch | New Colorway,5109,74,60.97,0.014484
2025-12-13,SE,Launch | New Colorway,5904,75,67.92,0.012703
2025-12-14,SE,Launch | New Colorway,5839,105,51.74,0.017983
2025-12-08,MW,Prospecting | Trail,13078,132,104.93,0.010093
2025-12-09,MW,Prospecting | Trail,11028,163,122.13,0.014781
2025-12-10,MW,Prospecting | Trail,12897,163,134.08,0.012639
2025-12-11,MW,Prospecting | Trail,12390,152,117.01,0.012268
2025-12-12,MW,Prospecting | Trail,13082,127,117.61,0.009708
2025-12-13,MW,Prospecting | Trail,11753,156,133.29,0.013273
2025-12-14,MW,Prospecting | Trail,13116,162,126.92,0.012351
2025-12-08,MW,Retargeting | Site Visitors,6774,92,62.78,0.013581
2025-12-09,MW,Retargeting | Site Visitors,5426,91,78.71,0.016771
2025-12-10,MW,Retargeting | Site Visitors,5822,133,74.72,0.022844
2025-12-11,MW,Retargeting | Site Visitors,7561,127,80.24,0.016797
2025-12-12,MW,Retargeting | Site Visitors,5801,110,74.51,0.018962
2025-12-13,MW,Retargeting | Site Visitors,6590,108,64.66,0.016388
2025-12-14,MW,Retargeting | Site Visitors,5368,138,62.81,0.025708
2025-12-08,MW,Launch | New Colorway,6220,88,65.25,0.014148
2025-12-09,MW,Launch | New Colorway,7134,97,69.27,0.013597
2025-12-10,MW,Launch | New Colorway,8521,109,82.4,0.012792
2025-12-11,MW,Launch | New Colorway,6169,98,64.47,0.015886
2025-12-12,MW,Launch | New Colorway,5886,94,64.24,0.01597
2025-12-13,MW,Launch | New Colorway,8076,115,76.18,0.01424
2025-12-14,MW,Launch | New Colorway,5776,88,65.55,0.015235
2025-12-08,MT,Prospecting | Trail,9277,111,102.77,0.011965
2025-12-09,MT,Prospecting | Trail,10624,121,110.96,0.011389
2025-12-10,MT,Prospecting | Trail,9343,125,95.52,0.013379
2025-12-11,MT,Prospecting | Trail,11520,109,111.89,0.009462
2025-12-12,MT,Prospecting | Trail,10307,120,95.94,0.011643
2025-12-13,MT,Prospecting | Trail,12327,147,108.23,0.011925
2025-12-14,MT,Prospecting | Trail,8960,99,83.79,0.011049
2025-12-08,MT,Retargeting | Site Visitors,4299,71,57.66,0.016515
2025-12-09,MT,Retargeting | Site Visitors,4398,104,40.44,0.023647
2025-12-10,MT,Retargeting | Site Visitors,5179,107,57.88,0.02066
2025-12-11,MT,Retargeting | Site Visitors,4890,101,58.98,0.020654
2025-12-12,MT,Retargeting | Site Visitors,4247,77,43.56,0.01813
2025-12-13,MT,Retargeting | Site Visitors,3951,96,53.28,0.024298
2025-12-14,MT,Retargeting | Site Visitors,4126,71,45.74,0.017208
2025-12-08,MT,Launch | New Colorway,3349,55,35.35,0.016423
2025-12-09,MT,Launch | New Colorway,4555,48,47.8,0.010538
2025-12-10,MT,Launch | New Colorway,3288,65,50.0,0.019769
2025-12-11,MT,Launch | New Colorway,5110,68,39.18,0.013307
2025-12-12,MT,Launch | New Colorway,5094,54,46.4,0.010601
2025-12-13,MT,Launch | New Colorway,3581,69,40.18,0.019268
2025-12-14,MT,Launch | New Colorway,4563,65,42.39,0.014245
2025-12-08,WE,Prospecting | Trail,15434,184,$203.82,0.011922
2025-12-09,WE,Prospecting | Trail,20261,208,$208.68,0.010266
2025-12-10,WE,Prospecting | Trail,19684,191,$145.46,0.009703
2025-12-11,WE,Prospecting | Trail,16996,268,$188.77,0.015768
2025-12-12,WE,Prospecting | Trail,19711,269,$155.94,0.013647
2025-12-13,WE,Prospecting | Trail,21918,249,$175.27,0.011361
2025-12-14,WE,Prospecting | Trail,15987,222,$195.97,0.013886
2025-12-08,WE,Retargeting | Site Visitors,7609,174,$73.12,0.022868
2025-12-09,WE,Retargeting | Site Visitors,8922,178,$82.73,0.019951
2025-12-10,WE,Retargeting | Site Visitors,8809,153,$81.86,0.017369
2025-12-11,WE,Retargeting | Site Visitors,8099,117,$108.80,0.014446
2025-12-12,WE,Retargeting | Site Visitors,7980,157,$99.98,0.019674
2025-12-13,WE,Retargeting | Site Visitors,6427,133,$98.80,0.020694
2025-12-14,WE,Retargeting | Site Visitors,6665,162,$81.57,0.024306
2025-12-08,WE,Launch | New Colorway,7910,116,$85.77,0.014665
2025-12-09,WE,Launch | New Colorway,8071,95,$76.20,0.011771
2025-12-10,WE,Launch | New Colorway,7091,120,$63.68,0.016923
2025-12-11,WE,Launch | New Colorway,7667,119,$64.36,0.015521
2025-12-12,WE,Launch | New Colorway,7790,131,$71.51,0.016816
2025-12-13,WE,Launch | New Colorway,6327,132,$84.38,0.020863
2025-12-14,WE,Launch | New Colorway,6734,104,$80.33,0.015444
2025-12-15,NE,Prospecting | Trail,13283,123,139.76,0.00926
2025-12-16,NE,Prospecting | Trail,14848,134,125.23,0.009025
2025-12-17,NE,Prospecting | Trail,14131,186,125.9,0.013163
2025-12-18,NE,Prospecting | Trail,16609,163,122.73,0.009814
2025-12-19,NE,Prospecting | Trail,10980,182,145.67,0.016576
2025-12-20,NE,Prospecting | Trail,11137,174,151.46,0.015624
2025-12-21,NE,Prospecting | Trail,15572,150,135.54,0.009633
2025-12-15,NE,Retargeting | Site Visitors,5640,130,84.85,0.02305
2025-12-16,NE,Retargeting | Site Visitors,6298,135,91.09,0.021435
2025-12-17,NE,Retargeting | Site Visitors,6089,145,93.57,0.023813
2025-12-18,NE,Retargeting | Site Visitors,6683,120,68.21,0.017956
2025-12-19,NE,Retargeting | Site Visitors,8267,109,76.38,0.013185
2025-12-20,NE,Retargeting | Site Visitors,7928,150,88.16,0.01892
2025-12-21,NE,Retargeting | Site Visitors,8450,145,65.32,0.01716
2025-12-15,MA,Prospecting | Trail,12968,170,145.99,0.013109
2025-12-16,MA,Prospecting | Trail,13533,173,128.84,0.012784
2025-12-17,MA,Prospecting | Trail,16214,185,124.37,0.01141
2025-12-18,MA,Prospecting | Trail,11013,183,145.56,0.016617
2025-12-19,MA,Prospecting | Trail,11806,186,122.51,0.015755
2025-12-20,MA,Prospecting | Trail,16046,151,138.57,0.00941
2025-12-21,MA,Prospecting | Trail,15228,134,142.87,0.0088
2025-12-15,MA,Retargeting | Site Visitors,7095,133,77.84,0.018746
2025-12-16,MA,Retargeting | Site Visitors,7963,121,95.38,0.015195
2025-12-17,MA,Retargeting | Site Visitors,8184,144,72.18,0.017595
2025-12-18,MA,Retargeting | Site Visitors,7320,118,82.18,0.01612
2025-12-19,MA,Retargeting | Site Visitors,6055,108,93.16,0.017836
2025-12-20,MA,Retargeting | Site Visitors,6327,139,69.67,0.021969
2025-12-21,MA,Retargeting | Site Visitors,6439,117,77.5,0.018171
2025-12-15,SE,Prospecting | Trail,13470,153,109.16,0.011359
2025-12-16,SE,Prospecting | Trail,10237,138,125.12,0.013481
2025-12-17,SE,Prospecting | Trail,12864,140,106.52,0.010883
2025-12-18,SE,Prospecting | Trail,10755,140,142.57,0.013017
2025-12-19,SE,Prospecting | Trail,10257,143,101.3,0.013942
2025-12-20,SE,Prospecting | Trail,14713,101,123.92,0.006865
2025-12-21,SE,Prospecting | Trail,11848,125,116.01,0.01055
2025-12-15,SE,Retargeting | Site Visitors,5632,111,59.2,0.019709
2025-12-16,SE,Retargeting | Site Visitors,4412,90,59.62,0.020399
2025-12-17,SE,Retargeting | Site Visitors,6041,100,62.43,0.016554
2025-12-18,SE,Retargeting | Site Visitors,6006,120,57.0,0.01998
2025-12-19,SE,Retargeting | Site Visitors,5647,103,63.54,0.01824
2025-12-20,SE,Retargeting | Site Visitors,4765,119,77.46,0.024974
2025-12-21,SE,Retargeting | Site Visitors,6705,90,71.61,0.013423
2025-12-15,MW,Prospecting | Trail,12282,169,140.67,0.01376
2025-12-16,MW,Prospecting | Trail,15234,153,145.81,0.010043
2025-12-17,MW,Prospecting | Trail,14313,157,135.11,0.010969
2025-12-18,MW,Prospecting | Trail,13549,205,176.23,0.01513
2025-12-19,MW,Prospecting | Trail,15336,188,122.58,0.012259
2025-12-20,MW,Prospecting | Trail,15393,191,127.1,0.012408
2025-12-21,MW,Prospecting | Trail,15985,166,153.03,0.010385
2025-12-15,MW,Retargeting | Site Visitors,5739,109,64.43,0.018993
2025-12-16,MW,Retargeting | Site Visitors,6054,113,68.3,0.018665
2025-12-17,MW,Retargeting | Site Visitors,6066,138,64.67,0.02275
2025-12-18,MW,Retargeting | Site Visitors,6423,113,85.56,0.017593
2025-12-19,MW,Retargeting | Site Visitors,6079,116,67.46,0.019082
2025-12-20,MW,Retargeting | Site Visitors,7399,107,84.77,0.014461
2025-12-21,MW,Retargeting | Site Visitors,6604,144,74.98,0.021805
2025-12-15,MT,Prospecting | Trail,9742,138,114.3,0.014165
2025-12-16,MT,Prospecting | Trail,13075,153,118.96,0.011702
2025-12-17,MT,Prospecting | Trail,9653,138,123.96,0.014296
2025-12-18,MT,Prospecting | Trail,12728,118,85.33,0.009271
2025-12-19,MT,Prospecting | Trail,11623,123,97.22,0.010582
2025-12-20,MT,Prospecting | Trail,10130,115,86.7,0.011352
2025-12-21,MT,Prospecting | Trail,9590,153,123.64,0.015954
2025-12-15,MT,Retargeting | Site Visitors,3994,75,53.59,0.018778
2025-12-16,MT,Retargeting | Site Visitors,4414,108,48.87,0.024468
2025-12-17,MT,Retargeting | Site Visitors,4346,100,50.09,0.02301
2025-12-18,MT,Retargeting | Site Visitors,4953,87,54.9,0.017565
2025-12-19,MT,Retargeting | Site Visitors,3589,90,60.22,0.025077
2025-12-20,MT,Retargeting | Site Visitors,5115,88,41.29,0.017204
2025-12-21,MT,Retargeting | Site Visitors,5201,80,54.56,0.015382
2025-12-15,WE,Prospecting | Trail,16449,214,$169.41,0.01301
2025-12-16,WE,Prospecting | Trail,16875,176,$153.08,0.01043
2025-12-17,WE,Prospecting | Trail,12975,199,$202.27,0.015337
2025-12-18,WE,Prospecting | Trail,18810,196,$148.87,0.01042
2025-12-19,WE,Prospecting | Trail,17864,235,$176.82,0.013155
2025-12-20,WE,Prospecting | Trail,18729,255,$168.02,0.013615
2025-12-21,WE,Prospecting | Trail,17361,183,$148.36,0.010541
2025-12-15,WE,Retargeting | Site Visitors,7804,162,$100.27,0.020759
2025-12-16,WE,Retargeting | Site Visitors,9796,173,$105.15,0.01766
2025-12-17,WE,Retargeting | Site Visitors,8369,128,$111.96,0.015295
2025-12-18,WE,Retargeting | Site Visitors,7428,113,$83.75,0.015213
2025-12-19,WE,Retargeting | Site Visitors,7995,131,$76.08,0.016385
2025-12-20,WE,Retargeting | Site Visitors,7827,174,$74.71,0.022231
2025-12-21,WE,Retargeting | Site Visitors,8060,169,$106.80,0.020968
2025-12-22,NE,Prospecting | Trail,19675,178,131.14,0.009047
2025-12-23,NE,Prospecting | Trail,13369,174,159.91,0.013015
2025-12-24,NE,Prospecting | Trail,15279,227,199.84,0.014857
2025-12-25,NE,Prospecting | Trail,19147,174,136.07,0.009088
2025-12-26,NE,Prospecting | Trail,15727,204,171.37,0.012971
2025-12-27,NE,Prospecting | Trail,15372,159,156.05,0.010343
2025-12-28,NE,Prospecting | Trail,18085,193,188.84,0.010672
2025-12-22,NE,Retargeting | Site Visitors,6939,134,88.19,0.019311
2025-12-23,NE,Retargeting | Site Visitors,7905,143,86.86,0.01809
2025-12-24,NE,Retargeting | Site Visitors,6506,143,84.24,0.02198
2025-12-25,NE,Retargeting | Site Visitors,6197,146,82.74,0.02356
2025-12-26,NE,Retargeting | Site Visitors,6719,143,79.48,0.021283
2025-12-27,NE,Retargeting | Site Visitors,8083,163,71.0,0.020166
2025-12-28,NE,Retargeting | Site Visitors,7631,117,82.24,0.015332
2025-12-22,MA,Prospecting | Trail,12287,142,111.55,0.011557
2025-12-23,MA,Prospecting | Trail,10827,140,130.32,0.012931
2025-12-24,MA,Prospecting | Trail,14231,128,152.09,0.008994
2025-12-25,MA,Prospecting | Trail,12849,177,115.85,0.013775
2025-12-26,MA,Prospecting | Trail,12797,165,124.13,0.012894
2025-12-27,MA,Prospecting | Trail,14581,128,146.89,0.008779
2025-12-28,MA,Prospecting | Trail,14018,166,116.75,0.011842
2025-12-22,MA,Retargeting | Site Visitors,5593,113,83.94,0.020204
2025-12-23,MA,Retargeting | Site Visitors,5008,111,62.54,0.022165
2025-12-24,MA,Retargeting | Site Visitors,5947,123,71.67,0.020683
2025-12-25,MA,Retargeting | Site Visitors,6399,104,56.75,0.016253
2025-12-26,MA,Retargeting | Site Visitors,5883,117,64.53,0.019888
2025-12-27,MA,Retargeting | Site Visitors,6881,136,82.48,0.019765
2025-12-28,MA,Retargeting | Site Visitors,6734,129,66.2,0.019157
2025-12-22,SE,Prospecting | Trail,12391,161,126.98,0.012993
2025-12-23,SE,Prospecting | Trail,11518,154,155.85,0.01337
2025-12-24,SE,Prospecting | Trail,12699,176,105.29,0.013859
2025-12-25,SE,Prospecting | Trail,13377,156,117.98,0.011662
2025-12-26,SE,Prospecting | Trail,12517,155,122.38,0.012383
2025-12-27,SE,Prospecting | Trail,13169,177,121.33,0.013441
2025-12-28,SE,Prospecting | Trail,13461,150,123.69,0.011143
2025-12-22,SE,Retargeting | Site Visitors,5644,94,60.28,0.016655
2025-12-23,SE,Retargeting | Site Visitors,6012,116,62.32,0.019295
2025-12-24,SE,Retargeting | Site Visitors,6281,108,64.88,0.017195
2025-12-25,SE,Retargeting | Site Visitors,4793,86,56.89,0.017943
2025-12-26,SE,Retargeting | Site Visitors,4218,95,59.51,0.022523
2025-12-27,SE,Retargeting | Site Visitors,5488,111,54.03,0.020226
2025-12-28,SE,Retargeting | Site Visitors,4690,117,69.04,0.024947
2025-12-22,MW,Prospecting | Trail,11444,154,100.69,0.013457
2025-12-23,MW,Prospecting | Trail,10016,156,152.8,0.015575
2025-12-24,MW,Prospecting | Trail,13391,156,102.75,0.01165
2025-12-25,MW,Prospecting | Trail,12551,111,108.0,0.008844
2025-12-26,MW,Prospecting | Trail,13479,153,143.15,0.011351
2025-12-27,MW,Prospecting | Trail,9936,132,104.28,0.013285
2025-12-28,MW,Prospecting | Trail,12659,123,106.39,0.009716
2025-12-22,MW,Retargeting | Site Visitors,6604,100,62.65,0.015142
2025-12-23,MW,Retargeting | Site Visitors,5189,100,52.28,0.019272
2025-12-24,MW,Retargeting | Site Visitors,5967,131,75.96,0.021954
2025-12-25,MW,Retargeting | Site Visitors,4895,100,71.31,0.020429
2025-12-26,MW,Retargeting | Site Visitors,5496,116,78.29,0.021106
2025-12-27,MW,Retargeting | Site Visitors,5106,103,52.08,0.020172
2025-12-28,MW,Retargeting | Site Visitors,6292,105,62.27,0.016688
2025-12-22,MT,Prospecting | Trail,9163,137,119.74,0.014951
2025-12-23,MT,Prospecting | Trail,13020,105,112.74,0.008065
2025-12-24,MT,Prospecting | Trail,12801,125,120.35,0.009765
2025-12-25,MT,Prospecting | Trail,8958,113,110.08,0.012614
2025-12-26,MT,Prospecting | Trail,9593,142,111.41,0.014802
2025-12-27,MT,Prospecting | Trail,13416,114,82.03,0.008497
2025-12-28,MT,Prospecting | Trail,11229,138,109.82,0.01229
2025-12-22,MT,Retargeting | Site Visitors,5021,110,56.91,0.021908
2025-12-23,MT,Retargeting | Site Visitors,5540,128,53.64,0.023105
2025-12-24,MT,Retargeting | Site Visitors,6606,89,69.21,0.013473
2025-12-25,MT,Retargeting | Site Visitors,5762,124,53.32,0.02152
2025-12-26,MT,Retargeting | Site Visitors,4530,111,72.49,0.024503
2025-12-27,MT,Retargeting | Site Visitors,4961,91,62.82,0.018343
2025-12-28,MT,Retargeting | Site Visitors,5726,121,70.28,0.021132
2025-12-22,WE,Prospecting | Trail,16995,169,$139.02,0.009944
2025-12-23,WE,Prospecting | Trail,13769,177,$152.40,0.012855
2025-12-24,WE,Prospecting | Trail,17799,178,$132.95,0.010001
2025-12-25,WE,Prospecting | Trail,15139,192,$127.08,0.012682
2025-12-26,WE,Prospecting | Trail,15768,220,$180.38,0.013952
2025-12-27,WE,Prospecting | Trail,13040,171,$126.83,0.013113
2025-12-28,WE,Prospecting | Trail,13912,164,$184.28,0.011788
2025-12-22,WE,Retargeting | Site Visitors,7845,167,$89.26,0.021287
2025-12-23,WE,Retargeting | Site Visitors,8543,132,$98.53,0.015451
2025-12-24,WE,Retargeting | Site Visitors,8676,134,$107.94,0.015445
2025-12-25,WE,Retargeting | Site Visitors,8217,162,$92.23,0.019715
2025-12-26,WE,Retargeting | Site Visitors,9491,151,$93.44,0.01591
2025-12-27,WE,Retargeting | Site Visitors,7483,160,$105.01,0.021382
2025-12-28,WE,Retargeting | Site Visitors,7501,174,$77.78,0.023197
