time,geo,kpi_bookings,kpi_revenue,revenue_per_kpi,population,paid_search_impressions,paid_search_spend,paid_social_upper_impressions,paid_social_upper_spend,paid_social_prospecting_impressions,paid_social_prospecting_spend,paid_social_retargeting_impressions,paid_social_retargeting_spend,organic_sessions,email_sends,availability_index,snowfall_index,holiday_flag,adr_price_index,promotional_package
2022-11-07,CO,207,47517.24,229.55,5800000,241195.0,1776.57,0,0.0,104367,932.15,61297,682.0,2731,4218,0.5392,35.864,0,107.947,0
2022-11-07,UT,179,49859.25,278.54,3400000,208895.0,1551.75,0,0.0,91633,818.36,59673,663.36,2433,3942,0.5789,34.907,0,108.479,0
2022-11-07,CA,216,55312.69,256.08,8200000,238336.0,1755.87,0,0.0,91020,814.26,58008,644.48,2554,4341,0.5316,22.957,0,107.203,0
2022-11-07,PN,177,49808.63,281.4,6100000,201492.0,1501.11,0,0.0,72565,649.6,50729,565.24,2239,3994,0.527,25.788,0,108.585,0
2022-11-07,NE,157,44074.01,280.73,7400000,177327.0,1303.5,0,0.0,74443,665.3,36720,408.29,1922,3265,0.5367,28.128,0,108.262,0
2022-11-14,CO,213,55060.74,258.5,5800000,236865.0,1745.74,0,0.0,93652,833.35,69696,774.61,2506,4591,0.5563,34.376,0,110.262,0
2022-11-14,UT,211,58328.9,276.44,3400000,222564.0,1636.44,0,0.0,95650,854.59,49252,547.73,2500,3944,0.5479,37.617,0,109.575,0
2022-11-14,CA,208,50334.74,241.99,8200000,231739.0,1699.82,0,0.0,100314,895.48,58895,656.15,2701,4181,0.5289,31.879,0,109.051,0
2022-11-14,PN,184,42773.42,232.46,6100000,195572.0,1435.0,0,0.0,78862,705.38,49893,555.92,2176,4014,0.5758,33.905,0,110.372,0
2022-11-14,NE,158,42519.39,269.11,7400000,170592.0,1262.47,0,0.0,78182,698.79,36458,405.25,1839,3392,0.5588,30.267,0,108.449,0
2022-11-21,CO,311,86706.68,278.8,5800000,364272.0,2665.62,0,0.0,143646,1282.0,80210,892.18,3358,6081,0.6076,37.295,1,108.087,1
2022-11-21,UT,263,60747.86,230.98,3400000,306650.0,2266.9,0,0.0,114357,1019.45,57905,644.57,2951,5813,0.6018,35.581,1,108.787,1
2022-11-21,CA,253,65612.94,259.34,8200000,309714.0,2272.14,0,0.0,131067,1171.94,68824,766.45,3021,6396,0.5505,28.923,1,111.496,1
2022-11-21,PN,238,63744.32,267.83,6100000,304134.0,2252.67,0,0.0,105166,939.49,57871,643.4,2839,5353,0.5643,31.835,1,111.168,1
2022-11-21,NE,218,60792.84,278.87,7400000,247078.0,1838.72,0,0.0,99069,882.33,44124,490.02,2488,5149,0.5343,35.46,1,109.484,1
2022-11-28,CO,265,79222.42,298.95,5800000,325766.0,2389.75,0,0.0,111382,997.61,69270,771.18,2761,5386,0.6098,40.131,1,118.216,0
2022-11-28,UT,221,62766.32,284.01,3400000,261921.0,1912.38,0,0.0,101344,904.65,71293,793.75,2860,4475,0.6115,40.886,1,116.887,0
2022-11-28,CA,248,65227.53,263.01,8200000,288208.0,2102.92,0,0.0,103273,923.98,67480,751.56,3016,5094,0.5567,35.29,1,117.469,0
2022-11-28,PN,212,56272.33,265.44,6100000,271523.0,2005.22,0,0.0,96252,858.95,52373,583.14,2567,4430,0.5601,38.244,1,116.565,0
2022-11-28,NE,191,51828.12,271.35,7400000,237594.0,1735.02,0,0.0,74876,667.51,39793,443.15,2223,3568,0.6204,37.212,1,116.775,0
2022-12-05,CO,241,69735.38,289.36,5800000,256998.0,1884.93,0,0.0,98918,881.32,62025,689.33,2813,4569,0.6881,43.174,0,111.64,0
2022-12-05,UT,204,52654.42,258.11,3400000,228347.0,1692.18,0,0.0,89069,796.44,57202,637.47,2774,4445,0.6755,42.317,0,114.457,0
2022-12-05,CA,207,51478.67,248.69,8200000,252836.0,1875.64,0,0.0,92330,823.44,66270,736.94,3051,4846,0.6325,32.905,0,112.926,0
2022-12-05,PN,194,46399.53,239.17,6100000,212373.0,1566.4,0,0.0,86751,774.83,42400,471.66,2359,3877,0.6545,39.354,0,113.815,0
2022-12-05,NE,176,43574.62,247.58,7400000,202783.0,1481.11,0,0.0,76726,683.24,37494,417.62,2233,3461,0.683,36.038,0,114.597,0
2022-12-12,CO,249,71448.37,286.94,5800000,264394.0,1971.13,0,0.0,115187,1029.51,70090,779.49,2963,4758,0.711,45.972,0,113.269,0
2022-12-12,UT,202,58453.35,289.37,3400000,226522.0,1665.03,0,0.0,98520,878.9,64805,722.08,2951,4435,0.6782,48.849,0,114.893,0
2022-12-12,CA,215,55015.41,255.89,8200000,245026.0,1815.13,0,0.0,92224,825.47,70545,785.38,3023,4668,0.6632,34.84,0,114.645,0
2022-12-12,PN,194,54172.15,279.24,6100000,209954.0,1555.32,0,0.0,84120,750.86,45008,500.42,2462,4232,0.641,36.831,0,115.261,0
2022-12-12,NE,172,47993.96,279.03,7400000,199762.0,1466.64,0,0.0,75528,672.12,47540,528.24,2479,3937,0.6909,44.761,0,113.261,0
2022-12-19,CO,247,67510.81,273.32,5800000,280192.0,2046.7,0,0.0,102194,909.74,73272,815.65,3124,4758,0.6842,54.191,0,114.174,0
2022-12-19,UT,216,52038.27,240.92,3400000,232816.0,1718.31,0,0.0,92203,822.43,55744,618.98,2603,4464,0.7215,50.518,0,113.225,0
2022-12-19,CA,224,60677.72,270.88,8200000,259721.0,1938.35,0,0.0,95275,849.36,62459,693.4,2944,4731,0.7186,40.52,0,113.99,0
2022-12-19,PN,192,55501.46,289.07,6100000,225254.0,1664.78,0,0.0,80235,717.85,51840,577.25,2511,4297,0.6646,45.694,0,114.162,0
2022-12-19,NE,181,44029.36,243.26,7400000,193408.0,1414.09,0,0.0,82247,734.32,38645,429.89,2203,3970,0.683,44.082,0,113.486,0
2022-12-26,CO,290,85777.42,295.78,5800000,330378.0,2425.03,0,0.0,106405,950.57,80274,891.23,3381,5276,0.7015,55.614,1,121.179,0
2022-12-26,UT,255,69531.03,272.67,3400000,316160.0,2342.02,0,0.0,99991,895.93,60051,669.3,2835,4666,0.6926,54.935,1,119.72,0
2022-12-26,CA,272,70581.15,259.49,8200000,329969.0,2408.67,0,0.0,107303,961.53,82032,912.49,3237,5475,0.7408,36.784,1,119.468,0
2022-12-26,PN,226,59904.94,265.07,6100000,259229.0,1913.94,0,0.0,87891,786.45,54763,609.67,2651,4419,0.7173,44.687,1,118.428,0
2022-12-26,NE,204,51538.06,252.64,7400000,248686.0,1844.93,0,0.0,85999,769.44,42573,473.74,2395,4072,0.731,46.934,1,118.547,0
2023-01-02,CO,367,88610.6,241.45,5800000,424283.0,3117.01,0,0.0,148550,1329.4,84206,935.53,3993,7757,0.7641,59.666,1,114.896,1
2023-01-02,UT,325,95205.53,292.94,3400000,351587.0,2607.27,0,0.0,139896,1250.98,72417,804.83,3281,6731,0.7117,52.76,1,112.938,1
2023-01-02,CA,305,88161.9,289.06,8200000,356757.0,2638.01,0,0.0,127652,1140.13,81404,906.2,3974,7249,0.7308,37.512,1,115.741,1
2023-01-02,PN,270,73747.28,273.14,6100000,303524.0,2239.61,0,0.0,130268,1165.74,64892,722.89,3204,5773,0.7012,50.005,1,115.228,1
2023-01-02,NE,269,79604.02,295.93,7400000,303897.0,2266.52,0,0.0,109338,976.9,53477,595.64,2773,5379,0.7119,51.363,1,114.194,1
2023-01-09,CO,268,79591.61,296.98,5800000,284261.0,2093.89,0,0.0,105706,941.91,69084,769.52,3157,5566,0.7831,59.379,0,116.848,0
2023-01-09,UT,217,61612.71,283.93,3400000,227427.0,1682.3,0,0.0,90832,810.68,65216,725.5,3033,5041,0.7647,58.894,0,116.123,0
2023-01-09,CA,245,60923.46,248.67,8200000,270685.0,1989.14,0,0.0,114966,1028.34,73303,817.03,3404,4854,0.7593,42.986,0,116.26,0
2023-01-09,PN,225,66424.19,295.22,6100000,240066.0,1760.4,0,0.0,91252,815.0,59560,662.98,2704,4714,0.7445,52.023,0,115.037,0
2023-01-09,NE,187,53551.12,286.37,7400000,210044.0,1545.52,0,0.0,78734,704.85,44874,498.39,2378,4278,0.732,53.29,0,114.838,0
2023-01-16,CO,279,81146.41,290.85,5800000,290895.0,2121.62,0,0.0,103587,924.67,80066,891.42,3362,5585,0.753,61.418,0,116.891,0
2023-01-16,UT,235,65294.72,277.85,3400000,245550.0,1807.12,0,0.0,99400,887.71,66768,742.73,3245,4519,0.7692,66.441,0,116.051,0
2023-01-16,CA,239,64521.35,269.96,8200000,254671.0,1865.05,0,0.0,104485,932.67,67897,756.43,3130,4843,0.797,45.771,0,115.456,0
2023-01-16,PN,215,61435.27,285.75,6100000,235064.0,1747.1,0,0.0,93313,836.03,66773,742.86,3040,4486,0.788,53.599,0,115.662,0
2023-01-16,NE,192,57440.04,299.17,7400000,198148.0,1468.25,0,0.0,83560,744.73,37705,420.17,2353,4054,0.7723,59.132,0,116.522,0
2023-01-23,CO,307,80029.08,260.68,5800000,305051.0,2238.25,0,0.0,161260,1442.0,87318,972.06,3576,6955,0.7888,65.984,0,109.944,1
2023-01-23,UT,271,75234.57,277.62,3400000,281487.0,2065.86,0,0.0,141737,1267.66,71525,795.92,3252,6023,0.8282,63.08,0,109.065,1
2023-01-23,CA,280,76894.14,274.62,8200000,294703.0,2171.64,0,0.0,144497,1288.0,75029,835.95,3296,6242,0.7748,48.655,0,110.466,1
2023-01-23,PN,255,66014.1,258.88,6100000,257651.0,1900.01,0,0.0,124327,1111.38,64815,721.44,3102,5803,0.8077,55.608,0,109.955,1
2023-01-23,NE,226,58611.06,259.34,7400000,218955.0,1610.34,0,0.0,110545,991.6,58317,648.77,2810,5457,0.8201,58.361,0,108.84,1
2023-01-30,CO,266,78016.69,293.3,5800000,282879.0,2089.07,0,0.0,114715,1022.28,81680,908.39,3634,5585,0.8012,70.374,0,114.976,0
2023-01-30,UT,241,65547.81,271.98,3400000,267751.0,2000.44,0,0.0,105868,943.25,72309,805.2,3186,4680,0.8503,65.395,0,113.479,0
2023-01-30,CA,241,64841.16,269.05,8200000,288644.0,2118.31,0,0.0,108097,965.43,68493,763.61,3361,5015,0.8099,46.063,0,116.237,0
2023-01-30,PN,235,63499.72,270.21,6100000,241214.0,1772.54,0,0.0,92543,823.62,60011,668.23,2888,4924,0.834,52.058,0,116.29,0
2023-01-30,NE,214,52343.48,244.6,7400000,233387.0,1711.85,0,0.0,80179,715.44,49231,548.72,2802,4391,0.8439,56.67,0,116.279,0
2023-02-06,CO,277,80497.65,290.61,5800000,304784.0,2239.27,123575,758.31,118434,1055.39,82338,915.2,3560,5797,0.8166,76.173,0,115.129,0
2023-02-06,UT,248,63882.59,257.59,3400000,260505.0,1920.43,113430,695.27,106434,948.19,66027,735.4,3111,5252,0.8274,68.6,0,115.429,0
2023-02-06,CA,259,69140.73,266.95,8200000,289640.0,2123.99,126352,778.24,124828,1115.39,75574,841.55,3280,5676,0.8661,49.933,0,113.96,0
2023-02-06,PN,227,55807.29,245.85,6100000,253757.0,1889.72,106294,651.46,90876,813.73,54434,605.11,2755,4909,0.8584,59.001,0,113.258,0
2023-02-06,NE,201,58579.76,291.44,7400000,206496.0,1527.22,99371,612.19,91907,820.66,47387,527.77,2395,4076,0.862,65.241,0,113.667,0
2023-02-13,CO,327,81521.13,249.3,5800000,365220.0,2663.18,162561,999.34,129794,1163.68,88490,984.43,3918,6336,0.833,71.441,1,117.889,0
2023-02-13,UT,308,90667.39,294.37,3400000,332636.0,2423.66,117841,722.54,115808,1037.19,75500,840.11,3583,5095,0.8735,73.569,1,118.265,0
2023-02-13,CA,317,93908.59,296.24,8200000,359121.0,2635.1,115899,707.19,106724,952.89,77831,867.07,3274,6119,0.8256,51.559,1,118.189,0
2023-02-13,PN,262,74921.97,285.96,6100000,295013.0,2178.15,101734,626.1,101031,902.78,64524,718.34,3112,5190,0.8256,57.325,1,117.941,0
2023-02-13,NE,247,73105.97,295.98,7400000,276172.0,2035.49,88870,545.03,98170,878.96,56831,631.49,2910,4275,0.824,66.551,1,118.259,0
2023-02-20,CO,333,95085.94,285.54,5800000,370589.0,2714.84,140382,858.7,121400,1086.79,89577,995.21,3582,6362,0.8483,77.989,1,116.472,0
2023-02-20,UT,314,87533.27,278.77,3400000,351577.0,2617.92,111608,684.75,124305,1111.82,62589,696.31,3103,5580,0.8926,70.826,1,117.428,0
2023-02-20,CA,318,91546.94,287.88,8200000,349882.0,2541.86,118130,724.99,116240,1036.02,88446,985.26,3774,5363,0.9006,51.68,1,116.509,0
2023-02-20,PN,253,69038.49,272.88,6100000,292651.0,2160.67,104968,642.45,96511,862.81,53161,591.02,3048,5224,0.9183,62.282,1,118.11,0
2023-02-20,NE,250,65535.06,262.14,7400000,262360.0,1907.77,96329,589.76,93172,831.73,48740,541.58,2999,4535,0.8441,62.13,1,118.76,0
2023-02-27,CO,303,83820.09,276.63,5800000,307636.0,2248.97,155897,957.9,123368,1105.54,99951,1113.44,3590,5550,0.8853,81.479,0,112.554,0
2023-02-27,UT,259,60966.26,235.39,3400000,267091.0,1975.01,105885,650.1,110169,983.88,63585,708.08,3013,4836,0.9217,76.959,0,110.864,0
2023-02-27,CA,255,72659.88,284.94,8200000,282005.0,2082.75,115618,705.07,112255,1001.87,75346,838.29,3252,5458,0.9147,47.783,0,111.333,0
2023-02-27,PN,242,63323.36,261.67,6100000,245948.0,1809.6,91184,559.7,102769,916.33,58886,655.9,2660,4836,0.8732,63.739,0,110.575,0
2023-02-27,NE,205,57274.43,279.39,7400000,204712.0,1500.68,101851,623.54,99095,885.28,41623,463.31,2504,4244,0.9317,66.345,0,111.767,0
2023-03-06,CO,284,73571.51,259.05,5800000,288223.0,2132.73,145370,889.47,117005,1042.42,92865,1033.44,3507,5385,0.882,82.083,0,111.356,0
2023-03-06,UT,258,73509.47,284.92,3400000,259439.0,1928.39,100134,616.05,100933,903.1,64832,721.31,3177,5411,0.8825,79.862,0,111.005,0
2023-03-06,CA,268,74065.5,276.36,8200000,271993.0,2000.44,107988,662.65,113880,1016.07,59367,660.47,2955,5344,0.8215,53.904,0,109.408,0
2023-03-06,PN,233,53458.93,229.44,6100000,246600.0,1822.45,97355,598.15,99241,886.47,54921,610.78,2869,5044,0.8491,61.371,0,109.043,0
2023-03-06,NE,211,50034.24,237.13,7400000,219032.0,1624.69,104173,640.35,95468,854.74,46910,523.04,2486,4095,0.8833,66.975,0,108.874,0
2023-03-13,CO,294,68224.22,232.06,5800000,304026.0,2224.48,162139,992.79,117305,1051.3,72924,811.92,3131,5893,0.8416,79.119,0,109.881,0
2023-03-13,UT,270,69450.4,257.22,3400000,271094.0,2017.32,118994,732.73,115013,1028.13,70360,782.81,3116,5176,0.9071,78.252,0,110.296,0
2023-03-13,CA,268,62451.68,233.03,8200000,287561.0,2138.96,113535,698.28,121339,1082.95,76864,855.62,2931,5155,0.8636,48.961,0,108.429,0
2023-03-13,PN,234,64369.01,275.08,6100000,255787.0,1872.95,117986,724.76,108767,972.1,56388,625.95,2681,4775,0.8581,66.276,0,110.12,0
2023-03-13,NE,218,51464.44,236.08,7400000,229030.0,1687.29,102837,629.6,80720,722.04,48491,539.87,2559,4418,0.8375,69.057,0,110.046,0
2023-03-20,CO,306,83949.49,274.34,5800000,307831.0,2258.75,137237,841.73,123150,1104.08,76538,852.47,3107,5706,0.8875,79.723,0,105.903,0
2023-03-20,UT,249,68363.43,274.55,3400000,265150.0,1948.49,112758,688.99,99687,892.37,60870,676.5,2836,5207,0.8474,80.553,0,107.404,0
2023-03-20,CA,262,59696.99,227.85,8200000,294351.0,2197.49,115585,712.11,115130,1027.18,75485,839.4,2999,5324,0.8496,54.487,0,106.389,0
2023-03-20,PN,234,61989.78,264.91,6100000,242342.0,1768.65,101859,625.59,106009,946.19,61304,682.02,3001,4638,0.8699,64.124,0,107.879,0
2023-03-20,NE,210,52250.02,248.81,7400000,230355.0,1681.95,89995,553.65,80179,715.7,41669,463.58,2468,4331,0.8646,65.267,0,108.099,0
2023-03-27,CO,346,77276.09,223.34,5800000,340883.0,2519.37,179665,1107.84,148041,1325.66,85985,958.73,3367,7659,0.8861,81.751,0,100.869,1
2023-03-27,UT,296,72772.03,245.85,3400000,297398.0,2206.96,116219,711.35,133164,1186.69,71346,791.99,3205,6796,0.863,76.438,0,99.096,1
2023-03-27,CA,301,65696.8,218.26,8200000,299850.0,2208.25,157613,966.06,140460,1255.78,84347,936.69,3533,7190,0.8532,54.986,0,100.831,1
2023-03-27,PN,272,63966.79,235.17,6100000,286669.0,2104.1,114422,703.44,122848,1097.88,57343,638.11,3152,6052,0.9207,59.879,0,99.31,1
2023-03-27,NE,244,51310.6,210.29,7400000,257890.0,1901.72,108747,663.86,121594,1084.61,59541,663.3,2899,5759,0.8944,70.424,0,99.742,1
2023-04-03,CO,287,68715.44,239.43,5800000,303168.0,2245.67,116485,714.13,117711,1055.18,91080,1012.73,3488,5621,0.9067,27.167,0,103.58,0
2023-04-03,UT,256,56630.67,221.21,3400000,276513.0,2055.47,114497,705.12,105576,939.27,66616,742.31,2705,5339,0.878,32.165,0,103.373,0
2023-04-03,CA,280,62791.3,224.25,8200000,284516.0,2081.47,101194,620.16,119881,1072.62,81737,909.39,3303,5368,0.8711,23.959,0,105.263,0
2023-04-03,PN,234,60575.17,258.87,6100000,257338.0,1900.18,105530,647.36,95389,852.72,51027,567.77,2563,4705,0.9041,24.165,0,103.059,0
2023-04-03,NE,198,43679.93,220.61,7400000,222723.0,1650.44,84462,518.39,86918,776.83,40952,456.01,2512,4499,0.8688,27.834,0,104.741,0
2023-04-10,CO,291,66183.75,227.44,5800000,292431.0,2132.39,140792,864.23,122617,1097.87,81025,902.41,3121,5250,0.8888,28.894,0,101.302,0
2023-04-10,UT,254,60572.11,238.47,3400000,272596.0,2028.57,108796,664.53,103586,925.46,62796,698.75,2792,4940,0.8697,30.206,0,103.124,0
2023-04-10,CA,267,64101.44,240.08,8200000,287407.0,2121.45,127761,781.91,122145,1091.94,68382,762.18,2949,5008,0.889,22.766,0,101.008,0
2023-04-10,PN,230,57458.75,249.82,6100000,230357.0,1689.27,112238,687.25,108272,966.84,56024,622.82,2601,4954,0.8929,25.016,0,102.031,0
2023-04-10,NE,214,47877.79,223.73,7400000,225652.0,1654.65,98792,604.27,96306,861.27,49275,548.2,2414,4250,0.8977,28.375,0,102.286,0
2023-04-17,CO,285,70769.24,248.31,5800000,285534.0,2108.79,143437,882.44,118232,1054.12,72334,804.98,2985,5202,0.8993,27.51,0,101.176,0
2023-04-17,UT,239,52236.51,218.56,3400000,255745.0,1870.63,107326,660.18,113194,1011.46,56643,630.06,2978,4996,0.9314,29.923,0,101.433,0
2023-04-17,CA,269,57244.79,212.81,8200000,284170.0,2074.86,120363,739.02,114753,1023.44,62557,695.78,2862,5347,0.9339,20.698,0,99.752,0
2023-04-17,PN,210,50511.05,240.53,6100000,224621.0,1643.72,102342,625.07,102351,915.69,55919,621.95,2834,4536,0.8864,24.674,0,101.26,0
2023-04-17,NE,207,53480.01,258.36,7400000,219669.0,1624.17,96445,592.26,94770,847.31,46853,521.53,2468,3998,0.8882,30.306,0,100.763,0
2023-04-24,CO,261,65126.01,249.52,5800000,278030.0,2054.92,142248,876.53,102140,912.2,71035,790.26,3074,5810,0.8688,28.277,0,98.411,0
2023-04-24,UT,246,60224.47,244.81,3400000,259877.0,1903.81,111509,689.1,110894,992.84,58621,652.75,2677,4746,0.8673,26.158,0,97.846,0
2023-04-24,CA,256,53285.54,208.15,8200000,275167.0,2033.29,102491,629.39,99582,891.22,71894,799.03,3087,5236,0.9024,21.935,0,97.74,0
2023-04-24,PN,233,59558.46,255.62,6100000,248221.0,1815.67,101490,621.73,97173,867.14,49963,555.97,2467,4516,0.8851,24.065,0,100.113,0
2023-04-24,NE,202,47823.32,236.75,7400000,208697.0,1549.42,82606,506.88,89758,802.2,45604,507.87,2463,4279,0.9027,25.91,0,99.797,0
2023-05-01,CO,266,59352.69,223.13,5800000,261902.0,1929.87,137594,849.72,118250,1059.72,87709,976.97,3268,5278,0.8768,30.195,0,96.073,0
2023-05-01,UT,255,59888.18,234.86,3400000,272514.0,1997.69,110597,678.55,95096,848.5,57785,641.54,2806,4855,0.8955,29.781,0,97.468,0
2023-05-01,CA,259,65329.21,252.24,8200000,262526.0,1952.32,129027,794.03,114163,1022.29,68805,766.0,2790,5301,0.8821,26.538,0,97.332,0
2023-05-01,PN,218,47186.6,216.45,6100000,240054.0,1786.7,88330,541.95,93647,839.56,62194,692.01,2562,4416,0.8819,24.415,0,96.473,0
2023-05-01,NE,199,45393.5,228.11,7400000,221967.0,1630.07,93251,573.26,89898,804.98,44991,500.6,2478,4117,0.8642,25.327,0,98.423,0
2023-05-08,CO,266,59102.51,222.19,5800000,271441.0,1978.42,124216,765.89,112020,998.28,68635,763.75,3005,5657,0.9108,25.838,0,96.436,0
2023-05-08,UT,214,44198.06,206.53,3400000,228356.0,1687.11,120110,736.54,101443,909.32,62257,692.14,2674,4809,0.9128,26.844,0,95.206,0
2023-05-08,CA,255,55663.63,218.29,8200000,265972.0,1971.55,116110,708.08,98380,877.61,73100,814.57,3046,4959,0.8671,19.258,0,94.984,0
2023-05-08,PN,208,44730.55,215.05,6100000,225955.0,1667.05,98508,604.96,97505,872.19,48160,535.92,2380,4183,0.8617,23.57,0,95.937,0
2023-05-08,NE,197,39320.26,199.6,7400000,206497.0,1509.15,89034,548.73,76917,685.98,41469,461.53,2460,4031,0.8796,22.305,0,94.508,0
2023-05-15,CO,264,59857.41,226.73,5800000,283953.0,2090.22,115920,710.97,97059,867.45,76630,851.37,3124,5395,0.9043,30.63,0,93.591,0
2023-05-15,UT,232,53012.19,228.5,3400000,246603.0,1798.46,112967,696.18,96949,863.25,55595,619.25,2710,4621,0.8615,30.126,0,95.247,0
2023-05-15,CA,253,60370.63,238.62,8200000,264474.0,1949.45,107965,664.75,102959,918.81,73700,820.91,2998,4880,0.8418,23.029,0,95.358,0
2023-05-15,PN,222,51749.63,233.11,6100000,232682.0,1702.97,95830,586.48,86132,769.45,49756,553.06,2462,4108,0.8788,26.121,0,93.573,0
2023-05-15,NE,187,38463.83,205.69,7400000,200132.0,1456.25,98411,604.04,87899,785.26,41593,461.83,2166,4214,0.8409,28.488,0,95.431,0
2023-05-22,CO,255,56329.0,220.9,5800000,265005.0,1954.07,148195,909.59,106397,950.6,83006,923.65,3191,5212,0.8561,29.25,0,93.471,0
2023-05-22,UT,241,52740.91,218.84,3400000,260140.0,1923.2,109873,675.59,108623,970.53,58036,645.05,2526,4323,0.8288,24.881,0,93.024,0
2023-05-22,CA,234,48066.31,205.41,8200000,256447.0,1881.08,107895,663.94,100345,895.98,66233,738.43,2749,5142,0.9006,23.683,0,93.139,0
2023-05-22,PN,213,44514.45,208.99,6100000,227168.0,1668.16,109215,672.78,90851,812.46,53999,602.06,2693,4327,0.8499,22.89,0,92.791,0
2023-05-22,NE,186,42955.91,230.95,7400000,204011.0,1509.17,89589,549.57,73350,654.9,36138,401.91,2075,3746,0.8706,27.816,0,93.687,0
2023-05-29,CO,307,75311.03,245.31,5800000,362417.0,2665.78,131428,805.28,121346,1085.78,76686,852.98,3140,5382,0.8556,28.159,1,97.565,0
2023-05-29,UT,256,51180.28,199.92,3400000,275459.0,2016.05,109286,674.69,98315,879.64,74316,826.6,2871,4796,0.8784,25.599,1,94.784,0
2023-05-29,CA,275,59901.03,217.82,8200000,312876.0,2311.37,133668,819.32,99972,893.24,65972,734.77,3110,5010,0.8182,18.927,1,96.448,0
2023-05-29,PN,238,59889.0,251.63,6100000,265608.0,1932.73,100075,611.26,81470,727.97,65433,728.78,2820,4204,0.857,23.757,1,96.959,0
2023-05-29,NE,211,44669.36,211.7,7400000,232327.0,1696.52,81586,499.03,80619,718.36,38647,429.96,2175,3821,0.889,24.701,1,96.513,0
2023-06-05,CO,255,53668.51,210.46,5800000,254573.0,1849.15,135249,832.05,103335,924.9,86401,961.81,3104,5220,0.8294,24.537,0,91.925,0
2023-06-05,UT,229,46094.86,201.29,3400000,248938.0,1832.46,108487,663.6,95927,855.71,53105,591.28,2462,4500,0.8723,28.871,0,91.95,0
2023-06-05,CA,227,45591.06,200.84,8200000,247267.0,1840.49,118940,728.11,88552,792.0,55219,614.05,2674,4601,0.8264,22.559,0,91.35,0
2023-06-05,PN,210,46970.83,223.67,6100000,221104.0,1615.04,106149,653.02,83080,743.03,53688,596.83,2540,4307,0.8054,22.981,0,90.968,0
2023-06-05,NE,172,34693.65,201.71,7400000,190024.0,1409.32,96194,591.0,76539,682.95,41454,461.29,2342,3741,0.8448,27.092,0,91.292,0
2023-06-12,CO,251,57256.8,228.11,5800000,270774.0,1985.22,122072,752.63,111155,993.28,68375,762.24,2882,4840,0.825,26.239,0,90.674,0
2023-06-12,UT,219,46101.57,210.51,3400000,248145.0,1830.49,111616,686.65,98777,882.13,53070,590.79,2499,4505,0.785,26.366,0,89.636,0
2023-06-12,CA,220,47897.38,217.72,8200000,229924.0,1695.25,102824,630.88,89599,801.14,63524,708.06,2540,4390,0.8425,22.508,0,90.066,0
2023-06-12,PN,198,42084.59,212.55,6100000,210235.0,1550.8,107415,661.55,86131,770.87,47320,526.65,2418,4255,0.8584,25.053,0,88.836,0
2023-06-12,NE,187,38214.56,204.36,7400000,204391.0,1503.84,88701,541.12,75867,675.94,45103,502.99,2214,3622,0.8311,25.94,0,88.714,0
2023-06-19,CO,249,57024.9,229.02,5800000,253669.0,1862.6,125588,765.23,92898,830.79,71770,799.9,2864,4655,0.8198,23.4,0,90.288,0
2023-06-19,UT,199,42221.94,212.17,3400000,209691.0,1551.47,114027,697.59,92417,826.51,51777,575.59,2456,4040,0.8033,22.082,0,88.561,0
2023-06-19,CA,232,44977.35,193.87,8200000,258865.0,1903.18,101836,624.58,87259,778.3,49037,544.95,2460,4329,0.7719,19.945,0,87.907,0
2023-06-19,PN,206,46312.97,224.82,6100000,210732.0,1547.99,99116,609.32,87096,776.63,48808,541.85,2283,4137,0.8351,22.437,0,90.431,0
2023-06-19,NE,173,35879.92,207.4,7400000,187346.0,1391.94,81678,500.33,70148,627.15,35905,399.57,2045,3368,0.8325,26.091,0,88.151,0
2023-06-26,CO,222,41265.86,185.88,5800000,245338.0,1806.58,128705,791.48,99432,892.03,67198,748.23,2589,5071,0.7719,26.248,0,88.126,0
2023-06-26,UT,211,45777.76,216.96,3400000,225043.0,1647.25,107919,665.5,83848,748.98,52403,583.77,2558,4390,0.7518,21.615,0,88.675,0
2023-06-26,CA,224,48549.96,216.74,8200000,239964.0,1764.67,129122,792.59,95937,856.18,56047,623.34,2483,4628,0.8217,21.247,0,87.742,0
2023-06-26,PN,186,35795.69,192.45,6100000,200440.0,1479.88,104244,639.3,74830,667.44,51628,574.35,2482,3962,0.8036,24.875,0,89.043,0
2023-06-26,NE,179,39798.6,222.34,7400000,187344.0,1387.35,84776,518.09,71441,637.91,41204,458.4,2001,3380,0.8178,25.488,0,89.712,0
2023-07-03,CO,262,53177.71,202.97,5800000,250776.0,1830.27,149889,915.67,125452,1119.84,79541,885.3,2607,5700,0.81,22.072,0,81.942,1
2023-07-03,UT,235,43481.38,185.03,3400000,236981.0,1746.03,153163,940.28,95377,852.29,59287,659.99,2537,5336,0.857,19.529,0,80.338,1
2023-07-03,CA,245,44511.32,181.68,8200000,244105.0,1788.44,146020,900.23,120124,1073.36,61909,689.51,2509,5697,0.8191,18.004,0,81.889,1
2023-07-03,PN,226,42197.87,186.72,6100000,221619.0,1620.37,126547,774.72,96003,855.99,50994,567.93,2238,4544,0.7836,19.489,0,82.276,1
2023-07-03,NE,204,36882.22,180.8,7400000,206933.0,1528.98,115663,707.35,97029,868.04,34528,384.24,1877,4058,0.7938,24.294,0,82.741,1
2023-07-10,CO,222,47874.89,215.65,5800000,227215.0,1673.08,121415,745.98,89948,803.9,62515,696.37,2553,4553,0.7753,23.35,0,89.306,0
2023-07-10,UT,216,46295.41,214.33,3400000,232038.0,1704.22,102619,627.73,88095,789.0,41409,460.46,2076,4005,0.8404,20.808,0,87.839,0
2023-07-10,CA,220,48367.34,219.85,8200000,239444.0,1758.34,124333,764.11,86143,770.04,64884,721.4,2393,4315,0.7666,18.95,0,86.727,0
2023-07-10,PN,188,35222.03,187.35,6100000,200119.0,1458.59,113581,697.78,77911,694.11,52411,582.1,2226,3883,0.832,18.757,0,87.477,0
2023-07-10,NE,152,29190.7,192.04,7400000,170594.0,1245.85,102153,626.65,72446,648.6,42397,472.54,2013,3470,0.7845,20.202,0,88.677,0
2023-07-17,CO,224,45406.95,202.71,5800000,256201.0,1888.92,108938,667.53,90387,808.34,70299,783.21,2560,4672,0.7527,18.967,0,87.073,0
2023-07-17,UT,194,40235.77,207.4,3400000,218283.0,1620.89,108958,666.95,86310,769.53,53965,600.74,2143,4134,0.7871,18.625,0,88.599,0
2023-07-17,CA,208,42081.71,202.32,8200000,217745.0,1599.22,124905,764.84,87484,782.52,59708,664.03,2363,4437,0.7933,21.186,0,88.435,0
2023-07-17,PN,175,33750.33,192.86,6100000,197172.0,1454.35,100589,613.58,81068,724.68,45960,510.55,2119,3644,0.7697,19.138,0,89.308,0
2023-07-17,NE,163,31536.03,193.47,7400000,162760.0,1199.15,91903,560.98,71381,638.08,31883,354.68,1756,3154,0.7874,24.337,0,87.827,0
2023-07-24,CO,206,47222.77,229.24,5800000,232264.0,1704.1,119263,733.52,95138,851.23,70199,781.61,2631,4503,0.7252,21.151,0,89.518,0
2023-07-24,UT,182,34477.19,189.44,3400000,190099.0,1397.43,112699,691.89,81560,726.16,59491,662.37,2240,3911,0.7406,22.383,0,87.465,0
2023-07-24,CA,216,44827.1,207.53,8200000,217004.0,1591.15,114261,700.97,79328,708.21,52733,587.37,2201,4345,0.7731,17.912,0,88.995,0
2023-07-24,PN,183,41699.29,227.86,6100000,178459.0,1309.23,97413,597.79,70695,630.63,46522,516.49,2062,3709,0.7645,20.261,0,88.823,0
2023-07-24,NE,156,35167.78,225.43,7400000,173368.0,1275.27,84514,521.13,67755,605.09,32085,356.89,1717,3207,0.7447,20.891,0,87.603,0
2023-07-31,CO,200,41600.82,208.0,5800000,218627.0,1613.85,138185,848.62,99336,888.77,59032,656.44,2438,4346,0.747,19.09,0,87.404,0
2023-07-31,UT,196,42476.06,216.71,3400000,211981.0,1552.89,96712,591.3,83562,747.78,49269,549.11,2298,3974,0.7353,18.33,0,88.501,0
2023-07-31,CA,191,39754.15,208.14,8200000,211069.0,1555.93,112519,692.53,86073,770.46,58462,649.1,2447,4090,0.7639,16.647,0,87.951,0
2023-07-31,PN,177,33944.75,191.78,6100000,195010.0,1436.37,89646,550.62,73639,659.3,43044,478.88,2056,3669,0.7211,16.387,0,88.995,0
2023-07-31,NE,144,33574.64,233.16,7400000,157092.0,1147.55,84518,515.77,76673,684.9,35096,390.18,1743,3226,0.7092,22.122,0,89.731,0
2023-08-07,CO,233,48608.75,208.62,5800000,233458.0,1718.3,124559,766.47,95889,858.8,70714,787.42,2552,4617,0.7214,16.551,0,87.722,0
2023-08-07,UT,170,36080.59,212.24,3400000,181161.0,1336.1,115146,709.17,76126,680.59,48990,544.95,2060,3895,0.749,17.335,0,89.627,0
2023-08-07,CA,194,40781.52,210.21,8200000,208748.0,1545.27,110887,684.19,88257,786.07,52502,585.49,2203,3980,0.6925,19.734,0,90.892,0
2023-08-07,PN,174,33530.42,192.7,6100000,190291.0,1414.48,102856,630.68,68860,613.77,45478,506.74,1931,3843,0.7233,22.079,0,89.628,0
2023-08-07,NE,160,30141.33,188.38,7400000,182525.0,1341.91,88830,546.21,61926,551.96,38843,432.12,1821,3306,0.7479,20.471,0,88.205,0
2023-08-14,CO,207,43337.33,209.36,5800000,220909.0,1616.0,136011,833.18,83187,742.58,55966,622.34,2317,4415,0.6658,16.312,0,91.321,0
2023-08-14,UT,195,39315.46,201.62,3400000,189456.0,1388.97,117294,718.71,78480,702.39,54688,609.47,2192,3804,0.6601,23.135,0,89.448,0
2023-08-14,CA,189,42575.77,225.27,8200000,217686.0,1600.91,111187,677.06,77472,691.62,64078,712.97,2321,4049,0.6627,22.009,0,91.421,0
2023-08-14,PN,175,38677.33,221.01,6100000,190505.0,1406.65,106270,651.92,82218,734.37,41585,462.6,1884,3448,0.6941,23.358,0,91.526,0
2023-08-14,NE,155,32102.58,207.11,7400000,172945.0,1261.09,101931,625.84,73395,655.59,33910,377.42,1673,3159,0.6995,20.05,0,89.475,0
2023-08-21,CO,206,41339.6,200.68,5800000,215450.0,1574.41,125951,768.4,92144,824.6,60428,671.36,2473,4216,0.6836,15.764,0,89.956,0
2023-08-21,UT,168,32086.57,190.99,3400000,193330.0,1428.47,109292,672.91,74892,669.86,45608,507.57,2005,4054,0.6861,22.05,0,89.916,0
2023-08-21,CA,185,35203.13,190.29,8200000,197559.0,1452.63,98892,607.62,79603,710.04,59223,659.61,2278,4253,0.6735,15.434,0,90.215,0
2023-08-21,PN,160,36650.4,229.06,6100000,168610.0,1240.57,101361,621.31,77660,695.27,38041,423.54,2073,3344,0.7135,18.445,0,90.232,0
2023-08-21,NE,160,32782.3,204.89,7400000,165701.0,1215.15,89002,542.85,62203,555.83,33838,377.05,1730,3093,0.6841,19.173,0,91.929,0
2023-08-28,CO,211,43454.09,205.94,5800000,232507.0,1713.97,114056,696.97,87395,777.87,68548,762.58,2580,4353,0.6407,19.117,0,93.524,0
2023-08-28,UT,185,43624.48,235.81,3400000,194480.0,1438.63,102679,631.64,70346,629.04,44469,495.86,2020,3804,0.6903,18.924,0,92.22,0
2023-08-28,CA,178,41457.41,232.91,8200000,192255.0,1419.8,113752,697.42,89140,795.62,64475,716.57,2431,3821,0.6652,15.102,0,92.435,0
2023-08-28,PN,154,35559.42,230.91,6100000,183533.0,1352.96,103406,634.6,65078,581.61,46668,518.56,2099,3659,0.6774,20.418,0,92.603,0
2023-08-28,NE,155,37510.94,242.01,7400000,166937.0,1215.11,86687,528.32,68536,610.7,31635,351.85,1754,3348,0.6212,18.599,0,94.05,0
2023-09-04,CO,220,46519.91,211.45,5800000,284665.0,2121.77,130911,801.55,103744,927.02,57207,636.96,2521,4460,0.5916,16.963,1,97.607,0
2023-09-04,UT,211,45449.06,215.4,3400000,245306.0,1810.5,98262,601.15,86806,775.51,51296,570.72,2245,4124,0.5987,22.698,1,97.01,0
2023-09-04,CA,222,51097.87,230.17,8200000,265619.0,1958.35,115827,712.46,93601,836.26,66863,744.13,2429,4537,0.6148,15.66,1,97.127,0
2023-09-04,PN,211,46646.55,221.07,6100000,234515.0,1720.5,104249,641.24,84164,751.0,49769,553.27,2341,3518,0.6051,21.17,1,99.836,0
2023-09-04,NE,168,40522.24,241.2,7400000,209721.0,1546.18,82800,505.87,68598,610.72,31171,346.84,1825,3305,0.5821,21.122,1,97.18,0
2023-09-11,CO,203,42350.42,208.62,5800000,225782.0,1663.2,124719,763.89,80254,717.88,62044,689.71,2660,4174,0.6044,18.143,0,94.663,0
2023-09-11,UT,161,39442.99,244.99,3400000,193772.0,1429.51,108700,667.78,75351,672.84,60234,669.76,2401,3549,0.5611,19.905,0,94.998,0
2023-09-11,CA,191,39163.72,205.05,8200000,226168.0,1670.25,112600,687.52,81797,732.58,54247,603.01,2225,4028,0.576,18.469,0,95.066,0
2023-09-11,PN,160,34690.55,216.82,6100000,187334.0,1386.2,107259,660.31,74254,662.84,40168,447.29,2079,3577,0.5633,22.558,0,94.339,0
2023-09-11,NE,144,35306.73,245.19,7400000,164933.0,1217.91,99034,608.81,70824,633.56,39228,436.53,1980,3332,0.5691,16.062,0,94.863,0
2023-09-18,CO,206,44294.07,215.02,5800000,235133.0,1751.25,132583,813.14,88181,789.64,65175,724.28,2362,4489,0.5732,18.655,0,96.898,0
2023-09-18,UT,179,44506.08,248.64,3400000,185045.0,1360.08,104835,640.3,78591,704.72,51637,574.3,2300,3885,0.5395,19.02,0,97.029,0
2023-09-18,CA,187,41136.32,219.98,8200000,200934.0,1482.5,101070,621.09,84247,751.98,57621,641.17,2368,4259,0.5612,14.648,0,95.734,0
2023-09-18,PN,178,38761.38,217.76,6100000,195326.0,1427.65,102153,630.72,75217,674.5,41712,463.15,2068,3691,0.544,20.89,0,98.066,0
2023-09-18,NE,148,30608.86,206.82,7400000,178356.0,1312.4,83673,511.44,65079,580.95,32118,357.31,1872,3367,0.5664,21.975,0,96.354,0
2023-09-25,CO,197,48961.5,248.54,5800000,229132.0,1694.84,124786,769.94,85860,764.87,61610,684.49,2567,4232,0.5286,20.151,0,98.122,0
2023-09-25,UT,173,41935.34,242.4,3400000,203416.0,1512.93,107142,660.96,82793,741.79,56521,628.82,2367,3664,0.5698,20.253,0,98.646,0
2023-09-25,CA,181,42558.72,235.13,8200000,225672.0,1647.64,111331,677.86,87043,776.05,54596,607.52,2321,4023,0.5904,17.398,0,98.482,0
2023-09-25,PN,172,37149.4,215.98,6100000,188929.0,1385.43,93757,572.36,75973,681.64,39236,436.55,1994,3686,0.5806,15.168,0,97.5,0
2023-09-25,NE,156,39542.83,253.48,7400000,182078.0,1345.06,82012,501.81,69065,618.46,33575,373.91,1933,3305,0.5706,21.888,0,98.134,0
2023-10-02,CO,216,46445.66,215.03,5800000,221698.0,1628.65,132230,810.32,95915,855.14,59868,666.34,2579,4200,0.5767,18.292,0,98.539,0
2023-10-02,UT,172,42344.81,246.19,3400000,195798.0,1457.71,116991,716.31,83582,746.39,54428,605.56,2360,3988,0.5503,19.43,0,101.76,0
2023-10-02,CA,185,47126.19,254.74,8200000,218915.0,1607.63,109950,678.64,82911,742.96,48790,542.39,2214,4152,0.5524,20.443,0,101.021,0
2023-10-02,PN,172,36746.93,213.64,6100000,181134.0,1336.72,100418,613.46,80611,720.91,44178,492.5,2160,3803,0.5837,17.452,0,100.196,0
2023-10-02,NE,149,37766.33,253.47,7400000,171698.0,1270.09,97137,594.79,68673,613.14,31607,351.75,1985,3329,0.5286,22.21,0,99.1,0
2023-10-09,CO,182,47864.22,262.99,5800000,226476.0,1663.75,133320,820.3,102955,920.31,61909,690.1,2571,4199,0.544,19.878,0,102.982,0
2023-10-09,UT,177,43356.67,244.95,3400000,189149.0,1394.57,95556,585.28,72763,649.35,47041,523.43,2188,3756,0.5738,22.648,0,101.941,0
2023-10-09,CA,207,48329.21,233.47,8200000,219164.0,1620.96,119644,737.61,88595,790.0,69938,778.29,2621,4431,0.5767,19.815,0,100.679,0
2023-10-09,PN,171,43545.52,254.65,6100000,176737.0,1305.88,104497,638.23,77841,696.88,43524,483.63,2064,3487,0.539,21.489,0,102.737,0
2023-10-09,NE,139,35005.29,251.84,7400000,157583.0,1161.12,86320,527.81,74774,668.25,34597,385.24,1794,3123,0.5571,18.559,0,102.971,0
2023-10-16,CO,203,53387.77,262.99,5800000,234247.0,1724.09,127963,782.65,92863,831.04,69598,774.49,2624,4524,0.5648,15.729,0,104.332,0
2023-10-16,UT,202,51005.67,252.5,3400000,222541.0,1633.32,106463,650.34,72744,650.1,53334,593.64,2453,4266,0.5075,18.934,0,104.817,0
2023-10-16,CA,182,43692.26,240.07,8200000,201083.0,1474.44,108319,661.04,96663,863.63,59955,667.64,2380,4007,0.5007,16.15,0,104.088,0
2023-10-16,PN,176,41077.41,233.39,6100000,194833.0,1435.37,107383,657.89,78207,699.27,39859,443.42,2027,3982,0.5424,15.908,0,103.229,0
2023-10-16,NE,156,38417.3,246.26,7400000,170732.0,1266.69,93523,576.12,71537,640.6,34027,378.96,2032,3332,0.5233,17.822,0,105.035,0
2023-10-23,CO,224,48221.69,215.28,5800000,256008.0,1870.9,115828,712.97,95522,856.04,63144,702.49,2581,5714,0.5352,20.677,0,99.747,1
2023-10-23,UT,193,48933.49,253.54,3400000,204611.0,1507.59,109791,670.94,94335,842.4,54048,601.81,2644,5128,0.5378,22.249,0,98.144,1
2023-10-23,CA,216,54740.69,253.43,8200000,225849.0,1672.56,130695,801.52,100332,896.28,54793,610.18,2436,5280,0.5183,15.645,0,99.621,1
2023-10-23,PN,208,49413.56,237.57,6100000,228473.0,1680.94,105374,650.67,83816,747.38,47196,525.46,2403,4849,0.5353,16.484,0,98.349,1
2023-10-23,NE,166,38802.71,233.75,7400000,191737.0,1414.35,101827,625.93,77666,694.68,44862,499.11,2102,4000,0.5672,16.181,0,98.089,1
2023-10-30,CO,208,54731.21,263.13,5800000,231450.0,1704.92,126151,773.26,100915,901.09,71164,791.73,2734,4937,0.5529,20.919,0,106.138,0
2023-10-30,UT,181,41823.38,231.07,3400000,209158.0,1538.62,111127,684.55,79689,710.71,53139,591.63,2208,4243,0.5817,18.638,0,106.846,0
2023-10-30,CA,206,55346.69,268.67,8200000,234139.0,1721.15,110852,684.09,95907,859.12,62049,690.85,2757,4425,0.5398,22.38,0,105.892,0
2023-10-30,PN,174,41392.45,237.89,6100000,205098.0,1508.51,114947,705.93,81110,724.2,39759,442.45,2061,3734,0.5748,17.839,0,106.463,0
2023-10-30,NE,154,41160.86,267.28,7400000,188200.0,1397.2,83532,513.89,69825,624.18,39551,440.04,2017,3355,0.5419,21.429,0,106.697,0
2023-11-06,CO,223,55316.92,248.06,5800000,261272.0,1910.73,126784,779.81,94867,848.52,64394,717.41,2709,4896,0.5852,30.198,0,107.379,0
2023-11-06,UT,195,55030.48,282.21,3400000,219171.0,1596.59,122567,751.02,97092,867.83,52978,590.09,2425,4286,0.5412,35.939,0,110.139,0
2023-11-06,CA,211,49410.55,234.17,8200000,232101.0,1722.93,119839,731.46,92600,827.69,57564,639.31,2733,4728,0.5484,25.737,0,108.225,0
2023-11-06,PN,183,51226.07,279.92,6100000,200334.0,1458.92,102112,628.91,81664,731.91,47253,525.28,2419,3846,0.5477,28.751,0,109.903,0
2023-11-06,NE,168,42572.93,253.41,7400000,190475.0,1394.56,82929,506.61,73458,655.53,39878,444.1,2117,3610,0.5656,31.933,0,108.677,0
2023-11-13,CO,238,65614.18,275.69,5800000,273467.0,2003.45,118835,731.36,92457,825.84,65901,734.62,2821,5021,0.5382,33.676,0,109.438,0
2023-11-13,UT,192,48773.31,254.03,3400000,216694.0,1590.28,114248,699.01,96394,860.67,47672,531.73,2294,4141,0.5218,35.701,0,109.276,0
2023-11-13,CA,206,49866.33,242.07,8200000,242446.0,1800.0,106362,652.85,98687,880.03,56151,624.6,2801,4392,0.5518,27.088,0,109.058,0
2023-11-13,PN,164,44883.66,273.68,6100000,217292.0,1601.79,100120,613.13,83196,745.74,50869,566.41,2443,3761,0.5228,31.502,0,110.357,0
2023-11-13,NE,157,44196.15,281.5,7400000,180915.0,1317.16,91519,564.32,73486,653.58,37557,417.23,1928,3372,0.5314,35.4,0,110.072,0
2023-11-20,CO,312,88192.88,282.67,5800000,346620.0,2546.1,155028,946.59,156440,1398.49,97438,1085.2,3485,6875,0.6035,36.877,1,109.217,1
2023-11-20,UT,293,80203.48,273.73,3400000,314416.0,2338.48,143959,885.54,126220,1130.33,68554,762.19,3128,5998,0.6106,40.26,1,108.233,1
2023-11-20,CA,303,73161.83,241.46,8200000,341470.0,2491.5,149029,914.07,135094,1205.25,69941,778.47,3251,6045,0.5615,27.402,1,108.632,1
2023-11-20,PN,276,63922.71,231.6,6100000,323021.0,2377.45,125296,763.56,128190,1146.31,59035,657.27,2946,5642,0.5896,35.582,1,110.153,1
2023-11-20,NE,217,59872.86,275.91,7400000,237681.0,1748.3,113017,695.76,117144,1046.42,46598,518.2,2522,4799,0.5791,38.672,1,108.495,1
2023-11-27,CO,252,73180.82,290.4,5800000,321185.0,2367.65,129775,791.52,106232,949.56,74795,831.32,2934,5083,0.5634,42.804,1,117.531,0
2023-11-27,UT,255,69305.4,271.79,3400000,294654.0,2178.83,112426,688.0,93182,832.12,66489,741.35,2995,4808,0.6136,44.619,1,116.627,0
2023-11-27,CA,240,66732.42,278.05,8200000,284998.0,2107.19,118893,732.57,96791,865.51,77715,865.04,3034,5207,0.6214,27.544,1,118.289,0
2023-11-27,PN,234,63975.76,273.4,6100000,270870.0,2011.6,98103,598.74,87562,782.28,50573,562.91,2369,4122,0.5694,37.241,1,118.49,0
2023-11-27,NE,210,58682.72,279.44,7400000,257540.0,1879.84,107436,658.73,77901,693.84,43871,487.62,2195,3888,0.5968,37.264,1,116.156,0
2023-12-04,CO,287,77825.16,271.17,5800000,305665.0,2283.44,162446,989.5,140476,1258.46,81850,911.11,3390,6103,0.641,46.049,0,105.798,1
2023-12-04,UT,243,58521.13,240.83,3400000,251309.0,1859.1,122286,752.27,123026,1095.63,63121,703.58,3012,5642,0.6518,46.815,0,107.01,1
2023-12-04,CA,263,71715.96,272.68,8200000,290220.0,2143.91,149217,911.0,128130,1147.03,78631,875.38,3467,6484,0.6986,31.527,0,107.85,1
2023-12-04,PN,228,62736.72,275.16,6100000,250529.0,1860.21,130818,806.32,120135,1072.21,55075,612.39,2875,5078,0.6837,37.106,0,106.293,1
2023-12-04,NE,211,50967.63,241.55,7400000,226293.0,1672.14,128900,791.45,104647,935.7,39066,434.62,2329,5053,0.6414,38.099,0,107.054,1
2023-12-11,CO,236,70044.76,296.8,5800000,253718.0,1851.0,138614,855.89,104166,931.91,78658,875.5,3249,5577,0.6424,45.503,0,115.161,0
2023-12-11,UT,228,56632.12,248.39,3400000,248605.0,1831.65,119000,733.05,100602,898.14,59983,666.76,2972,4352,0.7112,44.293,0,114.736,0
2023-12-11,CA,228,65293.44,286.37,8200000,255328.0,1863.5,129860,794.9,105526,944.6,60425,672.15,3067,5300,0.6583,31.969,0,113.396,0
2023-12-11,PN,212,63405.6,299.08,6100000,246146.0,1811.19,102894,630.01,93861,839.16,62467,694.76,2805,4224,0.6529,38.432,0,115.794,0
2023-12-11,NE,176,52662.77,299.22,7400000,202271.0,1470.97,96142,588.07,84608,755.05,38010,423.26,2216,4170,0.6453,45.298,0,115.162,0
2023-12-18,CO,250,66524.81,266.1,5800000,279347.0,2066.53,138878,853.25,114456,1022.61,71479,796.1,3404,5227,0.7071,49.907,0,115.807,0
2023-12-18,UT,226,62486.03,276.49,3400000,249019.0,1824.36,128147,786.24,95380,852.04,62889,699.94,3063,4559,0.6935,49.832,0,116.225,0
2023-12-18,CA,230,66579.55,289.48,8200000,266559.0,1961.75,107516,658.9,100068,893.86,83418,928.32,3209,4812,0.6868,36.665,0,113.415,0
2023-12-18,PN,198,50950.34,257.32,6100000,234984.0,1743.98,111014,680.57,97336,868.96,47719,530.69,2554,4691,0.72,41.26,0,113.967,0
2023-12-18,NE,181,47628.21,263.14,7400000,205949.0,1523.44,92204,562.55,86800,776.55,45831,510.16,2513,3851,0.7121,47.023,0,113.418,0
2023-12-25,CO,301,88628.3,294.45,5800000,345402.0,2542.12,148287,913.38,111535,994.44,67012,745.95,3331,5681,0.7276,52.889,1,118.713,0
2023-12-25,UT,272,78793.04,289.68,3400000,319547.0,2370.48,106573,650.35,103805,924.61,67323,749.38,3446,5258,0.7212,49.855,1,119.171,0
2023-12-25,CA,282,84467.07,299.53,8200000,354229.0,2616.5,129194,794.42,114992,1028.91,87961,977.08,3653,5411,0.7055,42.524,1,121.294,0
2023-12-25,PN,267,82752.42,309.93,6100000,317853.0,2336.64,113255,695.1,95756,852.87,55719,619.63,2824,4520,0.708,42.901,1,120.901,0
2023-12-25,NE,217,61246.5,282.24,7400000,269313.0,2002.47,96538,590.37,97501,872.05,52962,589.16,2671,4341,0.7115,46.302,1,118.464,0
2024-01-01,CO,375,107212.77,285.9,5800000,413010.0,3025.72,182811,1118.31,142009,1267.3,88411,983.69,4292,7767,0.7522,61.693,1,114.974,1
2024-01-01,UT,305,75234.88,246.67,3400000,348700.0,2556.16,150096,921.55,130726,1165.5,60016,667.71,3328,6821,0.7647,60.294,1,114.25,1
2024-01-01,CA,334,97043.88,290.55,8200000,386825.0,2855.39,137108,838.92,147851,1317.71,81824,908.7,3673,7192,0.7497,40.176,1,112.856,1
2024-01-01,PN,282,74588.35,264.5,6100000,331309.0,2442.18,115586,708.95,131012,1170.97,63166,702.12,3466,5900,0.7608,50.09,1,115.564,1
2024-01-01,NE,268,74353.02,277.44,7400000,318555.0,2336.48,109443,668.3,126275,1128.65,54050,601.55,2983,5922,0.7159,53.558,1,115.412,1
2024-01-08,CO,277,78373.33,282.94,5800000,298815.0,2206.24,128727,791.35,121561,1084.56,71717,798.47,3303,5334,0.7928,63.79,0,114.051,0
2024-01-08,UT,244,71399.19,292.62,3400000,257089.0,1889.42,118423,728.12,104323,931.73,65879,732.96,3270,5103,0.751,61.748,0,114.688,0
2024-01-08,CA,250,68442.05,273.77,8200000,283246.0,2076.49,120692,738.51,110678,986.86,74108,825.32,3093,5158,0.7361,45.652,0,116.261,0
2024-01-08,PN,227,57249.96,252.2,6100000,257024.0,1890.97,113666,698.69,104405,934.19,53208,592.7,2917,4357,0.7735,48.169,0,114.256,0
2024-01-08,NE,189,48843.53,258.43,7400000,209454.0,1543.8,94157,580.22,81070,722.49,51346,570.97,2571,4062,0.7273,50.936,0,115.345,0
2024-01-15,CO,271,70101.55,258.68,5800000,291929.0,2161.27,132878,813.5,124635,1110.76,90859,1010.9,3623,5409,0.783,66.271,0,116.91,0
2024-01-15,UT,249,70510.19,283.17,3400000,272925.0,2020.66,105904,650.1,118619,1059.06,68916,765.28,3197,4793,0.8054,60.612,0,116.82,0
2024-01-15,CA,272,78429.28,288.34,8200000,282369.0,2062.95,114663,706.15,112625,1008.16,82011,911.89,3215,5074,0.7629,46.868,0,116.789,0
2024-01-15,PN,241,64951.6,269.51,6100000,250421.0,1852.72,95575,587.75,91300,814.52,56603,630.77,2868,4619,0.7919,51.34,0,114.993,0
2024-01-15,NE,186,46548.81,250.26,7400000,220982.0,1646.86,106067,651.28,76887,686.92,51200,570.64,2639,4258,0.7516,53.925,0,116.641,0
2024-01-22,CO,301,87860.38,291.89,5800000,328108.0,2409.28,149379,910.2,124907,1119.47,89872,1000.79,3306,5694,0.8161,70.122,0,114.28,0
2024-01-22,UT,244,67611.82,277.1,3400000,264616.0,1961.25,111314,679.56,99334,886.94,63202,703.44,3070,4820,0.7753,68.452,0,116.518,0
2024-01-22,CA,258,68399.3,265.11,8200000,279481.0,2054.04,128563,792.11,126788,1133.72,66283,737.85,3211,5194,0.7939,49.045,0,114.734,0
2024-01-22,PN,225,63813.96,283.62,6100000,240968.0,1759.06,121614,745.79,103997,928.66,52022,578.32,2818,4927,0.8389,57.145,0,114.383,0
2024-01-22,NE,193,52352.06,271.25,7400000,211806.0,1565.99,83948,515.48,92488,825.55,45491,506.57,2628,4411,0.7849,59.234,0,115.278,0
2024-01-29,CO,275,74721.96,271.72,5800000,289331.0,2119.9,150972,925.85,118972,1066.16,79297,882.09,3619,5759,0.8536,70.484,0,114.806,0
2024-01-29,UT,269,66483.52,247.15,3400000,273535.0,2033.93,112796,692.52,120021,1073.09,67573,752.07,3207,5517,0.8615,66.386,0,113.189,0
2024-01-29,CA,273,73012.14,267.44,8200000,291854.0,2123.66,106858,656.28,117742,1056.14,81714,908.16,3690,5547,0.7917,48.344,0,115.378,0
2024-01-29,PN,230,60485.8,262.98,6100000,253000.0,1870.08,122116,749.43,107421,962.26,64675,718.75,2956,5119,0.8136,58.316,0,114.24,0
2024-01-29,NE,221,65542.25,296.57,7400000,229642.0,1684.92,101250,624.25,82340,734.32,44796,497.53,2485,4368,0.7901,61.738,0,116.474,0
2024-02-05,CO,329,76335.05,232.02,5800000,319438.0,2356.38,195950,1201.09,162047,1448.86,86881,965.77,3783,7520,0.8723,72.748,0,108.249,1
2024-02-05,UT,293,78087.23,266.51,3400000,310527.0,2296.09,121992,747.99,131150,1173.54,71296,792.63,3573,6865,0.8151,68.631,0,107.04,1
2024-02-05,CA,320,84159.74,263.0,8200000,338952.0,2482.59,149220,918.46,142222,1272.0,91113,1014.21,3971,7381,0.8765,51.149,0,109.656,1
2024-02-05,PN,271,67615.91,249.51,6100000,285809.0,2107.17,146396,898.89,127888,1144.1,60878,676.07,3123,6520,0.8578,57.626,0,107.102,1
2024-02-05,NE,250,58071.22,232.28,7400000,252228.0,1848.92,104437,641.71,106723,952.36,53315,592.41,3103,5846,0.8691,64.732,0,107.658,1
2024-02-12,CO,336,90827.84,270.32,5800000,377579.0,2794.85,148760,905.76,137647,1230.97,102922,1143.88,4195,5920,0.8607,72.962,1,119.234,0
2024-02-12,UT,318,96252.31,302.68,3400000,345898.0,2558.32,117950,728.6,128791,1150.88,63423,705.14,3232,5784,0.8693,71.203,1,119.438,0
2024-02-12,CA,318,96438.35,303.27,8200000,386624.0,2834.36,138514,849.76,126907,1137.43,87606,974.88,3973,5833,0.8372,49.956,1,117.966,0
2024-02-12,PN,296,76010.48,256.79,6100000,328646.0,2433.6,115821,712.16,105630,942.39,58891,655.22,3061,5195,0.8744,55.856,1,118.855,0
2024-02-12,NE,255,68960.24,270.43,7400000,290808.0,2121.91,98609,603.88,99407,889.01,61216,681.77,3099,5028,0.8394,61.328,1,118.008,0
2024-02-19,CO,356,93353.18,262.23,5800000,392207.0,2886.73,145216,894.32,133360,1189.05,106829,1190.02,4232,6531,0.8474,79.516,1,115.9,0
2024-02-19,UT,336,98123.08,292.03,3400000,390435.0,2873.67,127398,781.89,118013,1054.97,82783,922.96,3656,5481,0.873,71.331,1,115.947,0
2024-02-19,CA,354,95605.44,270.07,8200000,405012.0,2988.81,120461,737.55,114374,1022.83,98143,1092.2,4051,6166,0.8582,50.449,1,116.46,0
2024-02-19,PN,286,82914.76,289.91,6100000,333839.0,2433.84,105740,647.97,112551,1003.11,71575,796.92,3425,4986,0.9131,60.148,1,116.112,0
2024-02-19,NE,275,75474.5,274.45,7400000,323467.0,2383.06,94127,578.1,103450,922.63,53591,595.41,3130,4497,0.8787,62.516,1,116.016,0
2024-02-26,CO,317,80608.45,254.29,5800000,337950.0,2494.66,153748,943.48,120025,1068.67,91165,1014.95,3885,6372,0.8791,74.74,0,111.649,0
2024-02-26,UT,282,66377.36,235.38,3400000,280847.0,2066.69,115880,713.32,102919,918.82,79326,881.82,3396,5207,0.9259,75.238,0,110.918,0
2024-02-26,CA,273,64109.7,234.83,8200000,302909.0,2233.44,116014,711.67,114326,1023.36,83996,935.99,3419,5834,0.8648,47.282,0,110.153,0
2024-02-26,PN,264,72195.32,273.47,6100000,280756.0,2062.22,106264,651.77,98852,884.54,56191,625.82,3131,4835,0.8649,64.126,0,112.533,0
2024-02-26,NE,208,54764.51,263.29,7400000,225269.0,1658.59,109284,670.15,96956,868.87,44325,492.4,2680,4772,0.8731,68.322,0,111.937,0
2024-03-04,CO,308,87267.0,283.33,5800000,308551.0,2247.27,151671,930.74,125739,1119.08,76975,855.37,3319,6353,0.8291,80.427,0,110.738,0
2024-03-04,UT,275,66642.29,242.34,3400000,282468.0,2080.65,131711,807.98,105938,945.68,57328,637.65,2887,5054,0.8227,77.578,0,109.55,0
2024-03-04,CA,292,81945.41,280.63,8200000,291654.0,2130.97,134622,826.0,126623,1129.71,79882,890.45,3285,5567,0.8603,50.035,0,110.647,0
2024-03-04,PN,248,61968.59,249.87,6100000,260035.0,1909.27,113097,693.36,109717,979.45,68565,763.26,3057,5163,0.8737,62.832,0,111.074,0
2024-03-04,NE,226,52826.71,233.75,7400000,233943.0,1707.0,99164,606.09,85306,762.77,53240,592.57,2759,4353,0.8636,69.522,0,109.12,0
2024-03-11,CO,291,74863.85,257.26,5800000,297403.0,2206.79,157618,965.72,124709,1110.73,89894,1001.11,3750,6017,0.868,81.5,0,110.327,0
2024-03-11,UT,288,80030.5,277.88,3400000,293987.0,2195.56,111478,682.91,108525,969.06,74641,831.75,3045,5245,0.8631,75.233,0,107.985,0
2024-03-11,CA,298,71731.89,240.71,8200000,309667.0,2264.13,118264,721.85,120266,1077.67,82079,913.7,3335,5885,0.8494,52.417,0,109.004,0
2024-03-11,PN,260,66060.32,254.08,6100000,268568.0,1985.55,112278,691.16,106392,952.25,69627,774.73,3146,4831,0.8636,66.215,0,108.717,0
2024-03-11,NE,213,49581.95,232.78,7400000,219235.0,1615.78,83800,514.37,91488,815.4,57117,635.57,2739,4765,0.8996,69.526,0,109.014,0
2024-03-18,CO,328,78338.08,238.84,5800000,349592.0,2577.49,130011,797.62,133467,1193.25,89445,995.64,3318,5876,0.9159,78.354,0,108.325,0
2024-03-18,UT,273,74632.15,273.38,3400000,283246.0,2073.64,131643,807.33,112808,1008.33,65588,729.48,3096,5124,0.9103,75.14,0,107.166,0
2024-03-18,CA,279,75120.26,269.25,8200000,299104.0,2204.24,113475,696.44,115857,1035.52,71346,793.19,3323,5611,0.8595,53.158,0,108.087,0
2024-03-18,PN,242,62170.56,256.9,6100000,264902.0,1943.8,113211,695.6,111413,994.83,62308,693.09,2997,5319,0.8764,63.466,0,108.095,0
2024-03-18,NE,216,49656.48,229.89,7400000,222825.0,1653.35,97101,599.37,92736,829.3,45824,509.81,2534,4249,0.8837,70.994,0,108.875,0
2024-03-25,CO,323,75910.69,235.02,5800000,335922.0,2473.9,168953,1035.78,121349,1084.44,73962,823.23,3302,5943,0.9182,81.901,0,104.456,0
2024-03-25,UT,254,65247.36,256.88,3400000,274573.0,1993.86,120751,741.85,108430,968.06,59455,661.59,2924,5336,0.9057,79.396,0,106.268,0
2024-03-25,CA,288,76677.38,266.24,8200000,318806.0,2340.6,105785,648.52,126887,1135.25,92832,1033.52,3567,5590,0.8908,52.221,0,104.537,0
2024-03-25,PN,250,68890.15,275.56,6100000,262107.0,1925.42,113777,697.02,99731,890.17,56113,625.12,2736,4794,0.8815,66.237,0,106.672,0
2024-03-25,NE,223,51469.1,230.8,7400000,227997.0,1673.51,97874,596.4,90669,811.39,51714,575.47,2800,4661,0.8854,71.109,0,105.268,0
2024-04-01,CO,306,68037.58,222.35,5800000,321296.0,2347.47,130583,798.65,112432,1005.31,84991,946.51,3558,5912,0.8617,26.575,0,105.164,0
2024-04-01,UT,260,61116.95,235.07,3400000,262979.0,1944.35,101955,624.86,110515,986.12,66911,742.9,3287,5360,0.8765,31.936,0,102.882,0
2024-04-01,CA,292,76488.45,261.95,8200000,305822.0,2247.95,132975,815.29,117072,1050.27,80006,891.55,3546,5828,0.9236,20.877,0,104.98,0
2024-04-01,PN,248,60152.74,242.55,6100000,270268.0,1983.48,107284,661.63,0,0.0,61119,679.3,2962,5229,0.8725,24.712,0,105.199,0
2024-04-01,NE,211,54611.64,258.82,7400000,225493.0,1650.31,97221,598.54,94516,842.18,53460,595.31,2757,4251,0.9071,28.528,0,105.418,0
2024-04-08,CO,300,77106.74,257.02,5800000,319511.0,2344.21,144121,883.55,134455,1200.47,85266,947.87,3417,6224,0.8614,29.788,0,101.364,0
2024-04-08,UT,272,61920.15,227.65,3400000,296378.0,2189.64,121303,740.94,112615,1006.43,68930,766.6,3258,5309,0.9073,25.94,0,102.314,0
2024-04-08,CA,280,62960.19,224.86,8200000,307795.0,2261.83,130743,799.83,118226,1056.11,81566,905.49,3508,5438,0.8725,25.672,0,102.04,0
2024-04-08,PN,246,62982.37,256.03,6100000,270594.0,1996.66,103531,632.6,0,0.0,59032,655.83,3077,4786,0.8955,22.385,0,103.137,0
2024-04-08,NE,220,51375.48,233.52,7400000,230838.0,1717.19,95871,591.48,100611,898.35,47456,527.49,2626,4625,0.8837,29.455,0,102.603,0
2024-04-15,CO,273,65960.76,241.61,5800000,290525.0,2151.14,141018,870.14,124860,1118.06,85799,952.98,3188,5755,0.8788,28.641,0,99.728,0
2024-04-15,UT,268,70539.0,263.21,3400000,276816.0,2020.08,122901,755.78,114635,1024.83,62466,694.28,3032,4895,0.8762,31.954,0,102.569,0
2024-04-15,CA,282,69460.05,246.31,8200000,291962.0,2158.72,116565,714.0,124234,1108.61,87821,976.69,3469,5455,0.8791,21.966,0,100.576,0
2024-04-15,PN,244,54481.44,223.28,6100000,271531.0,1996.06,102736,632.22,0,0.0,49598,552.76,2651,4521,0.8896,22.917,0,102.101,0
2024-04-15,NE,224,52763.49,235.55,7400000,245357.0,1803.2,99679,610.2,86361,771.38,43942,488.42,2511,4099,0.8697,25.787,0,100.275,0
2024-04-22,CO,281,61956.56,220.49,5800000,279021.0,2057.09,142386,872.87,110820,989.49,89467,995.86,3488,5662,0.9141,30.681,0,98.553,0
2024-04-22,UT,258,66202.76,256.6,3400000,267552.0,1952.39,122280,749.85,115576,1035.3,68133,759.3,2868,5471,0.913,30.813,0,100.221,0
2024-04-22,CA,274,60335.78,220.2,8200000,303574.0,2234.29,117730,723.85,116224,1038.75,65311,727.75,3058,5809,0.907,25.272,0,100.03,0
2024-04-22,PN,227,50713.1,223.41,6100000,250994.0,1851.23,106343,653.91,0,0.0,56097,624.7,2930,4532,0.934,26.426,0,97.498,0
2024-04-22,NE,214,52025.83,243.11,7400000,212860.0,1562.44,102647,627.12,84677,755.94,46381,516.01,2462,4296,0.9303,25.137,0,99.519,0
2024-04-29,CO,287,59696.35,208.0,5800000,307373.0,2272.62,134818,822.3,114493,1023.63,90963,1010.77,3584,5761,0.8763,29.189,0,97.438,0
2024-04-29,UT,248,59769.36,241.01,3400000,271175.0,2008.96,125176,766.53,104715,934.05,64701,720.08,2993,5311,0.9251,24.597,0,96.294,0
2024-04-29,CA,277,67455.86,243.52,8200000,290819.0,2129.18,138681,850.07,111342,993.1,83051,925.24,3231,5569,0.8828,26.355,0,97.458,0
2024-04-29,PN,237,55501.3,234.18,6100000,255724.0,1883.95,107266,657.91,93402,832.62,50210,557.86,2759,4497,0.8894,21.587,0,98.225,0
2024-04-29,NE,219,47276.3,215.87,7400000,228531.0,1674.07,106633,655.2,94839,846.0,52981,589.68,2539,4486,0.8912,28.734,0,97.902,0
2024-05-06,CO,291,62399.14,214.43,5800000,303818.0,2244.27,147175,906.2,129665,1159.16,69760,776.28,3186,5572,0.8703,28.384,0,95.961,0
2024-05-06,UT,271,62303.02,229.9,3400000,286378.0,2107.02,107889,657.84,111174,995.96,67212,748.46,2942,5161,0.8708,29.746,0,97.651,0
2024-05-06,CA,241,49956.75,207.29,8200000,275658.0,2039.18,127493,786.38,102679,917.08,70883,789.0,3102,4986,0.8626,21.545,0,97.071,0
2024-05-06,PN,238,55492.88,233.16,6100000,257804.0,1907.21,99009,604.33,107232,959.1,52905,589.32,2657,4355,0.9122,27.265,0,95.556,0
2024-05-06,NE,217,52406.63,241.51,7400000,232789.0,1722.91,89352,547.33,92548,826.94,44829,499.03,2565,4041,0.9157,22.051,0,94.277,0
2024-05-13,CO,281,58788.15,209.21,5800000,291392.0,2129.02,145221,893.11,105752,943.25,74224,826.36,3436,5152,0.8898,26.823,0,92.982,0
2024-05-13,UT,256,59308.08,231.67,3400000,259773.0,1893.43,99244,607.86,98174,875.16,60647,675.4,2852,5033,0.8619,25.548,0,96.019,0
2024-05-13,CA,263,59574.48,226.52,8200000,280524.0,2074.43,127241,779.61,99392,887.65,76276,849.22,3023,5505,0.8415,24.748,0,95.39,0
2024-05-13,PN,212,50157.54,236.59,6100000,219057.0,1613.99,117927,723.18,102248,913.45,65844,732.36,2846,4539,0.8986,21.059,0,95.365,0
2024-05-13,NE,198,46820.69,236.47,7400000,195121.0,1438.91,104535,642.01,90779,809.58,41140,458.05,2363,4212,0.8931,27.79,0,93.036,0
2024-05-20,CO,265,53465.07,201.75,5800000,282089.0,2076.08,133349,814.97,115649,1031.91,75426,840.46,3163,5278,0.845,27.783,0,94.181,0
2024-05-20,UT,241,50989.37,211.57,3400000,243118.0,1790.37,119381,736.23,105979,945.65,60917,677.0,2737,4555,0.9036,23.973,0,92.685,0
2024-05-20,CA,245,57722.49,235.6,8200000,276910.0,2025.54,130757,803.05,120653,1078.17,72953,811.71,2890,5111,0.8633,18.899,0,92.779,0
2024-05-20,PN,221,49373.65,223.41,6100000,245708.0,1802.08,110890,679.72,93107,829.34,58091,645.77,2765,4409,0.8389,27.265,0,91.849,0
2024-05-20,NE,196,44972.89,229.45,7400000,197533.0,1457.87,98031,604.05,93686,837.39,42682,474.8,2208,4058,0.8769,28.158,0,94.241,0
2024-05-27,CO,311,67724.88,217.76,5800000,363878.0,2690.72,125820,769.17,126433,1130.42,81230,902.49,3524,5800,0.8238,27.661,1,96.881,0
2024-05-27,UT,273,61838.9,226.52,3400000,315516.0,2317.21,122811,750.57,106891,954.04,63672,707.67,3162,4945,0.8926,23.174,1,95.017,0
2024-05-27,CA,256,58188.1,227.3,8200000,311170.0,2297.48,115450,711.39,121961,1090.46,77025,856.91,2984,5297,0.8571,26.106,1,97.515,0
2024-05-27,PN,263,63503.11,241.46,6100000,282188.0,2051.14,119414,734.26,97142,867.34,56512,628.12,2870,4474,0.8828,26.512,1,97.492,0
2024-05-27,NE,231,46912.61,203.08,7400000,285560.0,2105.44,102525,630.61,91428,814.8,41503,461.88,2345,4461,0.8853,21.38,1,94.535,0
2024-06-03,CO,251,58796.07,234.25,5800000,260209.0,1929.18,130597,805.32,108933,971.69,82606,919.99,3265,5291,0.8127,27.468,0,92.164,0
2024-06-03,UT,245,56401.74,230.21,3400000,254412.0,1870.2,125392,768.31,108032,965.81,65850,733.47,2685,4644,0.806,26.477,0,90.362,0
2024-06-03,CA,100,20160.07,201.6,8200000,,,122536,750.45,100596,901.3,72135,802.04,2863,5035,0.8045,25.332,0,90.346,0
2024-06-03,PN,222,43030.32,193.83,6100000,223323.0,1651.27,100035,612.79,93474,836.77,54480,605.43,2335,4364,0.8501,24.472,0,91.712,0
2024-06-03,NE,197,41001.99,208.13,7400000,200382.0,1466.21,95635,590.54,80067,713.78,36678,408.88,2124,4178,0.8764,23.459,0,90.324,0
2024-06-10,CO,256,57905.46,226.19,5800000,270847.0,1982.53,133652,817.39,115511,1031.04,72376,805.4,3002,5477,0.7977,22.863,0,90.565,0
2024-06-10,UT,220,45672.44,207.6,3400000,228877.0,1681.38,115993,707.89,95273,853.96,62236,691.57,2841,4838,0.7912,24.453,0,89.09,0
2024-06-10,CA,110,21004.86,190.95,8200000,,,136962,841.52,102653,916.62,70335,782.24,2824,4759,0.8297,21.216,0,88.477,0
2024-06-10,PN,234,51612.17,220.56,6100000,244555.0,1804.79,92598,568.48,79849,713.37,52372,582.22,2409,4557,0.8443,22.712,0,91.036,0
2024-06-10,NE,198,37847.57,191.15,7400000,193366.0,1419.38,91911,561.45,83593,748.72,40040,445.8,2296,3775,0.8589,21.392,0,88.614,0
2024-06-17,CO,281,51423.59,183.0,5800000,266861.0,1963.78,166015,1019.55,130839,1165.27,79517,883.33,3290,6320,0.8295,22.599,0,83.882,1
2024-06-17,UT,247,50162.79,203.09,3400000,265795.0,1960.51,144547,887.29,109865,980.89,71047,790.98,3056,5660,0.828,20.632,0,82.703,1
2024-06-17,CA,136,27667.97,203.44,8200000,,,140031,855.02,129322,1155.66,82852,920.91,3222,6360,0.8406,17.777,0,82.257,1
2024-06-17,PN,212,39229.17,185.04,6100000,229638.0,1677.07,118846,729.04,102994,921.88,51906,576.4,2484,5177,0.8085,21.643,0,84.169,1
2024-06-17,NE,205,36947.04,180.23,7400000,214776.0,1583.76,101887,626.04,91635,816.65,43669,486.01,2441,4467,0.7941,20.856,0,84.226,1
2024-06-24,CO,248,49807.85,200.84,5800000,250531.0,1842.37,146458,899.66,99687,892.07,71407,794.03,2860,5139,0.8164,26.686,0,88.458,0
2024-06-24,UT,226,47208.2,208.89,3400000,228285.0,1669.28,108094,662.41,97383,871.55,59349,660.86,2641,4431,0.7907,26.418,0,89.492,0
2024-06-24,CA,243,49396.05,203.28,8200000,252986.0,1862.27,125223,772.85,100253,893.76,55590,619.12,2544,4828,0.7553,19.849,0,90.226,0
2024-06-24,PN,194,38873.26,200.38,6100000,197836.0,1454.0,109830,674.0,78328,700.4,47413,526.61,2358,4269,0.7819,23.877,0,89.593,0
2024-06-24,NE,189,39414.73,208.54,7400000,189681.0,1408.42,108920,668.31,81006,724.17,43645,486.45,2156,3730,0.8117,23.65,0,89.869,0
2024-07-01,CO,251,52362.99,208.62,5800000,270448.0,1996.03,130586,797.3,107351,956.98,66539,741.45,2788,5202,0.8208,21.308,0,87.786,0
2024-07-01,UT,216,43820.95,202.87,3400000,236839.0,1758.04,118501,730.54,84678,754.41,60162,669.22,2371,4109,0.8142,24.059,0,87.191,0
2024-07-01,CA,225,42963.35,190.95,8200000,229549.0,1701.4,123636,760.76,102365,913.66,62698,697.78,2535,4691,0.8508,22.326,0,88.587,0
2024-07-01,PN,206,40265.84,195.47,6100000,219530.0,1618.71,107333,661.97,87568,782.05,44595,496.3,2161,4248,0.8356,19.304,0,86.552,0
2024-07-01,NE,176,35914.46,204.06,7400000,199294.0,1488.48,89849,551.09,75010,667.61,37848,420.53,2105,3694,0.7947,20.2,0,87.547,0
2024-07-08,CO,246,52053.67,211.6,5800000,254618.0,1857.71,134937,832.65,103700,925.45,70093,779.1,2555,5105,0.7709,19.367,0,88.379,0
2024-07-08,UT,212,39798.18,187.73,3400000,226195.0,1658.35,98466,605.15,77788,695.07,64953,723.47,2498,4373,0.7707,18.799,0,89.071,0
2024-07-08,CA,226,51196.96,226.54,8200000,222456.0,1636.45,107750,661.38,92411,826.29,72089,802.5,2640,4474,0.7739,20.511,0,88.704,0
2024-07-08,PN,204,39480.9,193.53,6100000,215022.0,1572.68,108314,666.79,74595,665.53,58070,645.93,2381,3894,0.835,20.221,0,87.632,0
2024-07-08,NE,183,37097.42,202.72,7400000,184363.0,1354.43,93893,573.61,74039,663.15,41480,461.92,2099,3575,0.8206,21.394,0,87.005,0
2024-07-15,CO,238,48775.68,204.94,5800000,234070.0,1713.18,125792,767.14,93055,833.35,73171,814.57,2698,4460,0.744,21.047,0,86.534,0
2024-07-15,UT,201,38702.94,192.55,3400000,217612.0,1605.78,110079,679.08,83790,748.59,60640,674.62,2399,4285,0.7916,18.113,0,86.712,0
2024-07-15,CA,210,39520.16,188.19,8200000,220399.0,1620.39,119687,738.73,92009,821.41,64557,717.91,2519,4636,0.7489,22.073,0,89.589,0
2024-07-15,PN,187,41857.68,223.84,6100000,199543.0,1463.88,98565,607.35,81150,723.42,45834,508.98,2037,3890,0.8146,20.762,0,87.53,0
2024-07-15,NE,179,40324.44,225.28,7400000,183292.0,1351.72,93064,573.75,75760,678.53,32087,356.6,1829,3514,0.8079,20.965,0,88.175,0
2024-07-22,CO,211,45961.1,217.83,5800000,221425.0,1633.83,128990,786.04,96618,863.7,75876,843.78,2531,4769,0.7568,22.037,0,87.21,0
2024-07-22,UT,204,43407.95,212.78,3400000,205590.0,1515.82,115567,706.03,94983,848.89,49073,545.52,2195,3957,0.784,17.587,0,88.608,0
2024-07-22,CA,213,43662.91,204.99,8200000,235265.0,1755.68,119736,735.29,88498,788.02,58180,646.74,2348,4490,0.7251,20.469,0,86.714,0
2024-07-22,PN,185,36013.22,194.67,6100000,196407.0,1451.32,92527,568.54,82964,742.2,47074,523.57,2289,3872,0.725,17.259,0,87.755,0
2024-07-22,NE,174,32572.14,187.2,7400000,188297.0,1397.62,87916,538.04,64950,581.03,35818,398.95,1792,3357,0.7852,24.193,0,87.738,0
2024-07-29,CO,223,48017.27,215.32,5800000,241863.0,1783.25,132384,817.51,102725,916.36,64463,717.24,2448,4638,0.7178,20.973,0,88.698,0
2024-07-29,UT,195,37468.04,192.14,3400000,214028.0,1587.96,115672,708.31,78160,699.49,53717,598.71,2303,4332,0.7328,21.471,0,89.901,0
2024-07-29,CA,228,51166.27,224.41,8200000,245813.0,1806.03,117496,723.74,87463,778.49,60355,671.39,2395,4599,0.7756,19.265,0,89.357,0
2024-07-29,PN,196,43150.02,220.15,6100000,195065.0,1417.1,109034,666.66,86949,776.75,50850,565.34,2205,3954,0.7715,18.705,0,89.766,0
2024-07-29,NE,165,35990.27,218.12,7400000,180109.0,1339.19,85754,526.55,66745,594.77,35760,397.46,1797,3353,0.7678,22.421,0,88.074,0
2024-08-05,CO,209,39579.5,189.38,5800000,254735.0,1884.48,117092,716.3,84089,751.01,57689,641.88,2348,4579,0.7059,18.249,0,88.649,0
2024-08-05,UT,175,39742.93,227.1,3400000,208269.0,1540.85,123769,760.89,78229,697.39,49939,556.35,2128,3926,0.7069,18.824,0,89.787,0
2024-08-05,CA,192,37730.77,196.51,8200000,214623.0,1566.99,106823,653.4,92732,831.38,63923,711.08,2493,4494,0.7444,21.783,0,89.224,0
2024-08-05,PN,186,40038.35,215.26,6100000,199452.0,1462.71,104128,643.33,77557,689.89,41314,459.0,1966,3539,0.7033,18.239,0,90.127,0
2024-08-05,NE,168,37425.74,222.77,7400000,172520.0,1256.43,89917,552.33,62899,561.62,35427,394.43,1730,3555,0.7096,20.175,0,88.194,0
2024-08-12,CO,213,45957.13,215.76,5800000,224171.0,1651.93,121704,742.45,97150,869.1,73761,821.17,2733,4742,0.7093,23.477,0,90.774,0
2024-08-12,UT,191,37849.57,198.17,3400000,210361.0,1534.15,108761,665.13,89416,799.04,58512,651.03,2358,3853,0.6678,18.993,0,90.277,0
2024-08-12,CA,206,41474.43,201.33,8200000,220849.0,1632.52,120185,737.1,78131,697.67,59450,661.06,2485,4381,0.6748,15.668,0,91.016,0
2024-08-12,PN,177,37356.02,211.05,6100000,181122.0,1337.25,95503,584.15,78790,702.26,46230,513.77,2011,3770,0.7238,21.25,0,89.554,0
2024-08-12,NE,165,33068.15,200.41,7400000,180260.0,1320.12,94654,583.24,65484,585.82,36965,411.39,1868,3333,0.6722,21.246,0,89.237,0
2024-08-19,CO,203,46615.71,229.63,5800000,222560.0,1643.97,123898,758.91,92885,832.27,66044,733.78,2558,4273,0.6437,21.449,0,90.887,0
2024-08-19,UT,189,41263.08,218.32,3400000,200800.0,1467.69,103801,637.47,75874,676.69,47995,534.1,2093,3727,0.6789,17.611,0,92.281,0
2024-08-19,CA,205,45991.92,224.35,8200000,243158.0,1794.37,115101,709.46,89495,800.12,54076,600.92,2310,4286,0.6727,19.423,0,89.725,0
2024-08-19,PN,170,33494.28,197.03,6100000,190280.0,1395.69,102435,630.15,68527,611.68,44533,495.8,2034,3505,0.7112,18.844,0,90.237,0
2024-08-19,NE,159,33417.27,210.17,7400000,176954.0,1301.1,105031,644.37,69899,624.02,31713,352.76,1837,3490,0.6735,16.573,0,91.524,0
2024-08-26,CO,251,48980.2,195.14,5800000,261021.0,1927.79,164637,1011.46,112625,1006.31,79240,883.33,2735,5626,0.6774,22.294,0,86.533,1
2024-08-26,UT,209,39175.26,187.44,3400000,224430.0,1667.17,137357,845.28,106557,950.94,48959,545.08,2183,4895,0.6604,19.134,0,86.0,1
2024-08-26,CA,238,46308.41,194.57,8200000,236793.0,1730.34,138313,851.58,112723,1004.05,62888,699.65,2396,5097,0.661,20.982,0,86.48,1
2024-08-26,PN,194,36883.74,190.12,6100000,205592.0,1525.8,139577,858.49,92586,825.53,50286,559.79,2093,4413,0.6498,18.919,0,87.431,1
2024-08-26,NE,176,36037.97,204.76,7400000,189023.0,1398.08,122265,750.6,80442,718.5,37749,420.52,1867,4424,0.6289,16.484,0,85.154,1
2024-09-02,CO,252,60455.25,239.9,5800000,298130.0,2181.22,122598,751.13,106750,954.0,61005,678.75,2958,4586,0.5725,20.126,1,97.701,0
2024-09-02,UT,221,55277.34,250.12,3400000,240659.0,1777.93,111708,686.94,79836,711.93,63480,706.93,2648,4283,0.6043,18.63,1,99.001,0
2024-09-02,CA,220,46017.08,209.17,8200000,260288.0,1922.56,124430,762.8,92514,823.45,64559,717.92,2504,4334,0.6248,15.383,1,98.562,0
2024-09-02,PN,201,43680.9,217.32,6100000,239532.0,1760.23,102335,623.12,85574,763.55,44846,499.12,2260,4189,0.5766,18.602,1,99.6,0
2024-09-02,NE,180,41002.49,227.79,7400000,225047.0,1645.07,105037,643.81,76976,689.63,34382,382.3,2013,3401,0.551,18.627,1,97.757,0
2024-09-09,CO,213,42962.05,201.7,5800000,252773.0,1859.34,134947,830.04,89389,795.65,74922,833.81,2579,4159,0.562,23.034,0,95.06,0
2024-09-09,UT,203,46204.38,227.61,3400000,216801.0,1594.87,108612,668.63,92088,822.4,52735,586.66,2362,4022,0.5736,18.755,0,96.605,0
2024-09-09,CA,195,42701.0,218.98,8200000,210522.0,1552.88,113815,695.57,89767,799.47,65009,724.57,2601,4354,0.5351,18.889,0,96.76,0
2024-09-09,PN,178,36536.19,205.26,6100000,200687.0,1470.34,99045,605.91,81185,723.84,40056,445.31,2004,3921,0.558,19.133,0,95.293,0
2024-09-09,NE,153,35048.95,229.08,7400000,184513.0,1374.28,102485,629.53,63881,570.96,35980,400.64,1879,3520,0.5791,21.481,0,95.109,0
2024-09-16,CO,208,43982.63,211.45,5800000,225089.0,1649.99,128842,791.4,88199,786.46,62589,697.14,2441,4773,0.5455,21.579,0,96.416,0
2024-09-16,UT,187,41716.7,223.08,3400000,210508.0,1538.15,106946,659.46,83306,743.28,45448,506.36,2160,4080,0.5894,17.545,0,97.369,0
2024-09-16,CA,200,48601.77,243.01,8200000,229195.0,1692.25,111588,685.2,86438,771.05,61254,680.47,2337,4229,0.5852,21.348,0,96.227,0
2024-09-16,PN,167,38569.67,230.96,6100000,193631.0,1438.27,95810,587.08,78999,707.98,42200,469.5,2291,3730,0.577,21.551,0,97.736,0
2024-09-16,NE,150,33390.83,222.61,7400000,184624.0,1369.75,98320,605.95,71578,638.45,36829,409.85,1914,3320,0.5647,20.983,0,97.055,0
2024-09-23,CO,201,47162.99,234.64,5800000,230281.0,1702.7,125283,764.49,92939,829.42,69983,778.83,2489,4707,0.5726,22.512,0,98.265,0
2024-09-23,UT,170,42235.54,248.44,3400000,208332.0,1535.78,115100,703.85,81757,731.53,53727,598.13,2263,4068,0.5804,21.003,0,97.939,0
2024-09-23,CA,202,51824.04,256.55,8200000,233088.0,1727.53,122236,750.15,98281,877.26,58140,646.45,2451,4094,0.5746,22.111,0,98.738,0
2024-09-23,PN,171,40522.6,236.97,6100000,188082.0,1393.67,111176,685.29,87009,777.33,43605,485.62,2211,3619,0.5135,19.979,0,99.19,0
2024-09-23,NE,151,39206.97,259.65,7400000,187110.0,1383.45,99083,610.21,67569,605.59,36124,400.97,2049,3410,0.5294,20.609,0,100.026,0
2024-09-30,CO,217,54883.02,252.92,5800000,234705.0,1738.3,128918,792.05,103979,929.45,60125,667.8,2558,4601,0.52,18.126,0,100.035,0
2024-09-30,UT,192,44784.39,233.25,3400000,215734.0,1596.51,111822,681.42,76170,681.16,54250,603.96,2426,4046,0.5713,16.49,0,99.852,0
2024-09-30,CA,199,47692.88,239.66,8200000,235736.0,1727.97,107430,659.58,82937,740.2,59893,665.8,2360,4452,0.5695,18.722,0,98.836,0
2024-09-30,PN,183,45478.03,248.51,6100000,214647.0,1572.37,99978,612.85,80245,715.19,44375,493.99,2296,3779,0.5607,16.766,0,99.232,0
2024-09-30,NE,140,33395.58,238.54,7400000,173231.0,1269.84,87569,536.18,71009,632.15,31929,355.44,1957,3544,0.5279,20.856,0,100.216,0
2024-10-07,CO,221,56162.65,254.13,5800000,239555.0,1752.38,128872,786.36,98438,882.09,71043,789.41,2868,4694,,17.67,0,101.637,0
2024-10-07,UT,178,41136.61,231.1,3400000,207588.0,1534.4,109149,673.36,84220,750.82,45842,510.38,2302,3978,0.5298,18.736,0,102.815,0
2024-10-07,CA,196,46003.81,234.71,8200000,226999.0,1680.84,121306,748.3,89056,796.45,55809,621.01,2542,4351,0.5558,18.164,0,100.487,0
2024-10-07,PN,177,40869.78,230.9,6100000,199935.0,1482.42,105049,643.03,79138,705.32,53895,599.54,2364,3930,0.5507,18.784,0,103.268,0
2024-10-07,NE,165,38144.99,231.18,7400000,191478.0,1418.09,99960,612.9,65333,582.76,36400,404.26,1974,3518,0.5625,23.019,0,102.658,0
2024-10-14,CO,219,49831.78,227.54,5800000,244251.0,1797.33,114785,705.3,100216,897.97,77335,858.69,2860,4853,0.5163,17.447,0,103.167,0
2024-10-14,UT,174,45153.05,259.5,3400000,202151.0,1500.58,111154,679.16,85455,760.63,57535,641.24,2400,4347,0.5435,23.578,0,104.732,0
2024-10-14,CA,192,42115.01,219.35,8200000,224879.0,1672.68,118726,729.73,85903,766.48,52548,584.35,2421,4341,0.5685,17.239,0,102.402,0
2024-10-14,PN,193,49283.95,255.36,6100000,220042.0,1626.22,107260,659.22,76597,684.77,50333,560.94,2376,3633,0.5405,17.907,0,103.972,0
2024-10-14,NE,163,43037.45,264.03,7400000,187089.0,1385.49,91721,558.32,71903,642.01,42714,474.47,2177,3455,0.5214,19.536,0,102.879,0
2024-10-21,CO,212,49213.76,232.14,5800000,242555.0,1797.41,116518,716.01,111510,996.12,71846,799.5,2713,4819,0.5323,17.479,0,105.369,0
2024-10-21,UT,203,54351.28,267.74,3400000,235438.0,1740.03,106212,653.93,79799,712.56,58324,648.26,2659,4358,0.5626,22.339,0,104.409,0
2024-10-21,CA,193,49654.8,257.28,8200000,216142.0,1581.41,114208,702.83,96549,865.41,59086,656.43,2612,4670,0.558,21.161,0,104.03,0
2024-10-21,PN,174,46954.07,269.85,6100000,200786.0,1475.34,103863,635.17,74213,662.14,43910,488.01,2133,3746,0.5147,19.303,0,104.733,0
2024-10-21,NE,163,39497.35,242.32,7400000,195152.0,1426.86,92822,565.69,76697,684.96,36992,411.85,1998,3688,0.5604,19.573,0,103.879,0
2024-10-28,CO,224,56252.45,251.13,5800000,238427.0,1767.73,138108,845.74,104761,935.69,70304,783.36,2726,4736,0.5207,23.923,0,106.996,0
2024-10-28,UT,212,54706.37,258.05,3400000,245468.0,1809.57,101312,619.2,92987,832.78,57139,635.19,2723,4393,0.529,20.647,0,107.057,0
2024-10-28,CA,219,49960.82,228.13,8200000,258909.0,1911.63,132154,810.0,101276,904.49,64500,717.36,2587,4915,0.5787,15.491,0,107.601,0
2024-10-28,PN,183,49918.42,272.78,6100000,211151.0,1568.56,119481,732.59,88452,791.55,44342,493.29,2156,3852,0.5753,17.883,0,106.768,0
2024-10-28,NE,170,43696.82,257.04,7400000,191039.0,1406.24,84025,516.66,74989,671.89,39996,445.48,2022,3810,0.5375,22.843,0,105.667,0
2024-11-04,CO,228,62803.41,275.45,5800000,255948.0,1870.7,132870,814.64,100587,899.59,79274,882.99,3085,4854,0.5308,34.366,0,109.168,0
2024-11-04,UT,202,51468.95,254.8,3400000,229943.0,1688.94,122151,752.89,100327,896.65,56068,623.23,2579,4177,0.518,34.159,0,108.68,0
2024-11-04,CA,202,54871.29,271.64,8200000,239301.0,1777.64,121039,743.1,95013,846.48,59199,659.14,2552,4828,0.5356,23.602,0,108.487,0
2024-11-04,PN,193,48656.54,252.11,6100000,216070.0,1597.16,114216,702.06,82634,735.28,47151,525.73,2310,4168,0.5469,30.151,0,108.448,0
2024-11-04,NE,155,36955.93,238.43,7400000,187766.0,1371.4,95523,585.76,78094,696.42,41300,459.96,2211,3859,0.5259,33.398,0,109.521,0
2024-11-11,CO,238,59916.54,251.75,5800000,265221.0,1975.9,128214,785.55,101703,911.31,71070,789.46,2866,5110,0.5892,36.455,0,109.939,0
2024-11-11,UT,208,53176.72,255.66,3400000,247107.0,1825.3,102875,629.07,100138,894.52,58591,653.34,2689,4682,0.589,36.574,0,111.303,0
2024-11-11,CA,218,55708.35,255.54,8200000,243964.0,1798.88,129912,796.43,97312,866.76,67122,745.87,2876,4540,0.5691,26.806,0,109.249,0
2024-11-11,PN,190,52544.88,276.55,6100000,225000.0,1651.28,106232,654.66,79496,711.25,47108,524.34,2341,4006,0.5919,33.214,0,109.908,0
2024-11-11,NE,168,46376.75,276.05,7400000,201283.0,1469.06,89845,553.94,71148,635.51,41402,460.33,2196,3518,0.5547,30.599,0,111.345,0
2024-11-18,CO,329,83822.56,254.78,5800000,374272.0,2766.15,160193,985.54,149114,1335.96,93537,1041.37,3756,7484,0.6036,39.472,1,110.532,1
2024-11-18,UT,290,81678.26,281.65,3400000,313957.0,2332.19,148953,914.48,131579,1171.02,65718,731.81,3170,6439,0.5901,37.449,1,111.149,1
2024-11-18,CA,301,83522.02,277.48,8200000,351367.0,2594.05,160691,985.51,140484,1254.6,76989,856.12,3547,6716,0.54,28.163,1,110.056,1
2024-11-18,PN,275,70539.63,256.51,6100000,316057.0,2320.79,142181,872.67,118582,1062.55,63930,711.84,2812,5526,0.5577,35.001,1,110.589,1
2024-11-18,NE,231,54265.79,234.92,7400000,268583.0,1983.95,129458,794.39,120078,1074.3,44995,500.83,2644,5526,0.5853,31.346,1,111.321,1
2024-11-25,CO,295,87592.11,296.92,5800000,358954.0,2631.1,133122,818.34,112011,998.18,87500,973.33,3514,5237,0.6154,38.96,1,115.677,0
2024-11-25,UT,263,74153.94,281.95,3400000,323049.0,2374.93,110732,680.71,95063,849.27,63519,706.67,2716,5026,0.5981,44.009,1,116.043,0
2024-11-25,CA,253,74264.81,293.54,8200000,299032.0,2210.39,105492,647.57,104372,934.19,70228,781.61,2868,4964,0.6079,33.943,1,116.934,0
2024-11-25,PN,222,64431.84,290.23,6100000,290390.0,2141.98,114519,704.42,103406,924.91,47594,529.75,2573,4759,0.5827,33.654,1,117.101,0
2024-11-25,NE,198,51557.61,260.39,7400000,269748.0,2003.98,100666,614.64,82625,737.54,49514,550.94,2518,4349,0.5861,40.382,1,116.817,0
2024-12-02,CO,249,62019.35,249.07,5800000,263656.0,1945.93,146831,897.69,112093,1005.12,73891,821.08,3529,4991,0.6798,47.79,0,114.353,0
2024-12-02,UT,235,67063.37,285.38,3400000,271777.0,2010.42,126061,776.15,86322,771.02,58817,654.32,2807,4598,0.6478,42.487,0,113.085,0
2024-12-02,CA,245,64984.0,265.24,8200000,263605.0,1958.08,120960,742.18,114970,1026.04,88936,989.28,3285,5357,0.6437,36.813,0,114.27,0
2024-12-02,PN,204,56262.17,275.79,6100000,231557.0,1719.54,112904,692.25,97468,870.69,54973,610.93,2948,4344,0.6336,39.602,0,113.087,0
2024-12-02,NE,195,50753.69,260.28,7400000,212371.0,1554.36,99286,609.37,89782,803.29,41780,464.96,2386,3817,0.6717,43.27,0,112.751,0
2024-12-09,CO,254,65899.5,259.45,5800000,271943.0,2000.25,137149,845.16,100196,894.93,84450,940.86,3638,5797,0.6779,49.468,0,115.265,0
2024-12-09,UT,217,63881.47,294.38,3400000,256978.0,1915.99,110806,677.74,92650,826.33,68372,760.34,3224,4709,0.6673,45.93,0,114.444,0
2024-12-09,CA,240,65912.62,274.64,8200000,278179.0,2049.9,128275,788.27,121347,1084.32,82972,921.84,3381,5036,0.6536,38.438,0,114.717,0
2024-12-09,PN,229,59843.3,261.32,6100000,246086.0,1810.82,111050,682.28,95574,855.94,57855,642.35,2688,4396,0.6737,42.949,0,112.73,0
2024-12-09,NE,195,56655.73,290.54,7400000,207618.0,1509.54,94628,583.09,85206,761.78,47764,530.33,2561,3959,0.7013,45.624,0,114.468,0
2024-12-16,CO,322,80649.05,250.46,5800000,320616.0,2364.1,179458,1100.67,133362,1191.76,102367,1138.82,3879,6741,0.73,51.069,0,108.876,1
2024-12-16,UT,273,72563.63,265.8,3400000,260084.0,1912.13,135698,830.28,145525,1299.86,76442,849.65,3306,6280,0.7001,49.521,0,109.062,1
2024-12-16,CA,293,81419.71,277.88,8200000,308322.0,2281.07,140751,863.25,132707,1181.66,87610,974.84,3353,6807,0.7218,37.863,0,107.527,1
2024-12-16,PN,248,64111.33,258.51,6100000,256521.0,1889.85,141416,868.08,134540,1201.78,57138,636.86,2903,5842,0.6651,46.439,0,110.49,1
2024-12-16,NE,219,50112.97,228.83,7400000,241451.0,1768.3,125057,767.23,103943,928.73,51272,570.01,2952,5043,0.6647,42.488,0,107.946,1
2024-12-23,CO,332,90243.33,271.82,5800000,376035.0,2765.55,151303,928.9,124569,1109.88,96805,1077.65,3942,6074,0.745,55.556,1,120.711,0
2024-12-23,UT,292,87246.54,298.79,3400000,332114.0,2472.23,129015,790.86,106066,949.14,64893,721.43,3091,5453,0.7438,53.451,1,118.382,0
2024-12-23,CA,307,79394.47,258.61,8200000,358771.0,2631.44,121075,741.81,117777,1051.1,86607,963.64,3506,6005,0.7424,40.668,1,118.112,0
2024-12-23,PN,269,77986.35,289.91,6100000,314191.0,2326.26,115707,711.83,96853,866.27,62552,696.6,3349,4893,0.6792,41.976,1,119.748,0
2024-12-23,NE,220,57767.68,262.58,7400000,268055.0,1968.27,108991,667.98,91572,814.84,47820,531.54,2987,4236,0.6838,51.201,1,120.008,0
2024-12-30,CO,396,117899.17,297.73,5800000,442540.0,3257.04,159013,973.75,162833,1455.2,106333,1184.45,4403,7975,0.7685,55.235,1,114.593,1
2024-12-30,UT,338,88796.51,262.71,3400000,374279.0,2756.98,151712,933.86,138882,1243.08,82007,911.36,3553,7177,0.7625,54.505,1,113.485,1
2024-12-30,CA,347,96251.12,277.38,8200000,410804.0,3012.17,139688,858.95,150694,1345.66,99642,1109.78,4229,7274,0.7105,37.739,1,114.72,1
2024-12-30,PN,312,83682.33,268.21,6100000,362836.0,2691.93,127811,780.44,131043,1167.48,62173,691.35,3444,7027,0.748,49.279,1,114.652,1
2024-12-30,NE,269,65872.08,244.88,7400000,317330.0,2362.42,123405,757.6,112406,1002.41,57483,640.0,2904,5860,0.7534,47.625,1,112.803,1
2025-01-06,CO,346,104827.93,302.97,5800000,373217.0,2739.08,167309,1024.48,122198,1094.21,97038,1081.18,3854,6467,0.76,65.287,1,118.752,0
2025-01-06,UT,295,78304.94,265.44,3400000,342194.0,2522.54,117270,718.08,110805,988.77,73483,817.13,3440,5548,0.7488,58.455,1,119.152,0
2025-01-06,CA,308,88317.16,286.74,8200000,368500.0,2718.67,143798,883.6,122641,1095.39,76943,855.65,3560,6261,0.783,43.788,1,119.503,0
2025-01-06,PN,274,72313.09,263.92,6100000,333392.0,2446.64,104213,639.0,106201,951.13,60125,669.49,3126,5194,0.7958,49.062,1,120.115,0
2025-01-06,NE,232,62670.82,270.13,7400000,279589.0,2055.14,96881,590.64,92892,829.7,46619,518.41,2789,4342,0.7624,53.636,1,121.016,0
2025-01-13,CO,291,80328.93,276.04,5800000,302142.0,2237.21,155003,955.26,113464,1011.52,85542,949.68,3831,6104,0.7793,67.27,0,117.305,0
2025-01-13,UT,257,72597.92,282.48,3400000,273232.0,2000.81,135008,828.02,120999,1082.11,65171,724.12,3491,5308,0.7888,61.589,0,116.71,0
2025-01-13,CA,276,76354.5,276.65,8200000,274392.0,2009.31,130725,806.79,125217,1120.91,79396,885.06,3540,6043,0.749,47.839,0,117.481,0
2025-01-13,PN,263,64301.47,244.49,6100000,262373.0,1936.11,101497,625.11,101378,906.6,63130,703.31,3179,5033,0.7803,52.346,0,114.598,0
2025-01-13,NE,210,58226.89,277.27,7400000,227998.0,1692.92,92813,567.17,100024,894.75,43541,484.65,2577,4465,0.7857,57.275,0,114.655,0
2025-01-20,CO,292,76780.19,262.95,5800000,304819.0,2261.62,167821,1030.15,134600,1204.18,88434,984.43,3588,6095,0.8244,64.199,0,114.039,0
2025-01-20,UT,248,67838.91,273.54,3400000,282348.0,2074.91,118207,730.22,111826,995.94,69241,770.58,3434,5003,0.7866,63.922,0,114.632,0
2025-01-20,CA,267,68634.97,257.06,8200000,289077.0,2136.39,115603,709.78,123873,1108.49,77803,866.5,3645,5725,0.7943,42.593,0,115.869,0
2025-01-20,PN,251,64606.76,257.4,6100000,273443.0,2026.62,120445,742.15,101141,902.77,55082,612.98,3084,5194,0.7725,53.261,0,115.965,0
2025-01-20,NE,213,53602.21,251.65,7400000,243420.0,1788.11,97637,600.6,102234,912.33,52431,584.56,2953,4270,0.7807,56.411,0,116.407,0
2025-01-27,CO,314,77370.08,246.4,5800000,342073.0,2504.94,148978,918.49,121251,1085.6,85258,949.04,4012,5994,0.826,66.683,0,114.501,0
2025-01-27,UT,265,68016.11,256.66,3400000,281122.0,2074.43,117889,717.87,129420,1156.19,77740,864.76,3592,5789,0.8197,68.618,0,116.187,0
2025-01-27,CA,298,87626.94,294.05,8200000,306722.0,2251.5,131273,804.15,114555,1025.73,81742,910.16,3834,5588,0.8496,49.71,0,116.269,0
2025-01-27,PN,239,64807.4,271.16,6100000,263428.0,1916.94,105705,646.27,92787,829.06,53517,595.5,3031,5215,0.8371,52.218,0,114.0,0
2025-01-27,NE,229,60622.56,264.73,7400000,237382.0,1751.13,89366,546.63,104038,930.78,58254,648.12,2878,4844,0.8513,58.129,0,113.331,0
2025-02-03,CO,304,78774.03,259.13,5800000,321684.0,2373.93,153823,944.46,123800,1107.58,101815,1132.29,4021,6126,0.846,70.312,0,114.673,0
2025-02-03,UT,269,70277.76,261.26,3400000,298474.0,2207.56,116158,710.46,103318,923.04,76211,846.31,3390,5429,0.813,73.031,0,115.579,0
2025-02-03,CA,282,81449.7,288.83,8200000,296833.0,2174.29,133012,814.76,128600,1148.68,81335,904.88,3693,5936,0.8629,46.715,0,114.814,0
2025-02-03,PN,254,66297.51,261.01,6100000,276271.0,2049.69,126002,772.06,98251,877.98,63977,712.51,3065,5155,0.8735,59.66,0,113.005,0
2025-02-03,NE,229,58824.27,256.87,7400000,247126.0,1830.35,89718,551.53,98309,878.96,46169,513.55,2619,4398,0.8174,63.307,0,113.333,0
2025-02-10,CO,314,81524.59,259.63,5800000,335927.0,2457.03,139999,856.06,124819,1116.85,102815,1144.72,3967,5811,0.8312,72.102,0,112.673,0
2025-02-10,UT,273,70664.53,258.84,3400000,291019.0,2152.58,117469,718.1,113852,1016.47,67939,755.92,3476,5791,0.8985,75.921,0,112.192,0
2025-02-10,CA,273,73871.59,270.59,8200000,291820.0,2161.44,139882,856.17,121540,1085.48,84873,943.1,3820,5532,0.8453,52.27,0,114.491,0
2025-02-10,PN,261,70279.14,269.27,6100000,269185.0,1984.28,113945,697.4,97602,870.72,65089,723.67,3402,4941,0.8663,57.925,0,112.587,0
2025-02-10,NE,219,61730.98,281.88,7400000,237929.0,1741.55,93458,573.13,104200,930.96,48107,535.29,2874,4782,0.8648,61.341,0,113.735,0
2025-02-17,CO,414,114766.67,277.21,5800000,456618.0,3360.57,174202,1063.43,160269,1429.36,118721,1321.07,4491,8368,0.8538,76.628,1,110.691,1
2025-02-17,UT,364,90037.51,247.36,3400000,379815.0,2782.6,154780,952.8,153651,1367.63,83701,933.34,3914,7018,0.8454,73.791,1,110.683,1
2025-02-17,CA,405,113058.09,279.16,8200000,435146.0,3188.59,156781,965.67,175693,1569.55,102166,1135.92,4361,8229,0.8964,48.537,1,110.554,1
2025-02-17,PN,340,91091.61,267.92,6100000,390639.0,2897.55,140684,860.15,164714,1471.56,79487,884.22,3951,6914,0.8497,58.669,1,111.013,1
2025-02-17,NE,303,87135.19,287.57,7400000,331429.0,2454.99,115964,712.5,117667,1050.05,59200,658.81,3397,6502,0.8733,61.824,1,111.281,1
2025-02-24,CO,328,90921.38,277.2,5800000,335871.0,2506.83,150278,919.16,134746,1205.71,102891,1144.61,3858,6673,0.8855,75.699,0,110.212,0
2025-02-24,UT,254,69685.94,274.35,3400000,261760.0,1929.04,111211,682.64,116028,1036.4,67376,749.14,3184,5923,0.9061,75.734,0,111.468,0
2025-02-24,CA,281,77665.79,276.39,8200000,300870.0,2195.87,133267,821.75,134926,1205.66,72859,812.09,3383,6172,0.9321,50.258,0,111.441,0
2025-02-24,PN,265,67940.9,256.38,6100000,268435.0,1980.36,100328,617.0,104402,935.75,64923,723.16,3189,5333,0.868,63.678,0,109.965,0
2025-02-24,NE,222,55636.2,250.61,7400000,231405.0,1705.77,96798,589.81,84841,757.76,55974,622.14,2979,4856,0.918,66.539,0,110.712,0
2025-03-03,CO,303,83559.05,275.77,5800000,315089.0,2332.17,169560,1036.52,143042,1279.41,97346,1083.45,3955,6567,0.8255,75.973,0,111.586,0
2025-03-03,UT,279,80109.48,287.13,3400000,289607.0,2149.49,124419,764.33,110542,986.93,80567,895.68,3472,5279,0.826,73.573,0,111.8,0
2025-03-03,CA,298,74379.46,249.6,8200000,311873.0,2306.73,125624,765.75,122334,1094.55,88712,987.39,3730,5782,0.8273,49.941,0,109.863,0
2025-03-03,PN,264,75018.1,284.16,6100000,277961.0,2050.85,100317,616.26,114270,1020.05,64980,723.2,3143,4932,0.8534,61.836,0,110.841,0
2025-03-03,NE,241,66530.67,276.06,7400000,235222.0,1747.34,99372,611.77,89609,799.16,51094,569.79,2873,4427,0.8849,69.675,0,111.123,0
2025-03-10,CO,309,81498.58,263.75,5800000,327797.0,2428.58,155704,950.5,137959,1231.44,80654,898.26,3574,6357,0.8381,80.228,0,110.657,0
2025-03-10,UT,286,73293.57,256.27,3400000,298287.0,2214.18,119156,728.73,122643,1093.07,79341,883.07,3521,5301,0.8498,79.52,0,110.269,0
2025-03-10,CA,298,82678.31,277.44,8200000,320991.0,2356.33,121016,739.5,128973,1150.43,86218,959.12,3303,6160,0.8683,48.21,0,110.361,0
2025-03-10,PN,259,72404.91,279.56,6100000,279734.0,2062.48,129451,794.01,112006,1001.1,62919,700.62,3056,5414,0.8293,65.964,0,109.398,0
2025-03-10,NE,227,62761.93,276.48,7400000,241936.0,1803.05,98106,602.71,102909,920.06,41125,457.07,2508,4644,0.8461,70.277,0,108.591,0
2025-03-17,CO,323,76143.64,235.74,5800000,332549.0,2425.32,141504,866.69,132417,1179.59,115019,1280.13,3738,6556,0.8737,78.72,0,107.678,0
2025-03-17,UT,256,62126.67,242.68,3400000,285749.0,2087.39,127237,784.48,115764,1034.89,70196,781.09,3278,5826,0.8526,79.184,0,107.897,0
2025-03-17,CA,293,68374.1,233.36,8200000,310237.0,2275.63,114958,704.81,124265,1111.84,90317,1005.59,3246,5757,0.8438,50.323,0,106.885,0
2025-03-17,PN,258,60140.37,233.1,6100000,257641.0,1886.83,109654,673.56,107062,955.98,66614,740.37,3134,5384,0.8705,58.651,0,108.134,0
2025-03-17,NE,240,65727.59,273.86,7400000,251727.0,1856.57,93468,571.79,94999,847.86,45566,507.05,2613,4867,0.9179,71.392,0,106.617,0
2025-03-24,CO,322,75059.94,233.11,5800000,358861.0,2640.71,166383,1017.57,114351,1020.86,94846,1055.56,3791,6284,0.9261,80.263,0,106.764,0
2025-03-24,UT,280,74062.3,264.51,3400000,276995.0,2047.72,134572,826.38,119078,1062.68,67083,745.57,3494,5268,0.8957,78.461,0,104.332,0
2025-03-24,CA,274,70793.32,258.37,8200000,291119.0,2141.45,114040,698.36,122009,1089.18,80195,892.91,3329,5616,0.9063,55.783,0,106.703,0
2025-03-24,PN,236,55828.76,236.56,6100000,255465.0,1887.36,121657,745.92,115298,1032.08,56607,628.54,2898,5268,0.8498,64.408,0,104.799,0
2025-03-24,NE,228,53000.92,232.46,7400000,256648.0,1894.85,116171,713.42,88499,790.35,55574,618.65,2815,4714,0.8838,69.53,0,106.901,0
2025-03-31,CO,307,79226.41,258.07,5800000,314594.0,2318.87,146259,900.76,130589,1168.97,107853,1201.15,3863,6395,0.8666,81.267,0,105.516,0
2025-03-31,UT,279,62742.6,224.88,3400000,271022.0,1999.13,122970,756.99,122833,1099.34,70535,785.06,3138,5495,0.8627,78.454,0,103.67,0
2025-03-31,CA,290,70706.14,243.81,8200000,316428.0,2348.36,123880,757.46,122253,1094.76,89946,1000.05,3403,5561,0.8959,53.919,0,103.787,0
2025-03-31,PN,257,64829.87,252.26,6100000,258835.0,1886.76,109787,673.82,105615,946.56,76636,852.26,3226,5179,0.9307,61.918,0,105.409,0
2025-03-31,NE,228,53505.53,234.67,7400000,249190.0,1850.97,97125,595.13,104149,929.82,52792,587.52,2886,4874,0.9019,65.487,0,105.121,0
2025-04-07,CO,290,74109.28,255.55,5800000,300138.0,2205.03,149489,914.35,126888,1135.92,107621,1198.26,3790,6141,0.9127,32.334,0,103.849,0
2025-04-07,UT,281,73470.96,261.46,3400000,262477.0,1921.94,114130,697.92,116305,1040.93,76784,856.32,3203,5494,0.9326,31.515,0,101.744,0
2025-04-07,CA,295,77813.72,263.78,8200000,300297.0,2227.0,124092,756.22,121592,1088.49,80737,897.41,3488,6195,0.9373,25.177,0,102.623,0
2025-04-07,PN,236,63086.27,267.31,6100000,250176.0,1851.19,108662,664.18,113479,1012.97,56227,625.77,2763,5337,0.8921,25.315,0,103.52,0
2025-04-07,NE,219,57909.41,264.43,7400000,239697.0,1770.42,101810,621.92,90840,808.89,52539,583.98,2657,4883,0.8781,27.925,0,101.981,0
2025-04-14,CO,306,72179.38,235.88,5800000,324236.0,2413.53,135061,830.64,122235,1091.55,89191,991.79,3736,6118,0.9244,28.859,0,100.695,0
2025-04-14,UT,268,66942.36,249.78,3400000,284354.0,2087.98,123252,754.46,119141,1063.78,88841,989.06,3339,5720,0.8676,24.847,0,100.786,0
2025-04-14,CA,286,60303.94,210.85,8200000,314161.0,2327.77,118298,727.37,121061,1082.25,80352,893.53,3177,5802,0.9237,23.126,0,99.357,0
2025-04-14,PN,252,60530.39,240.2,6100000,251050.0,1850.3,100067,613.87,117158,1047.36,59221,660.26,2972,4747,0.8852,25.906,0,100.648,0
2025-04-14,NE,247,63935.73,258.85,7400000,252179.0,1870.74,86225,529.2,99351,888.8,46175,513.87,2508,4814,0.8747,23.856,0,101.49,0
2025-04-21,CO,315,66942.11,212.51,5800000,324342.0,2382.75,135296,831.79,117510,1050.36,98589,1096.63,3609,5888,0.9312,26.553,0,100.24,0
2025-04-21,UT,257,60804.14,236.59,3400000,270983.0,1998.13,121726,747.27,114249,1024.28,75196,837.29,3182,5689,0.8593,26.057,0,97.882,0
2025-04-21,CA,299,68726.34,229.85,8200000,306615.0,2239.31,141872,869.16,115095,1030.93,83017,923.33,3513,5952,0.8958,25.225,0,100.221,0
2025-04-21,PN,255,59569.86,233.61,6100000,275577.0,2018.53,103303,632.5,102632,916.22,60318,670.74,2783,5134,0.9202,27.703,0,99.383,0
2025-04-21,NE,216,45022.78,208.44,7400000,226441.0,1660.28,103392,638.38,97254,869.09,43294,481.29,2468,4219,0.8836,25.23,0,98.822,0
2025-04-28,CO,295,71703.53,243.06,5800000,313619.0,2306.42,139109,848.09,130076,1160.04,102853,1142.41,3740,5542,0.8847,27.774,0,96.533,0
2025-04-28,UT,264,65369.92,247.61,3400000,277189.0,2040.03,121424,740.96,112512,1002.33,60549,673.23,3097,5452,0.8778,27.217,0,97.125,0
2025-04-28,CA,273,65011.2,238.14,8200000,290334.0,2140.23,121565,749.79,124978,1116.19,73065,812.83,3220,5292,0.9171,21.729,0,95.723,0
2025-04-28,PN,254,58330.65,229.65,6100000,273721.0,2010.8,103469,636.88,102353,912.31,59883,665.1,2688,4836,0.9316,24.559,0,96.712,0
2025-04-28,NE,233,54625.7,234.45,7400000,239322.0,1766.55,103395,631.11,87221,780.17,45613,506.27,2602,4646,0.9109,29.541,0,97.251,0
2025-05-05,CO,284,65713.39,231.39,5800000,313658.0,2322.72,138657,851.68,128466,1146.38,95284,1060.09,3626,5484,0.8702,25.423,0,97.304,0
2025-05-05,UT,281,59384.8,211.33,3400000,286966.0,2136.45,126087,777.05,102989,919.88,78744,875.64,3252,5008,0.9125,23.331,0,96.55,0
2025-05-05,CA,270,60681.51,224.75,8200000,275608.0,2017.55,133650,821.68,116715,1046.84,86585,962.67,3194,5387,0.9076,22.616,0,95.643,0
2025-05-05,PN,247,53590.14,216.96,6100000,258969.0,1904.96,104144,636.43,106886,957.15,61845,687.18,3012,4636,0.8702,21.514,0,96.92,0
2025-05-05,NE,216,50281.79,232.79,7400000,225516.0,1664.63,90401,553.4,101438,906.37,44905,499.88,2584,4184,0.8969,23.664,0,96.396,0
2025-05-12,CO,286,59166.32,206.88,5800000,286273.0,2108.06,157625,967.24,128547,1148.48,75862,843.28,3171,5413,0.8844,28.135,0,95.176,0
2025-05-12,UT,242,57304.91,236.8,3400000,256679.0,1886.64,118937,725.95,96674,863.47,64580,719.79,2845,4811,0.8419,23.032,0,94.581,0
2025-05-12,CA,276,65406.58,236.98,8200000,296292.0,2165.37,139869,857.64,118278,1056.74,89598,996.2,3346,5144,0.8509,26.896,0,93.717,0
2025-05-12,PN,231,48061.34,208.06,6100000,257328.0,1890.48,111886,687.66,103981,926.93,63625,707.12,2777,5022,0.8435,26.584,0,95.819,0
2025-05-12,NE,221,46347.92,209.72,7400000,220891.0,1609.96,110965,680.88,90535,810.17,55082,612.67,2596,4439,0.9141,28.833,0,95.405,0
2025-05-19,CO,291,62086.15,213.35,5800000,305720.0,2237.37,146924,901.52,132045,1179.23,98666,1096.99,3575,5956,0.8384,22.891,0,93.093,0
2025-05-19,UT,254,60848.56,239.56,3400000,262213.0,1937.72,137251,842.55,100929,899.59,67081,745.39,3039,4864,0.8622,25.471,0,92.292,0
2025-05-19,CA,259,58758.86,226.87,8200000,271100.0,1990.92,125020,763.29,118925,1062.38,78415,872.23,3268,5427,0.8717,19.216,0,93.968,0
2025-05-19,PN,227,51786.69,228.14,6100000,243305.0,1777.33,114964,705.28,101786,909.37,61769,687.79,2856,4540,0.8364,21.025,0,93.82,0
2025-05-19,NE,213,50524.77,237.21,7400000,229458.0,1704.34,87646,536.77,92995,831.24,44541,495.47,2323,3966,0.8403,26.418,0,93.866,0
2025-05-26,CO,318,69570.94,218.78,5800000,343360.0,2536.8,134681,825.17,114998,1029.13,89528,998.42,3502,5849,0.8264,27.757,1,96.148,0
2025-05-26,UT,299,72446.29,242.3,3400000,338079.0,2522.63,139204,853.84,115448,1029.55,65607,730.16,3187,5508,0.8588,21.773,1,96.127,0
2025-05-26,CA,295,64042.04,217.09,8200000,342965.0,2526.66,118726,729.81,115028,1028.54,76504,850.04,3005,5293,0.8777,21.092,1,94.735,0
2025-05-26,PN,280,65358.09,233.42,6100000,324053.0,2394.59,102413,627.39,112125,1001.59,50494,562.06,2771,5030,0.8212,25.688,1,96.391,0
2025-05-26,NE,255,53125.12,208.33,7400000,283369.0,2083.49,99167,610.05,93173,835.21,50639,562.38,2557,4208,0.8481,21.145,1,96.392,0
2025-06-02,CO,329,64070.24,194.74,5800000,338440.0,2490.22,175408,1076.99,130614,1166.2,85778,954.72,3348,7077,0.8782,22.862,0,84.9,1
2025-06-02,UT,268,54784.89,204.42,3400000,269751.0,1978.15,148907,915.46,129293,1156.41,63799,709.77,3077,6030,0.8712,21.332,0,84.08,1
2025-06-02,CA,308,64985.65,210.99,8200000,312987.0,2304.05,155485,958.08,133126,1192.97,77013,856.03,3267,6767,0.8084,23.398,0,85.301,1
2025-06-02,PN,276,52370.21,189.75,6100000,274881.0,2019.91,127755,780.43,132777,1186.16,61157,681.39,3050,5462,0.8433,25.764,0,83.716,1
2025-06-02,NE,218,48396.57,222.0,7400000,215337.0,1587.68,121359,748.23,117123,1046.68,48965,544.89,2648,5169,0.8054,22.541,0,85.766,1
2025-06-09,CO,261,57589.21,220.65,5800000,289460.0,2129.5,139780,855.73,106850,955.16,88436,985.13,3292,5075,0.8357,23.983,0,91.09,0
2025-06-09,UT,217,47410.46,218.48,3400000,237234.0,1759.35,134649,826.74,106146,949.77,65962,734.13,2953,5069,0.785,26.875,0,90.479,0
2025-06-09,CA,252,58607.22,232.57,8200000,281735.0,2065.67,119710,729.67,103533,926.08,67261,746.76,3086,5370,0.8552,17.949,0,89.569,0
2025-06-09,PN,232,53469.97,230.47,6100000,246382.0,1817.81,102376,628.24,88155,785.55,49014,545.74,2449,4448,0.8384,23.825,0,90.211,0
2025-06-09,NE,190,42202.27,222.12,7400000,212632.0,1572.47,105100,643.16,81439,726.46,48115,535.5,2433,3808,0.7919,22.602,0,90.846,0
2025-06-16,CO,258,55381.94,214.66,5800000,274755.0,2033.78,136288,829.71,102756,916.54,70217,780.74,2871,4938,0.8106,21.046,0,87.732,0
2025-06-16,UT,213,41760.77,196.06,3400000,234082.0,1739.01,126455,778.57,99987,890.99,71032,791.46,2853,4990,0.8085,25.083,0,90.215,0
2025-06-16,CA,237,45453.18,191.79,8200000,261867.0,1908.21,136357,834.02,105723,944.61,72869,811.97,3082,5039,0.8314,20.53,0,90.232,0
2025-06-16,PN,210,44793.01,213.3,6100000,231979.0,1711.83,94927,581.75,86069,766.67,55904,622.92,2705,4437,0.8391,22.334,0,89.22,0
2025-06-16,NE,199,43053.22,216.35,7400000,216984.0,1597.11,84944,520.74,72798,649.82,39412,437.48,2235,3958,0.8054,25.067,0,87.616,0
2025-06-23,CO,253,51072.19,201.87,5800000,267422.0,1977.54,128608,789.73,100580,896.66,79807,887.11,2820,5094,0.7941,20.395,0,87.885,0
2025-06-23,UT,216,41040.79,190.0,3400000,245033.0,1826.46,122291,749.42,95383,854.74,60749,677.26,2725,4334,0.7635,26.827,0,88.952,0
2025-06-23,CA,244,50143.46,205.51,8200000,253167.0,1848.07,141506,869.28,97498,867.98,70555,785.96,2752,4591,0.7552,23.453,0,87.625,0
2025-06-23,PN,209,47220.82,225.94,6100000,221863.0,1623.66,118966,732.72,92177,824.24,49806,553.85,2306,4157,0.7587,20.561,0,89.791,0
2025-06-23,NE,190,38252.86,201.33,7400000,205093.0,1503.67,98813,608.76,77771,694.48,44682,496.96,2187,3687,0.7723,23.161,0,88.675,0
2025-06-30,CO,268,60539.22,225.89,5800000,277639.0,2046.77,145810,893.28,106223,945.85,74002,822.71,2836,5380,0.7418,25.755,0,87.468,0
2025-06-30,UT,221,42582.72,192.68,3400000,216052.0,1587.32,105877,647.62,96808,864.95,64448,716.03,2670,4831,0.743,19.14,0,87.706,0
2025-06-30,CA,222,49485.29,222.91,8200000,232513.0,1706.29,121574,743.66,100119,894.16,66794,743.06,2606,5153,0.7409,17.025,0,89.126,0
2025-06-30,PN,208,42681.79,205.2,6100000,224864.0,1645.96,116066,715.1,86200,772.28,53152,591.67,2665,4461,0.7496,21.341,0,88.993,0
2025-06-30,NE,191,36279.19,189.94,7400000,203042.0,1492.98,89175,546.78,77395,690.47,40909,455.42,2233,3835,0.772,20.46,0,86.75,0
2025-07-07,CO,240,50855.08,211.9,5800000,259692.0,1931.65,130565,799.46,102990,922.49,78077,869.08,2956,4909,0.8124,22.057,0,87.223,0
2025-07-07,UT,226,45070.52,199.43,3400000,232643.0,1693.58,117359,724.02,91195,816.67,53582,595.56,2518,4620,0.8126,20.04,0,87.147,0
2025-07-07,CA,223,45032.39,201.94,8200000,258254.0,1909.67,125529,775.57,100646,899.24,65434,728.71,2547,4524,0.7634,19.795,0,86.57,0
2025-07-07,PN,220,46837.13,212.9,6100000,211054.0,1548.16,113708,695.41,84949,759.38,45072,500.79,2273,4063,0.8325,23.884,0,88.01,0
2025-07-07,NE,176,39398.36,223.85,7400000,182279.0,1347.17,105303,644.71,79102,707.12,34999,389.34,1910,3522,0.8366,24.471,0,88.979,0
2025-07-14,CO,249,46530.71,186.87,5800000,239227.0,1761.26,140025,864.53,92939,830.09,86739,965.96,2799,5064,0.769,25.47,0,87.947,0
2025-07-14,UT,221,44123.42,199.65,3400000,219798.0,1617.63,120933,742.73,100461,898.74,53488,596.39,2324,4351,0.7553,23.224,0,87.984,0
2025-07-14,CA,238,47241.31,198.49,8200000,254292.0,1879.44,120621,739.74,109189,975.77,60803,676.47,2423,4965,0.8166,16.622,0,87.952,0
2025-07-14,PN,184,38109.07,207.11,6100000,212368.0,1554.96,106793,652.13,76266,680.94,52478,585.03,2189,3936,0.7929,20.542,0,87.078,0
2025-07-14,NE,175,38919.56,222.4,7400000,196843.0,1467.04,111698,685.25,79627,710.07,40075,445.96,1918,3667,0.7879,18.874,0,88.566,0
2025-07-21,CO,229,45813.57,200.06,5800000,265957.0,1967.18,129361,796.71,102057,908.77,67105,745.44,2460,4534,0.7677,17.514,0,87.817,0
2025-07-21,UT,216,44961.21,208.15,3400000,229583.0,1676.63,112360,685.7,83010,742.04,59714,663.28,2592,4275,0.7323,22.55,0,88.109,0
2025-07-21,CA,229,43813.71,191.33,8200000,237951.0,1758.48,136085,836.1,100968,903.56,62107,691.59,2374,4656,0.7768,19.562,0,86.507,0
2025-07-21,PN,193,43428.95,225.02,6100000,210559.0,1535.98,108484,668.0,84325,754.78,46426,516.72,2060,4075,0.7562,23.088,0,87.434,0
2025-07-21,NE,169,36546.55,216.25,7400000,183962.0,1365.53,89868,553.73,69773,622.06,37900,420.8,1897,3729,0.7772,21.699,0,87.495,0
2025-07-28,CO,225,45034.85,200.15,5800000,260928.0,1922.43,142862,876.58,93656,835.29,71087,790.41,2659,4614,0.7123,17.118,0,88.076,0
2025-07-28,UT,220,44816.11,203.71,3400000,228152.0,1674.43,123537,758.51,92912,832.75,54738,608.77,2320,4471,0.759,20.584,0,89.64,0
2025-07-28,CA,223,49062.05,220.01,8200000,225813.0,1643.0,125220,772.85,87030,778.08,60968,677.15,2656,4378,0.7678,21.934,0,87.743,0
2025-07-28,PN,195,40657.92,208.5,6100000,210205.0,1549.11,105057,646.98,78572,702.8,45675,509.06,2145,3938,0.7195,21.566,0,88.92,0
2025-07-28,NE,148,28553.93,192.93,7400000,182305.0,1355.19,105313,647.73,73942,662.8,37923,422.51,1954,3418,0.699,20.589,0,88.056,0
2025-08-04,CO,248,48472.5,195.45,5800000,260509.0,1928.62,129043,792.49,92770,827.23,68562,763.11,2644,4816,0.707,19.232,0,89.807,0
2025-08-04,UT,203,46323.79,228.2,3400000,212260.0,1571.82,118414,722.37,87603,782.77,54739,609.33,2168,4187,0.705,23.692,0,89.298,0
2025-08-04,CA,220,43840.66,199.28,8200000,237244.0,1737.72,129868,800.9,92493,826.03,68712,764.37,2456,4526,0.6979,19.744,0,90.452,0
2025-08-04,PN,179,37479.6,209.38,6100000,201957.0,1496.8,92927,569.47,79014,703.44,46830,520.68,2026,3921,0.7363,23.547,0,88.004,0
2025-08-04,NE,158,30930.1,195.76,7400000,181393.0,1342.71,107619,660.92,68326,611.42,39900,444.58,1988,3410,0.6918,22.873,0,90.409,0
2025-08-11,CO,261,57236.03,219.3,5800000,260178.0,1916.97,181207,1107.75,136690,1221.58,70119,779.39,2735,5490,0.6969,23.143,0,85.198,1
2025-08-11,UT,222,41321.38,186.13,3400000,233149.0,1736.15,150137,927.12,95481,852.94,54175,603.38,2394,5124,0.6945,19.023,0,83.196,1
2025-08-11,CA,240,46131.16,192.21,8200000,235699.0,1737.28,164894,1013.86,108668,973.16,63586,708.21,2496,5965,0.7149,18.375,0,83.38,1
2025-08-11,PN,207,39849.92,192.51,6100000,227301.0,1693.12,135428,835.49,96348,861.85,46998,522.07,2115,5154,0.659,20.965,0,83.115,1
2025-08-11,NE,190,37622.0,198.01,7400000,205616.0,1503.5,125858,768.18,90165,804.66,46710,520.19,2214,4353,0.6587,15.789,0,85.779,1
2025-08-18,CO,230,49111.8,213.53,5800000,241405.0,1771.49,118797,728.77,94478,840.54,69507,774.02,2584,4555,0.6717,20.988,0,91.111,0
2025-08-18,UT,203,39204.32,193.12,3400000,217043.0,1581.21,108726,670.35,94389,844.4,53194,591.26,2375,4007,0.7169,20.927,0,91.407,0
2025-08-18,CA,215,47717.86,221.94,8200000,219717.0,1607.43,108635,665.33,85111,758.43,64279,715.74,2503,4489,0.6724,16.239,0,92.238,0
2025-08-18,PN,187,41022.81,219.37,6100000,204135.0,1498.22,118178,726.91,79191,707.01,40818,454.54,2106,3694,0.6433,19.206,0,92.108,0
2025-08-18,NE,160,37063.83,231.65,7400000,169712.0,1247.74,82571,507.14,66855,597.72,40496,451.27,1857,3660,0.6379,22.39,0,91.454,0
2025-08-25,CO,217,46301.58,213.37,5800000,244047.0,1807.65,145143,893.68,97812,872.17,64334,717.19,2427,4943,0.6601,18.107,0,92.044,0
2025-08-25,UT,203,42783.78,210.76,3400000,226223.0,1661.31,118048,720.3,89560,801.98,50246,559.51,2172,3955,0.6288,18.445,0,93.266,0
2025-08-25,CA,211,42348.75,200.7,8200000,237134.0,1742.06,126987,782.0,92633,825.37,64763,721.27,2601,4404,0.6323,17.177,0,91.962,0
2025-08-25,PN,180,43170.1,239.83,6100000,206247.0,1528.81,117198,717.15,81329,726.94,45780,509.98,2327,3814,0.6652,19.806,0,92.355,0
2025-08-25,NE,161,34867.61,216.57,7400000,173395.0,1279.13,98179,606.66,73827,657.46,34718,386.12,1975,3659,0.6276,19.941,0,90.955,0
2025-09-01,CO,232,50938.16,219.56,5800000,292567.0,2171.69,123023,754.78,105578,940.84,66367,739.61,2885,4989,0.5478,19.415,1,97.386,0
2025-09-01,UT,215,54983.5,255.74,3400000,281096.0,2069.2,123484,757.59,86620,774.72,49050,545.49,2483,4647,0.5999,19.069,1,99.065,0
2025-09-01,CA,232,55298.18,238.35,8200000,263233.0,1935.47,110666,677.63,106936,954.93,68753,764.63,2886,4663,0.5854,17.725,1,99.928,0
2025-09-01,PN,209,46664.3,223.27,6100000,246651.0,1825.26,120746,741.9,86084,771.42,53942,600.97,2443,4021,0.607,20.94,1,99.144,0
2025-09-01,NE,186,40422.83,217.33,7400000,230114.0,1701.32,95094,581.49,76139,680.84,36849,410.24,2180,3766,0.6097,22.333,1,99.299,0
2025-09-08,CO,216,47285.71,218.92,5800000,245373.0,1793.98,137608,846.67,90072,806.32,70353,782.52,2854,4827,0.5617,16.643,0,96.701,0
2025-09-08,UT,198,49306.63,249.02,3400000,208414.0,1539.07,111595,680.36,85698,765.15,62188,692.67,2500,4131,0.587,17.018,0,96.234,0
2025-09-08,CA,210,47046.72,224.03,8200000,232701.0,1702.7,122115,754.01,96286,863.02,57383,639.43,2756,4547,0.6009,20.229,0,96.208,0
2025-09-08,PN,178,41989.67,235.9,6100000,195647.0,1433.98,116774,718.01,80344,718.19,47013,523.09,2328,3912,0.5656,17.9,0,95.923,0
2025-09-08,NE,159,33878.16,213.07,7400000,183440.0,1347.28,104769,642.84,70100,624.79,38373,427.44,1881,3464,0.5833,16.789,0,96.118,0
2025-09-15,CO,235,50946.33,216.79,5800000,231530.0,1701.93,141540,863.98,106961,953.28,63796,708.41,2639,5377,0.5519,17.0,0,91.185,1
2025-09-15,UT,205,43342.08,211.42,3400000,228691.0,1668.66,112140,683.32,81276,726.21,60894,677.67,2573,5270,0.5217,20.334,0,92.865,1
2025-09-15,CA,224,47804.28,213.41,8200000,245792.0,1824.42,118802,724.08,93268,831.41,65851,732.1,2830,5628,0.5769,16.833,0,91.82,1
2025-09-15,PN,199,46071.63,231.52,6100000,208735.0,1538.38,105791,650.71,91740,820.07,49952,554.92,2361,4777,0.5613,16.368,0,91.912,1
2025-09-15,NE,178,39687.93,222.97,7400000,199072.0,1459.48,97236,593.45,71443,636.88,42068,467.48,2164,4116,0.5276,22.871,0,91.009,1
2025-09-22,CO,228,56830.41,249.26,5800000,255094.0,1897.99,135337,834.36,96749,865.02,68197,757.57,2527,4546,0.5472,16.721,0,100.006,0
2025-09-22,UT,210,45933.25,218.73,3400000,231019.0,1702.54,116605,714.27,79607,709.85,48774,541.99,2294,4025,0.5809,19.012,0,99.729,0
2025-09-22,CA,218,45737.94,209.81,8200000,245201.0,1795.67,125753,770.85,96289,861.25,55239,615.88,2564,4323,0.5381,18.361,0,97.661,0
2025-09-22,PN,183,41239.44,225.35,6100000,197539.0,1443.42,112379,692.82,80049,713.02,44571,494.75,2288,4053,0.521,20.6,0,100.23,0
2025-09-22,NE,169,43793.34,259.13,7400000,189947.0,1407.9,104778,645.34,76984,689.57,36194,402.4,2011,3485,0.5449,16.261,0,100.001,0
2025-09-29,CO,194,45173.17,232.85,5800000,226663.0,1671.33,145889,892.61,103787,929.65,67135,747.4,2798,4748,0.5174,20.745,0,99.829,0
2025-09-29,UT,196,47501.21,242.35,3400000,210380.0,1543.87,106208,650.65,81362,725.2,65121,724.72,2522,4071,0.5174,18.973,0,99.975,0
2025-09-29,CA,203,48518.73,239.01,8200000,227860.0,1672.96,128744,787.72,90128,805.31,56400,627.64,2418,4709,0.5306,21.73,0,101.752,0
2025-09-29,PN,194,43031.61,221.81,6100000,222288.0,1632.07,105835,644.92,86052,767.01,49308,548.32,2252,4170,0.5437,20.594,0,98.904,0
2025-09-29,NE,172,43286.03,251.66,7400000,192710.0,1426.78,102541,629.81,70190,625.3,40297,448.5,1919,3446,0.5408,20.136,0,98.833,0
2025-10-06,CO,224,49408.04,220.57,5800000,260076.0,1938.94,140181,856.58,89408,799.17,78706,875.56,2925,5116,0.5472,18.918,0,102.793,0
2025-10-06,UT,179,46858.69,261.78,3400000,227681.0,1689.54,119899,731.89,90650,807.43,57681,641.38,2607,4357,0.55,20.835,0,101.627,0
2025-10-06,CA,193,46526.09,241.07,8200000,220844.0,1628.54,108720,666.87,86346,770.65,76174,847.54,2810,4684,0.5114,16.471,0,101.023,0
2025-10-06,PN,178,38856.38,218.29,6100000,192916.0,1426.45,121190,745.41,90168,804.39,51596,573.38,2388,3775,0.5063,22.685,0,100.99,0
2025-10-06,NE,174,38007.16,218.43,7400000,189238.0,1396.34,103716,633.7,75841,680.07,42489,472.87,2123,3589,0.5289,17.473,0,102.462,0
2025-10-13,CO,216,49988.44,231.43,5800000,249214.0,1835.91,127502,782.77,105805,944.0,62120,691.11,2614,5113,0.5391,15.701,0,103.338,0
2025-10-13,UT,194,46482.03,239.6,3400000,228699.0,1692.66,98616,604.66,87201,779.46,52690,585.5,2498,4135,0.5679,18.659,0,104.104,0
2025-10-13,CA,198,45220.52,228.39,8200000,228638.0,1691.02,132879,815.8,94882,847.65,68137,757.22,2734,4922,0.5011,18.643,0,103.934,0
2025-10-13,PN,187,47315.5,253.02,6100000,221350.0,1625.46,117775,721.96,91374,815.47,51896,577.31,2487,4329,0.5243,20.667,0,102.516,0
2025-10-13,NE,178,41097.98,230.89,7400000,197365.0,1461.19,100100,613.16,77816,696.91,41792,464.68,2239,3780,0.5003,21.107,0,103.13,0
2025-10-20,CO,228,54197.97,237.71,5800000,254931.0,1871.62,127888,786.75,112140,1003.27,87875,977.48,3070,4852,0.5093,21.738,0,106.473,0
2025-10-20,UT,189,42175.95,223.15,3400000,232192.0,1723.68,125053,768.89,91935,822.0,65597,730.91,2686,4221,0.5571,23.392,0,104.355,0
2025-10-20,CA,206,53938.24,261.84,8200000,234816.0,1704.01,115176,704.44,93136,832.67,66493,738.91,2636,4513,0.5027,22.087,0,106.213,0
2025-10-20,PN,186,43963.96,236.37,6100000,224944.0,1654.46,102969,634.88,86446,773.7,48561,541.54,2300,4266,0.5583,16.852,0,106.3,0
2025-10-20,NE,168,43092.15,256.5,7400000,181020.0,1334.46,97383,598.38,82098,733.18,42831,476.98,2316,3550,0.5248,22.327,0,105.004,0
2025-10-27,CO,216,55606.17,257.44,5800000,248682.0,1839.59,135504,834.77,97934,875.92,80716,896.6,3064,4742,0.5432,24.127,0,106.804,0
2025-10-27,UT,206,50962.67,247.39,3400000,248633.0,1845.9,122315,752.07,98108,878.11,57443,638.58,2501,4520,0.5073,22.19,0,108.202,0
2025-10-27,CA,206,46818.21,227.27,8200000,234342.0,1725.86,121240,747.87,103015,921.22,58581,652.95,2745,5016,0.5056,18.382,0,106.387,0
2025-10-27,PN,197,44796.11,227.39,6100000,210803.0,1532.44,116249,711.69,85274,762.6,50397,560.59,2417,3952,0.5371,15.831,0,105.721,0
2025-10-27,NE,160,36688.6,229.3,7400000,194069.0,1438.15,91838,560.54,71405,638.01,43778,487.56,2112,3646,0.5577,16.845,0,105.453,0
