date,geo,campaign,channel,impressions,clicks,cost,ctr,cpc
2024-02-05,CA,Search | Brand,paid_search,26063,2195,160.19,0.084219,0.073
2024-02-06,CA,Search | Brand,paid_search,29658,2862,150.56,0.0965,0.0526
2024-02-07,CA,Search | Brand,paid_search,25677,2009,162.78,0.078241,0.081
2024-02-08,CA,Search | Brand,paid_search,27370,2562,163.42,0.093606,0.0638
2024-02-09,CA,Search | Brand,paid_search,23959,2744,160.09,0.114529,0.0583
2024-02-10,CA,Search | Brand,paid_search,27457,2283,159.5,0.083148,0.0699
2024-02-11,CA,Search | Brand,paid_search,33515,1869,166.94,0.055766,0.0893
2024-02-05,CA,Search | Nonbrand,paid_search,31477,967,276.54,0.030721,0.286
2024-02-06,CA,Search | Nonbrand,paid_search,24334,1160,235.94,0.04767,0.2034
2024-02-07,CA,Search | Nonbrand,paid_search,24745,991,206.03,0.040048,0.2079
2024-02-08,CA,Search | Nonbrand,paid_search,27952,1267,263.27,0.045328,0.2078
2024-02-09,CA,Search | Nonbrand,paid_search,24209,1200,191.06,0.049568,0.1592
2024-02-10,CA,Search | Nonbrand,paid_search,30566,1010,198.93,0.033043,0.197
2024-02-11,CA,Search | Nonbrand,paid_search,26372,1242,259.27,0.047095,0.2088
2024-02-05,CA,Shopping | Instruments,shopping,26603,706,209.04,0.026538,0.2961
2024-02-06,CA,Shopping | Instruments,shopping,23338,731,203.08,0.031322,0.2778
2024-02-07,CA,Shopping | Instruments,shopping,30276,784,162.35,0.025895,0.2071
2024-02-08,CA,Shopping | Instruments,shopping,23797,932,165.8,0.039165,0.1779
2024-02-09,CA,Shopping | Instruments,shopping,26200,693,154.71,0.02645,0.2232
2024-02-10,CA,Shopping | Instruments,shopping,22803,770,234.74,0.033767,0.3049
2024-02-11,CA,Shopping | Instruments,shopping,27785,844,172.05,0.030376,0.2039
2024-02-05,TX,Search | Brand,paid_search,25482,1748,143.26,0.068597,0.082
2024-02-06,TX,Search | Brand,paid_search,21072,1659,104.46,0.07873,0.063
2024-02-07,TX,Search | Brand,paid_search,18610,1949,124.5,0.104729,0.0639
2024-02-08,TX,Search | Brand,paid_search,22637,1695,161.16,0.074877,0.0951
2024-02-09,TX,Search | Brand,paid_search,25170,2027,113.02,0.080532,0.0558
2024-02-10,TX,Search | Brand,paid_search,27049,2093,137.35,0.077378,0.0656
2024-02-11,TX,Search | Brand,paid_search,21734,2118,154.43,0.097451,0.0729
2024-02-05,TX,Search | Nonbrand,paid_search,27508,858,209.22,0.031191,0.2438
2024-02-06,TX,Search | Nonbrand,paid_search,20520,787,147.39,0.038353,0.1873
2024-02-07,TX,Search | Nonbrand,paid_search,24086,1083,183.68,0.044964,0.1696
2024-02-08,TX,Search | Nonbrand,paid_search,22349,944,182.02,0.042239,0.1928
2024-02-09,TX,Search | Nonbrand,paid_search,21792,776,209.92,0.035609,0.2705
2024-02-10,TX,Search | Nonbrand,paid_search,19665,1108,206.87,0.056344,0.1867
2024-02-11,TX,Search | Nonbrand,paid_search,21213,1030,212.23,0.048555,0.2061
2024-02-05,TX,Shopping | Instruments,shopping,31283,812,167.27,0.025957,0.206
2024-02-06,TX,Shopping | Instruments,shopping,21556,816,156.2,0.037855,0.1914
2024-02-07,TX,Shopping | Instruments,shopping,27198,754,174.76,0.027723,0.2318
2024-02-08,TX,Shopping | Instruments,shopping,22279,820,195.99,0.036806,0.239
2024-02-09,TX,Shopping | Instruments,shopping,20701,673,166.62,0.032511,0.2476
2024-02-10,TX,Shopping | Instruments,shopping,29942,827,158.84,0.02762,0.1921
2024-02-11,TX,Shopping | Instruments,shopping,21921,793,239.47,0.036175,0.302
2024-02-05,FL,Search | Brand,paid_search,19699,1651,84.21,0.083811,0.051
2024-02-06,FL,Search | Brand,paid_search,16151,1568,116.71,0.097084,0.0744
2024-02-07,FL,Search | Brand,paid_search,19652,1383,90.0,0.070375,0.0651
2024-02-08,FL,Search | Brand,paid_search,20302,1632,103.38,0.080386,0.0633
2024-02-09,FL,Search | Brand,paid_search,16596,1133,87.18,0.068269,0.0769
2024-02-10,FL,Search | Brand,paid_search,17116,1466,119.14,0.085651,0.0813
2024-02-11,FL,Search | Brand,paid_search,14674,1569,119.69,0.106924,0.0763
2024-02-05,FL,Search | Nonbrand,paid_search,21838,822,189.57,0.037641,0.2306
2024-02-06,FL,Search | Nonbrand,paid_search,20489,1063,166.55,0.051881,0.1567
2024-02-07,FL,Search | Nonbrand,paid_search,21090,955,177.95,0.045282,0.1863
2024-02-08,FL,Search | Nonbrand,paid_search,21895,1094,152.07,0.049966,0.139
2024-02-09,FL,Search | Nonbrand,paid_search,18221,1040,221.61,0.057077,0.2131
2024-02-10,FL,Search | Nonbrand,paid_search,20602,892,213.87,0.043297,0.2398
2024-02-11,FL,Search | Nonbrand,paid_search,25939,800,169.02,0.030842,0.2113
2024-02-05,FL,Shopping | Instruments,shopping,20976,646,129.66,0.030797,0.2007
2024-02-06,FL,Shopping | Instruments,shopping,18282,612,128.74,0.033476,0.2104
2024-02-07,FL,Shopping | Instruments,shopping,14433,635,123.7,0.043996,0.1948
2024-02-08,FL,Shopping | Instruments,shopping,14196,635,129.93,0.044731,0.2046
2024-02-09,FL,Shopping | Instruments,shopping,17010,535,116.21,0.031452,0.2172
2024-02-10,FL,Shopping | Instruments,shopping,21482,595,113.11,0.027698,0.1901
2024-02-11,FL,Shopping | Instruments,shopping,15774,488,138.14,0.030937,0.2831
2024-02-05,NY,Search | Brand,paid_search,19870,1678,133.35,0.084449,0.0795
2024-02-06,NY,Search | Brand,paid_search,18138,1798,120.22,0.099129,0.0669
2024-02-07,NY,Search | Brand,paid_search,23445,1521,99.22,0.064875,0.0652
2024-02-08,NY,Search | Brand,paid_search,18930,1487,103.9,0.078553,0.0699
2024-02-09,NY,Search | Brand,paid_search,23203,2216,102.34,0.095505,0.0462
2024-02-10,NY,Search | Brand,paid_search,19895,2098,121.08,0.105454,0.0577
2024-02-11,NY,Search | Brand,paid_search,18731,2005,144.71,0.107042,0.0722
2024-02-05,NY,Search | Nonbrand,paid_search,18854,955,216.62,0.050652,0.2268
2024-02-06,NY,Search | Nonbrand,paid_search,20418,880,162.57,0.043099,0.1847
2024-02-07,NY,Search | Nonbrand,paid_search,22429,1168,191.65,0.052075,0.1641
2024-02-08,NY,Search | Nonbrand,paid_search,20095,812,158.74,0.040408,0.1955
2024-02-09,NY,Search | Nonbrand,paid_search,19806,900,160.26,0.045441,0.1781
2024-02-10,NY,Search | Nonbrand,paid_search,24715,963,204.18,0.038964,0.212
2024-02-11,NY,Search | Nonbrand,paid_search,24483,804,202.86,0.032839,0.2523
2024-02-05,NY,Shopping | Instruments,shopping,19993,642,154.25,0.032111,0.2403
2024-02-06,NY,Shopping | Instruments,shopping,17973,611,120.17,0.033995,0.1967
2024-02-07,NY,Shopping | Instruments,shopping,17075,702,106.77,0.041113,0.1521
2024-02-08,NY,Shopping | Instruments,shopping,18184,616,145.54,0.033876,0.2363
2024-02-09,NY,Shopping | Instruments,shopping,21771,551,144.97,0.025309,0.2631
2024-02-10,NY,Shopping | Instruments,shopping,14403,693,119.77,0.048115,0.1728
2024-02-11,NY,Shopping | Instruments,shopping,19657,611,137.73,0.031083,0.2254
2024-02-12,CA,Search | Brand,paid_search,21093,1823,150.89,0.086427,0.0828
2024-02-13,CA,Search | Brand,paid_search,24470,2236,143.72,0.091377,0.0643
2024-02-14,CA,Search | Brand,paid_search,32800,2300,135.75,0.070122,0.059
2024-02-15,CA,Search | Brand,paid_search,27429,2416,136.84,0.088082,0.0566
2024-02-16,CA,Search | Brand,paid_search,21662,2117,146.67,0.097729,0.0693
2024-02-17,CA,Search | Brand,paid_search,22041,1722,148.28,0.078127,0.0861
2024-02-18,CA,Search | Brand,paid_search,22701,1959,136.57,0.086296,0.0697
2024-02-12,CA,Search | Nonbrand,paid_search,28701,1008,194.27,0.035121,0.1927
2024-02-13,CA,Search | Nonbrand,paid_search,25212,1064,241.9,0.042202,0.2274
2024-02-14,CA,Search | Nonbrand,paid_search,21071,1160,232.01,0.055052,0.2
2024-02-15,CA,Search | Nonbrand,paid_search,23322,1027,240.02,0.044036,0.2337
2024-02-16,CA,Search | Nonbrand,paid_search,30331,1332,231.45,0.043915,0.1738
2024-02-17,CA,Search | Nonbrand,paid_search,22179,1262,219.64,0.056901,0.174
2024-02-18,CA,Search | Nonbrand,paid_search,30396,1122,199.14,0.036913,0.1775
2024-02-12,CA,Shopping | Instruments,shopping,25673,732,192.88,0.028512,0.2635
2024-02-13,CA,Shopping | Instruments,shopping,24574,923,155.84,0.03756,0.1688
2024-02-14,CA,Shopping | Instruments,shopping,20693,612,134.21,0.029575,0.2193
2024-02-15,CA,Shopping | Instruments,shopping,22029,843,194.18,0.038268,0.2303
2024-02-16,CA,Shopping | Instruments,shopping,23647,611,132.17,0.025838,0.2163
2024-02-17,CA,Shopping | Instruments,shopping,26115,749,177.82,0.028681,0.2374
2024-02-18,CA,Shopping | Instruments,shopping,21485,887,195.26,0.041285,0.2201
2024-02-12,TX,Search | Brand,paid_search,20866,1384,118.43,0.066328,0.0856
2024-02-13,TX,Search | Brand,paid_search,19104,1275,127.85,0.06674,0.1003
2024-02-14,TX,Search | Brand,paid_search,19724,1678,100.79,0.085074,0.0601
2024-02-15,TX,Search | Brand,paid_search,16235,1812,98.15,0.111611,0.0542
2024-02-16,TX,Search | Brand,paid_search,19223,1240,106.72,0.064506,0.0861
2024-02-17,TX,Search | Brand,paid_search,16458,1757,114.36,0.106757,0.0651
2024-02-18,TX,Search | Brand,paid_search,20606,1703,100.55,0.082646,0.059
2024-02-12,TX,Search | Nonbrand,paid_search,18435,899,192.18,0.048766,0.2138
2024-02-13,TX,Search | Nonbrand,paid_search,20928,949,180.95,0.045346,0.1907
2024-02-14,TX,Search | Nonbrand,paid_search,21093,933,207.53,0.044233,0.2224
2024-02-15,TX,Search | Nonbrand,paid_search,20455,840,174.42,0.041066,0.2076
2024-02-16,TX,Search | Nonbrand,paid_search,23990,984,214.19,0.041017,0.2177
2024-02-17,TX,Search | Nonbrand,paid_search,21926,992,139.69,0.045243,0.1408
2024-02-18,TX,Search | Nonbrand,paid_search,24977,874,196.57,0.034992,0.2249
2024-02-12,TX,Shopping | Instruments,shopping,15023,610,140.01,0.040604,0.2295
2024-02-13,TX,Shopping | Instruments,shopping,20646,735,143.06,0.0356,0.1946
2024-02-14,TX,Shopping | Instruments,shopping,17114,585,163.9,0.034183,0.2802
2024-02-15,TX,Shopping | Instruments,shopping,19445,612,132.47,0.031473,0.2165
2024-02-16,TX,Shopping | Instruments,shopping,17801,610,112.02,0.034268,0.1836
2024-02-17,TX,Shopping | Instruments,shopping,19900,642,117.84,0.032261,0.1836
2024-02-18,TX,Shopping | Instruments,shopping,20156,676,127.31,0.033538,0.1883
2024-02-12,FL,Search | Brand,paid_search,15960,1568,114.29,0.098246,0.0729
2024-02-13,FL,Search | Brand,paid_search,13889,1337,93.19,0.096263,0.0697
2024-02-14,FL,Search | Brand,paid_search,20811,1291,108.44,0.062035,0.084
2024-02-15,FL,Search | Brand,paid_search,16341,1354,87.61,0.082859,0.0647
2024-02-16,FL,Search | Brand,paid_search,20831,1273,92.59,0.061111,0.0727
2024-02-17,FL,Search | Brand,paid_search,19545,1485,120.13,0.075979,0.0809
2024-02-18,FL,Search | Brand,paid_search,15439,1325,96.09,0.085822,0.0725
2024-02-12,FL,Search | Nonbrand,paid_search,20367,851,155.2,0.041783,0.1824
2024-02-13,FL,Search | Nonbrand,paid_search,15939,956,129.77,0.059979,0.1357
2024-02-14,FL,Search | Nonbrand,paid_search,18537,847,134.1,0.045692,0.1583
2024-02-15,FL,Search | Nonbrand,paid_search,15743,809,176.27,0.051388,0.2179
2024-02-16,FL,Search | Nonbrand,paid_search,20472,806,169.21,0.039371,0.2099
2024-02-17,FL,Search | Nonbrand,paid_search,17490,970,177.09,0.05546,0.1826
2024-02-18,FL,Search | Nonbrand,paid_search,20233,664,165.86,0.032818,0.2498
2024-02-12,FL,Shopping | Instruments,shopping,20638,537,107.32,0.02602,0.1999
2024-02-13,FL,Shopping | Instruments,shopping,15960,565,105.11,0.035401,0.186
2024-02-14,FL,Shopping | Instruments,shopping,19221,532,140.92,0.027678,0.2649
2024-02-15,FL,Shopping | Instruments,shopping,14235,616,120.04,0.043274,0.1949
2024-02-16,FL,Shopping | Instruments,shopping,16271,631,139.89,0.038781,0.2217
2024-02-17,FL,Shopping | Instruments,shopping,17865,521,123.86,0.029163,0.2377
2024-02-18,FL,Shopping | Instruments,shopping,18310,551,144.86,0.030093,0.2629
2024-02-12,NY,Search | Brand,paid_search,21443,1712,93.12,0.07984,0.0544
2024-02-13,NY,Search | Brand,paid_search,16422,1699,105.55,0.103459,0.0621
2024-02-14,NY,Search | Brand,paid_search,15548,1442,121.6,0.092745,0.0843
2024-02-15,NY,Search | Brand,paid_search,16907,1285,89.01,0.076004,0.0693
2024-02-16,NY,Search | Brand,paid_search,16039,1333,101.15,0.08311,0.0759
2024-02-17,NY,Search | Brand,paid_search,16577,1150,93.47,0.069373,0.0813
2024-02-18,NY,Search | Brand,paid_search,19083,1314,103.8,0.068857,0.079
2024-02-12,NY,Search | Nonbrand,paid_search,18863,880,175.83,0.046652,0.1998
2024-02-13,NY,Search | Nonbrand,paid_search,20356,645,172.84,0.031686,0.268
2024-02-14,NY,Search | Nonbrand,paid_search,21311,871,160.11,0.040871,0.1838
2024-02-15,NY,Search | Nonbrand,paid_search,18938,879,146.23,0.046415,0.1664
2024-02-16,NY,Search | Nonbrand,paid_search,18416,835,150.93,0.045341,0.1808
2024-02-17,NY,Search | Nonbrand,paid_search,14467,902,189.09,0.062349,0.2096
2024-02-18,NY,Search | Nonbrand,paid_search,22221,749,162.3,0.033707,0.2167
2024-02-12,NY,Shopping | Instruments,shopping,17731,558,128.24,0.03147,0.2298
2024-02-13,NY,Shopping | Instruments,shopping,18341,602,122.17,0.032823,0.2029
2024-02-14,NY,Shopping | Instruments,shopping,15434,628,123.57,0.040689,0.1968
2024-02-15,NY,Shopping | Instruments,shopping,17023,628,134.5,0.036891,0.2142
2024-02-16,NY,Shopping | Instruments,shopping,17958,540,133.04,0.03007,0.2464
2024-02-17,NY,Shopping | Instruments,shopping,16590,505,108.71,0.03044,0.2153
2024-02-18,NY,Shopping | Instruments,shopping,17852,512,120.45,0.02868,0.2353
2024-02-19,CA,Search | Brand,paid_search,23137,2409,137.67,0.104119,0.0571
2024-02-20,CA,Search | Brand,paid_search,23271,2411,171.67,0.103605,0.0712
2024-02-21,CA,Search | Brand,paid_search,24588,1715,124.12,0.069749,0.0724
2024-02-22,CA,Search | Brand,paid_search,23213,1997,133.37,0.086029,0.0668
2024-02-23,CA,Search | Brand,paid_search,22986,1939,170.86,0.084356,0.0881
2024-02-24,CA,Search | Brand,paid_search,31066,2476,157.42,0.079701,0.0636
2024-02-25,CA,Search | Brand,paid_search,29300,1979,134.74,0.067543,0.0681
2024-02-19,CA,Search | Nonbrand,paid_search,24247,1310,266.02,0.054027,0.2031
2024-02-20,CA,Search | Nonbrand,paid_search,35440,1191,210.66,0.033606,0.1769
2024-02-21,CA,Search | Nonbrand,paid_search,29726,1419,215.93,0.047736,0.1522
2024-02-22,CA,Search | Nonbrand,paid_search,31044,1379,227.07,0.044421,0.1647
2024-02-23,CA,Search | Nonbrand,paid_search,30093,1132,287.19,0.037617,0.2537
2024-02-24,CA,Search | Nonbrand,paid_search,25159,1330,277.92,0.052864,0.209
2024-02-25,CA,Search | Nonbrand,paid_search,27419,1615,262.11,0.058901,0.1623
2024-02-19,CA,Shopping | Instruments,shopping,25105,984,211.21,0.039195,0.2146
2024-02-20,CA,Shopping | Instruments,shopping,23482,650,202.09,0.027681,0.3109
2024-02-21,CA,Shopping | Instruments,shopping,26093,948,243.63,0.036332,0.257
2024-02-22,CA,Shopping | Instruments,shopping,30244,833,216.24,0.027543,0.2596
2024-02-23,CA,Shopping | Instruments,shopping,26257,959,184.55,0.036524,0.1924
2024-02-24,CA,Shopping | Instruments,shopping,31588,724,173.54,0.02292,0.2397
2024-02-25,CA,Shopping | Instruments,shopping,31276,691,165.87,0.022094,0.24
2024-02-19,TX,Search | Brand,paid_search,18360,1605,113.47,0.087418,0.0707
2024-02-20,TX,Search | Brand,paid_search,19441,1560,78.51,0.080243,0.0503
2024-02-21,TX,Search | Brand,paid_search,14646,1336,116.8,0.091219,0.0874
2024-02-22,TX,Search | Brand,paid_search,20448,1569,93.35,0.076731,0.0595
2024-02-23,TX,Search | Brand,paid_search,13429,1547,104.86,0.115198,0.0678
2024-02-24,TX,Search | Brand,paid_search,17127,1295,93.16,0.075612,0.0719
2024-02-25,TX,Search | Brand,paid_search,19454,1488,112.7,0.076488,0.0757
2024-02-19,TX,Search | Nonbrand,paid_search,21511,1093,182.02,0.050811,0.1665
2024-02-20,TX,Search | Nonbrand,paid_search,27241,910,213.09,0.033406,0.2342
2024-02-21,TX,Search | Nonbrand,paid_search,28767,926,232.31,0.03219,0.2509
2024-02-22,TX,Search | Nonbrand,paid_search,23585,1254,258.1,0.053169,0.2058
2024-02-23,TX,Search | Nonbrand,paid_search,18769,1235,226.14,0.0658,0.1831
2024-02-24,TX,Search | Nonbrand,paid_search,25074,1013,173.22,0.0404,0.171
2024-02-25,TX,Search | Nonbrand,paid_search,26899,825,192.99,0.03067,0.2339
2024-02-19,TX,Shopping | Instruments,shopping,22897,681,159.05,0.029742,0.2336
2024-02-20,TX,Shopping | Instruments,shopping,21891,774,139.95,0.035357,0.1808
2024-02-21,TX,Shopping | Instruments,shopping,28773,530,179.17,0.01842,0.338
2024-02-22,TX,Shopping | Instruments,shopping,19563,752,146.9,0.03844,0.1953
2024-02-23,TX,Shopping | Instruments,shopping,20464,744,178.45,0.036357,0.2399
2024-02-24,TX,Shopping | Instruments,shopping,23487,625,194.39,0.02661,0.311
2024-02-25,TX,Shopping | Instruments,shopping,20840,548,139.07,0.026296,0.2538
2024-02-19,FL,Search | Brand,paid_search,19286,1305,119.3,0.067666,0.0914
2024-02-20,FL,Search | Brand,paid_search,22548,1892,94.27,0.08391,0.0498
2024-02-21,FL,Search | Brand,paid_search,19741,1507,110.74,0.076339,0.0735
2024-02-22,FL,Search | Brand,paid_search,18717,1522,105.34,0.081316,0.0692
2024-02-23,FL,Search | Brand,paid_search,19502,1490,114.83,0.076402,0.0771
2024-02-24,FL,Search | Brand,paid_search,15251,1821,109.26,0.119402,0.06
2024-02-25,FL,Search | Brand,paid_search,15758,1250,104.92,0.079325,0.0839
2024-02-19,FL,Search | Nonbrand,paid_search,18342,734,182.03,0.040017,0.248
2024-02-20,FL,Search | Nonbrand,paid_search,17368,1053,165.2,0.060629,0.1569
2024-02-21,FL,Search | Nonbrand,paid_search,21593,996,161.5,0.046126,0.1621
2024-02-22,FL,Search | Nonbrand,paid_search,18449,995,155.23,0.053932,0.156
2024-02-23,FL,Search | Nonbrand,paid_search,16875,872,167.14,0.051674,0.1917
2024-02-24,FL,Search | Nonbrand,paid_search,21403,683,160.58,0.031911,0.2351
2024-02-25,FL,Search | Nonbrand,paid_search,18832,786,150.95,0.041737,0.192
2024-02-19,FL,Shopping | Instruments,shopping,18732,560,101.16,0.029895,0.1806
2024-02-20,FL,Shopping | Instruments,shopping,15836,544,138.55,0.034352,0.2547
2024-02-21,FL,Shopping | Instruments,shopping,18926,490,152.62,0.02589,0.3115
2024-02-22,FL,Shopping | Instruments,shopping,15314,565,100.02,0.036894,0.177
2024-02-23,FL,Shopping | Instruments,shopping,15198,570,130.0,0.037505,0.2281
2024-02-24,FL,Shopping | Instruments,shopping,20183,581,114.39,0.028787,0.1969
2024-02-25,FL,Shopping | Instruments,shopping,17578,402,139.98,0.022869,0.3482
2024-02-19,NY,Search | Brand,paid_search,17953,2058,105.4,0.114633,0.0512
2024-02-20,NY,Search | Brand,paid_search,19989,1697,96.54,0.084897,0.0569
2024-02-21,NY,Search | Brand,paid_search,21067,1388,109.27,0.065885,0.0787
2024-02-22,NY,Search | Brand,paid_search,18324,1381,127.42,0.075366,0.0923
2024-02-23,NY,Search | Brand,paid_search,19101,1375,108.18,0.071986,0.0787
2024-02-24,NY,Search | Brand,paid_search,22636,1458,124.2,0.064411,0.0852
2024-02-25,NY,Search | Brand,paid_search,15877,1552,111.69,0.097751,0.072
2024-02-19,NY,Search | Nonbrand,paid_search,19741,768,143.91,0.038904,0.1874
2024-02-20,NY,Search | Nonbrand,paid_search,23356,1087,205.0,0.046541,0.1886
2024-02-21,NY,Search | Nonbrand,paid_search,18929,846,190.2,0.044693,0.2248
2024-02-22,NY,Search | Nonbrand,paid_search,18206,1099,193.61,0.060365,0.1762
2024-02-23,NY,Search | Nonbrand,paid_search,21498,997,187.55,0.046376,0.1881
2024-02-24,NY,Search | Nonbrand,paid_search,20740,1027,197.57,0.049518,0.1924
2024-02-25,NY,Search | Nonbrand,paid_search,23696,835,139.19,0.035238,0.1667
2024-02-19,NY,Shopping | Instruments,shopping,17116,441,121.76,0.025765,0.2761
2024-02-20,NY,Shopping | Instruments,shopping,18383,609,104.62,0.033128,0.1718
2024-02-21,NY,Shopping | Instruments,shopping,14088,567,136.9,0.040247,0.2414
2024-02-22,NY,Shopping | Instruments,shopping,16920,583,150.95,0.034456,0.2589
2024-02-23,NY,Shopping | Instruments,shopping,19512,556,100.19,0.028495,0.1802
2024-02-24,NY,Shopping | Instruments,shopping,18873,498,123.57,0.026387,0.2481
2024-02-25,NY,Shopping | Instruments,shopping,16281,505,134.46,0.031018,0.2663
2024-02-26,CA,Search | Brand,paid_search,24834,2299,161.09,0.092575,0.0701
2024-02-27,CA,Search | Brand,paid_search,29784,2013,122.36,0.067587,0.0608
2024-02-28,CA,Search | Brand,paid_search,30917,2538,164.52,0.082091,0.0648
2024-02-29,CA,Search | Brand,paid_search,31625,1930,170.58,0.061028,0.0884
2024-03-01,CA,Search | Brand,paid_search,21915,2057,146.42,0.093863,0.0712
2024-03-02,CA,Search | Brand,paid_search,23542,2077,172.83,0.088225,0.0832
2024-03-03,CA,Search | Brand,paid_search,24096,2385,145.14,0.098979,0.0609
2024-02-26,CA,Search | Nonbrand,paid_search,22594,1125,226.21,0.049792,0.2011
2024-02-27,CA,Search | Nonbrand,paid_search,26107,1315,218.88,0.05037,0.1664
2024-02-28,CA,Search | Nonbrand,paid_search,34052,1420,254.65,0.041701,0.1793
2024-02-29,CA,Search | Nonbrand,paid_search,22142,1070,233.31,0.048324,0.218
2024-03-01,CA,Search | Nonbrand,paid_search,28270,1341,206.17,0.047435,0.1537
2024-03-02,CA,Search | Nonbrand,paid_search,29892,1167,280.24,0.039041,0.2401
2024-03-03,CA,Search | Nonbrand,paid_search,25701,1276,203.86,0.049648,0.1598
2024-02-26,CA,Shopping | Instruments,shopping,32803,950,186.02,0.028961,0.1958
2024-02-27,CA,Shopping | Instruments,shopping,24614,997,236.08,0.040505,0.2368
2024-02-28,CA,Shopping | Instruments,shopping,30230,927,239.29,0.030665,0.2581
2024-02-29,CA,Shopping | Instruments,shopping,34632,1078,197.33,0.031127,0.1831
2024-03-01,CA,Shopping | Instruments,shopping,32447,780,199.92,0.024039,0.2563
2024-03-02,CA,Shopping | Instruments,shopping,22793,1056,190.25,0.04633,0.1802
2024-03-03,CA,Shopping | Instruments,shopping,22854,1056,193.79,0.046206,0.1835
2024-02-26,TX,Search | Brand,paid_search,21487,1679,119.79,0.07814,0.0713
2024-02-27,TX,Search | Brand,paid_search,17801,1582,100.12,0.088871,0.0633
2024-02-28,TX,Search | Brand,paid_search,18571,1635,109.33,0.08804,0.0669
2024-02-29,TX,Search | Brand,paid_search,19381,1891,116.97,0.09757,0.0619
2024-03-01,TX,Search | Brand,paid_search,20053,1237,90.74,0.061687,0.0734
2024-03-02,TX,Search | Brand,paid_search,20276,1233,119.32,0.060811,0.0968
2024-03-03,TX,Search | Brand,paid_search,17088,1676,124.74,0.098081,0.0744
2024-02-26,TX,Search | Nonbrand,paid_search,27324,853,196.03,0.031218,0.2298
2024-02-27,TX,Search | Nonbrand,paid_search,25793,1062,206.86,0.041174,0.1948
2024-02-28,TX,Search | Nonbrand,paid_search,25085,900,221.52,0.035878,0.2461
2024-02-29,TX,Search | Nonbrand,paid_search,21624,963,195.0,0.044534,0.2025
2024-03-01,TX,Search | Nonbrand,paid_search,20695,999,193.4,0.048273,0.1936
2024-03-02,TX,Search | Nonbrand,paid_search,24765,1189,220.02,0.048011,0.185
2024-03-03,TX,Search | Nonbrand,paid_search,20223,795,190.54,0.039312,0.2397
2024-02-26,TX,Shopping | Instruments,shopping,21301,544,161.5,0.025539,0.2969
2024-02-27,TX,Shopping | Instruments,shopping,18909,742,115.25,0.039241,0.1553
2024-02-28,TX,Shopping | Instruments,shopping,17896,673,160.08,0.037606,0.2379
2024-02-29,TX,Shopping | Instruments,shopping,19163,529,141.35,0.027605,0.2672
2024-03-01,TX,Shopping | Instruments,shopping,14963,722,124.27,0.048252,0.1721
2024-03-02,TX,Shopping | Instruments,shopping,21813,717,114.74,0.03287,0.16
2024-03-03,TX,Shopping | Instruments,shopping,20182,604,149.24,0.029928,0.2471
2024-02-26,FL,Search | Brand,paid_search,16649,1354,96.03,0.081326,0.0709
2024-02-27,FL,Search | Brand,paid_search,16777,1259,92.36,0.075043,0.0734
2024-02-28,FL,Search | Brand,paid_search,13093,1113,95.26,0.085007,0.0856
2024-02-29,FL,Search | Brand,paid_search,17617,1464,89.4,0.083102,0.0611
2024-03-01,FL,Search | Brand,paid_search,13931,1266,86.4,0.090876,0.0682
2024-03-02,FL,Search | Brand,paid_search,12982,1309,73.42,0.100832,0.0561
2024-03-03,FL,Search | Brand,paid_search,17319,1208,95.67,0.06975,0.0792
2024-02-26,FL,Search | Nonbrand,paid_search,15958,754,164.1,0.047249,0.2176
2024-02-27,FL,Search | Nonbrand,paid_search,15459,735,136.32,0.047545,0.1855
2024-02-28,FL,Search | Nonbrand,paid_search,15937,729,163.96,0.045743,0.2249
2024-02-29,FL,Search | Nonbrand,paid_search,19695,583,159.94,0.029601,0.2743
2024-03-01,FL,Search | Nonbrand,paid_search,15382,585,115.34,0.038031,0.1972
2024-03-02,FL,Search | Nonbrand,paid_search,14676,760,126.22,0.051785,0.1661
2024-03-03,FL,Search | Nonbrand,paid_search,19908,690,140.44,0.034659,0.2035
2024-02-26,FL,Shopping | Instruments,shopping,18279,754,170.47,0.04125,0.2261
2024-02-27,FL,Shopping | Instruments,shopping,21600,529,136.97,0.024491,0.2589
2024-02-28,FL,Shopping | Instruments,shopping,17679,641,168.34,0.036258,0.2626
2024-02-29,FL,Shopping | Instruments,shopping,20711,634,137.61,0.030612,0.2171
2024-03-01,FL,Shopping | Instruments,shopping,19817,644,118.54,0.032497,0.1841
2024-03-02,FL,Shopping | Instruments,shopping,23178,756,127.0,0.032617,0.168
2024-03-03,FL,Shopping | Instruments,shopping,17808,803,142.37,0.045092,0.1773
2024-02-26,NY,Search | Brand,paid_search,18471,1260,92.69,0.068215,0.0736
2024-02-27,NY,Search | Brand,paid_search,17475,1279,95.9,0.07319,0.075
2024-02-28,NY,Search | Brand,paid_search,12012,1380,79.26,0.114885,0.0574
2024-02-29,NY,Search | Brand,paid_search,15384,1719,107.06,0.111739,0.0623
2024-03-01,NY,Search | Brand,paid_search,16782,1287,102.27,0.076689,0.0795
2024-03-02,NY,Search | Brand,paid_search,17896,1537,85.03,0.085885,0.0553
2024-03-03,NY,Search | Brand,paid_search,13149,1583,82.57,0.120389,0.0522
2024-02-26,NY,Search | Nonbrand,paid_search,20880,842,193.92,0.040326,0.2303
2024-02-27,NY,Search | Nonbrand,paid_search,18275,795,149.3,0.043502,0.1878
2024-02-28,NY,Search | Nonbrand,paid_search,19649,782,199.58,0.039798,0.2552
2024-02-29,NY,Search | Nonbrand,paid_search,22006,1001,166.48,0.045488,0.1663
2024-03-01,NY,Search | Nonbrand,paid_search,21748,711,132.74,0.032693,0.1867
2024-03-02,NY,Search | Nonbrand,paid_search,15020,924,161.52,0.061518,0.1748
2024-03-03,NY,Search | Nonbrand,paid_search,14827,917,135.14,0.061847,0.1474
2024-02-26,NY,Shopping | Instruments,shopping,19389,482,103.65,0.024859,0.215
2024-02-27,NY,Shopping | Instruments,shopping,15668,696,131.46,0.044422,0.1889
2024-02-28,NY,Shopping | Instruments,shopping,14171,467,136.08,0.032955,0.2914
2024-02-29,NY,Shopping | Instruments,shopping,15457,512,134.21,0.033124,0.2621
2024-03-01,NY,Shopping | Instruments,shopping,18304,560,98.41,0.030594,0.1757
2024-03-02,NY,Shopping | Instruments,shopping,18659,582,107.39,0.031191,0.1845
2024-03-03,NY,Shopping | Instruments,shopping,16292,664,137.97,0.040756,0.2078
2024-03-04,CA,Search | Brand,paid_search,29585,2488,180.23,0.084097,0.0724
2024-03-05,CA,Search | Brand,paid_search,30801,2295,151.18,0.074511,0.0659
2024-03-06,CA,Search | Brand,paid_search,30626,2150,175.96,0.070202,0.0818
2024-03-07,CA,Search | Brand,paid_search,21589,2048,146.03,0.094863,0.0713
2024-03-08,CA,Search | Brand,paid_search,24334,2110,164.14,0.08671,0.0778
2024-03-09,CA,Search | Brand,paid_search,30306,2670,117.58,0.088101,0.044
2024-03-10,CA,Search | Brand,paid_search,19908,1991,150.35,0.10001,0.0755
2024-03-04,CA,Search | Nonbrand,paid_search,28819,1113,214.41,0.03862,0.1926
2024-03-05,CA,Search | Nonbrand,paid_search,26963,1143,209.86,0.042391,0.1836
2024-03-06,CA,Search | Nonbrand,paid_search,24329,1182,247.43,0.048584,0.2093
2024-03-07,CA,Search | Nonbrand,paid_search,22610,1218,235.55,0.05387,0.1934
2024-03-08,CA,Search | Nonbrand,paid_search,25392,1064,197.61,0.041903,0.1857
2024-03-09,CA,Search | Nonbrand,paid_search,24049,1295,203.84,0.053848,0.1574
2024-03-10,CA,Search | Nonbrand,paid_search,23139,1039,198.89,0.044903,0.1914
2024-03-04,CA,Shopping | Instruments,shopping,23992,743,140.23,0.030969,0.1887
2024-03-05,CA,Shopping | Instruments,shopping,27238,805,164.35,0.029554,0.2042
2024-03-06,CA,Shopping | Instruments,shopping,27238,841,197.32,0.030876,0.2346
2024-03-07,CA,Shopping | Instruments,shopping,22611,653,143.04,0.02888,0.2191
2024-03-08,CA,Shopping | Instruments,shopping,20441,595,154.18,0.029108,0.2591
2024-03-09,CA,Shopping | Instruments,shopping,18748,798,201.35,0.042565,0.2523
2024-03-10,CA,Shopping | Instruments,shopping,22364,616,170.47,0.027544,0.2767
2024-03-04,TX,Search | Brand,paid_search,14789,1450,89.91,0.098046,0.062
2024-03-05,TX,Search | Brand,paid_search,20774,1547,126.84,0.074468,0.082
2024-03-06,TX,Search | Brand,paid_search,21186,1480,93.34,0.069857,0.0631
2024-03-07,TX,Search | Brand,paid_search,18953,1673,117.17,0.088271,0.07
2024-03-08,TX,Search | Brand,paid_search,18084,1476,92.75,0.081619,0.0628
2024-03-09,TX,Search | Brand,paid_search,21319,1995,117.67,0.093578,0.059
2024-03-10,TX,Search | Brand,paid_search,15581,1333,120.29,0.085553,0.0902
2024-03-04,TX,Search | Nonbrand,paid_search,19291,897,152.18,0.046498,0.1697
2024-03-05,TX,Search | Nonbrand,paid_search,23207,978,187.69,0.042142,0.1919
2024-03-06,TX,Search | Nonbrand,paid_search,19833,734,184.55,0.037009,0.2514
2024-03-07,TX,Search | Nonbrand,paid_search,18427,924,207.39,0.050144,0.2245
2024-03-08,TX,Search | Nonbrand,paid_search,20233,844,158.74,0.041714,0.1881
2024-03-09,TX,Search | Nonbrand,paid_search,23834,674,167.21,0.028279,0.2481
2024-03-10,TX,Search | Nonbrand,paid_search,20942,926,195.85,0.044217,0.2115
2024-03-04,TX,Shopping | Instruments,shopping,21742,701,217.58,0.032242,0.3104
2024-03-05,TX,Shopping | Instruments,shopping,28165,752,212.29,0.0267,0.2823
2024-03-06,TX,Shopping | Instruments,shopping,20936,678,166.63,0.032384,0.2458
2024-03-07,TX,Shopping | Instruments,shopping,27058,879,154.91,0.032486,0.1762
2024-03-08,TX,Shopping | Instruments,shopping,23459,754,153.14,0.032141,0.2031
2024-03-09,TX,Shopping | Instruments,shopping,26310,800,149.9,0.030407,0.1874
2024-03-10,TX,Shopping | Instruments,shopping,20874,967,159.08,0.046326,0.1645
2024-03-04,FL,Search | Brand,paid_search,18013,1549,89.83,0.085993,0.058
2024-03-05,FL,Search | Brand,paid_search,17402,1211,85.98,0.06959,0.071
2024-03-06,FL,Search | Brand,paid_search,12404,1520,102.58,0.122541,0.0675
2024-03-07,FL,Search | Brand,paid_search,14303,1300,76.44,0.09089,0.0588
2024-03-08,FL,Search | Brand,paid_search,14732,1338,75.89,0.090823,0.0567
2024-03-09,FL,Search | Brand,paid_search,15636,1258,87.51,0.080455,0.0696
2024-03-10,FL,Search | Brand,paid_search,15043,1556,105.47,0.103437,0.0678
2024-03-04,FL,Search | Nonbrand,paid_search,18781,847,137.32,0.045099,0.1621
2024-03-05,FL,Search | Nonbrand,paid_search,18007,851,177.83,0.047259,0.209
2024-03-06,FL,Search | Nonbrand,paid_search,19332,743,173.44,0.038434,0.2334
2024-03-07,FL,Search | Nonbrand,paid_search,17777,776,131.22,0.043652,0.1691
2024-03-08,FL,Search | Nonbrand,paid_search,19445,762,153.24,0.039187,0.2011
2024-03-09,FL,Search | Nonbrand,paid_search,15013,586,157.92,0.039033,0.2695
2024-03-10,FL,Search | Nonbrand,paid_search,15207,590,131.68,0.038798,0.2232
2024-03-04,FL,Shopping | Instruments,shopping,18609,685,117.7,0.03681,0.1718
2024-03-05,FL,Shopping | Instruments,shopping,20078,587,140.25,0.029236,0.2389
2024-03-06,FL,Shopping | Instruments,shopping,20655,620,147.2,0.030017,0.2374
2024-03-07,FL,Shopping | Instruments,shopping,16742,756,117.81,0.045156,0.1558
2024-03-08,FL,Shopping | Instruments,shopping,18832,551,148.37,0.029259,0.2693
2024-03-09,FL,Shopping | Instruments,shopping,16507,492,125.01,0.029806,0.2541
2024-03-10,FL,Shopping | Instruments,shopping,20303,677,152.11,0.033345,0.2247
2024-03-04,NY,Search | Brand,paid_search,18386,1409,72.63,0.076634,0.0515
2024-03-05,NY,Search | Brand,paid_search,16884,1367,98.76,0.080964,0.0722
2024-03-06,NY,Search | Brand,paid_search,14027,1343,91.47,0.095744,0.0681
2024-03-07,NY,Search | Brand,paid_search,17860,1245,101.24,0.069709,0.0813
2024-03-08,NY,Search | Brand,paid_search,14156,1144,96.47,0.080814,0.0843
2024-03-09,NY,Search | Brand,paid_search,16935,1278,101.15,0.075465,0.0792
2024-03-10,NY,Search | Brand,paid_search,14037,1089,89.54,0.077581,0.0822
2024-03-04,NY,Search | Nonbrand,paid_search,19316,909,153.91,0.047059,0.1693
2024-03-05,NY,Search | Nonbrand,paid_search,26268,1122,157.19,0.042714,0.1401
2024-03-06,NY,Search | Nonbrand,paid_search,20505,792,216.48,0.038625,0.2733
2024-03-07,NY,Search | Nonbrand,paid_search,24724,1167,215.73,0.047201,0.1849
2024-03-08,NY,Search | Nonbrand,paid_search,25029,908,158.51,0.036278,0.1746
2024-03-09,NY,Search | Nonbrand,paid_search,20470,1122,219.88,0.054812,0.196
2024-03-10,NY,Search | Nonbrand,paid_search,18587,966,210.44,0.051972,0.2178
2024-03-04,NY,Shopping | Instruments,shopping,18945,585,139.38,0.030879,0.2383
2024-03-05,NY,Shopping | Instruments,shopping,15995,457,109.66,0.028571,0.24
2024-03-06,NY,Shopping | Instruments,shopping,19314,574,149.62,0.029719,0.2607
2024-03-07,NY,Shopping | Instruments,shopping,16817,564,138.19,0.033537,0.245
2024-03-08,NY,Shopping | Instruments,shopping,18384,601,114.9,0.032691,0.1912
2024-03-09,NY,Shopping | Instruments,shopping,17292,707,150.2,0.040886,0.2125
2024-03-10,NY,Shopping | Instruments,shopping,19983,632,110.5,0.031627,0.1748
2024-03-11,CA,Search | Brand,paid_search,27688,2364,124.19,0.08538,0.0525
2024-03-12,CA,Search | Brand,paid_search,20087,2120,125.29,0.105541,0.0591
2024-03-13,CA,Search | Brand,paid_search,25461,2030,157.05,0.07973,0.0774
2024-03-14,CA,Search | Brand,paid_search,23441,2263,157.77,0.09654,0.0697
2024-03-15,CA,Search | Brand,paid_search,23064,2119,177.7,0.091875,0.0839
2024-03-16,CA,Search | Brand,paid_search,22420,1632,122.83,0.072792,0.0753
2024-03-17,CA,Search | Brand,paid_search,27306,1843,118.06,0.067494,0.0641
2024-03-11,CA,Search | Nonbrand,paid_search,21069,993,198.8,0.047131,0.2002
2024-03-12,CA,Search | Nonbrand,paid_search,20246,845,218.17,0.041737,0.2582
2024-03-13,CA,Search | Nonbrand,paid_search,24564,1196,189.84,0.048689,0.1587
2024-03-14,CA,Search | Nonbrand,paid_search,22167,1059,212.88,0.047774,0.201
2024-03-15,CA,Search | Nonbrand,paid_search,20594,1206,202.41,0.058561,0.1678
2024-03-16,CA,Search | Nonbrand,paid_search,28963,1222,201.51,0.042192,0.1649
2024-03-17,CA,Search | Nonbrand,paid_search,29433,1083,212.91,0.036795,0.1966
2024-03-11,CA,Shopping | Instruments,shopping,19189,821,201.27,0.042785,0.2451
2024-03-12,CA,Shopping | Instruments,shopping,23435,734,194.68,0.031321,0.2652
2024-03-13,CA,Shopping | Instruments,shopping,27395,770,139.85,0.028107,0.1816
2024-03-14,CA,Shopping | Instruments,shopping,27388,743,202.95,0.027129,0.2731
2024-03-15,CA,Shopping | Instruments,shopping,27440,936,196.2,0.034111,0.2096
2024-03-16,CA,Shopping | Instruments,shopping,23730,948,147.9,0.039949,0.156
2024-03-17,CA,Shopping | Instruments,shopping,25917,1011,173.52,0.039009,0.1716
2024-03-11,TX,Search | Brand,paid_search,19485,1783,102.52,0.091506,0.0575
2024-03-12,TX,Search | Brand,paid_search,20013,1484,123.12,0.074152,0.083
2024-03-13,TX,Search | Brand,paid_search,19704,1593,109.18,0.080847,0.0685
2024-03-14,TX,Search | Brand,paid_search,18437,1505,110.62,0.081629,0.0735
2024-03-15,TX,Search | Brand,paid_search,19256,1259,101.66,0.065382,0.0807
2024-03-16,TX,Search | Brand,paid_search,15383,1267,90.75,0.082364,0.0716
2024-03-17,TX,Search | Brand,paid_search,17609,1723,115.5,0.097848,0.067
2024-03-11,TX,Search | Nonbrand,paid_search,23546,1091,238.53,0.046335,0.2186
2024-03-12,TX,Search | Nonbrand,paid_search,25279,977,224.44,0.038649,0.2297
2024-03-13,TX,Search | Nonbrand,paid_search,26359,1107,188.2,0.041997,0.17
2024-03-14,TX,Search | Nonbrand,paid_search,19515,1053,177.68,0.053958,0.1687
2024-03-15,TX,Search | Nonbrand,paid_search,23747,828,230.97,0.034868,0.2789
2024-03-16,TX,Search | Nonbrand,paid_search,25830,1054,184.13,0.040805,0.1747
2024-03-17,TX,Search | Nonbrand,paid_search,18768,740,158.24,0.039429,0.2138
2024-03-11,TX,Shopping | Instruments,shopping,16483,608,126.34,0.036886,0.2078
2024-03-12,TX,Shopping | Instruments,shopping,17854,626,134.59,0.035062,0.215
2024-03-13,TX,Shopping | Instruments,shopping,22560,544,148.13,0.024113,0.2723
2024-03-14,TX,Shopping | Instruments,shopping,16763,553,148.27,0.032989,0.2681
2024-03-15,TX,Shopping | Instruments,shopping,16986,796,146.21,0.046862,0.1837
2024-03-16,TX,Shopping | Instruments,shopping,20119,630,152.4,0.031314,0.2419
2024-03-17,TX,Shopping | Instruments,shopping,24761,763,119.85,0.030815,0.1571
2024-03-11,FL,Search | Brand,paid_search,12965,1296,77.3,0.099961,0.0596
2024-03-12,FL,Search | Brand,paid_search,14505,1395,92.77,0.096174,0.0665
2024-03-13,FL,Search | Brand,paid_search,14670,1283,72.85,0.087457,0.0568
2024-03-14,FL,Search | Brand,paid_search,18557,1395,105.87,0.075174,0.0759
2024-03-15,FL,Search | Brand,paid_search,15557,1401,91.57,0.090056,0.0654
2024-03-16,FL,Search | Brand,paid_search,18378,1402,112.22,0.076287,0.08
2024-03-17,FL,Search | Brand,paid_search,14910,1783,82.78,0.119584,0.0464
2024-03-11,FL,Search | Nonbrand,paid_search,16441,802,129.17,0.04878,0.1611
2024-03-12,FL,Search | Nonbrand,paid_search,15368,813,189.79,0.052902,0.2334
2024-03-13,FL,Search | Nonbrand,paid_search,21023,757,181.98,0.036008,0.2404
2024-03-14,FL,Search | Nonbrand,paid_search,16667,746,179.14,0.044759,0.2401
2024-03-15,FL,Search | Nonbrand,paid_search,20966,1029,135.57,0.049079,0.1317
2024-03-16,FL,Search | Nonbrand,paid_search,17801,734,148.34,0.041234,0.2021
2024-03-17,FL,Search | Nonbrand,paid_search,21260,949,149.95,0.044638,0.158
2024-03-11,FL,Shopping | Instruments,shopping,20626,656,128.45,0.031805,0.1958
2024-03-12,FL,Shopping | Instruments,shopping,17103,587,122.04,0.034321,0.2079
2024-03-13,FL,Shopping | Instruments,shopping,16568,557,108.56,0.033619,0.1949
2024-03-14,FL,Shopping | Instruments,shopping,19915,726,163.66,0.036455,0.2254
2024-03-15,FL,Shopping | Instruments,shopping,19718,534,146.03,0.027082,0.2735
2024-03-16,FL,Shopping | Instruments,shopping,20912,476,161.03,0.022762,0.3383
2024-03-17,FL,Shopping | Instruments,shopping,20949,541,147.92,0.025825,0.2734
2024-03-11,NY,Search | Brand,paid_search,22053,2106,116.23,0.095497,0.0552
2024-03-12,NY,Search | Brand,paid_search,22660,1850,105.4,0.081642,0.057
2024-03-13,NY,Search | Brand,paid_search,16372,1740,107.22,0.106279,0.0616
2024-03-14,NY,Search | Brand,paid_search,16929,1538,121.48,0.09085,0.079
2024-03-15,NY,Search | Brand,paid_search,21645,1853,126.53,0.085609,0.0683
2024-03-16,NY,Search | Brand,paid_search,19078,1753,102.25,0.091886,0.0583
2024-03-17,NY,Search | Brand,paid_search,18531,1397,117.06,0.075387,0.0838
2024-03-11,NY,Search | Nonbrand,paid_search,16278,679,173.66,0.041713,0.2558
2024-03-12,NY,Search | Nonbrand,paid_search,21407,627,154.15,0.029289,0.2458
2024-03-13,NY,Search | Nonbrand,paid_search,14392,766,125.37,0.053224,0.1637
2024-03-14,NY,Search | Nonbrand,paid_search,15884,693,128.33,0.043629,0.1852
2024-03-15,NY,Search | Nonbrand,paid_search,18571,715,177.01,0.038501,0.2476
2024-03-16,NY,Search | Nonbrand,paid_search,16102,658,174.71,0.040864,0.2655
2024-03-17,NY,Search | Nonbrand,paid_search,21081,963,130.74,0.045681,0.1358
2024-03-11,NY,Shopping | Instruments,shopping,18994,642,145.82,0.0338,0.2271
2024-03-12,NY,Shopping | Instruments,shopping,20492,777,143.41,0.037917,0.1846
2024-03-13,NY,Shopping | Instruments,shopping,26005,571,160.72,0.021957,0.2815
2024-03-14,NY,Shopping | Instruments,shopping,19650,778,139.32,0.039593,0.1791
2024-03-15,NY,Shopping | Instruments,shopping,17453,558,147.48,0.031972,0.2643
2024-03-16,NY,Shopping | Instruments,shopping,20619,515,139.66,0.024977,0.2712
2024-03-17,NY,Shopping | Instruments,shopping,20451,743,157.96,0.036331,0.2126
2024-03-18,CA,Search | Brand,paid_search,24469,2031,124.52,0.083003,0.0613
2024-03-19,CA,Search | Brand,paid_search,25100,1741,153.24,0.069363,0.088
2024-03-20,CA,Search | Brand,paid_search,27949,2443,156.52,0.087409,0.0641
2024-03-21,CA,Search | Brand,paid_search,24162,2350,156.92,0.09726,0.0668
2024-03-22,CA,Search | Brand,paid_search,28147,2420,176.73,0.085977,0.073
2024-03-23,CA,Search | Brand,paid_search,27592,1807,154.91,0.06549,0.0857
2024-03-24,CA,Search | Brand,paid_search,25503,1767,138.12,0.069286,0.0782
2024-03-18,CA,Search | Nonbrand,paid_search,24453,1363,253.59,0.05574,0.1861
2024-03-19,CA,Search | Nonbrand,paid_search,30442,1235,277.73,0.040569,0.2249
2024-03-20,CA,Search | Nonbrand,paid_search,22644,1022,188.04,0.045133,0.184
2024-03-21,CA,Search | Nonbrand,paid_search,27352,1396,247.63,0.051038,0.1774
2024-03-22,CA,Search | Nonbrand,paid_search,31662,1181,206.05,0.0373,0.1745
2024-03-23,CA,Search | Nonbrand,paid_search,30213,1320,250.33,0.04369,0.1896
2024-03-24,CA,Search | Nonbrand,paid_search,29804,1365,267.14,0.045799,0.1957
2024-03-18,CA,Shopping | Instruments,shopping,25075,698,201.99,0.027836,0.2894
2024-03-19,CA,Shopping | Instruments,shopping,22754,867,221.38,0.038103,0.2553
2024-03-20,CA,Shopping | Instruments,shopping,27107,732,173.79,0.027004,0.2374
2024-03-21,CA,Shopping | Instruments,shopping,24562,710,150.9,0.028906,0.2125
2024-03-22,CA,Shopping | Instruments,shopping,30558,866,185.15,0.02834,0.2138
2024-03-23,CA,Shopping | Instruments,shopping,25504,971,190.55,0.038072,0.1962
2024-03-24,CA,Shopping | Instruments,shopping,27325,828,193.02,0.030302,0.2331
2024-03-18,TX,Search | Brand,paid_search,19769,1836,108.19,0.092873,0.0589
2024-03-19,TX,Search | Brand,paid_search,17467,1858,94.12,0.106372,0.0507
2024-03-20,TX,Search | Brand,paid_search,16038,1755,115.57,0.109428,0.0659
2024-03-21,TX,Search | Brand,paid_search,19665,1473,112.31,0.074905,0.0762
2024-03-22,TX,Search | Brand,paid_search,20087,1829,110.89,0.091054,0.0606
2024-03-23,TX,Search | Brand,paid_search,20393,1317,96.38,0.064581,0.0732
2024-03-24,TX,Search | Brand,paid_search,15599,1757,110.85,0.112635,0.0631
2024-03-18,TX,Search | Nonbrand,paid_search,27501,1042,158.65,0.03789,0.1523
2024-03-19,TX,Search | Nonbrand,paid_search,21060,1060,233.52,0.050332,0.2203
2024-03-20,TX,Search | Nonbrand,paid_search,28465,1004,163.29,0.035271,0.1626
2024-03-21,TX,Search | Nonbrand,paid_search,19593,835,231.38,0.042617,0.2771
2024-03-22,TX,Search | Nonbrand,paid_search,21524,879,218.86,0.040838,0.249
2024-03-23,TX,Search | Nonbrand,paid_search,26091,994,216.61,0.038097,0.2179
2024-03-24,TX,Search | Nonbrand,paid_search,24418,877,228.11,0.035916,0.2601
2024-03-18,TX,Shopping | Instruments,shopping,25745,817,157.62,0.031734,0.1929
2024-03-19,TX,Shopping | Instruments,shopping,20524,707,190.26,0.034447,0.2691
2024-03-20,TX,Shopping | Instruments,shopping,23871,857,153.29,0.035901,0.1789
2024-03-21,TX,Shopping | Instruments,shopping,24446,842,197.6,0.034443,0.2347
2024-03-22,TX,Shopping | Instruments,shopping,19776,690,152.57,0.034891,0.2211
2024-03-23,TX,Shopping | Instruments,shopping,26575,711,208.3,0.026754,0.293
2024-03-24,TX,Shopping | Instruments,shopping,28010,640,156.78,0.022849,0.245
2024-03-18,FL,Search | Brand,paid_search,22177,1302,111.25,0.058709,0.0854
2024-03-19,FL,Search | Brand,paid_search,17940,1787,110.43,0.09961,0.0618
2024-03-20,FL,Search | Brand,paid_search,20368,1394,108.54,0.068441,0.0779
2024-03-21,FL,Search | Brand,paid_search,17393,1593,99.27,0.091589,0.0623
2024-03-22,FL,Search | Brand,paid_search,19299,1822,136.29,0.094409,0.0748
2024-03-23,FL,Search | Brand,paid_search,16822,1657,116.68,0.098502,0.0704
2024-03-24,FL,Search | Brand,paid_search,22240,1835,107.72,0.082509,0.0587
2024-03-18,FL,Search | Nonbrand,paid_search,16839,646,164.36,0.038363,0.2544
2024-03-19,FL,Search | Nonbrand,paid_search,17826,848,130.07,0.047571,0.1534
2024-03-20,FL,Search | Nonbrand,paid_search,22442,785,167.17,0.034979,0.213
2024-03-21,FL,Search | Nonbrand,paid_search,16175,792,125.05,0.048964,0.1579
2024-03-22,FL,Search | Nonbrand,paid_search,17325,722,159.15,0.041674,0.2204
2024-03-23,FL,Search | Nonbrand,paid_search,15031,804,154.55,0.053489,0.1922
2024-03-24,FL,Search | Nonbrand,paid_search,17801,825,161.22,0.046346,0.1954
2024-03-18,FL,Shopping | Instruments,shopping,20395,513,151.03,0.025153,0.2944
2024-03-19,FL,Shopping | Instruments,shopping,14937,486,117.98,0.032537,0.2428
2024-03-20,FL,Shopping | Instruments,shopping,18333,617,121.88,0.033655,0.1975
2024-03-21,FL,Shopping | Instruments,shopping,18659,420,117.17,0.022509,0.279
2024-03-22,FL,Shopping | Instruments,shopping,13974,494,110.78,0.035351,0.2243
2024-03-23,FL,Shopping | Instruments,shopping,14548,643,122.52,0.044199,0.1905
2024-03-24,FL,Shopping | Instruments,shopping,21152,449,137.02,0.021227,0.3052
2024-03-18,NY,Search | Brand,paid_search,20428,1683,116.93,0.082387,0.0695
2024-03-19,NY,Search | Brand,paid_search,22147,1726,111.22,0.077934,0.0644
2024-03-20,NY,Search | Brand,paid_search,15073,1618,87.52,0.107344,0.0541
2024-03-21,NY,Search | Brand,paid_search,21163,1755,116.38,0.082928,0.0663
2024-03-22,NY,Search | Brand,paid_search,18002,1677,87.3,0.093156,0.0521
2024-03-23,NY,Search | Brand,paid_search,15406,2026,127.6,0.131507,0.063
2024-03-24,NY,Search | Brand,paid_search,21574,1702,129.05,0.078891,0.0758
2024-03-18,NY,Search | Nonbrand,paid_search,17033,735,145.42,0.043152,0.1978
2024-03-19,NY,Search | Nonbrand,paid_search,17921,615,126.01,0.034317,0.2049
2024-03-20,NY,Search | Nonbrand,paid_search,21166,748,172.39,0.03534,0.2305
2024-03-21,NY,Search | Nonbrand,paid_search,16795,820,162.93,0.048824,0.1987
2024-03-22,NY,Search | Nonbrand,paid_search,16670,771,129.24,0.046251,0.1676
2024-03-23,NY,Search | Nonbrand,paid_search,15074,826,176.79,0.054796,0.214
2024-03-24,NY,Search | Nonbrand,paid_search,21309,816,170.54,0.038294,0.209
2024-03-18,NY,Shopping | Instruments,shopping,21193,749,190.35,0.035342,0.2541
2024-03-19,NY,Shopping | Instruments,shopping,24398,571,134.12,0.023404,0.2349
2024-03-20,NY,Shopping | Instruments,shopping,19711,744,152.26,0.037745,0.2047
2024-03-21,NY,Shopping | Instruments,shopping,23440,729,141.84,0.031101,0.1946
2024-03-22,NY,Shopping | Instruments,shopping,17665,560,137.62,0.031701,0.2458
2024-03-23,NY,Shopping | Instruments,shopping,16890,726,173.39,0.042984,0.2388
2024-03-24,NY,Shopping | Instruments,shopping,24272,532,132.91,0.021918,0.2498
2024-03-25,CA,Search | Brand,paid_search,21721,1977,130.2,0.091018,0.0659
2024-03-26,CA,Search | Brand,paid_search,20488,2131,152.88,0.104012,0.0717
2024-03-27,CA,Search | Brand,paid_search,28514,1791,148.89,0.062811,0.0831
2024-03-28,CA,Search | Brand,paid_search,21806,1910,168.69,0.087591,0.0883
2024-03-29,CA,Search | Brand,paid_search,24890,2083,139.98,0.083688,0.0672
2024-03-30,CA,Search | Brand,paid_search,21990,1880,121.79,0.085493,0.0648
2024-03-31,CA,Search | Brand,paid_search,29937,1547,119.79,0.051675,0.0774
2024-03-25,CA,Search | Nonbrand,paid_search,24317,1515,242.41,0.062302,0.16
2024-03-26,CA,Search | Nonbrand,paid_search,29525,1265,266.45,0.042845,0.2106
2024-03-27,CA,Search | Nonbrand,paid_search,35829,1142,220.24,0.031874,0.1929
2024-03-28,CA,Search | Nonbrand,paid_search,35453,1124,255.42,0.031704,0.2272
2024-03-29,CA,Search | Nonbrand,paid_search,24722,1209,246.81,0.048904,0.2041
2024-03-30,CA,Search | Nonbrand,paid_search,31802,1070,293.53,0.033646,0.2743
2024-03-31,CA,Search | Nonbrand,paid_search,28172,1499,279.6,0.053209,0.1865
2024-03-25,CA,Shopping | Instruments,shopping,26799,910,208.13,0.033956,0.2287
2024-03-26,CA,Shopping | Instruments,shopping,29841,616,214.3,0.020643,0.3479
2024-03-27,CA,Shopping | Instruments,shopping,27868,940,182.67,0.03373,0.1943
2024-03-28,CA,Shopping | Instruments,shopping,31213,793,163.45,0.025406,0.2061
2024-03-29,CA,Shopping | Instruments,shopping,23523,877,208.84,0.037283,0.2381
2024-03-30,CA,Shopping | Instruments,shopping,28796,946,211.31,0.032852,0.2234
2024-03-31,CA,Shopping | Instruments,shopping,29331,748,232.38,0.025502,0.3107
2024-03-25,TX,Search | Brand,paid_search,23666,2212,119.52,0.093467,0.054
2024-03-26,TX,Search | Brand,paid_search,25103,1620,125.72,0.064534,0.0776
2024-03-27,TX,Search | Brand,paid_search,27360,2221,126.58,0.081177,0.057
2024-03-28,TX,Search | Brand,paid_search,17915,1765,143.93,0.098521,0.0815
2024-03-29,TX,Search | Brand,paid_search,18193,2144,125.8,0.117848,0.0587
2024-03-30,TX,Search | Brand,paid_search,22586,2124,98.84,0.094041,0.0465
2024-03-31,TX,Search | Brand,paid_search,18321,1840,147.83,0.100431,0.0803
2024-03-25,TX,Search | Nonbrand,paid_search,25416,1134,229.2,0.044618,0.2021
2024-03-26,TX,Search | Nonbrand,paid_search,29664,1056,240.47,0.035599,0.2277
2024-03-27,TX,Search | Nonbrand,paid_search,23854,1125,179.98,0.047162,0.16
2024-03-28,TX,Search | Nonbrand,paid_search,20428,941,208.03,0.046064,0.2211
2024-03-29,TX,Search | Nonbrand,paid_search,26121,1023,234.46,0.039164,0.2292
2024-03-30,TX,Search | Nonbrand,paid_search,22094,1381,171.13,0.062506,0.1239
2024-03-31,TX,Search | Nonbrand,paid_search,24273,1320,214.65,0.054381,0.1626
2024-03-25,TX,Shopping | Instruments,shopping,26256,650,172.24,0.024756,0.265
2024-03-26,TX,Shopping | Instruments,shopping,18603,800,140.75,0.043004,0.1759
2024-03-27,TX,Shopping | Instruments,shopping,24185,679,131.25,0.028075,0.1933
2024-03-28,TX,Shopping | Instruments,shopping,18964,770,185.98,0.040603,0.2415
2024-03-29,TX,Shopping | Instruments,shopping,27005,900,194.61,0.033327,0.2162
2024-03-30,TX,Shopping | Instruments,shopping,24375,908,172.52,0.037251,0.19
2024-03-31,TX,Shopping | Instruments,shopping,23780,688,177.44,0.028932,0.2579
2024-03-25,FL,Search | Brand,paid_search,17372,1258,93.59,0.072415,0.0744
2024-03-26,FL,Search | Brand,paid_search,17608,1394,93.74,0.079169,0.0672
2024-03-27,FL,Search | Brand,paid_search,16002,1220,116.45,0.07624,0.0954
2024-03-28,FL,Search | Brand,paid_search,13454,1655,95.52,0.123012,0.0577
2024-03-29,FL,Search | Brand,paid_search,13919,1246,83.17,0.089518,0.0668
2024-03-30,FL,Search | Brand,paid_search,14982,1565,80.81,0.104459,0.0516
2024-03-31,FL,Search | Brand,paid_search,19028,1359,88.43,0.071421,0.0651
2024-03-25,FL,Search | Nonbrand,paid_search,21919,1013,207.3,0.046216,0.2046
2024-03-26,FL,Search | Nonbrand,paid_search,23584,936,182.31,0.039688,0.1948
2024-03-27,FL,Search | Nonbrand,paid_search,18930,920,152.49,0.0486,0.1657
2024-03-28,FL,Search | Nonbrand,paid_search,17248,872,159.69,0.050557,0.1831
2024-03-29,FL,Search | Nonbrand,paid_search,19005,826,151.7,0.043462,0.1837
2024-03-30,FL,Search | Nonbrand,paid_search,21454,1057,188.33,0.049268,0.1782
2024-03-31,FL,Search | Nonbrand,paid_search,20883,885,188.17,0.042379,0.2126
2024-03-25,FL,Shopping | Instruments,shopping,19135,663,118.26,0.034649,0.1784
2024-03-26,FL,Shopping | Instruments,shopping,17317,546,153.96,0.03153,0.282
2024-03-27,FL,Shopping | Instruments,shopping,15676,490,133.19,0.031258,0.2718
2024-03-28,FL,Shopping | Instruments,shopping,16570,619,108.53,0.037357,0.1753
2024-03-29,FL,Shopping | Instruments,shopping,19082,703,131.43,0.036841,0.187
2024-03-30,FL,Shopping | Instruments,shopping,19259,636,151.94,0.033024,0.2389
2024-03-31,FL,Shopping | Instruments,shopping,18785,606,108.61,0.03226,0.1792
2024-03-25,NY,Search | Brand,paid_search,19119,1428,88.13,0.07469,0.0617
2024-03-26,NY,Search | Brand,paid_search,19508,1478,93.76,0.075764,0.0634
2024-03-27,NY,Search | Brand,paid_search,15715,1615,103.48,0.102768,0.0641
2024-03-28,NY,Search | Brand,paid_search,20167,1833,124.76,0.090891,0.0681
2024-03-29,NY,Search | Brand,paid_search,15998,1247,116.57,0.077947,0.0935
2024-03-30,NY,Search | Brand,paid_search,14251,1388,83.25,0.097397,0.06
2024-03-31,NY,Search | Brand,paid_search,16498,1279,93.32,0.077525,0.073
2024-03-25,NY,Search | Nonbrand,paid_search,20571,896,139.0,0.043556,0.1551
2024-03-26,NY,Search | Nonbrand,paid_search,17471,640,145.34,0.036632,0.2271
2024-03-27,NY,Search | Nonbrand,paid_search,16679,792,123.13,0.047485,0.1555
2024-03-28,NY,Search | Nonbrand,paid_search,19657,909,163.97,0.046243,0.1804
2024-03-29,NY,Search | Nonbrand,paid_search,16720,822,159.64,0.049163,0.1942
2024-03-30,NY,Search | Nonbrand,paid_search,16712,603,177.55,0.036082,0.2944
2024-03-31,NY,Search | Nonbrand,paid_search,18011,711,173.43,0.039476,0.2439
2024-03-25,NY,Shopping | Instruments,shopping,22797,654,159.66,0.028688,0.2441
2024-03-26,NY,Shopping | Instruments,shopping,18966,634,135.13,0.033428,0.2131
2024-03-27,NY,Shopping | Instruments,shopping,17566,876,151.03,0.049869,0.1724
2024-03-28,NY,Shopping | Instruments,shopping,18521,838,158.75,0.045246,0.1894
2024-03-29,NY,Shopping | Instruments,shopping,23427,624,153.05,0.026636,0.2453
2024-03-30,NY,Shopping | Instruments,shopping,22324,619,139.93,0.027728,0.2261
2024-03-31,NY,Shopping | Instruments,shopping,20306,680,138.58,0.033488,0.2038
2024-04-01,CA,Search | Brand,paid_search,22452,2078,159.13,0.092553,0.0766
2024-04-02,CA,Search | Brand,paid_search,20942,2026,143.34,0.096743,0.0707
2024-04-03,CA,Search | Brand,paid_search,24820,2599,115.47,0.104714,0.0444
2024-04-04,CA,Search | Brand,paid_search,23887,2097,163.1,0.087788,0.0778
2024-04-05,CA,Search | Brand,paid_search,30263,2601,147.32,0.085947,0.0566
2024-04-06,CA,Search | Brand,paid_search,24039,2157,157.5,0.089729,0.073
2024-04-07,CA,Search | Brand,paid_search,29536,2322,134.58,0.078616,0.058
2024-04-01,CA,Search | Nonbrand,paid_search,24704,1025,199.86,0.041491,0.195
2024-04-02,CA,Search | Nonbrand,paid_search,29928,1132,260.7,0.037824,0.2303
2024-04-03,CA,Search | Nonbrand,paid_search,20590,1232,251.65,0.059835,0.2043
2024-04-04,CA,Search | Nonbrand,paid_search,26598,851,191.09,0.031995,0.2246
2024-04-05,CA,Search | Nonbrand,paid_search,21812,792,203.02,0.03631,0.2563
2024-04-06,CA,Search | Nonbrand,paid_search,23295,999,229.71,0.042885,0.2299
2024-04-07,CA,Search | Nonbrand,paid_search,29176,1144,178.44,0.03921,0.156
2024-04-01,CA,Shopping | Instruments,shopping,29771,1011,175.85,0.033959,0.1739
2024-04-02,CA,Shopping | Instruments,shopping,23669,1189,242.83,0.050234,0.2042
2024-04-03,CA,Shopping | Instruments,shopping,30680,780,209.81,0.025424,0.269
2024-04-04,CA,Shopping | Instruments,shopping,34139,1028,238.71,0.030112,0.2322
2024-04-05,CA,Shopping | Instruments,shopping,31744,889,221.28,0.028005,0.2489
2024-04-06,CA,Shopping | Instruments,shopping,24853,1099,242.26,0.04422,0.2204
2024-04-07,CA,Shopping | Instruments,shopping,34086,1006,173.65,0.029514,0.1726
2024-04-01,TX,Search | Brand,paid_search,19781,1605,126.06,0.081138,0.0785
2024-04-02,TX,Search | Brand,paid_search,19589,2048,129.6,0.104548,0.0633
2024-04-03,TX,Search | Brand,paid_search,22898,1506,129.13,0.06577,0.0857
2024-04-04,TX,Search | Brand,paid_search,23950,1901,98.69,0.079374,0.0519
2024-04-05,TX,Search | Brand,paid_search,23499,2153,130.0,0.091621,0.0604
2024-04-06,TX,Search | Brand,paid_search,21423,2043,115.48,0.095365,0.0565
2024-04-07,TX,Search | Brand,paid_search,16149,1822,125.31,0.112824,0.0688
2024-04-01,TX,Search | Nonbrand,paid_search,30127,969,235.38,0.032164,0.2429
2024-04-02,TX,Search | Nonbrand,paid_search,20083,1087,174.56,0.054125,0.1606
2024-04-03,TX,Search | Nonbrand,paid_search,21431,841,204.68,0.039242,0.2434
2024-04-04,TX,Search | Nonbrand,paid_search,20474,1022,206.95,0.049917,0.2025
2024-04-05,TX,Search | Nonbrand,paid_search,24591,822,229.62,0.033427,0.2793
2024-04-06,TX,Search | Nonbrand,paid_search,23732,1090,165.75,0.04593,0.1521
2024-04-07,TX,Search | Nonbrand,paid_search,19841,1106,161.48,0.055743,0.146
2024-04-01,TX,Shopping | Instruments,shopping,20101,775,151.33,0.038555,0.1953
2024-04-02,TX,Shopping | Instruments,shopping,17024,662,143.62,0.038886,0.2169
2024-04-03,TX,Shopping | Instruments,shopping,21166,743,163.38,0.035103,0.2199
2024-04-04,TX,Shopping | Instruments,shopping,20172,607,129.72,0.030091,0.2137
2024-04-05,TX,Shopping | Instruments,shopping,18503,744,179.45,0.04021,0.2412
2024-04-06,TX,Shopping | Instruments,shopping,24945,699,173.38,0.028022,0.248
2024-04-07,TX,Shopping | Instruments,shopping,25521,792,120.64,0.031033,0.1523
2024-04-01,FL,Search | Brand,paid_search,12970,1459,113.3,0.11249,0.0777
2024-04-02,FL,Search | Brand,paid_search,14678,991,110.51,0.067516,0.1115
2024-04-03,FL,Search | Brand,paid_search,16972,1422,89.27,0.083785,0.0628
2024-04-04,FL,Search | Brand,paid_search,14452,1410,90.44,0.097564,0.0641
2024-04-05,FL,Search | Brand,paid_search,17770,1065,74.83,0.059932,0.0703
2024-04-06,FL,Search | Brand,paid_search,15264,1259,91.58,0.082482,0.0727
2024-04-07,FL,Search | Brand,paid_search,19354,1215,76.55,0.062778,0.063
2024-04-01,FL,Search | Nonbrand,paid_search,19937,822,139.71,0.04123,0.17
2024-04-02,FL,Search | Nonbrand,paid_search,22947,909,182.35,0.039613,0.2006
2024-04-03,FL,Search | Nonbrand,paid_search,20670,825,174.75,0.039913,0.2118
2024-04-04,FL,Search | Nonbrand,paid_search,16298,873,136.55,0.053565,0.1564
2024-04-05,FL,Search | Nonbrand,paid_search,19552,1014,203.76,0.051862,0.2009
2024-04-06,FL,Search | Nonbrand,paid_search,19978,793,191.49,0.039694,0.2415
2024-04-07,FL,Search | Nonbrand,paid_search,18491,891,157.1,0.048186,0.1763
2024-04-01,FL,Shopping | Instruments,shopping,20318,509,150.63,0.025052,0.2959
2024-04-02,FL,Shopping | Instruments,shopping,19069,716,128.66,0.037548,0.1797
2024-04-03,FL,Shopping | Instruments,shopping,16320,536,144.72,0.032843,0.27
2024-04-04,FL,Shopping | Instruments,shopping,21447,527,166.61,0.024572,0.3161
2024-04-05,FL,Shopping | Instruments,shopping,22510,710,129.17,0.031542,0.1819
2024-04-06,FL,Shopping | Instruments,shopping,21405,644,132.23,0.030086,0.2053
2024-04-07,FL,Shopping | Instruments,shopping,18139,718,150.28,0.039583,0.2093
2024-04-01,NY,Search | Brand,paid_search,25204,2103,119.46,0.083439,0.0568
2024-04-02,NY,Search | Brand,paid_search,19082,1869,108.28,0.097946,0.0579
2024-04-03,NY,Search | Brand,paid_search,17396,1582,136.6,0.09094,0.0863
2024-04-04,NY,Search | Brand,paid_search,22266,1785,110.21,0.080167,0.0617
2024-04-05,NY,Search | Brand,paid_search,22348,1871,99.74,0.083721,0.0533
2024-04-06,NY,Search | Brand,paid_search,20715,2011,146.26,0.097079,0.0727
2024-04-07,NY,Search | Brand,paid_search,18309,1535,122.31,0.083839,0.0797
2024-04-01,NY,Search | Nonbrand,paid_search,25220,837,158.29,0.033188,0.1891
2024-04-02,NY,Search | Nonbrand,paid_search,23737,1076,171.01,0.04533,0.1589
2024-04-03,NY,Search | Nonbrand,paid_search,26310,820,207.07,0.031167,0.2525
2024-04-04,NY,Search | Nonbrand,paid_search,22333,1132,185.01,0.050687,0.1634
2024-04-05,NY,Search | Nonbrand,paid_search,20648,823,190.8,0.039859,0.2318
2024-04-06,NY,Search | Nonbrand,paid_search,18202,881,226.67,0.048401,0.2573
2024-04-07,NY,Search | Nonbrand,paid_search,19030,843,198.27,0.044298,0.2352
2024-04-01,NY,Shopping | Instruments,shopping,21717,561,128.47,0.025832,0.229
2024-04-02,NY,Shopping | Instruments,shopping,15841,509,113.56,0.032132,0.2231
2024-04-03,NY,Shopping | Instruments,shopping,18974,611,153.26,0.032202,0.2508
2024-04-04,NY,Shopping | Instruments,shopping,17302,611,164.75,0.035314,0.2696
2024-04-05,NY,Shopping | Instruments,shopping,18785,715,128.78,0.038062,0.1801
2024-04-06,NY,Shopping | Instruments,shopping,18758,675,136.94,0.035985,0.2029
2024-04-07,NY,Shopping | Instruments,shopping,23140,704,142.76,0.030424,0.2028
2024-04-08,CA,Search | Brand,paid_search,30797,2418,153.55,0.078514,0.0635
2024-04-09,CA,Search | Brand,paid_search,30197,1969,142.24,0.065205,0.0722
2024-04-10,CA,Search | Brand,paid_search,31258,2009,169.11,0.064272,0.0842
2024-04-11,CA,Search | Brand,paid_search,29130,2350,170.04,0.080673,0.0724
2024-04-12,CA,Search | Brand,paid_search,20921,2675,129.37,0.127862,0.0484
2024-04-13,CA,Search | Brand,paid_search,23799,1934,183.57,0.081264,0.0949
2024-04-14,CA,Search | Brand,paid_search,27750,2696,176.46,0.097153,0.0655
2024-04-08,CA,Search | Nonbrand,paid_search,28594,1268,196.73,0.044345,0.1551
2024-04-09,CA,Search | Nonbrand,paid_search,23601,1078,303.83,0.045676,0.2818
2024-04-10,CA,Search | Nonbrand,paid_search,34361,914,247.64,0.0266,0.2709
2024-04-11,CA,Search | Nonbrand,paid_search,24898,1271,229.64,0.051048,0.1807
2024-04-12,CA,Search | Nonbrand,paid_search,23723,1307,219.61,0.055094,0.168
2024-04-13,CA,Search | Nonbrand,paid_search,33706,1019,206.53,0.030232,0.2027
2024-04-14,CA,Search | Nonbrand,paid_search,24193,1034,256.48,0.04274,0.248
2024-04-08,CA,Shopping | Instruments,shopping,29380,1106,200.67,0.037645,0.1814
2024-04-09,CA,Shopping | Instruments,shopping,29558,856,246.19,0.02896,0.2876
2024-04-10,CA,Shopping | Instruments,shopping,30315,1129,224.06,0.037242,0.1985
2024-04-11,CA,Shopping | Instruments,shopping,25285,995,228.3,0.039351,0.2294
2024-04-12,CA,Shopping | Instruments,shopping,30876,873,175.87,0.028274,0.2015
2024-04-13,CA,Shopping | Instruments,shopping,29753,814,192.81,0.027359,0.2369
2024-04-14,CA,Shopping | Instruments,shopping,28260,969,196.77,0.034289,0.2031
2024-04-08,TX,Search | Brand,paid_search,17580,1452,101.34,0.082594,0.0698
2024-04-09,TX,Search | Brand,paid_search,21203,1417,109.85,0.06683,0.0775
2024-04-10,TX,Search | Brand,paid_search,24580,2073,112.53,0.084337,0.0543
2024-04-11,TX,Search | Brand,paid_search,24516,1508,116.1,0.061511,0.077
2024-04-12,TX,Search | Brand,paid_search,15886,1501,137.23,0.094486,0.0914
2024-04-13,TX,Search | Brand,paid_search,18094,1890,140.33,0.104455,0.0742
2024-04-14,TX,Search | Brand,paid_search,21215,1824,112.47,0.085977,0.0617
2024-04-08,TX,Search | Nonbrand,paid_search,23355,868,229.65,0.037165,0.2646
2024-04-09,TX,Search | Nonbrand,paid_search,24162,1135,226.45,0.046975,0.1995
2024-04-10,TX,Search | Nonbrand,paid_search,28267,1034,215.79,0.03658,0.2087
2024-04-11,TX,Search | Nonbrand,paid_search,21796,1212,191.6,0.055607,0.1581
2024-04-12,TX,Search | Nonbrand,paid_search,27545,1204,188.01,0.04371,0.1562
2024-04-13,TX,Search | Nonbrand,paid_search,20101,871,215.91,0.043331,0.2479
2024-04-14,TX,Search | Nonbrand,paid_search,25777,976,203.21,0.037863,0.2082
2024-04-08,TX,Shopping | Instruments,shopping,20809,669,159.94,0.03215,0.2391
2024-04-09,TX,Shopping | Instruments,shopping,19131,664,165.05,0.034708,0.2486
2024-04-10,TX,Shopping | Instruments,shopping,19872,850,157.82,0.042774,0.1857
2024-04-11,TX,Shopping | Instruments,shopping,18970,661,140.75,0.034844,0.2129
2024-04-12,TX,Shopping | Instruments,shopping,26559,760,151.75,0.028616,0.1997
2024-04-13,TX,Shopping | Instruments,shopping,21365,633,175.75,0.029628,0.2777
2024-04-14,TX,Shopping | Instruments,shopping,24312,682,136.26,0.028052,0.1998
2024-04-08,FL,Search | Brand,paid_search,12658,1233,67.63,0.097409,0.0548
2024-04-09,FL,Search | Brand,paid_search,16874,1536,101.55,0.091028,0.0661
2024-04-10,FL,Search | Brand,paid_search,15143,1240,97.27,0.081886,0.0784
2024-04-11,FL,Search | Brand,paid_search,15437,1657,86.49,0.10734,0.0522
2024-04-12,FL,Search | Brand,paid_search,17301,1179,91.44,0.068146,0.0776
2024-04-13,FL,Search | Brand,paid_search,14861,1178,99.92,0.079268,0.0848
2024-04-14,FL,Search | Brand,paid_search,19159,1391,102.02,0.072603,0.0733
2024-04-08,FL,Search | Nonbrand,paid_search,22236,816,143.99,0.036697,0.1765
2024-04-09,FL,Search | Nonbrand,paid_search,25602,846,147.19,0.033044,0.174
2024-04-10,FL,Search | Nonbrand,paid_search,19974,726,184.98,0.036347,0.2548
2024-04-11,FL,Search | Nonbrand,paid_search,19433,884,194.47,0.04549,0.22
2024-04-12,FL,Search | Nonbrand,paid_search,17271,1000,207.17,0.057901,0.2072
2024-04-13,FL,Search | Nonbrand,paid_search,18891,681,178.78,0.036049,0.2625
2024-04-14,FL,Search | Nonbrand,paid_search,19387,829,171.45,0.042761,0.2068
2024-04-08,FL,Shopping | Instruments,shopping,14482,494,107.22,0.034111,0.217
2024-04-09,FL,Shopping | Instruments,shopping,19484,669,160.76,0.034336,0.2403
2024-04-10,FL,Shopping | Instruments,shopping,19998,685,110.84,0.034253,0.1618
2024-04-11,FL,Shopping | Instruments,shopping,19470,533,150.83,0.027375,0.283
2024-04-12,FL,Shopping | Instruments,shopping,13899,706,111.52,0.050795,0.158
2024-04-13,FL,Shopping | Instruments,shopping,20826,559,133.99,0.026841,0.2397
2024-04-14,FL,Shopping | Instruments,shopping,18271,645,135.14,0.035302,0.2095
2024-04-08,NY,Search | Brand,paid_search,18867,1763,133.69,0.093444,0.0758
2024-04-09,NY,Search | Brand,paid_search,17911,1471,146.67,0.082128,0.0997
2024-04-10,NY,Search | Brand,paid_search,18483,1831,130.47,0.099064,0.0713
2024-04-11,NY,Search | Brand,paid_search,16804,1800,107.91,0.107117,0.0599
2024-04-12,NY,Search | Brand,paid_search,23365,1605,108.42,0.068692,0.0676
2024-04-13,NY,Search | Brand,paid_search,23888,1717,97.53,0.071877,0.0568
2024-04-14,NY,Search | Brand,paid_search,23041,1472,100.99,0.063886,0.0686
2024-04-08,NY,Search | Nonbrand,paid_search,21381,941,127.48,0.044011,0.1355
2024-04-09,NY,Search | Nonbrand,paid_search,17476,673,156.78,0.03851,0.233
2024-04-10,NY,Search | Nonbrand,paid_search,15324,743,138.23,0.048486,0.186
2024-04-11,NY,Search | Nonbrand,paid_search,17919,925,158.4,0.051621,0.1712
2024-04-12,NY,Search | Nonbrand,paid_search,18755,727,177.62,0.038763,0.2443
2024-04-13,NY,Search | Nonbrand,paid_search,19937,875,172.92,0.043888,0.1976
2024-04-14,NY,Search | Nonbrand,paid_search,17615,880,172.86,0.049957,0.1964
2024-04-08,NY,Shopping | Instruments,shopping,17106,606,156.36,0.035426,0.258
2024-04-09,NY,Shopping | Instruments,shopping,22177,558,151.25,0.025161,0.2711
2024-04-10,NY,Shopping | Instruments,shopping,22730,565,120.56,0.024857,0.2134
2024-04-11,NY,Shopping | Instruments,shopping,15307,567,155.95,0.037042,0.275
2024-04-12,NY,Shopping | Instruments,shopping,17092,754,149.24,0.044114,0.1979
2024-04-13,NY,Shopping | Instruments,shopping,21725,723,111.82,0.03328,0.1547
2024-04-14,NY,Shopping | Instruments,shopping,20161,662,136.16,0.032836,0.2057
2024-04-15,CA,Search | Brand,paid_search,20257,2208,119.63,0.108999,0.0542
2024-04-16,CA,Search | Brand,paid_search,21794,1965,129.14,0.090162,0.0657
2024-04-17,CA,Search | Brand,paid_search,25306,2156,141.51,0.085197,0.0656
2024-04-18,CA,Search | Brand,paid_search,25882,1575,144.5,0.060853,0.0917
2024-04-19,CA,Search | Brand,paid_search,17897,1467,118.3,0.081969,0.0806
2024-04-20,CA,Search | Brand,paid_search,26535,1937,149.52,0.072998,0.0772
2024-04-21,CA,Search | Brand,paid_search,19023,1953,106.23,0.102665,0.0544
2024-04-15,CA,Search | Nonbrand,paid_search,24742,1107,266.58,0.044742,0.2408
2024-04-16,CA,Search | Nonbrand,paid_search,29509,1201,225.49,0.040699,0.1878
2024-04-17,CA,Search | Nonbrand,paid_search,32174,1089,267.99,0.033847,0.2461
2024-04-18,CA,Search | Nonbrand,paid_search,26141,1120,205.9,0.042845,0.1838
2024-04-19,CA,Search | Nonbrand,paid_search,30075,1036,212.17,0.034447,0.2048
2024-04-20,CA,Search | Nonbrand,paid_search,28886,1084,233.44,0.037527,0.2153
2024-04-21,CA,Search | Nonbrand,paid_search,23025,1099,261.59,0.047731,0.238
2024-04-15,CA,Shopping | Instruments,shopping,27999,706,194.23,0.025215,0.2751
2024-04-16,CA,Shopping | Instruments,shopping,25945,857,181.16,0.033031,0.2114
2024-04-17,CA,Shopping | Instruments,shopping,25374,1028,248.35,0.040514,0.2416
2024-04-18,CA,Shopping | Instruments,shopping,28408,934,166.79,0.032878,0.1786
2024-04-19,CA,Shopping | Instruments,shopping,30576,1085,168.5,0.035485,0.1553
2024-04-20,CA,Shopping | Instruments,shopping,27782,841,252.84,0.030271,0.3006
2024-04-21,CA,Shopping | Instruments,shopping,35198,771,237.35,0.021905,0.3079
2024-04-15,TX,Search | Brand,paid_search,24716,1701,100.26,0.068822,0.0589
2024-04-16,TX,Search | Brand,paid_search,18497,2086,145.61,0.112775,0.0698
2024-04-17,TX,Search | Brand,paid_search,20779,1493,100.95,0.071851,0.0676
2024-04-18,TX,Search | Brand,paid_search,18428,1655,123.31,0.089809,0.0745
2024-04-19,TX,Search | Brand,paid_search,20129,1833,128.09,0.091063,0.0699
2024-04-20,TX,Search | Brand,paid_search,22069,2104,141.45,0.095337,0.0672
2024-04-21,TX,Search | Brand,paid_search,22710,1541,114.86,0.067856,0.0745
2024-04-15,TX,Search | Nonbrand,paid_search,19833,1073,157.39,0.054102,0.1467
2024-04-16,TX,Search | Nonbrand,paid_search,19244,1008,210.47,0.05238,0.2088
2024-04-17,TX,Search | Nonbrand,paid_search,25310,1035,225.47,0.040893,0.2178
2024-04-18,TX,Search | Nonbrand,paid_search,19833,849,162.23,0.042807,0.1911
2024-04-19,TX,Search | Nonbrand,paid_search,21706,906,146.26,0.04174,0.1614
2024-04-20,TX,Search | Nonbrand,paid_search,20166,819,158.46,0.040613,0.1935
2024-04-21,TX,Search | Nonbrand,paid_search,22046,800,213.71,0.036288,0.2671
2024-04-15,TX,Shopping | Instruments,shopping,20553,711,129.65,0.034593,0.1823
2024-04-16,TX,Shopping | Instruments,shopping,26762,806,140.34,0.030117,0.1741
2024-04-17,TX,Shopping | Instruments,shopping,24704,620,174.46,0.025097,0.2814
2024-04-18,TX,Shopping | Instruments,shopping,20693,919,128.16,0.044411,0.1395
2024-04-19,TX,Shopping | Instruments,shopping,20717,702,171.43,0.033885,0.2442
2024-04-20,TX,Shopping | Instruments,shopping,21841,652,172.05,0.029852,0.2639
2024-04-21,TX,Shopping | Instruments,shopping,17572,817,184.37,0.046494,0.2257
2024-04-15,FL,Search | Brand,paid_search,18657,1674,95.27,0.089725,0.0569
2024-04-16,FL,Search | Brand,paid_search,17032,1328,102.83,0.077971,0.0774
2024-04-17,FL,Search | Brand,paid_search,14896,1724,107.9,0.115736,0.0626
2024-04-18,FL,Search | Brand,paid_search,16601,1483,91.05,0.089332,0.0614
2024-04-19,FL,Search | Brand,paid_search,17050,1273,100.68,0.074663,0.0791
2024-04-20,FL,Search | Brand,paid_search,15960,1681,84.73,0.105326,0.0504
2024-04-21,FL,Search | Brand,paid_search,17003,1576,97.3,0.09269,0.0617
2024-04-15,FL,Search | Nonbrand,paid_search,23226,820,163.0,0.035305,0.1988
2024-04-16,FL,Search | Nonbrand,paid_search,17737,858,163.62,0.048373,0.1907
2024-04-17,FL,Search | Nonbrand,paid_search,19337,779,151.45,0.040285,0.1944
2024-04-18,FL,Search | Nonbrand,paid_search,22374,1045,202.05,0.046706,0.1934
2024-04-19,FL,Search | Nonbrand,paid_search,16230,833,154.28,0.051325,0.1852
2024-04-20,FL,Search | Nonbrand,paid_search,17507,865,196.22,0.049409,0.2268
2024-04-21,FL,Search | Nonbrand,paid_search,23031,1090,168.58,0.047328,0.1547
2024-04-15,FL,Shopping | Instruments,shopping,18341,653,147.11,0.035603,0.2253
2024-04-16,FL,Shopping | Instruments,shopping,20092,566,149.54,0.02817,0.2642
2024-04-17,FL,Shopping | Instruments,shopping,16668,706,133.76,0.042357,0.1895
2024-04-18,FL,Shopping | Instruments,shopping,23996,846,145.64,0.035256,0.1722
2024-04-19,FL,Shopping | Instruments,shopping,22589,614,147.03,0.027181,0.2395
2024-04-20,FL,Shopping | Instruments,shopping,24739,806,193.43,0.03258,0.24
2024-04-21,FL,Shopping | Instruments,shopping,20808,612,143.57,0.029412,0.2346
2024-04-15,NY,Search | Brand,paid_search,21719,1692,88.55,0.077904,0.0523
2024-04-16,NY,Search | Brand,paid_search,18785,1665,130.58,0.088635,0.0784
2024-04-17,NY,Search | Brand,paid_search,19395,1698,91.29,0.087548,0.0538
2024-04-18,NY,Search | Brand,paid_search,20204,1703,95.83,0.08429,0.0563
2024-04-19,NY,Search | Brand,paid_search,17843,1428,131.41,0.080031,0.092
2024-04-20,NY,Search | Brand,paid_search,16228,1684,125.24,0.103771,0.0744
2024-04-21,NY,Search | Brand,paid_search,16188,1494,93.2,0.092291,0.0624
2024-04-15,NY,Search | Nonbrand,paid_search,20231,873,185.56,0.043152,0.2126
2024-04-16,NY,Search | Nonbrand,paid_search,17554,978,175.91,0.055714,0.1799
2024-04-17,NY,Search | Nonbrand,paid_search,18161,782,151.91,0.043059,0.1943
2024-04-18,NY,Search | Nonbrand,paid_search,21688,834,126.62,0.038454,0.1518
2024-04-19,NY,Search | Nonbrand,paid_search,16193,793,127.92,0.048972,0.1613
2024-04-20,NY,Search | Nonbrand,paid_search,18370,886,160.72,0.048231,0.1814
2024-04-21,NY,Search | Nonbrand,paid_search,16042,702,174.21,0.04376,0.2482
2024-04-15,NY,Shopping | Instruments,shopping,18221,521,134.65,0.028593,0.2584
2024-04-16,NY,Shopping | Instruments,shopping,17291,639,125.7,0.036956,0.1967
2024-04-17,NY,Shopping | Instruments,shopping,20419,687,128.34,0.033645,0.1868
2024-04-18,NY,Shopping | Instruments,shopping,19331,672,159.92,0.034763,0.238
2024-04-19,NY,Shopping | Instruments,shopping,19963,752,125.05,0.03767,0.1663
2024-04-20,NY,Shopping | Instruments,shopping,22608,550,156.9,0.024328,0.2853
2024-04-21,NY,Shopping | Instruments,shopping,16884,513,139.41,0.030384,0.2718
2024-04-22,CA,Search | Brand,paid_search,29341,2383,161.3,0.081217,0.0677
2024-04-23,CA,Search | Brand,paid_search,30198,1992,141.29,0.065965,0.0709
2024-04-24,CA,Search | Brand,paid_search,24228,2745,170.95,0.113299,0.0623
2024-04-25,CA,Search | Brand,paid_search,21800,2391,152.28,0.109679,0.0637
2024-04-26,CA,Search | Brand,paid_search,27852,2246,165.28,0.080641,0.0736
2024-04-27,CA,Search | Brand,paid_search,25884,1812,149.93,0.070005,0.0827
2024-04-28,CA,Search | Brand,paid_search,29849,2567,156.05,0.086,0.0608
2024-04-22,CA,Search | Nonbrand,paid_search,26744,837,189.38,0.031297,0.2263
2024-04-23,CA,Search | Nonbrand,paid_search,29312,1045,234.27,0.035651,0.2242
2024-04-24,CA,Search | Nonbrand,paid_search,21248,1168,193.09,0.05497,0.1653
2024-04-25,CA,Search | Nonbrand,paid_search,26154,1121,264.19,0.042862,0.2357
2024-04-26,CA,Search | Nonbrand,paid_search,26248,1225,207.05,0.04667,0.169
2024-04-27,CA,Search | Nonbrand,paid_search,25645,1175,212.93,0.045818,0.1812
2024-04-28,CA,Search | Nonbrand,paid_search,27332,789,270.16,0.028867,0.3424
2024-04-22,CA,Shopping | Instruments,shopping,27061,769,200.64,0.028417,0.2609
2024-04-23,CA,Shopping | Instruments,shopping,28101,690,217.31,0.024554,0.3149
2024-04-24,CA,Shopping | Instruments,shopping,27653,847,173.69,0.03063,0.2051
2024-04-25,CA,Shopping | Instruments,shopping,25469,1032,196.52,0.04052,0.1904
2024-04-26,CA,Shopping | Instruments,shopping,19904,817,184.54,0.041047,0.2259
2024-04-27,CA,Shopping | Instruments,shopping,25780,1047,177.42,0.040613,0.1695
2024-04-28,CA,Shopping | Instruments,shopping,26073,970,146.17,0.037203,0.1507
2024-04-22,TX,Search | Brand,paid_search,19649,2264,112.52,0.115222,0.0497
2024-04-23,TX,Search | Brand,paid_search,28053,2243,125.06,0.079956,0.0558
2024-04-24,TX,Search | Brand,paid_search,27887,2040,151.25,0.073152,0.0741
2024-04-25,TX,Search | Brand,paid_search,18402,1716,150.06,0.093251,0.0874
2024-04-26,TX,Search | Brand,paid_search,19666,1796,150.62,0.091325,0.0839
2024-04-27,TX,Search | Brand,paid_search,24029,1757,134.98,0.07312,0.0768
2024-04-28,TX,Search | Brand,paid_search,28125,2306,137.21,0.081991,0.0595
2024-04-22,TX,Search | Nonbrand,paid_search,26432,845,242.63,0.031969,0.2871
2024-04-23,TX,Search | Nonbrand,paid_search,23297,1049,179.93,0.045027,0.1715
2024-04-24,TX,Search | Nonbrand,paid_search,26876,1092,200.81,0.040631,0.1839
2024-04-25,TX,Search | Nonbrand,paid_search,25473,1138,255.98,0.044675,0.2249
2024-04-26,TX,Search | Nonbrand,paid_search,28974,1172,222.28,0.04045,0.1897
2024-04-27,TX,Search | Nonbrand,paid_search,23912,1147,178.03,0.047968,0.1552
2024-04-28,TX,Search | Nonbrand,paid_search,22083,822,242.95,0.037223,0.2956
2024-04-22,TX,Shopping | Instruments,shopping,16646,634,149.99,0.038087,0.2366
2024-04-23,TX,Shopping | Instruments,shopping,19352,516,133.43,0.026664,0.2586
2024-04-24,TX,Shopping | Instruments,shopping,16231,479,170.03,0.029511,0.355
2024-04-25,TX,Shopping | Instruments,shopping,21061,645,158.99,0.030625,0.2465
2024-04-26,TX,Shopping | Instruments,shopping,23201,542,147.6,0.023361,0.2723
2024-04-27,TX,Shopping | Instruments,shopping,21108,613,138.83,0.029041,0.2265
2024-04-28,TX,Shopping | Instruments,shopping,22884,714,112.61,0.031201,0.1577
2024-04-22,FL,Search | Brand,paid_search,16233,1284,88.33,0.079098,0.0688
2024-04-23,FL,Search | Brand,paid_search,17521,1255,120.21,0.071628,0.0958
2024-04-24,FL,Search | Brand,paid_search,18780,1525,84.94,0.081203,0.0557
2024-04-25,FL,Search | Brand,paid_search,14555,1675,100.31,0.115081,0.0599
2024-04-26,FL,Search | Brand,paid_search,18620,1305,96.84,0.070086,0.0742
2024-04-27,FL,Search | Brand,paid_search,16866,1556,94.86,0.092257,0.061
2024-04-28,FL,Search | Brand,paid_search,14722,1467,94.83,0.099647,0.0646
2024-04-22,FL,Search | Nonbrand,paid_search,20662,956,196.75,0.046269,0.2058
2024-04-23,FL,Search | Nonbrand,paid_search,20469,772,199.9,0.037716,0.2589
2024-04-24,FL,Search | Nonbrand,paid_search,15086,800,151.1,0.053029,0.1889
2024-04-25,FL,Search | Nonbrand,paid_search,22036,674,143.56,0.030586,0.213
2024-04-26,FL,Search | Nonbrand,paid_search,20880,888,151.67,0.042529,0.1708
2024-04-27,FL,Search | Nonbrand,paid_search,17712,946,207.92,0.05341,0.2198
2024-04-28,FL,Search | Nonbrand,paid_search,22148,738,144.42,0.033321,0.1957
2024-04-22,FL,Shopping | Instruments,shopping,22235,664,163.53,0.029863,0.2463
2024-04-23,FL,Shopping | Instruments,shopping,17863,724,142.67,0.040531,0.1971
2024-04-24,FL,Shopping | Instruments,shopping,14640,659,147.28,0.045014,0.2235
2024-04-25,FL,Shopping | Instruments,shopping,20822,727,130.63,0.034915,0.1797
2024-04-26,FL,Shopping | Instruments,shopping,21427,522,157.16,0.024362,0.3011
2024-04-27,FL,Shopping | Instruments,shopping,20325,507,120.84,0.024945,0.2383
2024-04-28,FL,Shopping | Instruments,shopping,21392,680,136.56,0.031788,0.2008
2024-04-22,NY,Search | Brand,paid_search,17024,1397,119.42,0.082061,0.0855
2024-04-23,NY,Search | Brand,paid_search,20550,1686,126.01,0.082044,0.0747
2024-04-24,NY,Search | Brand,paid_search,18269,1421,122.38,0.077782,0.0861
2024-04-25,NY,Search | Brand,paid_search,16332,1796,86.91,0.109968,0.0484
2024-04-26,NY,Search | Brand,paid_search,18598,1540,119.49,0.082805,0.0776
2024-04-27,NY,Search | Brand,paid_search,22285,1871,116.57,0.083958,0.0623
2024-04-28,NY,Search | Brand,paid_search,22726,1397,96.77,0.061471,0.0693
2024-04-22,NY,Search | Nonbrand,paid_search,20109,1051,181.45,0.052265,0.1726
2024-04-23,NY,Search | Nonbrand,paid_search,17429,906,189.77,0.051982,0.2095
2024-04-24,NY,Search | Nonbrand,paid_search,24603,1063,150.46,0.043206,0.1415
2024-04-25,NY,Search | Nonbrand,paid_search,18953,1021,205.62,0.05387,0.2014
2024-04-26,NY,Search | Nonbrand,paid_search,22782,851,201.63,0.037354,0.2369
2024-04-27,NY,Search | Nonbrand,paid_search,17616,1119,171.8,0.063522,0.1535
2024-04-28,NY,Search | Nonbrand,paid_search,25765,777,165.68,0.030157,0.2132
2024-04-22,NY,Shopping | Instruments,shopping,19994,608,152.54,0.030409,0.2509
2024-04-23,NY,Shopping | Instruments,shopping,23928,828,191.02,0.034604,0.2307
2024-04-24,NY,Shopping | Instruments,shopping,22603,660,193.95,0.0292,0.2939
2024-04-25,NY,Shopping | Instruments,shopping,25976,720,129.2,0.027718,0.1795
2024-04-26,NY,Shopping | Instruments,shopping,19578,581,130.27,0.029676,0.2242
2024-04-27,NY,Shopping | Instruments,shopping,25172,737,149.15,0.029279,0.2024
2024-04-28,NY,Shopping | Instruments,shopping,18061,629,172.1,0.034826,0.2736
2024-04-29,CA,Search | Brand,paid_search,26605,1957,134.79,0.073558,0.0689
2024-04-30,CA,Search | Brand,paid_search,26717,1908,120.72,0.071415,0.0633
2024-05-01,CA,Search | Brand,paid_search,23559,2070,141.75,0.087865,0.0685
2024-05-02,CA,Search | Brand,paid_search,24389,2181,131.04,0.089426,0.0601
2024-05-03,CA,Search | Brand,paid_search,26508,2108,162.19,0.079523,0.0769
2024-05-04,CA,Search | Brand,paid_search,24900,2531,153.08,0.101647,0.0605
2024-05-05,CA,Search | Brand,paid_search,18193,2467,147.49,0.135602,0.0598
2024-04-29,CA,Search | Nonbrand,paid_search,22357,1137,266.12,0.050857,0.2341
2024-04-30,CA,Search | Nonbrand,paid_search,29333,1171,190.59,0.039921,0.1628
2024-05-01,CA,Search | Nonbrand,paid_search,28609,1025,262.45,0.035828,0.256
2024-05-02,CA,Search | Nonbrand,paid_search,28843,1418,297.74,0.049163,0.21
2024-05-03,CA,Search | Nonbrand,paid_search,30966,1390,254.74,0.044888,0.1833
2024-05-04,CA,Search | Nonbrand,paid_search,23034,1351,212.52,0.058652,0.1573
2024-05-05,CA,Search | Nonbrand,paid_search,31992,1136,193.99,0.035509,0.1708
2024-04-29,CA,Shopping | Instruments,shopping,30109,1035,249.19,0.034375,0.2408
2024-04-30,CA,Shopping | Instruments,shopping,29821,1154,162.38,0.038698,0.1407
2024-05-01,CA,Shopping | Instruments,shopping,31321,833,213.47,0.026596,0.2563
2024-05-02,CA,Shopping | Instruments,shopping,28841,754,250.74,0.026143,0.3325
2024-05-03,CA,Shopping | Instruments,shopping,27701,865,183.81,0.031226,0.2125
2024-05-04,CA,Shopping | Instruments,shopping,26233,843,222.61,0.032135,0.2641
2024-05-05,CA,Shopping | Instruments,shopping,27146,1138,166.23,0.041921,0.1461
2024-04-29,TX,Search | Brand,paid_search,21737,1739,129.19,0.080002,0.0743
2024-04-30,TX,Search | Brand,paid_search,19175,1633,107.97,0.085163,0.0661
2024-05-01,TX,Search | Brand,paid_search,22903,1760,140.05,0.076846,0.0796
2024-05-02,TX,Search | Brand,paid_search,17356,1928,131.99,0.111086,0.0685
2024-05-03,TX,Search | Brand,paid_search,23341,1869,104.93,0.080074,0.0561
2024-05-04,TX,Search | Brand,paid_search,21207,1391,134.9,0.065592,0.097
2024-05-05,TX,Search | Brand,paid_search,23172,1805,114.53,0.077896,0.0635
2024-04-29,TX,Search | Nonbrand,paid_search,27854,1234,232.75,0.044302,0.1886
2024-04-30,TX,Search | Nonbrand,paid_search,23828,1043,235.42,0.043772,0.2257
2024-05-01,TX,Search | Nonbrand,paid_search,28137,957,228.85,0.034012,0.2391
2024-05-02,TX,Search | Nonbrand,paid_search,25799,1224,176.99,0.047444,0.1446
2024-05-03,TX,Search | Nonbrand,paid_search,24427,1016,244.05,0.041593,0.2402
2024-05-04,TX,Search | Nonbrand,paid_search,24582,899,200.53,0.036571,0.2231
2024-05-05,TX,Search | Nonbrand,paid_search,26035,966,235.11,0.037104,0.2434
2024-04-29,TX,Shopping | Instruments,shopping,21761,679,142.84,0.031203,0.2104
2024-04-30,TX,Shopping | Instruments,shopping,22193,603,169.51,0.027171,0.2811
2024-05-01,TX,Shopping | Instruments,shopping,20974,651,128.07,0.031038,0.1967
2024-05-02,TX,Shopping | Instruments,shopping,15680,589,127.6,0.037564,0.2166
2024-05-03,TX,Shopping | Instruments,shopping,19750,704,151.38,0.035646,0.215
2024-05-04,TX,Shopping | Instruments,shopping,21356,553,144.48,0.025894,0.2613
2024-05-05,TX,Shopping | Instruments,shopping,23236,532,179.75,0.022896,0.3379
2024-04-29,FL,Search | Brand,paid_search,18797,1204,118.09,0.064053,0.0981
2024-04-30,FL,Search | Brand,paid_search,15116,1638,103.15,0.108362,0.063
2024-05-01,FL,Search | Brand,paid_search,21292,1480,88.79,0.06951,0.06
2024-05-02,FL,Search | Brand,paid_search,18874,1682,120.61,0.089117,0.0717
2024-05-03,FL,Search | Brand,paid_search,16007,1476,88.1,0.09221,0.0597
2024-05-04,FL,Search | Brand,paid_search,21651,1607,124.59,0.074223,0.0775
2024-05-05,FL,Search | Brand,paid_search,15156,1591,92.65,0.104975,0.0582
2024-04-29,FL,Search | Nonbrand,paid_search,16801,913,171.33,0.054342,0.1877
2024-04-30,FL,Search | Nonbrand,paid_search,23679,822,166.36,0.034714,0.2024
2024-05-01,FL,Search | Nonbrand,paid_search,23779,1069,176.36,0.044956,0.165
2024-05-02,FL,Search | Nonbrand,paid_search,21443,1020,177.83,0.047568,0.1743
2024-05-03,FL,Search | Nonbrand,paid_search,17263,934,181.37,0.054104,0.1942
2024-05-04,FL,Search | Nonbrand,paid_search,19508,900,154.74,0.046135,0.1719
2024-05-05,FL,Search | Nonbrand,paid_search,21133,853,207.02,0.040363,0.2427
2024-04-29,FL,Shopping | Instruments,shopping,20867,515,139.87,0.02468,0.2716
2024-04-30,FL,Shopping | Instruments,shopping,17807,615,122.13,0.034537,0.1986
2024-05-01,FL,Shopping | Instruments,shopping,21375,704,164.05,0.032936,0.233
2024-05-02,FL,Shopping | Instruments,shopping,18004,525,127.66,0.02916,0.2432
2024-05-03,FL,Shopping | Instruments,shopping,20284,655,145.54,0.032291,0.2222
2024-05-04,FL,Shopping | Instruments,shopping,19930,713,159.51,0.035775,0.2237
2024-05-05,FL,Shopping | Instruments,shopping,19974,554,136.58,0.027736,0.2465
2024-04-29,NY,Search | Brand,paid_search,20442,2190,117.68,0.107132,0.0537
2024-04-30,NY,Search | Brand,paid_search,19858,1848,129.96,0.093061,0.0703
2024-05-01,NY,Search | Brand,paid_search,22522,1630,129.6,0.072374,0.0795
2024-05-02,NY,Search | Brand,paid_search,15173,1651,103.7,0.108812,0.0628
2024-05-03,NY,Search | Brand,paid_search,19714,1648,102.58,0.083595,0.0622
2024-05-04,NY,Search | Brand,paid_search,22962,1694,101.16,0.073774,0.0597
2024-05-05,NY,Search | Brand,paid_search,19223,1867,126.71,0.097123,0.0679
2024-04-29,NY,Search | Nonbrand,paid_search,19469,849,190.61,0.043608,0.2245
2024-04-30,NY,Search | Nonbrand,paid_search,19460,758,157.35,0.038952,0.2076
2024-05-01,NY,Search | Nonbrand,paid_search,17854,687,146.68,0.038479,0.2135
2024-05-02,NY,Search | Nonbrand,paid_search,15926,716,126.6,0.044958,0.1768
2024-05-03,NY,Search | Nonbrand,paid_search,15772,844,150.14,0.053513,0.1779
2024-05-04,NY,Search | Nonbrand,paid_search,19213,828,182.16,0.043096,0.22
2024-05-05,NY,Search | Nonbrand,paid_search,22305,663,164.45,0.029724,0.248
2024-04-29,NY,Shopping | Instruments,shopping,19124,635,156.95,0.033204,0.2472
2024-04-30,NY,Shopping | Instruments,shopping,28082,618,189.35,0.022007,0.3064
2024-05-01,NY,Shopping | Instruments,shopping,21651,623,132.86,0.028775,0.2133
2024-05-02,NY,Shopping | Instruments,shopping,19388,745,139.52,0.038426,0.1873
2024-05-03,NY,Shopping | Instruments,shopping,21064,796,186.49,0.03779,0.2343
2024-05-04,NY,Shopping | Instruments,shopping,20054,647,149.08,0.032263,0.2304
2024-05-05,NY,Shopping | Instruments,shopping,27725,786,176.79,0.02835,0.2249
2024-05-06,CA,Search | Brand,paid_search,29017,2257,184.7,0.077782,0.0818
2024-05-07,CA,Search | Brand,paid_search,28642,2601,130.78,0.090811,0.0503
2024-05-08,CA,Search | Brand,paid_search,28407,2616,136.57,0.09209,0.0522
2024-05-09,CA,Search | Brand,paid_search,26378,2334,150.01,0.088483,0.0643
2024-05-10,CA,Search | Brand,paid_search,25053,2344,135.56,0.093562,0.0578
2024-05-11,CA,Search | Brand,paid_search,24094,2436,166.29,0.101104,0.0683
2024-05-12,CA,Search | Brand,paid_search,26701,2692,188.2,0.10082,0.0699
2024-05-06,CA,Search | Nonbrand,paid_search,29710,1501,305.37,0.050522,0.2034
2024-05-07,CA,Search | Nonbrand,paid_search,38567,1077,276.16,0.027925,0.2564
2024-05-08,CA,Search | Nonbrand,paid_search,30137,1468,228.8,0.048711,0.1559
2024-05-09,CA,Search | Nonbrand,paid_search,33450,1194,301.77,0.035695,0.2527
2024-05-10,CA,Search | Nonbrand,paid_search,32132,1447,343.18,0.045033,0.2372
2024-05-11,CA,Search | Nonbrand,paid_search,33192,1092,231.5,0.032899,0.212
2024-05-12,CA,Search | Nonbrand,paid_search,33944,1527,300.95,0.044986,0.1971
2024-05-06,CA,Shopping | Instruments,shopping,31787,839,208.8,0.026394,0.2489
2024-05-07,CA,Shopping | Instruments,shopping,28032,1080,286.9,0.038527,0.2657
2024-05-08,CA,Shopping | Instruments,shopping,29172,1031,240.57,0.035342,0.2333
2024-05-09,CA,Shopping | Instruments,shopping,26387,858,216.83,0.032516,0.2527
2024-05-10,CA,Shopping | Instruments,shopping,37233,1022,223.72,0.027449,0.2189
2024-05-11,CA,Shopping | Instruments,shopping,35650,952,241.56,0.026704,0.2537
2024-05-12,CA,Shopping | Instruments,shopping,35443,1072,192.28,0.030246,0.1794
2024-05-06,TX,Search | Brand,paid_search,23317,1583,144.5,0.06789,0.0913
2024-05-07,TX,Search | Brand,paid_search,22743,2170,127.42,0.095414,0.0587
2024-05-08,TX,Search | Brand,paid_search,18051,1570,131.03,0.086976,0.0835
2024-05-09,TX,Search | Brand,paid_search,22563,1568,114.56,0.069494,0.0731
2024-05-10,TX,Search | Brand,paid_search,21404,2062,136.78,0.096337,0.0663
2024-05-11,TX,Search | Brand,paid_search,24707,1904,136.38,0.077063,0.0716
2024-05-12,TX,Search | Brand,paid_search,20473,2349,98.21,0.114736,0.0418
2024-05-06,TX,Search | Nonbrand,paid_search,26744,1299,277.47,0.048572,0.2136
2024-05-07,TX,Search | Nonbrand,paid_search,31386,952,232.43,0.030332,0.2442
2024-05-08,TX,Search | Nonbrand,paid_search,28666,1409,250.81,0.049152,0.178
2024-05-09,TX,Search | Nonbrand,paid_search,28441,1343,205.85,0.047221,0.1533
2024-05-10,TX,Search | Nonbrand,paid_search,25900,1219,231.89,0.047066,0.1902
2024-05-11,TX,Search | Nonbrand,paid_search,23245,1359,218.12,0.058464,0.1605
2024-05-12,TX,Search | Nonbrand,paid_search,25869,1081,219.59,0.041787,0.2031
2024-05-06,TX,Shopping | Instruments,shopping,23131,603,202.71,0.026069,0.3362
2024-05-07,TX,Shopping | Instruments,shopping,26766,888,207.48,0.033176,0.2337
2024-05-08,TX,Shopping | Instruments,shopping,30370,716,151.39,0.023576,0.2114
2024-05-09,TX,Shopping | Instruments,shopping,22574,681,145.47,0.030167,0.2136
2024-05-10,TX,Shopping | Instruments,shopping,28664,707,178.48,0.024665,0.2524
2024-05-11,TX,Shopping | Instruments,shopping,24132,812,200.27,0.033648,0.2466
2024-05-12,TX,Shopping | Instruments,shopping,21325,910,188.33,0.042673,0.207
2024-05-06,FL,Search | Brand,paid_search,15904,1272,98.43,0.07998,0.0774
2024-05-07,FL,Search | Brand,paid_search,17501,1648,116.12,0.094166,0.0705
2024-05-08,FL,Search | Brand,paid_search,14049,1461,109.31,0.103993,0.0748
2024-05-09,FL,Search | Brand,paid_search,20602,1516,95.14,0.073585,0.0628
2024-05-10,FL,Search | Brand,paid_search,20624,1166,109.49,0.056536,0.0939
2024-05-11,FL,Search | Brand,paid_search,16673,1100,100.6,0.065975,0.0915
2024-05-12,FL,Search | Brand,paid_search,17843,1635,85.46,0.091633,0.0523
2024-05-06,FL,Search | Nonbrand,paid_search,24469,904,162.88,0.036945,0.1802
2024-05-07,FL,Search | Nonbrand,paid_search,27224,886,206.51,0.032545,0.2331
2024-05-08,FL,Search | Nonbrand,paid_search,24523,1021,178.5,0.041634,0.1748
2024-05-09,FL,Search | Nonbrand,paid_search,19350,748,214.8,0.038656,0.2872
2024-05-10,FL,Search | Nonbrand,paid_search,24215,1043,178.18,0.043072,0.1708
2024-05-11,FL,Search | Nonbrand,paid_search,20068,1159,200.07,0.057754,0.1726
2024-05-12,FL,Search | Nonbrand,paid_search,18232,1138,218.56,0.062418,0.1921
2024-05-06,FL,Shopping | Instruments,shopping,19348,745,165.57,0.038505,0.2222
2024-05-07,FL,Shopping | Instruments,shopping,24159,731,181.3,0.030258,0.248
2024-05-08,FL,Shopping | Instruments,shopping,20368,732,145.96,0.035939,0.1994
2024-05-09,FL,Shopping | Instruments,shopping,20159,712,150.67,0.035319,0.2116
2024-05-10,FL,Shopping | Instruments,shopping,24318,761,141.71,0.031294,0.1862
2024-05-11,FL,Shopping | Instruments,shopping,21632,541,152.53,0.025009,0.2819
2024-05-12,FL,Shopping | Instruments,shopping,22663,680,161.31,0.030005,0.2372
2024-05-06,NY,Search | Brand,paid_search,14699,1723,106.58,0.117219,0.0619
2024-05-07,NY,Search | Brand,paid_search,20980,1436,107.16,0.068446,0.0746
2024-05-08,NY,Search | Brand,paid_search,18624,1476,109.05,0.079253,0.0739
2024-05-09,NY,Search | Brand,paid_search,18199,1591,109.28,0.087422,0.0687
2024-05-10,NY,Search | Brand,paid_search,20791,1713,106.29,0.082391,0.0621
2024-05-11,NY,Search | Brand,paid_search,20310,1814,125.19,0.089316,0.069
2024-05-12,NY,Search | Brand,paid_search,18530,1761,102.83,0.095035,0.0584
2024-05-06,NY,Search | Nonbrand,paid_search,22774,1195,201.78,0.052472,0.1689
2024-05-07,NY,Search | Nonbrand,paid_search,24806,986,202.42,0.039748,0.2053
2024-05-08,NY,Search | Nonbrand,paid_search,23006,1078,210.87,0.046857,0.1956
2024-05-09,NY,Search | Nonbrand,paid_search,21649,1187,186.7,0.054829,0.1573
2024-05-10,NY,Search | Nonbrand,paid_search,24176,1032,223.62,0.042687,0.2167
2024-05-11,NY,Search | Nonbrand,paid_search,24805,930,227.2,0.037492,0.2443
2024-05-12,NY,Search | Nonbrand,paid_search,26922,823,193.4,0.03057,0.235
2024-05-06,NY,Shopping | Instruments,shopping,19715,658,179.29,0.033376,0.2725
2024-05-07,NY,Shopping | Instruments,shopping,19696,632,157.72,0.032088,0.2496
2024-05-08,NY,Shopping | Instruments,shopping,22077,779,162.16,0.035286,0.2082
2024-05-09,NY,Shopping | Instruments,shopping,25223,696,167.04,0.027594,0.24
2024-05-10,NY,Shopping | Instruments,shopping,26885,826,154.83,0.030723,0.1874
2024-05-11,NY,Shopping | Instruments,shopping,26072,590,150.35,0.02263,0.2548
2024-05-12,NY,Shopping | Instruments,shopping,20462,797,181.55,0.03895,0.2278
2024-05-13,CA,Search | Brand,paid_search,22748,1935,167.49,0.085062,0.0866
2024-05-14,CA,Search | Brand,paid_search,26130,1892,142.36,0.072407,0.0752
2024-05-15,CA,Search | Brand,paid_search,21981,2455,187.43,0.111687,0.0763
2024-05-16,CA,Search | Brand,paid_search,29474,1908,158.69,0.064735,0.0832
2024-05-17,CA,Search | Brand,paid_search,33081,2500,160.76,0.075572,0.0643
2024-05-18,CA,Search | Brand,paid_search,31338,2266,142.62,0.072308,0.0629
2024-05-19,CA,Search | Brand,paid_search,22522,1812,126.84,0.080455,0.07
2024-05-13,CA,Search | Nonbrand,paid_search,28842,960,323.19,0.033285,0.3367
2024-05-14,CA,Search | Nonbrand,paid_search,32492,1265,312.9,0.038933,0.2474
2024-05-15,CA,Search | Nonbrand,paid_search,24668,1308,251.7,0.053024,0.1924
2024-05-16,CA,Search | Nonbrand,paid_search,31483,977,251.8,0.031033,0.2577
2024-05-17,CA,Search | Nonbrand,paid_search,29727,1288,216.08,0.043328,0.1678
2024-05-18,CA,Search | Nonbrand,paid_search,30748,1322,221.65,0.042995,0.1677
2024-05-19,CA,Search | Nonbrand,paid_search,31081,1315,220.43,0.042309,0.1676
2024-05-13,CA,Shopping | Instruments,shopping,27299,951,202.29,0.034836,0.2127
2024-05-14,CA,Shopping | Instruments,shopping,25092,741,156.13,0.029531,0.2107
2024-05-15,CA,Shopping | Instruments,shopping,27616,961,209.94,0.034799,0.2185
2024-05-16,CA,Shopping | Instruments,shopping,27302,860,175.45,0.0315,0.204
2024-05-17,CA,Shopping | Instruments,shopping,28118,646,188.04,0.022975,0.2911
2024-05-18,CA,Shopping | Instruments,shopping,25569,758,155.73,0.029645,0.2054
2024-05-19,CA,Shopping | Instruments,shopping,20071,888,216.1,0.044243,0.2434
2024-05-13,TX,Search | Brand,paid_search,24103,1634,109.91,0.067792,0.0673
2024-05-14,TX,Search | Brand,paid_search,16375,1554,97.71,0.094901,0.0629
2024-05-15,TX,Search | Brand,paid_search,16588,1344,100.93,0.081022,0.0751
2024-05-16,TX,Search | Brand,paid_search,23420,1439,117.05,0.061443,0.0813
2024-05-17,TX,Search | Brand,paid_search,16953,1953,131.11,0.115201,0.0671
2024-05-18,TX,Search | Brand,paid_search,20170,1362,101.85,0.067526,0.0748
2024-05-19,TX,Search | Brand,paid_search,16817,1756,121.1,0.104418,0.069
2024-05-13,TX,Search | Nonbrand,paid_search,16864,1130,205.75,0.067007,0.1821
2024-05-14,TX,Search | Nonbrand,paid_search,24540,773,157.12,0.0315,0.2033
2024-05-15,TX,Search | Nonbrand,paid_search,18965,1051,170.47,0.055418,0.1622
2024-05-16,TX,Search | Nonbrand,paid_search,19707,741,189.23,0.037601,0.2554
2024-05-17,TX,Search | Nonbrand,paid_search,21364,857,187.54,0.040114,0.2188
2024-05-18,TX,Search | Nonbrand,paid_search,24166,865,167.5,0.035794,0.1936
2024-05-19,TX,Search | Nonbrand,paid_search,22322,844,194.57,0.03781,0.2305
2024-05-13,TX,Shopping | Instruments,shopping,19075,672,168.77,0.035229,0.2511
2024-05-14,TX,Shopping | Instruments,shopping,20484,544,168.59,0.026557,0.3099
2024-05-15,TX,Shopping | Instruments,shopping,19466,649,166.43,0.03334,0.2564
2024-05-16,TX,Shopping | Instruments,shopping,27591,726,167.64,0.026313,0.2309
2024-05-17,TX,Shopping | Instruments,shopping,19011,762,145.15,0.040082,0.1905
2024-05-18,TX,Shopping | Instruments,shopping,25300,637,128.04,0.025178,0.201
2024-05-19,TX,Shopping | Instruments,shopping,24413,652,173.83,0.026707,0.2666
2024-05-13,FL,Search | Brand,paid_search,15236,1733,124.94,0.113744,0.0721
2024-05-14,FL,Search | Brand,paid_search,18220,1321,88.31,0.072503,0.0669
2024-05-15,FL,Search | Brand,paid_search,16658,1299,97.25,0.077981,0.0749
2024-05-16,FL,Search | Brand,paid_search,16118,1695,105.55,0.105162,0.0623
2024-05-17,FL,Search | Brand,paid_search,18790,1307,103.6,0.069558,0.0793
2024-05-18,FL,Search | Brand,paid_search,19209,1321,92.78,0.06877,0.0702
2024-05-19,FL,Search | Brand,paid_search,16056,1625,85.24,0.101208,0.0525
2024-05-13,FL,Search | Nonbrand,paid_search,22043,838,164.93,0.038017,0.1968
2024-05-14,FL,Search | Nonbrand,paid_search,16505,795,132.19,0.048167,0.1663
2024-05-15,FL,Search | Nonbrand,paid_search,16382,861,183.01,0.052558,0.2126
2024-05-16,FL,Search | Nonbrand,paid_search,16621,856,141.06,0.051501,0.1648
2024-05-17,FL,Search | Nonbrand,paid_search,18436,659,142.15,0.035745,0.2157
2024-05-18,FL,Search | Nonbrand,paid_search,19223,699,137.26,0.036363,0.1964
2024-05-19,FL,Search | Nonbrand,paid_search,16244,752,178.3,0.046294,0.2371
2024-05-13,FL,Shopping | Instruments,shopping,15886,583,96.77,0.036699,0.166
2024-05-14,FL,Shopping | Instruments,shopping,15131,463,143.5,0.030599,0.3099
2024-05-15,FL,Shopping | Instruments,shopping,14901,484,137.7,0.032481,0.2845
2024-05-16,FL,Shopping | Instruments,shopping,20106,561,100.32,0.027902,0.1788
2024-05-17,FL,Shopping | Instruments,shopping,19039,625,134.79,0.032827,0.2157
2024-05-18,FL,Shopping | Instruments,shopping,16242,533,127.84,0.032816,0.2399
2024-05-19,FL,Shopping | Instruments,shopping,20189,612,133.82,0.030314,0.2187
2024-05-13,NY,Search | Brand,paid_search,22758,2225,144.92,0.097768,0.0651
2024-05-14,NY,Search | Brand,paid_search,17706,1908,126.75,0.10776,0.0664
2024-05-15,NY,Search | Brand,paid_search,18708,2061,141.73,0.110167,0.0688
2024-05-16,NY,Search | Brand,paid_search,25177,1738,103.05,0.069031,0.0593
2024-05-17,NY,Search | Brand,paid_search,22240,2070,103.57,0.093076,0.05
2024-05-18,NY,Search | Brand,paid_search,17633,1515,116.36,0.085918,0.0768
2024-05-19,NY,Search | Brand,paid_search,23630,1999,121.16,0.084596,0.0606
2024-05-13,NY,Search | Nonbrand,paid_search,17183,866,193.98,0.050399,0.224
2024-05-14,NY,Search | Nonbrand,paid_search,21497,792,166.94,0.036842,0.2108
2024-05-15,NY,Search | Nonbrand,paid_search,22580,808,161.03,0.035784,0.1993
2024-05-16,NY,Search | Nonbrand,paid_search,23787,853,148.29,0.03586,0.1738
2024-05-17,NY,Search | Nonbrand,paid_search,19421,679,230.4,0.034962,0.3393
2024-05-18,NY,Search | Nonbrand,paid_search,22506,908,159.55,0.040345,0.1757
2024-05-19,NY,Search | Nonbrand,paid_search,20538,949,208.41,0.046207,0.2196
2024-05-13,NY,Shopping | Instruments,shopping,15838,712,126.31,0.044955,0.1774
2024-05-14,NY,Shopping | Instruments,shopping,22814,576,129.73,0.025248,0.2252
2024-05-15,NY,Shopping | Instruments,shopping,18111,594,152.19,0.032798,0.2562
2024-05-16,NY,Shopping | Instruments,shopping,23751,682,166.54,0.028715,0.2442
2024-05-17,NY,Shopping | Instruments,shopping,17360,576,143.27,0.03318,0.2487
2024-05-18,NY,Shopping | Instruments,shopping,20432,730,150.05,0.035728,0.2055
2024-05-19,NY,Shopping | Instruments,shopping,23284,644,151.37,0.027658,0.2351
2024-05-20,CA,Search | Brand,paid_search,19922,2147,137.14,0.10777,0.0639
2024-05-21,CA,Search | Brand,paid_search,26604,2285,158.96,0.085889,0.0696
2024-05-22,CA,Search | Brand,paid_search,28183,2256,148.37,0.080048,0.0658
2024-05-23,CA,Search | Brand,paid_search,21153,1746,103.85,0.082541,0.0595
2024-05-24,CA,Search | Brand,paid_search,26889,2188,155.08,0.081372,0.0709
2024-05-25,CA,Search | Brand,paid_search,28777,1845,142.23,0.064114,0.0771
2024-05-26,CA,Search | Brand,paid_search,20183,2046,150.29,0.101372,0.0735
2024-05-20,CA,Search | Nonbrand,paid_search,28973,1669,293.67,0.057605,0.176
2024-05-21,CA,Search | Nonbrand,paid_search,33295,1399,295.98,0.042018,0.2116
2024-05-22,CA,Search | Nonbrand,paid_search,33801,1163,292.43,0.034407,0.2514
2024-05-23,CA,Search | Nonbrand,paid_search,29681,1422,303.3,0.047909,0.2133
2024-05-24,CA,Search | Nonbrand,paid_search,31177,1563,215.94,0.050133,0.1382
2024-05-25,CA,Search | Nonbrand,paid_search,33413,1201,253.82,0.035944,0.2113
2024-05-26,CA,Search | Nonbrand,paid_search,27644,1586,219.54,0.057372,0.1384
2024-05-20,CA,Shopping | Instruments,shopping,27324,1009,230.59,0.036927,0.2285
2024-05-21,CA,Shopping | Instruments,shopping,25996,982,162.06,0.037775,0.165
2024-05-22,CA,Shopping | Instruments,shopping,34618,817,193.41,0.0236,0.2367
2024-05-23,CA,Shopping | Instruments,shopping,24468,773,228.31,0.031592,0.2954
2024-05-24,CA,Shopping | Instruments,shopping,30269,950,233.95,0.031385,0.2463
2024-05-25,CA,Shopping | Instruments,shopping,29240,1121,226.23,0.038338,0.2018
2024-05-26,CA,Shopping | Instruments,shopping,32717,1071,198.79,0.032735,0.1856
2024-05-20,TX,Search | Brand,paid_search,25146,1561,129.21,0.062077,0.0828
2024-05-21,TX,Search | Brand,paid_search,23702,2026,119.15,0.085478,0.0588
2024-05-22,TX,Search | Brand,paid_search,21124,1623,147.16,0.076832,0.0907
2024-05-23,TX,Search | Brand,paid_search,19436,2204,136.93,0.113398,0.0621
2024-05-24,TX,Search | Brand,paid_search,18999,1420,111.85,0.074741,0.0788
2024-05-25,TX,Search | Brand,paid_search,23987,1707,122.57,0.071164,0.0718
2024-05-26,TX,Search | Brand,paid_search,23267,2190,135.97,0.094125,0.0621
2024-05-20,TX,Search | Nonbrand,paid_search,19697,1196,222.33,0.06072,0.1859
2024-05-21,TX,Search | Nonbrand,paid_search,24511,1122,209.73,0.045775,0.1869
2024-05-22,TX,Search | Nonbrand,paid_search,24156,1023,182.03,0.04235,0.1779
2024-05-23,TX,Search | Nonbrand,paid_search,22253,1169,166.47,0.052532,0.1424
2024-05-24,TX,Search | Nonbrand,paid_search,24151,1044,191.05,0.043228,0.183
2024-05-25,TX,Search | Nonbrand,paid_search,25102,867,220.3,0.034539,0.2541
2024-05-26,TX,Search | Nonbrand,paid_search,22701,948,206.19,0.04176,0.2175
2024-05-20,TX,Shopping | Instruments,shopping,20939,697,181.69,0.033287,0.2607
2024-05-21,TX,Shopping | Instruments,shopping,25897,599,132.71,0.02313,0.2216
2024-05-22,TX,Shopping | Instruments,shopping,17850,676,166.16,0.037871,0.2458
2024-05-23,TX,Shopping | Instruments,shopping,24033,708,151.03,0.029459,0.2133
2024-05-24,TX,Shopping | Instruments,shopping,26312,674,175.09,0.025616,0.2598
2024-05-25,TX,Shopping | Instruments,shopping,20595,586,155.48,0.028454,0.2653
2024-05-26,TX,Shopping | Instruments,shopping,19061,655,151.59,0.034363,0.2314
2024-05-20,FL,Search | Brand,paid_search,22225,1649,105.86,0.074196,0.0642
2024-05-21,FL,Search | Brand,paid_search,22451,1465,99.45,0.065253,0.0679
2024-05-22,FL,Search | Brand,paid_search,24058,1750,130.82,0.072741,0.0748
2024-05-23,FL,Search | Brand,paid_search,20635,1430,127.14,0.0693,0.0889
2024-05-24,FL,Search | Brand,paid_search,17013,1672,108.69,0.098278,0.065
2024-05-25,FL,Search | Brand,paid_search,20128,1411,129.58,0.070101,0.0918
2024-05-26,FL,Search | Brand,paid_search,16796,1835,129.64,0.109252,0.0706
2024-05-20,FL,Search | Nonbrand,paid_search,21026,930,135.62,0.044231,0.1458
2024-05-21,FL,Search | Nonbrand,paid_search,18369,867,190.46,0.047199,0.2197
2024-05-22,FL,Search | Nonbrand,paid_search,21989,928,171.93,0.042203,0.1853
2024-05-23,FL,Search | Nonbrand,paid_search,19021,776,139.79,0.040797,0.1801
2024-05-24,FL,Search | Nonbrand,paid_search,21270,815,145.24,0.038317,0.1782
2024-05-25,FL,Search | Nonbrand,paid_search,15820,1003,190.59,0.063401,0.19
2024-05-26,FL,Search | Nonbrand,paid_search,18447,867,195.47,0.047,0.2255
2024-05-20,FL,Shopping | Instruments,shopping,20379,601,165.96,0.029491,0.2761
2024-05-21,FL,Shopping | Instruments,shopping,16052,665,126.59,0.041428,0.1904
2024-05-22,FL,Shopping | Instruments,shopping,22914,574,137.97,0.02505,0.2404
2024-05-23,FL,Shopping | Instruments,shopping,15120,495,118.16,0.032738,0.2387
2024-05-24,FL,Shopping | Instruments,shopping,21567,505,111.96,0.023415,0.2217
2024-05-25,FL,Shopping | Instruments,shopping,22148,729,154.41,0.032915,0.2118
2024-05-26,FL,Shopping | Instruments,shopping,15651,508,148.55,0.032458,0.2924
2024-05-20,NY,Search | Brand,paid_search,17459,1834,112.76,0.105046,0.0615
2024-05-21,NY,Search | Brand,paid_search,22553,1749,95.46,0.077551,0.0546
2024-05-22,NY,Search | Brand,paid_search,18671,1684,111.63,0.090193,0.0663
2024-05-23,NY,Search | Brand,paid_search,17204,1536,128.31,0.089282,0.0835
2024-05-24,NY,Search | Brand,paid_search,16350,1663,102.86,0.101713,0.0619
2024-05-25,NY,Search | Brand,paid_search,23464,1338,104.14,0.057024,0.0778
2024-05-26,NY,Search | Brand,paid_search,19504,1599,129.02,0.081983,0.0807
2024-05-20,NY,Search | Nonbrand,paid_search,24817,1240,228.24,0.049966,0.1841
2024-05-21,NY,Search | Nonbrand,paid_search,20770,893,207.99,0.042995,0.2329
2024-05-22,NY,Search | Nonbrand,paid_search,26406,1096,214.47,0.041506,0.1957
2024-05-23,NY,Search | Nonbrand,paid_search,22311,899,185.41,0.040294,0.2062
2024-05-24,NY,Search | Nonbrand,paid_search,27174,973,163.62,0.035806,0.1682
2024-05-25,NY,Search | Nonbrand,paid_search,21043,855,222.2,0.040631,0.2599
2024-05-26,NY,Search | Nonbrand,paid_search,22071,1197,193.56,0.054234,0.1617
2024-05-20,NY,Shopping | Instruments,shopping,23296,648,195.32,0.027816,0.3014
2024-05-21,NY,Shopping | Instruments,shopping,23704,786,184.21,0.033159,0.2344
2024-05-22,NY,Shopping | Instruments,shopping,19628,618,134.82,0.031486,0.2182
2024-05-23,NY,Shopping | Instruments,shopping,24484,833,132.91,0.034022,0.1596
2024-05-24,NY,Shopping | Instruments,shopping,23512,729,144.44,0.031005,0.1981
2024-05-25,NY,Shopping | Instruments,shopping,22834,888,129.55,0.038889,0.1459
2024-05-26,NY,Shopping | Instruments,shopping,16746,611,189.0,0.036486,0.3093
2024-05-27,CA,Search | Brand,paid_search,24753,1680,122.32,0.067871,0.0728
2024-05-28,CA,Search | Brand,paid_search,18854,2421,121.92,0.128408,0.0504
2024-05-29,CA,Search | Brand,paid_search,23032,2165,161.56,0.094,0.0746
2024-05-30,CA,Search | Brand,paid_search,23272,1904,124.07,0.081815,0.0652
2024-05-31,CA,Search | Brand,paid_search,26508,1636,119.7,0.061717,0.0732
2024-06-01,CA,Search | Brand,paid_search,19824,2200,124.51,0.110977,0.0566
2024-06-02,CA,Search | Brand,paid_search,26557,2450,170.17,0.092254,0.0695
2024-05-27,CA,Search | Nonbrand,paid_search,34257,1077,240.94,0.031439,0.2237
2024-05-28,CA,Search | Nonbrand,paid_search,30592,1468,224.55,0.047986,0.153
2024-05-29,CA,Search | Nonbrand,paid_search,27386,1627,269.07,0.05941,0.1654
2024-05-30,CA,Search | Nonbrand,paid_search,35901,1137,237.14,0.03167,0.2086
2024-05-31,CA,Search | Nonbrand,paid_search,24189,1342,312.6,0.05548,0.2329
2024-06-01,CA,Search | Nonbrand,paid_search,36108,1630,311.2,0.045142,0.1909
2024-06-02,CA,Search | Nonbrand,paid_search,28406,1108,269.32,0.039006,0.2431
2024-05-27,CA,Shopping | Instruments,shopping,27287,836,229.68,0.030637,0.2747
2024-05-28,CA,Shopping | Instruments,shopping,29219,967,157.66,0.033095,0.163
2024-05-29,CA,Shopping | Instruments,shopping,25324,719,212.7,0.028392,0.2958
2024-05-30,CA,Shopping | Instruments,shopping,28786,898,225.05,0.031196,0.2506
2024-05-31,CA,Shopping | Instruments,shopping,27883,857,153.68,0.030736,0.1793
2024-06-01,CA,Shopping | Instruments,shopping,24201,723,231.09,0.029875,0.3196
2024-06-02,CA,Shopping | Instruments,shopping,30766,838,183.1,0.027238,0.2185
2024-05-27,TX,Search | Brand,paid_search,16986,1604,101.12,0.094431,0.063
2024-05-28,TX,Search | Brand,paid_search,25060,1355,109.27,0.05407,0.0806
2024-05-29,TX,Search | Brand,paid_search,17842,1375,145.77,0.077065,0.106
2024-05-30,TX,Search | Brand,paid_search,18099,1798,109.49,0.099343,0.0609
2024-05-31,TX,Search | Brand,paid_search,19406,1744,97.63,0.089869,0.056
2024-06-01,TX,Search | Brand,paid_search,16640,1641,132.36,0.098618,0.0807
2024-06-02,TX,Search | Brand,paid_search,22684,1913,97.32,0.084333,0.0509
2024-05-27,TX,Search | Nonbrand,paid_search,27915,988,237.26,0.035393,0.2401
2024-05-28,TX,Search | Nonbrand,paid_search,22392,1050,237.56,0.046892,0.2262
2024-05-29,TX,Search | Nonbrand,paid_search,21607,1047,207.65,0.048457,0.1983
2024-05-30,TX,Search | Nonbrand,paid_search,21239,1315,224.71,0.061914,0.1709
2024-05-31,TX,Search | Nonbrand,paid_search,31956,1158,189.37,0.036237,0.1635
2024-06-01,TX,Search | Nonbrand,paid_search,28464,1030,210.57,0.036186,0.2044
2024-06-02,TX,Search | Nonbrand,paid_search,23658,1043,217.07,0.044087,0.2081
2024-05-27,TX,Shopping | Instruments,shopping,30942,669,151.15,0.021621,0.2259
2024-05-28,TX,Shopping | Instruments,shopping,24390,747,200.71,0.030627,0.2687
2024-05-29,TX,Shopping | Instruments,shopping,24547,1003,191.87,0.04086,0.1913
2024-05-30,TX,Shopping | Instruments,shopping,26855,874,195.21,0.032545,0.2234
2024-05-31,TX,Shopping | Instruments,shopping,20932,843,160.46,0.040273,0.1903
2024-06-01,TX,Shopping | Instruments,shopping,29900,662,222.34,0.02214,0.3359
2024-06-02,TX,Shopping | Instruments,shopping,20715,926,161.89,0.044702,0.1748
2024-05-27,FL,Search | Brand,paid_search,22352,1623,101.53,0.072611,0.0626
2024-05-28,FL,Search | Brand,paid_search,21093,1403,93.25,0.066515,0.0665
2024-05-29,FL,Search | Brand,paid_search,17854,1784,134.28,0.099922,0.0753
2024-05-30,FL,Search | Brand,paid_search,16802,1308,136.29,0.077848,0.1042
2024-05-31,FL,Search | Brand,paid_search,18043,1283,100.77,0.071108,0.0785
2024-06-01,FL,Search | Brand,paid_search,24204,1660,130.43,0.068584,0.0786
2024-06-02,FL,Search | Brand,paid_search,17001,1792,100.08,0.105406,0.0558
2024-05-27,FL,Search | Nonbrand,paid_search,19203,935,213.45,0.04869,0.2283
2024-05-28,FL,Search | Nonbrand,paid_search,17228,856,156.48,0.049687,0.1828
2024-05-29,FL,Search | Nonbrand,paid_search,19502,790,162.04,0.040509,0.2051
2024-05-30,FL,Search | Nonbrand,paid_search,16914,755,145.82,0.044638,0.1931
2024-05-31,FL,Search | Nonbrand,paid_search,25618,794,168.03,0.030994,0.2116
2024-06-01,FL,Search | Nonbrand,paid_search,19659,1021,163.53,0.051936,0.1602
2024-06-02,FL,Search | Nonbrand,paid_search,18216,1031,163.16,0.056599,0.1583
2024-05-27,FL,Shopping | Instruments,shopping,15287,614,149.12,0.040165,0.2429
2024-05-28,FL,Shopping | Instruments,shopping,14358,564,145.92,0.039281,0.2587
2024-05-29,FL,Shopping | Instruments,shopping,19995,607,100.92,0.030358,0.1663
2024-05-30,FL,Shopping | Instruments,shopping,19102,493,127.26,0.025809,0.2581
2024-05-31,FL,Shopping | Instruments,shopping,14911,589,134.47,0.039501,0.2283
2024-06-01,FL,Shopping | Instruments,shopping,20627,542,130.97,0.026276,0.2416
2024-06-02,FL,Shopping | Instruments,shopping,20908,606,112.71,0.028984,0.186
2024-05-27,NY,Search | Brand,paid_search,15340,1880,92.33,0.122555,0.0491
2024-05-28,NY,Search | Brand,paid_search,17514,1837,89.38,0.104888,0.0487
2024-05-29,NY,Search | Brand,paid_search,16642,1402,99.45,0.084245,0.0709
2024-05-30,NY,Search | Brand,paid_search,18324,1715,89.15,0.093593,0.052
2024-05-31,NY,Search | Brand,paid_search,23078,1414,135.26,0.06127,0.0957
2024-06-01,NY,Search | Brand,paid_search,21323,1547,134.67,0.072551,0.0871
2024-06-02,NY,Search | Brand,paid_search,21739,1631,136.73,0.075026,0.0838
2024-05-27,NY,Search | Nonbrand,paid_search,17381,1002,185.52,0.057649,0.1851
2024-05-28,NY,Search | Nonbrand,paid_search,24701,1110,186.27,0.044937,0.1678
2024-05-29,NY,Search | Nonbrand,paid_search,24891,1035,219.12,0.041581,0.2117
2024-05-30,NY,Search | Nonbrand,paid_search,26385,802,188.02,0.030396,0.2344
2024-05-31,NY,Search | Nonbrand,paid_search,24630,759,150.55,0.030816,0.1984
2024-06-01,NY,Search | Nonbrand,paid_search,17570,1133,174.39,0.064485,0.1539
2024-06-02,NY,Search | Nonbrand,paid_search,17443,954,211.94,0.054692,0.2222
2024-05-27,NY,Shopping | Instruments,shopping,18004,734,147.15,0.040769,0.2005
2024-05-28,NY,Shopping | Instruments,shopping,20047,657,144.57,0.032773,0.22
2024-05-29,NY,Shopping | Instruments,shopping,22181,542,139.9,0.024435,0.2581
2024-05-30,NY,Shopping | Instruments,shopping,26523,724,139.58,0.027297,0.1928
2024-05-31,NY,Shopping | Instruments,shopping,19010,620,177.49,0.032614,0.2863
2024-06-01,NY,Shopping | Instruments,shopping,22035,632,175.5,0.028682,0.2777
2024-06-02,NY,Shopping | Instruments,shopping,25516,729,179.68,0.02857,0.2465
2024-06-03,CA,Search | Brand,paid_search,25159,2210,154.72,0.087841,0.07
2024-06-04,CA,Search | Brand,paid_search,22669,1799,157.87,0.079359,0.0878
2024-06-05,CA,Search | Brand,paid_search,25854,1605,128.35,0.062079,0.08
2024-06-06,CA,Search | Brand,paid_search,20218,1971,109.55,0.097487,0.0556
2024-06-07,CA,Search | Brand,paid_search,25300,2240,158.77,0.088538,0.0709
2024-06-08,CA,Search | Brand,paid_search,18045,1590,111.23,0.088113,0.07
2024-06-09,CA,Search | Brand,paid_search,26153,2307,127.22,0.088212,0.0551
2024-06-03,CA,Search | Nonbrand,paid_search,27832,1141,206.06,0.040996,0.1806
2024-06-04,CA,Search | Nonbrand,paid_search,27629,1101,291.13,0.039849,0.2644
2024-06-05,CA,Search | Nonbrand,paid_search,29923,1114,209.56,0.037229,0.1881
2024-06-06,CA,Search | Nonbrand,paid_search,34002,1027,238.75,0.030204,0.2325
2024-06-07,CA,Search | Nonbrand,paid_search,35161,1494,248.57,0.04249,0.1664
2024-06-08,CA,Search | Nonbrand,paid_search,23882,1481,241.97,0.062013,0.1634
2024-06-09,CA,Search | Nonbrand,paid_search,24265,1169,307.12,0.048176,0.2627
2024-06-03,CA,Shopping | Instruments,shopping,27014,943,224.07,0.034908,0.2376
2024-06-04,CA,Shopping | Instruments,shopping,28930,968,198.47,0.03346,0.205
2024-06-05,CA,Shopping | Instruments,shopping,23631,744,191.38,0.031484,0.2572
2024-06-06,CA,Shopping | Instruments,shopping,30980,1063,240.73,0.034312,0.2265
2024-06-07,CA,Shopping | Instruments,shopping,34705,927,221.24,0.026711,0.2387
2024-06-08,CA,Shopping | Instruments,shopping,30183,1089,193.44,0.03608,0.1776
2024-06-09,CA,Shopping | Instruments,shopping,25236,834,175.57,0.033048,0.2105
2024-06-03,TX,Search | Brand,paid_search,20094,1578,134.28,0.078531,0.0851
2024-06-04,TX,Search | Brand,paid_search,16554,1925,128.7,0.116286,0.0669
2024-06-05,TX,Search | Brand,paid_search,24475,1648,90.64,0.067334,0.055
2024-06-06,TX,Search | Brand,paid_search,16756,1494,105.58,0.089162,0.0707
2024-06-07,TX,Search | Brand,paid_search,19249,1743,126.1,0.09055,0.0723
2024-06-08,TX,Search | Brand,paid_search,18346,1758,103.76,0.095825,0.059
2024-06-09,TX,Search | Brand,paid_search,23375,1522,116.27,0.065112,0.0764
2024-06-03,TX,Search | Nonbrand,paid_search,19863,1135,187.51,0.057141,0.1652
2024-06-04,TX,Search | Nonbrand,paid_search,21862,862,241.27,0.039429,0.2799
2024-06-05,TX,Search | Nonbrand,paid_search,23683,977,207.57,0.041253,0.2125
2024-06-06,TX,Search | Nonbrand,paid_search,27046,967,168.25,0.035754,0.174
2024-06-07,TX,Search | Nonbrand,paid_search,21585,940,162.11,0.043549,0.1725
2024-06-08,TX,Search | Nonbrand,paid_search,21867,1044,195.37,0.047743,0.1871
2024-06-09,TX,Search | Nonbrand,paid_search,21433,969,191.04,0.045211,0.1971
2024-06-03,TX,Shopping | Instruments,shopping,27190,791,161.97,0.029092,0.2048
2024-06-04,TX,Shopping | Instruments,shopping,29070,848,154.42,0.029171,0.1821
2024-06-05,TX,Shopping | Instruments,shopping,29210,871,164.41,0.029819,0.1888
2024-06-06,TX,Shopping | Instruments,shopping,22966,800,187.17,0.034834,0.234
2024-06-07,TX,Shopping | Instruments,shopping,20283,785,178.8,0.038702,0.2278
2024-06-08,TX,Shopping | Instruments,shopping,23109,611,189.91,0.02644,0.3108
2024-06-09,TX,Shopping | Instruments,shopping,21471,913,211.07,0.042522,0.2312
2024-06-03,FL,Search | Brand,paid_search,20654,1437,118.45,0.069575,0.0824
2024-06-04,FL,Search | Brand,paid_search,20118,1889,131.35,0.093896,0.0695
2024-06-05,FL,Search | Brand,paid_search,22377,1338,118.93,0.059794,0.0889
2024-06-06,FL,Search | Brand,paid_search,19356,2009,103.02,0.103792,0.0513
2024-06-07,FL,Search | Brand,paid_search,18733,1630,121.58,0.087012,0.0746
2024-06-08,FL,Search | Brand,paid_search,14804,1842,96.97,0.124426,0.0526
2024-06-09,FL,Search | Brand,paid_search,19391,1548,95.21,0.079831,0.0615
2024-06-03,FL,Search | Nonbrand,paid_search,20257,910,166.7,0.044923,0.1832
2024-06-04,FL,Search | Nonbrand,paid_search,18723,1066,194.63,0.056935,0.1826
2024-06-05,FL,Search | Nonbrand,paid_search,24774,929,194.0,0.037499,0.2088
2024-06-06,FL,Search | Nonbrand,paid_search,23955,881,179.43,0.036777,0.2037
2024-06-07,FL,Search | Nonbrand,paid_search,21038,974,198.96,0.046297,0.2043
2024-06-08,FL,Search | Nonbrand,paid_search,23617,905,192.14,0.03832,0.2123
2024-06-09,FL,Search | Nonbrand,paid_search,17577,829,163.65,0.047164,0.1974
2024-06-03,FL,Shopping | Instruments,shopping,17228,521,115.14,0.030241,0.221
2024-06-04,FL,Shopping | Instruments,shopping,19680,579,130.0,0.029421,0.2245
2024-06-05,FL,Shopping | Instruments,shopping,17717,613,140.2,0.0346,0.2287
2024-06-06,FL,Shopping | Instruments,shopping,19126,615,170.13,0.032155,0.2766
2024-06-07,FL,Shopping | Instruments,shopping,24132,620,112.75,0.025692,0.1818
2024-06-08,FL,Shopping | Instruments,shopping,16602,421,157.7,0.025358,0.3746
2024-06-09,FL,Shopping | Instruments,shopping,19565,579,139.24,0.029594,0.2405
2024-06-03,NY,Search | Brand,paid_search,17571,1412,94.44,0.08036,0.0669
2024-06-04,NY,Search | Brand,paid_search,18468,1507,83.22,0.081601,0.0552
2024-06-05,NY,Search | Brand,paid_search,16621,1288,96.11,0.077492,0.0746
2024-06-06,NY,Search | Brand,paid_search,17460,1367,105.47,0.078293,0.0772
2024-06-07,NY,Search | Brand,paid_search,17676,1132,94.25,0.064042,0.0833
2024-06-08,NY,Search | Brand,paid_search,19902,1273,123.47,0.063963,0.097
2024-06-09,NY,Search | Brand,paid_search,14051,1610,109.18,0.114583,0.0678
2024-06-03,NY,Search | Nonbrand,paid_search,24486,806,184.53,0.032917,0.2289
2024-06-04,NY,Search | Nonbrand,paid_search,26053,784,207.49,0.030093,0.2647
2024-06-05,NY,Search | Nonbrand,paid_search,23144,1053,183.29,0.045498,0.1741
2024-06-06,NY,Search | Nonbrand,paid_search,20969,909,210.49,0.04335,0.2316
2024-06-07,NY,Search | Nonbrand,paid_search,22078,1056,234.21,0.04783,0.2218
2024-06-08,NY,Search | Nonbrand,paid_search,21265,1058,181.05,0.049753,0.1711
2024-06-09,NY,Search | Nonbrand,paid_search,23407,879,187.0,0.037553,0.2127
2024-06-03,NY,Shopping | Instruments,shopping,27175,776,165.16,0.028556,0.2128
2024-06-04,NY,Shopping | Instruments,shopping,22298,779,157.08,0.034936,0.2016
2024-06-05,NY,Shopping | Instruments,shopping,27130,704,144.49,0.025949,0.2052
2024-06-06,NY,Shopping | Instruments,shopping,19438,749,133.07,0.038533,0.1777
2024-06-07,NY,Shopping | Instruments,shopping,25176,659,192.02,0.026176,0.2914
2024-06-08,NY,Shopping | Instruments,shopping,18750,794,173.23,0.042347,0.2182
2024-06-09,NY,Shopping | Instruments,shopping,19036,790,179.77,0.0415,0.2276
2024-06-10,CA,Search | Brand,paid_search,29925,2906,142.88,0.097109,0.0492
2024-06-11,CA,Search | Brand,paid_search,25883,2246,151.77,0.086775,0.0676
2024-06-12,CA,Search | Brand,paid_search,23988,2498,175.36,0.104135,0.0702
2024-06-13,CA,Search | Brand,paid_search,27916,2304,122.79,0.082533,0.0533
2024-06-14,CA,Search | Brand,paid_search,26318,2395,181.58,0.091002,0.0758
2024-06-15,CA,Search | Brand,paid_search,30410,2856,166.34,0.093916,0.0582
2024-06-16,CA,Search | Brand,paid_search,27207,2077,170.85,0.076341,0.0823
2024-06-10,CA,Search | Nonbrand,paid_search,28631,1332,282.13,0.046523,0.2118
2024-06-11,CA,Search | Nonbrand,paid_search,32516,1088,258.17,0.03346,0.2373
2024-06-12,CA,Search | Nonbrand,paid_search,30181,1435,245.34,0.047546,0.171
2024-06-13,CA,Search | Nonbrand,paid_search,30105,1213,269.54,0.040292,0.2222
2024-06-14,CA,Search | Nonbrand,paid_search,32446,1261,310.69,0.038865,0.2464
2024-06-15,CA,Search | Nonbrand,paid_search,35286,995,227.86,0.028198,0.229
2024-06-16,CA,Search | Nonbrand,paid_search,32096,1477,309.12,0.046018,0.2093
2024-06-10,CA,Shopping | Instruments,shopping,23888,821,199.8,0.034369,0.2434
2024-06-11,CA,Shopping | Instruments,shopping,25526,783,172.22,0.030675,0.22
2024-06-12,CA,Shopping | Instruments,shopping,30608,914,205.01,0.029861,0.2243
2024-06-13,CA,Shopping | Instruments,shopping,24892,665,197.91,0.026715,0.2976
2024-06-14,CA,Shopping | Instruments,shopping,23922,696,199.53,0.029095,0.2867
2024-06-15,CA,Shopping | Instruments,shopping,24897,836,201.13,0.033578,0.2406
2024-06-16,CA,Shopping | Instruments,shopping,29773,777,145.64,0.026097,0.1874
2024-06-10,TX,Search | Brand,paid_search,23263,1747,149.2,0.075098,0.0854
2024-06-11,TX,Search | Brand,paid_search,18370,2298,141.45,0.125095,0.0616
2024-06-12,TX,Search | Brand,paid_search,18198,2158,113.19,0.118584,0.0525
2024-06-13,TX,Search | Brand,paid_search,23565,1650,132.3,0.070019,0.0802
2024-06-14,TX,Search | Brand,paid_search,26719,1701,159.81,0.063663,0.094
2024-06-15,TX,Search | Brand,paid_search,26893,1665,126.73,0.061912,0.0761
2024-06-16,TX,Search | Brand,paid_search,27082,2219,129.04,0.081936,0.0582
2024-06-10,TX,Search | Nonbrand,paid_search,23459,971,208.56,0.041391,0.2148
2024-06-11,TX,Search | Nonbrand,paid_search,25392,1048,179.01,0.041273,0.1708
2024-06-12,TX,Search | Nonbrand,paid_search,23998,867,212.76,0.036128,0.2454
2024-06-13,TX,Search | Nonbrand,paid_search,24969,1094,190.9,0.043814,0.1745
2024-06-14,TX,Search | Nonbrand,paid_search,23408,751,211.59,0.032083,0.2817
2024-06-15,TX,Search | Nonbrand,paid_search,17613,865,192.01,0.049111,0.222
2024-06-16,TX,Search | Nonbrand,paid_search,21352,1065,182.82,0.049878,0.1717
2024-06-10,TX,Shopping | Instruments,shopping,30961,766,173.45,0.024741,0.2264
2024-06-11,TX,Shopping | Instruments,shopping,23362,811,170.85,0.034714,0.2107
2024-06-12,TX,Shopping | Instruments,shopping,24668,922,209.46,0.037376,0.2272
2024-06-13,TX,Shopping | Instruments,shopping,22482,922,221.7,0.041011,0.2405
2024-06-14,TX,Shopping | Instruments,shopping,23650,850,147.18,0.035941,0.1731
2024-06-15,TX,Shopping | Instruments,shopping,23595,651,162.29,0.027591,0.2493
2024-06-16,TX,Shopping | Instruments,shopping,22842,695,150.3,0.030426,0.2163
2024-06-10,FL,Search | Brand,paid_search,23317,1506,101.65,0.064588,0.0675
2024-06-11,FL,Search | Brand,paid_search,20897,1758,95.5,0.084127,0.0543
2024-06-12,FL,Search | Brand,paid_search,18004,1621,121.64,0.090036,0.075
2024-06-13,FL,Search | Brand,paid_search,18070,1825,127.91,0.100996,0.0701
2024-06-14,FL,Search | Brand,paid_search,25574,1351,127.35,0.052827,0.0943
2024-06-15,FL,Search | Brand,paid_search,17022,1472,121.15,0.086476,0.0823
2024-06-16,FL,Search | Brand,paid_search,18336,1646,123.88,0.089769,0.0753
2024-06-10,FL,Search | Nonbrand,paid_search,21242,1006,158.45,0.047359,0.1575
2024-06-11,FL,Search | Nonbrand,paid_search,20281,823,175.94,0.04058,0.2138
2024-06-12,FL,Search | Nonbrand,paid_search,18401,777,181.65,0.042226,0.2338
2024-06-13,FL,Search | Nonbrand,paid_search,21604,886,185.19,0.041011,0.209
2024-06-14,FL,Search | Nonbrand,paid_search,18548,835,179.91,0.045018,0.2155
2024-06-15,FL,Search | Nonbrand,paid_search,21443,950,169.96,0.044304,0.1789
2024-06-16,FL,Search | Nonbrand,paid_search,16410,686,135.1,0.041804,0.1969
2024-06-10,FL,Shopping | Instruments,shopping,21154,571,117.38,0.026993,0.2056
2024-06-11,FL,Shopping | Instruments,shopping,20683,614,157.04,0.029686,0.2558
2024-06-12,FL,Shopping | Instruments,shopping,19991,641,143.27,0.032064,0.2235
2024-06-13,FL,Shopping | Instruments,shopping,18378,693,121.15,0.037708,0.1748
2024-06-14,FL,Shopping | Instruments,shopping,19997,679,153.94,0.033955,0.2267
2024-06-15,FL,Shopping | Instruments,shopping,18475,649,134.66,0.035129,0.2075
2024-06-16,FL,Shopping | Instruments,shopping,16994,629,149.39,0.037013,0.2375
2024-06-10,NY,Search | Brand,paid_search,16600,1557,97.89,0.093795,0.0629
2024-06-11,NY,Search | Brand,paid_search,17032,1935,131.26,0.11361,0.0678
2024-06-12,NY,Search | Brand,paid_search,24804,1504,96.65,0.060635,0.0643
2024-06-13,NY,Search | Brand,paid_search,16172,2226,114.98,0.137645,0.0517
2024-06-14,NY,Search | Brand,paid_search,22566,1810,100.6,0.080209,0.0556
2024-06-15,NY,Search | Brand,paid_search,18180,1602,122.5,0.088119,0.0765
2024-06-16,NY,Search | Brand,paid_search,21137,1494,127.77,0.070682,0.0855
2024-06-10,NY,Search | Nonbrand,paid_search,24450,885,176.66,0.036196,0.1996
2024-06-11,NY,Search | Nonbrand,paid_search,25904,1025,171.19,0.039569,0.167
2024-06-12,NY,Search | Nonbrand,paid_search,26184,1026,173.56,0.039184,0.1692
2024-06-13,NY,Search | Nonbrand,paid_search,18238,1214,204.07,0.066564,0.1681
2024-06-14,NY,Search | Nonbrand,paid_search,23521,1133,207.84,0.04817,0.1834
2024-06-15,NY,Search | Nonbrand,paid_search,24848,916,226.18,0.036864,0.2469
2024-06-16,NY,Search | Nonbrand,paid_search,19396,1044,238.35,0.053826,0.2283
2024-06-10,NY,Shopping | Instruments,shopping,19249,691,127.78,0.035898,0.1849
2024-06-11,NY,Shopping | Instruments,shopping,18647,677,149.79,0.036306,0.2213
2024-06-12,NY,Shopping | Instruments,shopping,23600,515,138.74,0.021822,0.2694
2024-06-13,NY,Shopping | Instruments,shopping,16853,703,115.12,0.041714,0.1638
2024-06-14,NY,Shopping | Instruments,shopping,18693,679,160.66,0.036324,0.2366
2024-06-15,NY,Shopping | Instruments,shopping,16874,671,168.2,0.039765,0.2507
2024-06-16,NY,Shopping | Instruments,shopping,23641,637,130.12,0.026945,0.2043
2024-06-17,CA,Search | Brand,paid_search,24604,2389,126.56,0.097098,0.053
2024-06-18,CA,Search | Brand,paid_search,26509,2213,170.05,0.083481,0.0768
2024-06-19,CA,Search | Brand,paid_search,26078,2319,153.04,0.088926,0.066
2024-06-20,CA,Search | Brand,paid_search,26254,1651,123.16,0.062886,0.0746
2024-06-21,CA,Search | Brand,paid_search,23414,2454,144.11,0.104809,0.0587
2024-06-22,CA,Search | Brand,paid_search,19281,1951,154.65,0.101188,0.0793
2024-06-23,CA,Search | Brand,paid_search,28043,1893,138.68,0.067503,0.0733
2024-06-17,CA,Search | Nonbrand,paid_search,24143,1406,236.19,0.058236,0.168
2024-06-18,CA,Search | Nonbrand,paid_search,27144,1338,253.4,0.049293,0.1894
2024-06-19,CA,Search | Nonbrand,paid_search,26773,1409,234.61,0.052628,0.1665
2024-06-20,CA,Search | Nonbrand,paid_search,24202,1406,251.54,0.058094,0.1789
2024-06-21,CA,Search | Nonbrand,paid_search,26958,1056,267.8,0.039172,0.2536
2024-06-22,CA,Search | Nonbrand,paid_search,36005,1106,236.99,0.030718,0.2143
2024-06-23,CA,Search | Nonbrand,paid_search,33600,1253,229.37,0.037292,0.1831
2024-06-17,CA,Shopping | Instruments,shopping,27305,807,168.58,0.029555,0.2089
2024-06-18,CA,Shopping | Instruments,shopping,29388,780,232.31,0.026541,0.2978
2024-06-19,CA,Shopping | Instruments,shopping,28121,1106,187.69,0.03933,0.1697
2024-06-20,CA,Shopping | Instruments,shopping,28171,1073,180.58,0.038089,0.1683
2024-06-21,CA,Shopping | Instruments,shopping,22246,984,176.27,0.044233,0.1791
2024-06-22,CA,Shopping | Instruments,shopping,29245,985,240.19,0.033681,0.2438
2024-06-23,CA,Shopping | Instruments,shopping,26271,852,187.77,0.032431,0.2204
2024-06-17,TX,Search | Brand,paid_search,24389,1944,122.62,0.079708,0.0631
2024-06-18,TX,Search | Brand,paid_search,20860,1348,128.77,0.064621,0.0955
2024-06-19,TX,Search | Brand,paid_search,23994,1884,155.16,0.07852,0.0824
2024-06-20,TX,Search | Brand,paid_search,18795,1930,125.17,0.102687,0.0649
2024-06-21,TX,Search | Brand,paid_search,23518,1438,118.13,0.061145,0.0822
2024-06-22,TX,Search | Brand,paid_search,23581,1961,122.04,0.08316,0.0622
2024-06-23,TX,Search | Brand,paid_search,23642,2084,149.03,0.088148,0.0715
2024-06-17,TX,Search | Nonbrand,paid_search,26281,1046,176.11,0.039801,0.1684
2024-06-18,TX,Search | Nonbrand,paid_search,26211,1261,172.21,0.04811,0.1366
2024-06-19,TX,Search | Nonbrand,paid_search,23565,971,171.2,0.041205,0.1763
2024-06-20,TX,Search | Nonbrand,paid_search,22806,845,200.66,0.037052,0.2375
2024-06-21,TX,Search | Nonbrand,paid_search,22695,1265,252.62,0.055739,0.1997
2024-06-22,TX,Search | Nonbrand,paid_search,22747,922,214.29,0.040533,0.2324
2024-06-23,TX,Search | Nonbrand,paid_search,22622,1209,248.47,0.053444,0.2055
2024-06-17,TX,Shopping | Instruments,shopping,21159,697,138.75,0.032941,0.1991
2024-06-18,TX,Shopping | Instruments,shopping,22468,717,157.67,0.031912,0.2199
2024-06-19,TX,Shopping | Instruments,shopping,23604,625,146.3,0.026479,0.2341
2024-06-20,TX,Shopping | Instruments,shopping,20484,606,132.58,0.029584,0.2188
2024-06-21,TX,Shopping | Instruments,shopping,19562,721,170.99,0.036857,0.2372
2024-06-22,TX,Shopping | Instruments,shopping,19846,650,140.06,0.032752,0.2155
2024-06-23,TX,Shopping | Instruments,shopping,19433,657,168.84,0.033808,0.257
2024-06-17,FL,Search | Brand,paid_search,19903,1717,80.82,0.086268,0.0471
2024-06-18,FL,Search | Brand,paid_search,19475,1286,81.97,0.066033,0.0637
2024-06-19,FL,Search | Brand,paid_search,14297,1581,104.6,0.110583,0.0662
2024-06-20,FL,Search | Brand,paid_search,16041,1626,125.95,0.101365,0.0775
2024-06-21,FL,Search | Brand,paid_search,15189,1265,121.76,0.083284,0.0963
2024-06-22,FL,Search | Brand,paid_search,21932,1169,110.1,0.053301,0.0942
2024-06-23,FL,Search | Brand,paid_search,18802,1637,103.51,0.087065,0.0632
2024-06-17,FL,Search | Nonbrand,paid_search,20946,817,187.42,0.039005,0.2294
2024-06-18,FL,Search | Nonbrand,paid_search,19666,895,161.25,0.04551,0.1802
2024-06-19,FL,Search | Nonbrand,paid_search,18308,832,171.2,0.045445,0.2058
2024-06-20,FL,Search | Nonbrand,paid_search,16277,1063,149.01,0.065307,0.1402
2024-06-21,FL,Search | Nonbrand,paid_search,20047,822,168.56,0.041004,0.2051
2024-06-22,FL,Search | Nonbrand,paid_search,18868,700,167.47,0.0371,0.2392
2024-06-23,FL,Search | Nonbrand,paid_search,19596,1007,144.99,0.051388,0.144
2024-06-17,FL,Shopping | Instruments,shopping,20736,594,135.99,0.028646,0.2289
2024-06-18,FL,Shopping | Instruments,shopping,23946,659,175.64,0.02752,0.2665
2024-06-19,FL,Shopping | Instruments,shopping,16631,791,168.66,0.047562,0.2132
2024-06-20,FL,Shopping | Instruments,shopping,22232,711,132.34,0.031981,0.1861
2024-06-21,FL,Shopping | Instruments,shopping,21372,694,155.24,0.032472,0.2237
2024-06-22,FL,Shopping | Instruments,shopping,22317,561,135.6,0.025138,0.2417
2024-06-23,FL,Shopping | Instruments,shopping,19307,576,151.62,0.029834,0.2632
2024-06-17,NY,Search | Brand,paid_search,14894,1372,83.98,0.092118,0.0612
2024-06-18,NY,Search | Brand,paid_search,20284,1599,104.01,0.078831,0.065
2024-06-19,NY,Search | Brand,paid_search,18569,1880,103.07,0.101244,0.0548
2024-06-20,NY,Search | Brand,paid_search,20247,1853,108.42,0.09152,0.0585
2024-06-21,NY,Search | Brand,paid_search,19509,1403,85.56,0.071916,0.061
2024-06-22,NY,Search | Brand,paid_search,16305,1633,119.84,0.100153,0.0734
2024-06-23,NY,Search | Brand,paid_search,13838,1600,112.25,0.115624,0.0702
2024-06-17,NY,Search | Nonbrand,paid_search,14770,682,174.77,0.046175,0.2563
2024-06-18,NY,Search | Nonbrand,paid_search,15848,805,168.41,0.050795,0.2092
2024-06-19,NY,Search | Nonbrand,paid_search,22082,844,156.53,0.038221,0.1855
2024-06-20,NY,Search | Nonbrand,paid_search,19335,722,131.18,0.037342,0.1817
2024-06-21,NY,Search | Nonbrand,paid_search,21518,554,129.06,0.025746,0.233
2024-06-22,NY,Search | Nonbrand,paid_search,15619,777,176.14,0.049747,0.2267
2024-06-23,NY,Search | Nonbrand,paid_search,19231,792,168.18,0.041184,0.2123
2024-06-17,NY,Shopping | Instruments,shopping,15009,428,152.66,0.028516,0.3567
2024-06-18,NY,Shopping | Instruments,shopping,16310,574,118.27,0.035193,0.206
2024-06-19,NY,Shopping | Instruments,shopping,17598,613,119.89,0.034834,0.1956
2024-06-20,NY,Shopping | Instruments,shopping,16879,532,119.8,0.031518,0.2252
2024-06-21,NY,Shopping | Instruments,shopping,17732,595,152.32,0.033555,0.256
2024-06-22,NY,Shopping | Instruments,shopping,22084,476,138.99,0.021554,0.292
2024-06-23,NY,Shopping | Instruments,shopping,22564,639,120.93,0.028319,0.1892
2024-06-24,CA,Search | Brand,paid_search,26213,2374,140.52,0.090566,0.0592
2024-06-25,CA,Search | Brand,paid_search,24858,2832,196.22,0.113927,0.0693
2024-06-26,CA,Search | Brand,paid_search,25389,2602,147.61,0.102485,0.0567
2024-06-27,CA,Search | Brand,paid_search,25535,2499,143.34,0.097866,0.0574
2024-06-28,CA,Search | Brand,paid_search,31031,2637,154.25,0.08498,0.0585
2024-06-29,CA,Search | Brand,paid_search,27067,2159,204.73,0.079765,0.0948
2024-06-30,CA,Search | Brand,paid_search,35919,2740,150.2,0.076283,0.0548
2024-06-24,CA,Search | Nonbrand,paid_search,37268,1282,249.14,0.034399,0.1943
2024-06-25,CA,Search | Nonbrand,paid_search,28684,1185,224.38,0.041312,0.1893
2024-06-26,CA,Search | Nonbrand,paid_search,32039,1268,290.21,0.039577,0.2289
2024-06-27,CA,Search | Nonbrand,paid_search,33544,1135,328.04,0.033836,0.289
2024-06-28,CA,Search | Nonbrand,paid_search,32397,1214,324.48,0.037473,0.2673
2024-06-29,CA,Search | Nonbrand,paid_search,25513,1278,212.6,0.050092,0.1664
2024-06-30,CA,Search | Nonbrand,paid_search,29208,1620,251.55,0.055464,0.1553
2024-06-24,CA,Shopping | Instruments,shopping,23710,807,165.65,0.034036,0.2053
2024-06-25,CA,Shopping | Instruments,shopping,19940,633,198.22,0.031745,0.3131
2024-06-26,CA,Shopping | Instruments,shopping,28425,823,198.47,0.028953,0.2412
2024-06-27,CA,Shopping | Instruments,shopping,23744,652,202.47,0.02746,0.3105
2024-06-28,CA,Shopping | Instruments,shopping,27535,794,162.78,0.028836,0.205
2024-06-29,CA,Shopping | Instruments,shopping,24473,838,171.56,0.034242,0.2047
2024-06-30,CA,Shopping | Instruments,shopping,25321,600,147.52,0.023696,0.2459
2024-06-24,TX,Search | Brand,paid_search,21363,1945,135.98,0.091045,0.0699
2024-06-25,TX,Search | Brand,paid_search,19028,2188,146.85,0.114988,0.0671
2024-06-26,TX,Search | Brand,paid_search,18317,1969,140.06,0.107496,0.0711
2024-06-27,TX,Search | Brand,paid_search,27678,1906,139.69,0.068863,0.0733
2024-06-28,TX,Search | Brand,paid_search,26636,1681,111.4,0.06311,0.0663
2024-06-29,TX,Search | Brand,paid_search,23350,1795,101.39,0.076874,0.0565
2024-06-30,TX,Search | Brand,paid_search,18087,1836,120.49,0.101509,0.0656
2024-06-24,TX,Search | Nonbrand,paid_search,25656,1006,213.06,0.039211,0.2118
2024-06-25,TX,Search | Nonbrand,paid_search,27292,973,199.47,0.035651,0.205
2024-06-26,TX,Search | Nonbrand,paid_search,21016,1185,216.92,0.056386,0.1831
2024-06-27,TX,Search | Nonbrand,paid_search,27359,1127,223.06,0.041193,0.1979
2024-06-28,TX,Search | Nonbrand,paid_search,19249,1003,243.2,0.052107,0.2425
2024-06-29,TX,Search | Nonbrand,paid_search,24438,1035,197.75,0.042352,0.1911
2024-06-30,TX,Search | Nonbrand,paid_search,26893,891,184.92,0.033131,0.2075
2024-06-24,TX,Shopping | Instruments,shopping,20068,822,182.96,0.040961,0.2226
2024-06-25,TX,Shopping | Instruments,shopping,24089,787,181.27,0.032671,0.2303
2024-06-26,TX,Shopping | Instruments,shopping,25285,778,182.52,0.030769,0.2346
2024-06-27,TX,Shopping | Instruments,shopping,29345,587,189.41,0.020003,0.3227
2024-06-28,TX,Shopping | Instruments,shopping,21974,596,168.45,0.027123,0.2826
2024-06-29,TX,Shopping | Instruments,shopping,28199,814,203.6,0.028866,0.2501
2024-06-30,TX,Shopping | Instruments,shopping,24658,869,141.85,0.035242,0.1632
2024-06-24,FL,Search | Brand,paid_search,17574,1471,108.67,0.083703,0.0739
2024-06-25,FL,Search | Brand,paid_search,18267,1710,95.78,0.093611,0.056
2024-06-26,FL,Search | Brand,paid_search,17938,1456,128.91,0.081168,0.0885
2024-06-27,FL,Search | Brand,paid_search,23881,1853,116.92,0.077593,0.0631
2024-06-28,FL,Search | Brand,paid_search,20697,1331,118.92,0.064309,0.0893
2024-06-29,FL,Search | Brand,paid_search,20359,1801,129.86,0.088462,0.0721
2024-06-30,FL,Search | Brand,paid_search,20142,1799,106.31,0.089316,0.0591
2024-06-24,FL,Search | Nonbrand,paid_search,24991,933,209.61,0.037333,0.2247
2024-06-25,FL,Search | Nonbrand,paid_search,21123,911,173.5,0.043128,0.1904
2024-06-26,FL,Search | Nonbrand,paid_search,19222,866,186.04,0.045053,0.2148
2024-06-27,FL,Search | Nonbrand,paid_search,23783,841,210.35,0.035361,0.2501
2024-06-28,FL,Search | Nonbrand,paid_search,19950,1269,208.26,0.063609,0.1641
2024-06-29,FL,Search | Nonbrand,paid_search,22158,1033,199.58,0.04662,0.1932
2024-06-30,FL,Search | Nonbrand,paid_search,25209,1005,158.0,0.039867,0.1572
2024-06-24,FL,Shopping | Instruments,shopping,22181,693,133.32,0.031243,0.1924
2024-06-25,FL,Shopping | Instruments,shopping,15441,540,175.95,0.034972,0.3258
2024-06-26,FL,Shopping | Instruments,shopping,20927,547,130.21,0.026138,0.238
2024-06-27,FL,Shopping | Instruments,shopping,21637,598,116.1,0.027638,0.1941
2024-06-28,FL,Shopping | Instruments,shopping,21425,606,152.24,0.028285,0.2512
2024-06-29,FL,Shopping | Instruments,shopping,17142,718,119.98,0.041885,0.1671
2024-06-30,FL,Shopping | Instruments,shopping,17356,711,152.18,0.040966,0.214
2024-06-24,NY,Search | Brand,paid_search,17783,1612,121.52,0.090648,0.0754
2024-06-25,NY,Search | Brand,paid_search,21312,1701,126.55,0.079814,0.0744
2024-06-26,NY,Search | Brand,paid_search,19384,1624,123.79,0.08378,0.0762
2024-06-27,NY,Search | Brand,paid_search,17245,1610,102.72,0.09336,0.0638
2024-06-28,NY,Search | Brand,paid_search,23279,1782,107.93,0.07655,0.0606
2024-06-29,NY,Search | Brand,paid_search,17774,1471,108.54,0.082761,0.0738
2024-06-30,NY,Search | Brand,paid_search,20787,2023,106.82,0.09732,0.0528
2024-06-24,NY,Search | Nonbrand,paid_search,20771,1178,182.65,0.056714,0.1551
2024-06-25,NY,Search | Nonbrand,paid_search,25246,1164,158.59,0.046106,0.1362
2024-06-26,NY,Search | Nonbrand,paid_search,25858,1010,193.88,0.039059,0.192
2024-06-27,NY,Search | Nonbrand,paid_search,20678,1166,171.86,0.056388,0.1474
2024-06-28,NY,Search | Nonbrand,paid_search,19185,826,209.74,0.043054,0.2539
2024-06-29,NY,Search | Nonbrand,paid_search,21017,847,182.33,0.040301,0.2153
2024-06-30,NY,Search | Nonbrand,paid_search,18935,769,205.48,0.040613,0.2672
2024-06-24,NY,Shopping | Instruments,shopping,17009,672,136.65,0.039508,0.2034
2024-06-25,NY,Shopping | Instruments,shopping,19981,442,98.64,0.022121,0.2232
2024-06-26,NY,Shopping | Instruments,shopping,17935,612,104.58,0.034123,0.1709
2024-06-27,NY,Shopping | Instruments,shopping,19877,673,151.23,0.033858,0.2247
2024-06-28,NY,Shopping | Instruments,shopping,16651,474,114.93,0.028467,0.2425
2024-06-29,NY,Shopping | Instruments,shopping,15203,543,150.59,0.035717,0.2773
2024-06-30,NY,Shopping | Instruments,shopping,18484,484,144.4,0.026185,0.2984
2024-07-01,CA,Search | Brand,paid_search,25146,1980,177.06,0.07874,0.0894
2024-07-02,CA,Search | Brand,paid_search,24850,2407,129.91,0.096861,0.054
2024-07-03,CA,Search | Brand,paid_search,29337,2550,159.26,0.086921,0.0625
2024-07-04,CA,Search | Brand,paid_search,30341,2068,175.08,0.068159,0.0847
2024-07-05,CA,Search | Brand,paid_search,23745,2328,173.06,0.098042,0.0743
2024-07-06,CA,Search | Brand,paid_search,31043,2354,122.12,0.07583,0.0519
2024-07-07,CA,Search | Brand,paid_search,22980,1797,150.66,0.078198,0.0838
2024-07-01,CA,Search | Nonbrand,paid_search,34787,1297,298.18,0.037284,0.2299
2024-07-02,CA,Search | Nonbrand,paid_search,33796,1102,270.44,0.032607,0.2454
2024-07-03,CA,Search | Nonbrand,paid_search,31648,1379,211.72,0.043573,0.1535
2024-07-04,CA,Search | Nonbrand,paid_search,33940,1209,298.04,0.035622,0.2465
2024-07-05,CA,Search | Nonbrand,paid_search,25948,1223,264.07,0.047133,0.2159
2024-07-06,CA,Search | Nonbrand,paid_search,32542,1201,309.36,0.036906,0.2576
2024-07-07,CA,Search | Nonbrand,paid_search,24573,1200,216.39,0.048834,0.1803
2024-07-01,CA,Shopping | Instruments,shopping,22541,858,181.01,0.038064,0.211
2024-07-02,CA,Shopping | Instruments,shopping,20885,861,156.54,0.041226,0.1818
2024-07-03,CA,Shopping | Instruments,shopping,24038,849,195.34,0.035319,0.2301
2024-07-04,CA,Shopping | Instruments,shopping,31292,680,186.22,0.021731,0.2739
2024-07-05,CA,Shopping | Instruments,shopping,23591,784,197.04,0.033233,0.2513
2024-07-06,CA,Shopping | Instruments,shopping,26197,835,196.86,0.031874,0.2358
2024-07-07,CA,Shopping | Instruments,shopping,25262,684,138.39,0.027076,0.2023
2024-07-01,TX,Search | Brand,paid_search,17460,1772,112.49,0.101489,0.0635
2024-07-02,TX,Search | Brand,paid_search,17005,1873,146.33,0.110144,0.0781
2024-07-03,TX,Search | Brand,paid_search,23612,1768,98.53,0.074877,0.0557
2024-07-04,TX,Search | Brand,paid_search,18087,1618,138.99,0.089457,0.0859
2024-07-05,TX,Search | Brand,paid_search,16577,1526,105.84,0.092055,0.0694
2024-07-06,TX,Search | Brand,paid_search,20530,1724,99.29,0.083975,0.0576
2024-07-07,TX,Search | Brand,paid_search,24056,1608,95.03,0.066844,0.0591
2024-07-01,TX,Search | Nonbrand,paid_search,29097,977,220.19,0.033577,0.2254
2024-07-02,TX,Search | Nonbrand,paid_search,22052,1052,247.25,0.047705,0.235
2024-07-03,TX,Search | Nonbrand,paid_search,27490,1259,186.83,0.045798,0.1484
2024-07-04,TX,Search | Nonbrand,paid_search,26737,1063,257.66,0.039758,0.2424
2024-07-05,TX,Search | Nonbrand,paid_search,26190,937,192.27,0.035777,0.2052
2024-07-06,TX,Search | Nonbrand,paid_search,25353,957,195.71,0.037747,0.2045
2024-07-07,TX,Search | Nonbrand,paid_search,20114,1266,222.57,0.062941,0.1758
2024-07-01,TX,Shopping | Instruments,shopping,18282,653,126.59,0.035718,0.1939
2024-07-02,TX,Shopping | Instruments,shopping,20706,669,132.53,0.032309,0.1981
2024-07-03,TX,Shopping | Instruments,shopping,18371,660,156.7,0.035926,0.2374
2024-07-04,TX,Shopping | Instruments,shopping,20086,549,154.8,0.027332,0.282
2024-07-05,TX,Shopping | Instruments,shopping,20901,534,166.89,0.025549,0.3125
2024-07-06,TX,Shopping | Instruments,shopping,20302,638,145.19,0.031425,0.2276
2024-07-07,TX,Shopping | Instruments,shopping,24105,554,145.13,0.022983,0.262
2024-07-01,FL,Search | Brand,paid_search,16909,1777,117.59,0.105092,0.0662
2024-07-02,FL,Search | Brand,paid_search,14987,1662,86.7,0.110896,0.0522
2024-07-03,FL,Search | Brand,paid_search,20204,1633,90.69,0.080826,0.0555
2024-07-04,FL,Search | Brand,paid_search,18464,1542,83.59,0.083514,0.0542
2024-07-05,FL,Search | Brand,paid_search,16833,1224,121.42,0.072714,0.0992
2024-07-06,FL,Search | Brand,paid_search,17342,1255,94.72,0.072368,0.0755
2024-07-07,FL,Search | Brand,paid_search,14384,1428,96.19,0.099277,0.0674
2024-07-01,FL,Search | Nonbrand,paid_search,18346,926,204.46,0.050474,0.2208
2024-07-02,FL,Search | Nonbrand,paid_search,16901,1066,204.32,0.063073,0.1917
2024-07-03,FL,Search | Nonbrand,paid_search,22006,1090,139.12,0.049532,0.1276
2024-07-04,FL,Search | Nonbrand,paid_search,23885,996,181.15,0.0417,0.1819
2024-07-05,FL,Search | Nonbrand,paid_search,21791,887,166.5,0.040705,0.1877
2024-07-06,FL,Search | Nonbrand,paid_search,21223,840,157.01,0.03958,0.1869
2024-07-07,FL,Search | Nonbrand,paid_search,21918,821,203.65,0.037458,0.2481
2024-07-01,FL,Shopping | Instruments,shopping,20550,579,134.86,0.028175,0.2329
2024-07-02,FL,Shopping | Instruments,shopping,14887,614,124.18,0.041244,0.2022
2024-07-03,FL,Shopping | Instruments,shopping,19201,670,164.77,0.034894,0.2459
2024-07-04,FL,Shopping | Instruments,shopping,21190,440,133.04,0.020765,0.3024
2024-07-05,FL,Shopping | Instruments,shopping,16746,542,116.97,0.032366,0.2158
2024-07-06,FL,Shopping | Instruments,shopping,15063,590,116.55,0.039169,0.1975
2024-07-07,FL,Shopping | Instruments,shopping,17112,536,107.81,0.031323,0.2011
2024-07-01,NY,Search | Brand,paid_search,14176,1602,92.02,0.113008,0.0574
2024-07-02,NY,Search | Brand,paid_search,16311,1153,102.8,0.070688,0.0892
2024-07-03,NY,Search | Brand,paid_search,20483,1489,83.66,0.072694,0.0562
2024-07-04,NY,Search | Brand,paid_search,19085,1591,90.16,0.083364,0.0567
2024-07-05,NY,Search | Brand,paid_search,16630,1124,95.48,0.067589,0.0849
2024-07-06,NY,Search | Brand,paid_search,13402,1411,103.41,0.105283,0.0733
2024-07-07,NY,Search | Brand,paid_search,18812,1271,122.08,0.067563,0.0961
2024-07-01,NY,Search | Nonbrand,paid_search,18359,722,157.62,0.039327,0.2183
2024-07-02,NY,Search | Nonbrand,paid_search,16393,813,178.03,0.049594,0.219
2024-07-03,NY,Search | Nonbrand,paid_search,20837,784,118.43,0.037625,0.1511
2024-07-04,NY,Search | Nonbrand,paid_search,16123,838,140.09,0.051975,0.1672
2024-07-05,NY,Search | Nonbrand,paid_search,20657,772,179.5,0.037372,0.2325
2024-07-06,NY,Search | Nonbrand,paid_search,19084,868,145.3,0.045483,0.1674
2024-07-07,NY,Search | Nonbrand,paid_search,16485,814,181.29,0.049378,0.2227
2024-07-01,NY,Shopping | Instruments,shopping,18632,507,124.79,0.027211,0.2461
2024-07-02,NY,Shopping | Instruments,shopping,21325,525,128.0,0.024619,0.2438
2024-07-03,NY,Shopping | Instruments,shopping,18225,509,138.57,0.027929,0.2722
2024-07-04,NY,Shopping | Instruments,shopping,17194,785,157.94,0.045655,0.2012
2024-07-05,NY,Shopping | Instruments,shopping,19301,733,156.01,0.037977,0.2128
2024-07-06,NY,Shopping | Instruments,shopping,23739,564,153.91,0.023758,0.2729
2024-07-07,NY,Shopping | Instruments,shopping,17253,708,117.6,0.041036,0.1661
2024-07-08,CA,Search | Brand,paid_search,30415,2110,167.81,0.069374,0.0795
2024-07-09,CA,Search | Brand,paid_search,25880,1973,162.31,0.076236,0.0823
2024-07-10,CA,Search | Brand,paid_search,23365,2403,148.62,0.102846,0.0618
2024-07-11,CA,Search | Brand,paid_search,21387,2312,154.28,0.108103,0.0667
2024-07-12,CA,Search | Brand,paid_search,31441,1793,159.84,0.057027,0.0891
2024-07-13,CA,Search | Brand,paid_search,30673,2603,170.18,0.084863,0.0654
2024-07-14,CA,Search | Brand,paid_search,32550,2649,172.08,0.081382,0.065
2024-07-08,CA,Search | Nonbrand,paid_search,27680,1552,201.56,0.056069,0.1299
2024-07-09,CA,Search | Nonbrand,paid_search,30803,1044,203.15,0.033893,0.1946
2024-07-10,CA,Search | Nonbrand,paid_search,30258,1525,220.74,0.0504,0.1448
2024-07-11,CA,Search | Nonbrand,paid_search,22851,1320,302.39,0.057766,0.2291
2024-07-12,CA,Search | Nonbrand,paid_search,28363,1494,285.43,0.052674,0.1911
2024-07-13,CA,Search | Nonbrand,paid_search,30169,1130,204.76,0.037456,0.1812
2024-07-14,CA,Search | Nonbrand,paid_search,29319,1156,297.19,0.039428,0.2571
2024-07-08,CA,Shopping | Instruments,shopping,22243,709,225.81,0.031875,0.3185
2024-07-09,CA,Shopping | Instruments,shopping,28981,857,151.9,0.029571,0.1773
2024-07-10,CA,Shopping | Instruments,shopping,24746,955,177.5,0.038592,0.1859
2024-07-11,CA,Shopping | Instruments,shopping,26193,827,186.56,0.031573,0.2256
2024-07-12,CA,Shopping | Instruments,shopping,21453,981,145.64,0.045728,0.1485
2024-07-13,CA,Shopping | Instruments,shopping,22793,954,147.73,0.041855,0.1549
2024-07-14,CA,Shopping | Instruments,shopping,28900,720,227.09,0.024913,0.3154
2024-07-08,TX,Search | Brand,paid_search,24582,1727,126.62,0.070255,0.0733
2024-07-09,TX,Search | Brand,paid_search,18422,1991,120.37,0.108077,0.0605
2024-07-10,TX,Search | Brand,paid_search,21171,2090,112.63,0.09872,0.0539
2024-07-11,TX,Search | Brand,paid_search,18674,1726,116.81,0.092428,0.0677
2024-07-12,TX,Search | Brand,paid_search,16753,1901,112.72,0.113472,0.0593
2024-07-13,TX,Search | Brand,paid_search,19595,1562,115.57,0.079714,0.074
2024-07-14,TX,Search | Brand,paid_search,21859,1602,113.4,0.073288,0.0708
2024-07-08,TX,Search | Nonbrand,paid_search,24386,1049,163.93,0.043016,0.1563
2024-07-09,TX,Search | Nonbrand,paid_search,20756,1139,192.65,0.054876,0.1691
2024-07-10,TX,Search | Nonbrand,paid_search,18750,781,169.13,0.041653,0.2166
2024-07-11,TX,Search | Nonbrand,paid_search,23275,1093,230.23,0.04696,0.2106
2024-07-12,TX,Search | Nonbrand,paid_search,24884,851,206.89,0.034199,0.2431
2024-07-13,TX,Search | Nonbrand,paid_search,22586,1157,228.9,0.051226,0.1978
2024-07-14,TX,Search | Nonbrand,paid_search,23872,1124,171.45,0.047084,0.1525
2024-07-08,TX,Shopping | Instruments,shopping,17580,808,143.91,0.045961,0.1781
2024-07-09,TX,Shopping | Instruments,shopping,23574,689,137.24,0.029227,0.1992
2024-07-10,TX,Shopping | Instruments,shopping,25009,771,142.67,0.030829,0.185
2024-07-11,TX,Shopping | Instruments,shopping,19847,767,184.41,0.038646,0.2404
2024-07-12,TX,Shopping | Instruments,shopping,23663,565,176.04,0.023877,0.3116
2024-07-13,TX,Shopping | Instruments,shopping,21071,698,149.24,0.033126,0.2138
2024-07-14,TX,Shopping | Instruments,shopping,24850,622,186.76,0.02503,0.3003
2024-07-08,FL,Search | Brand,paid_search,19125,1224,82.29,0.064,0.0672
2024-07-09,FL,Search | Brand,paid_search,15711,1591,76.29,0.101267,0.0479
2024-07-10,FL,Search | Brand,paid_search,16682,1613,78.6,0.096691,0.0487
2024-07-11,FL,Search | Brand,paid_search,18518,1178,112.83,0.063614,0.0958
2024-07-12,FL,Search | Brand,paid_search,17221,1151,113.83,0.066837,0.0989
2024-07-13,FL,Search | Brand,paid_search,14656,1549,106.24,0.105691,0.0686
2024-07-14,FL,Search | Brand,paid_search,14222,1418,103.51,0.099705,0.073
2024-07-08,FL,Search | Nonbrand,paid_search,18325,875,172.59,0.047749,0.1973
2024-07-09,FL,Search | Nonbrand,paid_search,17472,820,176.55,0.046932,0.2153
2024-07-10,FL,Search | Nonbrand,paid_search,16107,889,158.5,0.055193,0.1783
2024-07-11,FL,Search | Nonbrand,paid_search,20017,709,191.11,0.03542,0.2696
2024-07-12,FL,Search | Nonbrand,paid_search,21079,849,135.81,0.040277,0.16
2024-07-13,FL,Search | Nonbrand,paid_search,20762,715,150.5,0.034438,0.2105
2024-07-14,FL,Search | Nonbrand,paid_search,16190,824,132.52,0.050896,0.1608
2024-07-08,FL,Shopping | Instruments,shopping,21381,646,153.74,0.030214,0.238
2024-07-09,FL,Shopping | Instruments,shopping,21150,603,134.22,0.028511,0.2226
2024-07-10,FL,Shopping | Instruments,shopping,17403,731,149.96,0.042004,0.2051
2024-07-11,FL,Shopping | Instruments,shopping,17684,852,153.52,0.048179,0.1802
2024-07-12,FL,Shopping | Instruments,shopping,21261,612,137.42,0.028785,0.2245
2024-07-13,FL,Shopping | Instruments,shopping,21717,578,150.45,0.026615,0.2603
2024-07-14,FL,Shopping | Instruments,shopping,16599,606,108.49,0.036508,0.179
2024-07-08,NY,Search | Brand,paid_search,20797,1825,94.02,0.087753,0.0515
2024-07-09,NY,Search | Brand,paid_search,21023,1826,96.33,0.086857,0.0528
2024-07-10,NY,Search | Brand,paid_search,18144,1772,101.57,0.097663,0.0573
2024-07-11,NY,Search | Brand,paid_search,14705,1678,92.04,0.114111,0.0549
2024-07-12,NY,Search | Brand,paid_search,14601,1236,115.39,0.084652,0.0934
2024-07-13,NY,Search | Brand,paid_search,21174,1592,126.85,0.075187,0.0797
2024-07-14,NY,Search | Brand,paid_search,16833,1321,112.0,0.078477,0.0848
2024-07-08,NY,Search | Nonbrand,paid_search,14633,650,174.71,0.04442,0.2688
2024-07-09,NY,Search | Nonbrand,paid_search,20181,665,166.59,0.032952,0.2505
2024-07-10,NY,Search | Nonbrand,paid_search,20346,950,180.79,0.046692,0.1903
2024-07-11,NY,Search | Nonbrand,paid_search,14777,630,129.38,0.042634,0.2054
2024-07-12,NY,Search | Nonbrand,paid_search,19266,650,158.14,0.033738,0.2433
2024-07-13,NY,Search | Nonbrand,paid_search,21335,909,136.05,0.042606,0.1497
2024-07-14,NY,Search | Nonbrand,paid_search,17364,688,154.31,0.039622,0.2243
2024-07-08,NY,Shopping | Instruments,shopping,25577,795,142.82,0.031083,0.1796
2024-07-09,NY,Shopping | Instruments,shopping,25028,675,156.69,0.02697,0.2321
2024-07-10,NY,Shopping | Instruments,shopping,20727,526,122.59,0.025378,0.2331
2024-07-11,NY,Shopping | Instruments,shopping,17975,702,181.69,0.039054,0.2588
2024-07-12,NY,Shopping | Instruments,shopping,19611,642,173.84,0.032737,0.2708
2024-07-13,NY,Shopping | Instruments,shopping,18570,695,139.35,0.037426,0.2005
2024-07-14,NY,Shopping | Instruments,shopping,23490,536,170.06,0.022818,0.3173
2024-07-15,CA,Search | Brand,paid_search,26305,2028,145.99,0.077096,0.072
2024-07-16,CA,Search | Brand,paid_search,26071,2232,144.63,0.085612,0.0648
2024-07-17,CA,Search | Brand,paid_search,25470,1871,177.66,0.073459,0.095
2024-07-18,CA,Search | Brand,paid_search,19973,2369,126.77,0.11861,0.0535
2024-07-19,CA,Search | Brand,paid_search,29104,2217,119.74,0.076175,0.054
2024-07-20,CA,Search | Brand,paid_search,21838,2517,121.85,0.115258,0.0484
2024-07-21,CA,Search | Brand,paid_search,25135,1920,171.94,0.076388,0.0896
2024-07-15,CA,Search | Nonbrand,paid_search,33732,1381,260.19,0.04094,0.1884
2024-07-16,CA,Search | Nonbrand,paid_search,25873,1193,299.99,0.04611,0.2515
2024-07-17,CA,Search | Nonbrand,paid_search,23645,1062,217.52,0.044914,0.2048
2024-07-18,CA,Search | Nonbrand,paid_search,32022,988,300.37,0.030854,0.304
2024-07-19,CA,Search | Nonbrand,paid_search,28634,1062,194.28,0.037089,0.1829
2024-07-20,CA,Search | Nonbrand,paid_search,26381,1412,202.15,0.053523,0.1432
2024-07-21,CA,Search | Nonbrand,paid_search,32731,1233,271.46,0.037671,0.2202
2024-07-15,CA,Shopping | Instruments,shopping,27999,905,203.74,0.032323,0.2251
2024-07-16,CA,Shopping | Instruments,shopping,21019,929,183.08,0.044198,0.1971
2024-07-17,CA,Shopping | Instruments,shopping,30426,707,155.64,0.023237,0.2201
2024-07-18,CA,Shopping | Instruments,shopping,21207,620,202.79,0.029236,0.3271
2024-07-19,CA,Shopping | Instruments,shopping,25787,817,180.98,0.031683,0.2215
2024-07-20,CA,Shopping | Instruments,shopping,28966,666,196.44,0.022992,0.295
2024-07-21,CA,Shopping | Instruments,shopping,22209,898,156.15,0.040434,0.1739
2024-07-15,TX,Search | Brand,paid_search,25043,1891,143.21,0.07551,0.0757
2024-07-16,TX,Search | Brand,paid_search,22960,2288,122.81,0.099652,0.0537
2024-07-17,TX,Search | Brand,paid_search,21706,2270,154.44,0.104579,0.068
2024-07-18,TX,Search | Brand,paid_search,21214,2137,143.95,0.100735,0.0674
2024-07-19,TX,Search | Brand,paid_search,27720,2109,136.67,0.076082,0.0648
2024-07-20,TX,Search | Brand,paid_search,21727,1495,141.01,0.068808,0.0943
2024-07-21,TX,Search | Brand,paid_search,22184,1830,100.73,0.082492,0.055
2024-07-15,TX,Search | Nonbrand,paid_search,21456,1231,213.41,0.057373,0.1734
2024-07-16,TX,Search | Nonbrand,paid_search,30282,1332,237.59,0.043987,0.1784
2024-07-17,TX,Search | Nonbrand,paid_search,25890,886,190.16,0.034222,0.2146
2024-07-18,TX,Search | Nonbrand,paid_search,21019,1157,204.47,0.055045,0.1767
2024-07-19,TX,Search | Nonbrand,paid_search,25563,1165,223.51,0.045574,0.1919
2024-07-20,TX,Search | Nonbrand,paid_search,28093,1223,194.82,0.043534,0.1593
2024-07-21,TX,Search | Nonbrand,paid_search,22696,1118,241.05,0.04926,0.2156
2024-07-15,TX,Shopping | Instruments,shopping,22092,799,161.07,0.036167,0.2016
2024-07-16,TX,Shopping | Instruments,shopping,23042,710,176.4,0.030813,0.2484
2024-07-17,TX,Shopping | Instruments,shopping,30385,806,173.8,0.026526,0.2156
2024-07-18,TX,Shopping | Instruments,shopping,19493,688,147.79,0.035295,0.2148
2024-07-19,TX,Shopping | Instruments,shopping,29705,879,194.75,0.029591,0.2216
2024-07-20,TX,Shopping | Instruments,shopping,20820,673,163.68,0.032325,0.2432
2024-07-21,TX,Shopping | Instruments,shopping,22219,685,190.36,0.030829,0.2779
2024-07-15,FL,Search | Brand,paid_search,15429,1427,73.7,0.092488,0.0516
2024-07-16,FL,Search | Brand,paid_search,17438,1407,101.66,0.080686,0.0723
2024-07-17,FL,Search | Brand,paid_search,16777,1403,94.18,0.083626,0.0671
2024-07-18,FL,Search | Brand,paid_search,14123,1331,74.38,0.094243,0.0559
2024-07-19,FL,Search | Brand,paid_search,15377,1395,93.1,0.09072,0.0667
2024-07-20,FL,Search | Brand,paid_search,14384,1151,104.66,0.080019,0.0909
2024-07-21,FL,Search | Brand,paid_search,14680,1465,85.94,0.099796,0.0587
2024-07-15,FL,Search | Nonbrand,paid_search,14493,925,122.56,0.063824,0.1325
2024-07-16,FL,Search | Nonbrand,paid_search,16632,668,166.13,0.040164,0.2487
2024-07-17,FL,Search | Nonbrand,paid_search,16024,803,152.92,0.050112,0.1904
2024-07-18,FL,Search | Nonbrand,paid_search,21443,818,165.34,0.038148,0.2021
2024-07-19,FL,Search | Nonbrand,paid_search,15853,668,168.74,0.042137,0.2526
2024-07-20,FL,Search | Nonbrand,paid_search,17644,903,159.33,0.051179,0.1764
2024-07-21,FL,Search | Nonbrand,paid_search,21869,867,131.02,0.039645,0.1511
2024-07-15,FL,Shopping | Instruments,shopping,15987,617,147.21,0.038594,0.2386
2024-07-16,FL,Shopping | Instruments,shopping,16909,559,125.06,0.033059,0.2237
2024-07-17,FL,Shopping | Instruments,shopping,22529,534,144.15,0.023703,0.27
2024-07-18,FL,Shopping | Instruments,shopping,16027,626,118.56,0.039059,0.1894
2024-07-19,FL,Shopping | Instruments,shopping,17444,524,124.73,0.030039,0.238
2024-07-20,FL,Shopping | Instruments,shopping,22416,514,102.78,0.02293,0.2
2024-07-21,FL,Shopping | Instruments,shopping,14570,535,143.87,0.036719,0.2689
2024-07-15,NY,Search | Brand,paid_search,18352,1307,81.65,0.071218,0.0625
2024-07-16,NY,Search | Brand,paid_search,17092,1266,112.47,0.07407,0.0888
2024-07-17,NY,Search | Brand,paid_search,15534,1586,96.79,0.102099,0.061
2024-07-18,NY,Search | Brand,paid_search,18099,1350,119.12,0.07459,0.0882
2024-07-19,NY,Search | Brand,paid_search,19904,1512,96.04,0.075965,0.0635
2024-07-20,NY,Search | Brand,paid_search,13991,1656,91.54,0.118362,0.0553
2024-07-21,NY,Search | Brand,paid_search,13518,1639,78.01,0.121246,0.0476
2024-07-15,NY,Search | Nonbrand,paid_search,19495,877,155.3,0.044986,0.1771
2024-07-16,NY,Search | Nonbrand,paid_search,17430,770,170.85,0.044177,0.2219
2024-07-17,NY,Search | Nonbrand,paid_search,18006,963,157.5,0.053482,0.1635
2024-07-18,NY,Search | Nonbrand,paid_search,18809,722,178.0,0.038386,0.2465
2024-07-19,NY,Search | Nonbrand,paid_search,17292,921,137.48,0.053262,0.1493
2024-07-20,NY,Search | Nonbrand,paid_search,20212,741,148.8,0.036661,0.2008
2024-07-21,NY,Search | Nonbrand,paid_search,15137,792,138.96,0.052322,0.1754
2024-07-15,NY,Shopping | Instruments,shopping,19401,693,136.59,0.03572,0.1971
2024-07-16,NY,Shopping | Instruments,shopping,20106,670,151.61,0.033323,0.2263
2024-07-17,NY,Shopping | Instruments,shopping,20466,513,145.67,0.025066,0.284
2024-07-18,NY,Shopping | Instruments,shopping,22454,721,136.86,0.03211,0.1898
2024-07-19,NY,Shopping | Instruments,shopping,21241,732,157.62,0.034462,0.2153
2024-07-20,NY,Shopping | Instruments,shopping,18595,725,126.69,0.038989,0.1747
2024-07-21,NY,Shopping | Instruments,shopping,16911,727,147.01,0.04299,0.2022
2024-07-22,CA,Search | Brand,paid_search,20375,1573,145.69,0.077202,0.0926
2024-07-23,CA,Search | Brand,paid_search,21670,2096,150.35,0.096724,0.0717
2024-07-24,CA,Search | Brand,paid_search,25875,2124,155.22,0.082087,0.0731
2024-07-25,CA,Search | Brand,paid_search,18552,2154,120.48,0.116106,0.0559
2024-07-26,CA,Search | Brand,paid_search,17925,2247,104.72,0.125356,0.0466
2024-07-27,CA,Search | Brand,paid_search,24553,1700,105.44,0.069238,0.062
2024-07-28,CA,Search | Brand,paid_search,26570,2257,120.11,0.084945,0.0532
2024-07-22,CA,Search | Nonbrand,paid_search,30440,1114,198.05,0.036597,0.1778
2024-07-23,CA,Search | Nonbrand,paid_search,31927,1426,203.69,0.044664,0.1428
2024-07-24,CA,Search | Nonbrand,paid_search,23632,1127,289.22,0.04769,0.2566
2024-07-25,CA,Search | Nonbrand,paid_search,24421,1050,227.25,0.042996,0.2164
2024-07-26,CA,Search | Nonbrand,paid_search,27384,1081,210.14,0.039476,0.1944
2024-07-27,CA,Search | Nonbrand,paid_search,31426,1310,257.56,0.041685,0.1966
2024-07-28,CA,Search | Nonbrand,paid_search,26025,1132,293.27,0.043497,0.2591
2024-07-22,CA,Shopping | Instruments,shopping,22233,792,157.29,0.035623,0.1986
2024-07-23,CA,Shopping | Instruments,shopping,27950,965,140.04,0.034526,0.1451
2024-07-24,CA,Shopping | Instruments,shopping,20682,803,172.47,0.038826,0.2148
2024-07-25,CA,Shopping | Instruments,shopping,30995,777,186.48,0.025069,0.24
2024-07-26,CA,Shopping | Instruments,shopping,20806,706,180.35,0.033933,0.2554
2024-07-27,CA,Shopping | Instruments,shopping,26063,781,186.09,0.029966,0.2383
2024-07-28,CA,Shopping | Instruments,shopping,21658,838,204.06,0.038692,0.2435
2024-07-22,TX,Search | Brand,paid_search,21260,1565,124.61,0.073612,0.0796
2024-07-23,TX,Search | Brand,paid_search,26053,1386,137.8,0.053199,0.0994
2024-07-24,TX,Search | Brand,paid_search,19182,1875,100.58,0.097748,0.0536
2024-07-25,TX,Search | Brand,paid_search,20217,2084,124.73,0.103082,0.0599
2024-07-26,TX,Search | Brand,paid_search,18099,1752,142.36,0.096801,0.0813
2024-07-27,TX,Search | Brand,paid_search,24614,1665,141.62,0.067644,0.0851
2024-07-28,TX,Search | Brand,paid_search,20962,1574,100.54,0.075088,0.0639
2024-07-22,TX,Search | Nonbrand,paid_search,16961,829,167.74,0.048877,0.2023
2024-07-23,TX,Search | Nonbrand,paid_search,17728,853,186.18,0.048116,0.2183
2024-07-24,TX,Search | Nonbrand,paid_search,21646,856,171.76,0.039545,0.2007
2024-07-25,TX,Search | Nonbrand,paid_search,19524,881,173.39,0.045124,0.1968
2024-07-26,TX,Search | Nonbrand,paid_search,24628,809,153.76,0.032849,0.1901
2024-07-27,TX,Search | Nonbrand,paid_search,22583,1034,213.41,0.045787,0.2064
2024-07-28,TX,Search | Nonbrand,paid_search,19029,1090,155.8,0.057281,0.1429
2024-07-22,TX,Shopping | Instruments,shopping,23990,701,164.96,0.029221,0.2353
2024-07-23,TX,Shopping | Instruments,shopping,22685,704,166.66,0.031034,0.2367
2024-07-24,TX,Shopping | Instruments,shopping,17162,595,149.04,0.03467,0.2505
2024-07-25,TX,Shopping | Instruments,shopping,16986,707,108.55,0.041623,0.1535
2024-07-26,TX,Shopping | Instruments,shopping,23161,695,159.05,0.030007,0.2289
2024-07-27,TX,Shopping | Instruments,shopping,20569,689,150.96,0.033497,0.2191
2024-07-28,TX,Shopping | Instruments,shopping,17837,748,125.98,0.041935,0.1684
2024-07-22,FL,Search | Brand,paid_search,15075,1230,82.92,0.081592,0.0674
2024-07-23,FL,Search | Brand,paid_search,13382,1614,82.8,0.12061,0.0513
2024-07-24,FL,Search | Brand,paid_search,18519,1309,122.9,0.070684,0.0939
2024-07-25,FL,Search | Brand,paid_search,16934,1740,89.63,0.102752,0.0515
2024-07-26,FL,Search | Brand,paid_search,18217,1395,89.67,0.076577,0.0643
2024-07-27,FL,Search | Brand,paid_search,19124,1649,99.9,0.086227,0.0606
2024-07-28,FL,Search | Brand,paid_search,15855,1301,111.4,0.082056,0.0856
2024-07-22,FL,Search | Nonbrand,paid_search,17471,667,140.26,0.038178,0.2103
2024-07-23,FL,Search | Nonbrand,paid_search,16053,769,158.0,0.047904,0.2055
2024-07-24,FL,Search | Nonbrand,paid_search,20337,675,174.51,0.033191,0.2585
2024-07-25,FL,Search | Nonbrand,paid_search,19269,807,175.29,0.041881,0.2172
2024-07-26,FL,Search | Nonbrand,paid_search,17547,896,123.69,0.051063,0.138
2024-07-27,FL,Search | Nonbrand,paid_search,17902,697,155.57,0.038934,0.2232
2024-07-28,FL,Search | Nonbrand,paid_search,15193,832,137.12,0.054762,0.1648
2024-07-22,FL,Shopping | Instruments,shopping,19518,608,149.24,0.031151,0.2455
2024-07-23,FL,Shopping | Instruments,shopping,18472,629,166.6,0.034052,0.2649
2024-07-24,FL,Shopping | Instruments,shopping,17992,642,129.38,0.035683,0.2015
2024-07-25,FL,Shopping | Instruments,shopping,16260,630,109.18,0.038745,0.1733
2024-07-26,FL,Shopping | Instruments,shopping,19950,612,151.48,0.030677,0.2475
2024-07-27,FL,Shopping | Instruments,shopping,20776,661,130.94,0.031816,0.1981
2024-07-28,FL,Shopping | Instruments,shopping,21359,521,130.36,0.024393,0.2502
2024-07-22,NY,Search | Brand,paid_search,20370,1340,95.84,0.065783,0.0715
2024-07-23,NY,Search | Brand,paid_search,15705,1592,107.95,0.101369,0.0678
2024-07-24,NY,Search | Brand,paid_search,20424,1722,124.23,0.084313,0.0721
2024-07-25,NY,Search | Brand,paid_search,15693,1418,105.23,0.090359,0.0742
2024-07-26,NY,Search | Brand,paid_search,17834,1381,120.59,0.077436,0.0873
2024-07-27,NY,Search | Brand,paid_search,21886,1557,88.44,0.071141,0.0568
2024-07-28,NY,Search | Brand,paid_search,16344,1661,101.6,0.101628,0.0612
2024-07-22,NY,Search | Nonbrand,paid_search,22189,974,185.89,0.043896,0.1909
2024-07-23,NY,Search | Nonbrand,paid_search,18602,703,140.37,0.037792,0.1997
2024-07-24,NY,Search | Nonbrand,paid_search,17190,664,137.31,0.038627,0.2068
2024-07-25,NY,Search | Nonbrand,paid_search,22341,944,205.78,0.042254,0.218
2024-07-26,NY,Search | Nonbrand,paid_search,18536,879,205.4,0.047421,0.2337
2024-07-27,NY,Search | Nonbrand,paid_search,19681,883,160.46,0.044866,0.1817
2024-07-28,NY,Search | Nonbrand,paid_search,22700,918,179.44,0.040441,0.1955
2024-07-22,NY,Shopping | Instruments,shopping,19777,544,140.29,0.027507,0.2579
2024-07-23,NY,Shopping | Instruments,shopping,19982,525,125.35,0.026274,0.2388
2024-07-24,NY,Shopping | Instruments,shopping,21341,562,140.38,0.026334,0.2498
2024-07-25,NY,Shopping | Instruments,shopping,19027,501,166.41,0.026331,0.3322
2024-07-26,NY,Shopping | Instruments,shopping,16136,688,129.38,0.042638,0.1881
2024-07-27,NY,Shopping | Instruments,shopping,18105,524,113.92,0.028942,0.2174
2024-07-28,NY,Shopping | Instruments,shopping,17406,658,133.04,0.037803,0.2022
2024-07-29,CA,Search | Brand,paid_search,27721,1895,190.31,0.06836,0.1004
2024-07-30,CA,Search | Brand,paid_search,31215,1717,157.79,0.055006,0.0919
2024-07-31,CA,Search | Brand,paid_search,32302,2506,154.0,0.07758,0.0615
2024-08-01,CA,Search | Brand,paid_search,25153,1936,136.53,0.076969,0.0705
2024-08-02,CA,Search | Brand,paid_search,29304,2444,163.18,0.083402,0.0668
2024-08-03,CA,Search | Brand,paid_search,21199,2546,143.99,0.1201,0.0566
2024-08-04,CA,Search | Brand,paid_search,24715,2311,165.53,0.093506,0.0716
2024-07-29,CA,Search | Nonbrand,paid_search,23209,942,190.0,0.040588,0.2017
2024-07-30,CA,Search | Nonbrand,paid_search,19131,940,211.18,0.049135,0.2247
2024-07-31,CA,Search | Nonbrand,paid_search,23870,1144,180.99,0.047926,0.1582
2024-08-01,CA,Search | Nonbrand,paid_search,19023,1232,233.86,0.064764,0.1898
2024-08-02,CA,Search | Nonbrand,paid_search,28085,940,159.76,0.03347,0.17
2024-08-03,CA,Search | Nonbrand,paid_search,27106,1137,236.44,0.041946,0.208
2024-08-04,CA,Search | Nonbrand,paid_search,27331,1265,230.45,0.046284,0.1822
2024-07-29,CA,Shopping | Instruments,shopping,20937,958,151.19,0.045756,0.1578
2024-07-30,CA,Shopping | Instruments,shopping,23921,904,188.76,0.037791,0.2088
2024-07-31,CA,Shopping | Instruments,shopping,26017,755,184.6,0.029019,0.2445
2024-08-01,CA,Shopping | Instruments,shopping,29696,958,203.06,0.03226,0.212
2024-08-02,CA,Shopping | Instruments,shopping,21146,615,168.47,0.029084,0.2739
2024-08-03,CA,Shopping | Instruments,shopping,26704,681,176.18,0.025502,0.2587
2024-08-04,CA,Shopping | Instruments,shopping,27760,933,196.25,0.03361,0.2103
2024-07-29,TX,Search | Brand,paid_search,20336,1597,142.79,0.078531,0.0894
2024-07-30,TX,Search | Brand,paid_search,25040,1679,147.81,0.067053,0.088
2024-07-31,TX,Search | Brand,paid_search,18115,2389,130.67,0.13188,0.0547
2024-08-01,TX,Search | Brand,paid_search,24588,1756,124.82,0.071417,0.0711
2024-08-02,TX,Search | Brand,paid_search,25137,2061,111.76,0.081991,0.0542
2024-08-03,TX,Search | Brand,paid_search,20968,1822,133.93,0.086894,0.0735
2024-08-04,TX,Search | Brand,paid_search,23422,1578,122.34,0.067373,0.0775
2024-07-29,TX,Search | Nonbrand,paid_search,21303,851,155.34,0.039947,0.1825
2024-07-30,TX,Search | Nonbrand,paid_search,24895,920,209.93,0.036955,0.2282
2024-07-31,TX,Search | Nonbrand,paid_search,20622,1175,200.88,0.056978,0.171
2024-08-01,TX,Search | Nonbrand,paid_search,19692,1210,198.8,0.061446,0.1643
2024-08-02,TX,Search | Nonbrand,paid_search,24539,1050,217.65,0.042789,0.2073
2024-08-03,TX,Search | Nonbrand,paid_search,24738,1154,182.64,0.046649,0.1583
2024-08-04,TX,Search | Nonbrand,paid_search,22894,1006,199.44,0.043942,0.1983
2024-07-29,TX,Shopping | Instruments,shopping,19469,787,154.68,0.040423,0.1965
2024-07-30,TX,Shopping | Instruments,shopping,26494,799,151.84,0.030158,0.19
2024-07-31,TX,Shopping | Instruments,shopping,21389,567,157.87,0.026509,0.2784
2024-08-01,TX,Shopping | Instruments,shopping,27131,577,194.33,0.021267,0.3368
2024-08-02,TX,Shopping | Instruments,shopping,22617,673,140.74,0.029756,0.2091
2024-08-03,TX,Shopping | Instruments,shopping,21116,776,158.8,0.036749,0.2046
2024-08-04,TX,Shopping | Instruments,shopping,20822,830,186.82,0.039862,0.2251
2024-07-29,FL,Search | Brand,paid_search,17070,1463,75.76,0.085706,0.0518
2024-07-30,FL,Search | Brand,paid_search,13633,1154,98.6,0.084648,0.0854
2024-07-31,FL,Search | Brand,paid_search,15267,1222,108.96,0.080042,0.0892
2024-08-01,FL,Search | Brand,paid_search,17702,1420,89.02,0.080217,0.0627
2024-08-02,FL,Search | Brand,paid_search,16439,1507,94.87,0.091672,0.063
2024-08-03,FL,Search | Brand,paid_search,16080,1040,72.31,0.064677,0.0695
2024-08-04,FL,Search | Brand,paid_search,13365,1253,95.91,0.093752,0.0765
2024-07-29,FL,Search | Nonbrand,paid_search,20371,1128,186.46,0.055373,0.1653
2024-07-30,FL,Search | Nonbrand,paid_search,22860,1042,163.47,0.045582,0.1569
2024-07-31,FL,Search | Nonbrand,paid_search,23521,1106,209.78,0.047022,0.1897
2024-08-01,FL,Search | Nonbrand,paid_search,19212,910,165.01,0.047366,0.1813
2024-08-02,FL,Search | Nonbrand,paid_search,25037,895,213.0,0.035747,0.238
2024-08-03,FL,Search | Nonbrand,paid_search,21753,793,195.33,0.036455,0.2463
2024-08-04,FL,Search | Nonbrand,paid_search,18591,1050,168.52,0.056479,0.1605
2024-07-29,FL,Shopping | Instruments,shopping,16181,554,124.76,0.034238,0.2252
2024-07-30,FL,Shopping | Instruments,shopping,23860,509,153.84,0.021333,0.3022
2024-07-31,FL,Shopping | Instruments,shopping,16965,773,142.39,0.045564,0.1842
2024-08-01,FL,Shopping | Instruments,shopping,21918,513,127.52,0.023405,0.2486
2024-08-02,FL,Shopping | Instruments,shopping,21003,693,146.27,0.032995,0.2111
2024-08-03,FL,Shopping | Instruments,shopping,19852,605,132.25,0.030476,0.2186
2024-08-04,FL,Shopping | Instruments,shopping,16209,543,152.09,0.0335,0.2801
2024-07-29,NY,Search | Brand,paid_search,22173,1776,96.83,0.080097,0.0545
2024-07-30,NY,Search | Brand,paid_search,24337,1812,94.66,0.074455,0.0522
2024-07-31,NY,Search | Brand,paid_search,16897,1522,130.13,0.090075,0.0855
2024-08-01,NY,Search | Brand,paid_search,15839,1385,92.15,0.087442,0.0665
2024-08-02,NY,Search | Brand,paid_search,17932,1844,110.53,0.102833,0.0599
2024-08-03,NY,Search | Brand,paid_search,17164,1556,127.14,0.090655,0.0817
2024-08-04,NY,Search | Brand,paid_search,20522,1378,130.77,0.067147,0.0949
2024-07-29,NY,Search | Nonbrand,paid_search,20231,765,216.54,0.037813,0.2831
2024-07-30,NY,Search | Nonbrand,paid_search,22035,772,163.02,0.035035,0.2112
2024-07-31,NY,Search | Nonbrand,paid_search,17781,744,181.64,0.041842,0.2441
2024-08-01,NY,Search | Nonbrand,paid_search,24687,1011,205.12,0.040953,0.2029
2024-08-02,NY,Search | Nonbrand,paid_search,17137,813,176.76,0.047441,0.2174
2024-08-03,NY,Search | Nonbrand,paid_search,23713,978,166.76,0.041243,0.1705
2024-08-04,NY,Search | Nonbrand,paid_search,21179,775,152.32,0.036593,0.1965
2024-07-29,NY,Shopping | Instruments,shopping,23793,860,129.1,0.036145,0.1501
2024-07-30,NY,Shopping | Instruments,shopping,20809,671,171.18,0.032246,0.2551
2024-07-31,NY,Shopping | Instruments,shopping,18627,787,187.67,0.04225,0.2385
2024-08-01,NY,Shopping | Instruments,shopping,21810,609,144.24,0.027923,0.2368
2024-08-02,NY,Shopping | Instruments,shopping,21586,598,150.16,0.027703,0.2511
2024-08-03,NY,Shopping | Instruments,shopping,18739,677,162.78,0.036128,0.2404
2024-08-04,NY,Shopping | Instruments,shopping,23251,761,124.9,0.03273,0.1641
2024-08-05,CA,Search | Brand,paid_search,36043,2472,183.89,0.068585,0.0744
2024-08-06,CA,Search | Brand,paid_search,38161,2651,210.9,0.069469,0.0796
2024-08-07,CA,Search | Brand,paid_search,29735,2636,232.44,0.08865,0.0882
2024-08-08,CA,Search | Brand,paid_search,33213,2919,163.82,0.087887,0.0561
2024-08-09,CA,Search | Brand,paid_search,26117,2581,163.87,0.098825,0.0635
2024-08-10,CA,Search | Brand,paid_search,31872,3204,191.09,0.100527,0.0596
2024-08-11,CA,Search | Brand,paid_search,38419,2984,208.63,0.07767,0.0699
2024-08-05,CA,Search | Nonbrand,paid_search,38094,1466,261.91,0.038484,0.1787
2024-08-06,CA,Search | Nonbrand,paid_search,32260,1632,287.97,0.050589,0.1765
2024-08-07,CA,Search | Nonbrand,paid_search,31526,1308,328.95,0.04149,0.2515
2024-08-08,CA,Search | Nonbrand,paid_search,35378,1825,396.27,0.051586,0.2171
2024-08-09,CA,Search | Nonbrand,paid_search,33223,1407,341.53,0.04235,0.2427
2024-08-10,CA,Search | Nonbrand,paid_search,42328,1831,269.89,0.043257,0.1474
2024-08-11,CA,Search | Nonbrand,paid_search,42484,1345,309.0,0.031659,0.2297
2024-08-05,CA,Shopping | Instruments,shopping,36260,1015,218.19,0.027992,0.215
2024-08-06,CA,Shopping | Instruments,shopping,30505,899,215.84,0.029471,0.2401
2024-08-07,CA,Shopping | Instruments,shopping,35932,830,231.31,0.023099,0.2787
2024-08-08,CA,Shopping | Instruments,shopping,30795,1177,263.55,0.03822,0.2239
2024-08-09,CA,Shopping | Instruments,shopping,37195,1249,278.17,0.03358,0.2227
2024-08-10,CA,Shopping | Instruments,shopping,29558,930,230.55,0.031464,0.2479
2024-08-11,CA,Shopping | Instruments,shopping,32997,962,241.72,0.029154,0.2513
2024-08-05,TX,Search | Brand,paid_search,26744,2028,148.23,0.07583,0.0731
2024-08-06,TX,Search | Brand,paid_search,28810,2332,115.07,0.080944,0.0493
2024-08-07,TX,Search | Brand,paid_search,21886,2122,137.76,0.096957,0.0649
2024-08-08,TX,Search | Brand,paid_search,19073,2218,117.29,0.11629,0.0529
2024-08-09,TX,Search | Brand,paid_search,22351,1991,122.92,0.089079,0.0617
2024-08-10,TX,Search | Brand,paid_search,27897,1657,156.37,0.059397,0.0944
2024-08-11,TX,Search | Brand,paid_search,18624,2233,161.59,0.119899,0.0724
2024-08-05,TX,Search | Nonbrand,paid_search,31451,1384,217.32,0.044005,0.157
2024-08-06,TX,Search | Nonbrand,paid_search,29945,1067,287.87,0.035632,0.2698
2024-08-07,TX,Search | Nonbrand,paid_search,26010,1276,207.11,0.049058,0.1623
2024-08-08,TX,Search | Nonbrand,paid_search,31173,1030,261.55,0.033041,0.2539
2024-08-09,TX,Search | Nonbrand,paid_search,30507,1413,298.97,0.046317,0.2116
2024-08-10,TX,Search | Nonbrand,paid_search,21040,986,202.33,0.046863,0.2052
2024-08-11,TX,Search | Nonbrand,paid_search,32480,1082,267.25,0.033313,0.247
2024-08-05,TX,Shopping | Instruments,shopping,30937,819,157.83,0.026473,0.1927
2024-08-06,TX,Shopping | Instruments,shopping,25967,822,217.7,0.031656,0.2648
2024-08-07,TX,Shopping | Instruments,shopping,23223,689,181.17,0.029669,0.263
2024-08-08,TX,Shopping | Instruments,shopping,28873,838,221.6,0.029024,0.2644
2024-08-09,TX,Shopping | Instruments,shopping,24704,794,181.05,0.032141,0.228
2024-08-10,TX,Shopping | Instruments,shopping,32827,721,191.6,0.021964,0.2657
2024-08-11,TX,Shopping | Instruments,shopping,21031,867,199.51,0.041225,0.2301
2024-08-05,FL,Search | Brand,paid_search,21733,1820,154.12,0.083744,0.0847
2024-08-06,FL,Search | Brand,paid_search,18814,1490,116.6,0.079196,0.0783
2024-08-07,FL,Search | Brand,paid_search,19432,2141,102.78,0.110179,0.048
2024-08-08,FL,Search | Brand,paid_search,20576,1737,154.13,0.084419,0.0887
2024-08-09,FL,Search | Brand,paid_search,24093,1688,109.22,0.070062,0.0647
2024-08-10,FL,Search | Brand,paid_search,24260,1514,118.0,0.062407,0.0779
2024-08-11,FL,Search | Brand,paid_search,21217,1634,115.88,0.077014,0.0709
2024-08-05,FL,Search | Nonbrand,paid_search,23229,887,168.46,0.038185,0.1899
2024-08-06,FL,Search | Nonbrand,paid_search,27149,857,185.73,0.031567,0.2167
2024-08-07,FL,Search | Nonbrand,paid_search,18482,1033,155.92,0.055892,0.1509
2024-08-08,FL,Search | Nonbrand,paid_search,23496,835,215.29,0.035538,0.2578
2024-08-09,FL,Search | Nonbrand,paid_search,18726,967,221.68,0.051639,0.2292
2024-08-10,FL,Search | Nonbrand,paid_search,25590,849,230.65,0.033177,0.2717
2024-08-11,FL,Search | Nonbrand,paid_search,21247,1036,180.37,0.04876,0.1741
2024-08-05,FL,Shopping | Instruments,shopping,18357,812,175.03,0.044234,0.2155
2024-08-06,FL,Shopping | Instruments,shopping,26800,700,181.48,0.026119,0.2593
2024-08-07,FL,Shopping | Instruments,shopping,24033,683,202.15,0.028419,0.296
2024-08-08,FL,Shopping | Instruments,shopping,20455,794,189.66,0.038817,0.2389
2024-08-09,FL,Shopping | Instruments,shopping,25707,664,161.95,0.02583,0.2439
2024-08-10,FL,Shopping | Instruments,shopping,27395,890,157.54,0.032488,0.177
2024-08-11,FL,Shopping | Instruments,shopping,26680,734,152.08,0.027511,0.2072
2024-08-05,NY,Search | Brand,paid_search,23770,2214,126.59,0.093143,0.0572
2024-08-06,NY,Search | Brand,paid_search,27775,1620,131.21,0.058326,0.081
2024-08-07,NY,Search | Brand,paid_search,20720,2527,129.74,0.121959,0.0513
2024-08-08,NY,Search | Brand,paid_search,19531,1906,128.7,0.097588,0.0675
2024-08-09,NY,Search | Brand,paid_search,23612,2376,119.09,0.100627,0.0501
2024-08-10,NY,Search | Brand,paid_search,21492,1869,119.08,0.086963,0.0637
2024-08-11,NY,Search | Brand,paid_search,24372,2228,180.97,0.091416,0.0812
2024-08-05,NY,Search | Nonbrand,paid_search,19661,867,216.64,0.044097,0.2499
2024-08-06,NY,Search | Nonbrand,paid_search,18488,1107,225.47,0.059877,0.2037
2024-08-07,NY,Search | Nonbrand,paid_search,27007,912,223.83,0.033769,0.2454
2024-08-08,NY,Search | Nonbrand,paid_search,27238,934,176.26,0.03429,0.1887
2024-08-09,NY,Search | Nonbrand,paid_search,25705,1262,196.94,0.049096,0.1561
2024-08-10,NY,Search | Nonbrand,paid_search,24669,1252,227.94,0.050752,0.1821
2024-08-11,NY,Search | Nonbrand,paid_search,22572,1017,154.84,0.045056,0.1523
2024-08-05,NY,Shopping | Instruments,shopping,20160,616,173.29,0.030556,0.2813
2024-08-06,NY,Shopping | Instruments,shopping,20128,792,171.3,0.039348,0.2163
2024-08-07,NY,Shopping | Instruments,shopping,23869,782,142.54,0.032762,0.1823
2024-08-08,NY,Shopping | Instruments,shopping,20495,760,193.93,0.037082,0.2552
2024-08-09,NY,Shopping | Instruments,shopping,27109,622,133.7,0.022944,0.2149
2024-08-10,NY,Shopping | Instruments,shopping,20047,854,150.31,0.0426,0.176
2024-08-11,NY,Shopping | Instruments,shopping,27039,700,178.62,0.025889,0.2552
2024-08-12,CA,Search | Brand,paid_search,27566,2135,148.33,0.07745,0.0695
2024-08-13,CA,Search | Brand,paid_search,27355,2705,166.9,0.098885,0.0617
2024-08-14,CA,Search | Brand,paid_search,31576,3067,179.73,0.097131,0.0586
2024-08-15,CA,Search | Brand,paid_search,29229,2116,151.54,0.072394,0.0716
2024-08-16,CA,Search | Brand,paid_search,30366,2349,154.34,0.077356,0.0657
2024-08-17,CA,Search | Brand,paid_search,34073,2640,227.51,0.077481,0.0862
2024-08-18,CA,Search | Brand,paid_search,24497,2328,158.68,0.095032,0.0682
2024-08-12,CA,Search | Nonbrand,paid_search,33893,1539,245.51,0.045408,0.1595
2024-08-13,CA,Search | Nonbrand,paid_search,36275,1224,212.19,0.033742,0.1734
2024-08-14,CA,Search | Nonbrand,paid_search,29719,1405,267.06,0.047276,0.1901
2024-08-15,CA,Search | Nonbrand,paid_search,33335,1236,274.99,0.037078,0.2225
2024-08-16,CA,Search | Nonbrand,paid_search,25606,1667,309.93,0.065102,0.1859
2024-08-17,CA,Search | Nonbrand,paid_search,31904,1323,282.86,0.041468,0.2138
2024-08-18,CA,Search | Nonbrand,paid_search,28355,1143,291.6,0.04031,0.2551
2024-08-12,CA,Shopping | Instruments,shopping,26596,833,208.59,0.03132,0.2504
2024-08-13,CA,Shopping | Instruments,shopping,31023,813,228.23,0.026206,0.2807
2024-08-14,CA,Shopping | Instruments,shopping,31325,955,196.27,0.030487,0.2055
2024-08-15,CA,Shopping | Instruments,shopping,24401,840,160.24,0.034425,0.1908
2024-08-16,CA,Shopping | Instruments,shopping,23403,753,150.02,0.032175,0.1992
2024-08-17,CA,Shopping | Instruments,shopping,21156,805,195.01,0.038051,0.2422
2024-08-18,CA,Shopping | Instruments,shopping,27501,1046,196.57,0.038035,0.1879
2024-08-12,TX,Search | Brand,paid_search,19093,1678,131.9,0.087886,0.0786
2024-08-13,TX,Search | Brand,paid_search,19028,1860,121.33,0.097751,0.0652
2024-08-14,TX,Search | Brand,paid_search,18601,1896,128.54,0.10193,0.0678
2024-08-15,TX,Search | Brand,paid_search,20077,2024,118.13,0.100812,0.0584
2024-08-16,TX,Search | Brand,paid_search,20587,2138,117.88,0.103852,0.0551
2024-08-17,TX,Search | Brand,paid_search,25612,1908,121.32,0.074496,0.0636
2024-08-18,TX,Search | Brand,paid_search,26761,1680,129.5,0.062778,0.0771
2024-08-12,TX,Search | Nonbrand,paid_search,27243,1031,256.12,0.037845,0.2484
2024-08-13,TX,Search | Nonbrand,paid_search,28243,923,225.99,0.032681,0.2448
2024-08-14,TX,Search | Nonbrand,paid_search,24554,1052,183.73,0.042844,0.1746
2024-08-15,TX,Search | Nonbrand,paid_search,22667,1180,190.01,0.052058,0.161
2024-08-16,TX,Search | Nonbrand,paid_search,23682,1083,201.69,0.045731,0.1862
2024-08-17,TX,Search | Nonbrand,paid_search,19900,1306,258.54,0.065628,0.198
2024-08-18,TX,Search | Nonbrand,paid_search,27865,1300,181.66,0.046654,0.1397
2024-08-12,TX,Shopping | Instruments,shopping,23975,732,132.56,0.030532,0.1811
2024-08-13,TX,Shopping | Instruments,shopping,19070,679,171.07,0.035606,0.2519
2024-08-14,TX,Shopping | Instruments,shopping,27174,521,144.78,0.019173,0.2779
2024-08-15,TX,Shopping | Instruments,shopping,18673,789,170.51,0.042254,0.2161
2024-08-16,TX,Shopping | Instruments,shopping,24378,526,129.94,0.021577,0.247
2024-08-17,TX,Shopping | Instruments,shopping,19379,717,185.21,0.036999,0.2583
2024-08-18,TX,Shopping | Instruments,shopping,18592,639,154.86,0.03437,0.2423
2024-08-12,FL,Search | Brand,paid_search,21569,1570,94.41,0.07279,0.0601
2024-08-13,FL,Search | Brand,paid_search,16285,1496,83.33,0.091864,0.0557
2024-08-14,FL,Search | Brand,paid_search,17884,1302,99.74,0.072803,0.0766
2024-08-15,FL,Search | Brand,paid_search,15722,1566,85.94,0.099606,0.0549
2024-08-16,FL,Search | Brand,paid_search,19609,1785,123.49,0.09103,0.0692
2024-08-17,FL,Search | Brand,paid_search,14986,1544,99.39,0.103029,0.0644
2024-08-18,FL,Search | Brand,paid_search,16702,1760,125.68,0.105377,0.0714
2024-08-12,FL,Search | Nonbrand,paid_search,25167,758,175.68,0.030119,0.2318
2024-08-13,FL,Search | Nonbrand,paid_search,17893,937,167.06,0.052367,0.1783
2024-08-14,FL,Search | Nonbrand,paid_search,19007,923,177.26,0.048561,0.1921
2024-08-15,FL,Search | Nonbrand,paid_search,19662,849,123.15,0.04318,0.1451
2024-08-16,FL,Search | Nonbrand,paid_search,17033,729,152.87,0.042799,0.2097
2024-08-17,FL,Search | Nonbrand,paid_search,17633,919,173.97,0.052118,0.1893
2024-08-18,FL,Search | Nonbrand,paid_search,16362,751,171.7,0.045899,0.2286
2024-08-12,FL,Shopping | Instruments,shopping,20862,586,139.87,0.028089,0.2387
2024-08-13,FL,Shopping | Instruments,shopping,23225,780,124.86,0.033584,0.1601
2024-08-14,FL,Shopping | Instruments,shopping,16394,706,137.52,0.043065,0.1948
2024-08-15,FL,Shopping | Instruments,shopping,22857,586,150.67,0.025638,0.2571
2024-08-16,FL,Shopping | Instruments,shopping,17593,661,145.19,0.037572,0.2197
2024-08-17,FL,Shopping | Instruments,shopping,16402,643,131.24,0.039203,0.2041
2024-08-18,FL,Shopping | Instruments,shopping,17642,648,142.48,0.036731,0.2199
2024-08-12,NY,Search | Brand,paid_search,21740,1739,119.24,0.079991,0.0686
2024-08-13,NY,Search | Brand,paid_search,26761,1486,120.6,0.055529,0.0812
2024-08-14,NY,Search | Brand,paid_search,21609,1453,107.75,0.067241,0.0742
2024-08-15,NY,Search | Brand,paid_search,19800,2018,128.49,0.101919,0.0637
2024-08-16,NY,Search | Brand,paid_search,21327,1949,150.68,0.091387,0.0773
2024-08-17,NY,Search | Brand,paid_search,20607,1724,109.04,0.083661,0.0632
2024-08-18,NY,Search | Brand,paid_search,18746,2042,137.63,0.10893,0.0674
2024-08-12,NY,Search | Nonbrand,paid_search,18594,1048,201.11,0.056362,0.1919
2024-08-13,NY,Search | Nonbrand,paid_search,22714,764,199.12,0.033636,0.2606
2024-08-14,NY,Search | Nonbrand,paid_search,19888,731,140.31,0.036756,0.1919
2024-08-15,NY,Search | Nonbrand,paid_search,22786,1084,200.5,0.047573,0.185
2024-08-16,NY,Search | Nonbrand,paid_search,21623,1059,191.3,0.048976,0.1806
2024-08-17,NY,Search | Nonbrand,paid_search,21609,826,148.26,0.038225,0.1795
2024-08-18,NY,Search | Nonbrand,paid_search,16638,1092,156.53,0.065633,0.1433
2024-08-12,NY,Shopping | Instruments,shopping,25553,735,139.66,0.028764,0.19
2024-08-13,NY,Shopping | Instruments,shopping,23085,768,147.08,0.033268,0.1915
2024-08-14,NY,Shopping | Instruments,shopping,21576,620,189.59,0.028736,0.3058
2024-08-15,NY,Shopping | Instruments,shopping,25091,720,130.82,0.028696,0.1817
2024-08-16,NY,Shopping | Instruments,shopping,24197,536,186.61,0.022152,0.3482
2024-08-17,NY,Shopping | Instruments,shopping,17414,661,195.35,0.037958,0.2955
2024-08-18,NY,Shopping | Instruments,shopping,19245,606,135.25,0.031489,0.2232
2024-08-19,CA,Search | Brand,paid_search,27339,2153,189.39,0.078752,0.088
2024-08-20,CA,Search | Brand,paid_search,27865,2419,132.78,0.086811,0.0549
2024-08-21,CA,Search | Brand,paid_search,24700,3028,165.2,0.122591,0.0546
2024-08-22,CA,Search | Brand,paid_search,33084,2735,199.4,0.082668,0.0729
2024-08-23,CA,Search | Brand,paid_search,27249,1991,140.87,0.073067,0.0708
2024-08-24,CA,Search | Brand,paid_search,32787,2391,188.33,0.072925,0.0788
2024-08-25,CA,Search | Brand,paid_search,26976,2443,144.04,0.090562,0.059
2024-08-19,CA,Search | Nonbrand,paid_search,32378,1140,247.88,0.035209,0.2174
2024-08-20,CA,Search | Nonbrand,paid_search,29443,1349,239.95,0.045817,0.1779
2024-08-21,CA,Search | Nonbrand,paid_search,25493,1011,309.08,0.039658,0.3057
2024-08-22,CA,Search | Nonbrand,paid_search,22701,1196,217.96,0.052685,0.1822
2024-08-23,CA,Search | Nonbrand,paid_search,32131,1408,211.41,0.043821,0.1501
2024-08-24,CA,Search | Nonbrand,paid_search,24801,1209,222.89,0.048748,0.1844
2024-08-25,CA,Search | Nonbrand,paid_search,28507,1354,231.74,0.047497,0.1712
2024-08-19,CA,Shopping | Instruments,shopping,28564,868,262.19,0.030388,0.3021
2024-08-20,CA,Shopping | Instruments,shopping,35788,1251,219.21,0.034956,0.1752
2024-08-21,CA,Shopping | Instruments,shopping,40128,1054,270.94,0.026266,0.2571
2024-08-22,CA,Shopping | Instruments,shopping,27132,1155,202.89,0.04257,0.1757
2024-08-23,CA,Shopping | Instruments,shopping,29932,1165,223.28,0.038922,0.1917
2024-08-24,CA,Shopping | Instruments,shopping,33197,1049,211.38,0.031599,0.2015
2024-08-25,CA,Shopping | Instruments,shopping,29658,1212,225.78,0.040866,0.1863
2024-08-19,TX,Search | Brand,paid_search,19761,2057,122.69,0.104094,0.0596
2024-08-20,TX,Search | Brand,paid_search,18716,2205,133.39,0.117814,0.0605
2024-08-21,TX,Search | Brand,paid_search,21884,1440,87.0,0.065801,0.0604
2024-08-22,TX,Search | Brand,paid_search,18217,1963,115.82,0.107756,0.059
2024-08-23,TX,Search | Brand,paid_search,22148,1577,127.03,0.071203,0.0806
2024-08-24,TX,Search | Brand,paid_search,23539,1875,121.24,0.079655,0.0647
2024-08-25,TX,Search | Brand,paid_search,19462,1743,126.45,0.089559,0.0725
2024-08-19,TX,Search | Nonbrand,paid_search,23782,1010,159.21,0.042469,0.1576
2024-08-20,TX,Search | Nonbrand,paid_search,21031,762,165.96,0.036232,0.2178
2024-08-21,TX,Search | Nonbrand,paid_search,23840,981,181.15,0.041149,0.1847
2024-08-22,TX,Search | Nonbrand,paid_search,25499,1030,184.49,0.040394,0.1791
2024-08-23,TX,Search | Nonbrand,paid_search,19151,981,235.85,0.051224,0.2404
2024-08-24,TX,Search | Nonbrand,paid_search,21348,987,189.52,0.046234,0.192
2024-08-25,TX,Search | Nonbrand,paid_search,19466,797,209.22,0.040943,0.2625
2024-08-19,TX,Shopping | Instruments,shopping,22492,856,198.5,0.038058,0.2319
2024-08-20,TX,Shopping | Instruments,shopping,28049,941,191.4,0.033548,0.2034
2024-08-21,TX,Shopping | Instruments,shopping,23649,868,188.81,0.036703,0.2175
2024-08-22,TX,Shopping | Instruments,shopping,26547,794,178.18,0.029909,0.2244
2024-08-23,TX,Shopping | Instruments,shopping,27709,648,161.61,0.023386,0.2494
2024-08-24,TX,Shopping | Instruments,shopping,27204,970,219.74,0.035657,0.2265
2024-08-25,TX,Shopping | Instruments,shopping,28399,738,186.91,0.025987,0.2533
2024-08-19,FL,Search | Brand,paid_search,16456,1763,104.72,0.107134,0.0594
2024-08-20,FL,Search | Brand,paid_search,22113,2014,142.15,0.091078,0.0706
2024-08-21,FL,Search | Brand,paid_search,19841,1393,123.19,0.070208,0.0884
2024-08-22,FL,Search | Brand,paid_search,22815,1987,136.13,0.087092,0.0685
2024-08-23,FL,Search | Brand,paid_search,20865,1771,110.71,0.084879,0.0625
2024-08-24,FL,Search | Brand,paid_search,21418,1468,106.73,0.06854,0.0727
2024-08-25,FL,Search | Brand,paid_search,21310,1975,116.32,0.092679,0.0589
2024-08-19,FL,Search | Nonbrand,paid_search,24240,1003,226.01,0.041378,0.2253
2024-08-20,FL,Search | Nonbrand,paid_search,24972,847,157.28,0.033918,0.1857
2024-08-21,FL,Search | Nonbrand,paid_search,21545,976,213.65,0.045301,0.2189
2024-08-22,FL,Search | Nonbrand,paid_search,21064,968,158.94,0.045955,0.1642
2024-08-23,FL,Search | Nonbrand,paid_search,22552,864,211.25,0.038311,0.2445
2024-08-24,FL,Search | Nonbrand,paid_search,18927,907,212.75,0.047921,0.2346
2024-08-25,FL,Search | Nonbrand,paid_search,25079,868,182.18,0.034611,0.2099
2024-08-19,FL,Shopping | Instruments,shopping,25526,767,160.85,0.030048,0.2097
2024-08-20,FL,Shopping | Instruments,shopping,24490,757,149.02,0.030911,0.1969
2024-08-21,FL,Shopping | Instruments,shopping,21027,642,134.58,0.030532,0.2096
2024-08-22,FL,Shopping | Instruments,shopping,19474,581,186.57,0.029835,0.3211
2024-08-23,FL,Shopping | Instruments,shopping,20026,580,177.39,0.028962,0.3058
2024-08-24,FL,Shopping | Instruments,shopping,25788,667,134.26,0.025865,0.2013
2024-08-25,FL,Shopping | Instruments,shopping,18579,770,172.68,0.041445,0.2243
2024-08-19,NY,Search | Brand,paid_search,18967,1643,94.36,0.086624,0.0574
2024-08-20,NY,Search | Brand,paid_search,15855,1427,103.66,0.090003,0.0726
2024-08-21,NY,Search | Brand,paid_search,20194,1416,91.49,0.07012,0.0646
2024-08-22,NY,Search | Brand,paid_search,17940,1259,110.56,0.070178,0.0878
2024-08-23,NY,Search | Brand,paid_search,17530,1538,90.28,0.087735,0.0587
2024-08-24,NY,Search | Brand,paid_search,13783,1593,113.72,0.115577,0.0714
2024-08-25,NY,Search | Brand,paid_search,19603,1377,114.38,0.070244,0.0831
2024-08-19,NY,Search | Nonbrand,paid_search,19010,835,159.37,0.043924,0.1909
2024-08-20,NY,Search | Nonbrand,paid_search,20069,1142,162.34,0.056904,0.1422
2024-08-21,NY,Search | Nonbrand,paid_search,18228,886,186.43,0.048607,0.2104
2024-08-22,NY,Search | Nonbrand,paid_search,20376,903,174.74,0.044317,0.1935
2024-08-23,NY,Search | Nonbrand,paid_search,19212,800,192.4,0.041641,0.2405
2024-08-24,NY,Search | Nonbrand,paid_search,20572,740,135.0,0.035971,0.1824
2024-08-25,NY,Search | Nonbrand,paid_search,20842,786,179.18,0.037712,0.228
2024-08-19,NY,Shopping | Instruments,shopping,26636,636,170.0,0.023877,0.2673
2024-08-20,NY,Shopping | Instruments,shopping,26339,932,152.94,0.035385,0.1641
2024-08-21,NY,Shopping | Instruments,shopping,22853,677,184.37,0.029624,0.2723
2024-08-22,NY,Shopping | Instruments,shopping,17605,639,131.65,0.036297,0.206
2024-08-23,NY,Shopping | Instruments,shopping,24936,691,192.64,0.027711,0.2788
2024-08-24,NY,Shopping | Instruments,shopping,24975,623,188.3,0.024945,0.3022
2024-08-25,NY,Shopping | Instruments,shopping,19352,747,151.5,0.038601,0.2028
2024-08-26,CA,Search | Brand,paid_search,28996,2869,193.81,0.098945,0.0676
2024-08-27,CA,Search | Brand,paid_search,26344,2628,134.25,0.099757,0.0511
2024-08-28,CA,Search | Brand,paid_search,31399,2756,171.28,0.087773,0.0621
2024-08-29,CA,Search | Brand,paid_search,31696,2609,186.55,0.082313,0.0715
2024-08-30,CA,Search | Brand,paid_search,29536,2796,179.04,0.094664,0.064
2024-08-31,CA,Search | Brand,paid_search,32014,2991,143.32,0.093428,0.0479
2024-09-01,CA,Search | Brand,paid_search,28566,2382,201.35,0.083386,0.0845
2024-08-26,CA,Search | Nonbrand,paid_search,22317,1223,238.55,0.054801,0.1951
2024-08-27,CA,Search | Nonbrand,paid_search,28919,1240,227.0,0.042878,0.1831
2024-08-28,CA,Search | Nonbrand,paid_search,24652,1065,249.87,0.043201,0.2346
2024-08-29,CA,Search | Nonbrand,paid_search,25984,1097,212.69,0.042218,0.1939
2024-08-30,CA,Search | Nonbrand,paid_search,28925,1253,197.03,0.043319,0.1572
2024-08-31,CA,Search | Nonbrand,paid_search,21444,1115,231.56,0.051996,0.2077
2024-09-01,CA,Search | Nonbrand,paid_search,30532,1282,215.14,0.041989,0.1678
2024-08-26,CA,Shopping | Instruments,shopping,25674,1050,221.47,0.040897,0.2109
2024-08-27,CA,Shopping | Instruments,shopping,35631,1013,262.97,0.02843,0.2596
2024-08-28,CA,Shopping | Instruments,shopping,32562,1017,248.16,0.031233,0.244
2024-08-29,CA,Shopping | Instruments,shopping,27837,1000,220.63,0.035923,0.2206
2024-08-30,CA,Shopping | Instruments,shopping,26069,956,196.62,0.036672,0.2057
2024-08-31,CA,Shopping | Instruments,shopping,27074,901,201.98,0.033279,0.2242
2024-09-01,CA,Shopping | Instruments,shopping,37770,1069,179.02,0.028303,0.1675
2024-08-26,TX,Search | Brand,paid_search,17292,2159,128.61,0.124855,0.0596
2024-08-27,TX,Search | Brand,paid_search,25316,2079,139.5,0.082122,0.0671
2024-08-28,TX,Search | Brand,paid_search,22902,1917,159.33,0.083704,0.0831
2024-08-29,TX,Search | Brand,paid_search,19664,1985,112.89,0.100946,0.0569
2024-08-30,TX,Search | Brand,paid_search,21222,1953,126.84,0.092027,0.0649
2024-08-31,TX,Search | Brand,paid_search,26269,1726,132.3,0.065705,0.0767
2024-09-01,TX,Search | Brand,paid_search,23948,2244,108.89,0.093703,0.0485
2024-08-26,TX,Search | Nonbrand,paid_search,29594,1160,207.01,0.039197,0.1785
2024-08-27,TX,Search | Nonbrand,paid_search,24790,1123,182.43,0.045301,0.1624
2024-08-28,TX,Search | Nonbrand,paid_search,26982,1296,221.87,0.048032,0.1712
2024-08-29,TX,Search | Nonbrand,paid_search,25891,1251,219.87,0.048318,0.1758
2024-08-30,TX,Search | Nonbrand,paid_search,23660,998,245.78,0.042181,0.2463
2024-08-31,TX,Search | Nonbrand,paid_search,24292,1103,243.85,0.045406,0.2211
2024-09-01,TX,Search | Nonbrand,paid_search,23500,1267,216.07,0.053915,0.1705
2024-08-26,TX,Shopping | Instruments,shopping,18524,704,143.47,0.038005,0.2038
2024-08-27,TX,Shopping | Instruments,shopping,23483,818,174.65,0.034834,0.2135
2024-08-28,TX,Shopping | Instruments,shopping,26038,762,203.2,0.029265,0.2667
2024-08-29,TX,Shopping | Instruments,shopping,25465,833,194.88,0.032712,0.2339
2024-08-30,TX,Shopping | Instruments,shopping,26239,808,173.9,0.030794,0.2152
2024-08-31,TX,Shopping | Instruments,shopping,26096,809,177.97,0.031001,0.22
2024-09-01,TX,Shopping | Instruments,shopping,27927,712,183.09,0.025495,0.2572
2024-08-26,FL,Search | Brand,paid_search,22545,2096,131.01,0.09297,0.0625
2024-08-27,FL,Search | Brand,paid_search,18457,1890,117.4,0.1024,0.0621
2024-08-28,FL,Search | Brand,paid_search,20904,2038,125.89,0.097493,0.0618
2024-08-29,FL,Search | Brand,paid_search,15876,1822,128.12,0.114764,0.0703
2024-08-30,FL,Search | Brand,paid_search,23103,1865,96.92,0.080725,0.052
2024-08-31,FL,Search | Brand,paid_search,19516,1641,131.47,0.084085,0.0801
2024-09-01,FL,Search | Brand,paid_search,23202,1657,102.09,0.071416,0.0616
2024-08-26,FL,Search | Nonbrand,paid_search,24259,924,186.48,0.038089,0.2018
2024-08-27,FL,Search | Nonbrand,paid_search,22915,1185,225.99,0.051713,0.1907
2024-08-28,FL,Search | Nonbrand,paid_search,23606,963,218.22,0.040795,0.2266
2024-08-29,FL,Search | Nonbrand,paid_search,28122,1093,200.91,0.038866,0.1838
2024-08-30,FL,Search | Nonbrand,paid_search,20442,980,171.56,0.047941,0.1751
2024-08-31,FL,Search | Nonbrand,paid_search,18942,1020,162.0,0.053849,0.1588
2024-09-01,FL,Search | Nonbrand,paid_search,24952,965,238.69,0.038674,0.2473
2024-08-26,FL,Shopping | Instruments,shopping,15179,487,130.15,0.032084,0.2672
2024-08-27,FL,Shopping | Instruments,shopping,21878,579,105.89,0.026465,0.1829
2024-08-28,FL,Shopping | Instruments,shopping,18851,497,123.75,0.026365,0.249
2024-08-29,FL,Shopping | Instruments,shopping,16081,623,142.86,0.038741,0.2293
2024-08-30,FL,Shopping | Instruments,shopping,17457,604,144.11,0.034599,0.2386
2024-08-31,FL,Shopping | Instruments,shopping,19946,548,136.26,0.027474,0.2486
2024-09-01,FL,Shopping | Instruments,shopping,21414,651,158.78,0.030401,0.2439
2024-08-26,NY,Search | Brand,paid_search,18224,1603,106.58,0.087961,0.0665
2024-08-27,NY,Search | Brand,paid_search,23199,1809,112.53,0.077977,0.0622
2024-08-28,NY,Search | Brand,paid_search,23733,2110,131.51,0.088906,0.0623
2024-08-29,NY,Search | Brand,paid_search,22805,1730,124.92,0.075861,0.0722
2024-08-30,NY,Search | Brand,paid_search,18056,1693,132.31,0.093764,0.0782
2024-08-31,NY,Search | Brand,paid_search,22993,1687,127.78,0.07337,0.0757
2024-09-01,NY,Search | Brand,paid_search,20113,1977,129.28,0.098295,0.0654
2024-08-26,NY,Search | Nonbrand,paid_search,22435,706,205.77,0.031469,0.2915
2024-08-27,NY,Search | Nonbrand,paid_search,19551,1016,145.89,0.051967,0.1436
2024-08-28,NY,Search | Nonbrand,paid_search,18491,1038,155.82,0.056135,0.1501
2024-08-29,NY,Search | Nonbrand,paid_search,19512,733,165.12,0.037567,0.2253
2024-08-30,NY,Search | Nonbrand,paid_search,20584,805,180.5,0.039108,0.2242
2024-08-31,NY,Search | Nonbrand,paid_search,21704,741,175.67,0.034141,0.2371
2024-09-01,NY,Search | Nonbrand,paid_search,21406,829,206.91,0.038727,0.2496
2024-08-26,NY,Shopping | Instruments,shopping,18377,475,138.83,0.025848,0.2923
2024-08-27,NY,Shopping | Instruments,shopping,20620,594,133.67,0.028807,0.225
2024-08-28,NY,Shopping | Instruments,shopping,17470,544,124.27,0.031139,0.2284
2024-08-29,NY,Shopping | Instruments,shopping,16923,681,109.12,0.040241,0.1602
2024-08-30,NY,Shopping | Instruments,shopping,18884,635,147.76,0.033626,0.2327
2024-08-31,NY,Shopping | Instruments,shopping,20852,549,159.72,0.026328,0.2909
2024-09-01,NY,Shopping | Instruments,shopping,18311,523,132.96,0.028562,0.2542
2024-09-02,CA,Search | Brand,paid_search,28500,1767,126.67,0.062,0.0717
2024-09-03,CA,Search | Brand,paid_search,19518,2426,123.16,0.124296,0.0508
2024-09-04,CA,Search | Brand,paid_search,18993,1905,154.87,0.1003,0.0813
2024-09-05,CA,Search | Brand,paid_search,21389,2337,125.21,0.109262,0.0536
2024-09-06,CA,Search | Brand,paid_search,25147,1630,130.22,0.064819,0.0799
2024-09-07,CA,Search | Brand,paid_search,24313,2224,127.63,0.091474,0.0574
2024-09-08,CA,Search | Brand,paid_search,23697,2449,149.28,0.103346,0.061
2024-09-02,CA,Search | Nonbrand,paid_search,35854,910,234.09,0.025381,0.2572
2024-09-03,CA,Search | Nonbrand,paid_search,23287,1257,216.67,0.053979,0.1724
2024-09-04,CA,Search | Nonbrand,paid_search,30233,1327,203.12,0.043892,0.1531
2024-09-05,CA,Search | Nonbrand,paid_search,30879,1004,248.26,0.032514,0.2473
2024-09-06,CA,Search | Nonbrand,paid_search,23595,1166,292.98,0.049417,0.2513
2024-09-07,CA,Search | Nonbrand,paid_search,29203,985,239.09,0.033729,0.2427
2024-09-08,CA,Search | Nonbrand,paid_search,23903,1238,259.58,0.051793,0.2097
2024-09-02,CA,Shopping | Instruments,shopping,25762,1023,191.05,0.03971,0.1868
2024-09-03,CA,Shopping | Instruments,shopping,25549,952,171.14,0.037262,0.1798
2024-09-04,CA,Shopping | Instruments,shopping,25945,859,216.18,0.033108,0.2517
2024-09-05,CA,Shopping | Instruments,shopping,25745,815,203.41,0.031657,0.2496
2024-09-06,CA,Shopping | Instruments,shopping,28727,969,177.63,0.033731,0.1833
2024-09-07,CA,Shopping | Instruments,shopping,29911,1074,217.77,0.035907,0.2028
2024-09-08,CA,Shopping | Instruments,shopping,26736,760,179.12,0.028426,0.2357
2024-09-02,TX,Search | Brand,paid_search,22725,1606,140.72,0.070671,0.0876
2024-09-03,TX,Search | Brand,paid_search,21904,1646,104.41,0.075146,0.0634
2024-09-04,TX,Search | Brand,paid_search,17225,1700,99.28,0.098694,0.0584
2024-09-05,TX,Search | Brand,paid_search,19157,1540,126.67,0.080388,0.0823
2024-09-06,TX,Search | Brand,paid_search,17926,1548,105.91,0.086355,0.0684
2024-09-07,TX,Search | Brand,paid_search,23354,1580,121.96,0.067654,0.0772
2024-09-08,TX,Search | Brand,paid_search,15584,1251,100.73,0.080275,0.0805
2024-09-02,TX,Search | Nonbrand,paid_search,26114,1124,184.39,0.043042,0.164
2024-09-03,TX,Search | Nonbrand,paid_search,23450,1080,237.93,0.046055,0.2203
2024-09-04,TX,Search | Nonbrand,paid_search,27069,997,246.19,0.036832,0.2469
2024-09-05,TX,Search | Nonbrand,paid_search,30205,1124,224.19,0.037212,0.1995
2024-09-06,TX,Search | Nonbrand,paid_search,23743,1055,184.02,0.044434,0.1744
2024-09-07,TX,Search | Nonbrand,paid_search,25026,917,247.95,0.036642,0.2704
2024-09-08,TX,Search | Nonbrand,paid_search,23516,920,215.8,0.039122,0.2346
2024-09-02,TX,Shopping | Instruments,shopping,18908,636,158.06,0.033637,0.2485
2024-09-03,TX,Shopping | Instruments,shopping,20968,708,127.41,0.033766,0.18
2024-09-04,TX,Shopping | Instruments,shopping,22113,678,164.91,0.030661,0.2432
2024-09-05,TX,Shopping | Instruments,shopping,18602,769,166.1,0.04134,0.216
2024-09-06,TX,Shopping | Instruments,shopping,21330,704,171.6,0.033005,0.2438
2024-09-07,TX,Shopping | Instruments,shopping,26467,782,140.35,0.029546,0.1795
2024-09-08,TX,Shopping | Instruments,shopping,26365,786,185.8,0.029812,0.2364
2024-09-02,FL,Search | Brand,paid_search,18418,1671,84.26,0.090726,0.0504
2024-09-03,FL,Search | Brand,paid_search,15672,1731,111.72,0.110452,0.0645
2024-09-04,FL,Search | Brand,paid_search,18257,1202,85.8,0.065838,0.0714
2024-09-05,FL,Search | Brand,paid_search,13760,1642,113.54,0.119331,0.0691
2024-09-06,FL,Search | Brand,paid_search,17510,1592,97.46,0.090919,0.0612
2024-09-07,FL,Search | Brand,paid_search,17971,1256,81.77,0.06989,0.0651
2024-09-08,FL,Search | Brand,paid_search,15089,1216,102.17,0.080589,0.084
2024-09-02,FL,Search | Nonbrand,paid_search,22594,792,203.46,0.035054,0.2569
2024-09-03,FL,Search | Nonbrand,paid_search,16477,894,189.51,0.054257,0.212
2024-09-04,FL,Search | Nonbrand,paid_search,25287,1121,203.43,0.044331,0.1815
2024-09-05,FL,Search | Nonbrand,paid_search,16672,863,145.89,0.051763,0.169
2024-09-06,FL,Search | Nonbrand,paid_search,19079,1162,189.46,0.060905,0.163
2024-09-07,FL,Search | Nonbrand,paid_search,22660,844,148.92,0.037246,0.1764
2024-09-08,FL,Search | Nonbrand,paid_search,25501,815,194.46,0.03196,0.2386
2024-09-02,FL,Shopping | Instruments,shopping,22305,816,142.0,0.036584,0.174
2024-09-03,FL,Shopping | Instruments,shopping,15522,817,163.99,0.052635,0.2007
2024-09-04,FL,Shopping | Instruments,shopping,21135,550,144.46,0.026023,0.2627
2024-09-05,FL,Shopping | Instruments,shopping,21669,642,165.09,0.029628,0.2571
2024-09-06,FL,Shopping | Instruments,shopping,21816,552,117.08,0.025303,0.2121
2024-09-07,FL,Shopping | Instruments,shopping,17900,766,137.42,0.042793,0.1794
2024-09-08,FL,Shopping | Instruments,shopping,22663,608,159.63,0.026828,0.2625
2024-09-02,NY,Search | Brand,paid_search,19699,1934,150.35,0.098178,0.0777
2024-09-03,NY,Search | Brand,paid_search,23139,2178,104.93,0.094127,0.0482
2024-09-04,NY,Search | Brand,paid_search,23883,2110,151.76,0.088347,0.0719
2024-09-05,NY,Search | Brand,paid_search,22984,2267,100.85,0.098634,0.0445
2024-09-06,NY,Search | Brand,paid_search,20650,2182,135.83,0.105666,0.0623
2024-09-07,NY,Search | Brand,paid_search,20028,1713,121.79,0.08553,0.0711
2024-09-08,NY,Search | Brand,paid_search,22313,1577,120.12,0.070676,0.0762
2024-09-02,NY,Search | Nonbrand,paid_search,18748,807,153.35,0.043045,0.19
2024-09-03,NY,Search | Nonbrand,paid_search,23793,720,205.75,0.030261,0.2858
2024-09-04,NY,Search | Nonbrand,paid_search,17659,912,181.34,0.051645,0.1988
2024-09-05,NY,Search | Nonbrand,paid_search,21471,1049,203.1,0.048857,0.1936
2024-09-06,NY,Search | Nonbrand,paid_search,21953,744,201.46,0.033891,0.2708
2024-09-07,NY,Search | Nonbrand,paid_search,20917,853,150.18,0.04078,0.1761
2024-09-08,NY,Search | Nonbrand,paid_search,23132,761,174.8,0.032898,0.2297
2024-09-02,NY,Shopping | Instruments,shopping,21877,719,132.67,0.032866,0.1845
2024-09-03,NY,Shopping | Instruments,shopping,18262,568,161.57,0.031103,0.2845
2024-09-04,NY,Shopping | Instruments,shopping,22262,534,136.58,0.023987,0.2558
2024-09-05,NY,Shopping | Instruments,shopping,22685,746,151.86,0.032885,0.2036
2024-09-06,NY,Shopping | Instruments,shopping,19350,688,118.69,0.035556,0.1725
2024-09-07,NY,Shopping | Instruments,shopping,18412,570,157.64,0.030958,0.2766
2024-09-08,NY,Shopping | Instruments,shopping,16328,790,143.04,0.048383,0.1811
2024-09-09,CA,Search | Brand,paid_search,26472,2139,130.71,0.080802,0.0611
2024-09-10,CA,Search | Brand,paid_search,28766,2011,193.36,0.069909,0.0962
2024-09-11,CA,Search | Brand,paid_search,25731,2672,163.1,0.103844,0.061
2024-09-12,CA,Search | Brand,paid_search,23286,2871,165.79,0.123293,0.0577
2024-09-13,CA,Search | Brand,paid_search,33504,2104,155.39,0.062798,0.0739
2024-09-14,CA,Search | Brand,paid_search,29626,2998,191.74,0.101195,0.064
2024-09-15,CA,Search | Brand,paid_search,32423,2359,158.79,0.072757,0.0673
2024-09-09,CA,Search | Nonbrand,paid_search,28348,1401,248.38,0.049421,0.1773
2024-09-10,CA,Search | Nonbrand,paid_search,28855,915,246.45,0.03171,0.2693
2024-09-11,CA,Search | Nonbrand,paid_search,26313,914,223.45,0.034736,0.2445
2024-09-12,CA,Search | Nonbrand,paid_search,25679,939,240.65,0.036567,0.2563
2024-09-13,CA,Search | Nonbrand,paid_search,27718,1162,240.97,0.041922,0.2074
2024-09-14,CA,Search | Nonbrand,paid_search,28934,1173,203.87,0.040541,0.1738
2024-09-15,CA,Search | Nonbrand,paid_search,21068,1316,203.71,0.062464,0.1548
2024-09-09,CA,Shopping | Instruments,shopping,32015,732,220.2,0.022864,0.3008
2024-09-10,CA,Shopping | Instruments,shopping,29682,767,160.33,0.025841,0.209
2024-09-11,CA,Shopping | Instruments,shopping,23518,657,238.01,0.027936,0.3623
2024-09-12,CA,Shopping | Instruments,shopping,24023,900,159.7,0.037464,0.1774
2024-09-13,CA,Shopping | Instruments,shopping,28020,777,169.79,0.02773,0.2185
2024-09-14,CA,Shopping | Instruments,shopping,20919,806,161.7,0.03853,0.2006
2024-09-15,CA,Shopping | Instruments,shopping,21170,954,181.57,0.045064,0.1903
2024-09-09,TX,Search | Brand,paid_search,18060,1680,102.42,0.093023,0.061
2024-09-10,TX,Search | Brand,paid_search,25094,2054,111.3,0.081852,0.0542
2024-09-11,TX,Search | Brand,paid_search,26146,1509,141.7,0.057714,0.0939
2024-09-12,TX,Search | Brand,paid_search,17079,1978,116.63,0.115815,0.059
2024-09-13,TX,Search | Brand,paid_search,17991,1690,113.33,0.093936,0.0671
2024-09-14,TX,Search | Brand,paid_search,22037,1555,133.71,0.070563,0.086
2024-09-15,TX,Search | Brand,paid_search,22910,1499,146.94,0.06543,0.098
2024-09-09,TX,Search | Nonbrand,paid_search,23185,1021,265.4,0.044037,0.2599
2024-09-10,TX,Search | Nonbrand,paid_search,28799,1196,257.96,0.041529,0.2157
2024-09-11,TX,Search | Nonbrand,paid_search,24990,1234,211.21,0.04938,0.1712
2024-09-12,TX,Search | Nonbrand,paid_search,28883,1109,199.07,0.038396,0.1795
2024-09-13,TX,Search | Nonbrand,paid_search,27857,1305,182.08,0.046846,0.1395
2024-09-14,TX,Search | Nonbrand,paid_search,22188,985,229.88,0.044393,0.2334
2024-09-15,TX,Search | Nonbrand,paid_search,27861,1256,234.77,0.045081,0.1869
2024-09-09,TX,Shopping | Instruments,shopping,21821,762,204.66,0.03492,0.2686
2024-09-10,TX,Shopping | Instruments,shopping,28701,714,212.28,0.024877,0.2973
2024-09-11,TX,Shopping | Instruments,shopping,25761,731,189.8,0.028376,0.2596
2024-09-12,TX,Shopping | Instruments,shopping,28196,814,149.19,0.028869,0.1833
2024-09-13,TX,Shopping | Instruments,shopping,21894,985,158.11,0.044989,0.1605
2024-09-14,TX,Shopping | Instruments,shopping,28256,900,182.39,0.031852,0.2027
2024-09-15,TX,Shopping | Instruments,shopping,26745,705,209.47,0.02636,0.2971
2024-09-09,FL,Search | Brand,paid_search,15692,1472,92.96,0.093806,0.0632
2024-09-10,FL,Search | Brand,paid_search,19830,1809,112.15,0.091225,0.062
2024-09-11,FL,Search | Brand,paid_search,15924,1595,98.4,0.100163,0.0617
2024-09-12,FL,Search | Brand,paid_search,16748,1349,105.5,0.080547,0.0782
2024-09-13,FL,Search | Brand,paid_search,17986,1482,114.61,0.082397,0.0773
2024-09-14,FL,Search | Brand,paid_search,19476,1291,105.11,0.066287,0.0814
2024-09-15,FL,Search | Brand,paid_search,17189,1569,83.78,0.091279,0.0534
2024-09-09,FL,Search | Nonbrand,paid_search,18182,1001,150.71,0.055054,0.1506
2024-09-10,FL,Search | Nonbrand,paid_search,19028,1046,225.03,0.054972,0.2151
2024-09-11,FL,Search | Nonbrand,paid_search,21928,914,222.85,0.041682,0.2438
2024-09-12,FL,Search | Nonbrand,paid_search,21450,860,151.89,0.040093,0.1766
2024-09-13,FL,Search | Nonbrand,paid_search,19114,1072,148.68,0.056085,0.1387
2024-09-14,FL,Search | Nonbrand,paid_search,21608,872,166.22,0.040355,0.1906
2024-09-15,FL,Search | Nonbrand,paid_search,21944,840,166.59,0.038279,0.1983
2024-09-09,FL,Shopping | Instruments,shopping,16540,519,156.6,0.031378,0.3017
2024-09-10,FL,Shopping | Instruments,shopping,20244,689,102.41,0.034035,0.1486
2024-09-11,FL,Shopping | Instruments,shopping,21453,575,150.09,0.026803,0.261
2024-09-12,FL,Shopping | Instruments,shopping,17765,608,130.53,0.034225,0.2147
2024-09-13,FL,Shopping | Instruments,shopping,17988,503,153.42,0.027963,0.305
2024-09-14,FL,Shopping | Instruments,shopping,14884,623,130.13,0.041857,0.2089
2024-09-15,FL,Shopping | Instruments,shopping,21728,632,117.17,0.029087,0.1854
2024-09-09,NY,Search | Brand,paid_search,17419,1444,106.94,0.082898,0.0741
2024-09-10,NY,Search | Brand,paid_search,19274,1433,91.24,0.074349,0.0637
2024-09-11,NY,Search | Brand,paid_search,14928,1740,98.29,0.116559,0.0565
2024-09-12,NY,Search | Brand,paid_search,18000,1306,98.96,0.072556,0.0758
2024-09-13,NY,Search | Brand,paid_search,19500,1497,116.0,0.076769,0.0775
2024-09-14,NY,Search | Brand,paid_search,20492,1607,101.75,0.078421,0.0633
2024-09-15,NY,Search | Brand,paid_search,15390,1803,111.85,0.117154,0.062
2024-09-09,NY,Search | Nonbrand,paid_search,17718,866,168.15,0.048877,0.1942
2024-09-10,NY,Search | Nonbrand,paid_search,19679,816,178.87,0.041466,0.2192
2024-09-11,NY,Search | Nonbrand,paid_search,20232,705,156.41,0.034846,0.2219
2024-09-12,NY,Search | Nonbrand,paid_search,19938,848,187.99,0.042532,0.2217
2024-09-13,NY,Search | Nonbrand,paid_search,19424,868,141.85,0.044687,0.1634
2024-09-14,NY,Search | Nonbrand,paid_search,19298,905,166.6,0.046896,0.1841
2024-09-15,NY,Search | Nonbrand,paid_search,16662,916,143.51,0.054975,0.1567
2024-09-09,NY,Shopping | Instruments,shopping,25480,746,194.89,0.029278,0.2612
2024-09-10,NY,Shopping | Instruments,shopping,24587,654,181.97,0.026599,0.2782
2024-09-11,NY,Shopping | Instruments,shopping,23763,662,176.32,0.027858,0.2663
2024-09-12,NY,Shopping | Instruments,shopping,24402,813,138.87,0.033317,0.1708
2024-09-13,NY,Shopping | Instruments,shopping,19853,652,126.64,0.032841,0.1942
2024-09-14,NY,Shopping | Instruments,shopping,19201,803,155.95,0.041821,0.1942
2024-09-15,NY,Shopping | Instruments,shopping,20741,768,163.16,0.037028,0.2124
2024-09-16,CA,Search | Brand,paid_search,32426,2442,188.84,0.07531,0.0773
2024-09-17,CA,Search | Brand,paid_search,21671,2151,124.77,0.099257,0.058
2024-09-18,CA,Search | Brand,paid_search,23162,1828,147.97,0.078922,0.0809
2024-09-19,CA,Search | Brand,paid_search,21489,2283,160.39,0.10624,0.0703
2024-09-20,CA,Search | Brand,paid_search,27812,2381,153.65,0.085611,0.0645
2024-09-21,CA,Search | Brand,paid_search,21829,1725,123.21,0.079023,0.0714
2024-09-22,CA,Search | Brand,paid_search,27901,2188,123.66,0.07842,0.0565
2024-09-16,CA,Search | Nonbrand,paid_search,26024,1049,238.63,0.040309,0.2275
2024-09-17,CA,Search | Nonbrand,paid_search,35719,1246,260.21,0.034883,0.2088
2024-09-18,CA,Search | Nonbrand,paid_search,30446,1447,237.81,0.047527,0.1643
2024-09-19,CA,Search | Nonbrand,paid_search,30897,1011,256.34,0.032722,0.2536
2024-09-20,CA,Search | Nonbrand,paid_search,31543,1023,253.78,0.032432,0.2481
2024-09-21,CA,Search | Nonbrand,paid_search,23967,1245,291.39,0.051946,0.234
2024-09-22,CA,Search | Nonbrand,paid_search,24514,1111,208.57,0.045321,0.1877
2024-09-16,CA,Shopping | Instruments,shopping,30716,711,186.23,0.023148,0.2619
2024-09-17,CA,Shopping | Instruments,shopping,22100,870,191.88,0.039367,0.2206
2024-09-18,CA,Shopping | Instruments,shopping,27538,837,181.7,0.030394,0.2171
2024-09-19,CA,Shopping | Instruments,shopping,20811,826,170.39,0.039691,0.2063
2024-09-20,CA,Shopping | Instruments,shopping,24427,676,210.89,0.027674,0.312
2024-09-21,CA,Shopping | Instruments,shopping,31878,936,200.56,0.029362,0.2143
2024-09-22,CA,Shopping | Instruments,shopping,31370,985,217.99,0.031399,0.2213
2024-09-16,TX,Search | Brand,paid_search,18444,1755,92.78,0.095153,0.0529
2024-09-17,TX,Search | Brand,paid_search,18643,1781,137.09,0.095532,0.077
2024-09-18,TX,Search | Brand,paid_search,20021,1839,105.65,0.091854,0.0575
2024-09-19,TX,Search | Brand,paid_search,17599,1635,136.6,0.092903,0.0835
2024-09-20,TX,Search | Brand,paid_search,18639,1990,116.69,0.106765,0.0586
2024-09-21,TX,Search | Brand,paid_search,19717,1347,98.47,0.068317,0.0731
2024-09-22,TX,Search | Brand,paid_search,23141,1633,102.69,0.070567,0.0629
2024-09-16,TX,Search | Nonbrand,paid_search,27842,1039,233.95,0.037318,0.2252
2024-09-17,TX,Search | Nonbrand,paid_search,21205,945,200.55,0.044565,0.2122
2024-09-18,TX,Search | Nonbrand,paid_search,26257,1363,226.83,0.05191,0.1664
2024-09-19,TX,Search | Nonbrand,paid_search,30849,895,274.65,0.029012,0.3069
2024-09-20,TX,Search | Nonbrand,paid_search,23082,911,204.42,0.039468,0.2244
2024-09-21,TX,Search | Nonbrand,paid_search,23729,1130,231.47,0.047621,0.2048
2024-09-22,TX,Search | Nonbrand,paid_search,27698,1120,181.83,0.040436,0.1623
2024-09-16,TX,Shopping | Instruments,shopping,20280,644,133.31,0.031755,0.207
2024-09-17,TX,Shopping | Instruments,shopping,24556,758,135.66,0.030868,0.179
2024-09-18,TX,Shopping | Instruments,shopping,15782,752,154.64,0.047649,0.2056
2024-09-19,TX,Shopping | Instruments,shopping,20721,757,158.68,0.036533,0.2096
2024-09-20,TX,Shopping | Instruments,shopping,23050,635,159.01,0.027549,0.2504
2024-09-21,TX,Shopping | Instruments,shopping,19207,592,147.32,0.030822,0.2489
2024-09-22,TX,Shopping | Instruments,shopping,22831,739,165.64,0.032368,0.2241
2024-09-16,FL,Search | Brand,paid_search,19725,1760,82.86,0.089227,0.0471
2024-09-17,FL,Search | Brand,paid_search,13561,1448,97.52,0.106777,0.0673
2024-09-18,FL,Search | Brand,paid_search,16201,1177,91.77,0.07265,0.078
2024-09-19,FL,Search | Brand,paid_search,15103,1224,108.96,0.081044,0.089
2024-09-20,FL,Search | Brand,paid_search,18790,1230,115.63,0.06546,0.094
2024-09-21,FL,Search | Brand,paid_search,19981,1301,97.15,0.065112,0.0747
2024-09-22,FL,Search | Brand,paid_search,14111,1586,87.44,0.112395,0.0551
2024-09-16,FL,Search | Nonbrand,paid_search,16591,714,159.03,0.043035,0.2227
2024-09-17,FL,Search | Nonbrand,paid_search,22187,785,173.02,0.035381,0.2204
2024-09-18,FL,Search | Nonbrand,paid_search,21366,817,180.69,0.038238,0.2212
2024-09-19,FL,Search | Nonbrand,paid_search,19167,826,179.49,0.043095,0.2173
2024-09-20,FL,Search | Nonbrand,paid_search,19026,914,183.6,0.04804,0.2009
2024-09-21,FL,Search | Nonbrand,paid_search,14913,776,148.32,0.052035,0.1911
2024-09-22,FL,Search | Nonbrand,paid_search,20331,680,124.66,0.033446,0.1833
2024-09-16,FL,Shopping | Instruments,shopping,24594,531,130.46,0.021591,0.2457
2024-09-17,FL,Shopping | Instruments,shopping,23598,772,124.41,0.032715,0.1612
2024-09-18,FL,Shopping | Instruments,shopping,19924,613,165.9,0.030767,0.2706
2024-09-19,FL,Shopping | Instruments,shopping,16324,562,166.79,0.034428,0.2968
2024-09-20,FL,Shopping | Instruments,shopping,19441,626,144.09,0.0322,0.2302
2024-09-21,FL,Shopping | Instruments,shopping,19322,600,151.62,0.031053,0.2527
2024-09-22,FL,Shopping | Instruments,shopping,22197,766,163.61,0.034509,0.2136
2024-09-16,NY,Search | Brand,paid_search,20643,1641,151.24,0.079494,0.0922
2024-09-17,NY,Search | Brand,paid_search,20052,1926,131.07,0.09605,0.0681
2024-09-18,NY,Search | Brand,paid_search,20829,1980,149.98,0.09506,0.0757
2024-09-19,NY,Search | Brand,paid_search,22078,2254,132.57,0.102093,0.0588
2024-09-20,NY,Search | Brand,paid_search,21518,2040,100.3,0.094804,0.0492
2024-09-21,NY,Search | Brand,paid_search,22590,1921,109.16,0.085038,0.0568
2024-09-22,NY,Search | Brand,paid_search,22700,1718,98.05,0.075683,0.0571
2024-09-16,NY,Search | Nonbrand,paid_search,20902,847,149.68,0.040522,0.1767
2024-09-17,NY,Search | Nonbrand,paid_search,17138,884,152.84,0.051581,0.1729
2024-09-18,NY,Search | Nonbrand,paid_search,21190,841,166.91,0.039689,0.1985
2024-09-19,NY,Search | Nonbrand,paid_search,20500,851,195.27,0.041512,0.2295
2024-09-20,NY,Search | Nonbrand,paid_search,21732,672,174.64,0.030922,0.2599
2024-09-21,NY,Search | Nonbrand,paid_search,17458,610,183.75,0.034941,0.3012
2024-09-22,NY,Search | Nonbrand,paid_search,16681,793,143.08,0.047539,0.1804
2024-09-16,NY,Shopping | Instruments,shopping,22308,762,153.51,0.034158,0.2015
2024-09-17,NY,Shopping | Instruments,shopping,19661,707,147.26,0.03596,0.2083
2024-09-18,NY,Shopping | Instruments,shopping,21467,516,162.63,0.024037,0.3152
2024-09-19,NY,Shopping | Instruments,shopping,21566,709,162.58,0.032876,0.2293
2024-09-20,NY,Shopping | Instruments,shopping,19133,563,117.26,0.029426,0.2083
2024-09-21,NY,Shopping | Instruments,shopping,23351,703,137.47,0.030106,0.1955
2024-09-22,NY,Shopping | Instruments,shopping,17434,679,162.73,0.038947,0.2397
2024-09-23,CA,Search | Brand,paid_search,23482,2554,174.62,0.108764,0.0684
2024-09-24,CA,Search | Brand,paid_search,23139,2208,137.14,0.095423,0.0621
2024-09-25,CA,Search | Brand,paid_search,22825,1979,128.09,0.086703,0.0647
2024-09-26,CA,Search | Brand,paid_search,33423,2601,127.82,0.077821,0.0491
2024-09-27,CA,Search | Brand,paid_search,25885,2304,145.82,0.089009,0.0633
2024-09-28,CA,Search | Brand,paid_search,24320,1779,181.17,0.07315,0.1018
2024-09-29,CA,Search | Brand,paid_search,32127,2619,179.5,0.08152,0.0685
2024-09-23,CA,Search | Nonbrand,paid_search,29202,1195,247.66,0.040922,0.2072
2024-09-24,CA,Search | Nonbrand,paid_search,28772,940,217.73,0.032671,0.2316
2024-09-25,CA,Search | Nonbrand,paid_search,26642,1431,196.38,0.053712,0.1372
2024-09-26,CA,Search | Nonbrand,paid_search,22942,1256,257.1,0.054747,0.2047
2024-09-27,CA,Search | Nonbrand,paid_search,22497,1405,250.29,0.062453,0.1781
2024-09-28,CA,Search | Nonbrand,paid_search,30955,1243,223.75,0.040155,0.18
2024-09-29,CA,Search | Nonbrand,paid_search,28189,1060,234.19,0.037603,0.2209
2024-09-23,CA,Shopping | Instruments,shopping,29213,938,169.2,0.032109,0.1804
2024-09-24,CA,Shopping | Instruments,shopping,30446,776,237.66,0.025488,0.3063
2024-09-25,CA,Shopping | Instruments,shopping,29721,878,185.69,0.029541,0.2115
2024-09-26,CA,Shopping | Instruments,shopping,27161,801,167.91,0.029491,0.2096
2024-09-27,CA,Shopping | Instruments,shopping,21768,854,239.7,0.039232,0.2807
2024-09-28,CA,Shopping | Instruments,shopping,26584,881,168.04,0.03314,0.1907
2024-09-29,CA,Shopping | Instruments,shopping,24886,1141,198.2,0.045849,0.1737
2024-09-23,TX,Search | Brand,paid_search,16939,1761,140.39,0.103961,0.0797
2024-09-24,TX,Search | Brand,paid_search,17567,1994,101.85,0.113508,0.0511
2024-09-25,TX,Search | Brand,paid_search,18545,2031,135.84,0.109517,0.0669
2024-09-26,TX,Search | Brand,paid_search,18712,1562,111.75,0.083476,0.0715
2024-09-27,TX,Search | Brand,paid_search,24222,1469,101.22,0.060647,0.0689
2024-09-28,TX,Search | Brand,paid_search,23934,2060,109.67,0.08607,0.0532
2024-09-29,TX,Search | Brand,paid_search,22720,2088,126.58,0.091901,0.0606
2024-09-23,TX,Search | Nonbrand,paid_search,20901,813,168.96,0.038898,0.2078
2024-09-24,TX,Search | Nonbrand,paid_search,24120,796,200.35,0.033002,0.2517
2024-09-25,TX,Search | Nonbrand,paid_search,20279,1026,233.1,0.050594,0.2272
2024-09-26,TX,Search | Nonbrand,paid_search,21173,990,169.95,0.046758,0.1717
2024-09-27,TX,Search | Nonbrand,paid_search,27525,1125,175.41,0.040872,0.1559
2024-09-28,TX,Search | Nonbrand,paid_search,20627,852,208.01,0.041305,0.2441
2024-09-29,TX,Search | Nonbrand,paid_search,19739,847,171.73,0.04291,0.2027
2024-09-23,TX,Shopping | Instruments,shopping,20848,602,190.48,0.028876,0.3164
2024-09-24,TX,Shopping | Instruments,shopping,18132,642,128.86,0.035407,0.2007
2024-09-25,TX,Shopping | Instruments,shopping,21810,738,134.1,0.033838,0.1817
2024-09-26,TX,Shopping | Instruments,shopping,25116,566,172.95,0.022535,0.3056
2024-09-27,TX,Shopping | Instruments,shopping,22485,719,140.42,0.031977,0.1953
2024-09-28,TX,Shopping | Instruments,shopping,20334,698,152.16,0.034327,0.218
2024-09-29,TX,Shopping | Instruments,shopping,23145,726,174.5,0.031367,0.2404
2024-09-23,FL,Search | Brand,paid_search,21026,1357,130.82,0.064539,0.0964
2024-09-24,FL,Search | Brand,paid_search,16402,1268,117.6,0.077308,0.0927
2024-09-25,FL,Search | Brand,paid_search,23969,1816,115.77,0.075765,0.0638
2024-09-26,FL,Search | Brand,paid_search,18324,1485,131.98,0.081041,0.0889
2024-09-27,FL,Search | Brand,paid_search,24291,1790,93.16,0.07369,0.052
2024-09-28,FL,Search | Brand,paid_search,17410,1756,119.25,0.100862,0.0679
2024-09-29,FL,Search | Brand,paid_search,18031,1497,100.25,0.083024,0.067
2024-09-23,FL,Search | Nonbrand,paid_search,16183,795,139.09,0.049126,0.175
2024-09-24,FL,Search | Nonbrand,paid_search,16962,1039,151.15,0.061255,0.1455
2024-09-25,FL,Search | Nonbrand,paid_search,20383,887,149.93,0.043517,0.169
2024-09-26,FL,Search | Nonbrand,paid_search,22756,960,187.61,0.042187,0.1954
2024-09-27,FL,Search | Nonbrand,paid_search,16048,697,180.71,0.043432,0.2593
2024-09-28,FL,Search | Nonbrand,paid_search,17660,797,169.41,0.04513,0.2126
2024-09-29,FL,Search | Nonbrand,paid_search,22401,890,160.68,0.03973,0.1805
2024-09-23,FL,Shopping | Instruments,shopping,19387,576,130.24,0.029711,0.2261
2024-09-24,FL,Shopping | Instruments,shopping,17478,508,153.56,0.029065,0.3023
2024-09-25,FL,Shopping | Instruments,shopping,20953,539,142.01,0.025724,0.2635
2024-09-26,FL,Shopping | Instruments,shopping,18453,471,126.26,0.025524,0.2681
2024-09-27,FL,Shopping | Instruments,shopping,14595,577,137.45,0.039534,0.2382
2024-09-28,FL,Shopping | Instruments,shopping,18098,624,121.55,0.034479,0.1948
2024-09-29,FL,Shopping | Instruments,shopping,18833,598,109.04,0.031753,0.1823
2024-09-23,NY,Search | Brand,paid_search,15348,1678,117.08,0.10933,0.0698
2024-09-24,NY,Search | Brand,paid_search,18237,1798,120.14,0.098591,0.0668
2024-09-25,NY,Search | Brand,paid_search,18410,1809,93.64,0.098262,0.0518
2024-09-26,NY,Search | Brand,paid_search,16492,1623,86.47,0.098411,0.0533
2024-09-27,NY,Search | Brand,paid_search,19093,1412,118.1,0.073954,0.0836
2024-09-28,NY,Search | Brand,paid_search,20979,1561,119.35,0.074408,0.0765
2024-09-29,NY,Search | Brand,paid_search,21271,1572,98.23,0.073903,0.0625
2024-09-23,NY,Search | Nonbrand,paid_search,19137,921,138.3,0.048127,0.1502
2024-09-24,NY,Search | Nonbrand,paid_search,18847,716,188.05,0.03799,0.2626
2024-09-25,NY,Search | Nonbrand,paid_search,20072,956,150.74,0.047629,0.1577
2024-09-26,NY,Search | Nonbrand,paid_search,16844,622,139.58,0.036927,0.2244
2024-09-27,NY,Search | Nonbrand,paid_search,19428,796,178.37,0.040972,0.2241
2024-09-28,NY,Search | Nonbrand,paid_search,21231,773,163.34,0.036409,0.2113
2024-09-29,NY,Search | Nonbrand,paid_search,18678,902,196.06,0.048292,0.2174
2024-09-23,NY,Shopping | Instruments,shopping,17341,815,132.48,0.046998,0.1626
2024-09-24,NY,Shopping | Instruments,shopping,24031,814,179.27,0.033873,0.2202
2024-09-25,NY,Shopping | Instruments,shopping,25650,708,183.53,0.027602,0.2592
2024-09-26,NY,Shopping | Instruments,shopping,24744,576,162.69,0.023278,0.2825
2024-09-27,NY,Shopping | Instruments,shopping,20820,759,163.44,0.036455,0.2153
2024-09-28,NY,Shopping | Instruments,shopping,23734,598,156.2,0.025196,0.2612
2024-09-29,NY,Shopping | Instruments,shopping,22494,762,165.86,0.033876,0.2177
2024-09-30,CA,Search | Brand,paid_search,26897,2305,146.2,0.085697,0.0634
2024-10-01,CA,Search | Brand,paid_search,24941,1719,143.76,0.068923,0.0836
2024-10-02,CA,Search | Brand,paid_search,26890,1845,141.88,0.068613,0.0769
2024-10-03,CA,Search | Brand,paid_search,25307,1598,131.34,0.063145,0.0822
2024-10-04,CA,Search | Brand,paid_search,17933,2224,137.09,0.124017,0.0616
2024-10-05,CA,Search | Brand,paid_search,25609,1978,124.8,0.077238,0.0631
2024-10-06,CA,Search | Brand,paid_search,20851,1821,151.82,0.087334,0.0834
2024-09-30,CA,Search | Nonbrand,paid_search,38732,1027,246.53,0.026516,0.24
2024-10-01,CA,Search | Nonbrand,paid_search,30131,1322,326.45,0.043875,0.2469
2024-10-02,CA,Search | Nonbrand,paid_search,31096,1339,262.4,0.04306,0.196
2024-10-03,CA,Search | Nonbrand,paid_search,35426,1072,305.36,0.03026,0.2849
2024-10-04,CA,Search | Nonbrand,paid_search,25904,1382,271.1,0.053351,0.1962
2024-10-05,CA,Search | Nonbrand,paid_search,30284,1491,232.42,0.049234,0.1559
2024-10-06,CA,Search | Nonbrand,paid_search,26443,1009,230.67,0.038158,0.2286
2024-09-30,CA,Shopping | Instruments,shopping,31061,1019,167.95,0.032806,0.1648
2024-10-01,CA,Shopping | Instruments,shopping,28668,768,236.12,0.026789,0.3074
2024-10-02,CA,Shopping | Instruments,shopping,27878,1076,217.63,0.038597,0.2023
2024-10-03,CA,Shopping | Instruments,shopping,24220,785,163.09,0.032411,0.2078
2024-10-04,CA,Shopping | Instruments,shopping,29241,771,210.86,0.026367,0.2735
2024-10-05,CA,Shopping | Instruments,shopping,23298,1129,182.33,0.048459,0.1615
2024-10-06,CA,Shopping | Instruments,shopping,28777,909,212.66,0.031588,0.234
2024-09-30,TX,Search | Brand,paid_search,20722,1606,103.21,0.077502,0.0643
2024-10-01,TX,Search | Brand,paid_search,20530,1715,107.3,0.083536,0.0626
2024-10-02,TX,Search | Brand,paid_search,18067,1838,105.33,0.101732,0.0573
2024-10-03,TX,Search | Brand,paid_search,15034,1393,94.82,0.092657,0.0681
2024-10-04,TX,Search | Brand,paid_search,20907,1791,129.81,0.085665,0.0725
2024-10-05,TX,Search | Brand,paid_search,19802,1447,129.25,0.073073,0.0893
2024-10-06,TX,Search | Brand,paid_search,19105,1727,108.46,0.090395,0.0628
2024-09-30,TX,Search | Nonbrand,paid_search,24706,761,165.08,0.030802,0.2169
2024-10-01,TX,Search | Nonbrand,paid_search,20154,975,205.83,0.048377,0.2111
2024-10-02,TX,Search | Nonbrand,paid_search,20272,1024,171.62,0.050513,0.1676
2024-10-03,TX,Search | Nonbrand,paid_search,20835,987,207.4,0.047372,0.2101
2024-10-04,TX,Search | Nonbrand,paid_search,18476,955,177.61,0.051689,0.186
2024-10-05,TX,Search | Nonbrand,paid_search,19410,822,181.65,0.042349,0.221
2024-10-06,TX,Search | Nonbrand,paid_search,26360,1095,182.65,0.04154,0.1668
2024-09-30,TX,Shopping | Instruments,shopping,25308,669,181.52,0.026434,0.2713
2024-10-01,TX,Shopping | Instruments,shopping,24827,794,175.55,0.031981,0.2211
2024-10-02,TX,Shopping | Instruments,shopping,25717,713,199.29,0.027725,0.2795
2024-10-03,TX,Shopping | Instruments,shopping,26233,721,173.4,0.027484,0.2405
2024-10-04,TX,Shopping | Instruments,shopping,18443,686,140.33,0.037196,0.2046
2024-10-05,TX,Shopping | Instruments,shopping,21254,705,172.4,0.03317,0.2445
2024-10-06,TX,Shopping | Instruments,shopping,26076,783,166.09,0.030028,0.2121
2024-09-30,FL,Search | Brand,paid_search,16840,1521,129.28,0.090321,0.085
2024-10-01,FL,Search | Brand,paid_search,18707,1615,122.62,0.086331,0.0759
2024-10-02,FL,Search | Brand,paid_search,18105,1828,89.94,0.100967,0.0492
2024-10-03,FL,Search | Brand,paid_search,21365,1649,88.37,0.077182,0.0536
2024-10-04,FL,Search | Brand,paid_search,19520,1384,103.45,0.070902,0.0748
2024-10-05,FL,Search | Brand,paid_search,16348,1840,120.69,0.112552,0.0656
2024-10-06,FL,Search | Brand,paid_search,19773,1277,103.45,0.064583,0.081
2024-09-30,FL,Search | Nonbrand,paid_search,19009,940,170.57,0.04945,0.1815
2024-10-01,FL,Search | Nonbrand,paid_search,25134,828,140.5,0.032943,0.1697
2024-10-02,FL,Search | Nonbrand,paid_search,17061,805,172.81,0.047184,0.2147
2024-10-03,FL,Search | Nonbrand,paid_search,20321,1091,158.91,0.053688,0.1457
2024-10-04,FL,Search | Nonbrand,paid_search,18821,808,140.32,0.042931,0.1737
2024-10-05,FL,Search | Nonbrand,paid_search,22723,911,210.87,0.040092,0.2315
2024-10-06,FL,Search | Nonbrand,paid_search,17580,863,215.6,0.04909,0.2498
2024-09-30,FL,Shopping | Instruments,shopping,20750,453,125.24,0.021831,0.2765
2024-10-01,FL,Shopping | Instruments,shopping,16048,507,107.4,0.031593,0.2118
2024-10-02,FL,Shopping | Instruments,shopping,15699,585,118.67,0.037264,0.2028
2024-10-03,FL,Shopping | Instruments,shopping,19633,655,107.62,0.033362,0.1643
2024-10-04,FL,Shopping | Instruments,shopping,19529,494,152.09,0.025296,0.3079
2024-10-05,FL,Shopping | Instruments,shopping,17579,664,138.25,0.037772,0.2082
2024-10-06,FL,Shopping | Instruments,shopping,16806,440,158.26,0.026181,0.3597
2024-09-30,NY,Search | Brand,paid_search,20039,1490,112.18,0.074355,0.0753
2024-10-01,NY,Search | Brand,paid_search,19280,1484,93.06,0.076971,0.0627
2024-10-02,NY,Search | Brand,paid_search,15876,1545,106.71,0.097317,0.0691
2024-10-03,NY,Search | Brand,paid_search,16012,1084,94.71,0.067699,0.0874
2024-10-04,NY,Search | Brand,paid_search,17355,1547,110.67,0.089139,0.0715
2024-10-05,NY,Search | Brand,paid_search,16413,1515,123.47,0.092305,0.0815
2024-10-06,NY,Search | Brand,paid_search,19543,1669,81.41,0.085401,0.0488
2024-09-30,NY,Search | Nonbrand,paid_search,19613,707,164.3,0.036048,0.2324
2024-10-01,NY,Search | Nonbrand,paid_search,18391,724,141.86,0.039367,0.1959
2024-10-02,NY,Search | Nonbrand,paid_search,17196,984,150.57,0.057223,0.153
2024-10-03,NY,Search | Nonbrand,paid_search,18985,818,180.12,0.043087,0.2202
2024-10-04,NY,Search | Nonbrand,paid_search,21041,844,138.42,0.040112,0.164
2024-10-05,NY,Search | Nonbrand,paid_search,17122,839,198.42,0.049001,0.2365
2024-10-06,NY,Search | Nonbrand,paid_search,23821,863,197.37,0.036229,0.2287
2024-09-30,NY,Shopping | Instruments,shopping,25759,580,165.91,0.022516,0.2861
2024-10-01,NY,Shopping | Instruments,shopping,17739,554,166.48,0.031231,0.3005
2024-10-02,NY,Shopping | Instruments,shopping,17497,640,165.01,0.036578,0.2578
2024-10-03,NY,Shopping | Instruments,shopping,23156,566,125.68,0.024443,0.2221
2024-10-04,NY,Shopping | Instruments,shopping,21173,625,117.74,0.029519,0.1884
2024-10-05,NY,Shopping | Instruments,shopping,19697,696,113.73,0.035335,0.1634
2024-10-06,NY,Shopping | Instruments,shopping,16853,549,166.94,0.032576,0.3041
2024-10-07,CA,Search | Brand,paid_search,22869,1884,161.04,0.082382,0.0855
2024-10-08,CA,Search | Brand,paid_search,26057,2213,160.59,0.084929,0.0726
2024-10-09,CA,Search | Brand,paid_search,18980,2249,133.78,0.118493,0.0595
2024-10-10,CA,Search | Brand,paid_search,27616,2033,111.8,0.073617,0.055
2024-10-11,CA,Search | Brand,paid_search,20947,2408,139.91,0.114957,0.0581
2024-10-12,CA,Search | Brand,paid_search,20894,1802,140.08,0.086245,0.0777
2024-10-13,CA,Search | Brand,paid_search,28409,1726,114.28,0.060755,0.0662
2024-10-07,CA,Search | Nonbrand,paid_search,27251,1243,223.8,0.045613,0.18
2024-10-08,CA,Search | Nonbrand,paid_search,28181,1108,198.06,0.039317,0.1788
2024-10-09,CA,Search | Nonbrand,paid_search,21966,1027,227.75,0.046754,0.2218
2024-10-10,CA,Search | Nonbrand,paid_search,28431,1052,222.89,0.037002,0.2119
2024-10-11,CA,Search | Nonbrand,paid_search,23858,1108,237.34,0.046441,0.2142
2024-10-12,CA,Search | Nonbrand,paid_search,25101,1168,202.46,0.046532,0.1733
2024-10-13,CA,Search | Nonbrand,paid_search,24165,1320,226.68,0.054624,0.1717
2024-10-07,CA,Shopping | Instruments,shopping,24698,652,145.07,0.026399,0.2225
2024-10-08,CA,Shopping | Instruments,shopping,21035,775,153.04,0.036843,0.1975
2024-10-09,CA,Shopping | Instruments,shopping,21097,840,193.04,0.039816,0.2298
2024-10-10,CA,Shopping | Instruments,shopping,25132,677,202.75,0.026938,0.2995
2024-10-11,CA,Shopping | Instruments,shopping,21058,827,162.76,0.039272,0.1968
2024-10-12,CA,Shopping | Instruments,shopping,22771,610,142.59,0.026788,0.2338
2024-10-13,CA,Shopping | Instruments,shopping,30652,559,199.13,0.018237,0.3562
2024-10-07,TX,Search | Brand,paid_search,18907,1747,134.51,0.0924,0.077
2024-10-08,TX,Search | Brand,paid_search,23474,1326,95.66,0.056488,0.0721
2024-10-09,TX,Search | Brand,paid_search,18545,1794,88.74,0.096738,0.0495
2024-10-10,TX,Search | Brand,paid_search,21613,1649,122.67,0.076297,0.0744
2024-10-11,TX,Search | Brand,paid_search,17158,1604,111.13,0.093484,0.0693
2024-10-12,TX,Search | Brand,paid_search,17823,1299,97.94,0.072883,0.0754
2024-10-13,TX,Search | Brand,paid_search,17019,1215,129.68,0.071391,0.1067
2024-10-07,TX,Search | Nonbrand,paid_search,21774,1062,182.89,0.048774,0.1722
2024-10-08,TX,Search | Nonbrand,paid_search,23952,1153,180.61,0.048138,0.1566
2024-10-09,TX,Search | Nonbrand,paid_search,25829,811,232.27,0.031399,0.2864
2024-10-10,TX,Search | Nonbrand,paid_search,21940,1062,176.06,0.048405,0.1658
2024-10-11,TX,Search | Nonbrand,paid_search,18539,898,183.58,0.048438,0.2044
2024-10-12,TX,Search | Nonbrand,paid_search,20751,1017,205.81,0.04901,0.2024
2024-10-13,TX,Search | Nonbrand,paid_search,22845,1086,177.2,0.047538,0.1632
2024-10-07,TX,Shopping | Instruments,shopping,24765,690,110.92,0.027862,0.1608
2024-10-08,TX,Shopping | Instruments,shopping,19611,678,139.28,0.034572,0.2054
2024-10-09,TX,Shopping | Instruments,shopping,19178,772,158.96,0.040254,0.2059
2024-10-10,TX,Shopping | Instruments,shopping,20260,550,159.5,0.027147,0.29
2024-10-11,TX,Shopping | Instruments,shopping,24312,780,161.53,0.032083,0.2071
2024-10-12,TX,Shopping | Instruments,shopping,19197,659,166.1,0.034328,0.252
2024-10-13,TX,Shopping | Instruments,shopping,19414,651,160.21,0.033533,0.2461
2024-10-07,FL,Search | Brand,paid_search,14440,1234,103.27,0.085457,0.0837
2024-10-08,FL,Search | Brand,paid_search,13068,1124,93.56,0.086012,0.0832
2024-10-09,FL,Search | Brand,paid_search,16486,1210,69.39,0.073396,0.0573
2024-10-10,FL,Search | Brand,paid_search,11708,1097,69.61,0.093697,0.0635
2024-10-11,FL,Search | Brand,paid_search,15748,1208,84.72,0.076708,0.0701
2024-10-12,FL,Search | Brand,paid_search,13038,1151,85.95,0.08828,0.0747
2024-10-13,FL,Search | Brand,paid_search,16322,868,78.2,0.05318,0.0901
2024-10-07,FL,Search | Nonbrand,paid_search,20512,670,126.69,0.032664,0.1891
2024-10-08,FL,Search | Nonbrand,paid_search,16224,610,181.03,0.037599,0.2968
2024-10-09,FL,Search | Nonbrand,paid_search,19055,719,156.77,0.037733,0.218
2024-10-10,FL,Search | Nonbrand,paid_search,18095,706,184.28,0.039016,0.261
2024-10-11,FL,Search | Nonbrand,paid_search,18964,745,124.36,0.039285,0.1669
2024-10-12,FL,Search | Nonbrand,paid_search,18183,793,191.69,0.043612,0.2417
2024-10-13,FL,Search | Nonbrand,paid_search,17349,914,139.28,0.052683,0.1524
2024-10-07,FL,Shopping | Instruments,shopping,14292,583,142.18,0.040792,0.2439
2024-10-08,FL,Shopping | Instruments,shopping,18832,651,132.58,0.034569,0.2037
2024-10-09,FL,Shopping | Instruments,shopping,20131,471,109.95,0.023397,0.2334
2024-10-10,FL,Shopping | Instruments,shopping,17692,596,109.08,0.033688,0.183
2024-10-11,FL,Shopping | Instruments,shopping,18563,553,137.84,0.02979,0.2493
2024-10-12,FL,Shopping | Instruments,shopping,19783,444,151.71,0.022444,0.3417
2024-10-13,FL,Shopping | Instruments,shopping,14386,666,107.13,0.046295,0.1609
2024-10-07,NY,Search | Brand,paid_search,20438,1266,116.86,0.061943,0.0923
2024-10-08,NY,Search | Brand,paid_search,18089,1799,94.49,0.099453,0.0525
2024-10-09,NY,Search | Brand,paid_search,18529,1611,117.39,0.086945,0.0729
2024-10-10,NY,Search | Brand,paid_search,17518,1661,104.08,0.094817,0.0627
2024-10-11,NY,Search | Brand,paid_search,17297,1747,111.02,0.101,0.0636
2024-10-12,NY,Search | Brand,paid_search,16546,1265,90.55,0.076454,0.0716
2024-10-13,NY,Search | Brand,paid_search,15358,1308,83.5,0.085167,0.0638
2024-10-07,NY,Search | Nonbrand,paid_search,16851,737,126.84,0.043736,0.1721
2024-10-08,NY,Search | Nonbrand,paid_search,15726,817,136.89,0.051952,0.1676
2024-10-09,NY,Search | Nonbrand,paid_search,16968,648,187.95,0.03819,0.29
2024-10-10,NY,Search | Nonbrand,paid_search,17414,898,184.16,0.051568,0.2051
2024-10-11,NY,Search | Nonbrand,paid_search,20852,849,174.4,0.040716,0.2054
2024-10-12,NY,Search | Nonbrand,paid_search,20288,600,137.46,0.029574,0.2291
2024-10-13,NY,Search | Nonbrand,paid_search,22407,865,174.66,0.038604,0.2019
2024-10-07,NY,Shopping | Instruments,shopping,21655,633,165.04,0.029231,0.2607
2024-10-08,NY,Shopping | Instruments,shopping,21150,490,139.7,0.023168,0.2851
2024-10-09,NY,Shopping | Instruments,shopping,18749,699,164.97,0.037282,0.236
2024-10-10,NY,Shopping | Instruments,shopping,23159,642,133.49,0.027721,0.2079
2024-10-11,NY,Shopping | Instruments,shopping,16808,494,121.19,0.029391,0.2453
2024-10-12,NY,Shopping | Instruments,shopping,19801,691,118.67,0.034897,0.1717
2024-10-13,NY,Shopping | Instruments,shopping,16318,702,147.96,0.04302,0.2108
2024-10-14,CA,Search | Brand,paid_search,30034,1894,161.83,0.063062,0.0854
2024-10-15,CA,Search | Brand,paid_search,20260,1996,138.78,0.098519,0.0695
2024-10-16,CA,Search | Brand,paid_search,20885,1975,135.89,0.094565,0.0688
2024-10-17,CA,Search | Brand,paid_search,27638,1985,130.02,0.071821,0.0655
2024-10-18,CA,Search | Brand,paid_search,26719,2462,114.65,0.092144,0.0466
2024-10-19,CA,Search | Brand,paid_search,21375,2202,137.89,0.103018,0.0626
2024-10-20,CA,Search | Brand,paid_search,20629,2774,152.67,0.134471,0.055
2024-10-14,CA,Search | Nonbrand,paid_search,23434,1330,285.18,0.056755,0.2144
2024-10-15,CA,Search | Nonbrand,paid_search,30384,1121,184.3,0.036894,0.1644
2024-10-16,CA,Search | Nonbrand,paid_search,21049,1212,199.94,0.05758,0.165
2024-10-17,CA,Search | Nonbrand,paid_search,31339,1334,282.62,0.042567,0.2119
2024-10-18,CA,Search | Nonbrand,paid_search,27594,1133,241.02,0.04106,0.2127
2024-10-19,CA,Search | Nonbrand,paid_search,31066,1100,203.87,0.035408,0.1853
2024-10-20,CA,Search | Nonbrand,paid_search,22200,1343,211.84,0.060495,0.1577
2024-10-14,CA,Shopping | Instruments,shopping,33077,853,206.53,0.025788,0.2421
2024-10-15,CA,Shopping | Instruments,shopping,23991,1039,178.45,0.043308,0.1718
2024-10-16,CA,Shopping | Instruments,shopping,25766,1024,200.16,0.039742,0.1955
2024-10-17,CA,Shopping | Instruments,shopping,27923,711,226.67,0.025463,0.3188
2024-10-18,CA,Shopping | Instruments,shopping,31397,883,159.74,0.028124,0.1809
2024-10-19,CA,Shopping | Instruments,shopping,24697,966,209.05,0.039114,0.2164
2024-10-20,CA,Shopping | Instruments,shopping,22947,947,185.95,0.041269,0.1964
2024-10-14,TX,Search | Brand,paid_search,19146,1732,118.43,0.090463,0.0684
2024-10-15,TX,Search | Brand,paid_search,17055,1876,89.18,0.109997,0.0475
2024-10-16,TX,Search | Brand,paid_search,16686,1373,115.3,0.082285,0.084
2024-10-17,TX,Search | Brand,paid_search,19879,1771,98.94,0.089089,0.0559
2024-10-18,TX,Search | Brand,paid_search,23083,1500,121.24,0.064983,0.0808
2024-10-19,TX,Search | Brand,paid_search,20865,1847,128.8,0.088521,0.0697
2024-10-20,TX,Search | Brand,paid_search,21896,1392,132.05,0.063573,0.0949
2024-10-14,TX,Search | Nonbrand,paid_search,20847,814,186.26,0.039046,0.2288
2024-10-15,TX,Search | Nonbrand,paid_search,20949,803,163.49,0.038331,0.2036
2024-10-16,TX,Search | Nonbrand,paid_search,26500,1217,162.46,0.045925,0.1335
2024-10-17,TX,Search | Nonbrand,paid_search,23009,901,164.66,0.039159,0.1827
2024-10-18,TX,Search | Nonbrand,paid_search,22446,1119,227.72,0.049853,0.2035
2024-10-19,TX,Search | Nonbrand,paid_search,17369,869,168.05,0.050032,0.1934
2024-10-20,TX,Search | Nonbrand,paid_search,22422,852,247.82,0.037998,0.2909
2024-10-14,TX,Shopping | Instruments,shopping,20769,672,148.28,0.032356,0.2207
2024-10-15,TX,Shopping | Instruments,shopping,29111,586,141.4,0.02013,0.2413
2024-10-16,TX,Shopping | Instruments,shopping,24144,785,128.96,0.032513,0.1643
2024-10-17,TX,Shopping | Instruments,shopping,19016,778,176.94,0.040913,0.2274
2024-10-18,TX,Shopping | Instruments,shopping,20846,820,153.27,0.039336,0.1869
2024-10-19,TX,Shopping | Instruments,shopping,22733,714,193.53,0.031408,0.271
2024-10-20,TX,Shopping | Instruments,shopping,19114,735,178.9,0.038453,0.2434
2024-10-14,FL,Search | Brand,paid_search,13450,1224,92.51,0.091004,0.0756
2024-10-15,FL,Search | Brand,paid_search,17468,1403,82.67,0.080318,0.0589
2024-10-16,FL,Search | Brand,paid_search,17758,1396,79.55,0.078612,0.057
2024-10-17,FL,Search | Brand,paid_search,19350,1632,89.74,0.084341,0.055
2024-10-18,FL,Search | Brand,paid_search,14820,1128,94.48,0.076113,0.0838
2024-10-19,FL,Search | Brand,paid_search,16316,1218,111.17,0.074651,0.0913
2024-10-20,FL,Search | Brand,paid_search,14570,1669,109.54,0.11455,0.0656
2024-10-14,FL,Search | Nonbrand,paid_search,15343,922,149.9,0.060093,0.1626
2024-10-15,FL,Search | Nonbrand,paid_search,22207,822,197.47,0.037015,0.2402
2024-10-16,FL,Search | Nonbrand,paid_search,16892,910,157.29,0.053872,0.1728
2024-10-17,FL,Search | Nonbrand,paid_search,19737,780,143.34,0.03952,0.1838
2024-10-18,FL,Search | Nonbrand,paid_search,21477,733,129.34,0.03413,0.1765
2024-10-19,FL,Search | Nonbrand,paid_search,20356,891,182.6,0.043771,0.2049
2024-10-20,FL,Search | Nonbrand,paid_search,16324,835,178.15,0.051152,0.2133
2024-10-14,FL,Shopping | Instruments,shopping,17731,662,141.39,0.037336,0.2136
2024-10-15,FL,Shopping | Instruments,shopping,19979,558,120.78,0.027929,0.2164
2024-10-16,FL,Shopping | Instruments,shopping,22248,553,126.74,0.024856,0.2292
2024-10-17,FL,Shopping | Instruments,shopping,17650,562,156.79,0.031841,0.279
2024-10-18,FL,Shopping | Instruments,shopping,18192,596,117.38,0.032762,0.1969
2024-10-19,FL,Shopping | Instruments,shopping,14500,551,146.92,0.038,0.2667
2024-10-20,FL,Shopping | Instruments,shopping,19672,760,125.79,0.038634,0.1655
2024-10-14,NY,Search | Brand,paid_search,16059,1501,114.77,0.093468,0.0765
2024-10-15,NY,Search | Brand,paid_search,16782,1531,91.64,0.091229,0.0599
2024-10-16,NY,Search | Brand,paid_search,16547,1100,100.87,0.066477,0.0917
2024-10-17,NY,Search | Brand,paid_search,16186,1379,98.61,0.085197,0.0715
2024-10-18,NY,Search | Brand,paid_search,15786,1704,94.88,0.107944,0.0557
2024-10-19,NY,Search | Brand,paid_search,17350,1491,95.63,0.085937,0.0641
2024-10-20,NY,Search | Brand,paid_search,22163,1602,104.65,0.072283,0.0653
2024-10-14,NY,Search | Nonbrand,paid_search,15251,905,163.93,0.05934,0.1811
2024-10-15,NY,Search | Nonbrand,paid_search,18404,678,156.05,0.03684,0.2302
2024-10-16,NY,Search | Nonbrand,paid_search,17557,807,156.5,0.045965,0.1939
2024-10-17,NY,Search | Nonbrand,paid_search,22910,618,168.28,0.026975,0.2723
2024-10-18,NY,Search | Nonbrand,paid_search,15038,833,129.64,0.055393,0.1556
2024-10-19,NY,Search | Nonbrand,paid_search,19431,776,175.68,0.039936,0.2264
2024-10-20,NY,Search | Nonbrand,paid_search,21824,680,171.5,0.031158,0.2522
2024-10-14,NY,Shopping | Instruments,shopping,17740,687,126.32,0.038726,0.1839
2024-10-15,NY,Shopping | Instruments,shopping,16302,629,121.69,0.038584,0.1935
2024-10-16,NY,Shopping | Instruments,shopping,14379,592,149.82,0.041171,0.2531
2024-10-17,NY,Shopping | Instruments,shopping,20562,577,139.48,0.028061,0.2417
2024-10-18,NY,Shopping | Instruments,shopping,21438,636,99.82,0.029667,0.157
2024-10-19,NY,Shopping | Instruments,shopping,18768,664,147.28,0.035379,0.2218
2024-10-20,NY,Shopping | Instruments,shopping,14667,464,107.35,0.031636,0.2314
2024-10-21,CA,Search | Brand,paid_search,24856,1888,127.52,0.075958,0.0675
2024-10-22,CA,Search | Brand,paid_search,27096,1730,128.22,0.063847,0.0741
2024-10-23,CA,Search | Brand,paid_search,24140,1927,115.7,0.079826,0.06
2024-10-24,CA,Search | Brand,paid_search,27399,2578,157.97,0.094091,0.0613
2024-10-25,CA,Search | Brand,paid_search,21678,1967,145.32,0.090737,0.0739
2024-10-26,CA,Search | Brand,paid_search,21604,1969,121.84,0.091141,0.0619
2024-10-27,CA,Search | Brand,paid_search,19463,2398,167.59,0.123208,0.0699
2024-10-21,CA,Search | Nonbrand,paid_search,22302,1043,180.34,0.046767,0.1729
2024-10-22,CA,Search | Nonbrand,paid_search,25968,880,189.91,0.033888,0.2158
2024-10-23,CA,Search | Nonbrand,paid_search,21352,794,245.7,0.037186,0.3094
2024-10-24,CA,Search | Nonbrand,paid_search,17594,1094,206.24,0.06218,0.1885
2024-10-25,CA,Search | Nonbrand,paid_search,21990,809,183.73,0.036789,0.2271
2024-10-26,CA,Search | Nonbrand,paid_search,23834,957,181.25,0.040153,0.1894
2024-10-27,CA,Search | Nonbrand,paid_search,26388,775,183.91,0.029369,0.2373
2024-10-21,CA,Shopping | Instruments,shopping,21642,780,143.68,0.036041,0.1842
2024-10-22,CA,Shopping | Instruments,shopping,21978,591,180.2,0.026891,0.3049
2024-10-23,CA,Shopping | Instruments,shopping,22406,757,136.51,0.033786,0.1803
2024-10-24,CA,Shopping | Instruments,shopping,25191,560,149.73,0.02223,0.2674
2024-10-25,CA,Shopping | Instruments,shopping,21309,652,152.38,0.030597,0.2337
2024-10-26,CA,Shopping | Instruments,shopping,20838,744,183.19,0.035704,0.2462
2024-10-27,CA,Shopping | Instruments,shopping,22363,712,175.53,0.031838,0.2465
2024-10-21,TX,Search | Brand,paid_search,17716,1316,101.09,0.074283,0.0768
2024-10-22,TX,Search | Brand,paid_search,17317,1629,96.66,0.094069,0.0593
2024-10-23,TX,Search | Brand,paid_search,15917,1182,98.12,0.07426,0.083
2024-10-24,TX,Search | Brand,paid_search,18754,1569,97.94,0.083662,0.0624
2024-10-25,TX,Search | Brand,paid_search,13912,1620,98.5,0.116446,0.0608
2024-10-26,TX,Search | Brand,paid_search,17130,1711,79.79,0.099883,0.0466
2024-10-27,TX,Search | Brand,paid_search,18141,1500,117.43,0.082686,0.0783
2024-10-21,TX,Search | Nonbrand,paid_search,21038,756,160.08,0.035935,0.2118
2024-10-22,TX,Search | Nonbrand,paid_search,23594,901,174.49,0.038188,0.1937
2024-10-23,TX,Search | Nonbrand,paid_search,23646,1058,194.13,0.044743,0.1835
2024-10-24,TX,Search | Nonbrand,paid_search,18387,1093,195.21,0.059444,0.1786
2024-10-25,TX,Search | Nonbrand,paid_search,17209,765,148.58,0.044453,0.1942
2024-10-26,TX,Search | Nonbrand,paid_search,20987,1000,177.81,0.047649,0.1778
2024-10-27,TX,Search | Nonbrand,paid_search,20767,1027,202.09,0.049453,0.1968
2024-10-21,TX,Shopping | Instruments,shopping,21891,567,154.81,0.025901,0.273
2024-10-22,TX,Shopping | Instruments,shopping,15990,658,149.21,0.041151,0.2268
2024-10-23,TX,Shopping | Instruments,shopping,16242,736,177.67,0.045315,0.2414
2024-10-24,TX,Shopping | Instruments,shopping,23629,703,140.58,0.029752,0.2
2024-10-25,TX,Shopping | Instruments,shopping,23125,508,124.99,0.021968,0.246
2024-10-26,TX,Shopping | Instruments,shopping,24387,724,171.13,0.029688,0.2364
2024-10-27,TX,Shopping | Instruments,shopping,19702,541,125.38,0.027459,0.2318
2024-10-21,FL,Search | Brand,paid_search,15886,1260,82.06,0.079315,0.0651
2024-10-22,FL,Search | Brand,paid_search,15006,1061,85.76,0.070705,0.0808
2024-10-23,FL,Search | Brand,paid_search,12607,1316,104.11,0.104386,0.0791
2024-10-24,FL,Search | Brand,paid_search,14480,953,98.91,0.065815,0.1038
2024-10-25,FL,Search | Brand,paid_search,16442,1249,83.8,0.075964,0.0671
2024-10-26,FL,Search | Brand,paid_search,14557,1323,79.52,0.090884,0.0601
2024-10-27,FL,Search | Brand,paid_search,14937,1251,68.53,0.083752,0.0548
2024-10-21,FL,Search | Nonbrand,paid_search,13386,819,131.32,0.061183,0.1603
2024-10-22,FL,Search | Nonbrand,paid_search,16805,603,154.05,0.035882,0.2555
2024-10-23,FL,Search | Nonbrand,paid_search,19257,827,120.38,0.042945,0.1456
2024-10-24,FL,Search | Nonbrand,paid_search,15094,786,114.2,0.052074,0.1453
2024-10-25,FL,Search | Nonbrand,paid_search,13706,717,160.48,0.052313,0.2238
2024-10-26,FL,Search | Nonbrand,paid_search,17686,602,162.06,0.034038,0.2692
2024-10-27,FL,Search | Nonbrand,paid_search,19670,662,151.69,0.033655,0.2291
2024-10-21,FL,Shopping | Instruments,shopping,16594,478,116.94,0.028806,0.2446
2024-10-22,FL,Shopping | Instruments,shopping,19823,556,121.05,0.028048,0.2177
2024-10-23,FL,Shopping | Instruments,shopping,17051,574,123.23,0.033664,0.2147
2024-10-24,FL,Shopping | Instruments,shopping,18076,547,115.51,0.030261,0.2112
2024-10-25,FL,Shopping | Instruments,shopping,15758,559,119.99,0.035474,0.2146
2024-10-26,FL,Shopping | Instruments,shopping,14990,458,139.54,0.030554,0.3047
2024-10-27,FL,Shopping | Instruments,shopping,20788,535,149.93,0.025736,0.2802
2024-10-21,NY,Search | Brand,paid_search,18329,1385,97.27,0.075563,0.0702
2024-10-22,NY,Search | Brand,paid_search,17675,1563,88.7,0.08843,0.0567
2024-10-23,NY,Search | Brand,paid_search,12689,1380,69.71,0.108756,0.0505
2024-10-24,NY,Search | Brand,paid_search,13647,1491,77.53,0.109255,0.052
2024-10-25,NY,Search | Brand,paid_search,13578,1183,81.55,0.087126,0.0689
2024-10-26,NY,Search | Brand,paid_search,14558,1183,95.38,0.081261,0.0806
2024-10-27,NY,Search | Brand,paid_search,13823,1329,94.78,0.096144,0.0713
2024-10-21,NY,Search | Nonbrand,paid_search,18288,1010,174.9,0.055227,0.1732
2024-10-22,NY,Search | Nonbrand,paid_search,18037,1013,150.5,0.056162,0.1486
2024-10-23,NY,Search | Nonbrand,paid_search,18719,959,140.24,0.051231,0.1462
2024-10-24,NY,Search | Nonbrand,paid_search,22005,991,145.95,0.045035,0.1473
2024-10-25,NY,Search | Nonbrand,paid_search,16267,752,181.16,0.046229,0.2409
2024-10-26,NY,Search | Nonbrand,paid_search,21601,820,199.57,0.037961,0.2434
2024-10-27,NY,Search | Nonbrand,paid_search,25038,895,211.29,0.035746,0.2361
2024-10-21,NY,Shopping | Instruments,shopping,20050,491,156.89,0.024489,0.3195
2024-10-22,NY,Shopping | Instruments,shopping,18512,631,139.49,0.034086,0.2211
2024-10-23,NY,Shopping | Instruments,shopping,18484,598,134.44,0.032352,0.2248
2024-10-24,NY,Shopping | Instruments,shopping,22942,700,155.88,0.030512,0.2227
2024-10-25,NY,Shopping | Instruments,shopping,19288,735,162.65,0.038107,0.2213
2024-10-26,NY,Shopping | Instruments,shopping,17944,732,112.21,0.040794,0.1533
2024-10-27,NY,Shopping | Instruments,shopping,18854,601,118.17,0.031877,0.1966
2024-10-28,CA,Search | Brand,paid_search,20154,1808,126.06,0.089709,0.0697
2024-10-29,CA,Search | Brand,paid_search,24713,2180,125.65,0.088213,0.0576
2024-10-30,CA,Search | Brand,paid_search,28099,1527,158.38,0.054344,0.1037
2024-10-31,CA,Search | Brand,paid_search,19682,2227,150.66,0.113149,0.0676
2024-11-01,CA,Search | Brand,paid_search,25718,2005,117.6,0.077961,0.0587
2024-11-02,CA,Search | Brand,paid_search,27413,1903,137.93,0.06942,0.0725
2024-11-03,CA,Search | Brand,paid_search,24547,1813,171.61,0.073858,0.0947
2024-10-28,CA,Search | Nonbrand,paid_search,27428,1098,222.45,0.040032,0.2026
2024-10-29,CA,Search | Nonbrand,paid_search,18696,918,219.46,0.049101,0.2391
2024-10-30,CA,Search | Nonbrand,paid_search,26986,1072,221.9,0.039724,0.207
2024-10-31,CA,Search | Nonbrand,paid_search,22127,778,173.6,0.035161,0.2231
2024-11-01,CA,Search | Nonbrand,paid_search,25126,762,198.36,0.030327,0.2603
2024-11-02,CA,Search | Nonbrand,paid_search,20935,1046,181.87,0.049964,0.1739
2024-11-03,CA,Search | Nonbrand,paid_search,21469,936,182.16,0.043598,0.1946
2024-10-28,CA,Shopping | Instruments,shopping,28810,746,180.73,0.025894,0.2423
2024-10-29,CA,Shopping | Instruments,shopping,18925,594,161.82,0.031387,0.2724
2024-10-30,CA,Shopping | Instruments,shopping,19039,718,154.08,0.037712,0.2146
2024-10-31,CA,Shopping | Instruments,shopping,25176,824,173.29,0.03273,0.2103
2024-11-01,CA,Shopping | Instruments,shopping,18557,582,137.18,0.031363,0.2357
2024-11-02,CA,Shopping | Instruments,shopping,25166,740,174.15,0.029405,0.2353
2024-11-03,CA,Shopping | Instruments,shopping,22715,550,159.15,0.024213,0.2894
2024-10-28,TX,Search | Brand,paid_search,21623,1810,91.3,0.083707,0.0504
2024-10-29,TX,Search | Brand,paid_search,19208,1710,117.15,0.089025,0.0685
2024-10-30,TX,Search | Brand,paid_search,18947,1770,126.55,0.093418,0.0715
2024-10-31,TX,Search | Brand,paid_search,20116,1782,130.57,0.088586,0.0733
2024-11-01,TX,Search | Brand,paid_search,23261,2130,122.15,0.09157,0.0573
2024-11-02,TX,Search | Brand,paid_search,18047,1513,112.97,0.083837,0.0747
2024-11-03,TX,Search | Brand,paid_search,17477,1998,103.65,0.114322,0.0519
2024-10-28,TX,Search | Nonbrand,paid_search,19473,799,192.05,0.041031,0.2404
2024-10-29,TX,Search | Nonbrand,paid_search,21962,1170,227.25,0.053274,0.1942
2024-10-30,TX,Search | Nonbrand,paid_search,18707,1018,170.03,0.054418,0.167
2024-10-31,TX,Search | Nonbrand,paid_search,26965,1100,185.07,0.040794,0.1682
2024-11-01,TX,Search | Nonbrand,paid_search,25575,887,196.68,0.034682,0.2217
2024-11-02,TX,Search | Nonbrand,paid_search,20854,852,194.22,0.040855,0.228
2024-11-03,TX,Search | Nonbrand,paid_search,23113,813,181.87,0.035175,0.2237
2024-10-28,TX,Shopping | Instruments,shopping,24541,734,120.52,0.029909,0.1642
2024-10-29,TX,Shopping | Instruments,shopping,21122,637,177.84,0.030158,0.2792
2024-10-30,TX,Shopping | Instruments,shopping,18149,686,151.4,0.037798,0.2207
2024-10-31,TX,Shopping | Instruments,shopping,19272,731,161.95,0.037931,0.2215
2024-11-01,TX,Shopping | Instruments,shopping,21281,612,162.58,0.028758,0.2657
2024-11-02,TX,Shopping | Instruments,shopping,20997,654,132.29,0.031147,0.2023
2024-11-03,TX,Shopping | Instruments,shopping,19145,760,133.87,0.039697,0.1761
2024-10-28,FL,Search | Brand,paid_search,16307,1187,80.53,0.072791,0.0678
2024-10-29,FL,Search | Brand,paid_search,17845,1272,119.81,0.07128,0.0942
2024-10-30,FL,Search | Brand,paid_search,19961,1440,116.81,0.072141,0.0811
2024-10-31,FL,Search | Brand,paid_search,13563,1454,106.5,0.107203,0.0732
2024-11-01,FL,Search | Brand,paid_search,20575,1263,96.36,0.061385,0.0763
2024-11-02,FL,Search | Brand,paid_search,15109,1530,109.82,0.101264,0.0718
2024-11-03,FL,Search | Brand,paid_search,20133,1578,86.42,0.078379,0.0548
2024-10-28,FL,Search | Nonbrand,paid_search,18600,655,172.95,0.035215,0.264
2024-10-29,FL,Search | Nonbrand,paid_search,15553,856,116.56,0.055038,0.1362
2024-10-30,FL,Search | Nonbrand,paid_search,17836,739,139.62,0.041433,0.1889
2024-10-31,FL,Search | Nonbrand,paid_search,19341,803,135.33,0.041518,0.1685
2024-11-01,FL,Search | Nonbrand,paid_search,17071,754,172.66,0.044168,0.229
2024-11-02,FL,Search | Nonbrand,paid_search,15201,857,118.83,0.056378,0.1387
2024-11-03,FL,Search | Nonbrand,paid_search,14585,764,160.47,0.052383,0.21
2024-10-28,FL,Shopping | Instruments,shopping,18384,692,134.82,0.037641,0.1948
2024-10-29,FL,Shopping | Instruments,shopping,22106,674,143.03,0.030489,0.2122
2024-10-30,FL,Shopping | Instruments,shopping,18897,591,148.83,0.031275,0.2518
2024-10-31,FL,Shopping | Instruments,shopping,16112,528,133.36,0.032771,0.2526
2024-11-01,FL,Shopping | Instruments,shopping,21775,506,120.35,0.023238,0.2378
2024-11-02,FL,Shopping | Instruments,shopping,16023,700,126.48,0.043687,0.1807
2024-11-03,FL,Shopping | Instruments,shopping,18935,617,145.21,0.032585,0.2353
2024-10-28,NY,Search | Brand,paid_search,14392,1317,86.3,0.091509,0.0655
2024-10-29,NY,Search | Brand,paid_search,16466,1324,103.25,0.080408,0.078
2024-10-30,NY,Search | Brand,paid_search,15996,1441,93.11,0.090085,0.0646
2024-10-31,NY,Search | Brand,paid_search,16038,1266,104.11,0.078938,0.0822
2024-11-01,NY,Search | Brand,paid_search,17447,1144,77.64,0.06557,0.0679
2024-11-02,NY,Search | Brand,paid_search,16384,1072,90.81,0.06543,0.0847
2024-11-03,NY,Search | Brand,paid_search,17341,1514,106.34,0.087308,0.0702
2024-10-28,NY,Search | Nonbrand,paid_search,17224,968,127.35,0.056201,0.1316
2024-10-29,NY,Search | Nonbrand,paid_search,14209,938,130.41,0.066014,0.139
2024-10-30,NY,Search | Nonbrand,paid_search,17661,701,138.32,0.039692,0.1973
2024-10-31,NY,Search | Nonbrand,paid_search,21052,684,178.5,0.032491,0.261
2024-11-01,NY,Search | Nonbrand,paid_search,14323,678,164.41,0.047336,0.2425
2024-11-02,NY,Search | Nonbrand,paid_search,19518,980,166.61,0.05021,0.17
2024-11-03,NY,Search | Nonbrand,paid_search,20179,723,162.23,0.035829,0.2244
2024-10-28,NY,Shopping | Instruments,shopping,19719,572,110.35,0.029008,0.1929
2024-10-29,NY,Shopping | Instruments,shopping,16774,625,141.53,0.03726,0.2264
2024-10-30,NY,Shopping | Instruments,shopping,19318,598,158.13,0.030956,0.2644
2024-10-31,NY,Shopping | Instruments,shopping,17716,653,132.58,0.036859,0.203
2024-11-01,NY,Shopping | Instruments,shopping,21733,712,158.79,0.032761,0.223
2024-11-02,NY,Shopping | Instruments,shopping,17539,511,101.87,0.029135,0.1993
2024-11-03,NY,Shopping | Instruments,shopping,19769,598,151.26,0.030249,0.2529
2024-11-04,CA,Search | Brand,paid_search,30900,2301,181.2,0.074466,0.0788
2024-11-05,CA,Search | Brand,paid_search,24590,2545,142.22,0.103497,0.0559
2024-11-06,CA,Search | Brand,paid_search,34547,2260,131.03,0.065418,0.058
2024-11-07,CA,Search | Brand,paid_search,27147,2515,204.18,0.092644,0.0812
2024-11-08,CA,Search | Brand,paid_search,33080,2609,204.16,0.078869,0.0783
2024-11-09,CA,Search | Brand,paid_search,23377,1776,174.35,0.075972,0.0982
2024-11-10,CA,Search | Brand,paid_search,31077,2476,150.22,0.079673,0.0607
2024-11-04,CA,Search | Nonbrand,paid_search,33600,1623,288.32,0.048304,0.1776
2024-11-05,CA,Search | Nonbrand,paid_search,33639,1392,254.51,0.041381,0.1828
2024-11-06,CA,Search | Nonbrand,paid_search,30787,1617,235.82,0.052522,0.1458
2024-11-07,CA,Search | Nonbrand,paid_search,39939,1629,332.49,0.040787,0.2041
2024-11-08,CA,Search | Nonbrand,paid_search,34095,1413,271.67,0.041443,0.1923
2024-11-09,CA,Search | Nonbrand,paid_search,34326,1266,345.17,0.036882,0.2726
2024-11-10,CA,Search | Nonbrand,paid_search,33004,1200,330.76,0.036359,0.2756
2024-11-04,CA,Shopping | Instruments,shopping,36050,1178,272.93,0.032677,0.2317
2024-11-05,CA,Shopping | Instruments,shopping,38470,1198,220.78,0.031141,0.1843
2024-11-06,CA,Shopping | Instruments,shopping,31132,1125,237.95,0.036136,0.2115
2024-11-07,CA,Shopping | Instruments,shopping,37976,1164,212.67,0.030651,0.1827
2024-11-08,CA,Shopping | Instruments,shopping,27173,1248,240.67,0.045928,0.1928
2024-11-09,CA,Shopping | Instruments,shopping,37216,1068,274.09,0.028697,0.2566
2024-11-10,CA,Shopping | Instruments,shopping,33418,1082,279.24,0.032378,0.2581
2024-11-04,TX,Search | Brand,paid_search,28325,2204,190.06,0.077811,0.0862
2024-11-05,TX,Search | Brand,paid_search,33314,2502,178.78,0.075104,0.0715
2024-11-06,TX,Search | Brand,paid_search,26314,2470,159.24,0.093866,0.0645
2024-11-07,TX,Search | Brand,paid_search,25479,1832,130.81,0.071902,0.0714
2024-11-08,TX,Search | Brand,paid_search,26482,2225,158.86,0.084019,0.0714
2024-11-09,TX,Search | Brand,paid_search,24827,2152,153.12,0.08668,0.0712
2024-11-10,TX,Search | Brand,paid_search,32602,2056,173.72,0.063064,0.0845
2024-11-04,TX,Search | Nonbrand,paid_search,22816,920,253.57,0.040323,0.2756
2024-11-05,TX,Search | Nonbrand,paid_search,27326,1257,197.16,0.046,0.1568
2024-11-06,TX,Search | Nonbrand,paid_search,33386,932,261.25,0.027916,0.2803
2024-11-07,TX,Search | Nonbrand,paid_search,21511,1340,217.43,0.062294,0.1623
2024-11-08,TX,Search | Nonbrand,paid_search,27266,1137,266.36,0.0417,0.2343
2024-11-09,TX,Search | Nonbrand,paid_search,28087,1190,257.83,0.042368,0.2167
2024-11-10,TX,Search | Nonbrand,paid_search,31226,1351,194.32,0.043265,0.1438
2024-11-04,TX,Shopping | Instruments,shopping,33551,1153,184.98,0.034366,0.1604
2024-11-05,TX,Shopping | Instruments,shopping,31992,838,264.37,0.026194,0.3155
2024-11-06,TX,Shopping | Instruments,shopping,33711,876,244.54,0.025986,0.2792
2024-11-07,TX,Shopping | Instruments,shopping,31184,1094,267.36,0.035082,0.2444
2024-11-08,TX,Shopping | Instruments,shopping,29634,1061,182.12,0.035803,0.1717
2024-11-09,TX,Shopping | Instruments,shopping,31243,817,224.75,0.02615,0.2751
2024-11-10,TX,Shopping | Instruments,shopping,31313,964,234.81,0.030786,0.2436
2024-11-04,FL,Search | Brand,paid_search,21981,2546,125.13,0.115827,0.0491
2024-11-05,FL,Search | Brand,paid_search,19269,2106,117.13,0.109295,0.0556
2024-11-06,FL,Search | Brand,paid_search,18236,1828,143.44,0.100241,0.0785
2024-11-07,FL,Search | Brand,paid_search,25011,2074,131.34,0.082924,0.0633
2024-11-08,FL,Search | Brand,paid_search,24995,1898,128.76,0.075935,0.0678
2024-11-09,FL,Search | Brand,paid_search,24871,1776,136.55,0.071408,0.0769
2024-11-10,FL,Search | Brand,paid_search,22994,1692,130.32,0.073584,0.077
2024-11-04,FL,Search | Nonbrand,paid_search,19799,1066,222.23,0.053841,0.2085
2024-11-05,FL,Search | Nonbrand,paid_search,27754,1061,206.31,0.038229,0.1944
2024-11-06,FL,Search | Nonbrand,paid_search,24066,959,164.46,0.039849,0.1715
2024-11-07,FL,Search | Nonbrand,paid_search,21512,920,232.46,0.042767,0.2527
2024-11-08,FL,Search | Nonbrand,paid_search,21552,826,232.25,0.038326,0.2812
2024-11-09,FL,Search | Nonbrand,paid_search,25609,975,190.22,0.038073,0.1951
2024-11-10,FL,Search | Nonbrand,paid_search,23388,1020,159.72,0.043612,0.1566
2024-11-04,FL,Shopping | Instruments,shopping,25405,683,208.4,0.026884,0.3051
2024-11-05,FL,Shopping | Instruments,shopping,26721,927,206.63,0.034692,0.2229
2024-11-06,FL,Shopping | Instruments,shopping,21897,840,202.77,0.038361,0.2414
2024-11-07,FL,Shopping | Instruments,shopping,27030,759,146.46,0.02808,0.193
2024-11-08,FL,Shopping | Instruments,shopping,23802,694,207.15,0.029157,0.2985
2024-11-09,FL,Shopping | Instruments,shopping,31236,939,213.55,0.030061,0.2274
2024-11-10,FL,Shopping | Instruments,shopping,31114,1022,162.9,0.032847,0.1594
2024-11-04,NY,Search | Brand,paid_search,22278,1680,119.19,0.075411,0.0709
2024-11-05,NY,Search | Brand,paid_search,25927,1540,107.44,0.059398,0.0698
2024-11-06,NY,Search | Brand,paid_search,20279,1756,108.58,0.086592,0.0618
2024-11-07,NY,Search | Brand,paid_search,19625,1867,131.51,0.095134,0.0704
2024-11-08,NY,Search | Brand,paid_search,25389,1518,153.16,0.05979,0.1009
2024-11-09,NY,Search | Brand,paid_search,18882,1929,121.64,0.102161,0.0631
2024-11-10,NY,Search | Brand,paid_search,17310,1940,126.69,0.112074,0.0653
2024-11-04,NY,Search | Nonbrand,paid_search,29536,1369,271.01,0.04635,0.198
2024-11-05,NY,Search | Nonbrand,paid_search,26159,1341,247.82,0.051263,0.1848
2024-11-06,NY,Search | Nonbrand,paid_search,25362,1410,258.72,0.055595,0.1835
2024-11-07,NY,Search | Nonbrand,paid_search,37450,1349,259.09,0.036021,0.1921
2024-11-08,NY,Search | Nonbrand,paid_search,29959,1166,193.42,0.03892,0.1659
2024-11-09,NY,Search | Nonbrand,paid_search,29521,1259,256.44,0.042648,0.2037
2024-11-10,NY,Search | Nonbrand,paid_search,25968,1277,267.52,0.049176,0.2095
2024-11-04,NY,Shopping | Instruments,shopping,30359,918,247.93,0.030238,0.2701
2024-11-05,NY,Shopping | Instruments,shopping,25950,923,229.28,0.035568,0.2484
2024-11-06,NY,Shopping | Instruments,shopping,32839,830,208.97,0.025275,0.2518
2024-11-07,NY,Shopping | Instruments,shopping,29275,1117,180.19,0.038155,0.1613
2024-11-08,NY,Shopping | Instruments,shopping,25521,868,167.03,0.034011,0.1924
2024-11-09,NY,Shopping | Instruments,shopping,22577,1032,198.24,0.04571,0.1921
2024-11-10,NY,Shopping | Instruments,shopping,29972,1086,183.1,0.036234,0.1686
2024-11-11,CA,Search | Brand,paid_search,36916,2799,178.38,0.075821,0.0637
2024-11-12,CA,Search | Brand,paid_search,26302,2745,157.2,0.104365,0.0573
2024-11-13,CA,Search | Brand,paid_search,28171,2304,181.5,0.081786,0.0788
2024-11-14,CA,Search | Brand,paid_search,31870,2226,194.61,0.069846,0.0874
2024-11-15,CA,Search | Brand,paid_search,25511,2254,206.29,0.088354,0.0915
2024-11-16,CA,Search | Brand,paid_search,29731,2589,143.7,0.087081,0.0555
2024-11-17,CA,Search | Brand,paid_search,33755,2056,169.4,0.060909,0.0824
2024-11-11,CA,Search | Nonbrand,paid_search,35825,1122,237.48,0.031319,0.2117
2024-11-12,CA,Search | Nonbrand,paid_search,27001,1443,322.29,0.053442,0.2234
2024-11-13,CA,Search | Nonbrand,paid_search,36319,1361,244.69,0.037473,0.1798
2024-11-14,CA,Search | Nonbrand,paid_search,37625,1573,269.7,0.041807,0.1715
2024-11-15,CA,Search | Nonbrand,paid_search,28535,1372,268.34,0.048081,0.1956
2024-11-16,CA,Search | Nonbrand,paid_search,31045,1100,348.2,0.035432,0.3165
2024-11-17,CA,Search | Nonbrand,paid_search,33900,1309,289.44,0.038614,0.2211
2024-11-11,CA,Shopping | Instruments,shopping,32450,954,249.62,0.029399,0.2617
2024-11-12,CA,Shopping | Instruments,shopping,34601,912,247.21,0.026358,0.2711
2024-11-13,CA,Shopping | Instruments,shopping,32858,1260,255.54,0.038347,0.2028
2024-11-14,CA,Shopping | Instruments,shopping,40151,1157,252.92,0.028816,0.2186
2024-11-15,CA,Shopping | Instruments,shopping,29075,1262,247.45,0.043405,0.1961
2024-11-16,CA,Shopping | Instruments,shopping,36529,1225,253.22,0.033535,0.2067
2024-11-17,CA,Shopping | Instruments,shopping,33460,1069,215.74,0.031949,0.2018
2024-11-11,TX,Search | Brand,paid_search,27094,2650,156.16,0.097808,0.0589
2024-11-12,TX,Search | Brand,paid_search,30561,2328,177.47,0.076176,0.0762
2024-11-13,TX,Search | Brand,paid_search,21775,1928,131.11,0.088542,0.068
2024-11-14,TX,Search | Brand,paid_search,26652,1976,158.82,0.074141,0.0804
2024-11-15,TX,Search | Brand,paid_search,23953,2578,181.36,0.107627,0.0703
2024-11-16,TX,Search | Brand,paid_search,32707,1914,175.6,0.05852,0.0917
2024-11-17,TX,Search | Brand,paid_search,28605,1981,129.29,0.069254,0.0653
2024-11-11,TX,Search | Nonbrand,paid_search,26459,1197,208.45,0.04524,0.1741
2024-11-12,TX,Search | Nonbrand,paid_search,24287,1039,169.91,0.04278,0.1635
2024-11-13,TX,Search | Nonbrand,paid_search,27705,1176,210.36,0.042447,0.1789
2024-11-14,TX,Search | Nonbrand,paid_search,24983,855,251.07,0.034223,0.2936
2024-11-15,TX,Search | Nonbrand,paid_search,26512,949,236.55,0.035795,0.2493
2024-11-16,TX,Search | Nonbrand,paid_search,26973,1181,260.81,0.043785,0.2208
2024-11-17,TX,Search | Nonbrand,paid_search,26777,1186,242.66,0.044292,0.2046
2024-11-11,TX,Shopping | Instruments,shopping,23539,877,223.0,0.037257,0.2543
2024-11-12,TX,Shopping | Instruments,shopping,30325,936,173.3,0.030866,0.1851
2024-11-13,TX,Shopping | Instruments,shopping,30293,705,213.55,0.023273,0.3029
2024-11-14,TX,Shopping | Instruments,shopping,31603,771,231.04,0.024396,0.2997
2024-11-15,TX,Shopping | Instruments,shopping,25765,946,177.1,0.036716,0.1872
2024-11-16,TX,Shopping | Instruments,shopping,24808,1021,235.83,0.041156,0.231
2024-11-17,TX,Shopping | Instruments,shopping,31963,791,173.91,0.024747,0.2199
2024-11-11,FL,Search | Brand,paid_search,20329,2337,121.23,0.114959,0.0519
2024-11-12,FL,Search | Brand,paid_search,18912,1908,113.55,0.100888,0.0595
2024-11-13,FL,Search | Brand,paid_search,23933,1616,144.04,0.067522,0.0891
2024-11-14,FL,Search | Brand,paid_search,26127,2362,142.71,0.090405,0.0604
2024-11-15,FL,Search | Brand,paid_search,25061,2231,145.05,0.089023,0.065
2024-11-16,FL,Search | Brand,paid_search,23202,1723,117.86,0.074261,0.0684
2024-11-17,FL,Search | Brand,paid_search,23010,2013,146.9,0.087484,0.073
2024-11-11,FL,Search | Nonbrand,paid_search,27357,1071,217.39,0.039149,0.203
2024-11-12,FL,Search | Nonbrand,paid_search,23316,1279,207.68,0.054855,0.1624
2024-11-13,FL,Search | Nonbrand,paid_search,28424,890,192.91,0.031312,0.2167
2024-11-14,FL,Search | Nonbrand,paid_search,23160,890,250.52,0.038428,0.2815
2024-11-15,FL,Search | Nonbrand,paid_search,25031,1194,197.36,0.047701,0.1653
2024-11-16,FL,Search | Nonbrand,paid_search,23452,1189,213.44,0.050699,0.1795
2024-11-17,FL,Search | Nonbrand,paid_search,25899,1035,239.78,0.039963,0.2317
2024-11-11,FL,Shopping | Instruments,shopping,24290,812,137.69,0.033429,0.1696
2024-11-12,FL,Shopping | Instruments,shopping,18002,575,124.45,0.031941,0.2164
2024-11-13,FL,Shopping | Instruments,shopping,20956,764,175.31,0.036457,0.2295
2024-11-14,FL,Shopping | Instruments,shopping,18208,557,178.37,0.030591,0.3202
2024-11-15,FL,Shopping | Instruments,shopping,25278,714,170.2,0.028246,0.2384
2024-11-16,FL,Shopping | Instruments,shopping,22900,691,148.62,0.030175,0.2151
2024-11-17,FL,Shopping | Instruments,shopping,20102,779,143.46,0.038752,0.1842
2024-11-11,NY,Search | Brand,paid_search,23546,2112,127.18,0.089697,0.0602
2024-11-12,NY,Search | Brand,paid_search,19819,2582,123.51,0.130279,0.0478
2024-11-13,NY,Search | Brand,paid_search,19369,1735,150.0,0.089576,0.0865
2024-11-14,NY,Search | Brand,paid_search,23568,2286,143.8,0.096996,0.0629
2024-11-15,NY,Search | Brand,paid_search,23512,1831,126.79,0.077875,0.0692
2024-11-16,NY,Search | Brand,paid_search,22002,1725,105.0,0.078402,0.0609
2024-11-17,NY,Search | Brand,paid_search,22701,1781,119.92,0.078455,0.0673
2024-11-11,NY,Search | Nonbrand,paid_search,26369,1037,251.54,0.039326,0.2426
2024-11-12,NY,Search | Nonbrand,paid_search,27616,1293,194.86,0.046821,0.1507
2024-11-13,NY,Search | Nonbrand,paid_search,24747,1269,229.5,0.051279,0.1809
2024-11-14,NY,Search | Nonbrand,paid_search,20459,873,218.8,0.042671,0.2506
2024-11-15,NY,Search | Nonbrand,paid_search,22547,1120,180.18,0.049674,0.1609
2024-11-16,NY,Search | Nonbrand,paid_search,28044,1170,184.72,0.04172,0.1579
2024-11-17,NY,Search | Nonbrand,paid_search,19414,1055,195.47,0.054342,0.1853
2024-11-11,NY,Shopping | Instruments,shopping,20155,885,166.69,0.04391,0.1883
2024-11-12,NY,Shopping | Instruments,shopping,25033,641,170.12,0.025606,0.2654
2024-11-13,NY,Shopping | Instruments,shopping,24741,621,143.48,0.0251,0.231
2024-11-14,NY,Shopping | Instruments,shopping,21708,616,207.29,0.028377,0.3365
2024-11-15,NY,Shopping | Instruments,shopping,20751,813,141.04,0.039179,0.1735
2024-11-16,NY,Shopping | Instruments,shopping,26544,687,148.14,0.025882,0.2156
2024-11-17,NY,Shopping | Instruments,shopping,23923,891,195.8,0.037244,0.2197
2024-11-18,CA,Search | Brand,paid_search,38367,2888,167.92,0.075273,0.0581
2024-11-19,CA,Search | Brand,paid_search,29542,2532,188.16,0.085708,0.0743
2024-11-20,CA,Search | Brand,paid_search,27931,2468,178.96,0.088361,0.0725
2024-11-21,CA,Search | Brand,paid_search,26610,3190,155.13,0.11988,0.0486
2024-11-22,CA,Search | Brand,paid_search,35838,2637,221.72,0.073581,0.0841
2024-11-23,CA,Search | Brand,paid_search,33420,2377,185.03,0.071125,0.0778
2024-11-24,CA,Search | Brand,paid_search,35033,2319,218.18,0.066195,0.0941
2024-11-18,CA,Search | Nonbrand,paid_search,33765,1402,352.3,0.041522,0.2513
2024-11-19,CA,Search | Nonbrand,paid_search,37222,1432,358.82,0.038472,0.2506
2024-11-20,CA,Search | Nonbrand,paid_search,29694,1210,248.74,0.040749,0.2056
2024-11-21,CA,Search | Nonbrand,paid_search,42715,1629,274.92,0.038136,0.1688
2024-11-22,CA,Search | Nonbrand,paid_search,35854,1459,305.42,0.040693,0.2093
2024-11-23,CA,Search | Nonbrand,paid_search,31603,1332,303.05,0.042148,0.2275
2024-11-24,CA,Search | Nonbrand,paid_search,38272,1686,299.24,0.044053,0.1775
2024-11-18,CA,Shopping | Instruments,shopping,31190,1228,267.63,0.039372,0.2179
2024-11-19,CA,Shopping | Instruments,shopping,39777,1183,255.1,0.029741,0.2156
2024-11-20,CA,Shopping | Instruments,shopping,36051,1352,286.84,0.037502,0.2122
2024-11-21,CA,Shopping | Instruments,shopping,38502,1019,279.72,0.026466,0.2745
2024-11-22,CA,Shopping | Instruments,shopping,36692,1087,311.57,0.029625,0.2866
2024-11-23,CA,Shopping | Instruments,shopping,35820,1402,232.85,0.03914,0.1661
2024-11-24,CA,Shopping | Instruments,shopping,44077,1211,253.46,0.027475,0.2093
2024-11-18,TX,Search | Brand,paid_search,24267,2528,164.34,0.104174,0.065
2024-11-19,TX,Search | Brand,paid_search,19830,2011,119.43,0.101412,0.0594
2024-11-20,TX,Search | Brand,paid_search,23879,1874,148.2,0.078479,0.0791
2024-11-21,TX,Search | Brand,paid_search,28397,1918,125.84,0.067542,0.0656
2024-11-22,TX,Search | Brand,paid_search,28319,2309,154.88,0.081535,0.0671
2024-11-23,TX,Search | Brand,paid_search,20789,1774,151.58,0.085334,0.0854
2024-11-24,TX,Search | Brand,paid_search,24129,1805,119.47,0.074806,0.0662
2024-11-18,TX,Search | Nonbrand,paid_search,24613,966,198.57,0.039248,0.2056
2024-11-19,TX,Search | Nonbrand,paid_search,23526,943,241.69,0.040083,0.2563
2024-11-20,TX,Search | Nonbrand,paid_search,29161,936,257.56,0.032098,0.2752
2024-11-21,TX,Search | Nonbrand,paid_search,21082,1117,271.79,0.052984,0.2433
2024-11-22,TX,Search | Nonbrand,paid_search,29837,1408,184.76,0.04719,0.1312
2024-11-23,TX,Search | Nonbrand,paid_search,29127,1038,246.35,0.035637,0.2373
2024-11-24,TX,Search | Nonbrand,paid_search,27973,1357,193.04,0.048511,0.1423
2024-11-18,TX,Shopping | Instruments,shopping,36066,904,225.08,0.025065,0.249
2024-11-19,TX,Shopping | Instruments,shopping,35049,962,254.06,0.027447,0.2641
2024-11-20,TX,Shopping | Instruments,shopping,32034,882,243.03,0.027533,0.2755
2024-11-21,TX,Shopping | Instruments,shopping,25189,1111,237.08,0.044107,0.2134
2024-11-22,TX,Shopping | Instruments,shopping,27258,877,198.96,0.032174,0.2269
2024-11-23,TX,Shopping | Instruments,shopping,35065,923,189.46,0.026323,0.2053
2024-11-24,TX,Shopping | Instruments,shopping,25478,1059,208.53,0.041565,0.1969
2024-11-18,FL,Search | Brand,paid_search,25251,2512,147.99,0.099481,0.0589
2024-11-19,FL,Search | Brand,paid_search,21853,1776,137.88,0.08127,0.0776
2024-11-20,FL,Search | Brand,paid_search,26776,2317,137.97,0.086533,0.0595
2024-11-21,FL,Search | Brand,paid_search,19548,2078,151.08,0.106302,0.0727
2024-11-22,FL,Search | Brand,paid_search,29623,1891,131.25,0.063836,0.0694
2024-11-23,FL,Search | Brand,paid_search,24411,2023,139.85,0.082872,0.0691
2024-11-24,FL,Search | Brand,paid_search,19547,2258,122.62,0.115516,0.0543
2024-11-18,FL,Search | Nonbrand,paid_search,27326,956,178.96,0.034985,0.1872
2024-11-19,FL,Search | Nonbrand,paid_search,21022,888,225.84,0.042241,0.2543
2024-11-20,FL,Search | Nonbrand,paid_search,21727,847,207.49,0.038984,0.245
2024-11-21,FL,Search | Nonbrand,paid_search,21520,1221,223.41,0.056738,0.183
2024-11-22,FL,Search | Nonbrand,paid_search,24352,956,218.37,0.039258,0.2284
2024-11-23,FL,Search | Nonbrand,paid_search,23982,966,177.38,0.04028,0.1836
2024-11-24,FL,Search | Nonbrand,paid_search,27151,999,205.45,0.036794,0.2057
2024-11-18,FL,Shopping | Instruments,shopping,27762,700,190.92,0.025214,0.2727
2024-11-19,FL,Shopping | Instruments,shopping,20280,629,151.79,0.031016,0.2413
2024-11-20,FL,Shopping | Instruments,shopping,24312,797,200.87,0.032782,0.252
2024-11-21,FL,Shopping | Instruments,shopping,20303,932,207.18,0.045905,0.2223
2024-11-22,FL,Shopping | Instruments,shopping,27758,812,145.77,0.029253,0.1795
2024-11-23,FL,Shopping | Instruments,shopping,21874,868,163.04,0.039682,0.1878
2024-11-24,FL,Shopping | Instruments,shopping,24700,842,142.75,0.034089,0.1695
2024-11-18,NY,Search | Brand,paid_search,25825,1837,131.44,0.071133,0.0715
2024-11-19,NY,Search | Brand,paid_search,19831,2551,130.63,0.128637,0.0512
2024-11-20,NY,Search | Brand,paid_search,27737,2044,157.06,0.073692,0.0768
2024-11-21,NY,Search | Brand,paid_search,25598,2759,126.99,0.107782,0.046
2024-11-22,NY,Search | Brand,paid_search,22683,2146,160.24,0.094608,0.0747
2024-11-23,NY,Search | Brand,paid_search,23468,2250,154.83,0.095875,0.0688
2024-11-24,NY,Search | Brand,paid_search,28576,1831,146.4,0.064075,0.08
2024-11-18,NY,Search | Nonbrand,paid_search,28090,1143,265.39,0.040691,0.2322
2024-11-19,NY,Search | Nonbrand,paid_search,34166,1174,296.97,0.034362,0.253
2024-11-20,NY,Search | Nonbrand,paid_search,27273,1046,234.13,0.038353,0.2238
2024-11-21,NY,Search | Nonbrand,paid_search,22031,1097,262.92,0.049793,0.2397
2024-11-22,NY,Search | Nonbrand,paid_search,33541,1357,222.59,0.040458,0.164
2024-11-23,NY,Search | Nonbrand,paid_search,26690,1466,228.72,0.054927,0.156
2024-11-24,NY,Search | Nonbrand,paid_search,30881,1042,232.25,0.033742,0.2229
2024-11-18,NY,Shopping | Instruments,shopping,24321,708,158.95,0.029111,0.2245
2024-11-19,NY,Shopping | Instruments,shopping,21294,599,154.56,0.02813,0.258
2024-11-20,NY,Shopping | Instruments,shopping,24408,863,156.83,0.035357,0.1817
2024-11-21,NY,Shopping | Instruments,shopping,26284,850,196.63,0.032339,0.2313
2024-11-22,NY,Shopping | Instruments,shopping,26504,863,209.13,0.032561,0.2423
2024-11-23,NY,Shopping | Instruments,shopping,25044,746,199.06,0.029788,0.2668
2024-11-24,NY,Shopping | Instruments,shopping,25949,768,176.24,0.029597,0.2295
2024-11-25,CA,Search | Brand,paid_search,28974,1972,174.47,0.068061,0.0885
2024-11-26,CA,Search | Brand,paid_search,29206,2761,175.7,0.094535,0.0636
2024-11-27,CA,Search | Brand,paid_search,31751,2082,166.55,0.065573,0.08
2024-11-28,CA,Search | Brand,paid_search,28560,2310,220.14,0.080882,0.0953
2024-11-29,CA,Search | Brand,paid_search,27494,2819,154.26,0.102531,0.0547
2024-11-30,CA,Search | Brand,paid_search,33825,2297,160.42,0.067908,0.0698
2024-12-01,CA,Search | Brand,paid_search,29000,2823,159.57,0.097345,0.0565
2024-11-25,CA,Search | Nonbrand,paid_search,34176,1261,317.27,0.036897,0.2516
2024-11-26,CA,Search | Nonbrand,paid_search,36966,1285,298.42,0.034762,0.2322
2024-11-27,CA,Search | Nonbrand,paid_search,36562,1632,314.82,0.044637,0.1929
2024-11-28,CA,Search | Nonbrand,paid_search,28370,1588,234.03,0.055975,0.1474
2024-11-29,CA,Search | Nonbrand,paid_search,35514,1529,309.68,0.043053,0.2025
2024-11-30,CA,Search | Nonbrand,paid_search,31029,1543,266.36,0.049728,0.1726
2024-12-01,CA,Search | Nonbrand,paid_search,28808,1403,249.68,0.048702,0.178
2024-11-25,CA,Shopping | Instruments,shopping,46640,1168,280.36,0.025043,0.24
2024-11-26,CA,Shopping | Instruments,shopping,33421,1536,247.13,0.045959,0.1609
2024-11-27,CA,Shopping | Instruments,shopping,32131,1260,301.58,0.039214,0.2394
2024-11-28,CA,Shopping | Instruments,shopping,34463,1018,295.22,0.029539,0.29
2024-11-29,CA,Shopping | Instruments,shopping,43766,1054,253.69,0.024083,0.2407
2024-11-30,CA,Shopping | Instruments,shopping,47263,1053,339.23,0.02228,0.3222
2024-12-01,CA,Shopping | Instruments,shopping,33422,1497,234.75,0.044791,0.1568
2024-11-25,TX,Search | Brand,paid_search,25700,2194,131.66,0.08537,0.06
2024-11-26,TX,Search | Brand,paid_search,22709,1675,182.83,0.073759,0.1092
2024-11-27,TX,Search | Brand,paid_search,28414,1829,169.77,0.06437,0.0928
2024-11-28,TX,Search | Brand,paid_search,21621,1969,143.13,0.091069,0.0727
2024-11-29,TX,Search | Brand,paid_search,25425,2105,141.91,0.082793,0.0674
2024-11-30,TX,Search | Brand,paid_search,25159,2477,129.37,0.098454,0.0522
2024-12-01,TX,Search | Brand,paid_search,29165,1796,134.85,0.061581,0.0751
2024-11-25,TX,Search | Nonbrand,paid_search,30061,1052,313.8,0.034996,0.2983
2024-11-26,TX,Search | Nonbrand,paid_search,26877,1540,225.98,0.057298,0.1467
2024-11-27,TX,Search | Nonbrand,paid_search,25692,1469,222.84,0.057177,0.1517
2024-11-28,TX,Search | Nonbrand,paid_search,35277,1013,302.87,0.028716,0.299
2024-11-29,TX,Search | Nonbrand,paid_search,35140,1414,299.28,0.040239,0.2117
2024-11-30,TX,Search | Nonbrand,paid_search,33940,1065,218.3,0.031379,0.205
2024-12-01,TX,Search | Nonbrand,paid_search,30212,1437,284.85,0.047564,0.1982
2024-11-25,TX,Shopping | Instruments,shopping,21173,761,167.27,0.035942,0.2198
2024-11-26,TX,Shopping | Instruments,shopping,29225,960,196.6,0.032849,0.2048
2024-11-27,TX,Shopping | Instruments,shopping,30933,707,175.33,0.022856,0.248
2024-11-28,TX,Shopping | Instruments,shopping,28496,743,158.37,0.026074,0.2131
2024-11-29,TX,Shopping | Instruments,shopping,24746,971,234.34,0.039239,0.2413
2024-11-30,TX,Shopping | Instruments,shopping,26080,1078,173.31,0.041334,0.1608
2024-12-01,TX,Shopping | Instruments,shopping,24639,1037,228.87,0.042088,0.2207
2024-11-25,FL,Search | Brand,paid_search,19062,2056,103.82,0.107859,0.0505
2024-11-26,FL,Search | Brand,paid_search,23212,2007,131.12,0.086464,0.0653
2024-11-27,FL,Search | Brand,paid_search,26972,1562,142.21,0.057912,0.091
2024-11-28,FL,Search | Brand,paid_search,19022,1956,113.39,0.102828,0.058
2024-11-29,FL,Search | Brand,paid_search,20798,1511,103.5,0.072651,0.0685
2024-11-30,FL,Search | Brand,paid_search,19084,1648,134.51,0.086355,0.0816
2024-12-01,FL,Search | Brand,paid_search,18309,1676,120.93,0.09154,0.0722
2024-11-25,FL,Search | Nonbrand,paid_search,20203,1017,189.9,0.050339,0.1867
2024-11-26,FL,Search | Nonbrand,paid_search,20191,961,193.36,0.047595,0.2012
2024-11-27,FL,Search | Nonbrand,paid_search,30470,1220,174.49,0.040039,0.143
2024-11-28,FL,Search | Nonbrand,paid_search,27391,1180,255.24,0.04308,0.2163
2024-11-29,FL,Search | Nonbrand,paid_search,30540,803,205.56,0.026293,0.256
2024-11-30,FL,Search | Nonbrand,paid_search,21083,948,248.68,0.044965,0.2623
2024-12-01,FL,Search | Nonbrand,paid_search,25656,1047,242.38,0.040809,0.2315
2024-11-25,FL,Shopping | Instruments,shopping,24051,696,134.36,0.028939,0.193
2024-11-26,FL,Shopping | Instruments,shopping,21042,687,125.07,0.032649,0.182
2024-11-27,FL,Shopping | Instruments,shopping,22605,781,165.74,0.03455,0.2122
2024-11-28,FL,Shopping | Instruments,shopping,23724,818,169.71,0.03448,0.2075
2024-11-29,FL,Shopping | Instruments,shopping,23717,664,188.97,0.027997,0.2846
2024-11-30,FL,Shopping | Instruments,shopping,25372,926,184.78,0.036497,0.1995
2024-12-01,FL,Shopping | Instruments,shopping,19090,658,180.51,0.034468,0.2743
2024-11-25,NY,Search | Brand,paid_search,18799,1841,118.66,0.097931,0.0645
2024-11-26,NY,Search | Brand,paid_search,21772,1944,119.81,0.089289,0.0616
2024-11-27,NY,Search | Brand,paid_search,19373,1483,140.09,0.07655,0.0945
2024-11-28,NY,Search | Brand,paid_search,26839,1633,106.26,0.060844,0.0651
2024-11-29,NY,Search | Brand,paid_search,25263,1933,129.4,0.076515,0.0669
2024-11-30,NY,Search | Brand,paid_search,20737,1797,127.9,0.086657,0.0712
2024-12-01,NY,Search | Brand,paid_search,19028,1534,138.37,0.080618,0.0902
2024-11-25,NY,Search | Nonbrand,paid_search,19365,966,186.16,0.049884,0.1927
2024-11-26,NY,Search | Nonbrand,paid_search,27572,1032,225.33,0.037429,0.2183
2024-11-27,NY,Search | Nonbrand,paid_search,21625,1094,206.56,0.05059,0.1888
2024-11-28,NY,Search | Nonbrand,paid_search,22557,956,167.78,0.042382,0.1755
2024-11-29,NY,Search | Nonbrand,paid_search,25701,1073,178.72,0.041749,0.1666
2024-11-30,NY,Search | Nonbrand,paid_search,19844,964,240.08,0.048579,0.249
2024-12-01,NY,Search | Nonbrand,paid_search,26402,1214,197.73,0.045981,0.1629
2024-11-25,NY,Shopping | Instruments,shopping,26301,809,189.86,0.030759,0.2347
2024-11-26,NY,Shopping | Instruments,shopping,24409,863,182.58,0.035356,0.2116
2024-11-27,NY,Shopping | Instruments,shopping,23057,865,174.83,0.037516,0.2021
2024-11-28,NY,Shopping | Instruments,shopping,21458,765,149.57,0.035651,0.1955
2024-11-29,NY,Shopping | Instruments,shopping,26936,694,171.86,0.025765,0.2476
2024-11-30,NY,Shopping | Instruments,shopping,19537,876,148.45,0.044838,0.1695
2024-12-01,NY,Shopping | Instruments,shopping,24704,834,180.95,0.03376,0.217
2024-12-02,CA,Search | Brand,paid_search,34139,2761,177.32,0.080875,0.0642
2024-12-03,CA,Search | Brand,paid_search,35347,2672,237.32,0.075593,0.0888
2024-12-04,CA,Search | Brand,paid_search,37930,2331,190.12,0.061455,0.0816
2024-12-05,CA,Search | Brand,paid_search,36932,2684,209.39,0.072674,0.078
2024-12-06,CA,Search | Brand,paid_search,37420,3133,207.82,0.083725,0.0663
2024-12-07,CA,Search | Brand,paid_search,33906,2542,181.31,0.074972,0.0713
2024-12-08,CA,Search | Brand,paid_search,30374,3134,223.79,0.10318,0.0714
2024-12-02,CA,Search | Nonbrand,paid_search,31246,1386,287.58,0.044358,0.2075
2024-12-03,CA,Search | Nonbrand,paid_search,36515,1530,305.41,0.041901,0.1996
2024-12-04,CA,Search | Nonbrand,paid_search,36589,1413,284.49,0.038618,0.2013
2024-12-05,CA,Search | Nonbrand,paid_search,26996,1171,230.22,0.043377,0.1966
2024-12-06,CA,Search | Nonbrand,paid_search,35831,1654,297.46,0.046161,0.1798
2024-12-07,CA,Search | Nonbrand,paid_search,30356,1703,327.27,0.056101,0.1922
2024-12-08,CA,Search | Nonbrand,paid_search,32694,1565,247.52,0.047868,0.1582
2024-12-02,CA,Shopping | Instruments,shopping,28256,915,213.85,0.032383,0.2337
2024-12-03,CA,Shopping | Instruments,shopping,36284,1094,275.87,0.030151,0.2522
2024-12-04,CA,Shopping | Instruments,shopping,26101,1055,198.3,0.04042,0.188
2024-12-05,CA,Shopping | Instruments,shopping,35122,1269,272.7,0.036131,0.2149
2024-12-06,CA,Shopping | Instruments,shopping,39714,1175,234.81,0.029587,0.1998
2024-12-07,CA,Shopping | Instruments,shopping,30171,1291,217.39,0.042789,0.1684
2024-12-08,CA,Shopping | Instruments,shopping,34116,1024,241.39,0.030015,0.2357
2024-12-02,TX,Search | Brand,paid_search,30700,2819,142.74,0.091824,0.0506
2024-12-03,TX,Search | Brand,paid_search,22448,2582,163.09,0.115021,0.0632
2024-12-04,TX,Search | Brand,paid_search,22428,2177,172.87,0.097066,0.0794
2024-12-05,TX,Search | Brand,paid_search,33912,1842,179.24,0.054317,0.0973
2024-12-06,TX,Search | Brand,paid_search,31559,2265,196.71,0.07177,0.0868
2024-12-07,TX,Search | Brand,paid_search,25801,2662,150.69,0.103174,0.0566
2024-12-08,TX,Search | Brand,paid_search,34506,1848,162.52,0.053556,0.0879
2024-12-02,TX,Search | Nonbrand,paid_search,32223,1211,230.15,0.037582,0.19
2024-12-03,TX,Search | Nonbrand,paid_search,31556,1482,273.06,0.046964,0.1842
2024-12-04,TX,Search | Nonbrand,paid_search,34785,1215,232.06,0.034929,0.191
2024-12-05,TX,Search | Nonbrand,paid_search,28944,1516,286.74,0.052377,0.1891
2024-12-06,TX,Search | Nonbrand,paid_search,34110,1457,294.71,0.042715,0.2023
2024-12-07,TX,Search | Nonbrand,paid_search,24327,1512,216.5,0.062153,0.1432
2024-12-08,TX,Search | Nonbrand,paid_search,28338,1033,309.62,0.036453,0.2997
2024-12-02,TX,Shopping | Instruments,shopping,30651,884,254.2,0.028841,0.2876
2024-12-03,TX,Shopping | Instruments,shopping,34622,902,232.52,0.026053,0.2578
2024-12-04,TX,Shopping | Instruments,shopping,33765,1063,174.97,0.031482,0.1646
2024-12-05,TX,Shopping | Instruments,shopping,29836,1040,206.11,0.034857,0.1982
2024-12-06,TX,Shopping | Instruments,shopping,30147,932,219.32,0.030915,0.2353
2024-12-07,TX,Shopping | Instruments,shopping,25922,995,232.45,0.038384,0.2336
2024-12-08,TX,Shopping | Instruments,shopping,24970,1089,191.8,0.043612,0.1761
2024-12-02,FL,Search | Brand,paid_search,20741,1820,113.33,0.087749,0.0623
2024-12-03,FL,Search | Brand,paid_search,24726,2073,114.12,0.083839,0.0551
2024-12-04,FL,Search | Brand,paid_search,17000,1629,127.55,0.095824,0.0783
2024-12-05,FL,Search | Brand,paid_search,18184,1687,112.05,0.092774,0.0664
2024-12-06,FL,Search | Brand,paid_search,20322,1556,99.14,0.076567,0.0637
2024-12-07,FL,Search | Brand,paid_search,20507,1530,129.68,0.074609,0.0848
2024-12-08,FL,Search | Brand,paid_search,18928,1701,118.49,0.089867,0.0697
2024-12-02,FL,Search | Nonbrand,paid_search,22512,1005,201.0,0.044643,0.2
2024-12-03,FL,Search | Nonbrand,paid_search,23009,891,207.13,0.038724,0.2325
2024-12-04,FL,Search | Nonbrand,paid_search,27232,1294,232.99,0.047518,0.1801
2024-12-05,FL,Search | Nonbrand,paid_search,22918,1054,242.14,0.04599,0.2297
2024-12-06,FL,Search | Nonbrand,paid_search,25472,1197,244.41,0.046993,0.2042
2024-12-07,FL,Search | Nonbrand,paid_search,23700,929,180.18,0.039198,0.1939
2024-12-08,FL,Search | Nonbrand,paid_search,29925,1107,195.15,0.036992,0.1763
2024-12-02,FL,Shopping | Instruments,shopping,31165,927,172.82,0.029745,0.1864
2024-12-03,FL,Shopping | Instruments,shopping,23965,888,185.87,0.037054,0.2093
2024-12-04,FL,Shopping | Instruments,shopping,31274,790,198.84,0.025261,0.2517
2024-12-05,FL,Shopping | Instruments,shopping,22254,886,211.9,0.039813,0.2392
2024-12-06,FL,Shopping | Instruments,shopping,24355,738,154.7,0.030302,0.2096
2024-12-07,FL,Shopping | Instruments,shopping,22592,839,176.77,0.037137,0.2107
2024-12-08,FL,Shopping | Instruments,shopping,22844,741,183.91,0.032437,0.2482
2024-12-02,NY,Search | Brand,paid_search,23150,2377,114.94,0.102678,0.0484
2024-12-03,NY,Search | Brand,paid_search,24114,1870,112.76,0.077548,0.0603
2024-12-04,NY,Search | Brand,paid_search,25838,1756,138.54,0.067962,0.0789
2024-12-05,NY,Search | Brand,paid_search,21380,2394,166.19,0.111974,0.0694
2024-12-06,NY,Search | Brand,paid_search,27190,1904,163.71,0.070026,0.086
2024-12-07,NY,Search | Brand,paid_search,24644,2197,158.87,0.089149,0.0723
2024-12-08,NY,Search | Brand,paid_search,24369,2405,134.95,0.098691,0.0561
2024-12-02,NY,Search | Nonbrand,paid_search,30425,1355,226.7,0.044536,0.1673
2024-12-03,NY,Search | Nonbrand,paid_search,23965,1109,266.35,0.046276,0.2402
2024-12-04,NY,Search | Nonbrand,paid_search,32749,1199,282.39,0.036612,0.2355
2024-12-05,NY,Search | Nonbrand,paid_search,31747,1220,197.83,0.038429,0.1622
2024-12-06,NY,Search | Nonbrand,paid_search,24642,1165,274.89,0.047277,0.236
2024-12-07,NY,Search | Nonbrand,paid_search,23705,1407,213.97,0.059355,0.1521
2024-12-08,NY,Search | Nonbrand,paid_search,27929,1230,216.25,0.04404,0.1758
2024-12-02,NY,Shopping | Instruments,shopping,30651,1012,173.74,0.033017,0.1717
2024-12-03,NY,Shopping | Instruments,shopping,29051,820,190.46,0.028226,0.2323
2024-12-04,NY,Shopping | Instruments,shopping,24056,658,182.12,0.027353,0.2768
2024-12-05,NY,Shopping | Instruments,shopping,24885,1003,158.48,0.040305,0.158
2024-12-06,NY,Shopping | Instruments,shopping,25795,719,206.14,0.027874,0.2867
2024-12-07,NY,Shopping | Instruments,shopping,26800,754,222.86,0.028134,0.2956
2024-12-08,NY,Shopping | Instruments,shopping,21945,683,185.12,0.031123,0.271
2024-12-09,CA,Search | Brand,paid_search,36273,2303,195.75,0.063491,0.085
2024-12-10,CA,Search | Brand,paid_search,36139,2864,171.8,0.07925,0.06
2024-12-11,CA,Search | Brand,paid_search,32430,2868,184.35,0.088437,0.0643
2024-12-12,CA,Search | Brand,paid_search,27096,2855,184.05,0.105366,0.0645
2024-12-13,CA,Search | Brand,paid_search,27970,2302,193.42,0.082302,0.084
2024-12-14,CA,Search | Brand,paid_search,31103,2412,191.51,0.077549,0.0794
2024-12-15,CA,Search | Brand,paid_search,38469,2520,210.1,0.065507,0.0834
2024-12-09,CA,Search | Nonbrand,paid_search,38177,1703,287.29,0.044608,0.1687
2024-12-10,CA,Search | Nonbrand,paid_search,40120,1390,344.78,0.034646,0.248
2024-12-11,CA,Search | Nonbrand,paid_search,34666,1379,336.76,0.03978,0.2442
2024-12-12,CA,Search | Nonbrand,paid_search,33770,1483,359.74,0.043915,0.2426
2024-12-13,CA,Search | Nonbrand,paid_search,43790,1539,306.97,0.035145,0.1995
2024-12-14,CA,Search | Nonbrand,paid_search,35964,1348,250.43,0.037482,0.1858
2024-12-15,CA,Search | Nonbrand,paid_search,29492,1887,315.46,0.063983,0.1672
2024-12-09,CA,Shopping | Instruments,shopping,29322,1062,308.06,0.036219,0.2901
2024-12-10,CA,Shopping | Instruments,shopping,40421,1177,255.71,0.029119,0.2173
2024-12-11,CA,Shopping | Instruments,shopping,42523,1088,246.86,0.025586,0.2269
2024-12-12,CA,Shopping | Instruments,shopping,42989,1352,317.85,0.03145,0.2351
2024-12-13,CA,Shopping | Instruments,shopping,39613,1284,291.84,0.032414,0.2273
2024-12-14,CA,Shopping | Instruments,shopping,40398,1508,282.31,0.037329,0.1872
2024-12-15,CA,Shopping | Instruments,shopping,35502,1347,246.91,0.037942,0.1833
2024-12-09,TX,Search | Brand,paid_search,25688,2072,175.91,0.08066,0.0849
2024-12-10,TX,Search | Brand,paid_search,30811,2932,166.37,0.095161,0.0567
2024-12-11,TX,Search | Brand,paid_search,29112,2427,202.96,0.083368,0.0836
2024-12-12,TX,Search | Brand,paid_search,33348,2509,132.48,0.075237,0.0528
2024-12-13,TX,Search | Brand,paid_search,26771,2898,169.63,0.108251,0.0585
2024-12-14,TX,Search | Brand,paid_search,29738,2126,166.23,0.071491,0.0782
2024-12-15,TX,Search | Brand,paid_search,24828,2661,148.15,0.107177,0.0557
2024-12-09,TX,Search | Nonbrand,paid_search,24933,1340,216.1,0.053744,0.1613
2024-12-10,TX,Search | Nonbrand,paid_search,28983,1266,211.65,0.043681,0.1672
2024-12-11,TX,Search | Nonbrand,paid_search,24490,1213,251.78,0.04953,0.2076
2024-12-12,TX,Search | Nonbrand,paid_search,25560,1373,256.04,0.053717,0.1865
2024-12-13,TX,Search | Nonbrand,paid_search,29457,1246,210.65,0.042299,0.1691
2024-12-14,TX,Search | Nonbrand,paid_search,23312,1093,230.1,0.046886,0.2105
2024-12-15,TX,Search | Nonbrand,paid_search,31793,910,245.0,0.028623,0.2692
2024-12-09,TX,Shopping | Instruments,shopping,32591,859,223.77,0.026357,0.2605
2024-12-10,TX,Shopping | Instruments,shopping,29781,1012,230.86,0.033981,0.2281
2024-12-11,TX,Shopping | Instruments,shopping,25422,840,187.96,0.033042,0.2238
2024-12-12,TX,Shopping | Instruments,shopping,29788,854,188.53,0.028669,0.2208
2024-12-13,TX,Shopping | Instruments,shopping,26202,861,197.49,0.03286,0.2294
2024-12-14,TX,Shopping | Instruments,shopping,24221,939,233.67,0.038768,0.2489
2024-12-15,TX,Shopping | Instruments,shopping,31227,1030,172.19,0.032984,0.1672
2024-12-09,FL,Search | Brand,paid_search,20915,1497,122.22,0.071575,0.0816
2024-12-10,FL,Search | Brand,paid_search,28360,1509,110.91,0.053209,0.0735
2024-12-11,FL,Search | Brand,paid_search,25762,2175,143.26,0.084427,0.0659
2024-12-12,FL,Search | Brand,paid_search,21776,2196,110.68,0.100845,0.0504
2024-12-13,FL,Search | Brand,paid_search,18590,1787,155.75,0.096127,0.0872
2024-12-14,FL,Search | Brand,paid_search,19451,1636,148.33,0.084109,0.0907
2024-12-15,FL,Search | Brand,paid_search,27449,2215,150.21,0.080695,0.0678
2024-12-09,FL,Search | Nonbrand,paid_search,25803,1060,209.32,0.04108,0.1975
2024-12-10,FL,Search | Nonbrand,paid_search,22660,1249,168.2,0.055119,0.1347
2024-12-11,FL,Search | Nonbrand,paid_search,21997,1021,261.72,0.046415,0.2563
2024-12-12,FL,Search | Nonbrand,paid_search,26508,1166,174.6,0.043987,0.1497
2024-12-13,FL,Search | Nonbrand,paid_search,24538,925,215.23,0.037697,0.2327
2024-12-14,FL,Search | Nonbrand,paid_search,26739,918,220.79,0.034332,0.2405
2024-12-15,FL,Search | Nonbrand,paid_search,25381,896,243.33,0.035302,0.2716
2024-12-09,FL,Shopping | Instruments,shopping,24024,854,157.5,0.035548,0.1844
2024-12-10,FL,Shopping | Instruments,shopping,17913,841,148.8,0.046949,0.1769
2024-12-11,FL,Shopping | Instruments,shopping,24445,850,165.32,0.034772,0.1945
2024-12-12,FL,Shopping | Instruments,shopping,24364,697,117.14,0.028608,0.1681
2024-12-13,FL,Shopping | Instruments,shopping,21501,582,152.04,0.027069,0.2612
2024-12-14,FL,Shopping | Instruments,shopping,17635,570,170.55,0.032322,0.2992
2024-12-15,FL,Shopping | Instruments,shopping,21061,592,175.44,0.028109,0.2964
2024-12-09,NY,Search | Brand,paid_search,19894,1516,136.75,0.076204,0.0902
2024-12-10,NY,Search | Brand,paid_search,26226,1837,139.96,0.070045,0.0762
2024-12-11,NY,Search | Brand,paid_search,25073,1599,110.28,0.063774,0.069
2024-12-12,NY,Search | Brand,paid_search,22830,1983,118.54,0.086859,0.0598
2024-12-13,NY,Search | Brand,paid_search,21184,2165,117.71,0.1022,0.0544
2024-12-14,NY,Search | Brand,paid_search,17880,2012,132.38,0.112528,0.0658
2024-12-15,NY,Search | Brand,paid_search,18024,1639,120.81,0.090934,0.0737
2024-12-09,NY,Search | Nonbrand,paid_search,19630,980,257.18,0.049924,0.2624
2024-12-10,NY,Search | Nonbrand,paid_search,23052,1201,177.09,0.0521,0.1475
2024-12-11,NY,Search | Nonbrand,paid_search,25930,1236,199.3,0.047667,0.1612
2024-12-12,NY,Search | Nonbrand,paid_search,25410,1243,208.55,0.048918,0.1678
2024-12-13,NY,Search | Nonbrand,paid_search,27620,950,232.06,0.034395,0.2443
2024-12-14,NY,Search | Nonbrand,paid_search,27857,1122,187.22,0.040277,0.1669
2024-12-15,NY,Search | Nonbrand,paid_search,20749,1034,202.74,0.049834,0.1961
2024-12-09,NY,Shopping | Instruments,shopping,24260,857,153.53,0.035326,0.1791
2024-12-10,NY,Shopping | Instruments,shopping,24942,910,178.6,0.036485,0.1963
2024-12-11,NY,Shopping | Instruments,shopping,26135,760,184.02,0.02908,0.2421
2024-12-12,NY,Shopping | Instruments,shopping,27973,826,205.08,0.029528,0.2483
2024-12-13,NY,Shopping | Instruments,shopping,21497,640,211.43,0.029772,0.3304
2024-12-14,NY,Shopping | Instruments,shopping,24604,816,187.93,0.033165,0.2303
2024-12-15,NY,Shopping | Instruments,shopping,29232,718,165.64,0.024562,0.2307
2024-12-16,CA,Search | Brand,paid_search,31729,2945,217.94,0.092817,0.074
2024-12-17,CA,Search | Brand,paid_search,34518,3299,235.15,0.095573,0.0713
2024-12-18,CA,Search | Brand,paid_search,40181,2589,213.55,0.064433,0.0825
2024-12-19,CA,Search | Brand,paid_search,35873,3255,181.93,0.090737,0.0559
2024-12-20,CA,Search | Brand,paid_search,32184,2942,195.46,0.091412,0.0664
2024-12-21,CA,Search | Brand,paid_search,34606,2340,199.62,0.067618,0.0853
2024-12-22,CA,Search | Brand,paid_search,37868,3061,188.71,0.080833,0.0617
2024-12-16,CA,Search | Nonbrand,paid_search,38374,1390,249.28,0.036222,0.1793
2024-12-17,CA,Search | Nonbrand,paid_search,36281,1482,277.96,0.040848,0.1876
2024-12-18,CA,Search | Nonbrand,paid_search,35385,1451,290.09,0.041006,0.1999
2024-12-19,CA,Search | Nonbrand,paid_search,37787,1500,295.8,0.039696,0.1972
2024-12-20,CA,Search | Nonbrand,paid_search,27637,1215,257.21,0.043963,0.2117
2024-12-21,CA,Search | Nonbrand,paid_search,27909,1377,332.3,0.049339,0.2413
2024-12-22,CA,Search | Nonbrand,paid_search,35424,1657,351.02,0.046776,0.2118
2024-12-16,CA,Shopping | Instruments,shopping,30420,1177,195.07,0.038692,0.1657
2024-12-17,CA,Shopping | Instruments,shopping,35281,936,279.4,0.02653,0.2985
2024-12-18,CA,Shopping | Instruments,shopping,32583,879,265.86,0.026977,0.3025
2024-12-19,CA,Shopping | Instruments,shopping,29922,1234,205.55,0.041241,0.1666
2024-12-20,CA,Shopping | Instruments,shopping,37176,1098,285.6,0.029535,0.2601
2024-12-21,CA,Shopping | Instruments,shopping,39878,969,217.73,0.024299,0.2247
2024-12-22,CA,Shopping | Instruments,shopping,29129,844,238.39,0.028975,0.2825
2024-12-16,TX,Search | Brand,paid_search,21612,2218,141.16,0.102628,0.0636
2024-12-17,TX,Search | Brand,paid_search,19924,1855,154.11,0.093104,0.0831
2024-12-18,TX,Search | Brand,paid_search,24813,1822,141.33,0.073429,0.0776
2024-12-19,TX,Search | Brand,paid_search,28001,2513,132.8,0.089747,0.0528
2024-12-20,TX,Search | Brand,paid_search,24084,1843,119.23,0.076524,0.0647
2024-12-21,TX,Search | Brand,paid_search,20198,1647,122.72,0.081543,0.0745
2024-12-22,TX,Search | Brand,paid_search,27598,1921,152.77,0.069606,0.0795
2024-12-16,TX,Search | Nonbrand,paid_search,26275,1061,262.56,0.040381,0.2475
2024-12-17,TX,Search | Nonbrand,paid_search,29706,1227,206.75,0.041305,0.1685
2024-12-18,TX,Search | Nonbrand,paid_search,30588,1223,215.3,0.039983,0.176
2024-12-19,TX,Search | Nonbrand,paid_search,24588,1155,257.0,0.046974,0.2225
2024-12-20,TX,Search | Nonbrand,paid_search,28233,1127,254.53,0.039918,0.2258
2024-12-21,TX,Search | Nonbrand,paid_search,26056,1179,258.24,0.045249,0.219
2024-12-22,TX,Search | Nonbrand,paid_search,25490,1048,187.67,0.041114,0.1791
2024-12-16,TX,Shopping | Instruments,shopping,22665,1061,201.42,0.046812,0.1898
2024-12-17,TX,Shopping | Instruments,shopping,29159,1084,191.28,0.037175,0.1765
2024-12-18,TX,Shopping | Instruments,shopping,25260,872,169.16,0.034521,0.194
2024-12-19,TX,Shopping | Instruments,shopping,24109,791,223.77,0.032809,0.2829
2024-12-20,TX,Shopping | Instruments,shopping,26236,907,211.78,0.034571,0.2335
2024-12-21,TX,Shopping | Instruments,shopping,31724,744,195.48,0.023452,0.2627
2024-12-22,TX,Shopping | Instruments,shopping,31985,856,183.3,0.026763,0.2141
2024-12-16,FL,Search | Brand,paid_search,28516,2006,125.86,0.070346,0.0627
2024-12-17,FL,Search | Brand,paid_search,23354,2545,178.84,0.108975,0.0703
2024-12-18,FL,Search | Brand,paid_search,25918,2447,136.6,0.094413,0.0558
2024-12-19,FL,Search | Brand,paid_search,28794,2254,126.34,0.07828,0.0561
2024-12-20,FL,Search | Brand,paid_search,22081,1717,126.92,0.077759,0.0739
2024-12-21,FL,Search | Brand,paid_search,21903,2398,128.46,0.109483,0.0536
2024-12-22,FL,Search | Brand,paid_search,21208,1968,173.26,0.092795,0.088
2024-12-16,FL,Search | Nonbrand,paid_search,32041,1382,223.05,0.043132,0.1614
2024-12-17,FL,Search | Nonbrand,paid_search,26367,1407,253.49,0.053362,0.1802
2024-12-18,FL,Search | Nonbrand,paid_search,29100,1258,233.49,0.04323,0.1856
2024-12-19,FL,Search | Nonbrand,paid_search,26674,1032,213.76,0.038689,0.2071
2024-12-20,FL,Search | Nonbrand,paid_search,24273,1019,305.21,0.041981,0.2995
2024-12-21,FL,Search | Nonbrand,paid_search,30604,1437,227.92,0.046955,0.1586
2024-12-22,FL,Search | Nonbrand,paid_search,28844,1059,245.03,0.036715,0.2314
2024-12-16,FL,Shopping | Instruments,shopping,25806,720,190.76,0.0279,0.265
2024-12-17,FL,Shopping | Instruments,shopping,27965,770,204.97,0.027534,0.2662
2024-12-18,FL,Shopping | Instruments,shopping,20987,907,169.8,0.043217,0.1872
2024-12-19,FL,Shopping | Instruments,shopping,24442,688,187.69,0.028148,0.2728
2024-12-20,FL,Shopping | Instruments,shopping,26131,665,148.36,0.025449,0.2231
2024-12-21,FL,Shopping | Instruments,shopping,26412,917,174.21,0.034719,0.19
2024-12-22,FL,Shopping | Instruments,shopping,23307,927,184.56,0.039773,0.1991
2024-12-16,NY,Search | Brand,paid_search,24323,2001,146.26,0.082268,0.0731
2024-12-17,NY,Search | Brand,paid_search,19122,2215,128.66,0.115835,0.0581
2024-12-18,NY,Search | Brand,paid_search,23621,1736,142.55,0.073494,0.0821
2024-12-19,NY,Search | Brand,paid_search,24196,2321,149.54,0.095925,0.0644
2024-12-20,NY,Search | Brand,paid_search,26589,1850,132.38,0.069578,0.0716
2024-12-21,NY,Search | Brand,paid_search,20991,1856,124.0,0.088419,0.0668
2024-12-22,NY,Search | Brand,paid_search,25979,1901,132.57,0.073174,0.0697
2024-12-16,NY,Search | Nonbrand,paid_search,29552,1347,273.04,0.045581,0.2027
2024-12-17,NY,Search | Nonbrand,paid_search,28990,1147,224.59,0.039565,0.1958
2024-12-18,NY,Search | Nonbrand,paid_search,31684,1123,272.07,0.035444,0.2423
2024-12-19,NY,Search | Nonbrand,paid_search,30313,1359,270.6,0.044832,0.1991
2024-12-20,NY,Search | Nonbrand,paid_search,32534,1572,235.63,0.048319,0.1499
2024-12-21,NY,Search | Nonbrand,paid_search,26699,1183,303.97,0.044309,0.257
2024-12-22,NY,Search | Nonbrand,paid_search,28391,1114,210.3,0.039238,0.1888
2024-12-16,NY,Shopping | Instruments,shopping,25213,838,216.37,0.033237,0.2582
2024-12-17,NY,Shopping | Instruments,shopping,24273,780,188.37,0.032134,0.2415
2024-12-18,NY,Shopping | Instruments,shopping,29086,919,162.11,0.031596,0.1764
2024-12-19,NY,Shopping | Instruments,shopping,24763,837,156.33,0.0338,0.1868
2024-12-20,NY,Shopping | Instruments,shopping,27951,846,201.52,0.030267,0.2382
2024-12-21,NY,Shopping | Instruments,shopping,28818,665,214.75,0.023076,0.3229
2024-12-22,NY,Shopping | Instruments,shopping,19587,942,154.32,0.048093,0.1638
2024-12-23,CA,Search | Brand,paid_search,35510,3231,197.28,0.090988,0.0611
2024-12-24,CA,Search | Brand,paid_search,39171,2504,215.6,0.063925,0.0861
2024-12-25,CA,Search | Brand,paid_search,31668,3148,231.3,0.099406,0.0735
2024-12-26,CA,Search | Brand,paid_search,40621,3349,217.56,0.082445,0.065
2024-12-27,CA,Search | Brand,paid_search,38189,3299,198.99,0.086386,0.0603
2024-12-28,CA,Search | Brand,paid_search,27299,3324,228.25,0.121763,0.0687
2024-12-29,CA,Search | Brand,paid_search,41712,2954,185.21,0.070819,0.0627
2024-12-23,CA,Search | Nonbrand,paid_search,37314,1847,234.84,0.049499,0.1271
2024-12-24,CA,Search | Nonbrand,paid_search,37987,1774,355.93,0.0467,0.2006
2024-12-25,CA,Search | Nonbrand,paid_search,39082,1414,259.34,0.03618,0.1834
2024-12-26,CA,Search | Nonbrand,paid_search,33236,1490,363.84,0.044831,0.2442
2024-12-27,CA,Search | Nonbrand,paid_search,38395,2051,336.7,0.053418,0.1642
2024-12-28,CA,Search | Nonbrand,paid_search,37278,1545,357.62,0.041445,0.2315
2024-12-29,CA,Search | Nonbrand,paid_search,40503,1785,360.38,0.044071,0.2019
2024-12-23,CA,Shopping | Instruments,shopping,33451,951,237.16,0.02843,0.2494
2024-12-24,CA,Shopping | Instruments,shopping,34036,1137,200.54,0.033406,0.1764
2024-12-25,CA,Shopping | Instruments,shopping,32050,961,244.34,0.029984,0.2543
2024-12-26,CA,Shopping | Instruments,shopping,33058,1206,221.5,0.036481,0.1837
2024-12-27,CA,Shopping | Instruments,shopping,33882,878,205.22,0.025913,0.2337
2024-12-28,CA,Shopping | Instruments,shopping,22300,883,202.23,0.039596,0.229
2024-12-29,CA,Shopping | Instruments,shopping,27062,1093,243.05,0.040389,0.2224
2024-12-23,TX,Search | Brand,paid_search,29877,2254,176.22,0.075443,0.0782
2024-12-24,TX,Search | Brand,paid_search,26513,1905,115.1,0.071852,0.0604
2024-12-25,TX,Search | Brand,paid_search,24112,1832,114.61,0.075979,0.0626
2024-12-26,TX,Search | Brand,paid_search,25836,2408,163.94,0.093203,0.0681
2024-12-27,TX,Search | Brand,paid_search,24111,2437,133.09,0.101074,0.0546
2024-12-28,TX,Search | Brand,paid_search,29752,2534,170.36,0.085171,0.0672
2024-12-29,TX,Search | Brand,paid_search,20306,2001,173.63,0.098542,0.0868
2024-12-23,TX,Search | Nonbrand,paid_search,29986,1078,296.47,0.03595,0.275
2024-12-24,TX,Search | Nonbrand,paid_search,28723,1158,232.59,0.040316,0.2009
2024-12-25,TX,Search | Nonbrand,paid_search,32008,1281,246.07,0.040021,0.1921
2024-12-26,TX,Search | Nonbrand,paid_search,30945,1519,242.94,0.049087,0.1599
2024-12-27,TX,Search | Nonbrand,paid_search,25034,1256,305.1,0.050172,0.2429
2024-12-28,TX,Search | Nonbrand,paid_search,34147,1091,241.88,0.03195,0.2217
2024-12-29,TX,Search | Nonbrand,paid_search,27677,1504,228.23,0.054341,0.1517
2024-12-23,TX,Shopping | Instruments,shopping,31139,838,247.52,0.026912,0.2954
2024-12-24,TX,Shopping | Instruments,shopping,34285,1031,231.33,0.030071,0.2244
2024-12-25,TX,Shopping | Instruments,shopping,36821,969,196.27,0.026317,0.2025
2024-12-26,TX,Shopping | Instruments,shopping,28184,1019,259.98,0.036155,0.2551
2024-12-27,TX,Shopping | Instruments,shopping,35231,1079,259.33,0.030626,0.2403
2024-12-28,TX,Shopping | Instruments,shopping,34800,1105,213.75,0.031753,0.1934
2024-12-29,TX,Shopping | Instruments,shopping,25931,804,221.83,0.031005,0.2759
2024-12-23,FL,Search | Brand,paid_search,27337,1867,152.89,0.068296,0.0819
2024-12-24,FL,Search | Brand,paid_search,22206,1642,127.92,0.073944,0.0779
2024-12-25,FL,Search | Brand,paid_search,27818,2242,122.01,0.080595,0.0544
2024-12-26,FL,Search | Brand,paid_search,19038,2068,145.05,0.108625,0.0701
2024-12-27,FL,Search | Brand,paid_search,19148,2208,133.57,0.115312,0.0605
2024-12-28,FL,Search | Brand,paid_search,21642,2304,115.13,0.10646,0.05
2024-12-29,FL,Search | Brand,paid_search,23192,1707,133.63,0.073603,0.0783
2024-12-23,FL,Search | Nonbrand,paid_search,27060,1515,268.22,0.055987,0.177
2024-12-24,FL,Search | Nonbrand,paid_search,31970,1505,259.07,0.047075,0.1721
2024-12-25,FL,Search | Nonbrand,paid_search,23975,997,260.85,0.041585,0.2616
2024-12-26,FL,Search | Nonbrand,paid_search,22581,1059,244.72,0.046898,0.2311
2024-12-27,FL,Search | Nonbrand,paid_search,31669,1110,191.42,0.03505,0.1724
2024-12-28,FL,Search | Nonbrand,paid_search,31735,1376,259.11,0.043359,0.1883
2024-12-29,FL,Search | Nonbrand,paid_search,31491,1060,240.76,0.03366,0.2271
2024-12-23,FL,Shopping | Instruments,shopping,20799,738,170.01,0.035482,0.2304
2024-12-24,FL,Shopping | Instruments,shopping,29446,994,154.67,0.033757,0.1556
2024-12-25,FL,Shopping | Instruments,shopping,27677,786,223.82,0.028399,0.2848
2024-12-26,FL,Shopping | Instruments,shopping,23902,1100,171.36,0.046021,0.1558
2024-12-27,FL,Shopping | Instruments,shopping,23407,945,176.2,0.040373,0.1865
2024-12-28,FL,Shopping | Instruments,shopping,29442,729,201.19,0.024761,0.276
2024-12-29,FL,Shopping | Instruments,shopping,24885,873,195.57,0.035081,0.224
2024-12-23,NY,Search | Brand,paid_search,26396,1948,142.02,0.073799,0.0729
2024-12-24,NY,Search | Brand,paid_search,21741,1670,157.67,0.076813,0.0944
2024-12-25,NY,Search | Brand,paid_search,26349,2045,131.68,0.077612,0.0644
2024-12-26,NY,Search | Brand,paid_search,25031,2406,147.77,0.096121,0.0614
2024-12-27,NY,Search | Brand,paid_search,29425,1675,150.67,0.056924,0.09
2024-12-28,NY,Search | Brand,paid_search,24354,2111,131.15,0.08668,0.0621
2024-12-29,NY,Search | Brand,paid_search,22329,1884,157.66,0.084375,0.0837
2024-12-23,NY,Search | Nonbrand,paid_search,27927,1267,230.59,0.045368,0.182
2024-12-24,NY,Search | Nonbrand,paid_search,24514,1043,208.35,0.042547,0.1998
2024-12-25,NY,Search | Nonbrand,paid_search,26073,1169,271.15,0.044836,0.2319
2024-12-26,NY,Search | Nonbrand,paid_search,25158,1049,195.24,0.041696,0.1861
2024-12-27,NY,Search | Nonbrand,paid_search,35076,864,259.09,0.024632,0.2999
2024-12-28,NY,Search | Nonbrand,paid_search,28284,1301,201.34,0.045998,0.1548
2024-12-29,NY,Search | Nonbrand,paid_search,23855,1296,275.87,0.054328,0.2129
2024-12-23,NY,Shopping | Instruments,shopping,33915,859,194.29,0.025328,0.2262
2024-12-24,NY,Shopping | Instruments,shopping,26739,1045,200.92,0.039081,0.1923
2024-12-25,NY,Shopping | Instruments,shopping,31157,694,194.36,0.022274,0.2801
2024-12-26,NY,Shopping | Instruments,shopping,25257,712,196.54,0.02819,0.276
2024-12-27,NY,Shopping | Instruments,shopping,25034,976,196.19,0.038987,0.201
2024-12-28,NY,Shopping | Instruments,shopping,23191,805,209.36,0.034712,0.2601
2024-12-29,NY,Shopping | Instruments,shopping,33885,947,242.43,0.027947,0.256
2024-12-30,CA,Search | Brand,paid_search,33107,3869,202.32,0.116864,0.0523
2024-12-31,CA,Search | Brand,paid_search,33557,2876,178.92,0.085705,0.0622
2025-01-01,CA,Search | Brand,paid_search,31143,3147,191.33,0.10105,0.0608
2025-01-02,CA,Search | Brand,paid_search,45941,2909,184.22,0.06332,0.0633
2025-01-03,CA,Search | Brand,paid_search,31143,2626,189.62,0.084321,0.0722
2025-01-04,CA,Search | Brand,paid_search,30929,3122,262.09,0.100941,0.0839
2025-01-05,CA,Search | Brand,paid_search,42036,2675,229.06,0.063636,0.0856
2024-12-30,CA,Search | Nonbrand,paid_search,37947,1469,313.67,0.038712,0.2135
2024-12-31,CA,Search | Nonbrand,paid_search,34108,1286,300.68,0.037704,0.2338
2025-01-01,CA,Search | Nonbrand,paid_search,27881,1470,312.05,0.052724,0.2123
2025-01-02,CA,Search | Nonbrand,paid_search,33003,1443,216.48,0.043723,0.15
2025-01-03,CA,Search | Nonbrand,paid_search,32577,1195,273.57,0.036682,0.2289
2025-01-04,CA,Search | Nonbrand,paid_search,34293,1281,283.91,0.037355,0.2216
2025-01-05,CA,Search | Nonbrand,paid_search,35601,1453,324.16,0.040813,0.2231
2024-12-30,CA,Shopping | Instruments,shopping,36100,1184,202.57,0.032798,0.1711
2024-12-31,CA,Shopping | Instruments,shopping,34758,949,237.3,0.027303,0.25
2025-01-01,CA,Shopping | Instruments,shopping,32378,1086,240.76,0.033541,0.2217
2025-01-02,CA,Shopping | Instruments,shopping,32196,909,258.9,0.028233,0.2848
2025-01-03,CA,Shopping | Instruments,shopping,30826,1025,246.75,0.033251,0.2407
2025-01-04,CA,Shopping | Instruments,shopping,27844,972,247.17,0.034909,0.2543
2025-01-05,CA,Shopping | Instruments,shopping,29334,1004,175.29,0.034226,0.1746
2024-12-30,TX,Search | Brand,paid_search,24928,2967,159.92,0.119023,0.0539
2024-12-31,TX,Search | Brand,paid_search,30172,2006,171.48,0.066485,0.0855
2025-01-01,TX,Search | Brand,paid_search,31277,2857,148.58,0.091345,0.052
2025-01-02,TX,Search | Brand,paid_search,23941,1977,124.47,0.082578,0.063
2025-01-03,TX,Search | Brand,paid_search,27290,2234,148.98,0.081861,0.0667
2025-01-04,TX,Search | Brand,paid_search,29033,2042,174.35,0.070334,0.0854
2025-01-05,TX,Search | Brand,paid_search,23681,2543,176.09,0.107386,0.0692
2024-12-30,TX,Search | Nonbrand,paid_search,25952,1114,217.73,0.042925,0.1954
2024-12-31,TX,Search | Nonbrand,paid_search,29091,1291,267.4,0.044378,0.2071
2025-01-01,TX,Search | Nonbrand,paid_search,30007,1389,271.74,0.046289,0.1956
2025-01-02,TX,Search | Nonbrand,paid_search,26915,1179,265.02,0.043805,0.2248
2025-01-03,TX,Search | Nonbrand,paid_search,30532,1421,240.52,0.046541,0.1693
2025-01-04,TX,Search | Nonbrand,paid_search,32712,1217,240.25,0.037203,0.1974
2025-01-05,TX,Search | Nonbrand,paid_search,26855,1020,235.09,0.037982,0.2305
2024-12-30,TX,Shopping | Instruments,shopping,25521,655,154.34,0.025665,0.2356
2024-12-31,TX,Shopping | Instruments,shopping,24212,750,178.51,0.030976,0.238
2025-01-01,TX,Shopping | Instruments,shopping,33447,957,180.44,0.028612,0.1886
2025-01-02,TX,Shopping | Instruments,shopping,31557,883,212.64,0.027981,0.2408
2025-01-03,TX,Shopping | Instruments,shopping,29192,933,220.42,0.031961,0.2362
2025-01-04,TX,Shopping | Instruments,shopping,23783,794,208.35,0.033385,0.2624
2025-01-05,TX,Shopping | Instruments,shopping,22646,924,215.88,0.040802,0.2336
2024-12-30,FL,Search | Brand,paid_search,23779,2052,142.31,0.086295,0.0694
2024-12-31,FL,Search | Brand,paid_search,23994,1972,126.76,0.082187,0.0643
2025-01-01,FL,Search | Brand,paid_search,19715,1839,106.81,0.093279,0.0581
2025-01-02,FL,Search | Brand,paid_search,21447,1934,131.26,0.090176,0.0679
2025-01-03,FL,Search | Brand,paid_search,21984,1427,118.13,0.064911,0.0828
2025-01-04,FL,Search | Brand,paid_search,19810,1632,124.82,0.082383,0.0765
2025-01-05,FL,Search | Brand,paid_search,18655,1819,116.33,0.097507,0.064
2024-12-30,FL,Search | Nonbrand,paid_search,24429,1223,195.68,0.050063,0.16
2024-12-31,FL,Search | Nonbrand,paid_search,26094,1170,229.0,0.044838,0.1957
2025-01-01,FL,Search | Nonbrand,paid_search,25117,1392,209.58,0.055421,0.1506
2025-01-02,FL,Search | Nonbrand,paid_search,23851,980,243.27,0.041088,0.2482
2025-01-03,FL,Search | Nonbrand,paid_search,23891,1082,258.72,0.045289,0.2391
2025-01-04,FL,Search | Nonbrand,paid_search,29247,999,215.0,0.034157,0.2152
2025-01-05,FL,Search | Nonbrand,paid_search,28550,938,206.89,0.032855,0.2206
2024-12-30,FL,Shopping | Instruments,shopping,29482,790,173.1,0.026796,0.2191
2024-12-31,FL,Shopping | Instruments,shopping,29568,693,170.47,0.023438,0.246
2025-01-01,FL,Shopping | Instruments,shopping,22426,913,161.0,0.040712,0.1763
2025-01-02,FL,Shopping | Instruments,shopping,22166,747,188.63,0.0337,0.2525
2025-01-03,FL,Shopping | Instruments,shopping,25239,1005,239.47,0.039819,0.2383
2025-01-04,FL,Shopping | Instruments,shopping,22000,918,171.36,0.041727,0.1867
2025-01-05,FL,Shopping | Instruments,shopping,25780,971,167.92,0.037665,0.1729
2024-12-30,NY,Search | Brand,paid_search,30921,2050,154.99,0.066298,0.0756
2024-12-31,NY,Search | Brand,paid_search,30919,1973,141.41,0.063812,0.0717
2025-01-01,NY,Search | Brand,paid_search,23035,2332,179.03,0.101237,0.0768
2025-01-02,NY,Search | Brand,paid_search,25959,2099,141.27,0.080858,0.0673
2025-01-03,NY,Search | Brand,paid_search,22143,2576,121.68,0.116335,0.0472
2025-01-04,NY,Search | Brand,paid_search,23784,1662,155.69,0.069879,0.0937
2025-01-05,NY,Search | Brand,paid_search,23848,2298,153.45,0.09636,0.0668
2024-12-30,NY,Search | Nonbrand,paid_search,27093,843,255.08,0.031115,0.3026
2024-12-31,NY,Search | Nonbrand,paid_search,23856,923,200.19,0.03869,0.2169
2025-01-01,NY,Search | Nonbrand,paid_search,24632,882,234.31,0.035807,0.2657
2025-01-02,NY,Search | Nonbrand,paid_search,26825,1054,196.53,0.039292,0.1865
2025-01-03,NY,Search | Nonbrand,paid_search,23512,1172,209.42,0.049847,0.1787
2025-01-04,NY,Search | Nonbrand,paid_search,19306,926,192.21,0.047964,0.2076
2025-01-05,NY,Search | Nonbrand,paid_search,24924,1217,175.55,0.048828,0.1442
2024-12-30,NY,Shopping | Instruments,shopping,28475,885,175.31,0.03108,0.1981
2024-12-31,NY,Shopping | Instruments,shopping,30100,844,226.09,0.02804,0.2679
2025-01-01,NY,Shopping | Instruments,shopping,34714,1199,211.65,0.034539,0.1765
2025-01-02,NY,Shopping | Instruments,shopping,27648,1105,163.94,0.039967,0.1484
2025-01-03,NY,Shopping | Instruments,shopping,24797,922,226.2,0.037182,0.2453
2025-01-04,NY,Shopping | Instruments,shopping,27368,995,244.49,0.036356,0.2457
2025-01-05,NY,Shopping | Instruments,shopping,29346,865,209.95,0.029476,0.2427
2025-01-06,CA,Search | Brand,paid_search,21478,2888,127.31,0.134463,0.0441
2025-01-07,CA,Search | Brand,paid_search,22941,2054,124.13,0.089534,0.0604
2025-01-08,CA,Search | Brand,paid_search,28979,2491,122.15,0.085959,0.049
2025-01-09,CA,Search | Brand,paid_search,30508,2160,168.41,0.070801,0.078
2025-01-10,CA,Search | Brand,paid_search,28462,2324,159.62,0.081653,0.0687
2025-01-11,CA,Search | Brand,paid_search,22255,2245,190.04,0.100876,0.0846
2025-01-12,CA,Search | Brand,paid_search,22629,1997,136.41,0.08825,0.0683
2025-01-06,CA,Search | Nonbrand,paid_search,21180,1176,192.5,0.055524,0.1637
2025-01-07,CA,Search | Nonbrand,paid_search,25858,956,167.08,0.036971,0.1748
2025-01-08,CA,Search | Nonbrand,paid_search,28573,883,194.54,0.030903,0.2203
2025-01-09,CA,Search | Nonbrand,paid_search,27444,1111,238.32,0.040482,0.2145
2025-01-10,CA,Search | Nonbrand,paid_search,26178,1220,227.44,0.046604,0.1864
2025-01-11,CA,Search | Nonbrand,paid_search,21832,878,239.18,0.040216,0.2724
2025-01-12,CA,Search | Nonbrand,paid_search,23563,989,242.74,0.041973,0.2454
2025-01-06,CA,Shopping | Instruments,shopping,27396,800,190.39,0.029201,0.238
2025-01-07,CA,Shopping | Instruments,shopping,23324,1035,157.64,0.044375,0.1523
2025-01-08,CA,Shopping | Instruments,shopping,24733,742,204.73,0.03,0.2759
2025-01-09,CA,Shopping | Instruments,shopping,21535,951,181.59,0.044161,0.1909
2025-01-10,CA,Shopping | Instruments,shopping,27904,767,176.57,0.027487,0.2302
2025-01-11,CA,Shopping | Instruments,shopping,24013,933,169.39,0.038854,0.1816
2025-01-12,CA,Shopping | Instruments,shopping,27952,749,193.05,0.026796,0.2577
2025-01-06,TX,Search | Brand,paid_search,20709,1470,88.56,0.070984,0.0602
2025-01-07,TX,Search | Brand,paid_search,14562,1735,112.6,0.119146,0.0649
2025-01-08,TX,Search | Brand,paid_search,21019,1791,112.3,0.085209,0.0627
2025-01-09,TX,Search | Brand,paid_search,17749,1547,109.67,0.08716,0.0709
2025-01-10,TX,Search | Brand,paid_search,13718,1553,121.3,0.113209,0.0781
2025-01-11,TX,Search | Brand,paid_search,20389,1393,82.76,0.068321,0.0594
2025-01-12,TX,Search | Brand,paid_search,20771,1717,120.53,0.082663,0.0702
2025-01-06,TX,Search | Nonbrand,paid_search,21907,843,154.28,0.038481,0.183
2025-01-07,TX,Search | Nonbrand,paid_search,17563,738,133.28,0.04202,0.1806
2025-01-08,TX,Search | Nonbrand,paid_search,24035,678,182.09,0.028209,0.2686
2025-01-09,TX,Search | Nonbrand,paid_search,16567,929,181.83,0.056075,0.1957
2025-01-10,TX,Search | Nonbrand,paid_search,24015,771,140.95,0.032105,0.1828
2025-01-11,TX,Search | Nonbrand,paid_search,15805,924,197.82,0.058463,0.2141
2025-01-12,TX,Search | Nonbrand,paid_search,18002,752,195.64,0.041773,0.2602
2025-01-06,TX,Shopping | Instruments,shopping,23836,987,215.3,0.041408,0.2181
2025-01-07,TX,Shopping | Instruments,shopping,20152,747,172.57,0.037068,0.231
2025-01-08,TX,Shopping | Instruments,shopping,23532,980,155.08,0.041645,0.1582
2025-01-09,TX,Shopping | Instruments,shopping,26489,892,148.01,0.033674,0.1659
2025-01-10,TX,Shopping | Instruments,shopping,23057,759,214.57,0.032918,0.2827
2025-01-11,TX,Shopping | Instruments,shopping,28856,742,164.37,0.025714,0.2215
2025-01-12,TX,Shopping | Instruments,shopping,23258,729,148.19,0.031344,0.2033
2025-01-06,FL,Search | Brand,paid_search,15553,1318,117.34,0.084742,0.089
2025-01-07,FL,Search | Brand,paid_search,19216,1309,94.22,0.06812,0.072
2025-01-08,FL,Search | Brand,paid_search,17250,1395,99.01,0.08087,0.071
2025-01-09,FL,Search | Brand,paid_search,19934,1352,89.67,0.067824,0.0663
2025-01-10,FL,Search | Brand,paid_search,15512,1429,105.37,0.092122,0.0737
2025-01-11,FL,Search | Brand,paid_search,14855,1265,101.24,0.085157,0.08
2025-01-12,FL,Search | Brand,paid_search,16405,1591,81.75,0.096983,0.0514
2025-01-06,FL,Search | Nonbrand,paid_search,19492,904,134.8,0.046378,0.1491
2025-01-07,FL,Search | Nonbrand,paid_search,17156,740,152.45,0.043134,0.206
2025-01-08,FL,Search | Nonbrand,paid_search,16174,732,140.97,0.045258,0.1926
2025-01-09,FL,Search | Nonbrand,paid_search,15299,826,179.46,0.05399,0.2173
2025-01-10,FL,Search | Nonbrand,paid_search,19443,941,194.54,0.048398,0.2067
2025-01-11,FL,Search | Nonbrand,paid_search,23174,875,197.41,0.037758,0.2256
2025-01-12,FL,Search | Nonbrand,paid_search,23234,966,152.54,0.041577,0.1579
2025-01-06,FL,Shopping | Instruments,shopping,14542,605,95.71,0.041604,0.1582
2025-01-07,FL,Shopping | Instruments,shopping,16977,503,111.81,0.029628,0.2223
2025-01-08,FL,Shopping | Instruments,shopping,15016,486,123.02,0.032365,0.2531
2025-01-09,FL,Shopping | Instruments,shopping,18232,486,130.15,0.026656,0.2678
2025-01-10,FL,Shopping | Instruments,shopping,16549,554,107.98,0.033476,0.1949
2025-01-11,FL,Shopping | Instruments,shopping,18120,618,121.6,0.034106,0.1968
2025-01-12,FL,Shopping | Instruments,shopping,14222,606,128.07,0.04261,0.2113
2025-01-06,NY,Search | Brand,paid_search,20331,1528,103.08,0.075156,0.0675
2025-01-07,NY,Search | Brand,paid_search,16520,1404,106.14,0.084988,0.0756
2025-01-08,NY,Search | Brand,paid_search,20705,1678,111.93,0.081043,0.0667
2025-01-09,NY,Search | Brand,paid_search,21336,1516,89.5,0.071054,0.059
2025-01-10,NY,Search | Brand,paid_search,15457,1349,101.37,0.087274,0.0751
2025-01-11,NY,Search | Brand,paid_search,15956,1959,115.2,0.122775,0.0588
2025-01-12,NY,Search | Brand,paid_search,19877,2015,127.82,0.101373,0.0634
2025-01-06,NY,Search | Nonbrand,paid_search,23284,1004,165.32,0.04312,0.1647
2025-01-07,NY,Search | Nonbrand,paid_search,17372,706,190.32,0.04064,0.2696
2025-01-08,NY,Search | Nonbrand,paid_search,24212,1057,173.83,0.043656,0.1645
2025-01-09,NY,Search | Nonbrand,paid_search,16081,1042,187.0,0.064797,0.1795
2025-01-10,NY,Search | Nonbrand,paid_search,21707,1007,197.78,0.046391,0.1964
2025-01-11,NY,Search | Nonbrand,paid_search,20302,734,184.52,0.036154,0.2514
2025-01-12,NY,Search | Nonbrand,paid_search,22907,1056,155.67,0.046099,0.1474
2025-01-06,NY,Shopping | Instruments,shopping,21478,538,125.85,0.025049,0.2339
2025-01-07,NY,Shopping | Instruments,shopping,20974,654,169.44,0.031181,0.2591
2025-01-08,NY,Shopping | Instruments,shopping,24334,773,170.87,0.031766,0.221
2025-01-09,NY,Shopping | Instruments,shopping,24023,629,176.59,0.026183,0.2808
2025-01-10,NY,Shopping | Instruments,shopping,20200,775,150.76,0.038366,0.1945
2025-01-11,NY,Shopping | Instruments,shopping,18369,654,134.08,0.035603,0.205
2025-01-12,NY,Shopping | Instruments,shopping,21114,765,155.94,0.036232,0.2038
2025-01-13,CA,Search | Brand,paid_search,24106,1635,121.47,0.067825,0.0743
2025-01-14,CA,Search | Brand,paid_search,22325,2061,156.16,0.092318,0.0758
2025-01-15,CA,Search | Brand,paid_search,26688,2405,136.16,0.090115,0.0566
2025-01-16,CA,Search | Brand,paid_search,26967,2129,142.86,0.078948,0.0671
2025-01-17,CA,Search | Brand,paid_search,25011,2454,144.08,0.098117,0.0587
2025-01-18,CA,Search | Brand,paid_search,22529,1787,160.76,0.07932,0.09
2025-01-19,CA,Search | Brand,paid_search,20048,2087,111.01,0.1041,0.0532
2025-01-13,CA,Search | Nonbrand,paid_search,30471,1085,222.73,0.035608,0.2053
2025-01-14,CA,Search | Nonbrand,paid_search,21325,1246,213.44,0.058429,0.1713
2025-01-15,CA,Search | Nonbrand,paid_search,20120,1188,214.66,0.059046,0.1807
2025-01-16,CA,Search | Nonbrand,paid_search,28911,1011,183.42,0.034969,0.1814
2025-01-17,CA,Search | Nonbrand,paid_search,25382,1270,244.0,0.050035,0.1921
2025-01-18,CA,Search | Nonbrand,paid_search,25409,1269,234.69,0.049943,0.1849
2025-01-19,CA,Search | Nonbrand,paid_search,29975,1050,248.76,0.035029,0.2369
2025-01-13,CA,Shopping | Instruments,shopping,28820,814,158.79,0.028244,0.1951
2025-01-14,CA,Shopping | Instruments,shopping,30052,873,221.98,0.02905,0.2543
2025-01-15,CA,Shopping | Instruments,shopping,23188,911,212.94,0.039288,0.2337
2025-01-16,CA,Shopping | Instruments,shopping,28855,808,173.42,0.028002,0.2146
2025-01-17,CA,Shopping | Instruments,shopping,29901,843,198.71,0.028193,0.2357
2025-01-18,CA,Shopping | Instruments,shopping,21714,803,207.24,0.036981,0.2581
2025-01-19,CA,Shopping | Instruments,shopping,26660,760,189.09,0.028507,0.2488
2025-01-13,TX,Search | Brand,paid_search,16015,1535,107.0,0.095848,0.0697
2025-01-14,TX,Search | Brand,paid_search,20884,1896,91.52,0.090787,0.0483
2025-01-15,TX,Search | Brand,paid_search,18914,1540,121.85,0.081421,0.0791
2025-01-16,TX,Search | Brand,paid_search,16245,1909,92.44,0.117513,0.0484
2025-01-17,TX,Search | Brand,paid_search,17814,1525,118.69,0.085607,0.0778
2025-01-18,TX,Search | Brand,paid_search,20638,1633,122.02,0.079126,0.0747
2025-01-19,TX,Search | Brand,paid_search,18917,1609,97.15,0.085056,0.0604
2025-01-13,TX,Search | Nonbrand,paid_search,26415,861,217.56,0.032595,0.2527
2025-01-14,TX,Search | Nonbrand,paid_search,25633,1146,227.23,0.044708,0.1983
2025-01-15,TX,Search | Nonbrand,paid_search,19681,913,219.65,0.04639,0.2406
2025-01-16,TX,Search | Nonbrand,paid_search,25456,1188,169.04,0.046669,0.1423
2025-01-17,TX,Search | Nonbrand,paid_search,21245,896,203.17,0.042175,0.2268
2025-01-18,TX,Search | Nonbrand,paid_search,25344,930,165.3,0.036695,0.1777
2025-01-19,TX,Search | Nonbrand,paid_search,18510,901,193.69,0.048676,0.215
2025-01-13,TX,Shopping | Instruments,shopping,19481,871,156.47,0.04471,0.1796
2025-01-14,TX,Shopping | Instruments,shopping,26157,796,180.02,0.030432,0.2262
2025-01-15,TX,Shopping | Instruments,shopping,27055,846,155.74,0.03127,0.1841
2025-01-16,TX,Shopping | Instruments,shopping,20327,812,208.65,0.039947,0.257
2025-01-17,TX,Shopping | Instruments,shopping,24347,760,159.19,0.031215,0.2095
2025-01-18,TX,Shopping | Instruments,shopping,28004,722,203.64,0.025782,0.2821
2025-01-19,TX,Shopping | Instruments,shopping,23311,780,150.8,0.033461,0.1933
2025-01-13,FL,Search | Brand,paid_search,14637,1455,85.65,0.099406,0.0589
2025-01-14,FL,Search | Brand,paid_search,18603,1094,114.61,0.058808,0.1048
2025-01-15,FL,Search | Brand,paid_search,15764,1602,113.62,0.101624,0.0709
2025-01-16,FL,Search | Brand,paid_search,20286,1642,82.63,0.080943,0.0503
2025-01-17,FL,Search | Brand,paid_search,18175,1442,110.61,0.07934,0.0767
2025-01-18,FL,Search | Brand,paid_search,18944,1566,100.45,0.082665,0.0641
2025-01-19,FL,Search | Brand,paid_search,17090,1132,108.72,0.066238,0.096
2025-01-13,FL,Search | Nonbrand,paid_search,16475,648,169.02,0.039332,0.2608
2025-01-14,FL,Search | Nonbrand,paid_search,17116,842,190.79,0.049194,0.2266
2025-01-15,FL,Search | Nonbrand,paid_search,17958,785,133.68,0.043713,0.1703
2025-01-16,FL,Search | Nonbrand,paid_search,18878,589,128.93,0.0312,0.2189
2025-01-17,FL,Search | Nonbrand,paid_search,17079,807,151.0,0.047251,0.1871
2025-01-18,FL,Search | Nonbrand,paid_search,19321,754,160.98,0.039025,0.2135
2025-01-19,FL,Search | Nonbrand,paid_search,19192,830,149.36,0.043247,0.1799
2025-01-13,FL,Shopping | Instruments,shopping,20923,693,154.31,0.033121,0.2227
2025-01-14,FL,Shopping | Instruments,shopping,18858,569,129.23,0.030173,0.2271
2025-01-15,FL,Shopping | Instruments,shopping,17051,521,129.73,0.030555,0.249
2025-01-16,FL,Shopping | Instruments,shopping,18609,698,150.04,0.037509,0.215
2025-01-17,FL,Shopping | Instruments,shopping,15897,507,109.17,0.031893,0.2153
2025-01-18,FL,Shopping | Instruments,shopping,17255,608,107.39,0.035236,0.1766
2025-01-19,FL,Shopping | Instruments,shopping,15630,528,114.54,0.033781,0.2169
2025-01-13,NY,Search | Brand,paid_search,16363,1510,85.91,0.092281,0.0569
2025-01-14,NY,Search | Brand,paid_search,18440,1809,117.79,0.098102,0.0651
2025-01-15,NY,Search | Brand,paid_search,18140,1398,121.5,0.077067,0.0869
2025-01-16,NY,Search | Brand,paid_search,18800,1606,93.12,0.085426,0.058
2025-01-17,NY,Search | Brand,paid_search,18256,1653,119.45,0.090546,0.0723
2025-01-18,NY,Search | Brand,paid_search,18928,1960,119.01,0.10355,0.0607
2025-01-19,NY,Search | Brand,paid_search,22463,1952,105.3,0.086898,0.0539
2025-01-13,NY,Search | Nonbrand,paid_search,20266,1010,147.96,0.049837,0.1465
2025-01-14,NY,Search | Nonbrand,paid_search,17722,963,143.49,0.054339,0.149
2025-01-15,NY,Search | Nonbrand,paid_search,20677,733,172.35,0.03545,0.2351
2025-01-16,NY,Search | Nonbrand,paid_search,19698,748,145.8,0.037973,0.1949
2025-01-17,NY,Search | Nonbrand,paid_search,14833,773,160.83,0.052114,0.2081
2025-01-18,NY,Search | Nonbrand,paid_search,20577,836,139.83,0.040628,0.1673
2025-01-19,NY,Search | Nonbrand,paid_search,15031,744,197.45,0.049498,0.2654
2025-01-13,NY,Shopping | Instruments,shopping,16661,573,139.34,0.034392,0.2432
2025-01-14,NY,Shopping | Instruments,shopping,21006,683,138.05,0.032515,0.2021
2025-01-15,NY,Shopping | Instruments,shopping,20244,509,127.59,0.025143,0.2507
2025-01-16,NY,Shopping | Instruments,shopping,17555,668,110.59,0.038052,0.1655
2025-01-17,NY,Shopping | Instruments,shopping,16794,585,132.19,0.034834,0.226
2025-01-18,NY,Shopping | Instruments,shopping,18334,452,149.08,0.024654,0.3298
2025-01-19,NY,Shopping | Instruments,shopping,23676,649,169.92,0.027412,0.2618
2025-01-20,CA,Search | Brand,paid_search,22095,2259,153.31,0.10224,0.0679
2025-01-21,CA,Search | Brand,paid_search,22424,2046,167.06,0.091242,0.0817
2025-01-22,CA,Search | Brand,paid_search,21194,1982,120.66,0.093517,0.0609
2025-01-23,CA,Search | Brand,paid_search,28948,2020,129.37,0.06978,0.064
2025-01-24,CA,Search | Brand,paid_search,27932,1689,160.25,0.060468,0.0949
2025-01-25,CA,Search | Brand,paid_search,25947,1946,167.17,0.074999,0.0859
2025-01-26,CA,Search | Brand,paid_search,29036,1965,132.12,0.067675,0.0672
2025-01-20,CA,Search | Nonbrand,paid_search,26635,1219,202.75,0.045767,0.1663
2025-01-21,CA,Search | Nonbrand,paid_search,28923,1326,226.01,0.045846,0.1704
2025-01-22,CA,Search | Nonbrand,paid_search,27700,1409,269.81,0.050866,0.1915
2025-01-23,CA,Search | Nonbrand,paid_search,30176,1212,249.58,0.040164,0.2059
2025-01-24,CA,Search | Nonbrand,paid_search,35154,1343,267.19,0.038203,0.1989
2025-01-25,CA,Search | Nonbrand,paid_search,24468,1413,278.87,0.057749,0.1974
2025-01-26,CA,Search | Nonbrand,paid_search,31265,1031,262.96,0.032976,0.255
2025-01-20,CA,Shopping | Instruments,shopping,33716,955,241.58,0.028325,0.253
2025-01-21,CA,Shopping | Instruments,shopping,30488,766,251.55,0.025125,0.3284
2025-01-22,CA,Shopping | Instruments,shopping,26921,1027,177.07,0.038149,0.1724
2025-01-23,CA,Shopping | Instruments,shopping,33639,909,223.5,0.027022,0.2459
2025-01-24,CA,Shopping | Instruments,shopping,29014,968,209.39,0.033363,0.2163
2025-01-25,CA,Shopping | Instruments,shopping,29616,717,185.07,0.02421,0.2581
2025-01-26,CA,Shopping | Instruments,shopping,23082,846,198.47,0.036652,0.2346
2025-01-20,TX,Search | Brand,paid_search,23476,1353,128.78,0.057633,0.0952
2025-01-21,TX,Search | Brand,paid_search,19812,1845,107.04,0.093125,0.058
2025-01-22,TX,Search | Brand,paid_search,19954,1596,87.97,0.079984,0.0551
2025-01-23,TX,Search | Brand,paid_search,16143,1950,131.11,0.120795,0.0672
2025-01-24,TX,Search | Brand,paid_search,16231,1577,131.94,0.09716,0.0837
2025-01-25,TX,Search | Brand,paid_search,18658,1406,124.83,0.075356,0.0888
2025-01-26,TX,Search | Brand,paid_search,24005,1723,90.35,0.071777,0.0524
2025-01-20,TX,Search | Nonbrand,paid_search,19863,1064,230.27,0.053567,0.2164
2025-01-21,TX,Search | Nonbrand,paid_search,28794,1203,228.47,0.04178,0.1899
2025-01-22,TX,Search | Nonbrand,paid_search,26036,1072,247.94,0.041174,0.2313
2025-01-23,TX,Search | Nonbrand,paid_search,26654,1285,194.39,0.04821,0.1513
2025-01-24,TX,Search | Nonbrand,paid_search,26417,1366,206.19,0.051709,0.1509
2025-01-25,TX,Search | Nonbrand,paid_search,22981,1202,197.52,0.052304,0.1643
2025-01-26,TX,Search | Nonbrand,paid_search,27191,1056,225.47,0.038836,0.2135
2025-01-20,TX,Shopping | Instruments,shopping,24502,697,172.91,0.028447,0.2481
2025-01-21,TX,Shopping | Instruments,shopping,26917,700,139.56,0.026006,0.1994
2025-01-22,TX,Shopping | Instruments,shopping,22611,754,201.0,0.033347,0.2666
2025-01-23,TX,Shopping | Instruments,shopping,20880,724,177.69,0.034674,0.2454
2025-01-24,TX,Shopping | Instruments,shopping,19940,777,179.14,0.038967,0.2306
2025-01-25,TX,Shopping | Instruments,shopping,25011,754,199.95,0.030147,0.2652
2025-01-26,TX,Shopping | Instruments,shopping,27891,546,137.56,0.019576,0.2519
2025-01-20,FL,Search | Brand,paid_search,17061,1126,72.83,0.065998,0.0647
2025-01-21,FL,Search | Brand,paid_search,14788,1211,98.37,0.081891,0.0812
2025-01-22,FL,Search | Brand,paid_search,14984,1385,93.69,0.092432,0.0676
2025-01-23,FL,Search | Brand,paid_search,15967,1086,102.51,0.068015,0.0944
2025-01-24,FL,Search | Brand,paid_search,12975,1347,78.91,0.103815,0.0586
2025-01-25,FL,Search | Brand,paid_search,17958,1253,96.75,0.069774,0.0772
2025-01-26,FL,Search | Brand,paid_search,17284,1593,100.83,0.092166,0.0633
2025-01-20,FL,Search | Nonbrand,paid_search,19807,714,163.33,0.036048,0.2288
2025-01-21,FL,Search | Nonbrand,paid_search,19219,753,150.02,0.03918,0.1992
2025-01-22,FL,Search | Nonbrand,paid_search,17348,641,147.91,0.03695,0.2308
2025-01-23,FL,Search | Nonbrand,paid_search,15837,819,159.11,0.051714,0.1943
2025-01-24,FL,Search | Nonbrand,paid_search,16512,764,135.88,0.046269,0.1779
2025-01-25,FL,Search | Nonbrand,paid_search,16764,763,147.08,0.045514,0.1928
2025-01-26,FL,Search | Nonbrand,paid_search,16523,616,145.95,0.037281,0.2369
2025-01-20,FL,Shopping | Instruments,shopping,14177,467,125.29,0.032941,0.2683
2025-01-21,FL,Shopping | Instruments,shopping,16082,525,124.88,0.032645,0.2379
2025-01-22,FL,Shopping | Instruments,shopping,14821,528,139.29,0.035625,0.2638
2025-01-23,FL,Shopping | Instruments,shopping,17027,591,127.87,0.03471,0.2164
2025-01-24,FL,Shopping | Instruments,shopping,19830,516,99.42,0.026021,0.1927
2025-01-25,FL,Shopping | Instruments,shopping,18592,559,97.24,0.030067,0.174
2025-01-26,FL,Shopping | Instruments,shopping,19283,446,148.64,0.023129,0.3333
2025-01-20,NY,Search | Brand,paid_search,23253,1940,108.87,0.08343,0.0561
2025-01-21,NY,Search | Brand,paid_search,19355,1815,111.82,0.093774,0.0616
2025-01-22,NY,Search | Brand,paid_search,17732,1838,97.13,0.103654,0.0528
2025-01-23,NY,Search | Brand,paid_search,23964,1744,96.37,0.072776,0.0553
2025-01-24,NY,Search | Brand,paid_search,15983,1725,126.7,0.107927,0.0735
2025-01-25,NY,Search | Brand,paid_search,18302,1783,128.34,0.097421,0.072
2025-01-26,NY,Search | Brand,paid_search,19187,1537,129.87,0.080106,0.0845
2025-01-20,NY,Search | Nonbrand,paid_search,17736,780,141.47,0.043978,0.1814
2025-01-21,NY,Search | Nonbrand,paid_search,18444,726,153.01,0.039362,0.2108
2025-01-22,NY,Search | Nonbrand,paid_search,16848,1058,150.21,0.062797,0.142
2025-01-23,NY,Search | Nonbrand,paid_search,19036,734,170.41,0.038559,0.2322
2025-01-24,NY,Search | Nonbrand,paid_search,15206,922,134.02,0.060634,0.1454
2025-01-25,NY,Search | Nonbrand,paid_search,19825,719,161.6,0.036267,0.2248
2025-01-26,NY,Search | Nonbrand,paid_search,17135,685,157.65,0.039977,0.2302
2025-01-20,NY,Shopping | Instruments,shopping,22845,631,146.78,0.027621,0.2326
2025-01-21,NY,Shopping | Instruments,shopping,18744,668,119.87,0.035638,0.1794
2025-01-22,NY,Shopping | Instruments,shopping,18248,597,121.99,0.032716,0.2043
2025-01-23,NY,Shopping | Instruments,shopping,24074,771,164.84,0.032026,0.2138
2025-01-24,NY,Shopping | Instruments,shopping,16763,551,155.08,0.03287,0.2815
2025-01-25,NY,Shopping | Instruments,shopping,17778,638,161.63,0.035887,0.2533
2025-01-26,NY,Shopping | Instruments,shopping,24573,795,159.59,0.032353,0.2007
2025-01-27,CA,Search | Brand,paid_search,28862,1971,169.9,0.06829,0.0862
2025-01-28,CA,Search | Brand,paid_search,24267,2725,157.46,0.112292,0.0578
2025-01-29,CA,Search | Brand,paid_search,31068,1954,152.69,0.062894,0.0781
2025-01-30,CA,Search | Brand,paid_search,29664,3034,161.73,0.102279,0.0533
2025-01-31,CA,Search | Brand,paid_search,25019,2500,170.02,0.099924,0.068
2025-02-01,CA,Search | Brand,paid_search,28529,2653,161.85,0.092993,0.061
2025-02-02,CA,Search | Brand,paid_search,25155,2104,143.21,0.083641,0.0681
2025-01-27,CA,Search | Nonbrand,paid_search,28578,1296,254.01,0.04535,0.196
2025-01-28,CA,Search | Nonbrand,paid_search,32706,1155,190.31,0.035315,0.1648
2025-01-29,CA,Search | Nonbrand,paid_search,32104,1186,263.44,0.036942,0.2221
2025-01-30,CA,Search | Nonbrand,paid_search,32643,1532,225.42,0.046932,0.1471
2025-01-31,CA,Search | Nonbrand,paid_search,25494,1346,235.06,0.052797,0.1746
2025-02-01,CA,Search | Nonbrand,paid_search,23199,1178,273.47,0.050778,0.2321
2025-02-02,CA,Search | Nonbrand,paid_search,25233,1149,277.92,0.045536,0.2419
2025-01-27,CA,Shopping | Instruments,shopping,29641,668,219.79,0.022536,0.329
2025-01-28,CA,Shopping | Instruments,shopping,20226,676,186.34,0.033422,0.2757
2025-01-29,CA,Shopping | Instruments,shopping,29759,667,169.99,0.022413,0.2549
2025-01-30,CA,Shopping | Instruments,shopping,22932,991,160.23,0.043215,0.1617
2025-01-31,CA,Shopping | Instruments,shopping,21393,761,161.26,0.035572,0.2119
2025-02-01,CA,Shopping | Instruments,shopping,28033,680,175.82,0.024257,0.2586
2025-02-02,CA,Shopping | Instruments,shopping,23061,921,186.91,0.039938,0.2029
2025-01-27,TX,Search | Brand,paid_search,20896,1532,137.29,0.073315,0.0896
2025-01-28,TX,Search | Brand,paid_search,23088,1516,104.64,0.065662,0.069
2025-01-29,TX,Search | Brand,paid_search,18634,2304,113.8,0.123645,0.0494
2025-01-30,TX,Search | Brand,paid_search,17862,1910,142.44,0.106931,0.0746
2025-01-31,TX,Search | Brand,paid_search,23244,1716,135.72,0.073826,0.0791
2025-02-01,TX,Search | Brand,paid_search,22669,1842,100.02,0.081256,0.0543
2025-02-02,TX,Search | Brand,paid_search,21592,1876,124.41,0.086884,0.0663
2025-01-27,TX,Search | Nonbrand,paid_search,27117,905,231.59,0.033374,0.2559
2025-01-28,TX,Search | Nonbrand,paid_search,26197,1186,215.46,0.045272,0.1817
2025-01-29,TX,Search | Nonbrand,paid_search,22961,942,176.59,0.041026,0.1875
2025-01-30,TX,Search | Nonbrand,paid_search,21468,912,191.23,0.042482,0.2097
2025-01-31,TX,Search | Nonbrand,paid_search,29343,924,207.05,0.03149,0.2241
2025-02-01,TX,Search | Nonbrand,paid_search,19387,891,175.7,0.045959,0.1972
2025-02-02,TX,Search | Nonbrand,paid_search,20421,908,237.67,0.044464,0.2618
2025-01-27,TX,Shopping | Instruments,shopping,22516,721,154.77,0.032022,0.2147
2025-01-28,TX,Shopping | Instruments,shopping,22440,635,142.25,0.028298,0.224
2025-01-29,TX,Shopping | Instruments,shopping,19690,623,132.93,0.03164,0.2134
2025-01-30,TX,Shopping | Instruments,shopping,17678,807,158.59,0.04565,0.1965
2025-01-31,TX,Shopping | Instruments,shopping,20800,774,169.39,0.037212,0.2189
2025-02-01,TX,Shopping | Instruments,shopping,19272,649,169.83,0.033676,0.2617
2025-02-02,TX,Shopping | Instruments,shopping,26711,643,145.8,0.024072,0.2267
2025-01-27,FL,Search | Brand,paid_search,19588,1205,114.45,0.061517,0.095
2025-01-28,FL,Search | Brand,paid_search,15826,1775,126.19,0.112157,0.0711
2025-01-29,FL,Search | Brand,paid_search,19550,1456,106.98,0.074476,0.0735
2025-01-30,FL,Search | Brand,paid_search,19340,1327,119.6,0.068614,0.0901
2025-01-31,FL,Search | Brand,paid_search,19979,1428,119.88,0.071475,0.0839
2025-02-01,FL,Search | Brand,paid_search,17025,1737,89.73,0.102026,0.0517
2025-02-02,FL,Search | Brand,paid_search,20076,1518,85.2,0.075613,0.0561
2025-01-27,FL,Search | Nonbrand,paid_search,16962,562,145.95,0.033133,0.2597
2025-01-28,FL,Search | Nonbrand,paid_search,15628,699,151.95,0.044727,0.2174
2025-01-29,FL,Search | Nonbrand,paid_search,21199,797,150.2,0.037596,0.1885
2025-01-30,FL,Search | Nonbrand,paid_search,20510,756,176.4,0.03686,0.2333
2025-01-31,FL,Search | Nonbrand,paid_search,16155,827,161.1,0.051192,0.1948
2025-02-01,FL,Search | Nonbrand,paid_search,16091,662,119.92,0.041141,0.1811
2025-02-02,FL,Search | Nonbrand,paid_search,16982,725,156.8,0.042692,0.2163
2025-01-27,FL,Shopping | Instruments,shopping,22947,741,169.43,0.032292,0.2286
2025-01-28,FL,Shopping | Instruments,shopping,21057,605,144.1,0.028732,0.2382
2025-01-29,FL,Shopping | Instruments,shopping,19577,737,135.72,0.037646,0.1841
2025-01-30,FL,Shopping | Instruments,shopping,24047,539,163.24,0.022414,0.3029
2025-01-31,FL,Shopping | Instruments,shopping,18857,526,155.19,0.027894,0.295
2025-02-01,FL,Shopping | Instruments,shopping,16942,683,136.02,0.040314,0.1991
2025-02-02,FL,Shopping | Instruments,shopping,20197,546,130.41,0.027034,0.2388
2025-01-27,NY,Search | Brand,paid_search,17071,1592,94.0,0.093258,0.059
2025-01-28,NY,Search | Brand,paid_search,17523,1493,113.9,0.085202,0.0763
2025-01-29,NY,Search | Brand,paid_search,16863,1371,118.16,0.081302,0.0862
2025-01-30,NY,Search | Brand,paid_search,18187,1040,84.39,0.057184,0.0811
2025-01-31,NY,Search | Brand,paid_search,17226,1477,91.04,0.085742,0.0616
2025-02-01,NY,Search | Brand,paid_search,18787,1219,87.28,0.064885,0.0716
2025-02-02,NY,Search | Brand,paid_search,15376,1276,113.23,0.082986,0.0887
2025-01-27,NY,Search | Nonbrand,paid_search,20147,850,161.84,0.04219,0.1904
2025-01-28,NY,Search | Nonbrand,paid_search,18150,834,153.37,0.04595,0.1839
2025-01-29,NY,Search | Nonbrand,paid_search,19367,807,149.65,0.041669,0.1854
2025-01-30,NY,Search | Nonbrand,paid_search,17499,662,152.01,0.037831,0.2296
2025-01-31,NY,Search | Nonbrand,paid_search,15595,802,157.24,0.051427,0.1961
2025-02-01,NY,Search | Nonbrand,paid_search,21568,913,160.07,0.042331,0.1753
2025-02-02,NY,Search | Nonbrand,paid_search,16683,915,175.29,0.054846,0.1916
2025-01-27,NY,Shopping | Instruments,shopping,18357,736,147.95,0.040094,0.201
2025-01-28,NY,Shopping | Instruments,shopping,24339,578,140.56,0.023748,0.2432
2025-01-29,NY,Shopping | Instruments,shopping,18927,675,135.21,0.035663,0.2003
2025-01-30,NY,Shopping | Instruments,shopping,17109,574,176.1,0.03355,0.3068
2025-01-31,NY,Shopping | Instruments,shopping,23582,730,158.47,0.030956,0.2171
2025-02-01,NY,Shopping | Instruments,shopping,23771,740,129.25,0.03113,0.1747
2025-02-02,NY,Shopping | Instruments,shopping,22006,695,178.72,0.031582,0.2571
2025-02-03,CA,Search | Brand,paid_search,29014,2046,177.79,0.070518,0.0869
2025-02-04,CA,Search | Brand,paid_search,32723,2084,166.02,0.063686,0.0797
2025-02-05,CA,Search | Brand,paid_search,27934,2489,139.05,0.089103,0.0559
2025-02-06,CA,Search | Brand,paid_search,28088,2410,172.83,0.085802,0.0717
2025-02-07,CA,Search | Brand,paid_search,23202,2363,190.63,0.101845,0.0807
2025-02-08,CA,Search | Brand,paid_search,31810,2134,186.88,0.067086,0.0876
2025-02-09,CA,Search | Brand,paid_search,30116,2677,143.53,0.08889,0.0536
2025-02-03,CA,Search | Nonbrand,paid_search,26637,1236,202.03,0.046402,0.1635
2025-02-04,CA,Search | Nonbrand,paid_search,29679,1325,201.35,0.044644,0.152
2025-02-05,CA,Search | Nonbrand,paid_search,34427,1044,282.36,0.030325,0.2705
2025-02-06,CA,Search | Nonbrand,paid_search,25999,1356,284.75,0.052156,0.21
2025-02-07,CA,Search | Nonbrand,paid_search,24932,1314,257.24,0.052703,0.1958
2025-02-08,CA,Search | Nonbrand,paid_search,24753,1391,217.49,0.056195,0.1564
2025-02-09,CA,Search | Nonbrand,paid_search,28265,1155,229.13,0.040863,0.1984
2025-02-03,CA,Shopping | Instruments,shopping,30080,930,197.66,0.030918,0.2125
2025-02-04,CA,Shopping | Instruments,shopping,32174,828,191.04,0.025735,0.2307
2025-02-05,CA,Shopping | Instruments,shopping,30476,1045,220.81,0.034289,0.2113
2025-02-06,CA,Shopping | Instruments,shopping,35511,1052,227.38,0.029625,0.2161
2025-02-07,CA,Shopping | Instruments,shopping,27340,1023,185.68,0.037418,0.1815
2025-02-08,CA,Shopping | Instruments,shopping,26683,863,222.31,0.032343,0.2576
2025-02-09,CA,Shopping | Instruments,shopping,25919,905,254.04,0.034916,0.2807
2025-02-03,TX,Search | Brand,paid_search,19268,1668,99.52,0.086568,0.0597
2025-02-04,TX,Search | Brand,paid_search,22960,1308,94.75,0.056969,0.0724
2025-02-05,TX,Search | Brand,paid_search,19165,1807,131.69,0.094286,0.0729
2025-02-06,TX,Search | Brand,paid_search,19127,1611,116.43,0.084226,0.0723
2025-02-07,TX,Search | Brand,paid_search,22655,1870,118.27,0.082542,0.0632
2025-02-08,TX,Search | Brand,paid_search,21232,1772,137.52,0.083459,0.0776
2025-02-09,TX,Search | Brand,paid_search,18541,1440,130.9,0.077666,0.0909
2025-02-03,TX,Search | Nonbrand,paid_search,24623,899,208.85,0.036511,0.2323
2025-02-04,TX,Search | Nonbrand,paid_search,20929,890,198.03,0.042525,0.2225
2025-02-05,TX,Search | Nonbrand,paid_search,24557,739,200.1,0.030093,0.2708
2025-02-06,TX,Search | Nonbrand,paid_search,24431,895,174.61,0.036634,0.1951
2025-02-07,TX,Search | Nonbrand,paid_search,21982,1027,171.21,0.04672,0.1667
2025-02-08,TX,Search | Nonbrand,paid_search,21392,1055,210.49,0.049318,0.1995
2025-02-09,TX,Search | Nonbrand,paid_search,21477,932,207.48,0.043395,0.2226
2025-02-03,TX,Shopping | Instruments,shopping,26426,885,227.11,0.03349,0.2566
2025-02-04,TX,Shopping | Instruments,shopping,30057,740,219.01,0.02462,0.296
2025-02-05,TX,Shopping | Instruments,shopping,24698,973,162.79,0.039396,0.1673
2025-02-06,TX,Shopping | Instruments,shopping,24339,756,182.68,0.031061,0.2416
2025-02-07,TX,Shopping | Instruments,shopping,27359,981,184.36,0.035857,0.1879
2025-02-08,TX,Shopping | Instruments,shopping,28409,917,203.52,0.032279,0.2219
2025-02-09,TX,Shopping | Instruments,shopping,24692,1080,159.58,0.043739,0.1478
2025-02-03,FL,Search | Brand,paid_search,22255,1945,149.37,0.087396,0.0768
2025-02-04,FL,Search | Brand,paid_search,18509,2033,144.83,0.109838,0.0712
2025-02-05,FL,Search | Brand,paid_search,19493,1721,111.98,0.088288,0.0651
2025-02-06,FL,Search | Brand,paid_search,21711,1814,126.59,0.083552,0.0698
2025-02-07,FL,Search | Brand,paid_search,22667,1907,106.28,0.084131,0.0557
2025-02-08,FL,Search | Brand,paid_search,20424,1637,122.75,0.080151,0.075
2025-02-09,FL,Search | Brand,paid_search,23868,1941,101.98,0.081322,0.0525
2025-02-03,FL,Search | Nonbrand,paid_search,20185,1234,187.51,0.061135,0.152
2025-02-04,FL,Search | Nonbrand,paid_search,27751,999,228.55,0.035999,0.2288
2025-02-05,FL,Search | Nonbrand,paid_search,22144,968,165.44,0.043714,0.1709
2025-02-06,FL,Search | Nonbrand,paid_search,26031,813,196.14,0.031232,0.2413
2025-02-07,FL,Search | Nonbrand,paid_search,21784,1089,228.68,0.049991,0.21
2025-02-08,FL,Search | Nonbrand,paid_search,22057,1103,154.56,0.050007,0.1401
2025-02-09,FL,Search | Nonbrand,paid_search,22251,1154,234.06,0.051863,0.2028
2025-02-03,FL,Shopping | Instruments,shopping,18862,612,125.42,0.032446,0.2049
2025-02-04,FL,Shopping | Instruments,shopping,24147,670,158.68,0.027747,0.2368
2025-02-05,FL,Shopping | Instruments,shopping,23179,560,176.98,0.02416,0.316
2025-02-06,FL,Shopping | Instruments,shopping,19362,701,181.45,0.036205,0.2588
2025-02-07,FL,Shopping | Instruments,shopping,22065,777,133.97,0.035214,0.1724
2025-02-08,FL,Shopping | Instruments,shopping,18702,672,169.01,0.035932,0.2515
2025-02-09,FL,Shopping | Instruments,shopping,23219,776,131.14,0.033421,0.169
2025-02-03,NY,Search | Brand,paid_search,19547,1888,141.71,0.096588,0.0751
2025-02-04,NY,Search | Brand,paid_search,21187,2068,120.41,0.097607,0.0582
2025-02-05,NY,Search | Brand,paid_search,20475,2027,108.9,0.098999,0.0537
2025-02-06,NY,Search | Brand,paid_search,21196,2011,133.38,0.094876,0.0663
2025-02-07,NY,Search | Brand,paid_search,25789,1590,127.0,0.061654,0.0799
2025-02-08,NY,Search | Brand,paid_search,21775,2163,113.94,0.099334,0.0527
2025-02-09,NY,Search | Brand,paid_search,21344,1872,132.28,0.087706,0.0707
2025-02-03,NY,Search | Nonbrand,paid_search,25125,1299,178.5,0.051701,0.1374
2025-02-04,NY,Search | Nonbrand,paid_search,23223,993,188.32,0.042759,0.1896
2025-02-05,NY,Search | Nonbrand,paid_search,22486,1285,247.18,0.057147,0.1924
2025-02-06,NY,Search | Nonbrand,paid_search,24628,882,222.81,0.035813,0.2526
2025-02-07,NY,Search | Nonbrand,paid_search,21096,1166,176.63,0.055271,0.1515
2025-02-08,NY,Search | Nonbrand,paid_search,27079,1209,244.91,0.044647,0.2026
2025-02-09,NY,Search | Nonbrand,paid_search,27938,956,217.19,0.034219,0.2272
2025-02-03,NY,Shopping | Instruments,shopping,20824,930,193.15,0.04466,0.2077
2025-02-04,NY,Shopping | Instruments,shopping,25753,714,136.57,0.027725,0.1913
2025-02-05,NY,Shopping | Instruments,shopping,27085,685,197.6,0.025291,0.2885
2025-02-06,NY,Shopping | Instruments,shopping,28153,806,168.01,0.028629,0.2085
2025-02-07,NY,Shopping | Instruments,shopping,24823,809,183.59,0.032591,0.2269
2025-02-08,NY,Shopping | Instruments,shopping,23259,749,197.31,0.032203,0.2634
2025-02-09,NY,Shopping | Instruments,shopping,23364,601,171.24,0.025723,0.2849
2025-02-10,CA,Search | Brand,paid_search,27283,1982,126.86,0.072646,0.064
2025-02-11,CA,Search | Brand,paid_search,26410,2056,100.89,0.077849,0.0491
2025-02-12,CA,Search | Brand,paid_search,19772,1812,147.05,0.091645,0.0812
2025-02-13,CA,Search | Brand,paid_search,23370,2546,150.56,0.108943,0.0591
2025-02-14,CA,Search | Brand,paid_search,19390,2074,133.31,0.106962,0.0643
2025-02-15,CA,Search | Brand,paid_search,19257,1962,134.32,0.101885,0.0685
2025-02-16,CA,Search | Brand,paid_search,26295,2058,145.3,0.078266,0.0706
2025-02-10,CA,Search | Nonbrand,paid_search,30638,981,263.84,0.032019,0.2689
2025-02-11,CA,Search | Nonbrand,paid_search,30202,1442,198.13,0.047745,0.1374
2025-02-12,CA,Search | Nonbrand,paid_search,23164,1250,267.77,0.053963,0.2142
2025-02-13,CA,Search | Nonbrand,paid_search,30295,1291,211.97,0.042614,0.1642
2025-02-14,CA,Search | Nonbrand,paid_search,27749,998,219.05,0.035965,0.2195
2025-02-15,CA,Search | Nonbrand,paid_search,22641,1277,226.05,0.056402,0.177
2025-02-16,CA,Search | Nonbrand,paid_search,28454,1446,274.21,0.050819,0.1896
2025-02-10,CA,Shopping | Instruments,shopping,24330,747,151.05,0.030703,0.2022
2025-02-11,CA,Shopping | Instruments,shopping,27208,801,138.93,0.02944,0.1734
2025-02-12,CA,Shopping | Instruments,shopping,21693,830,205.93,0.038261,0.2481
2025-02-13,CA,Shopping | Instruments,shopping,22340,664,164.98,0.029722,0.2485
2025-02-14,CA,Shopping | Instruments,shopping,24260,708,207.14,0.029184,0.2926
2025-02-15,CA,Shopping | Instruments,shopping,27915,954,187.96,0.034175,0.197
2025-02-16,CA,Shopping | Instruments,shopping,26154,791,196.08,0.030244,0.2479
2025-02-10,TX,Search | Brand,paid_search,21758,2142,117.98,0.098447,0.0551
2025-02-11,TX,Search | Brand,paid_search,24999,1796,159.91,0.071843,0.089
2025-02-12,TX,Search | Brand,paid_search,21215,1773,134.86,0.083573,0.0761
2025-02-13,TX,Search | Brand,paid_search,24099,2266,122.72,0.094029,0.0542
2025-02-14,TX,Search | Brand,paid_search,22404,1767,123.32,0.07887,0.0698
2025-02-15,TX,Search | Brand,paid_search,23550,1744,146.87,0.074055,0.0842
2025-02-16,TX,Search | Brand,paid_search,24208,1830,135.28,0.075595,0.0739
2025-02-10,TX,Search | Nonbrand,paid_search,30047,915,259.94,0.030452,0.2841
2025-02-11,TX,Search | Nonbrand,paid_search,29814,1047,225.05,0.035118,0.215
2025-02-12,TX,Search | Nonbrand,paid_search,24205,1092,190.26,0.045115,0.1742
2025-02-13,TX,Search | Nonbrand,paid_search,28491,1211,195.66,0.042505,0.1616
2025-02-14,TX,Search | Nonbrand,paid_search,24172,1101,275.88,0.045549,0.2506
2025-02-15,TX,Search | Nonbrand,paid_search,24534,1049,233.92,0.042757,0.223
2025-02-16,TX,Search | Nonbrand,paid_search,21377,1203,190.01,0.056275,0.1579
2025-02-10,TX,Shopping | Instruments,shopping,22868,884,174.08,0.038657,0.1969
2025-02-11,TX,Shopping | Instruments,shopping,26739,712,168.21,0.026628,0.2363
2025-02-12,TX,Shopping | Instruments,shopping,21530,642,160.14,0.029819,0.2494
2025-02-13,TX,Shopping | Instruments,shopping,22138,617,216.2,0.027871,0.3504
2025-02-14,TX,Shopping | Instruments,shopping,26947,799,179.72,0.029651,0.2249
2025-02-15,TX,Shopping | Instruments,shopping,22116,755,154.96,0.034138,0.2052
2025-02-16,TX,Shopping | Instruments,shopping,24814,894,150.2,0.036028,0.168
2025-02-10,FL,Search | Brand,paid_search,15767,1588,108.95,0.100717,0.0686
2025-02-11,FL,Search | Brand,paid_search,18181,1764,142.4,0.097024,0.0807
2025-02-12,FL,Search | Brand,paid_search,21913,1391,103.74,0.063478,0.0746
2025-02-13,FL,Search | Brand,paid_search,16373,1774,109.79,0.108349,0.0619
2025-02-14,FL,Search | Brand,paid_search,22713,2108,105.68,0.09281,0.0501
2025-02-15,FL,Search | Brand,paid_search,23462,1642,112.07,0.069986,0.0683
2025-02-16,FL,Search | Brand,paid_search,18506,1466,111.48,0.079218,0.076
2025-02-10,FL,Search | Nonbrand,paid_search,20581,802,136.96,0.038968,0.1708
2025-02-11,FL,Search | Nonbrand,paid_search,18569,742,145.57,0.039959,0.1962
2025-02-12,FL,Search | Nonbrand,paid_search,14659,793,139.2,0.054096,0.1755
2025-02-13,FL,Search | Nonbrand,paid_search,21454,892,166.92,0.041577,0.1871
2025-02-14,FL,Search | Nonbrand,paid_search,18815,594,135.72,0.031571,0.2285
2025-02-15,FL,Search | Nonbrand,paid_search,15427,601,196.76,0.038958,0.3274
2025-02-16,FL,Search | Nonbrand,paid_search,19035,748,184.32,0.039296,0.2464
2025-02-10,FL,Shopping | Instruments,shopping,24298,676,154.52,0.027821,0.2286
2025-02-11,FL,Shopping | Instruments,shopping,18354,713,166.54,0.038847,0.2336
2025-02-12,FL,Shopping | Instruments,shopping,18629,783,122.01,0.042031,0.1558
2025-02-13,FL,Shopping | Instruments,shopping,22259,789,158.57,0.035446,0.201
2025-02-14,FL,Shopping | Instruments,shopping,20160,739,140.76,0.036657,0.1905
2025-02-15,FL,Shopping | Instruments,shopping,22843,550,138.06,0.024077,0.251
2025-02-16,FL,Shopping | Instruments,shopping,18532,597,164.09,0.032215,0.2748
2025-02-10,NY,Search | Brand,paid_search,15701,1694,113.48,0.107891,0.067
2025-02-11,NY,Search | Brand,paid_search,18495,1194,109.7,0.064558,0.0919
2025-02-12,NY,Search | Brand,paid_search,17626,1541,115.59,0.087428,0.075
2025-02-13,NY,Search | Brand,paid_search,15440,1516,82.13,0.098187,0.0542
2025-02-14,NY,Search | Brand,paid_search,19388,1168,83.79,0.060243,0.0717
2025-02-15,NY,Search | Brand,paid_search,15810,1477,85.58,0.093422,0.0579
2025-02-16,NY,Search | Brand,paid_search,13355,1453,81.45,0.108798,0.0561
2025-02-10,NY,Search | Nonbrand,paid_search,19986,655,127.92,0.032773,0.1953
2025-02-11,NY,Search | Nonbrand,paid_search,19892,980,177.92,0.049266,0.1816
2025-02-12,NY,Search | Nonbrand,paid_search,15559,754,158.54,0.048461,0.2103
2025-02-13,NY,Search | Nonbrand,paid_search,19606,817,132.54,0.041671,0.1622
2025-02-14,NY,Search | Nonbrand,paid_search,15435,796,181.26,0.051571,0.2277
2025-02-15,NY,Search | Nonbrand,paid_search,18293,762,169.9,0.041655,0.223
2025-02-16,NY,Search | Nonbrand,paid_search,21282,980,170.37,0.046048,0.1738
2025-02-10,NY,Shopping | Instruments,shopping,19621,592,129.55,0.030172,0.2188
2025-02-11,NY,Shopping | Instruments,shopping,14817,620,125.82,0.041844,0.2029
2025-02-12,NY,Shopping | Instruments,shopping,14792,455,121.47,0.03076,0.267
2025-02-13,NY,Shopping | Instruments,shopping,15832,574,149.73,0.036256,0.2609
2025-02-14,NY,Shopping | Instruments,shopping,22006,630,142.36,0.028629,0.226
2025-02-15,NY,Shopping | Instruments,shopping,21971,596,133.6,0.027127,0.2242
2025-02-16,NY,Shopping | Instruments,shopping,21143,559,134.79,0.026439,0.2411
2025-02-17,CA,Search | Brand,paid_search,28443,1685,146.96,0.059241,0.0872
2025-02-18,CA,Search | Brand,paid_search,24234,2174,183.54,0.089709,0.0844
2025-02-19,CA,Search | Brand,paid_search,29952,2103,134.86,0.070212,0.0641
2025-02-20,CA,Search | Brand,paid_search,25235,2362,160.24,0.0936,0.0678
2025-02-21,CA,Search | Brand,paid_search,27892,1922,172.97,0.068909,0.09
2025-02-22,CA,Search | Brand,paid_search,30164,2458,158.35,0.081488,0.0644
2025-02-23,CA,Search | Brand,paid_search,22518,2233,136.03,0.099165,0.0609
2025-02-17,CA,Search | Nonbrand,paid_search,22130,903,227.69,0.040804,0.2522
2025-02-18,CA,Search | Nonbrand,paid_search,31326,935,247.17,0.029847,0.2644
2025-02-19,CA,Search | Nonbrand,paid_search,30757,1026,200.17,0.033358,0.1951
2025-02-20,CA,Search | Nonbrand,paid_search,24515,1291,265.78,0.052662,0.2059
2025-02-21,CA,Search | Nonbrand,paid_search,22485,918,192.28,0.040827,0.2095
2025-02-22,CA,Search | Nonbrand,paid_search,23718,1310,217.7,0.055232,0.1662
2025-02-23,CA,Search | Nonbrand,paid_search,27802,1264,220.71,0.045464,0.1746
2025-02-17,CA,Shopping | Instruments,shopping,31018,1023,285.97,0.032981,0.2795
2025-02-18,CA,Shopping | Instruments,shopping,26845,861,188.38,0.032073,0.2188
2025-02-19,CA,Shopping | Instruments,shopping,25778,890,209.87,0.034526,0.2358
2025-02-20,CA,Shopping | Instruments,shopping,28769,849,228.82,0.029511,0.2695
2025-02-21,CA,Shopping | Instruments,shopping,35285,888,191.79,0.025167,0.216
2025-02-22,CA,Shopping | Instruments,shopping,33551,1116,251.02,0.033263,0.2249
2025-02-23,CA,Shopping | Instruments,shopping,33973,1291,193.75,0.038001,0.1501
2025-02-17,TX,Search | Brand,paid_search,22366,1624,149.22,0.07261,0.0919
2025-02-18,TX,Search | Brand,paid_search,18443,1967,123.59,0.106653,0.0628
2025-02-19,TX,Search | Brand,paid_search,21728,1773,145.3,0.0816,0.0819
2025-02-20,TX,Search | Brand,paid_search,23402,1554,124.45,0.066405,0.0801
2025-02-21,TX,Search | Brand,paid_search,19028,1804,102.7,0.094808,0.0569
2025-02-22,TX,Search | Brand,paid_search,22566,2065,106.21,0.091509,0.0514
2025-02-23,TX,Search | Brand,paid_search,24457,1899,130.08,0.077646,0.0685
2025-02-17,TX,Search | Nonbrand,paid_search,21589,1003,196.79,0.046459,0.1962
2025-02-18,TX,Search | Nonbrand,paid_search,25011,1141,204.32,0.04562,0.1791
2025-02-19,TX,Search | Nonbrand,paid_search,24300,1048,192.54,0.043128,0.1837
2025-02-20,TX,Search | Nonbrand,paid_search,22730,940,215.62,0.041355,0.2294
2025-02-21,TX,Search | Nonbrand,paid_search,25183,1141,237.08,0.045308,0.2078
2025-02-22,TX,Search | Nonbrand,paid_search,21454,770,184.96,0.035891,0.2402
2025-02-23,TX,Search | Nonbrand,paid_search,22047,1046,164.6,0.047444,0.1574
2025-02-17,TX,Shopping | Instruments,shopping,24188,886,152.33,0.03663,0.1719
2025-02-18,TX,Shopping | Instruments,shopping,25244,621,159.37,0.0246,0.2566
2025-02-19,TX,Shopping | Instruments,shopping,23136,828,173.62,0.035788,0.2097
2025-02-20,TX,Shopping | Instruments,shopping,25238,805,191.54,0.031896,0.2379
2025-02-21,TX,Shopping | Instruments,shopping,22817,851,165.1,0.037297,0.194
2025-02-22,TX,Shopping | Instruments,shopping,21716,928,183.61,0.042733,0.1979
2025-02-23,TX,Shopping | Instruments,shopping,22801,648,163.45,0.02842,0.2522
2025-02-17,FL,Search | Brand,paid_search,19354,1616,124.81,0.083497,0.0772
2025-02-18,FL,Search | Brand,paid_search,18666,1524,94.55,0.081646,0.062
2025-02-19,FL,Search | Brand,paid_search,24278,1411,119.44,0.058118,0.0847
2025-02-20,FL,Search | Brand,paid_search,16965,1687,134.73,0.09944,0.0799
2025-02-21,FL,Search | Brand,paid_search,23326,1991,128.21,0.085355,0.0644
2025-02-22,FL,Search | Brand,paid_search,18415,2016,110.73,0.109476,0.0549
2025-02-23,FL,Search | Brand,paid_search,21851,1485,116.07,0.06796,0.0782
2025-02-17,FL,Search | Nonbrand,paid_search,23190,861,165.32,0.037128,0.192
2025-02-18,FL,Search | Nonbrand,paid_search,20973,1141,199.56,0.054403,0.1749
2025-02-19,FL,Search | Nonbrand,paid_search,26429,1076,203.21,0.040713,0.1889
2025-02-20,FL,Search | Nonbrand,paid_search,20995,1084,217.49,0.051631,0.2006
2025-02-21,FL,Search | Nonbrand,paid_search,22212,897,167.33,0.040384,0.1865
2025-02-22,FL,Search | Nonbrand,paid_search,19884,863,150.19,0.043402,0.174
2025-02-23,FL,Search | Nonbrand,paid_search,21424,1029,230.82,0.04803,0.2243
2025-02-17,FL,Shopping | Instruments,shopping,26541,603,164.89,0.02272,0.2734
2025-02-18,FL,Shopping | Instruments,shopping,18289,608,139.34,0.033244,0.2292
2025-02-19,FL,Shopping | Instruments,shopping,22636,822,128.6,0.036314,0.1564
2025-02-20,FL,Shopping | Instruments,shopping,20016,800,154.36,0.039968,0.193
2025-02-21,FL,Shopping | Instruments,shopping,21113,782,147.33,0.037039,0.1884
2025-02-22,FL,Shopping | Instruments,shopping,22747,679,171.78,0.02985,0.253
2025-02-23,FL,Shopping | Instruments,shopping,18526,626,172.74,0.03379,0.2759
2025-02-17,NY,Search | Brand,paid_search,15908,1864,102.9,0.117174,0.0552
2025-02-18,NY,Search | Brand,paid_search,19811,1942,120.67,0.098026,0.0621
2025-02-19,NY,Search | Brand,paid_search,19516,1845,104.62,0.094538,0.0567
2025-02-20,NY,Search | Brand,paid_search,21372,1839,127.48,0.086047,0.0693
2025-02-21,NY,Search | Brand,paid_search,17951,1493,109.11,0.083171,0.0731
2025-02-22,NY,Search | Brand,paid_search,20987,1586,98.46,0.075571,0.0621
2025-02-23,NY,Search | Brand,paid_search,18630,1382,114.97,0.074181,0.0832
2025-02-17,NY,Search | Nonbrand,paid_search,22419,1006,164.68,0.044873,0.1637
2025-02-18,NY,Search | Nonbrand,paid_search,23432,963,142.13,0.041098,0.1476
2025-02-19,NY,Search | Nonbrand,paid_search,21267,741,182.78,0.034843,0.2467
2025-02-20,NY,Search | Nonbrand,paid_search,23057,837,197.32,0.036301,0.2358
2025-02-21,NY,Search | Nonbrand,paid_search,16007,906,154.54,0.0566,0.1706
2025-02-22,NY,Search | Nonbrand,paid_search,20047,765,189.54,0.03816,0.2478
2025-02-23,NY,Search | Nonbrand,paid_search,18069,857,209.96,0.047429,0.245
2025-02-17,NY,Shopping | Instruments,shopping,22753,931,163.56,0.040918,0.1757
2025-02-18,NY,Shopping | Instruments,shopping,20417,677,135.79,0.033159,0.2006
2025-02-19,NY,Shopping | Instruments,shopping,21245,732,171.68,0.034455,0.2345
2025-02-20,NY,Shopping | Instruments,shopping,22496,700,172.98,0.031117,0.2471
2025-02-21,NY,Shopping | Instruments,shopping,26059,697,189.55,0.026747,0.272
2025-02-22,NY,Shopping | Instruments,shopping,21534,666,191.34,0.030928,0.2873
2025-02-23,NY,Shopping | Instruments,shopping,25099,987,124.24,0.039324,0.1259
2025-02-24,CA,Search | Brand,paid_search,30187,2023,168.92,0.067016,0.0835
2025-02-25,CA,Search | Brand,paid_search,23258,2744,157.39,0.117981,0.0574
2025-02-26,CA,Search | Brand,paid_search,22086,2148,184.21,0.097256,0.0858
2025-02-27,CA,Search | Brand,paid_search,32353,2074,142.48,0.064105,0.0687
2025-02-28,CA,Search | Brand,paid_search,32379,2479,172.63,0.076562,0.0696
2025-03-01,CA,Search | Brand,paid_search,28571,1912,202.79,0.066921,0.1061
2025-03-02,CA,Search | Brand,paid_search,33083,2601,142.69,0.07862,0.0549
2025-02-24,CA,Search | Nonbrand,paid_search,32139,1571,215.21,0.048881,0.137
2025-02-25,CA,Search | Nonbrand,paid_search,36171,1050,268.87,0.029029,0.2561
2025-02-26,CA,Search | Nonbrand,paid_search,34498,1395,286.87,0.040437,0.2056
2025-02-27,CA,Search | Nonbrand,paid_search,25055,1203,305.52,0.048014,0.254
2025-02-28,CA,Search | Nonbrand,paid_search,28238,1075,256.65,0.038069,0.2387
2025-03-01,CA,Search | Nonbrand,paid_search,28065,1173,271.76,0.041796,0.2317
2025-03-02,CA,Search | Nonbrand,paid_search,26376,1057,205.77,0.040074,0.1947
2025-02-24,CA,Shopping | Instruments,shopping,23136,830,189.95,0.035875,0.2289
2025-02-25,CA,Shopping | Instruments,shopping,29423,1145,222.6,0.038915,0.1944
2025-02-26,CA,Shopping | Instruments,shopping,29801,1081,235.19,0.036274,0.2176
2025-02-27,CA,Shopping | Instruments,shopping,29021,821,203.29,0.02829,0.2476
2025-02-28,CA,Shopping | Instruments,shopping,26801,1129,168.49,0.042125,0.1492
2025-03-01,CA,Shopping | Instruments,shopping,33444,841,210.91,0.025147,0.2508
2025-03-02,CA,Shopping | Instruments,shopping,32430,1114,238.78,0.034351,0.2143
2025-02-24,TX,Search | Brand,paid_search,18601,2141,144.76,0.115101,0.0676
2025-02-25,TX,Search | Brand,paid_search,28132,1819,142.52,0.064659,0.0784
2025-02-26,TX,Search | Brand,paid_search,18945,1855,127.31,0.097915,0.0686
2025-02-27,TX,Search | Brand,paid_search,23232,1959,143.62,0.084323,0.0733
2025-02-28,TX,Search | Brand,paid_search,25292,1488,109.06,0.058833,0.0733
2025-03-01,TX,Search | Brand,paid_search,25262,1991,124.66,0.078814,0.0626
2025-03-02,TX,Search | Brand,paid_search,18982,2010,127.06,0.10589,0.0632
2025-02-24,TX,Search | Nonbrand,paid_search,27436,1163,232.59,0.04239,0.2
2025-02-25,TX,Search | Nonbrand,paid_search,21772,1240,231.11,0.056954,0.1864
2025-02-26,TX,Search | Nonbrand,paid_search,33160,1076,228.37,0.032449,0.2122
2025-02-27,TX,Search | Nonbrand,paid_search,32407,1148,224.51,0.035424,0.1956
2025-02-28,TX,Search | Nonbrand,paid_search,23560,1107,232.15,0.046986,0.2097
2025-03-01,TX,Search | Nonbrand,paid_search,26524,1579,227.72,0.059531,0.1442
2025-03-02,TX,Search | Nonbrand,paid_search,22656,1115,236.18,0.049214,0.2118
2025-02-24,TX,Shopping | Instruments,shopping,19134,700,150.82,0.036584,0.2155
2025-02-25,TX,Shopping | Instruments,shopping,22125,835,150.8,0.03774,0.1806
2025-02-26,TX,Shopping | Instruments,shopping,25357,669,153.59,0.026383,0.2296
2025-02-27,TX,Shopping | Instruments,shopping,22754,807,182.59,0.035466,0.2263
2025-02-28,TX,Shopping | Instruments,shopping,28536,704,183.69,0.024671,0.2609
2025-03-01,TX,Shopping | Instruments,shopping,22825,725,152.35,0.031763,0.2101
2025-03-02,TX,Shopping | Instruments,shopping,21230,622,192.29,0.029298,0.3091
2025-02-24,FL,Search | Brand,paid_search,20091,1435,120.52,0.071425,0.084
2025-02-25,FL,Search | Brand,paid_search,20766,1321,120.0,0.063614,0.0908
2025-02-26,FL,Search | Brand,paid_search,15632,1492,87.25,0.095445,0.0585
2025-02-27,FL,Search | Brand,paid_search,17922,1555,85.65,0.086765,0.0551
2025-02-28,FL,Search | Brand,paid_search,14843,1710,97.26,0.115206,0.0569
2025-03-01,FL,Search | Brand,paid_search,19984,1632,116.14,0.081665,0.0712
2025-03-02,FL,Search | Brand,paid_search,20098,1335,123.33,0.066425,0.0924
2025-02-24,FL,Search | Nonbrand,paid_search,22599,948,205.82,0.041949,0.2171
2025-02-25,FL,Search | Nonbrand,paid_search,22915,1039,185.47,0.045341,0.1785
2025-02-26,FL,Search | Nonbrand,paid_search,22135,971,167.03,0.043867,0.172
2025-02-27,FL,Search | Nonbrand,paid_search,17243,996,179.77,0.057763,0.1805
2025-02-28,FL,Search | Nonbrand,paid_search,21749,963,179.63,0.044278,0.1865
2025-03-01,FL,Search | Nonbrand,paid_search,23916,984,203.6,0.041144,0.2069
2025-03-02,FL,Search | Nonbrand,paid_search,22536,840,195.28,0.037274,0.2325
2025-02-24,FL,Shopping | Instruments,shopping,18663,704,119.81,0.037722,0.1702
2025-02-25,FL,Shopping | Instruments,shopping,18806,638,139.53,0.033925,0.2187
2025-02-26,FL,Shopping | Instruments,shopping,21871,572,127.44,0.026153,0.2228
2025-02-27,FL,Shopping | Instruments,shopping,17606,717,131.65,0.040725,0.1836
2025-02-28,FL,Shopping | Instruments,shopping,17539,716,131.18,0.040823,0.1832
2025-03-01,FL,Shopping | Instruments,shopping,16476,596,139.66,0.036174,0.2343
2025-03-02,FL,Shopping | Instruments,shopping,19201,520,147.89,0.027082,0.2844
2025-02-24,NY,Search | Brand,paid_search,17345,1680,106.23,0.096858,0.0632
2025-02-25,NY,Search | Brand,paid_search,20820,1890,101.02,0.090778,0.0534
2025-02-26,NY,Search | Brand,paid_search,14912,1494,106.45,0.100188,0.0713
2025-02-27,NY,Search | Brand,paid_search,18083,1391,105.44,0.076923,0.0758
2025-02-28,NY,Search | Brand,paid_search,17214,1693,118.47,0.09835,0.07
2025-03-01,NY,Search | Brand,paid_search,20888,1618,117.07,0.077461,0.0724
2025-03-02,NY,Search | Brand,paid_search,20198,1988,96.2,0.098426,0.0484
2025-02-24,NY,Search | Nonbrand,paid_search,20854,676,149.5,0.032416,0.2212
2025-02-25,NY,Search | Nonbrand,paid_search,15796,843,202.06,0.053368,0.2397
2025-02-26,NY,Search | Nonbrand,paid_search,20348,892,187.88,0.043837,0.2106
2025-02-27,NY,Search | Nonbrand,paid_search,21414,768,168.56,0.035864,0.2195
2025-02-28,NY,Search | Nonbrand,paid_search,20130,664,137.89,0.032986,0.2077
2025-03-01,NY,Search | Nonbrand,paid_search,20456,773,169.01,0.037788,0.2186
2025-03-02,NY,Search | Nonbrand,paid_search,19480,950,176.01,0.048768,0.1853
2025-02-24,NY,Shopping | Instruments,shopping,16901,625,163.3,0.03698,0.2613
2025-02-25,NY,Shopping | Instruments,shopping,24170,705,144.55,0.029168,0.205
2025-02-26,NY,Shopping | Instruments,shopping,18454,628,161.61,0.034031,0.2573
2025-02-27,NY,Shopping | Instruments,shopping,23746,651,123.03,0.027415,0.189
2025-02-28,NY,Shopping | Instruments,shopping,15928,568,129.56,0.03566,0.2281
2025-03-01,NY,Shopping | Instruments,shopping,16257,668,169.32,0.04109,0.2535
2025-03-02,NY,Shopping | Instruments,shopping,24159,779,113.86,0.032245,0.1462
2025-03-03,CA,Search | Brand,paid_search,21303,1929,169.14,0.090551,0.0877
2025-03-04,CA,Search | Brand,paid_search,26479,2390,145.37,0.09026,0.0608
2025-03-05,CA,Search | Brand,paid_search,21792,1874,138.49,0.085995,0.0739
2025-03-06,CA,Search | Brand,paid_search,27351,1899,174.41,0.069431,0.0918
2025-03-07,CA,Search | Brand,paid_search,27504,1961,141.48,0.071299,0.0721
2025-03-08,CA,Search | Brand,paid_search,27576,2712,127.34,0.098346,0.047
2025-03-09,CA,Search | Brand,paid_search,26500,2591,139.1,0.097774,0.0537
2025-03-03,CA,Search | Nonbrand,paid_search,36161,1375,314.7,0.038024,0.2289
2025-03-04,CA,Search | Nonbrand,paid_search,30446,1193,282.49,0.039184,0.2368
2025-03-05,CA,Search | Nonbrand,paid_search,25295,1352,321.19,0.053449,0.2376
2025-03-06,CA,Search | Nonbrand,paid_search,33220,1540,259.42,0.046358,0.1685
2025-03-07,CA,Search | Nonbrand,paid_search,29888,1460,229.58,0.048849,0.1572
2025-03-08,CA,Search | Nonbrand,paid_search,35006,1340,253.01,0.038279,0.1888
2025-03-09,CA,Search | Nonbrand,paid_search,29455,1498,227.06,0.050857,0.1516
2025-03-03,CA,Shopping | Instruments,shopping,29896,1005,231.53,0.033617,0.2304
2025-03-04,CA,Shopping | Instruments,shopping,23225,753,226.21,0.032422,0.3004
2025-03-05,CA,Shopping | Instruments,shopping,30244,926,160.75,0.030618,0.1736
2025-03-06,CA,Shopping | Instruments,shopping,30926,747,220.37,0.024154,0.295
2025-03-07,CA,Shopping | Instruments,shopping,23114,854,194.51,0.036947,0.2278
2025-03-08,CA,Shopping | Instruments,shopping,26397,733,181.25,0.027768,0.2473
2025-03-09,CA,Shopping | Instruments,shopping,27154,892,160.27,0.03285,0.1797
2025-03-03,TX,Search | Brand,paid_search,20877,1751,100.74,0.083872,0.0575
2025-03-04,TX,Search | Brand,paid_search,19988,1364,132.4,0.068241,0.0971
2025-03-05,TX,Search | Brand,paid_search,18496,1753,108.15,0.094777,0.0617
2025-03-06,TX,Search | Brand,paid_search,16988,1890,115.69,0.111255,0.0612
2025-03-07,TX,Search | Brand,paid_search,20929,1931,127.32,0.092264,0.0659
2025-03-08,TX,Search | Brand,paid_search,24790,1532,102.46,0.061799,0.0669
2025-03-09,TX,Search | Brand,paid_search,19557,1938,134.67,0.099095,0.0695
2025-03-03,TX,Search | Nonbrand,paid_search,25120,1318,277.03,0.052468,0.2102
2025-03-04,TX,Search | Nonbrand,paid_search,23690,1393,220.79,0.058801,0.1585
2025-03-05,TX,Search | Nonbrand,paid_search,24343,1185,244.63,0.048679,0.2064
2025-03-06,TX,Search | Nonbrand,paid_search,26042,1000,203.85,0.0384,0.2038
2025-03-07,TX,Search | Nonbrand,paid_search,30757,996,191.08,0.032383,0.1919
2025-03-08,TX,Search | Nonbrand,paid_search,23636,1284,200.28,0.054324,0.156
2025-03-09,TX,Search | Nonbrand,paid_search,27073,1080,216.01,0.039892,0.2
2025-03-03,TX,Shopping | Instruments,shopping,25326,681,172.14,0.026889,0.2528
2025-03-04,TX,Shopping | Instruments,shopping,19884,646,166.83,0.032488,0.2583
2025-03-05,TX,Shopping | Instruments,shopping,18161,567,155.83,0.031221,0.2748
2025-03-06,TX,Shopping | Instruments,shopping,24463,693,146.14,0.028328,0.2109
2025-03-07,TX,Shopping | Instruments,shopping,20480,784,159.34,0.038281,0.2032
2025-03-08,TX,Shopping | Instruments,shopping,25742,629,124.14,0.024435,0.1974
2025-03-09,TX,Shopping | Instruments,shopping,17167,836,164.38,0.048698,0.1966
2025-03-03,FL,Search | Brand,paid_search,13549,1488,106.73,0.109824,0.0717
2025-03-04,FL,Search | Brand,paid_search,17036,1414,84.56,0.083001,0.0598
2025-03-05,FL,Search | Brand,paid_search,19268,1501,112.54,0.077901,0.075
2025-03-06,FL,Search | Brand,paid_search,18949,1808,96.43,0.095414,0.0533
2025-03-07,FL,Search | Brand,paid_search,15447,1770,109.63,0.114585,0.0619
2025-03-08,FL,Search | Brand,paid_search,19414,1466,96.28,0.075513,0.0657
2025-03-09,FL,Search | Brand,paid_search,17046,1303,93.95,0.07644,0.0721
2025-03-03,FL,Search | Nonbrand,paid_search,16048,924,174.76,0.057577,0.1891
2025-03-04,FL,Search | Nonbrand,paid_search,22531,762,179.33,0.03382,0.2353
2025-03-05,FL,Search | Nonbrand,paid_search,16493,808,159.71,0.04899,0.1977
2025-03-06,FL,Search | Nonbrand,paid_search,17751,1027,167.66,0.057856,0.1633
2025-03-07,FL,Search | Nonbrand,paid_search,23908,910,132.51,0.038063,0.1456
2025-03-08,FL,Search | Nonbrand,paid_search,21576,999,175.99,0.046301,0.1762
2025-03-09,FL,Search | Nonbrand,paid_search,18538,767,186.9,0.041374,0.2437
2025-03-03,FL,Shopping | Instruments,shopping,23031,672,158.24,0.029178,0.2355
2025-03-04,FL,Shopping | Instruments,shopping,22415,624,163.95,0.027839,0.2627
2025-03-05,FL,Shopping | Instruments,shopping,17255,486,152.44,0.028166,0.3137
2025-03-06,FL,Shopping | Instruments,shopping,22522,511,137.97,0.022689,0.27
2025-03-07,FL,Shopping | Instruments,shopping,16241,738,145.52,0.045441,0.1972
2025-03-08,FL,Shopping | Instruments,shopping,21146,549,129.9,0.025962,0.2366
2025-03-09,FL,Shopping | Instruments,shopping,19737,724,136.87,0.036682,0.189
2025-03-03,NY,Search | Brand,paid_search,19009,1231,111.3,0.064759,0.0904
2025-03-04,NY,Search | Brand,paid_search,15232,1673,116.48,0.109835,0.0696
2025-03-05,NY,Search | Brand,paid_search,20718,1800,108.69,0.086881,0.0604
2025-03-06,NY,Search | Brand,paid_search,19345,1219,108.05,0.063014,0.0886
2025-03-07,NY,Search | Brand,paid_search,18853,1880,113.36,0.099719,0.0603
2025-03-08,NY,Search | Brand,paid_search,19820,1435,92.55,0.072402,0.0645
2025-03-09,NY,Search | Brand,paid_search,16508,1818,100.59,0.110128,0.0553
2025-03-03,NY,Search | Nonbrand,paid_search,24742,900,170.36,0.036375,0.1893
2025-03-04,NY,Search | Nonbrand,paid_search,17032,948,141.78,0.05566,0.1496
2025-03-05,NY,Search | Nonbrand,paid_search,23636,769,172.48,0.032535,0.2243
2025-03-06,NY,Search | Nonbrand,paid_search,18802,805,181.95,0.042815,0.226
2025-03-07,NY,Search | Nonbrand,paid_search,18472,884,201.53,0.047856,0.228
2025-03-08,NY,Search | Nonbrand,paid_search,17181,813,162.85,0.04732,0.2003
2025-03-09,NY,Search | Nonbrand,paid_search,20151,661,173.18,0.032802,0.262
2025-03-03,NY,Shopping | Instruments,shopping,17483,620,168.94,0.035463,0.2725
2025-03-04,NY,Shopping | Instruments,shopping,19273,746,174.82,0.038707,0.2343
2025-03-05,NY,Shopping | Instruments,shopping,21915,742,140.79,0.033858,0.1897
2025-03-06,NY,Shopping | Instruments,shopping,25465,587,130.33,0.023051,0.222
2025-03-07,NY,Shopping | Instruments,shopping,25119,748,155.23,0.029778,0.2075
2025-03-08,NY,Shopping | Instruments,shopping,20809,866,139.2,0.041617,0.1607
2025-03-09,NY,Shopping | Instruments,shopping,22096,632,186.24,0.028602,0.2947
2025-03-10,CA,Search | Brand,paid_search,30898,2323,162.26,0.075183,0.0699
2025-03-11,CA,Search | Brand,paid_search,28909,2831,160.95,0.097928,0.0569
2025-03-12,CA,Search | Brand,paid_search,30866,2169,162.91,0.070271,0.0751
2025-03-13,CA,Search | Brand,paid_search,27625,2222,157.69,0.080434,0.071
2025-03-14,CA,Search | Brand,paid_search,28794,2554,180.04,0.088699,0.0705
2025-03-15,CA,Search | Brand,paid_search,27760,2788,212.2,0.100432,0.0761
2025-03-16,CA,Search | Brand,paid_search,30637,2046,155.77,0.066782,0.0761
2025-03-10,CA,Search | Nonbrand,paid_search,33464,1179,289.52,0.035232,0.2456
2025-03-11,CA,Search | Nonbrand,paid_search,28716,1495,259.45,0.052062,0.1735
2025-03-12,CA,Search | Nonbrand,paid_search,35056,1288,207.26,0.036741,0.1609
2025-03-13,CA,Search | Nonbrand,paid_search,32141,988,218.41,0.03074,0.2211
2025-03-14,CA,Search | Nonbrand,paid_search,24719,985,295.2,0.039848,0.2997
2025-03-15,CA,Search | Nonbrand,paid_search,28165,1479,204.48,0.052512,0.1383
2025-03-16,CA,Search | Nonbrand,paid_search,23517,973,295.36,0.041374,0.3036
2025-03-10,CA,Shopping | Instruments,shopping,34191,885,191.31,0.025884,0.2162
2025-03-11,CA,Shopping | Instruments,shopping,25970,877,248.58,0.03377,0.2834
2025-03-12,CA,Shopping | Instruments,shopping,34021,822,208.2,0.024162,0.2533
2025-03-13,CA,Shopping | Instruments,shopping,26919,1007,247.85,0.037409,0.2461
2025-03-14,CA,Shopping | Instruments,shopping,32883,904,243.2,0.027491,0.269
2025-03-15,CA,Shopping | Instruments,shopping,28909,1004,202.71,0.03473,0.2019
2025-03-16,CA,Shopping | Instruments,shopping,27712,786,174.49,0.028363,0.222
2025-03-10,TX,Search | Brand,paid_search,22986,2088,103.91,0.090838,0.0498
2025-03-11,TX,Search | Brand,paid_search,21913,2251,104.28,0.102724,0.0463
2025-03-12,TX,Search | Brand,paid_search,22570,1608,120.14,0.071245,0.0747
2025-03-13,TX,Search | Brand,paid_search,16797,1762,108.87,0.1049,0.0618
2025-03-14,TX,Search | Brand,paid_search,20703,1521,151.25,0.073468,0.0994
2025-03-15,TX,Search | Brand,paid_search,24688,2031,130.35,0.082267,0.0642
2025-03-16,TX,Search | Brand,paid_search,16720,1685,130.19,0.100778,0.0773
2025-03-10,TX,Search | Nonbrand,paid_search,27298,987,249.67,0.036156,0.253
2025-03-11,TX,Search | Nonbrand,paid_search,28632,1169,228.3,0.040828,0.1953
2025-03-12,TX,Search | Nonbrand,paid_search,22832,897,249.2,0.039287,0.2778
2025-03-13,TX,Search | Nonbrand,paid_search,24457,909,180.48,0.037167,0.1985
2025-03-14,TX,Search | Nonbrand,paid_search,25176,1208,172.91,0.047982,0.1431
2025-03-15,TX,Search | Nonbrand,paid_search,26618,1363,240.43,0.051206,0.1764
2025-03-16,TX,Search | Nonbrand,paid_search,23128,1258,211.01,0.054393,0.1677
2025-03-10,TX,Shopping | Instruments,shopping,23901,892,132.85,0.037321,0.1489
2025-03-11,TX,Shopping | Instruments,shopping,24722,910,191.48,0.036809,0.2104
2025-03-12,TX,Shopping | Instruments,shopping,26199,837,191.25,0.031948,0.2285
2025-03-13,TX,Shopping | Instruments,shopping,19781,728,186.3,0.036803,0.2559
2025-03-14,TX,Shopping | Instruments,shopping,28337,708,160.4,0.024985,0.2266
2025-03-15,TX,Shopping | Instruments,shopping,24047,844,158.12,0.035098,0.1873
2025-03-16,TX,Shopping | Instruments,shopping,20675,852,186.76,0.041209,0.2192
2025-03-10,FL,Search | Brand,paid_search,16095,1626,138.23,0.101025,0.085
2025-03-11,FL,Search | Brand,paid_search,22795,1442,115.48,0.063259,0.0801
2025-03-12,FL,Search | Brand,paid_search,17926,1761,96.63,0.098237,0.0549
2025-03-13,FL,Search | Brand,paid_search,20094,1809,113.46,0.090027,0.0627
2025-03-14,FL,Search | Brand,paid_search,19984,1398,110.66,0.069956,0.0792
2025-03-15,FL,Search | Brand,paid_search,22632,1917,114.69,0.084703,0.0598
2025-03-16,FL,Search | Brand,paid_search,18798,1386,113.14,0.073731,0.0816
2025-03-10,FL,Search | Nonbrand,paid_search,16239,841,203.0,0.051789,0.2414
2025-03-11,FL,Search | Nonbrand,paid_search,18442,855,145.62,0.046362,0.1703
2025-03-12,FL,Search | Nonbrand,paid_search,20880,806,201.89,0.038602,0.2505
2025-03-13,FL,Search | Nonbrand,paid_search,17560,846,166.8,0.048178,0.1972
2025-03-14,FL,Search | Nonbrand,paid_search,22034,877,144.08,0.039802,0.1643
2025-03-15,FL,Search | Nonbrand,paid_search,22366,870,169.56,0.038898,0.1949
2025-03-16,FL,Search | Nonbrand,paid_search,24573,722,191.07,0.029382,0.2646
2025-03-10,FL,Shopping | Instruments,shopping,24733,826,139.92,0.033397,0.1694
2025-03-11,FL,Shopping | Instruments,shopping,23336,593,174.42,0.025411,0.2941
2025-03-12,FL,Shopping | Instruments,shopping,19326,812,135.53,0.042016,0.1669
2025-03-13,FL,Shopping | Instruments,shopping,18887,780,174.1,0.041298,0.2232
2025-03-14,FL,Shopping | Instruments,shopping,24043,704,203.83,0.029281,0.2895
2025-03-15,FL,Shopping | Instruments,shopping,25084,642,145.74,0.025594,0.227
2025-03-16,FL,Shopping | Instruments,shopping,18791,877,136.69,0.046671,0.1559
2025-03-10,NY,Search | Brand,paid_search,19482,1508,114.61,0.077405,0.076
2025-03-11,NY,Search | Brand,paid_search,18830,1845,112.54,0.097982,0.061
2025-03-12,NY,Search | Brand,paid_search,23427,1721,124.93,0.073462,0.0726
2025-03-13,NY,Search | Brand,paid_search,17862,1350,130.08,0.075579,0.0964
2025-03-14,NY,Search | Brand,paid_search,23309,1847,113.79,0.07924,0.0616
2025-03-15,NY,Search | Brand,paid_search,18751,1866,114.04,0.099515,0.0611
2025-03-16,NY,Search | Brand,paid_search,16794,1734,93.02,0.103251,0.0536
2025-03-10,NY,Search | Nonbrand,paid_search,20640,883,169.42,0.042781,0.1919
2025-03-11,NY,Search | Nonbrand,paid_search,15975,702,142.11,0.043944,0.2024
2025-03-12,NY,Search | Nonbrand,paid_search,20489,650,179.99,0.031724,0.2769
2025-03-13,NY,Search | Nonbrand,paid_search,21383,639,140.82,0.029884,0.2204
2025-03-14,NY,Search | Nonbrand,paid_search,23454,953,191.48,0.040633,0.2009
2025-03-15,NY,Search | Nonbrand,paid_search,17218,761,168.33,0.044198,0.2212
2025-03-16,NY,Search | Nonbrand,paid_search,16481,915,174.35,0.055518,0.1905
2025-03-10,NY,Shopping | Instruments,shopping,16995,700,119.26,0.041189,0.1704
2025-03-11,NY,Shopping | Instruments,shopping,17667,556,125.98,0.031471,0.2266
2025-03-12,NY,Shopping | Instruments,shopping,16367,682,141.87,0.041669,0.208
2025-03-13,NY,Shopping | Instruments,shopping,22206,543,164.72,0.024453,0.3033
2025-03-14,NY,Shopping | Instruments,shopping,19499,807,179.1,0.041387,0.2219
2025-03-15,NY,Shopping | Instruments,shopping,21076,694,128.06,0.032928,0.1845
2025-03-16,NY,Shopping | Instruments,shopping,24288,743,135.33,0.030591,0.1821
2025-03-17,CA,Search | Brand,paid_search,26088,2352,124.0,0.090156,0.0527
2025-03-18,CA,Search | Brand,paid_search,23710,1775,130.32,0.074863,0.0734
2025-03-19,CA,Search | Brand,paid_search,21398,2110,144.28,0.098607,0.0684
2025-03-20,CA,Search | Brand,paid_search,27007,2229,174.68,0.082534,0.0784
2025-03-21,CA,Search | Brand,paid_search,25556,2557,124.57,0.100055,0.0487
2025-03-22,CA,Search | Brand,paid_search,26367,2192,143.52,0.083134,0.0655
2025-03-23,CA,Search | Brand,paid_search,24096,2433,169.11,0.100971,0.0695
2025-03-17,CA,Search | Nonbrand,paid_search,36366,1074,278.3,0.029533,0.2591
2025-03-18,CA,Search | Nonbrand,paid_search,32386,1132,268.78,0.034953,0.2374
2025-03-19,CA,Search | Nonbrand,paid_search,26719,1401,230.37,0.052435,0.1644
2025-03-20,CA,Search | Nonbrand,paid_search,26943,1102,243.99,0.040901,0.2214
2025-03-21,CA,Search | Nonbrand,paid_search,28205,1288,305.92,0.045666,0.2375
2025-03-22,CA,Search | Nonbrand,paid_search,33933,1291,286.51,0.038046,0.2219
2025-03-23,CA,Search | Nonbrand,paid_search,30434,1527,235.01,0.050174,0.1539
2025-03-17,CA,Shopping | Instruments,shopping,36137,1133,207.4,0.031353,0.1831
2025-03-18,CA,Shopping | Instruments,shopping,27632,835,235.82,0.030219,0.2824
2025-03-19,CA,Shopping | Instruments,shopping,35834,1134,204.11,0.031646,0.18
2025-03-20,CA,Shopping | Instruments,shopping,28021,1217,190.49,0.043432,0.1565
2025-03-21,CA,Shopping | Instruments,shopping,26618,1013,212.15,0.038057,0.2094
2025-03-22,CA,Shopping | Instruments,shopping,34497,1023,250.93,0.029655,0.2453
2025-03-23,CA,Shopping | Instruments,shopping,28109,1125,260.4,0.040023,0.2315
2025-03-17,TX,Search | Brand,paid_search,24249,2232,146.82,0.092045,0.0658
2025-03-18,TX,Search | Brand,paid_search,20179,1959,142.63,0.097081,0.0728
2025-03-19,TX,Search | Brand,paid_search,23719,2062,145.11,0.086935,0.0704
2025-03-20,TX,Search | Brand,paid_search,19524,1626,114.63,0.083282,0.0705
2025-03-21,TX,Search | Brand,paid_search,25658,1559,127.95,0.060761,0.0821
2025-03-22,TX,Search | Brand,paid_search,21926,1684,133.46,0.076804,0.0793
2025-03-23,TX,Search | Brand,paid_search,22485,2138,104.28,0.095086,0.0488
2025-03-17,TX,Search | Nonbrand,paid_search,25385,1231,179.33,0.048493,0.1457
2025-03-18,TX,Search | Nonbrand,paid_search,29391,1008,214.5,0.034296,0.2128
2025-03-19,TX,Search | Nonbrand,paid_search,23627,939,203.09,0.039743,0.2163
2025-03-20,TX,Search | Nonbrand,paid_search,22267,1089,213.59,0.048906,0.1961
2025-03-21,TX,Search | Nonbrand,paid_search,19750,1087,199.03,0.055038,0.1831
2025-03-22,TX,Search | Nonbrand,paid_search,29628,1319,252.61,0.044519,0.1915
2025-03-23,TX,Search | Nonbrand,paid_search,22497,1241,221.73,0.055163,0.1787
2025-03-17,TX,Shopping | Instruments,shopping,21961,748,150.33,0.03406,0.201
2025-03-18,TX,Shopping | Instruments,shopping,20512,698,171.88,0.034029,0.2462
2025-03-19,TX,Shopping | Instruments,shopping,20822,624,159.73,0.029968,0.256
2025-03-20,TX,Shopping | Instruments,shopping,26577,720,171.01,0.027091,0.2375
2025-03-21,TX,Shopping | Instruments,shopping,23754,685,182.36,0.028837,0.2662
2025-03-22,TX,Shopping | Instruments,shopping,20811,720,135.98,0.034597,0.1889
2025-03-23,TX,Shopping | Instruments,shopping,21328,620,150.22,0.02907,0.2423
2025-03-17,FL,Search | Brand,paid_search,20533,1471,116.18,0.071641,0.079
2025-03-18,FL,Search | Brand,paid_search,17650,1921,114.05,0.108839,0.0594
2025-03-19,FL,Search | Brand,paid_search,21014,1314,103.93,0.06253,0.0791
2025-03-20,FL,Search | Brand,paid_search,18300,1693,119.96,0.092514,0.0709
2025-03-21,FL,Search | Brand,paid_search,17446,1784,83.23,0.102258,0.0467
2025-03-22,FL,Search | Brand,paid_search,21120,1849,116.55,0.087547,0.063
2025-03-23,FL,Search | Brand,paid_search,16836,1711,116.91,0.101627,0.0683
2025-03-17,FL,Search | Nonbrand,paid_search,27397,884,168.27,0.032266,0.1903
2025-03-18,FL,Search | Nonbrand,paid_search,18991,945,207.14,0.04976,0.2192
2025-03-19,FL,Search | Nonbrand,paid_search,21727,1045,198.27,0.048097,0.1897
2025-03-20,FL,Search | Nonbrand,paid_search,19772,807,191.15,0.040815,0.2369
2025-03-21,FL,Search | Nonbrand,paid_search,19661,990,165.26,0.050353,0.1669
2025-03-22,FL,Search | Nonbrand,paid_search,24912,926,206.18,0.037171,0.2227
2025-03-23,FL,Search | Nonbrand,paid_search,23978,834,209.1,0.034782,0.2507
2025-03-17,FL,Shopping | Instruments,shopping,18565,641,115.59,0.034527,0.1803
2025-03-18,FL,Shopping | Instruments,shopping,15911,712,139.36,0.044749,0.1957
2025-03-19,FL,Shopping | Instruments,shopping,21785,578,147.63,0.026532,0.2554
2025-03-20,FL,Shopping | Instruments,shopping,23487,596,165.75,0.025376,0.2781
2025-03-21,FL,Shopping | Instruments,shopping,20841,645,147.62,0.030949,0.2289
2025-03-22,FL,Shopping | Instruments,shopping,23555,618,159.42,0.026236,0.258
2025-03-23,FL,Shopping | Instruments,shopping,17595,581,145.15,0.033021,0.2498
2025-03-17,NY,Search | Brand,paid_search,20455,1793,100.97,0.087656,0.0563
2025-03-18,NY,Search | Brand,paid_search,17196,1862,110.66,0.108281,0.0594
2025-03-19,NY,Search | Brand,paid_search,20755,1684,129.47,0.081137,0.0769
2025-03-20,NY,Search | Brand,paid_search,18538,2029,98.58,0.109451,0.0486
2025-03-21,NY,Search | Brand,paid_search,18999,1773,128.66,0.093321,0.0726
2025-03-22,NY,Search | Brand,paid_search,21708,1594,108.68,0.073429,0.0682
2025-03-23,NY,Search | Brand,paid_search,23012,1684,138.83,0.073179,0.0824
2025-03-17,NY,Search | Nonbrand,paid_search,24685,864,231.78,0.035001,0.2683
2025-03-18,NY,Search | Nonbrand,paid_search,21468,813,185.95,0.03787,0.2287
2025-03-19,NY,Search | Nonbrand,paid_search,22771,1166,175.71,0.051205,0.1507
2025-03-20,NY,Search | Nonbrand,paid_search,28101,981,267.6,0.03491,0.2728
2025-03-21,NY,Search | Nonbrand,paid_search,24288,819,220.03,0.03372,0.2687
2025-03-22,NY,Search | Nonbrand,paid_search,26752,1042,198.94,0.03895,0.1909
2025-03-23,NY,Search | Nonbrand,paid_search,23253,1142,193.32,0.049112,0.1693
2025-03-17,NY,Shopping | Instruments,shopping,21975,520,147.28,0.023663,0.2832
2025-03-18,NY,Shopping | Instruments,shopping,20787,595,129.66,0.028624,0.2179
2025-03-19,NY,Shopping | Instruments,shopping,14758,652,136.96,0.044179,0.2101
2025-03-20,NY,Shopping | Instruments,shopping,20880,773,141.23,0.037021,0.1827
2025-03-21,NY,Shopping | Instruments,shopping,20684,637,127.0,0.030797,0.1994
2025-03-22,NY,Shopping | Instruments,shopping,15825,703,156.84,0.044423,0.2231
2025-03-23,NY,Shopping | Instruments,shopping,19859,668,131.36,0.033637,0.1966
2025-03-24,CA,Search | Brand,paid_search,24957,2706,175.65,0.108426,0.0649
2025-03-25,CA,Search | Brand,paid_search,29408,2488,151.17,0.084603,0.0608
2025-03-26,CA,Search | Brand,paid_search,33302,2612,177.72,0.078434,0.068
2025-03-27,CA,Search | Brand,paid_search,24258,2556,136.42,0.105367,0.0534
2025-03-28,CA,Search | Brand,paid_search,23659,2057,159.69,0.086944,0.0776
2025-03-29,CA,Search | Brand,paid_search,30594,2451,171.77,0.080114,0.0701
2025-03-30,CA,Search | Brand,paid_search,24578,2496,133.95,0.101554,0.0537
2025-03-24,CA,Search | Nonbrand,paid_search,28378,1031,295.23,0.036331,0.2864
2025-03-25,CA,Search | Nonbrand,paid_search,29459,1387,267.05,0.047082,0.1925
2025-03-26,CA,Search | Nonbrand,paid_search,27636,1307,212.72,0.047293,0.1628
2025-03-27,CA,Search | Nonbrand,paid_search,35491,1155,277.63,0.032543,0.2404
2025-03-28,CA,Search | Nonbrand,paid_search,28664,1269,248.12,0.044272,0.1955
2025-03-29,CA,Search | Nonbrand,paid_search,29650,1461,256.83,0.049275,0.1758
2025-03-30,CA,Search | Nonbrand,paid_search,25483,1006,203.37,0.039477,0.2022
2025-03-24,CA,Shopping | Instruments,shopping,25556,1006,224.3,0.039365,0.223
2025-03-25,CA,Shopping | Instruments,shopping,27460,760,218.94,0.027677,0.2881
2025-03-26,CA,Shopping | Instruments,shopping,35519,1072,217.06,0.030181,0.2025
2025-03-27,CA,Shopping | Instruments,shopping,31482,945,251.54,0.030017,0.2662
2025-03-28,CA,Shopping | Instruments,shopping,25240,858,194.48,0.033994,0.2267
2025-03-29,CA,Shopping | Instruments,shopping,28651,949,176.23,0.033123,0.1857
2025-03-30,CA,Shopping | Instruments,shopping,33235,1061,208.88,0.031924,0.1969
2025-03-24,TX,Search | Brand,paid_search,20944,2265,172.47,0.108146,0.0761
2025-03-25,TX,Search | Brand,paid_search,20736,1898,146.32,0.091532,0.0771
2025-03-26,TX,Search | Brand,paid_search,26754,1485,115.38,0.055506,0.0777
2025-03-27,TX,Search | Brand,paid_search,22250,1897,114.17,0.085258,0.0602
2025-03-28,TX,Search | Brand,paid_search,30608,1497,165.43,0.048909,0.1105
2025-03-29,TX,Search | Brand,paid_search,23211,2264,164.01,0.09754,0.0724
2025-03-30,TX,Search | Brand,paid_search,26046,2110,111.39,0.081011,0.0528
2025-03-24,TX,Search | Nonbrand,paid_search,26494,1117,244.52,0.04216,0.2189
2025-03-25,TX,Search | Nonbrand,paid_search,27599,950,181.03,0.034422,0.1906
2025-03-26,TX,Search | Nonbrand,paid_search,23948,936,165.13,0.039085,0.1764
2025-03-27,TX,Search | Nonbrand,paid_search,20230,858,183.09,0.042412,0.2134
2025-03-28,TX,Search | Nonbrand,paid_search,22594,947,232.4,0.041914,0.2454
2025-03-29,TX,Search | Nonbrand,paid_search,18610,801,205.11,0.043041,0.2561
2025-03-30,TX,Search | Nonbrand,paid_search,25905,1132,210.99,0.043698,0.1864
2025-03-24,TX,Shopping | Instruments,shopping,20917,649,187.05,0.031027,0.2882
2025-03-25,TX,Shopping | Instruments,shopping,24814,639,137.88,0.025752,0.2158
2025-03-26,TX,Shopping | Instruments,shopping,22943,741,166.31,0.032297,0.2244
2025-03-27,TX,Shopping | Instruments,shopping,20872,862,160.45,0.041299,0.1861
2025-03-28,TX,Shopping | Instruments,shopping,22926,779,157.55,0.033979,0.2023
2025-03-29,TX,Shopping | Instruments,shopping,20886,630,170.97,0.030164,0.2714
2025-03-30,TX,Shopping | Instruments,shopping,26422,632,170.2,0.023919,0.2693
2025-03-24,FL,Search | Brand,paid_search,20540,1633,105.61,0.079503,0.0647
2025-03-25,FL,Search | Brand,paid_search,19706,1683,103.13,0.085405,0.0613
2025-03-26,FL,Search | Brand,paid_search,17904,1417,109.25,0.079144,0.0771
2025-03-27,FL,Search | Brand,paid_search,19731,1916,149.31,0.097106,0.0779
2025-03-28,FL,Search | Brand,paid_search,23044,1422,135.97,0.061708,0.0956
2025-03-29,FL,Search | Brand,paid_search,20165,1867,108.18,0.092586,0.0579
2025-03-30,FL,Search | Brand,paid_search,19880,1501,106.18,0.075503,0.0707
2025-03-24,FL,Search | Nonbrand,paid_search,23451,728,156.74,0.031043,0.2153
2025-03-25,FL,Search | Nonbrand,paid_search,16478,966,143.38,0.058624,0.1484
2025-03-26,FL,Search | Nonbrand,paid_search,19571,936,171.73,0.047826,0.1835
2025-03-27,FL,Search | Nonbrand,paid_search,20394,774,190.53,0.037952,0.2462
2025-03-28,FL,Search | Nonbrand,paid_search,21994,778,194.52,0.035373,0.25
2025-03-29,FL,Search | Nonbrand,paid_search,19908,835,184.06,0.041943,0.2204
2025-03-30,FL,Search | Nonbrand,paid_search,18755,709,167.78,0.037803,0.2366
2025-03-24,FL,Shopping | Instruments,shopping,19000,663,125.84,0.034895,0.1898
2025-03-25,FL,Shopping | Instruments,shopping,21747,510,156.97,0.023452,0.3078
2025-03-26,FL,Shopping | Instruments,shopping,19829,568,143.73,0.028645,0.2531
2025-03-27,FL,Shopping | Instruments,shopping,15497,569,146.37,0.036717,0.2572
2025-03-28,FL,Shopping | Instruments,shopping,19023,706,157.64,0.037113,0.2233
2025-03-29,FL,Shopping | Instruments,shopping,22606,696,155.68,0.030788,0.2237
2025-03-30,FL,Shopping | Instruments,shopping,21917,639,119.03,0.029155,0.1863
2025-03-24,NY,Search | Brand,paid_search,20340,1843,106.43,0.09061,0.0577
2025-03-25,NY,Search | Brand,paid_search,21926,1831,98.99,0.083508,0.0541
2025-03-26,NY,Search | Brand,paid_search,21168,1757,136.36,0.083003,0.0776
2025-03-27,NY,Search | Brand,paid_search,20274,1314,127.88,0.064812,0.0973
2025-03-28,NY,Search | Brand,paid_search,22679,1919,107.42,0.084616,0.056
2025-03-29,NY,Search | Brand,paid_search,19117,1478,115.51,0.077313,0.0782
2025-03-30,NY,Search | Brand,paid_search,17021,1327,134.05,0.077963,0.101
2025-03-24,NY,Search | Nonbrand,paid_search,28564,1005,179.91,0.035184,0.179
2025-03-25,NY,Search | Nonbrand,paid_search,21313,1055,194.3,0.0495,0.1842
2025-03-26,NY,Search | Nonbrand,paid_search,21477,1131,201.4,0.052661,0.1781
2025-03-27,NY,Search | Nonbrand,paid_search,24708,997,239.57,0.040351,0.2403
2025-03-28,NY,Search | Nonbrand,paid_search,28191,1029,192.85,0.036501,0.1874
2025-03-29,NY,Search | Nonbrand,paid_search,24690,970,199.93,0.039287,0.2061
2025-03-30,NY,Search | Nonbrand,paid_search,19227,932,238.31,0.048474,0.2557
2025-03-24,NY,Shopping | Instruments,shopping,19750,544,102.96,0.027544,0.1893
2025-03-25,NY,Shopping | Instruments,shopping,16260,504,118.08,0.030996,0.2343
2025-03-26,NY,Shopping | Instruments,shopping,16828,634,152.96,0.037675,0.2413
2025-03-27,NY,Shopping | Instruments,shopping,23278,622,145.89,0.026721,0.2345
2025-03-28,NY,Shopping | Instruments,shopping,16032,544,142.11,0.033932,0.2612
2025-03-29,NY,Shopping | Instruments,shopping,23368,513,133.59,0.021953,0.2604
2025-03-30,NY,Shopping | Instruments,shopping,16077,526,151.89,0.032718,0.2888
2025-03-31,CA,Search | Brand,paid_search,31308,2088,185.37,0.066692,0.0888
2025-04-01,CA,Search | Brand,paid_search,24438,1968,171.76,0.08053,0.0873
2025-04-02,CA,Search | Brand,paid_search,30565,2230,137.65,0.072959,0.0617
2025-04-03,CA,Search | Brand,paid_search,28551,2036,131.31,0.071311,0.0645
2025-04-04,CA,Search | Brand,paid_search,21310,2441,137.51,0.114547,0.0563
2025-04-05,CA,Search | Brand,paid_search,24822,2379,146.82,0.095842,0.0617
2025-04-06,CA,Search | Brand,paid_search,27067,2687,180.34,0.099272,0.0671
2025-03-31,CA,Search | Nonbrand,paid_search,34152,1326,255.39,0.038826,0.1926
2025-04-01,CA,Search | Nonbrand,paid_search,35453,1569,264.64,0.044256,0.1687
2025-04-02,CA,Search | Nonbrand,paid_search,26258,1092,264.58,0.041587,0.2423
2025-04-03,CA,Search | Nonbrand,paid_search,32941,1096,251.23,0.033272,0.2292
2025-04-04,CA,Search | Nonbrand,paid_search,25624,1485,290.75,0.057953,0.1958
2025-04-05,CA,Search | Nonbrand,paid_search,27459,1362,238.0,0.049601,0.1747
2025-04-06,CA,Search | Nonbrand,paid_search,32998,1199,283.41,0.036336,0.2364
2025-03-31,CA,Shopping | Instruments,shopping,31236,992,190.13,0.031758,0.1917
2025-04-01,CA,Shopping | Instruments,shopping,27182,851,239.0,0.031307,0.2809
2025-04-02,CA,Shopping | Instruments,shopping,32969,970,196.01,0.029422,0.2021
2025-04-03,CA,Shopping | Instruments,shopping,28329,1039,204.07,0.036676,0.1964
2025-04-04,CA,Shopping | Instruments,shopping,32744,910,188.49,0.027791,0.2071
2025-04-05,CA,Shopping | Instruments,shopping,26153,799,246.46,0.030551,0.3085
2025-04-06,CA,Shopping | Instruments,shopping,26441,1119,212.23,0.042321,0.1897
2025-03-31,TX,Search | Brand,paid_search,22334,1371,125.34,0.061386,0.0914
2025-04-01,TX,Search | Brand,paid_search,21762,1770,129.29,0.081334,0.073
2025-04-02,TX,Search | Brand,paid_search,22144,1671,118.39,0.075461,0.0709
2025-04-03,TX,Search | Brand,paid_search,21509,1674,132.63,0.077828,0.0792
2025-04-04,TX,Search | Brand,paid_search,23369,1761,95.27,0.075356,0.0541
2025-04-05,TX,Search | Brand,paid_search,18272,1903,132.97,0.104148,0.0699
2025-04-06,TX,Search | Brand,paid_search,17803,1434,119.83,0.080548,0.0836
2025-03-31,TX,Search | Nonbrand,paid_search,26779,946,222.54,0.035326,0.2352
2025-04-01,TX,Search | Nonbrand,paid_search,26256,972,238.84,0.03702,0.2457
2025-04-02,TX,Search | Nonbrand,paid_search,20555,1334,213.26,0.064899,0.1599
2025-04-03,TX,Search | Nonbrand,paid_search,30313,1358,214.93,0.044799,0.1583
2025-04-04,TX,Search | Nonbrand,paid_search,30368,1354,214.41,0.044586,0.1584
2025-04-05,TX,Search | Nonbrand,paid_search,20877,987,219.3,0.047277,0.2222
2025-04-06,TX,Search | Nonbrand,paid_search,24405,1283,220.88,0.052571,0.1722
2025-03-31,TX,Shopping | Instruments,shopping,18920,647,186.78,0.034197,0.2887
2025-04-01,TX,Shopping | Instruments,shopping,19767,798,145.87,0.04037,0.1828
2025-04-02,TX,Shopping | Instruments,shopping,25639,652,141.71,0.02543,0.2173
2025-04-03,TX,Shopping | Instruments,shopping,25157,585,189.4,0.023254,0.3238
2025-04-04,TX,Shopping | Instruments,shopping,19622,692,146.62,0.035267,0.2119
2025-04-05,TX,Shopping | Instruments,shopping,19284,805,139.26,0.041744,0.173
2025-04-06,TX,Shopping | Instruments,shopping,27178,676,170.43,0.024873,0.2521
2025-03-31,FL,Search | Brand,paid_search,17141,1348,93.58,0.078642,0.0694
2025-04-01,FL,Search | Brand,paid_search,16971,1491,123.41,0.087856,0.0828
2025-04-02,FL,Search | Brand,paid_search,16843,1673,101.31,0.099329,0.0606
2025-04-03,FL,Search | Brand,paid_search,18386,1728,97.45,0.093985,0.0564
2025-04-04,FL,Search | Brand,paid_search,16905,1653,93.53,0.097782,0.0566
2025-04-05,FL,Search | Brand,paid_search,20489,1585,115.58,0.077359,0.0729
2025-04-06,FL,Search | Brand,paid_search,23337,1360,129.56,0.058277,0.0953
2025-03-31,FL,Search | Nonbrand,paid_search,16948,737,183.46,0.043486,0.2489
2025-04-01,FL,Search | Nonbrand,paid_search,23374,796,154.3,0.034055,0.1938
2025-04-02,FL,Search | Nonbrand,paid_search,17496,832,206.55,0.047554,0.2483
2025-04-03,FL,Search | Nonbrand,paid_search,24026,1037,178.16,0.043162,0.1718
2025-04-04,FL,Search | Nonbrand,paid_search,22489,760,188.46,0.033794,0.248
2025-04-05,FL,Search | Nonbrand,paid_search,25346,1036,165.21,0.040874,0.1595
2025-04-06,FL,Search | Nonbrand,paid_search,21174,779,221.2,0.03679,0.284
2025-03-31,FL,Shopping | Instruments,shopping,19113,657,140.22,0.034375,0.2134
2025-04-01,FL,Shopping | Instruments,shopping,22002,633,112.03,0.02877,0.177
2025-04-02,FL,Shopping | Instruments,shopping,15473,488,133.53,0.031539,0.2736
2025-04-03,FL,Shopping | Instruments,shopping,16260,564,135.28,0.034686,0.2399
2025-04-04,FL,Shopping | Instruments,shopping,16391,639,146.86,0.038985,0.2298
2025-04-05,FL,Shopping | Instruments,shopping,22554,623,160.93,0.027623,0.2583
2025-04-06,FL,Shopping | Instruments,shopping,20184,657,121.39,0.032551,0.1848
2025-03-31,NY,Search | Brand,paid_search,21551,1663,120.33,0.077166,0.0724
2025-04-01,NY,Search | Brand,paid_search,16674,1775,133.73,0.106453,0.0753
2025-04-02,NY,Search | Brand,paid_search,18983,1927,101.27,0.101512,0.0526
2025-04-03,NY,Search | Brand,paid_search,19531,2131,130.1,0.109109,0.0611
2025-04-04,NY,Search | Brand,paid_search,25320,2123,99.56,0.083847,0.0469
2025-04-05,NY,Search | Brand,paid_search,22046,1887,131.48,0.085594,0.0697
2025-04-06,NY,Search | Brand,paid_search,19179,1476,114.58,0.076959,0.0776
2025-03-31,NY,Search | Nonbrand,paid_search,20779,812,202.5,0.039078,0.2494
2025-04-01,NY,Search | Nonbrand,paid_search,24211,885,196.04,0.036554,0.2215
2025-04-02,NY,Search | Nonbrand,paid_search,19279,875,173.44,0.045386,0.1982
2025-04-03,NY,Search | Nonbrand,paid_search,18908,914,162.25,0.048339,0.1775
2025-04-04,NY,Search | Nonbrand,paid_search,18756,1121,174.41,0.059768,0.1556
2025-04-05,NY,Search | Nonbrand,paid_search,21751,971,186.55,0.044642,0.1921
2025-04-06,NY,Search | Nonbrand,paid_search,22857,762,165.06,0.033338,0.2166
2025-03-31,NY,Shopping | Instruments,shopping,19184,602,148.9,0.03138,0.2473
2025-04-01,NY,Shopping | Instruments,shopping,24272,631,130.59,0.025997,0.2069
2025-04-02,NY,Shopping | Instruments,shopping,24030,616,169.14,0.025635,0.2746
2025-04-03,NY,Shopping | Instruments,shopping,22149,759,173.56,0.034268,0.2287
2025-04-04,NY,Shopping | Instruments,shopping,18029,752,120.35,0.041711,0.16
2025-04-05,NY,Shopping | Instruments,shopping,22226,537,156.45,0.024161,0.2913
2025-04-06,NY,Shopping | Instruments,shopping,16450,549,154.65,0.033374,0.2817
2025-04-07,CA,Search | Brand,paid_search,29696,2296,184.66,0.077317,0.0804
2025-04-08,CA,Search | Brand,paid_search,27836,2578,135.13,0.092614,0.0524
2025-04-09,CA,Search | Brand,paid_search,30625,1965,181.55,0.064163,0.0924
2025-04-10,CA,Search | Brand,paid_search,30461,2845,199.44,0.093398,0.0701
2025-04-11,CA,Search | Brand,paid_search,27974,2067,140.85,0.07389,0.0681
2025-04-12,CA,Search | Brand,paid_search,28293,1889,172.11,0.066766,0.0911
2025-04-13,CA,Search | Brand,paid_search,26484,2525,154.2,0.095341,0.0611
2025-04-07,CA,Search | Nonbrand,paid_search,31042,1465,293.75,0.047194,0.2005
2025-04-08,CA,Search | Nonbrand,paid_search,29530,1278,292.57,0.043278,0.2289
2025-04-09,CA,Search | Nonbrand,paid_search,31010,1363,277.78,0.043954,0.2038
2025-04-10,CA,Search | Nonbrand,paid_search,27736,1350,219.56,0.048673,0.1626
2025-04-11,CA,Search | Nonbrand,paid_search,32387,1203,241.06,0.037145,0.2004
2025-04-12,CA,Search | Nonbrand,paid_search,28118,1477,205.6,0.052529,0.1392
2025-04-13,CA,Search | Nonbrand,paid_search,28369,1115,260.14,0.039303,0.2333
2025-04-07,CA,Shopping | Instruments,shopping,22261,752,228.08,0.033781,0.3033
2025-04-08,CA,Shopping | Instruments,shopping,23949,918,199.49,0.038331,0.2173
2025-04-09,CA,Shopping | Instruments,shopping,24623,708,182.43,0.028754,0.2577
2025-04-10,CA,Shopping | Instruments,shopping,26766,886,176.29,0.033102,0.199
2025-04-11,CA,Shopping | Instruments,shopping,26099,882,153.3,0.033794,0.1738
2025-04-12,CA,Shopping | Instruments,shopping,31985,633,168.33,0.019791,0.2659
2025-04-13,CA,Shopping | Instruments,shopping,26714,619,205.34,0.023171,0.3317
2025-04-07,TX,Search | Brand,paid_search,20603,1958,149.87,0.095035,0.0765
2025-04-08,TX,Search | Brand,paid_search,24441,2436,150.86,0.099669,0.0619
2025-04-09,TX,Search | Brand,paid_search,20144,1794,120.55,0.089059,0.0672
2025-04-10,TX,Search | Brand,paid_search,22886,1728,114.75,0.075505,0.0664
2025-04-11,TX,Search | Brand,paid_search,23657,2342,127.57,0.098998,0.0545
2025-04-12,TX,Search | Brand,paid_search,23497,1895,143.42,0.080649,0.0757
2025-04-13,TX,Search | Brand,paid_search,30503,1928,154.22,0.063207,0.08
2025-04-07,TX,Search | Nonbrand,paid_search,24505,1191,200.53,0.048602,0.1684
2025-04-08,TX,Search | Nonbrand,paid_search,25875,1136,179.85,0.043903,0.1583
2025-04-09,TX,Search | Nonbrand,paid_search,18463,1225,249.2,0.066349,0.2034
2025-04-10,TX,Search | Nonbrand,paid_search,28137,1213,255.83,0.04311,0.2109
2025-04-11,TX,Search | Nonbrand,paid_search,25799,1088,219.95,0.042172,0.2022
2025-04-12,TX,Search | Nonbrand,paid_search,27375,1216,183.04,0.04442,0.1505
2025-04-13,TX,Search | Nonbrand,paid_search,27994,911,243.66,0.032543,0.2675
2025-04-07,TX,Shopping | Instruments,shopping,25245,955,170.53,0.037829,0.1786
2025-04-08,TX,Shopping | Instruments,shopping,23365,675,129.56,0.028889,0.1919
2025-04-09,TX,Shopping | Instruments,shopping,20069,910,194.12,0.045344,0.2133
2025-04-10,TX,Shopping | Instruments,shopping,27023,861,172.64,0.031862,0.2005
2025-04-11,TX,Shopping | Instruments,shopping,28451,931,189.87,0.032723,0.2039
2025-04-12,TX,Shopping | Instruments,shopping,18615,855,177.3,0.045931,0.2074
2025-04-13,TX,Shopping | Instruments,shopping,27944,710,195.11,0.025408,0.2748
2025-04-07,FL,Search | Brand,paid_search,15553,1664,113.76,0.106989,0.0684
2025-04-08,FL,Search | Brand,paid_search,19744,1248,110.29,0.063209,0.0884
2025-04-09,FL,Search | Brand,paid_search,19525,1572,116.08,0.080512,0.0738
2025-04-10,FL,Search | Brand,paid_search,20357,1842,104.91,0.090485,0.057
2025-04-11,FL,Search | Brand,paid_search,20298,1874,113.76,0.092324,0.0607
2025-04-12,FL,Search | Brand,paid_search,18056,1233,112.8,0.068288,0.0915
2025-04-13,FL,Search | Brand,paid_search,19422,1770,99.53,0.091134,0.0562
2025-04-07,FL,Search | Nonbrand,paid_search,21946,894,188.7,0.040736,0.2111
2025-04-08,FL,Search | Nonbrand,paid_search,23603,1062,239.79,0.044994,0.2258
2025-04-09,FL,Search | Nonbrand,paid_search,26674,926,163.49,0.034715,0.1766
2025-04-10,FL,Search | Nonbrand,paid_search,23157,1252,229.91,0.054066,0.1836
2025-04-11,FL,Search | Nonbrand,paid_search,26455,1091,185.54,0.04124,0.1701
2025-04-12,FL,Search | Nonbrand,paid_search,21904,1218,229.3,0.055606,0.1883
2025-04-13,FL,Search | Nonbrand,paid_search,25567,1234,219.31,0.048265,0.1777
2025-04-07,FL,Shopping | Instruments,shopping,18159,577,130.87,0.031775,0.2268
2025-04-08,FL,Shopping | Instruments,shopping,16416,658,136.92,0.040083,0.2081
2025-04-09,FL,Shopping | Instruments,shopping,15797,493,145.22,0.031208,0.2946
2025-04-10,FL,Shopping | Instruments,shopping,23813,670,180.04,0.028136,0.2687
2025-04-11,FL,Shopping | Instruments,shopping,18944,595,117.1,0.031408,0.1968
2025-04-12,FL,Shopping | Instruments,shopping,16944,464,126.19,0.027384,0.272
2025-04-13,FL,Shopping | Instruments,shopping,23441,544,124.96,0.023207,0.2297
2025-04-07,NY,Search | Brand,paid_search,22908,1611,123.99,0.070325,0.077
2025-04-08,NY,Search | Brand,paid_search,19076,1951,106.61,0.102275,0.0546
2025-04-09,NY,Search | Brand,paid_search,26334,1837,145.0,0.069758,0.0789
2025-04-10,NY,Search | Brand,paid_search,19768,1560,102.37,0.078915,0.0656
2025-04-11,NY,Search | Brand,paid_search,23023,1757,137.98,0.076315,0.0785
2025-04-12,NY,Search | Brand,paid_search,19415,1792,134.56,0.0923,0.0751
2025-04-13,NY,Search | Brand,paid_search,17782,1398,109.66,0.078619,0.0784
2025-04-07,NY,Search | Nonbrand,paid_search,26935,802,203.23,0.029775,0.2534
2025-04-08,NY,Search | Nonbrand,paid_search,23245,1150,216.42,0.049473,0.1882
2025-04-09,NY,Search | Nonbrand,paid_search,21933,969,175.05,0.04418,0.1807
2025-04-10,NY,Search | Nonbrand,paid_search,26551,887,188.07,0.033407,0.212
2025-04-11,NY,Search | Nonbrand,paid_search,22023,1181,207.35,0.053626,0.1756
2025-04-12,NY,Search | Nonbrand,paid_search,20012,1125,179.02,0.056216,0.1591
2025-04-13,NY,Search | Nonbrand,paid_search,18411,1128,199.2,0.061268,0.1766
2025-04-07,NY,Shopping | Instruments,shopping,21281,614,136.39,0.028852,0.2221
2025-04-08,NY,Shopping | Instruments,shopping,19980,749,159.06,0.037487,0.2124
2025-04-09,NY,Shopping | Instruments,shopping,24675,642,179.34,0.026018,0.2793
2025-04-10,NY,Shopping | Instruments,shopping,21276,665,143.65,0.031256,0.216
2025-04-11,NY,Shopping | Instruments,shopping,19227,760,179.2,0.039528,0.2358
2025-04-12,NY,Shopping | Instruments,shopping,25302,629,178.84,0.02486,0.2843
2025-04-13,NY,Shopping | Instruments,shopping,22735,821,135.74,0.036112,0.1653
2025-04-14,CA,Search | Brand,paid_search,29911,2777,186.43,0.092842,0.0671
2025-04-15,CA,Search | Brand,paid_search,31833,2529,149.17,0.079446,0.059
2025-04-16,CA,Search | Brand,paid_search,26945,2945,190.56,0.109297,0.0647
2025-04-17,CA,Search | Brand,paid_search,27109,2228,146.42,0.082187,0.0657
2025-04-18,CA,Search | Brand,paid_search,26432,2112,207.18,0.079903,0.0981
2025-04-19,CA,Search | Brand,paid_search,33505,2239,156.5,0.066826,0.0699
2025-04-20,CA,Search | Brand,paid_search,30842,2354,161.9,0.076324,0.0688
2025-04-14,CA,Search | Nonbrand,paid_search,32577,1533,259.75,0.047058,0.1694
2025-04-15,CA,Search | Nonbrand,paid_search,24206,1220,213.42,0.050401,0.1749
2025-04-16,CA,Search | Nonbrand,paid_search,34561,1199,275.03,0.034692,0.2294
2025-04-17,CA,Search | Nonbrand,paid_search,37382,1320,314.52,0.035311,0.2383
2025-04-18,CA,Search | Nonbrand,paid_search,27249,1159,216.96,0.042534,0.1872
2025-04-19,CA,Search | Nonbrand,paid_search,24590,1317,277.76,0.053558,0.2109
2025-04-20,CA,Search | Nonbrand,paid_search,27965,1102,235.93,0.039406,0.2141
2025-04-14,CA,Shopping | Instruments,shopping,19261,1056,155.59,0.054826,0.1473
2025-04-15,CA,Shopping | Instruments,shopping,28889,919,220.12,0.031811,0.2395
2025-04-16,CA,Shopping | Instruments,shopping,27809,928,227.73,0.03337,0.2454
2025-04-17,CA,Shopping | Instruments,shopping,29415,794,177.72,0.026993,0.2238
2025-04-18,CA,Shopping | Instruments,shopping,27510,690,187.82,0.025082,0.2722
2025-04-19,CA,Shopping | Instruments,shopping,27284,1040,175.51,0.038118,0.1688
2025-04-20,CA,Shopping | Instruments,shopping,24976,715,188.54,0.028627,0.2637
2025-04-14,TX,Search | Brand,paid_search,20574,1513,112.52,0.073539,0.0744
2025-04-15,TX,Search | Brand,paid_search,19658,2233,107.33,0.113592,0.0481
2025-04-16,TX,Search | Brand,paid_search,17959,1660,108.02,0.092433,0.0651
2025-04-17,TX,Search | Brand,paid_search,20606,1961,123.44,0.095166,0.0629
2025-04-18,TX,Search | Brand,paid_search,18773,1544,129.57,0.082246,0.0839
2025-04-19,TX,Search | Brand,paid_search,25173,1864,126.66,0.074048,0.0679
2025-04-20,TX,Search | Brand,paid_search,20195,2267,121.49,0.112256,0.0536
2025-04-14,TX,Search | Nonbrand,paid_search,21719,955,246.05,0.043971,0.2576
2025-04-15,TX,Search | Nonbrand,paid_search,30592,1020,230.55,0.033342,0.226
2025-04-16,TX,Search | Nonbrand,paid_search,24806,1324,184.93,0.053374,0.1397
2025-04-17,TX,Search | Nonbrand,paid_search,31175,1039,259.18,0.033328,0.2495
2025-04-18,TX,Search | Nonbrand,paid_search,22727,1315,201.87,0.057861,0.1535
2025-04-19,TX,Search | Nonbrand,paid_search,23202,983,243.34,0.042367,0.2475
2025-04-20,TX,Search | Nonbrand,paid_search,25278,909,177.78,0.03596,0.1956
2025-04-14,TX,Shopping | Instruments,shopping,26428,761,200.87,0.028795,0.2639
2025-04-15,TX,Shopping | Instruments,shopping,28515,709,193.34,0.024864,0.2727
2025-04-16,TX,Shopping | Instruments,shopping,23846,1006,163.94,0.042187,0.163
2025-04-17,TX,Shopping | Instruments,shopping,24939,969,173.75,0.038855,0.1793
2025-04-18,TX,Shopping | Instruments,shopping,20409,711,195.36,0.034838,0.2748
2025-04-19,TX,Shopping | Instruments,shopping,26012,977,155.03,0.03756,0.1587
2025-04-20,TX,Shopping | Instruments,shopping,24865,910,177.81,0.036598,0.1954
2025-04-14,FL,Search | Brand,paid_search,18193,1626,115.95,0.089375,0.0713
2025-04-15,FL,Search | Brand,paid_search,15071,1546,116.41,0.102581,0.0753
2025-04-16,FL,Search | Brand,paid_search,19117,1355,117.89,0.070879,0.087
2025-04-17,FL,Search | Brand,paid_search,17873,1667,97.3,0.093269,0.0584
2025-04-18,FL,Search | Brand,paid_search,16521,1397,94.77,0.084559,0.0678
2025-04-19,FL,Search | Brand,paid_search,20078,1709,90.95,0.085118,0.0532
2025-04-20,FL,Search | Brand,paid_search,16350,1532,81.32,0.0937,0.0531
2025-04-14,FL,Search | Nonbrand,paid_search,25664,1101,192.66,0.042901,0.175
2025-04-15,FL,Search | Nonbrand,paid_search,21100,1090,194.82,0.051659,0.1787
2025-04-16,FL,Search | Nonbrand,paid_search,24711,732,177.48,0.029622,0.2425
2025-04-17,FL,Search | Nonbrand,paid_search,22229,1089,241.55,0.04899,0.2218
2025-04-18,FL,Search | Nonbrand,paid_search,24721,1014,188.85,0.041018,0.1862
2025-04-19,FL,Search | Nonbrand,paid_search,23462,766,185.45,0.032649,0.2421
2025-04-20,FL,Search | Nonbrand,paid_search,22156,820,229.96,0.03701,0.2804
2025-04-14,FL,Shopping | Instruments,shopping,26592,620,171.2,0.023315,0.2761
2025-04-15,FL,Shopping | Instruments,shopping,22782,656,155.0,0.028795,0.2363
2025-04-16,FL,Shopping | Instruments,shopping,23428,605,149.31,0.025824,0.2468
2025-04-17,FL,Shopping | Instruments,shopping,21879,717,164.62,0.032771,0.2296
2025-04-18,FL,Shopping | Instruments,shopping,18068,572,145.39,0.031658,0.2542
2025-04-19,FL,Shopping | Instruments,shopping,18051,776,135.34,0.042989,0.1744
2025-04-20,FL,Shopping | Instruments,shopping,19561,583,161.74,0.029804,0.2774
2025-04-14,NY,Search | Brand,paid_search,19656,1484,122.54,0.075499,0.0826
2025-04-15,NY,Search | Brand,paid_search,17052,1863,108.75,0.109254,0.0584
2025-04-16,NY,Search | Brand,paid_search,19202,1767,110.08,0.092022,0.0623
2025-04-17,NY,Search | Brand,paid_search,20361,1829,94.02,0.089829,0.0514
2025-04-18,NY,Search | Brand,paid_search,18592,1363,107.59,0.073311,0.0789
2025-04-19,NY,Search | Brand,paid_search,18222,1640,127.75,0.090001,0.0779
2025-04-20,NY,Search | Brand,paid_search,17902,1760,88.98,0.098313,0.0506
2025-04-14,NY,Search | Nonbrand,paid_search,18760,861,161.86,0.045896,0.188
2025-04-15,NY,Search | Nonbrand,paid_search,22630,1004,178.71,0.044366,0.178
2025-04-16,NY,Search | Nonbrand,paid_search,17850,882,215.1,0.049412,0.2439
2025-04-17,NY,Search | Nonbrand,paid_search,23782,1084,155.49,0.045581,0.1434
2025-04-18,NY,Search | Nonbrand,paid_search,18631,734,179.58,0.039397,0.2447
2025-04-19,NY,Search | Nonbrand,paid_search,16649,957,149.82,0.057481,0.1566
2025-04-20,NY,Search | Nonbrand,paid_search,20416,911,152.42,0.044622,0.1673
2025-04-14,NY,Shopping | Instruments,shopping,22818,726,134.63,0.031817,0.1854
2025-04-15,NY,Shopping | Instruments,shopping,23300,737,131.52,0.031631,0.1784
2025-04-16,NY,Shopping | Instruments,shopping,18991,554,185.44,0.029172,0.3347
2025-04-17,NY,Shopping | Instruments,shopping,23320,655,168.38,0.028087,0.2571
2025-04-18,NY,Shopping | Instruments,shopping,16764,695,142.96,0.041458,0.2057
2025-04-19,NY,Shopping | Instruments,shopping,21473,667,145.8,0.031062,0.2186
2025-04-20,NY,Shopping | Instruments,shopping,19027,699,140.26,0.036737,0.2007
2025-04-21,CA,Search | Brand,paid_search,28683,3097,200.57,0.107973,0.0648
2025-04-22,CA,Search | Brand,paid_search,29893,2285,182.31,0.076439,0.0798
2025-04-23,CA,Search | Brand,paid_search,26895,2961,194.36,0.110095,0.0656
2025-04-24,CA,Search | Brand,paid_search,31243,2444,196.87,0.078226,0.0806
2025-04-25,CA,Search | Brand,paid_search,33097,2508,143.75,0.075777,0.0573
2025-04-26,CA,Search | Brand,paid_search,31101,2352,149.83,0.075625,0.0637
2025-04-27,CA,Search | Brand,paid_search,31466,3046,164.09,0.096803,0.0539
2025-04-21,CA,Search | Nonbrand,paid_search,29313,1029,206.49,0.035104,0.2007
2025-04-22,CA,Search | Nonbrand,paid_search,27553,1401,218.38,0.050847,0.1559
2025-04-23,CA,Search | Nonbrand,paid_search,28340,1110,287.94,0.039167,0.2594
2025-04-24,CA,Search | Nonbrand,paid_search,22901,1005,226.69,0.043885,0.2256
2025-04-25,CA,Search | Nonbrand,paid_search,29397,1305,202.99,0.044392,0.1555
2025-04-26,CA,Search | Nonbrand,paid_search,28969,1180,274.65,0.040733,0.2328
2025-04-27,CA,Search | Nonbrand,paid_search,21764,1234,201.69,0.056699,0.1634
2025-04-21,CA,Shopping | Instruments,shopping,34156,1139,220.33,0.033347,0.1934
2025-04-22,CA,Shopping | Instruments,shopping,38854,1184,249.99,0.030473,0.2111
2025-04-23,CA,Shopping | Instruments,shopping,26334,1190,224.71,0.045189,0.1888
2025-04-24,CA,Shopping | Instruments,shopping,26188,845,205.0,0.032267,0.2426
2025-04-25,CA,Shopping | Instruments,shopping,29278,1217,240.48,0.041567,0.1976
2025-04-26,CA,Shopping | Instruments,shopping,36811,1217,202.6,0.033061,0.1665
2025-04-27,CA,Shopping | Instruments,shopping,32159,838,268.1,0.026058,0.3199
2025-04-21,TX,Search | Brand,paid_search,25073,1637,135.51,0.065289,0.0828
2025-04-22,TX,Search | Brand,paid_search,22453,1681,102.61,0.074868,0.061
2025-04-23,TX,Search | Brand,paid_search,22220,2166,124.98,0.09748,0.0577
2025-04-24,TX,Search | Brand,paid_search,21089,1859,125.56,0.08815,0.0675
2025-04-25,TX,Search | Brand,paid_search,22490,2096,141.8,0.093197,0.0677
2025-04-26,TX,Search | Brand,paid_search,18496,2327,145.22,0.125811,0.0624
2025-04-27,TX,Search | Brand,paid_search,24692,1810,132.12,0.073303,0.073
2025-04-21,TX,Search | Nonbrand,paid_search,24586,1025,208.24,0.04169,0.2032
2025-04-22,TX,Search | Nonbrand,paid_search,22108,896,237.83,0.040528,0.2654
2025-04-23,TX,Search | Nonbrand,paid_search,22492,867,184.36,0.038547,0.2126
2025-04-24,TX,Search | Nonbrand,paid_search,23903,892,196.55,0.037317,0.2203
2025-04-25,TX,Search | Nonbrand,paid_search,28272,985,165.64,0.03484,0.1682
2025-04-26,TX,Search | Nonbrand,paid_search,21011,1029,226.52,0.048974,0.2201
2025-04-27,TX,Search | Nonbrand,paid_search,22801,872,201.33,0.038244,0.2309
2025-04-21,TX,Shopping | Instruments,shopping,20539,746,152.57,0.036321,0.2045
2025-04-22,TX,Shopping | Instruments,shopping,27604,722,145.59,0.026156,0.2017
2025-04-23,TX,Shopping | Instruments,shopping,25420,820,140.23,0.032258,0.171
2025-04-24,TX,Shopping | Instruments,shopping,20826,841,199.15,0.040382,0.2368
2025-04-25,TX,Shopping | Instruments,shopping,24924,597,194.33,0.023953,0.3255
2025-04-26,TX,Shopping | Instruments,shopping,21640,834,146.7,0.03854,0.1759
2025-04-27,TX,Shopping | Instruments,shopping,23620,639,206.36,0.027053,0.3229
2025-04-21,FL,Search | Brand,paid_search,21307,1689,115.44,0.07927,0.0683
2025-04-22,FL,Search | Brand,paid_search,17752,1609,113.71,0.090638,0.0707
2025-04-23,FL,Search | Brand,paid_search,19310,1291,103.6,0.066857,0.0803
2025-04-24,FL,Search | Brand,paid_search,15031,1592,82.2,0.105914,0.0516
2025-04-25,FL,Search | Brand,paid_search,14801,1576,119.38,0.106479,0.0757
2025-04-26,FL,Search | Brand,paid_search,21799,1342,121.1,0.061562,0.0902
2025-04-27,FL,Search | Brand,paid_search,19507,1411,95.7,0.072333,0.0678
2025-04-21,FL,Search | Nonbrand,paid_search,29883,704,163.21,0.023559,0.2318
2025-04-22,FL,Search | Nonbrand,paid_search,19856,1074,205.22,0.054089,0.1911
2025-04-23,FL,Search | Nonbrand,paid_search,23635,958,206.56,0.040533,0.2156
2025-04-24,FL,Search | Nonbrand,paid_search,20938,1057,162.38,0.050482,0.1536
2025-04-25,FL,Search | Nonbrand,paid_search,19533,1072,171.74,0.054881,0.1602
2025-04-26,FL,Search | Nonbrand,paid_search,19772,943,220.9,0.047694,0.2343
2025-04-27,FL,Search | Nonbrand,paid_search,21486,848,203.87,0.039468,0.2404
2025-04-21,FL,Shopping | Instruments,shopping,18559,728,187.91,0.039226,0.2581
2025-04-22,FL,Shopping | Instruments,shopping,23155,681,174.63,0.02941,0.2564
2025-04-23,FL,Shopping | Instruments,shopping,24704,740,181.19,0.029955,0.2449
2025-04-24,FL,Shopping | Instruments,shopping,18477,740,160.69,0.04005,0.2172
2025-04-25,FL,Shopping | Instruments,shopping,25039,878,137.35,0.035065,0.1564
2025-04-26,FL,Shopping | Instruments,shopping,24484,672,126.63,0.027446,0.1884
2025-04-27,FL,Shopping | Instruments,shopping,20161,792,144.56,0.039284,0.1825
2025-04-21,NY,Search | Brand,paid_search,23456,1999,139.96,0.085223,0.07
2025-04-22,NY,Search | Brand,paid_search,21054,1745,98.21,0.082882,0.0563
2025-04-23,NY,Search | Brand,paid_search,22178,1474,113.39,0.066462,0.0769
2025-04-24,NY,Search | Brand,paid_search,22770,1477,135.6,0.064866,0.0918
2025-04-25,NY,Search | Brand,paid_search,16153,1907,124.1,0.118059,0.0651
2025-04-26,NY,Search | Brand,paid_search,22109,1767,108.86,0.079922,0.0616
2025-04-27,NY,Search | Brand,paid_search,17045,1987,119.51,0.116574,0.0601
2025-04-21,NY,Search | Nonbrand,paid_search,22329,1003,217.34,0.044919,0.2167
2025-04-22,NY,Search | Nonbrand,paid_search,23957,730,166.35,0.030471,0.2279
2025-04-23,NY,Search | Nonbrand,paid_search,19973,1048,189.16,0.052471,0.1805
2025-04-24,NY,Search | Nonbrand,paid_search,23743,873,164.06,0.036769,0.1879
2025-04-25,NY,Search | Nonbrand,paid_search,20868,1076,204.18,0.051562,0.1898
2025-04-26,NY,Search | Nonbrand,paid_search,20210,798,167.63,0.039485,0.2101
2025-04-27,NY,Search | Nonbrand,paid_search,24143,965,226.2,0.03997,0.2344
2025-04-21,NY,Shopping | Instruments,shopping,23114,869,141.46,0.037596,0.1628
2025-04-22,NY,Shopping | Instruments,shopping,23369,834,202.54,0.035688,0.2429
2025-04-23,NY,Shopping | Instruments,shopping,23363,613,206.18,0.026238,0.3363
2025-04-24,NY,Shopping | Instruments,shopping,18525,780,162.32,0.042105,0.2081
2025-04-25,NY,Shopping | Instruments,shopping,27360,841,204.53,0.030738,0.2432
2025-04-26,NY,Shopping | Instruments,shopping,26255,730,149.11,0.027804,0.2043
2025-04-27,NY,Shopping | Instruments,shopping,25281,798,138.19,0.031565,0.1732
2025-04-28,CA,Search | Brand,paid_search,30763,2776,134.38,0.090238,0.0484
2025-04-29,CA,Search | Brand,paid_search,22440,2580,136.33,0.114973,0.0528
2025-04-30,CA,Search | Brand,paid_search,30699,2038,190.29,0.066387,0.0934
2025-05-01,CA,Search | Brand,paid_search,29757,1888,161.85,0.063447,0.0857
2025-05-02,CA,Search | Brand,paid_search,28817,2730,135.72,0.094736,0.0497
2025-05-03,CA,Search | Brand,paid_search,25900,2799,194.63,0.108069,0.0695
2025-05-04,CA,Search | Brand,paid_search,27631,2191,183.64,0.079295,0.0838
2025-04-28,CA,Search | Nonbrand,paid_search,28214,1273,236.85,0.045119,0.1861
2025-04-29,CA,Search | Nonbrand,paid_search,27916,995,298.57,0.035643,0.3001
2025-04-30,CA,Search | Nonbrand,paid_search,27800,1345,249.28,0.048381,0.1853
2025-05-01,CA,Search | Nonbrand,paid_search,29654,1096,219.11,0.03696,0.1999
2025-05-02,CA,Search | Nonbrand,paid_search,24477,1299,232.97,0.05307,0.1793
2025-05-03,CA,Search | Nonbrand,paid_search,22938,1190,227.44,0.051879,0.1911
2025-05-04,CA,Search | Nonbrand,paid_search,31924,1051,194.93,0.032922,0.1855
2025-04-28,CA,Shopping | Instruments,shopping,22700,963,169.22,0.042423,0.1757
2025-04-29,CA,Shopping | Instruments,shopping,22403,866,219.94,0.038656,0.254
2025-04-30,CA,Shopping | Instruments,shopping,21781,792,234.41,0.036362,0.296
2025-05-01,CA,Shopping | Instruments,shopping,30089,714,192.9,0.02373,0.2702
2025-05-02,CA,Shopping | Instruments,shopping,30059,656,188.75,0.021824,0.2877
2025-05-03,CA,Shopping | Instruments,shopping,32290,901,188.46,0.027903,0.2092
2025-05-04,CA,Shopping | Instruments,shopping,31207,824,178.13,0.026404,0.2162
2025-04-28,TX,Search | Brand,paid_search,28581,2410,118.26,0.084322,0.0491
2025-04-29,TX,Search | Brand,paid_search,29559,1644,144.4,0.055618,0.0878
2025-04-30,TX,Search | Brand,paid_search,21194,1951,175.01,0.092054,0.0897
2025-05-01,TX,Search | Brand,paid_search,23040,2380,131.03,0.103299,0.0551
2025-05-02,TX,Search | Brand,paid_search,22990,1781,137.67,0.077468,0.0773
2025-05-03,TX,Search | Brand,paid_search,19435,2360,147.19,0.12143,0.0624
2025-05-04,TX,Search | Brand,paid_search,28831,1643,153.5,0.056987,0.0934
2025-04-28,TX,Search | Nonbrand,paid_search,26812,1213,165.95,0.045241,0.1368
2025-04-29,TX,Search | Nonbrand,paid_search,21197,1184,217.41,0.055857,0.1836
2025-04-30,TX,Search | Nonbrand,paid_search,28370,951,192.85,0.033521,0.2028
2025-05-01,TX,Search | Nonbrand,paid_search,22265,1189,223.54,0.053402,0.188
2025-05-02,TX,Search | Nonbrand,paid_search,22859,942,226.42,0.041209,0.2404
2025-05-03,TX,Search | Nonbrand,paid_search,25867,1093,198.1,0.042255,0.1812
2025-05-04,TX,Search | Nonbrand,paid_search,22605,1193,237.51,0.052776,0.1991
2025-04-28,TX,Shopping | Instruments,shopping,24981,877,166.26,0.035107,0.1896
2025-04-29,TX,Shopping | Instruments,shopping,22273,660,150.21,0.029632,0.2276
2025-04-30,TX,Shopping | Instruments,shopping,19979,639,179.68,0.031984,0.2812
2025-05-01,TX,Shopping | Instruments,shopping,24175,679,143.24,0.028087,0.211
2025-05-02,TX,Shopping | Instruments,shopping,22975,674,187.16,0.029336,0.2777
2025-05-03,TX,Shopping | Instruments,shopping,19815,914,139.37,0.046127,0.1525
2025-05-04,TX,Shopping | Instruments,shopping,22758,669,164.17,0.029396,0.2454
2025-04-28,FL,Search | Brand,paid_search,18932,1094,93.44,0.057786,0.0854
2025-04-29,FL,Search | Brand,paid_search,18683,1550,91.34,0.082963,0.0589
2025-04-30,FL,Search | Brand,paid_search,19100,1493,98.41,0.078168,0.0659
2025-05-01,FL,Search | Brand,paid_search,19455,1660,103.14,0.085325,0.0621
2025-05-02,FL,Search | Brand,paid_search,15019,1516,106.75,0.100939,0.0704
2025-05-03,FL,Search | Brand,paid_search,14656,1402,113.52,0.09566,0.081
2025-05-04,FL,Search | Brand,paid_search,19075,1108,117.94,0.058087,0.1064
2025-04-28,FL,Search | Nonbrand,paid_search,25503,916,174.54,0.035917,0.1905
2025-04-29,FL,Search | Nonbrand,paid_search,18563,966,184.48,0.052039,0.191
2025-04-30,FL,Search | Nonbrand,paid_search,17045,1036,148.57,0.06078,0.1434
2025-05-01,FL,Search | Nonbrand,paid_search,24280,744,200.52,0.030643,0.2695
2025-05-02,FL,Search | Nonbrand,paid_search,18315,986,147.31,0.053836,0.1494
2025-05-03,FL,Search | Nonbrand,paid_search,19939,902,225.59,0.045238,0.2501
2025-05-04,FL,Search | Nonbrand,paid_search,23217,745,182.01,0.032089,0.2443
2025-04-28,FL,Shopping | Instruments,shopping,17348,706,145.36,0.040696,0.2059
2025-04-29,FL,Shopping | Instruments,shopping,23126,820,152.01,0.035458,0.1854
2025-04-30,FL,Shopping | Instruments,shopping,18464,626,140.56,0.033904,0.2245
2025-05-01,FL,Shopping | Instruments,shopping,22201,652,145.95,0.029368,0.2238
2025-05-02,FL,Shopping | Instruments,shopping,15851,773,133.92,0.048767,0.1732
2025-05-03,FL,Shopping | Instruments,shopping,18265,659,142.72,0.03608,0.2166
2025-05-04,FL,Shopping | Instruments,shopping,23023,541,135.09,0.023498,0.2497
2025-04-28,NY,Search | Brand,paid_search,20363,1965,145.37,0.096499,0.074
2025-04-29,NY,Search | Brand,paid_search,21508,1797,151.38,0.08355,0.0842
2025-04-30,NY,Search | Brand,paid_search,19959,2196,147.65,0.110026,0.0672
2025-05-01,NY,Search | Brand,paid_search,20841,1768,124.48,0.084833,0.0704
2025-05-02,NY,Search | Brand,paid_search,25962,2305,139.64,0.088784,0.0606
2025-05-03,NY,Search | Brand,paid_search,25609,1798,110.45,0.07021,0.0614
2025-05-04,NY,Search | Brand,paid_search,25591,2109,108.05,0.082412,0.0512
2025-04-28,NY,Search | Nonbrand,paid_search,19978,842,241.89,0.042146,0.2873
2025-04-29,NY,Search | Nonbrand,paid_search,25181,1157,184.73,0.045947,0.1597
2025-04-30,NY,Search | Nonbrand,paid_search,22397,1148,171.13,0.051257,0.1491
2025-05-01,NY,Search | Nonbrand,paid_search,22776,1018,184.65,0.044696,0.1814
2025-05-02,NY,Search | Nonbrand,paid_search,25325,887,169.94,0.035025,0.1916
2025-05-03,NY,Search | Nonbrand,paid_search,25525,1084,233.71,0.042468,0.2156
2025-05-04,NY,Search | Nonbrand,paid_search,23244,941,228.02,0.040484,0.2423
2025-04-28,NY,Shopping | Instruments,shopping,24610,697,183.92,0.028322,0.2639
2025-04-29,NY,Shopping | Instruments,shopping,25112,650,156.63,0.025884,0.241
2025-04-30,NY,Shopping | Instruments,shopping,20872,732,154.5,0.035071,0.2111
2025-05-01,NY,Shopping | Instruments,shopping,26225,830,150.54,0.031649,0.1814
2025-05-02,NY,Shopping | Instruments,shopping,21452,737,132.29,0.034356,0.1795
2025-05-03,NY,Shopping | Instruments,shopping,21249,591,184.99,0.027813,0.313
2025-05-04,NY,Shopping | Instruments,shopping,18507,655,174.92,0.035392,0.267
2025-05-05,CA,Search | Brand,paid_search,32244,2496,200.58,0.07741,0.0804
2025-05-06,CA,Search | Brand,paid_search,35540,2829,142.02,0.0796,0.0502
2025-05-07,CA,Search | Brand,paid_search,29052,2721,150.59,0.09366,0.0553
2025-05-08,CA,Search | Brand,paid_search,26958,2050,210.57,0.076044,0.1027
2025-05-09,CA,Search | Brand,paid_search,27409,2889,180.57,0.105403,0.0625
2025-05-10,CA,Search | Brand,paid_search,35151,2030,186.79,0.057751,0.092
2025-05-11,CA,Search | Brand,paid_search,33492,2585,204.0,0.077183,0.0789
2025-05-05,CA,Search | Nonbrand,paid_search,38149,1678,382.58,0.043985,0.228
2025-05-06,CA,Search | Nonbrand,paid_search,43015,1895,290.79,0.044054,0.1535
2025-05-07,CA,Search | Nonbrand,paid_search,30296,1808,298.25,0.059678,0.165
2025-05-08,CA,Search | Nonbrand,paid_search,35524,1433,299.1,0.040339,0.2087
2025-05-09,CA,Search | Nonbrand,paid_search,41283,1889,333.05,0.045757,0.1763
2025-05-10,CA,Search | Nonbrand,paid_search,34921,1637,348.28,0.046877,0.2128
2025-05-11,CA,Search | Nonbrand,paid_search,41883,1332,327.56,0.031803,0.2459
2025-05-05,CA,Shopping | Instruments,shopping,32357,1196,263.75,0.036963,0.2205
2025-05-06,CA,Shopping | Instruments,shopping,33816,1266,300.31,0.037438,0.2372
2025-05-07,CA,Shopping | Instruments,shopping,41612,856,206.43,0.020571,0.2412
2025-05-08,CA,Shopping | Instruments,shopping,39647,968,251.31,0.024415,0.2596
2025-05-09,CA,Shopping | Instruments,shopping,35274,862,203.85,0.024437,0.2365
2025-05-10,CA,Shopping | Instruments,shopping,30340,1128,230.97,0.037179,0.2048
2025-05-11,CA,Shopping | Instruments,shopping,31164,918,301.69,0.029457,0.3286
2025-05-05,TX,Search | Brand,paid_search,20470,1592,113.42,0.077772,0.0712
2025-05-06,TX,Search | Brand,paid_search,20178,1553,115.11,0.076965,0.0741
2025-05-07,TX,Search | Brand,paid_search,26172,2216,134.53,0.084671,0.0607
2025-05-08,TX,Search | Brand,paid_search,23346,2103,153.16,0.09008,0.0728
2025-05-09,TX,Search | Brand,paid_search,18829,2349,119.96,0.124754,0.0511
2025-05-10,TX,Search | Brand,paid_search,25690,2326,117.69,0.090541,0.0506
2025-05-11,TX,Search | Brand,paid_search,23519,1627,163.72,0.069178,0.1006
2025-05-05,TX,Search | Nonbrand,paid_search,22598,979,245.3,0.043322,0.2506
2025-05-06,TX,Search | Nonbrand,paid_search,25106,1063,196.33,0.04234,0.1847
2025-05-07,TX,Search | Nonbrand,paid_search,24776,1253,204.16,0.050573,0.1629
2025-05-08,TX,Search | Nonbrand,paid_search,29669,1289,230.54,0.043446,0.1789
2025-05-09,TX,Search | Nonbrand,paid_search,29460,1085,252.74,0.03683,0.2329
2025-05-10,TX,Search | Nonbrand,paid_search,26676,1219,215.57,0.045697,0.1768
2025-05-11,TX,Search | Nonbrand,paid_search,27633,1337,254.24,0.048384,0.1902
2025-05-05,TX,Shopping | Instruments,shopping,24706,860,199.92,0.034809,0.2325
2025-05-06,TX,Shopping | Instruments,shopping,26202,706,219.04,0.026945,0.3103
2025-05-07,TX,Shopping | Instruments,shopping,26527,868,204.8,0.032721,0.2359
2025-05-08,TX,Shopping | Instruments,shopping,27062,859,180.31,0.031742,0.2099
2025-05-09,TX,Shopping | Instruments,shopping,26355,1035,167.86,0.039271,0.1622
2025-05-10,TX,Shopping | Instruments,shopping,21658,1029,171.46,0.047511,0.1666
2025-05-11,TX,Shopping | Instruments,shopping,30432,684,173.8,0.022476,0.2541
2025-05-05,FL,Search | Brand,paid_search,18723,1675,108.98,0.089462,0.0651
2025-05-06,FL,Search | Brand,paid_search,22755,2069,127.05,0.090925,0.0614
2025-05-07,FL,Search | Brand,paid_search,22175,1741,112.28,0.078512,0.0645
2025-05-08,FL,Search | Brand,paid_search,22880,2344,155.7,0.102448,0.0664
2025-05-09,FL,Search | Brand,paid_search,23411,2342,133.95,0.100038,0.0572
2025-05-10,FL,Search | Brand,paid_search,25958,2139,137.22,0.082402,0.0642
2025-05-11,FL,Search | Brand,paid_search,21349,1958,136.87,0.091714,0.0699
2025-05-05,FL,Search | Nonbrand,paid_search,20180,832,176.37,0.041229,0.212
2025-05-06,FL,Search | Nonbrand,paid_search,20513,883,196.18,0.043046,0.2222
2025-05-07,FL,Search | Nonbrand,paid_search,25458,977,203.13,0.038377,0.2079
2025-05-08,FL,Search | Nonbrand,paid_search,19573,1050,217.43,0.053645,0.2071
2025-05-09,FL,Search | Nonbrand,paid_search,25064,772,215.78,0.030801,0.2795
2025-05-10,FL,Search | Nonbrand,paid_search,22626,859,152.59,0.037965,0.1776
2025-05-11,FL,Search | Nonbrand,paid_search,18625,877,146.06,0.047087,0.1665
2025-05-05,FL,Shopping | Instruments,shopping,24109,687,174.46,0.028496,0.2539
2025-05-06,FL,Shopping | Instruments,shopping,19062,894,195.16,0.0469,0.2183
2025-05-07,FL,Shopping | Instruments,shopping,25024,661,133.92,0.026415,0.2026
2025-05-08,FL,Shopping | Instruments,shopping,25929,697,197.1,0.026881,0.2828
2025-05-09,FL,Shopping | Instruments,shopping,25377,782,159.98,0.030815,0.2046
2025-05-10,FL,Shopping | Instruments,shopping,25892,719,180.74,0.027769,0.2514
2025-05-11,FL,Shopping | Instruments,shopping,26447,812,195.89,0.030703,0.2412
2025-05-05,NY,Search | Brand,paid_search,21371,2411,117.83,0.112816,0.0489
2025-05-06,NY,Search | Brand,paid_search,23457,2299,144.14,0.098009,0.0627
2025-05-07,NY,Search | Brand,paid_search,28634,2481,158.76,0.086645,0.064
2025-05-08,NY,Search | Brand,paid_search,30169,1896,126.07,0.062846,0.0665
2025-05-09,NY,Search | Brand,paid_search,20145,2299,157.94,0.114123,0.0687
2025-05-10,NY,Search | Brand,paid_search,28050,2368,181.8,0.084421,0.0768
2025-05-11,NY,Search | Brand,paid_search,24168,2058,134.23,0.085154,0.0652
2025-05-05,NY,Search | Nonbrand,paid_search,22604,997,210.02,0.044107,0.2107
2025-05-06,NY,Search | Nonbrand,paid_search,22147,960,154.38,0.043347,0.1608
2025-05-07,NY,Search | Nonbrand,paid_search,21913,874,226.78,0.039885,0.2595
2025-05-08,NY,Search | Nonbrand,paid_search,21480,1054,198.2,0.049069,0.188
2025-05-09,NY,Search | Nonbrand,paid_search,24591,765,173.26,0.031109,0.2265
2025-05-10,NY,Search | Nonbrand,paid_search,17777,763,189.17,0.042921,0.2479
2025-05-11,NY,Search | Nonbrand,paid_search,26499,1136,198.5,0.04287,0.1747
2025-05-05,NY,Shopping | Instruments,shopping,28206,785,196.39,0.027831,0.2502
2025-05-06,NY,Shopping | Instruments,shopping,27765,763,185.0,0.027481,0.2425
2025-05-07,NY,Shopping | Instruments,shopping,19861,974,209.33,0.049041,0.2149
2025-05-08,NY,Shopping | Instruments,shopping,19574,784,189.1,0.040053,0.2412
2025-05-09,NY,Shopping | Instruments,shopping,27262,848,166.3,0.031106,0.1961
2025-05-10,NY,Shopping | Instruments,shopping,30380,891,147.96,0.029329,0.1661
2025-05-11,NY,Shopping | Instruments,shopping,26527,791,198.86,0.029819,0.2514
2025-05-12,CA,Search | Brand,paid_search,35557,2481,188.22,0.069775,0.0759
2025-05-13,CA,Search | Brand,paid_search,33648,2422,183.7,0.071981,0.0758
2025-05-14,CA,Search | Brand,paid_search,29134,2126,183.35,0.072973,0.0862
2025-05-15,CA,Search | Brand,paid_search,32083,2695,193.84,0.084001,0.0719
2025-05-16,CA,Search | Brand,paid_search,31584,2616,135.17,0.082827,0.0517
2025-05-17,CA,Search | Brand,paid_search,30426,2683,186.09,0.088181,0.0694
2025-05-18,CA,Search | Brand,paid_search,26374,2399,198.71,0.090961,0.0828
2025-05-12,CA,Search | Nonbrand,paid_search,33162,1361,207.58,0.041041,0.1525
2025-05-13,CA,Search | Nonbrand,paid_search,23291,1098,247.56,0.047143,0.2255
2025-05-14,CA,Search | Nonbrand,paid_search,27213,1210,253.11,0.044464,0.2092
2025-05-15,CA,Search | Nonbrand,paid_search,29315,947,262.59,0.032304,0.2773
2025-05-16,CA,Search | Nonbrand,paid_search,21803,1072,269.04,0.049168,0.251
2025-05-17,CA,Search | Nonbrand,paid_search,27261,1085,209.97,0.0398,0.1935
2025-05-18,CA,Search | Nonbrand,paid_search,32078,1010,219.6,0.031486,0.2174
2025-05-12,CA,Shopping | Instruments,shopping,30970,884,250.49,0.028544,0.2834
2025-05-13,CA,Shopping | Instruments,shopping,36245,865,212.28,0.023865,0.2454
2025-05-14,CA,Shopping | Instruments,shopping,29724,1043,203.26,0.035089,0.1949
2025-05-15,CA,Shopping | Instruments,shopping,32502,872,228.5,0.026829,0.262
2025-05-16,CA,Shopping | Instruments,shopping,35366,973,263.71,0.027512,0.271
2025-05-17,CA,Shopping | Instruments,shopping,25332,802,217.26,0.03166,0.2709
2025-05-18,CA,Shopping | Instruments,shopping,31641,1204,221.34,0.038052,0.1838
2025-05-12,TX,Search | Brand,paid_search,28975,1971,112.15,0.068024,0.0569
2025-05-13,TX,Search | Brand,paid_search,21189,1772,155.07,0.083628,0.0875
2025-05-14,TX,Search | Brand,paid_search,21393,2101,117.94,0.09821,0.0561
2025-05-15,TX,Search | Brand,paid_search,23879,2349,119.25,0.098371,0.0508
2025-05-16,TX,Search | Brand,paid_search,20454,1879,158.72,0.091865,0.0845
2025-05-17,TX,Search | Brand,paid_search,20633,1975,157.54,0.09572,0.0798
2025-05-18,TX,Search | Brand,paid_search,26061,2187,122.32,0.083918,0.0559
2025-05-12,TX,Search | Nonbrand,paid_search,28925,1212,254.57,0.041901,0.21
2025-05-13,TX,Search | Nonbrand,paid_search,26315,1006,203.4,0.038229,0.2022
2025-05-14,TX,Search | Nonbrand,paid_search,28704,1513,215.33,0.05271,0.1423
2025-05-15,TX,Search | Nonbrand,paid_search,24833,1439,306.68,0.057947,0.2131
2025-05-16,TX,Search | Nonbrand,paid_search,25558,1158,242.89,0.045309,0.2098
2025-05-17,TX,Search | Nonbrand,paid_search,29946,1106,224.14,0.036933,0.2027
2025-05-18,TX,Search | Nonbrand,paid_search,27746,1132,204.42,0.040799,0.1806
2025-05-12,TX,Shopping | Instruments,shopping,29301,883,197.27,0.030135,0.2234
2025-05-13,TX,Shopping | Instruments,shopping,29235,815,212.99,0.027878,0.2613
2025-05-14,TX,Shopping | Instruments,shopping,24361,833,237.04,0.034194,0.2846
2025-05-15,TX,Shopping | Instruments,shopping,24128,782,174.61,0.03241,0.2233
2025-05-16,TX,Shopping | Instruments,shopping,29607,1045,181.61,0.035296,0.1738
2025-05-17,TX,Shopping | Instruments,shopping,28302,817,214.11,0.028867,0.2621
2025-05-18,TX,Shopping | Instruments,shopping,30070,784,186.4,0.026072,0.2378
2025-05-12,FL,Search | Brand,paid_search,18546,1481,113.28,0.079855,0.0765
2025-05-13,FL,Search | Brand,paid_search,18037,1805,121.73,0.100072,0.0674
2025-05-14,FL,Search | Brand,paid_search,20373,2195,121.32,0.107741,0.0553
2025-05-15,FL,Search | Brand,paid_search,19268,1695,99.06,0.08797,0.0584
2025-05-16,FL,Search | Brand,paid_search,25474,1860,142.57,0.073016,0.0767
2025-05-17,FL,Search | Brand,paid_search,20634,1786,122.67,0.086556,0.0687
2025-05-18,FL,Search | Brand,paid_search,25233,1661,135.25,0.065826,0.0814
2025-05-12,FL,Search | Nonbrand,paid_search,23084,855,144.57,0.037039,0.1691
2025-05-13,FL,Search | Nonbrand,paid_search,20596,725,189.63,0.035201,0.2616
2025-05-14,FL,Search | Nonbrand,paid_search,17215,847,187.95,0.049201,0.2219
2025-05-15,FL,Search | Nonbrand,paid_search,18030,969,158.32,0.053744,0.1634
2025-05-16,FL,Search | Nonbrand,paid_search,19160,652,187.63,0.034029,0.2878
2025-05-17,FL,Search | Nonbrand,paid_search,17572,966,189.71,0.054974,0.1964
2025-05-18,FL,Search | Nonbrand,paid_search,24210,760,145.06,0.031392,0.1909
2025-05-12,FL,Shopping | Instruments,shopping,22270,592,136.12,0.026583,0.2299
2025-05-13,FL,Shopping | Instruments,shopping,19721,663,160.43,0.033619,0.242
2025-05-14,FL,Shopping | Instruments,shopping,19759,604,145.74,0.030568,0.2413
2025-05-15,FL,Shopping | Instruments,shopping,25275,817,150.33,0.032324,0.184
2025-05-16,FL,Shopping | Instruments,shopping,20477,730,175.37,0.03565,0.2402
2025-05-17,FL,Shopping | Instruments,shopping,22836,754,154.8,0.033018,0.2053
2025-05-18,FL,Shopping | Instruments,shopping,20224,602,161.27,0.029767,0.2679
2025-05-12,NY,Search | Brand,paid_search,17838,1867,126.64,0.104664,0.0678
2025-05-13,NY,Search | Brand,paid_search,19165,1438,136.78,0.075033,0.0951
2025-05-14,NY,Search | Brand,paid_search,19322,1608,106.35,0.083221,0.0661
2025-05-15,NY,Search | Brand,paid_search,19487,1789,112.47,0.091805,0.0629
2025-05-16,NY,Search | Brand,paid_search,23017,1731,122.62,0.075205,0.0708
2025-05-17,NY,Search | Brand,paid_search,20837,1579,117.03,0.075779,0.0741
2025-05-18,NY,Search | Brand,paid_search,21296,1541,95.69,0.072361,0.0621
2025-05-12,NY,Search | Nonbrand,paid_search,16067,936,171.57,0.058256,0.1833
2025-05-13,NY,Search | Nonbrand,paid_search,18528,878,155.06,0.047388,0.1766
2025-05-14,NY,Search | Nonbrand,paid_search,22104,763,174.43,0.034519,0.2286
2025-05-15,NY,Search | Nonbrand,paid_search,21291,744,211.38,0.034944,0.2841
2025-05-16,NY,Search | Nonbrand,paid_search,20695,836,155.07,0.040396,0.1855
2025-05-17,NY,Search | Nonbrand,paid_search,21013,862,202.71,0.041022,0.2352
2025-05-18,NY,Search | Nonbrand,paid_search,23753,1109,163.46,0.046689,0.1474
2025-05-12,NY,Shopping | Instruments,shopping,19122,785,163.44,0.041052,0.2082
2025-05-13,NY,Shopping | Instruments,shopping,18335,558,155.84,0.030434,0.2793
2025-05-14,NY,Shopping | Instruments,shopping,16786,601,143.36,0.035804,0.2385
2025-05-15,NY,Shopping | Instruments,shopping,16704,733,155.01,0.043882,0.2115
2025-05-16,NY,Shopping | Instruments,shopping,21534,604,144.91,0.028049,0.2399
2025-05-17,NY,Shopping | Instruments,shopping,25079,549,139.9,0.021891,0.2548
2025-05-18,NY,Shopping | Instruments,shopping,24840,719,122.8,0.028945,0.1708
2025-05-19,CA,Search | Brand,paid_search,28810,2041,169.47,0.070843,0.083
2025-05-20,CA,Search | Brand,paid_search,27100,2049,164.45,0.075609,0.0803
2025-05-21,CA,Search | Brand,paid_search,28268,2164,149.66,0.076553,0.0692
2025-05-22,CA,Search | Brand,paid_search,26072,2105,118.37,0.080738,0.0562
2025-05-23,CA,Search | Brand,paid_search,22255,2251,169.89,0.101146,0.0755
2025-05-24,CA,Search | Brand,paid_search,21513,2471,145.9,0.114861,0.059
2025-05-25,CA,Search | Brand,paid_search,26520,1892,129.38,0.071342,0.0684
2025-05-19,CA,Search | Nonbrand,paid_search,29600,1163,320.14,0.039291,0.2753
2025-05-20,CA,Search | Nonbrand,paid_search,24934,1422,237.47,0.057031,0.167
2025-05-21,CA,Search | Nonbrand,paid_search,28312,957,251.22,0.033802,0.2625
2025-05-22,CA,Search | Nonbrand,paid_search,33391,1401,249.28,0.041957,0.1779
2025-05-23,CA,Search | Nonbrand,paid_search,30921,1272,210.53,0.041137,0.1655
2025-05-24,CA,Search | Nonbrand,paid_search,28003,1128,219.13,0.040281,0.1943
2025-05-25,CA,Search | Nonbrand,paid_search,29797,1389,274.87,0.046615,0.1979
2025-05-19,CA,Shopping | Instruments,shopping,29507,1014,196.5,0.034365,0.1938
2025-05-20,CA,Shopping | Instruments,shopping,30538,878,259.28,0.028751,0.2953
2025-05-21,CA,Shopping | Instruments,shopping,34908,806,211.29,0.023089,0.2621
2025-05-22,CA,Shopping | Instruments,shopping,27068,1101,251.12,0.040675,0.2281
2025-05-23,CA,Shopping | Instruments,shopping,31050,894,194.75,0.028792,0.2178
2025-05-24,CA,Shopping | Instruments,shopping,34587,1104,237.62,0.03192,0.2152
2025-05-25,CA,Shopping | Instruments,shopping,35624,792,257.09,0.022232,0.3246
2025-05-19,TX,Search | Brand,paid_search,22429,2064,140.68,0.092024,0.0682
2025-05-20,TX,Search | Brand,paid_search,24251,1995,110.54,0.082265,0.0554
2025-05-21,TX,Search | Brand,paid_search,23801,1648,142.66,0.069241,0.0866
2025-05-22,TX,Search | Brand,paid_search,21685,1478,139.79,0.068158,0.0946
2025-05-23,TX,Search | Brand,paid_search,18330,1960,137.48,0.106929,0.0701
2025-05-24,TX,Search | Brand,paid_search,24629,2031,133.04,0.082464,0.0655
2025-05-25,TX,Search | Brand,paid_search,23783,2102,117.48,0.088382,0.0559
2025-05-19,TX,Search | Nonbrand,paid_search,26427,852,154.49,0.03224,0.1813
2025-05-20,TX,Search | Nonbrand,paid_search,24752,989,225.93,0.039956,0.2284
2025-05-21,TX,Search | Nonbrand,paid_search,23858,1035,184.01,0.043382,0.1778
2025-05-22,TX,Search | Nonbrand,paid_search,19421,924,228.84,0.047577,0.2477
2025-05-23,TX,Search | Nonbrand,paid_search,24743,822,178.8,0.033222,0.2175
2025-05-24,TX,Search | Nonbrand,paid_search,19341,877,206.44,0.045344,0.2354
2025-05-25,TX,Search | Nonbrand,paid_search,21116,974,194.55,0.046126,0.1997
2025-05-19,TX,Shopping | Instruments,shopping,29015,746,180.14,0.025711,0.2415
2025-05-20,TX,Shopping | Instruments,shopping,25482,825,200.48,0.032376,0.243
2025-05-21,TX,Shopping | Instruments,shopping,30543,793,190.13,0.025963,0.2398
2025-05-22,TX,Shopping | Instruments,shopping,20537,811,183.31,0.03949,0.226
2025-05-23,TX,Shopping | Instruments,shopping,24341,761,155.34,0.031264,0.2041
2025-05-24,TX,Shopping | Instruments,shopping,21453,726,169.14,0.033841,0.233
2025-05-25,TX,Shopping | Instruments,shopping,29766,716,225.66,0.024054,0.3152
2025-05-19,FL,Search | Brand,paid_search,16229,1712,104.6,0.10549,0.0611
2025-05-20,FL,Search | Brand,paid_search,20788,2030,94.68,0.097652,0.0466
2025-05-21,FL,Search | Brand,paid_search,16932,1804,138.91,0.106544,0.077
2025-05-22,FL,Search | Brand,paid_search,22749,1529,108.35,0.067212,0.0709
2025-05-23,FL,Search | Brand,paid_search,16290,2052,126.94,0.125967,0.0619
2025-05-24,FL,Search | Brand,paid_search,25138,1600,110.46,0.063649,0.069
2025-05-25,FL,Search | Brand,paid_search,23098,1840,135.17,0.079661,0.0735
2025-05-19,FL,Search | Nonbrand,paid_search,16798,814,191.79,0.048458,0.2356
2025-05-20,FL,Search | Nonbrand,paid_search,21109,760,193.96,0.036004,0.2552
2025-05-21,FL,Search | Nonbrand,paid_search,19231,771,162.23,0.040092,0.2104
2025-05-22,FL,Search | Nonbrand,paid_search,21528,1129,176.53,0.052443,0.1564
2025-05-23,FL,Search | Nonbrand,paid_search,24000,834,179.54,0.03475,0.2153
2025-05-24,FL,Search | Nonbrand,paid_search,24859,875,206.16,0.035199,0.2356
2025-05-25,FL,Search | Nonbrand,paid_search,18905,808,149.09,0.04274,0.1845
2025-05-19,FL,Shopping | Instruments,shopping,25341,714,141.14,0.028176,0.1977
2025-05-20,FL,Shopping | Instruments,shopping,20005,669,177.29,0.033442,0.265
2025-05-21,FL,Shopping | Instruments,shopping,22202,884,145.5,0.039816,0.1646
2025-05-22,FL,Shopping | Instruments,shopping,20847,799,155.21,0.038327,0.1943
2025-05-23,FL,Shopping | Instruments,shopping,19631,731,161.26,0.037237,0.2206
2025-05-24,FL,Shopping | Instruments,shopping,24740,743,169.68,0.030032,0.2284
2025-05-25,FL,Shopping | Instruments,shopping,23537,707,175.29,0.030038,0.2479
2025-05-19,NY,Search | Brand,paid_search,19483,1384,138.5,0.071036,0.1001
2025-05-20,NY,Search | Brand,paid_search,20815,1670,143.6,0.080231,0.086
2025-05-21,NY,Search | Brand,paid_search,19721,1513,110.47,0.07672,0.073
2025-05-22,NY,Search | Brand,paid_search,21270,1641,107.98,0.077151,0.0658
2025-05-23,NY,Search | Brand,paid_search,18152,1537,114.85,0.084674,0.0747
2025-05-24,NY,Search | Brand,paid_search,20447,1620,116.42,0.079229,0.0719
2025-05-25,NY,Search | Brand,paid_search,22434,1902,93.65,0.084782,0.0492
2025-05-19,NY,Search | Nonbrand,paid_search,20686,869,203.43,0.042009,0.2341
2025-05-20,NY,Search | Nonbrand,paid_search,19835,980,175.24,0.049408,0.1788
2025-05-21,NY,Search | Nonbrand,paid_search,24331,1268,222.91,0.052115,0.1758
2025-05-22,NY,Search | Nonbrand,paid_search,17121,829,148.5,0.04842,0.1791
2025-05-23,NY,Search | Nonbrand,paid_search,17191,1087,178.99,0.063231,0.1647
2025-05-24,NY,Search | Nonbrand,paid_search,25219,850,165.27,0.033705,0.1944
2025-05-25,NY,Search | Nonbrand,paid_search,24760,897,188.29,0.036228,0.2099
2025-05-19,NY,Shopping | Instruments,shopping,25108,950,166.43,0.037837,0.1752
2025-05-20,NY,Shopping | Instruments,shopping,25865,706,184.84,0.027296,0.2618
2025-05-21,NY,Shopping | Instruments,shopping,20095,649,148.22,0.032297,0.2284
2025-05-22,NY,Shopping | Instruments,shopping,20407,917,166.88,0.044936,0.182
2025-05-23,NY,Shopping | Instruments,shopping,25080,648,203.48,0.025837,0.314
2025-05-24,NY,Shopping | Instruments,shopping,25734,832,195.61,0.032331,0.2351
2025-05-25,NY,Shopping | Instruments,shopping,24946,642,138.62,0.025736,0.2159
2025-05-26,CA,Search | Brand,paid_search,27611,2029,157.88,0.073485,0.0778
2025-05-27,CA,Search | Brand,paid_search,28311,2167,145.55,0.076543,0.0672
2025-05-28,CA,Search | Brand,paid_search,23774,2117,152.95,0.089047,0.0722
2025-05-29,CA,Search | Brand,paid_search,24468,1590,127.84,0.064983,0.0804
2025-05-30,CA,Search | Brand,paid_search,26984,2339,124.71,0.086681,0.0533
2025-05-31,CA,Search | Brand,paid_search,22218,2380,163.23,0.10712,0.0686
2025-06-01,CA,Search | Brand,paid_search,22381,1864,147.16,0.083285,0.0789
2025-05-26,CA,Search | Nonbrand,paid_search,38342,1398,247.03,0.036461,0.1767
2025-05-27,CA,Search | Nonbrand,paid_search,37928,1264,358.61,0.033326,0.2837
2025-05-28,CA,Search | Nonbrand,paid_search,29450,1380,304.61,0.046859,0.2207
2025-05-29,CA,Search | Nonbrand,paid_search,30480,1349,330.95,0.044259,0.2453
2025-05-30,CA,Search | Nonbrand,paid_search,34211,1310,324.02,0.038292,0.2473
2025-05-31,CA,Search | Nonbrand,paid_search,32764,1478,242.29,0.04511,0.1639
2025-06-01,CA,Search | Nonbrand,paid_search,35105,1419,241.69,0.040422,0.1703
2025-05-26,CA,Shopping | Instruments,shopping,32353,1137,225.42,0.035144,0.1983
2025-05-27,CA,Shopping | Instruments,shopping,29132,924,245.67,0.031718,0.2659
2025-05-28,CA,Shopping | Instruments,shopping,23802,807,207.9,0.033905,0.2576
2025-05-29,CA,Shopping | Instruments,shopping,33479,891,200.44,0.026614,0.225
2025-05-30,CA,Shopping | Instruments,shopping,29984,995,172.57,0.033184,0.1734
2025-05-31,CA,Shopping | Instruments,shopping,32994,1029,225.98,0.031187,0.2196
2025-06-01,CA,Shopping | Instruments,shopping,23666,986,200.97,0.041663,0.2038
2025-05-26,TX,Search | Brand,paid_search,25034,2022,144.92,0.08077,0.0717
2025-05-27,TX,Search | Brand,paid_search,24637,2024,110.71,0.082153,0.0547
2025-05-28,TX,Search | Brand,paid_search,19411,1987,130.81,0.102365,0.0658
2025-05-29,TX,Search | Brand,paid_search,22596,1790,141.05,0.079218,0.0788
2025-05-30,TX,Search | Brand,paid_search,21387,1681,150.12,0.078599,0.0893
2025-05-31,TX,Search | Brand,paid_search,22450,1845,113.06,0.082183,0.0613
2025-06-01,TX,Search | Brand,paid_search,23140,1541,129.54,0.066595,0.0841
2025-05-26,TX,Search | Nonbrand,paid_search,25206,1043,238.22,0.041379,0.2284
2025-05-27,TX,Search | Nonbrand,paid_search,19234,1340,169.48,0.069668,0.1265
2025-05-28,TX,Search | Nonbrand,paid_search,26006,1191,226.0,0.045797,0.1898
2025-05-29,TX,Search | Nonbrand,paid_search,24354,990,168.59,0.04065,0.1703
2025-05-30,TX,Search | Nonbrand,paid_search,22548,1070,227.97,0.047454,0.2131
2025-05-31,TX,Search | Nonbrand,paid_search,24978,955,178.01,0.038234,0.1864
2025-06-01,TX,Search | Nonbrand,paid_search,20896,908,195.46,0.043453,0.2153
2025-05-26,TX,Shopping | Instruments,shopping,24709,857,179.14,0.034684,0.209
2025-05-27,TX,Shopping | Instruments,shopping,28257,699,174.29,0.024737,0.2493
2025-05-28,TX,Shopping | Instruments,shopping,19424,870,174.89,0.04479,0.201
2025-05-29,TX,Shopping | Instruments,shopping,26042,910,179.58,0.034944,0.1973
2025-05-30,TX,Shopping | Instruments,shopping,21977,941,193.05,0.042817,0.2052
2025-05-31,TX,Shopping | Instruments,shopping,27271,867,180.44,0.031792,0.2081
2025-06-01,TX,Shopping | Instruments,shopping,29819,868,196.62,0.029109,0.2265
2025-05-26,FL,Search | Brand,paid_search,18855,1822,97.17,0.096632,0.0533
2025-05-27,FL,Search | Brand,paid_search,19848,1335,109.13,0.067261,0.0817
2025-05-28,FL,Search | Brand,paid_search,16634,1710,103.8,0.102801,0.0607
2025-05-29,FL,Search | Brand,paid_search,19944,1359,118.51,0.068141,0.0872
2025-05-30,FL,Search | Brand,paid_search,19572,1835,122.14,0.093756,0.0666
2025-05-31,FL,Search | Brand,paid_search,18791,1815,116.89,0.096589,0.0644
2025-06-01,FL,Search | Brand,paid_search,22038,1362,119.3,0.061802,0.0876
2025-05-26,FL,Search | Nonbrand,paid_search,17894,1061,132.34,0.059294,0.1247
2025-05-27,FL,Search | Nonbrand,paid_search,20649,879,157.86,0.042569,0.1796
2025-05-28,FL,Search | Nonbrand,paid_search,24412,829,187.67,0.033959,0.2264
2025-05-29,FL,Search | Nonbrand,paid_search,17442,714,180.84,0.040936,0.2533
2025-05-30,FL,Search | Nonbrand,paid_search,17931,1003,196.0,0.055937,0.1954
2025-05-31,FL,Search | Nonbrand,paid_search,16830,801,187.59,0.047594,0.2342
2025-06-01,FL,Search | Nonbrand,paid_search,23576,912,150.79,0.038683,0.1653
2025-05-26,FL,Shopping | Instruments,shopping,21324,731,158.67,0.034281,0.2171
2025-05-27,FL,Shopping | Instruments,shopping,22983,530,160.7,0.023061,0.3032
2025-05-28,FL,Shopping | Instruments,shopping,19990,650,135.69,0.032516,0.2088
2025-05-29,FL,Shopping | Instruments,shopping,19010,558,152.96,0.029353,0.2741
2025-05-30,FL,Shopping | Instruments,shopping,17325,621,139.86,0.035844,0.2252
2025-05-31,FL,Shopping | Instruments,shopping,20879,603,165.77,0.028881,0.2749
2025-06-01,FL,Shopping | Instruments,shopping,22245,682,121.39,0.030659,0.178
2025-05-26,NY,Search | Brand,paid_search,22609,1935,90.41,0.085585,0.0467
2025-05-27,NY,Search | Brand,paid_search,21883,1544,112.01,0.070557,0.0725
2025-05-28,NY,Search | Brand,paid_search,19060,1502,109.04,0.078804,0.0726
2025-05-29,NY,Search | Brand,paid_search,17457,1946,104.15,0.111474,0.0535
2025-05-30,NY,Search | Brand,paid_search,20055,1420,131.94,0.070805,0.0929
2025-05-31,NY,Search | Brand,paid_search,19510,1608,120.03,0.082419,0.0746
2025-06-01,NY,Search | Brand,paid_search,17152,1841,131.23,0.107334,0.0713
2025-05-26,NY,Search | Nonbrand,paid_search,24814,984,178.91,0.039655,0.1818
2025-05-27,NY,Search | Nonbrand,paid_search,27172,924,188.98,0.034006,0.2045
2025-05-28,NY,Search | Nonbrand,paid_search,19697,1193,204.15,0.060568,0.1711
2025-05-29,NY,Search | Nonbrand,paid_search,20599,960,236.76,0.046604,0.2466
2025-05-30,NY,Search | Nonbrand,paid_search,26250,989,233.1,0.037676,0.2357
2025-05-31,NY,Search | Nonbrand,paid_search,28134,991,179.93,0.035224,0.1816
2025-06-01,NY,Search | Nonbrand,paid_search,23305,984,239.91,0.042223,0.2438
2025-05-26,NY,Shopping | Instruments,shopping,17960,793,123.12,0.044154,0.1553
2025-05-27,NY,Shopping | Instruments,shopping,17394,709,147.2,0.040761,0.2076
2025-05-28,NY,Shopping | Instruments,shopping,24825,830,185.82,0.033434,0.2239
2025-05-29,NY,Shopping | Instruments,shopping,24702,665,162.0,0.026921,0.2436
2025-05-30,NY,Shopping | Instruments,shopping,26215,667,190.36,0.025443,0.2854
2025-05-31,NY,Shopping | Instruments,shopping,19179,812,144.79,0.042338,0.1783
2025-06-01,NY,Shopping | Instruments,shopping,22224,690,144.7,0.031048,0.2097
2025-06-02,CA,Search | Brand,paid_search,31069,2634,172.18,0.084779,0.0654
2025-06-03,CA,Search | Brand,paid_search,30156,2423,183.78,0.080349,0.0758
2025-06-04,CA,Search | Brand,paid_search,28380,2678,156.61,0.094362,0.0585
2025-06-05,CA,Search | Brand,paid_search,33842,2288,201.48,0.067608,0.0881
2025-06-06,CA,Search | Brand,paid_search,25974,2495,204.15,0.096058,0.0818
2025-06-07,CA,Search | Brand,paid_search,27490,2588,166.83,0.094143,0.0645
2025-06-08,CA,Search | Brand,paid_search,38716,2666,165.62,0.06886,0.0621
2025-06-02,CA,Search | Nonbrand,paid_search,29346,1435,256.28,0.048899,0.1786
2025-06-03,CA,Search | Nonbrand,paid_search,35198,1411,259.81,0.040088,0.1841
2025-06-04,CA,Search | Nonbrand,paid_search,28470,1722,287.87,0.060485,0.1672
2025-06-05,CA,Search | Nonbrand,paid_search,32381,1303,317.87,0.04024,0.244
2025-06-06,CA,Search | Nonbrand,paid_search,34157,1161,287.32,0.03399,0.2475
2025-06-07,CA,Search | Nonbrand,paid_search,33316,1255,317.76,0.03767,0.2532
2025-06-08,CA,Search | Nonbrand,paid_search,36249,1599,243.5,0.044112,0.1523
2025-06-02,CA,Shopping | Instruments,shopping,27825,936,262.43,0.033639,0.2804
2025-06-03,CA,Shopping | Instruments,shopping,27048,989,225.48,0.036565,0.228
2025-06-04,CA,Shopping | Instruments,shopping,26079,931,260.78,0.035699,0.2801
2025-06-05,CA,Shopping | Instruments,shopping,29008,830,177.6,0.028613,0.214
2025-06-06,CA,Shopping | Instruments,shopping,36216,822,225.91,0.022697,0.2748
2025-06-07,CA,Shopping | Instruments,shopping,28560,1062,214.64,0.037185,0.2021
2025-06-08,CA,Shopping | Instruments,shopping,39438,937,175.22,0.023759,0.187
2025-06-02,TX,Search | Brand,paid_search,28748,1675,138.94,0.058265,0.083
2025-06-03,TX,Search | Brand,paid_search,18913,1575,139.82,0.083276,0.0888
2025-06-04,TX,Search | Brand,paid_search,20776,1464,120.1,0.070466,0.082
2025-06-05,TX,Search | Brand,paid_search,24880,2205,128.17,0.088625,0.0581
2025-06-06,TX,Search | Brand,paid_search,28407,1856,152.63,0.065336,0.0822
2025-06-07,TX,Search | Brand,paid_search,20244,2218,135.6,0.109563,0.0611
2025-06-08,TX,Search | Brand,paid_search,25326,2107,155.04,0.083195,0.0736
2025-06-02,TX,Search | Nonbrand,paid_search,26696,1300,268.44,0.048696,0.2065
2025-06-03,TX,Search | Nonbrand,paid_search,29745,1110,244.32,0.037317,0.2201
2025-06-04,TX,Search | Nonbrand,paid_search,24914,1079,254.61,0.043309,0.236
2025-06-05,TX,Search | Nonbrand,paid_search,23648,945,266.79,0.039961,0.2823
2025-06-06,TX,Search | Nonbrand,paid_search,34109,1265,246.18,0.037087,0.1946
2025-06-07,TX,Search | Nonbrand,paid_search,30900,1402,241.36,0.045372,0.1722
2025-06-08,TX,Search | Nonbrand,paid_search,30530,1140,202.97,0.03734,0.178
2025-06-02,TX,Shopping | Instruments,shopping,24989,886,205.23,0.035456,0.2316
2025-06-03,TX,Shopping | Instruments,shopping,33462,1153,162.69,0.034457,0.1411
2025-06-04,TX,Shopping | Instruments,shopping,30257,888,186.71,0.029349,0.2103
2025-06-05,TX,Shopping | Instruments,shopping,30639,923,215.0,0.030125,0.2329
2025-06-06,TX,Shopping | Instruments,shopping,26564,823,185.13,0.030982,0.2249
2025-06-07,TX,Shopping | Instruments,shopping,23662,1033,212.1,0.043656,0.2053
2025-06-08,TX,Shopping | Instruments,shopping,25222,867,235.67,0.034375,0.2718
2025-06-02,FL,Search | Brand,paid_search,18949,1647,81.11,0.086918,0.0492
2025-06-03,FL,Search | Brand,paid_search,19017,1515,115.13,0.079666,0.076
2025-06-04,FL,Search | Brand,paid_search,21435,1430,88.56,0.066713,0.0619
2025-06-05,FL,Search | Brand,paid_search,15472,1457,95.24,0.09417,0.0654
2025-06-06,FL,Search | Brand,paid_search,14807,1616,115.45,0.109138,0.0714
2025-06-07,FL,Search | Brand,paid_search,18643,1498,121.91,0.080352,0.0814
2025-06-08,FL,Search | Brand,paid_search,17906,1272,114.72,0.071038,0.0902
2025-06-02,FL,Search | Nonbrand,paid_search,17983,762,159.01,0.042373,0.2087
2025-06-03,FL,Search | Nonbrand,paid_search,27112,895,210.07,0.033011,0.2347
2025-06-04,FL,Search | Nonbrand,paid_search,19788,1071,171.64,0.054124,0.1603
2025-06-05,FL,Search | Nonbrand,paid_search,25757,741,234.25,0.028769,0.3161
2025-06-06,FL,Search | Nonbrand,paid_search,19079,873,198.59,0.045757,0.2275
2025-06-07,FL,Search | Nonbrand,paid_search,25135,1074,198.95,0.042729,0.1852
2025-06-08,FL,Search | Nonbrand,paid_search,19969,1006,158.97,0.050378,0.158
2025-06-02,FL,Shopping | Instruments,shopping,18147,677,126.16,0.037306,0.1864
2025-06-03,FL,Shopping | Instruments,shopping,22275,828,128.62,0.037172,0.1553
2025-06-04,FL,Shopping | Instruments,shopping,25249,610,167.07,0.024159,0.2739
2025-06-05,FL,Shopping | Instruments,shopping,23949,743,168.01,0.031024,0.2261
2025-06-06,FL,Shopping | Instruments,shopping,23307,822,152.36,0.035268,0.1854
2025-06-07,FL,Shopping | Instruments,shopping,17378,694,181.74,0.039936,0.2619
2025-06-08,FL,Shopping | Instruments,shopping,18749,543,149.22,0.028962,0.2748
2025-06-02,NY,Search | Brand,paid_search,17067,1807,105.47,0.105877,0.0584
2025-06-03,NY,Search | Brand,paid_search,20067,1704,117.07,0.084916,0.0687
2025-06-04,NY,Search | Brand,paid_search,24356,2032,127.59,0.083429,0.0628
2025-06-05,NY,Search | Brand,paid_search,20292,2059,140.25,0.101469,0.0681
2025-06-06,NY,Search | Brand,paid_search,19310,1597,113.14,0.082703,0.0708
2025-06-07,NY,Search | Brand,paid_search,21925,2012,127.18,0.091767,0.0632
2025-06-08,NY,Search | Brand,paid_search,24243,2070,123.4,0.085385,0.0596
2025-06-02,NY,Search | Nonbrand,paid_search,23389,1072,160.73,0.045834,0.1499
2025-06-03,NY,Search | Nonbrand,paid_search,24470,833,198.32,0.034042,0.2381
2025-06-04,NY,Search | Nonbrand,paid_search,16487,957,177.96,0.058046,0.186
2025-06-05,NY,Search | Nonbrand,paid_search,17256,949,191.28,0.054995,0.2016
2025-06-06,NY,Search | Nonbrand,paid_search,23320,967,198.22,0.041467,0.205
2025-06-07,NY,Search | Nonbrand,paid_search,20861,1119,187.77,0.053641,0.1678
2025-06-08,NY,Search | Nonbrand,paid_search,24536,986,178.47,0.040186,0.181
2025-06-02,NY,Shopping | Instruments,shopping,19374,696,135.72,0.035924,0.195
2025-06-03,NY,Shopping | Instruments,shopping,25293,744,143.57,0.029415,0.193
2025-06-04,NY,Shopping | Instruments,shopping,19721,577,182.68,0.029258,0.3166
2025-06-05,NY,Shopping | Instruments,shopping,17379,786,175.84,0.045227,0.2237
2025-06-06,NY,Shopping | Instruments,shopping,19577,604,142.46,0.030853,0.2359
2025-06-07,NY,Shopping | Instruments,shopping,22933,700,148.03,0.030524,0.2115
2025-06-08,NY,Shopping | Instruments,shopping,25163,750,147.68,0.029806,0.1969
2025-06-09,CA,Search | Brand,paid_search,19928,2123,161.4,0.106534,0.076
2025-06-10,CA,Search | Brand,paid_search,25318,2049,172.28,0.080931,0.0841
2025-06-11,CA,Search | Brand,paid_search,29455,2056,162.64,0.069801,0.0791
2025-06-12,CA,Search | Brand,paid_search,30702,2589,158.23,0.084327,0.0611
2025-06-13,CA,Search | Brand,paid_search,28091,2058,113.69,0.073262,0.0552
2025-06-14,CA,Search | Brand,paid_search,25446,1949,150.9,0.076594,0.0774
2025-06-15,CA,Search | Brand,paid_search,20754,1834,123.1,0.088369,0.0671
2025-06-09,CA,Search | Nonbrand,paid_search,22074,1378,194.71,0.062426,0.1413
2025-06-10,CA,Search | Nonbrand,paid_search,28934,951,273.18,0.032868,0.2873
2025-06-11,CA,Search | Nonbrand,paid_search,32746,1131,303.19,0.034539,0.2681
2025-06-12,CA,Search | Nonbrand,paid_search,32922,1320,262.73,0.040095,0.199
2025-06-13,CA,Search | Nonbrand,paid_search,22260,1116,229.0,0.050135,0.2052
2025-06-14,CA,Search | Nonbrand,paid_search,30213,1250,207.66,0.041373,0.1661
2025-06-15,CA,Search | Nonbrand,paid_search,29336,1294,236.49,0.04411,0.1828
2025-06-09,CA,Shopping | Instruments,shopping,31144,1023,254.61,0.032847,0.2489
2025-06-10,CA,Shopping | Instruments,shopping,25797,1044,229.19,0.04047,0.2195
2025-06-11,CA,Shopping | Instruments,shopping,34578,947,259.29,0.027387,0.2738
2025-06-12,CA,Shopping | Instruments,shopping,31104,939,241.7,0.030189,0.2574
2025-06-13,CA,Shopping | Instruments,shopping,31497,1215,194.92,0.038575,0.1604
2025-06-14,CA,Shopping | Instruments,shopping,37115,990,211.45,0.026674,0.2136
2025-06-15,CA,Shopping | Instruments,shopping,34239,926,232.26,0.027045,0.2508
2025-06-09,TX,Search | Brand,paid_search,25097,2335,162.7,0.093039,0.0697
2025-06-10,TX,Search | Brand,paid_search,31017,2203,118.27,0.071026,0.0537
2025-06-11,TX,Search | Brand,paid_search,21128,1895,142.42,0.089691,0.0752
2025-06-12,TX,Search | Brand,paid_search,26394,2328,145.17,0.088202,0.0624
2025-06-13,TX,Search | Brand,paid_search,27229,2374,148.29,0.087186,0.0625
2025-06-14,TX,Search | Brand,paid_search,22449,1791,147.24,0.079781,0.0822
2025-06-15,TX,Search | Brand,paid_search,21608,2601,150.47,0.120372,0.0579
2025-06-09,TX,Search | Nonbrand,paid_search,23505,1204,245.83,0.051223,0.2042
2025-06-10,TX,Search | Nonbrand,paid_search,26171,1254,284.03,0.047916,0.2265
2025-06-11,TX,Search | Nonbrand,paid_search,32336,940,289.35,0.02907,0.3078
2025-06-12,TX,Search | Nonbrand,paid_search,32979,1224,210.23,0.037115,0.1718
2025-06-13,TX,Search | Nonbrand,paid_search,30372,987,254.17,0.032497,0.2575
2025-06-14,TX,Search | Nonbrand,paid_search,27713,1413,208.21,0.050987,0.1474
2025-06-15,TX,Search | Nonbrand,paid_search,24367,1353,206.2,0.055526,0.1524
2025-06-09,TX,Shopping | Instruments,shopping,29118,896,141.45,0.030771,0.1579
2025-06-10,TX,Shopping | Instruments,shopping,19689,706,183.12,0.035858,0.2594
2025-06-11,TX,Shopping | Instruments,shopping,26344,677,162.88,0.025698,0.2406
2025-06-12,TX,Shopping | Instruments,shopping,23576,709,191.61,0.030073,0.2703
2025-06-13,TX,Shopping | Instruments,shopping,24180,962,195.42,0.039785,0.2031
2025-06-14,TX,Shopping | Instruments,shopping,25411,890,152.96,0.035024,0.1719
2025-06-15,TX,Shopping | Instruments,shopping,20125,734,185.35,0.036472,0.2525
2025-06-09,FL,Search | Brand,paid_search,23266,1925,139.6,0.082739,0.0725
2025-06-10,FL,Search | Brand,paid_search,21177,1579,94.26,0.074562,0.0597
2025-06-11,FL,Search | Brand,paid_search,21556,1473,136.18,0.068334,0.0925
2025-06-12,FL,Search | Brand,paid_search,20755,1505,135.46,0.072513,0.09
2025-06-13,FL,Search | Brand,paid_search,16991,1513,103.21,0.089047,0.0682
2025-06-14,FL,Search | Brand,paid_search,22759,2036,121.27,0.089459,0.0596
2025-06-15,FL,Search | Brand,paid_search,19233,1762,115.29,0.091613,0.0654
2025-06-09,FL,Search | Nonbrand,paid_search,20824,932,205.88,0.044756,0.2209
2025-06-10,FL,Search | Nonbrand,paid_search,24117,826,219.14,0.03425,0.2653
2025-06-11,FL,Search | Nonbrand,paid_search,23998,1088,144.5,0.045337,0.1328
2025-06-12,FL,Search | Nonbrand,paid_search,20667,845,158.87,0.040886,0.188
2025-06-13,FL,Search | Nonbrand,paid_search,19931,875,217.77,0.043901,0.2489
2025-06-14,FL,Search | Nonbrand,paid_search,20469,861,217.4,0.042064,0.2525
2025-06-15,FL,Search | Nonbrand,paid_search,22041,882,144.05,0.040016,0.1633
2025-06-09,FL,Shopping | Instruments,shopping,17251,584,159.22,0.033853,0.2726
2025-06-10,FL,Shopping | Instruments,shopping,18428,561,123.52,0.030443,0.2202
2025-06-11,FL,Shopping | Instruments,shopping,21716,732,146.79,0.033708,0.2005
2025-06-12,FL,Shopping | Instruments,shopping,16388,691,133.61,0.042165,0.1934
2025-06-13,FL,Shopping | Instruments,shopping,24371,588,122.62,0.024127,0.2085
2025-06-14,FL,Shopping | Instruments,shopping,18131,606,148.03,0.033423,0.2443
2025-06-15,FL,Shopping | Instruments,shopping,19412,789,143.23,0.040645,0.1815
2025-06-09,NY,Search | Brand,paid_search,16322,1691,107.53,0.103602,0.0636
2025-06-10,NY,Search | Brand,paid_search,16401,1771,116.81,0.107981,0.066
2025-06-11,NY,Search | Brand,paid_search,22556,1521,115.9,0.067432,0.0762
2025-06-12,NY,Search | Brand,paid_search,24620,1326,115.2,0.053859,0.0869
2025-06-13,NY,Search | Brand,paid_search,21631,1837,123.33,0.084924,0.0671
2025-06-14,NY,Search | Brand,paid_search,21666,1691,113.4,0.078049,0.0671
2025-06-15,NY,Search | Brand,paid_search,16512,1291,118.13,0.078186,0.0915
2025-06-09,NY,Search | Nonbrand,paid_search,21422,996,215.18,0.046494,0.216
2025-06-10,NY,Search | Nonbrand,paid_search,21571,937,193.58,0.043438,0.2066
2025-06-11,NY,Search | Nonbrand,paid_search,25547,900,180.04,0.035229,0.2
2025-06-12,NY,Search | Nonbrand,paid_search,24004,917,208.84,0.038202,0.2277
2025-06-13,NY,Search | Nonbrand,paid_search,24653,1128,188.02,0.045755,0.1667
2025-06-14,NY,Search | Nonbrand,paid_search,17308,919,167.25,0.053097,0.182
2025-06-15,NY,Search | Nonbrand,paid_search,21436,786,188.19,0.036667,0.2394
2025-06-09,NY,Shopping | Instruments,shopping,29471,960,160.14,0.032574,0.1668
2025-06-10,NY,Shopping | Instruments,shopping,24516,860,189.28,0.035079,0.2201
2025-06-11,NY,Shopping | Instruments,shopping,21590,854,192.43,0.039555,0.2253
2025-06-12,NY,Shopping | Instruments,shopping,20897,847,189.22,0.040532,0.2234
2025-06-13,NY,Shopping | Instruments,shopping,26037,727,183.63,0.027922,0.2526
2025-06-14,NY,Shopping | Instruments,shopping,20538,747,136.77,0.036372,0.1831
2025-06-15,NY,Shopping | Instruments,shopping,25913,717,165.06,0.02767,0.2302
2025-06-16,CA,Search | Brand,paid_search,21681,1565,154.09,0.072183,0.0985
2025-06-17,CA,Search | Brand,paid_search,28356,1872,165.77,0.066018,0.0886
2025-06-18,CA,Search | Brand,paid_search,28460,2179,144.1,0.076564,0.0661
2025-06-19,CA,Search | Brand,paid_search,27986,2109,117.33,0.075359,0.0556
2025-06-20,CA,Search | Brand,paid_search,22386,2195,150.29,0.098052,0.0685
2025-06-21,CA,Search | Brand,paid_search,21673,1858,157.71,0.085729,0.0849
2025-06-22,CA,Search | Brand,paid_search,22560,2183,114.7,0.096764,0.0525
2025-06-16,CA,Search | Nonbrand,paid_search,31222,1096,259.13,0.035103,0.2364
2025-06-17,CA,Search | Nonbrand,paid_search,30548,1288,246.95,0.042163,0.1917
2025-06-18,CA,Search | Nonbrand,paid_search,26524,1390,268.03,0.052405,0.1928
2025-06-19,CA,Search | Nonbrand,paid_search,32925,1429,255.44,0.043402,0.1788
2025-06-20,CA,Search | Nonbrand,paid_search,33949,1038,232.44,0.030575,0.2239
2025-06-21,CA,Search | Nonbrand,paid_search,30911,1418,300.39,0.045874,0.2118
2025-06-22,CA,Search | Nonbrand,paid_search,31467,990,308.52,0.031462,0.3116
2025-06-16,CA,Shopping | Instruments,shopping,33361,977,194.74,0.029286,0.1993
2025-06-17,CA,Shopping | Instruments,shopping,36313,1095,255.91,0.030154,0.2337
2025-06-18,CA,Shopping | Instruments,shopping,35983,892,224.98,0.024789,0.2522
2025-06-19,CA,Shopping | Instruments,shopping,30954,1221,239.28,0.039446,0.196
2025-06-20,CA,Shopping | Instruments,shopping,25078,1008,275.99,0.040195,0.2738
2025-06-21,CA,Shopping | Instruments,shopping,33476,1008,278.05,0.030111,0.2758
2025-06-22,CA,Shopping | Instruments,shopping,37281,1166,204.66,0.031276,0.1755
2025-06-16,TX,Search | Brand,paid_search,18965,1599,114.44,0.084313,0.0716
2025-06-17,TX,Search | Brand,paid_search,23444,1443,128.23,0.061551,0.0889
2025-06-18,TX,Search | Brand,paid_search,24885,1968,135.13,0.079084,0.0687
2025-06-19,TX,Search | Brand,paid_search,23521,1451,133.3,0.06169,0.0919
2025-06-20,TX,Search | Brand,paid_search,18133,1817,126.29,0.100204,0.0695
2025-06-21,TX,Search | Brand,paid_search,21588,1714,129.39,0.079396,0.0755
2025-06-22,TX,Search | Brand,paid_search,21388,1958,114.39,0.091547,0.0584
2025-06-16,TX,Search | Nonbrand,paid_search,20774,860,199.0,0.041398,0.2314
2025-06-17,TX,Search | Nonbrand,paid_search,20037,1058,217.4,0.052802,0.2055
2025-06-18,TX,Search | Nonbrand,paid_search,23925,817,174.49,0.034148,0.2136
2025-06-19,TX,Search | Nonbrand,paid_search,24963,1000,215.3,0.040059,0.2153
2025-06-20,TX,Search | Nonbrand,paid_search,22275,1069,185.0,0.047991,0.1731
2025-06-21,TX,Search | Nonbrand,paid_search,21153,936,182.5,0.044249,0.195
2025-06-22,TX,Search | Nonbrand,paid_search,27202,1006,205.15,0.036983,0.2039
2025-06-16,TX,Shopping | Instruments,shopping,20946,711,186.95,0.033944,0.2629
2025-06-17,TX,Shopping | Instruments,shopping,21123,781,163.01,0.036974,0.2087
2025-06-18,TX,Shopping | Instruments,shopping,19395,574,126.94,0.029595,0.2211
2025-06-19,TX,Shopping | Instruments,shopping,26742,718,185.36,0.026849,0.2582
2025-06-20,TX,Shopping | Instruments,shopping,22071,709,156.12,0.032124,0.2202
2025-06-21,TX,Shopping | Instruments,shopping,27252,575,128.75,0.021099,0.2239
2025-06-22,TX,Shopping | Instruments,shopping,19412,601,182.84,0.03096,0.3042
2025-06-16,FL,Search | Brand,paid_search,17573,1613,113.91,0.091789,0.0706
2025-06-17,FL,Search | Brand,paid_search,23416,1427,132.76,0.060941,0.093
2025-06-18,FL,Search | Brand,paid_search,20708,1745,119.1,0.084267,0.0683
2025-06-19,FL,Search | Brand,paid_search,19666,1880,91.08,0.095596,0.0484
2025-06-20,FL,Search | Brand,paid_search,15932,1407,102.28,0.088313,0.0727
2025-06-21,FL,Search | Brand,paid_search,21061,1390,131.55,0.065999,0.0946
2025-06-22,FL,Search | Brand,paid_search,23454,1645,131.8,0.070137,0.0801
2025-06-16,FL,Search | Nonbrand,paid_search,19508,1065,155.47,0.054593,0.146
2025-06-17,FL,Search | Nonbrand,paid_search,22519,901,207.42,0.040011,0.2302
2025-06-18,FL,Search | Nonbrand,paid_search,20046,1033,199.96,0.051531,0.1936
2025-06-19,FL,Search | Nonbrand,paid_search,23092,798,197.79,0.034557,0.2479
2025-06-20,FL,Search | Nonbrand,paid_search,21182,894,138.16,0.042206,0.1545
2025-06-21,FL,Search | Nonbrand,paid_search,19580,1074,193.01,0.054852,0.1797
2025-06-22,FL,Search | Nonbrand,paid_search,21483,826,175.92,0.038449,0.213
2025-06-16,FL,Shopping | Instruments,shopping,22866,510,139.15,0.022304,0.2728
2025-06-17,FL,Shopping | Instruments,shopping,19132,548,144.42,0.028643,0.2635
2025-06-18,FL,Shopping | Instruments,shopping,22061,678,174.07,0.030733,0.2567
2025-06-19,FL,Shopping | Instruments,shopping,23240,645,140.08,0.027754,0.2172
2025-06-20,FL,Shopping | Instruments,shopping,21201,793,168.76,0.037404,0.2128
2025-06-21,FL,Shopping | Instruments,shopping,17393,776,151.21,0.044616,0.1949
2025-06-22,FL,Shopping | Instruments,shopping,26244,672,177.71,0.025606,0.2645
2025-06-16,NY,Search | Brand,paid_search,21211,1973,139.63,0.093018,0.0708
2025-06-17,NY,Search | Brand,paid_search,21827,1968,103.63,0.090164,0.0527
2025-06-18,NY,Search | Brand,paid_search,16846,2175,122.02,0.129111,0.0561
2025-06-19,NY,Search | Brand,paid_search,24220,1503,121.17,0.062056,0.0806
2025-06-20,NY,Search | Brand,paid_search,23608,1730,136.7,0.07328,0.079
2025-06-21,NY,Search | Brand,paid_search,18369,2170,112.69,0.118134,0.0519
2025-06-22,NY,Search | Brand,paid_search,21040,1980,117.46,0.094106,0.0593
2025-06-16,NY,Search | Nonbrand,paid_search,22859,1014,217.27,0.044359,0.2143
2025-06-17,NY,Search | Nonbrand,paid_search,23789,1086,185.15,0.045651,0.1705
2025-06-18,NY,Search | Nonbrand,paid_search,18608,869,198.25,0.0467,0.2281
2025-06-19,NY,Search | Nonbrand,paid_search,20500,1100,168.95,0.053659,0.1536
2025-06-20,NY,Search | Nonbrand,paid_search,23486,1117,219.29,0.04756,0.1963
2025-06-21,NY,Search | Nonbrand,paid_search,19766,1027,160.49,0.051958,0.1563
2025-06-22,NY,Search | Nonbrand,paid_search,23388,826,161.21,0.035317,0.1952
2025-06-16,NY,Shopping | Instruments,shopping,18445,697,184.86,0.037788,0.2652
2025-06-17,NY,Shopping | Instruments,shopping,23482,611,176.68,0.02602,0.2892
2025-06-18,NY,Shopping | Instruments,shopping,24283,593,141.43,0.02442,0.2385
2025-06-19,NY,Shopping | Instruments,shopping,20314,747,144.4,0.036773,0.1933
2025-06-20,NY,Shopping | Instruments,shopping,18658,594,147.34,0.031836,0.248
2025-06-21,NY,Shopping | Instruments,shopping,19740,598,135.87,0.030294,0.2272
2025-06-22,NY,Shopping | Instruments,shopping,24518,658,145.38,0.026837,0.2209
2025-06-23,CA,Search | Brand,paid_search,26195,2528,134.09,0.096507,0.053
2025-06-24,CA,Search | Brand,paid_search,32220,2694,192.99,0.083613,0.0716
2025-06-25,CA,Search | Brand,paid_search,30660,2781,200.76,0.090705,0.0722
2025-06-26,CA,Search | Brand,paid_search,29761,2405,159.02,0.08081,0.0661
2025-06-27,CA,Search | Brand,paid_search,28057,2261,183.7,0.080586,0.0812
2025-06-28,CA,Search | Brand,paid_search,33080,2913,171.5,0.088059,0.0589
2025-06-29,CA,Search | Brand,paid_search,30030,2898,175.97,0.096503,0.0607
2025-06-23,CA,Search | Nonbrand,paid_search,26359,1229,314.91,0.046625,0.2562
2025-06-24,CA,Search | Nonbrand,paid_search,33964,1245,292.47,0.036656,0.2349
2025-06-25,CA,Search | Nonbrand,paid_search,26903,1478,259.21,0.054938,0.1754
2025-06-26,CA,Search | Nonbrand,paid_search,32136,1581,209.62,0.049197,0.1326
2025-06-27,CA,Search | Nonbrand,paid_search,35258,1277,298.78,0.036219,0.234
2025-06-28,CA,Search | Nonbrand,paid_search,29076,1342,216.07,0.046155,0.161
2025-06-29,CA,Search | Nonbrand,paid_search,26845,1547,219.59,0.057627,0.1419
2025-06-23,CA,Shopping | Instruments,shopping,22780,777,170.4,0.034109,0.2193
2025-06-24,CA,Shopping | Instruments,shopping,25580,847,167.05,0.033112,0.1972
2025-06-25,CA,Shopping | Instruments,shopping,32148,715,208.2,0.022241,0.2912
2025-06-26,CA,Shopping | Instruments,shopping,22525,949,227.48,0.042131,0.2397
2025-06-27,CA,Shopping | Instruments,shopping,25214,893,226.93,0.035417,0.2541
2025-06-28,CA,Shopping | Instruments,shopping,31342,888,157.07,0.028333,0.1769
2025-06-29,CA,Shopping | Instruments,shopping,23678,664,162.39,0.028043,0.2446
2025-06-23,TX,Search | Brand,paid_search,23434,1551,107.61,0.066186,0.0694
2025-06-24,TX,Search | Brand,paid_search,25360,1959,146.97,0.077248,0.075
2025-06-25,TX,Search | Brand,paid_search,17813,1705,108.91,0.095717,0.0639
2025-06-26,TX,Search | Brand,paid_search,23287,1757,121.17,0.07545,0.069
2025-06-27,TX,Search | Brand,paid_search,24074,1940,161.37,0.080585,0.0832
2025-06-28,TX,Search | Brand,paid_search,18915,2164,104.5,0.114407,0.0483
2025-06-29,TX,Search | Brand,paid_search,18798,2049,129.22,0.109001,0.0631
2025-06-23,TX,Search | Nonbrand,paid_search,23702,915,204.25,0.038604,0.2232
2025-06-24,TX,Search | Nonbrand,paid_search,26805,1016,173.9,0.037903,0.1712
2025-06-25,TX,Search | Nonbrand,paid_search,23121,1055,177.44,0.04563,0.1682
2025-06-26,TX,Search | Nonbrand,paid_search,23556,878,169.12,0.037273,0.1926
2025-06-27,TX,Search | Nonbrand,paid_search,20204,1146,234.92,0.056721,0.205
2025-06-28,TX,Search | Nonbrand,paid_search,28238,1157,244.55,0.040973,0.2114
2025-06-29,TX,Search | Nonbrand,paid_search,21818,1212,235.84,0.05555,0.1946
2025-06-23,TX,Shopping | Instruments,shopping,31629,718,154.3,0.022701,0.2149
2025-06-24,TX,Shopping | Instruments,shopping,23811,809,232.18,0.033976,0.287
2025-06-25,TX,Shopping | Instruments,shopping,25418,810,184.33,0.031867,0.2276
2025-06-26,TX,Shopping | Instruments,shopping,25014,856,194.21,0.034221,0.2269
2025-06-27,TX,Shopping | Instruments,shopping,21024,1080,151.91,0.05137,0.1407
2025-06-28,TX,Shopping | Instruments,shopping,29071,995,200.51,0.034227,0.2015
2025-06-29,TX,Shopping | Instruments,shopping,28311,744,209.36,0.02628,0.2814
2025-06-23,FL,Search | Brand,paid_search,22054,1820,118.05,0.082525,0.0649
2025-06-24,FL,Search | Brand,paid_search,21589,1783,108.21,0.082588,0.0607
2025-06-25,FL,Search | Brand,paid_search,22422,1921,127.62,0.085675,0.0664
2025-06-26,FL,Search | Brand,paid_search,17897,1925,97.71,0.10756,0.0508
2025-06-27,FL,Search | Brand,paid_search,17335,1948,127.17,0.112374,0.0653
2025-06-28,FL,Search | Brand,paid_search,23273,2002,115.03,0.086022,0.0575
2025-06-29,FL,Search | Brand,paid_search,17662,1616,131.16,0.091496,0.0812
2025-06-23,FL,Search | Nonbrand,paid_search,20971,1008,163.79,0.048066,0.1625
2025-06-24,FL,Search | Nonbrand,paid_search,21944,1060,165.94,0.048305,0.1565
2025-06-25,FL,Search | Nonbrand,paid_search,15300,808,165.96,0.05281,0.2054
2025-06-26,FL,Search | Nonbrand,paid_search,22230,711,190.88,0.031984,0.2685
2025-06-27,FL,Search | Nonbrand,paid_search,15546,750,152.85,0.048244,0.2038
2025-06-28,FL,Search | Nonbrand,paid_search,16712,834,164.03,0.049904,0.1967
2025-06-29,FL,Search | Nonbrand,paid_search,22002,765,155.0,0.03477,0.2026
2025-06-23,FL,Shopping | Instruments,shopping,17993,690,167.54,0.038348,0.2428
2025-06-24,FL,Shopping | Instruments,shopping,23939,754,152.43,0.031497,0.2022
2025-06-25,FL,Shopping | Instruments,shopping,18110,660,121.79,0.036444,0.1845
2025-06-26,FL,Shopping | Instruments,shopping,19710,575,166.71,0.029173,0.2899
2025-06-27,FL,Shopping | Instruments,shopping,18970,765,128.83,0.040327,0.1684
2025-06-28,FL,Shopping | Instruments,shopping,22800,625,167.95,0.027412,0.2687
2025-06-29,FL,Shopping | Instruments,shopping,21601,791,125.23,0.036619,0.1583
2025-06-23,NY,Search | Brand,paid_search,24815,2316,130.79,0.093331,0.0565
2025-06-24,NY,Search | Brand,paid_search,24235,1853,125.47,0.07646,0.0677
2025-06-25,NY,Search | Brand,paid_search,20435,2234,125.04,0.109322,0.056
2025-06-26,NY,Search | Brand,paid_search,20224,1690,140.26,0.083564,0.083
2025-06-27,NY,Search | Brand,paid_search,25323,1708,109.72,0.067449,0.0642
2025-06-28,NY,Search | Brand,paid_search,21536,1598,137.57,0.074201,0.0861
2025-06-29,NY,Search | Brand,paid_search,20592,2096,142.67,0.101787,0.0681
2025-06-23,NY,Search | Nonbrand,paid_search,21505,1017,213.09,0.047291,0.2095
2025-06-24,NY,Search | Nonbrand,paid_search,25114,1074,210.38,0.042765,0.1959
2025-06-25,NY,Search | Nonbrand,paid_search,23200,941,169.78,0.04056,0.1804
2025-06-26,NY,Search | Nonbrand,paid_search,23465,1091,175.73,0.046495,0.1611
2025-06-27,NY,Search | Nonbrand,paid_search,24175,947,224.91,0.039173,0.2375
2025-06-28,NY,Search | Nonbrand,paid_search,22087,852,182.18,0.038575,0.2138
2025-06-29,NY,Search | Nonbrand,paid_search,24232,933,232.43,0.038503,0.2491
2025-06-23,NY,Shopping | Instruments,shopping,21511,782,163.8,0.036353,0.2095
2025-06-24,NY,Shopping | Instruments,shopping,16624,807,145.53,0.048544,0.1803
2025-06-25,NY,Shopping | Instruments,shopping,23306,529,128.62,0.022698,0.2431
2025-06-26,NY,Shopping | Instruments,shopping,16862,589,185.31,0.034931,0.3146
2025-06-27,NY,Shopping | Instruments,shopping,23812,681,134.76,0.028599,0.1979
2025-06-28,NY,Shopping | Instruments,shopping,23542,775,142.9,0.03292,0.1844
2025-06-29,NY,Shopping | Instruments,shopping,21883,700,161.37,0.031988,0.2305
2025-06-30,CA,Search | Brand,paid_search,21107,2212,150.17,0.104799,0.0679
2025-07-01,CA,Search | Brand,paid_search,23780,2198,140.76,0.092431,0.064
2025-07-02,CA,Search | Brand,paid_search,28574,2050,177.7,0.071744,0.0867
2025-07-03,CA,Search | Brand,paid_search,29022,2354,176.13,0.081111,0.0748
2025-07-04,CA,Search | Brand,paid_search,27420,1861,128.36,0.06787,0.069
2025-07-05,CA,Search | Brand,paid_search,20802,2266,145.34,0.108932,0.0641
2025-07-06,CA,Search | Brand,paid_search,29318,1673,125.68,0.057064,0.0751
2025-06-30,CA,Search | Nonbrand,paid_search,30425,1209,217.29,0.039737,0.1797
2025-07-01,CA,Search | Nonbrand,paid_search,24612,1240,261.73,0.050382,0.2111
2025-07-02,CA,Search | Nonbrand,paid_search,28459,1547,263.64,0.054359,0.1704
2025-07-03,CA,Search | Nonbrand,paid_search,34250,1240,227.86,0.036204,0.1838
2025-07-04,CA,Search | Nonbrand,paid_search,27311,1316,212.71,0.048186,0.1616
2025-07-05,CA,Search | Nonbrand,paid_search,23474,1138,256.84,0.048479,0.2257
2025-07-06,CA,Search | Nonbrand,paid_search,23967,1158,215.4,0.048316,0.186
2025-06-30,CA,Shopping | Instruments,shopping,30781,707,202.78,0.022969,0.2868
2025-07-01,CA,Shopping | Instruments,shopping,22806,833,199.83,0.036525,0.2399
2025-07-02,CA,Shopping | Instruments,shopping,25635,937,229.82,0.036552,0.2453
2025-07-03,CA,Shopping | Instruments,shopping,29858,867,158.49,0.029037,0.1828
2025-07-04,CA,Shopping | Instruments,shopping,26026,803,235.67,0.030854,0.2935
2025-07-05,CA,Shopping | Instruments,shopping,22447,669,168.29,0.029804,0.2516
2025-07-06,CA,Shopping | Instruments,shopping,33286,859,179.17,0.025807,0.2086
2025-06-30,TX,Search | Brand,paid_search,18259,1862,126.6,0.101977,0.068
2025-07-01,TX,Search | Brand,paid_search,20428,2258,129.8,0.110535,0.0575
2025-07-02,TX,Search | Brand,paid_search,19996,1531,149.78,0.076565,0.0978
2025-07-03,TX,Search | Brand,paid_search,22608,1801,120.78,0.079662,0.0671
2025-07-04,TX,Search | Brand,paid_search,23741,2115,117.31,0.089086,0.0555
2025-07-05,TX,Search | Brand,paid_search,26897,2042,110.58,0.075919,0.0542
2025-07-06,TX,Search | Brand,paid_search,25499,2057,158.24,0.08067,0.0769
2025-06-30,TX,Search | Nonbrand,paid_search,18972,806,158.71,0.042484,0.1969
2025-07-01,TX,Search | Nonbrand,paid_search,24336,1083,168.71,0.044502,0.1558
2025-07-02,TX,Search | Nonbrand,paid_search,22742,1046,234.3,0.045994,0.224
2025-07-03,TX,Search | Nonbrand,paid_search,23200,1011,235.89,0.043578,0.2333
2025-07-04,TX,Search | Nonbrand,paid_search,24423,734,211.81,0.030054,0.2886
2025-07-05,TX,Search | Nonbrand,paid_search,25069,911,157.74,0.03634,0.1732
2025-07-06,TX,Search | Nonbrand,paid_search,18406,990,184.31,0.053787,0.1862
2025-06-30,TX,Shopping | Instruments,shopping,24944,613,131.2,0.024575,0.214
2025-07-01,TX,Shopping | Instruments,shopping,19201,705,185.58,0.036717,0.2632
2025-07-02,TX,Shopping | Instruments,shopping,23250,868,135.28,0.037333,0.1559
2025-07-03,TX,Shopping | Instruments,shopping,22795,818,137.81,0.035885,0.1685
2025-07-04,TX,Shopping | Instruments,shopping,19154,705,181.8,0.036807,0.2579
2025-07-05,TX,Shopping | Instruments,shopping,17222,775,154.57,0.045001,0.1995
2025-07-06,TX,Shopping | Instruments,shopping,24472,719,161.23,0.029381,0.2242
2025-06-30,FL,Search | Brand,paid_search,16683,1739,107.1,0.104238,0.0616
2025-07-01,FL,Search | Brand,paid_search,21996,1730,94.94,0.078651,0.0549
2025-07-02,FL,Search | Brand,paid_search,17831,1402,116.11,0.078627,0.0828
2025-07-03,FL,Search | Brand,paid_search,21696,1910,89.92,0.088035,0.0471
2025-07-04,FL,Search | Brand,paid_search,17516,1377,130.15,0.078614,0.0945
2025-07-05,FL,Search | Brand,paid_search,18965,1737,102.89,0.09159,0.0592
2025-07-06,FL,Search | Brand,paid_search,19110,1589,134.91,0.08315,0.0849
2025-06-30,FL,Search | Nonbrand,paid_search,19391,1159,173.19,0.05977,0.1494
2025-07-01,FL,Search | Nonbrand,paid_search,23237,1191,214.19,0.051254,0.1798
2025-07-02,FL,Search | Nonbrand,paid_search,24755,1107,171.78,0.044718,0.1552
2025-07-03,FL,Search | Nonbrand,paid_search,24192,1002,201.47,0.041419,0.2011
2025-07-04,FL,Search | Nonbrand,paid_search,27861,995,213.53,0.035713,0.2146
2025-07-05,FL,Search | Nonbrand,paid_search,23937,934,222.43,0.039019,0.2382
2025-07-06,FL,Search | Nonbrand,paid_search,22766,1091,232.21,0.047922,0.2128
2025-06-30,FL,Shopping | Instruments,shopping,18536,616,131.57,0.033233,0.2136
2025-07-01,FL,Shopping | Instruments,shopping,15896,486,151.18,0.030574,0.3111
2025-07-02,FL,Shopping | Instruments,shopping,18405,555,136.25,0.030155,0.2455
2025-07-03,FL,Shopping | Instruments,shopping,21797,646,113.06,0.029637,0.175
2025-07-04,FL,Shopping | Instruments,shopping,18854,537,155.86,0.028482,0.2902
2025-07-05,FL,Shopping | Instruments,shopping,22120,641,145.0,0.028978,0.2262
2025-07-06,FL,Shopping | Instruments,shopping,18958,586,135.97,0.03091,0.232
2025-06-30,NY,Search | Brand,paid_search,16867,1503,89.24,0.089109,0.0594
2025-07-01,NY,Search | Brand,paid_search,18567,1595,116.13,0.085905,0.0728
2025-07-02,NY,Search | Brand,paid_search,15042,1832,125.73,0.121792,0.0686
2025-07-03,NY,Search | Brand,paid_search,16721,1457,93.18,0.087136,0.064
2025-07-04,NY,Search | Brand,paid_search,19264,1764,85.24,0.09157,0.0483
2025-07-05,NY,Search | Brand,paid_search,17057,1392,99.8,0.081609,0.0717
2025-07-06,NY,Search | Brand,paid_search,20720,1383,111.25,0.066747,0.0804
2025-06-30,NY,Search | Nonbrand,paid_search,23439,640,182.52,0.027305,0.2852
2025-07-01,NY,Search | Nonbrand,paid_search,16579,962,149.74,0.058025,0.1557
2025-07-02,NY,Search | Nonbrand,paid_search,23930,923,195.62,0.038571,0.2119
2025-07-03,NY,Search | Nonbrand,paid_search,21876,931,148.84,0.042558,0.1599
2025-07-04,NY,Search | Nonbrand,paid_search,16713,954,181.56,0.057081,0.1903
2025-07-05,NY,Search | Nonbrand,paid_search,22141,705,144.38,0.031841,0.2048
2025-07-06,NY,Search | Nonbrand,paid_search,15424,988,202.21,0.064056,0.2047
2025-06-30,NY,Shopping | Instruments,shopping,20372,653,171.31,0.032054,0.2623
2025-07-01,NY,Shopping | Instruments,shopping,23516,752,139.22,0.031978,0.1851
2025-07-02,NY,Shopping | Instruments,shopping,23172,693,167.36,0.029907,0.2415
2025-07-03,NY,Shopping | Instruments,shopping,23606,749,182.67,0.031729,0.2439
2025-07-04,NY,Shopping | Instruments,shopping,23878,716,176.44,0.029986,0.2464
2025-07-05,NY,Shopping | Instruments,shopping,24198,856,184.37,0.035375,0.2154
2025-07-06,NY,Shopping | Instruments,shopping,23430,716,146.26,0.030559,0.2043
2025-07-07,CA,Search | Brand,paid_search,30883,2100,171.27,0.067999,0.0816
2025-07-08,CA,Search | Brand,paid_search,26669,2142,150.7,0.080318,0.0704
2025-07-09,CA,Search | Brand,paid_search,26082,2535,175.9,0.097193,0.0694
2025-07-10,CA,Search | Brand,paid_search,35697,2157,181.32,0.060425,0.0841
2025-07-11,CA,Search | Brand,paid_search,28759,2613,172.95,0.090859,0.0662
2025-07-12,CA,Search | Brand,paid_search,26483,2507,169.08,0.094665,0.0674
2025-07-13,CA,Search | Brand,paid_search,31508,2630,174.05,0.083471,0.0662
2025-07-07,CA,Search | Nonbrand,paid_search,26329,1094,275.58,0.041551,0.2519
2025-07-08,CA,Search | Nonbrand,paid_search,23815,1292,216.93,0.054252,0.1679
2025-07-09,CA,Search | Nonbrand,paid_search,31406,1383,223.76,0.044036,0.1618
2025-07-10,CA,Search | Nonbrand,paid_search,33882,1214,231.91,0.03583,0.191
2025-07-11,CA,Search | Nonbrand,paid_search,24989,1360,238.54,0.054424,0.1754
2025-07-12,CA,Search | Nonbrand,paid_search,25741,1167,318.5,0.045336,0.2729
2025-07-13,CA,Search | Nonbrand,paid_search,34296,1155,218.73,0.033677,0.1894
2025-07-07,CA,Shopping | Instruments,shopping,27128,878,228.43,0.032365,0.2602
2025-07-08,CA,Shopping | Instruments,shopping,32527,1039,218.67,0.031943,0.2105
2025-07-09,CA,Shopping | Instruments,shopping,29185,983,218.29,0.033682,0.2221
2025-07-10,CA,Shopping | Instruments,shopping,26656,1136,176.78,0.042617,0.1556
2025-07-11,CA,Shopping | Instruments,shopping,28719,807,225.0,0.0281,0.2788
2025-07-12,CA,Shopping | Instruments,shopping,28041,1063,211.35,0.037909,0.1988
2025-07-13,CA,Shopping | Instruments,shopping,30774,960,183.29,0.031195,0.1909
2025-07-07,TX,Search | Brand,paid_search,23507,1816,114.15,0.077254,0.0629
2025-07-08,TX,Search | Brand,paid_search,22314,1709,140.69,0.076589,0.0823
2025-07-09,TX,Search | Brand,paid_search,18503,2044,119.1,0.110469,0.0583
2025-07-10,TX,Search | Brand,paid_search,23900,1453,125.22,0.060795,0.0862
2025-07-11,TX,Search | Brand,paid_search,20310,1721,100.31,0.084737,0.0583
2025-07-12,TX,Search | Brand,paid_search,17630,2066,150.71,0.117187,0.0729
2025-07-13,TX,Search | Brand,paid_search,23717,1470,119.13,0.061981,0.081
2025-07-07,TX,Search | Nonbrand,paid_search,24023,1068,180.15,0.044457,0.1687
2025-07-08,TX,Search | Nonbrand,paid_search,21534,1048,232.7,0.048667,0.222
2025-07-09,TX,Search | Nonbrand,paid_search,19591,967,176.67,0.049359,0.1827
2025-07-10,TX,Search | Nonbrand,paid_search,23757,1102,174.53,0.046386,0.1584
2025-07-11,TX,Search | Nonbrand,paid_search,21915,1112,156.23,0.050742,0.1405
2025-07-12,TX,Search | Nonbrand,paid_search,26465,948,223.22,0.035821,0.2355
2025-07-13,TX,Search | Nonbrand,paid_search,22863,772,233.78,0.033766,0.3028
2025-07-07,TX,Shopping | Instruments,shopping,27058,783,193.92,0.028938,0.2477
2025-07-08,TX,Shopping | Instruments,shopping,22857,711,209.46,0.031106,0.2946
2025-07-09,TX,Shopping | Instruments,shopping,23623,705,188.54,0.029844,0.2674
2025-07-10,TX,Shopping | Instruments,shopping,26757,1074,211.86,0.040139,0.1973
2025-07-11,TX,Shopping | Instruments,shopping,22346,883,178.66,0.039515,0.2023
2025-07-12,TX,Shopping | Instruments,shopping,31415,1068,143.13,0.033996,0.134
2025-07-13,TX,Shopping | Instruments,shopping,27956,866,184.91,0.030977,0.2135
2025-07-07,FL,Search | Brand,paid_search,23358,2120,96.91,0.090761,0.0457
2025-07-08,FL,Search | Brand,paid_search,20624,1805,118.6,0.087519,0.0657
2025-07-09,FL,Search | Brand,paid_search,21700,1734,106.61,0.079908,0.0615
2025-07-10,FL,Search | Brand,paid_search,22710,1706,125.03,0.075121,0.0733
2025-07-11,FL,Search | Brand,paid_search,22596,1529,140.71,0.067667,0.092
2025-07-12,FL,Search | Brand,paid_search,15632,1700,117.6,0.108751,0.0692
2025-07-13,FL,Search | Brand,paid_search,16937,1735,127.16,0.102438,0.0733
2025-07-07,FL,Search | Nonbrand,paid_search,24031,1073,218.8,0.044651,0.2039
2025-07-08,FL,Search | Nonbrand,paid_search,23828,1039,154.39,0.043604,0.1486
2025-07-09,FL,Search | Nonbrand,paid_search,20667,1056,211.11,0.051096,0.1999
2025-07-10,FL,Search | Nonbrand,paid_search,24419,754,178.52,0.030878,0.2368
2025-07-11,FL,Search | Nonbrand,paid_search,24952,917,151.18,0.036751,0.1649
2025-07-12,FL,Search | Nonbrand,paid_search,18305,1026,216.24,0.05605,0.2108
2025-07-13,FL,Search | Nonbrand,paid_search,19205,904,206.26,0.047071,0.2282
2025-07-07,FL,Shopping | Instruments,shopping,24312,584,165.19,0.024021,0.2829
2025-07-08,FL,Shopping | Instruments,shopping,26930,722,136.97,0.02681,0.1897
2025-07-09,FL,Shopping | Instruments,shopping,22286,810,151.38,0.036346,0.1869
2025-07-10,FL,Shopping | Instruments,shopping,25393,703,155.45,0.027685,0.2211
2025-07-11,FL,Shopping | Instruments,shopping,18719,754,174.11,0.04028,0.2309
2025-07-12,FL,Shopping | Instruments,shopping,19632,716,155.53,0.036471,0.2172
2025-07-13,FL,Shopping | Instruments,shopping,18467,850,182.68,0.046028,0.2149
2025-07-07,NY,Search | Brand,paid_search,18509,2393,104.3,0.129288,0.0436
2025-07-08,NY,Search | Brand,paid_search,19096,1658,151.36,0.086824,0.0913
2025-07-09,NY,Search | Brand,paid_search,27461,2234,147.54,0.081352,0.066
2025-07-10,NY,Search | Brand,paid_search,25857,1802,129.7,0.069691,0.072
2025-07-11,NY,Search | Brand,paid_search,25572,1985,115.87,0.077624,0.0584
2025-07-12,NY,Search | Brand,paid_search,21074,1704,108.09,0.080858,0.0634
2025-07-13,NY,Search | Brand,paid_search,18945,2389,150.9,0.126102,0.0632
2025-07-07,NY,Search | Nonbrand,paid_search,24071,1221,196.54,0.050725,0.161
2025-07-08,NY,Search | Nonbrand,paid_search,24529,908,157.11,0.037017,0.173
2025-07-09,NY,Search | Nonbrand,paid_search,23854,869,217.53,0.03643,0.2503
2025-07-10,NY,Search | Nonbrand,paid_search,26141,880,174.96,0.033664,0.1988
2025-07-11,NY,Search | Nonbrand,paid_search,22393,1253,238.46,0.055955,0.1903
2025-07-12,NY,Search | Nonbrand,paid_search,21472,1233,161.35,0.057424,0.1309
2025-07-13,NY,Search | Nonbrand,paid_search,17347,1040,228.4,0.059953,0.2196
2025-07-07,NY,Shopping | Instruments,shopping,20010,768,133.42,0.038381,0.1737
2025-07-08,NY,Shopping | Instruments,shopping,19906,727,174.92,0.036522,0.2406
2025-07-09,NY,Shopping | Instruments,shopping,20174,680,145.03,0.033707,0.2133
2025-07-10,NY,Shopping | Instruments,shopping,20470,511,152.2,0.024963,0.2978
2025-07-11,NY,Shopping | Instruments,shopping,25342,660,150.42,0.026044,0.2279
2025-07-12,NY,Shopping | Instruments,shopping,19390,690,149.0,0.035585,0.2159
2025-07-13,NY,Shopping | Instruments,shopping,24732,568,175.19,0.022966,0.3084
2025-07-14,CA,Search | Brand,paid_search,21950,2654,123.6,0.120911,0.0466
2025-07-15,CA,Search | Brand,paid_search,20910,1815,138.54,0.086801,0.0763
2025-07-16,CA,Search | Brand,paid_search,23070,2261,163.2,0.098006,0.0722
2025-07-17,CA,Search | Brand,paid_search,29748,2540,150.76,0.085384,0.0594
2025-07-18,CA,Search | Brand,paid_search,31021,2086,136.91,0.067245,0.0656
2025-07-19,CA,Search | Brand,paid_search,27148,2086,146.67,0.076838,0.0703
2025-07-20,CA,Search | Brand,paid_search,24319,2099,173.68,0.086311,0.0827
2025-07-14,CA,Search | Nonbrand,paid_search,30805,1285,282.78,0.041714,0.2201
2025-07-15,CA,Search | Nonbrand,paid_search,36178,1372,229.21,0.037924,0.1671
2025-07-16,CA,Search | Nonbrand,paid_search,34797,1291,281.99,0.037101,0.2184
2025-07-17,CA,Search | Nonbrand,paid_search,28754,1465,267.17,0.050949,0.1824
2025-07-18,CA,Search | Nonbrand,paid_search,27641,1494,281.78,0.05405,0.1886
2025-07-19,CA,Search | Nonbrand,paid_search,36034,1527,264.98,0.042377,0.1735
2025-07-20,CA,Search | Nonbrand,paid_search,28937,1505,311.13,0.05201,0.2067
2025-07-14,CA,Shopping | Instruments,shopping,31791,927,270.45,0.029159,0.2917
2025-07-15,CA,Shopping | Instruments,shopping,34500,1121,219.12,0.032493,0.1955
2025-07-16,CA,Shopping | Instruments,shopping,30267,751,204.22,0.024813,0.2719
2025-07-17,CA,Shopping | Instruments,shopping,29264,738,215.98,0.025219,0.2927
2025-07-18,CA,Shopping | Instruments,shopping,27383,803,220.12,0.029325,0.2741
2025-07-19,CA,Shopping | Instruments,shopping,30177,1102,191.83,0.036518,0.1741
2025-07-20,CA,Shopping | Instruments,shopping,35139,1052,251.63,0.029938,0.2392
2025-07-14,TX,Search | Brand,paid_search,20641,1687,131.35,0.081731,0.0779
2025-07-15,TX,Search | Brand,paid_search,19756,1810,103.38,0.091618,0.0571
2025-07-16,TX,Search | Brand,paid_search,22652,1582,124.07,0.069839,0.0784
2025-07-17,TX,Search | Brand,paid_search,19732,1521,137.83,0.077083,0.0906
2025-07-18,TX,Search | Brand,paid_search,23001,1578,144.85,0.068606,0.0918
2025-07-19,TX,Search | Brand,paid_search,19160,1982,117.58,0.103445,0.0593
2025-07-20,TX,Search | Brand,paid_search,23589,1566,102.41,0.066387,0.0654
2025-07-14,TX,Search | Nonbrand,paid_search,32000,982,235.36,0.030687,0.2397
2025-07-15,TX,Search | Nonbrand,paid_search,26380,1335,209.31,0.050607,0.1568
2025-07-16,TX,Search | Nonbrand,paid_search,24511,1070,236.0,0.043654,0.2206
2025-07-17,TX,Search | Nonbrand,paid_search,23268,1327,225.84,0.057031,0.1702
2025-07-18,TX,Search | Nonbrand,paid_search,30811,1016,256.85,0.032975,0.2528
2025-07-19,TX,Search | Nonbrand,paid_search,23062,1208,188.29,0.052381,0.1559
2025-07-20,TX,Search | Nonbrand,paid_search,23303,1243,225.04,0.053341,0.181
2025-07-14,TX,Shopping | Instruments,shopping,20729,701,162.71,0.033817,0.2321
2025-07-15,TX,Shopping | Instruments,shopping,23848,745,141.43,0.03124,0.1898
2025-07-16,TX,Shopping | Instruments,shopping,18879,835,151.02,0.044229,0.1809
2025-07-17,TX,Shopping | Instruments,shopping,24479,643,161.44,0.026267,0.2511
2025-07-18,TX,Shopping | Instruments,shopping,23363,738,155.68,0.031588,0.2109
2025-07-19,TX,Shopping | Instruments,shopping,16752,869,182.65,0.051874,0.2102
2025-07-20,TX,Shopping | Instruments,shopping,24638,604,144.44,0.024515,0.2391
2025-07-14,FL,Search | Brand,paid_search,16796,1672,105.74,0.099548,0.0632
2025-07-15,FL,Search | Brand,paid_search,18645,2117,126.9,0.113543,0.0599
2025-07-16,FL,Search | Brand,paid_search,19182,1943,110.29,0.101293,0.0568
2025-07-17,FL,Search | Brand,paid_search,21521,1628,115.94,0.075647,0.0712
2025-07-18,FL,Search | Brand,paid_search,24373,1685,107.05,0.069134,0.0635
2025-07-19,FL,Search | Brand,paid_search,19956,1514,122.44,0.075867,0.0809
2025-07-20,FL,Search | Brand,paid_search,20851,1676,131.31,0.08038,0.0783
2025-07-14,FL,Search | Nonbrand,paid_search,15942,1014,183.03,0.063606,0.1805
2025-07-15,FL,Search | Nonbrand,paid_search,18420,1010,180.75,0.054832,0.179
2025-07-16,FL,Search | Nonbrand,paid_search,19843,753,160.02,0.037948,0.2125
2025-07-17,FL,Search | Nonbrand,paid_search,18749,660,155.68,0.035202,0.2359
2025-07-18,FL,Search | Nonbrand,paid_search,16040,893,139.23,0.055673,0.1559
2025-07-19,FL,Search | Nonbrand,paid_search,22710,817,160.14,0.035975,0.196
2025-07-20,FL,Search | Nonbrand,paid_search,23578,663,184.57,0.028119,0.2784
2025-07-14,FL,Shopping | Instruments,shopping,20950,542,150.21,0.025871,0.2771
2025-07-15,FL,Shopping | Instruments,shopping,20258,572,165.08,0.028236,0.2886
2025-07-16,FL,Shopping | Instruments,shopping,22072,680,122.48,0.030808,0.1801
2025-07-17,FL,Shopping | Instruments,shopping,17391,681,124.44,0.039158,0.1827
2025-07-18,FL,Shopping | Instruments,shopping,19391,703,161.22,0.036254,0.2293
2025-07-19,FL,Shopping | Instruments,shopping,16045,540,120.73,0.033655,0.2236
2025-07-20,FL,Shopping | Instruments,shopping,21046,617,143.35,0.029317,0.2323
2025-07-14,NY,Search | Brand,paid_search,15868,1880,111.8,0.118477,0.0595
2025-07-15,NY,Search | Brand,paid_search,20807,1803,135.14,0.086654,0.075
2025-07-16,NY,Search | Brand,paid_search,17165,1493,102.89,0.086979,0.0689
2025-07-17,NY,Search | Brand,paid_search,21708,1465,124.74,0.067487,0.0851
2025-07-18,NY,Search | Brand,paid_search,19894,1528,114.2,0.076807,0.0747
2025-07-19,NY,Search | Brand,paid_search,18663,2085,90.17,0.111718,0.0432
2025-07-20,NY,Search | Brand,paid_search,20848,1598,103.78,0.07665,0.0649
2025-07-14,NY,Search | Nonbrand,paid_search,23006,735,155.11,0.031948,0.211
2025-07-15,NY,Search | Nonbrand,paid_search,19359,984,215.52,0.050829,0.219
2025-07-16,NY,Search | Nonbrand,paid_search,26898,891,216.99,0.033125,0.2435
2025-07-17,NY,Search | Nonbrand,paid_search,23866,1014,181.04,0.042487,0.1785
2025-07-18,NY,Search | Nonbrand,paid_search,20747,1021,175.49,0.049212,0.1719
2025-07-19,NY,Search | Nonbrand,paid_search,18958,825,187.06,0.043517,0.2267
2025-07-20,NY,Search | Nonbrand,paid_search,18626,1068,171.36,0.057339,0.1604
2025-07-14,NY,Shopping | Instruments,shopping,17830,561,146.65,0.031464,0.2614
2025-07-15,NY,Shopping | Instruments,shopping,21942,502,152.26,0.022878,0.3033
2025-07-16,NY,Shopping | Instruments,shopping,21630,613,126.44,0.02834,0.2063
2025-07-17,NY,Shopping | Instruments,shopping,17609,550,118.54,0.031234,0.2155
2025-07-18,NY,Shopping | Instruments,shopping,22007,563,156.76,0.025583,0.2784
2025-07-19,NY,Shopping | Instruments,shopping,17744,726,152.89,0.040915,0.2106
2025-07-20,NY,Shopping | Instruments,shopping,20374,596,148.24,0.029253,0.2487
2025-07-21,CA,Search | Brand,paid_search,30498,1820,157.04,0.059676,0.0863
2025-07-22,CA,Search | Brand,paid_search,23841,2110,147.02,0.088503,0.0697
2025-07-23,CA,Search | Brand,paid_search,28978,2718,182.45,0.093795,0.0671
2025-07-24,CA,Search | Brand,paid_search,23066,1820,158.65,0.078904,0.0872
2025-07-25,CA,Search | Brand,paid_search,33280,2614,177.08,0.078546,0.0677
2025-07-26,CA,Search | Brand,paid_search,29574,2198,151.91,0.074322,0.0691
2025-07-27,CA,Search | Brand,paid_search,25130,1974,153.18,0.078552,0.0776
2025-07-21,CA,Search | Nonbrand,paid_search,33324,1216,336.25,0.03649,0.2765
2025-07-22,CA,Search | Nonbrand,paid_search,33656,1238,233.3,0.036784,0.1884
2025-07-23,CA,Search | Nonbrand,paid_search,30387,1452,236.83,0.047784,0.1631
2025-07-24,CA,Search | Nonbrand,paid_search,25816,1465,243.24,0.056748,0.166
2025-07-25,CA,Search | Nonbrand,paid_search,34659,1071,282.83,0.030901,0.2641
2025-07-26,CA,Search | Nonbrand,paid_search,31897,1012,222.92,0.031727,0.2203
2025-07-27,CA,Search | Nonbrand,paid_search,25425,1068,295.04,0.042006,0.2763
2025-07-21,CA,Shopping | Instruments,shopping,25691,845,250.39,0.032891,0.2963
2025-07-22,CA,Shopping | Instruments,shopping,30322,1250,214.62,0.041224,0.1717
2025-07-23,CA,Shopping | Instruments,shopping,35389,873,240.96,0.024669,0.276
2025-07-24,CA,Shopping | Instruments,shopping,31095,1068,189.76,0.034346,0.1777
2025-07-25,CA,Shopping | Instruments,shopping,36015,969,191.64,0.026905,0.1978
2025-07-26,CA,Shopping | Instruments,shopping,30003,853,246.68,0.02843,0.2892
2025-07-27,CA,Shopping | Instruments,shopping,31984,979,253.55,0.030609,0.259
2025-07-21,TX,Search | Brand,paid_search,23330,1974,110.47,0.084612,0.056
2025-07-22,TX,Search | Brand,paid_search,19281,1425,106.22,0.073907,0.0745
2025-07-23,TX,Search | Brand,paid_search,23318,2079,140.69,0.089159,0.0677
2025-07-24,TX,Search | Brand,paid_search,18302,1781,107.51,0.097312,0.0604
2025-07-25,TX,Search | Brand,paid_search,26127,2155,137.79,0.082482,0.0639
2025-07-26,TX,Search | Brand,paid_search,21794,1682,123.75,0.077177,0.0736
2025-07-27,TX,Search | Brand,paid_search,17534,1581,141.75,0.090168,0.0897
2025-07-21,TX,Search | Nonbrand,paid_search,26708,1290,237.93,0.0483,0.1844
2025-07-22,TX,Search | Nonbrand,paid_search,21000,1069,211.98,0.050905,0.1983
2025-07-23,TX,Search | Nonbrand,paid_search,23166,1008,233.92,0.043512,0.2321
2025-07-24,TX,Search | Nonbrand,paid_search,29238,1390,245.89,0.047541,0.1769
2025-07-25,TX,Search | Nonbrand,paid_search,29339,1130,228.88,0.038515,0.2025
2025-07-26,TX,Search | Nonbrand,paid_search,31537,1348,231.42,0.042743,0.1717
2025-07-27,TX,Search | Nonbrand,paid_search,27535,1389,231.27,0.050445,0.1665
2025-07-21,TX,Shopping | Instruments,shopping,25785,743,209.28,0.028815,0.2817
2025-07-22,TX,Shopping | Instruments,shopping,23898,821,164.91,0.034354,0.2009
2025-07-23,TX,Shopping | Instruments,shopping,21015,883,167.45,0.042018,0.1896
2025-07-24,TX,Shopping | Instruments,shopping,22068,741,214.4,0.033578,0.2893
2025-07-25,TX,Shopping | Instruments,shopping,27065,658,162.54,0.024312,0.247
2025-07-26,TX,Shopping | Instruments,shopping,26579,765,166.1,0.028782,0.2171
2025-07-27,TX,Shopping | Instruments,shopping,25298,786,151.62,0.03107,0.1929
2025-07-21,FL,Search | Brand,paid_search,19166,1596,114.34,0.083272,0.0716
2025-07-22,FL,Search | Brand,paid_search,13816,1313,102.94,0.095035,0.0784
2025-07-23,FL,Search | Brand,paid_search,16512,1683,107.26,0.101926,0.0637
2025-07-24,FL,Search | Brand,paid_search,17490,1650,92.78,0.09434,0.0562
2025-07-25,FL,Search | Brand,paid_search,17064,1154,75.03,0.067628,0.065
2025-07-26,FL,Search | Brand,paid_search,16009,1654,94.51,0.103317,0.0571
2025-07-27,FL,Search | Brand,paid_search,17332,1423,94.0,0.082102,0.0661
2025-07-21,FL,Search | Nonbrand,paid_search,20209,865,193.48,0.042803,0.2237
2025-07-22,FL,Search | Nonbrand,paid_search,20950,975,182.87,0.046539,0.1876
2025-07-23,FL,Search | Nonbrand,paid_search,20876,835,185.58,0.039998,0.2223
2025-07-24,FL,Search | Nonbrand,paid_search,16280,857,148.26,0.052641,0.173
2025-07-25,FL,Search | Nonbrand,paid_search,21121,676,165.41,0.032006,0.2447
2025-07-26,FL,Search | Nonbrand,paid_search,22263,901,175.59,0.040471,0.1949
2025-07-27,FL,Search | Nonbrand,paid_search,17329,908,144.44,0.052398,0.1591
2025-07-21,FL,Shopping | Instruments,shopping,20607,844,165.53,0.040957,0.1961
2025-07-22,FL,Shopping | Instruments,shopping,19728,706,170.7,0.035787,0.2418
2025-07-23,FL,Shopping | Instruments,shopping,25579,661,166.87,0.025842,0.2525
2025-07-24,FL,Shopping | Instruments,shopping,17911,647,115.12,0.036123,0.1779
2025-07-25,FL,Shopping | Instruments,shopping,17666,619,160.16,0.035039,0.2587
2025-07-26,FL,Shopping | Instruments,shopping,22097,777,123.06,0.035163,0.1584
2025-07-27,FL,Shopping | Instruments,shopping,24809,690,167.02,0.027812,0.2421
2025-07-21,NY,Search | Brand,paid_search,18033,1749,119.65,0.096989,0.0684
2025-07-22,NY,Search | Brand,paid_search,18229,1829,111.37,0.100335,0.0609
2025-07-23,NY,Search | Brand,paid_search,20812,2010,130.94,0.096579,0.0651
2025-07-24,NY,Search | Brand,paid_search,23279,1378,125.27,0.059195,0.0909
2025-07-25,NY,Search | Brand,paid_search,24584,1768,116.52,0.071917,0.0659
2025-07-26,NY,Search | Brand,paid_search,16488,1717,97.83,0.104136,0.057
2025-07-27,NY,Search | Brand,paid_search,16997,1313,101.28,0.077249,0.0771
2025-07-21,NY,Search | Nonbrand,paid_search,25803,1101,211.31,0.042669,0.1919
2025-07-22,NY,Search | Nonbrand,paid_search,20967,813,180.97,0.038775,0.2226
2025-07-23,NY,Search | Nonbrand,paid_search,22929,1143,222.03,0.04985,0.1943
2025-07-24,NY,Search | Nonbrand,paid_search,18454,746,213.63,0.040425,0.2864
2025-07-25,NY,Search | Nonbrand,paid_search,25167,1094,190.52,0.04347,0.1742
2025-07-26,NY,Search | Nonbrand,paid_search,25140,766,165.3,0.030469,0.2158
2025-07-27,NY,Search | Nonbrand,paid_search,21200,1104,189.31,0.052075,0.1715
2025-07-21,NY,Shopping | Instruments,shopping,21338,573,164.64,0.026854,0.2873
2025-07-22,NY,Shopping | Instruments,shopping,24768,630,146.5,0.025436,0.2325
2025-07-23,NY,Shopping | Instruments,shopping,19489,709,128.85,0.036379,0.1817
2025-07-24,NY,Shopping | Instruments,shopping,24232,744,153.24,0.030703,0.206
2025-07-25,NY,Shopping | Instruments,shopping,16101,580,165.37,0.036023,0.2851
2025-07-26,NY,Shopping | Instruments,shopping,19491,536,164.27,0.0275,0.3065
2025-07-27,NY,Shopping | Instruments,shopping,22015,644,138.66,0.029253,0.2153
2025-07-28,CA,Search | Brand,paid_search,31765,2461,146.49,0.077475,0.0595
2025-07-29,CA,Search | Brand,paid_search,31478,2626,187.15,0.083423,0.0713
2025-07-30,CA,Search | Brand,paid_search,22368,2108,129.77,0.094242,0.0616
2025-07-31,CA,Search | Brand,paid_search,23493,2215,126.92,0.094283,0.0573
2025-08-01,CA,Search | Brand,paid_search,26374,2268,150.17,0.085994,0.0662
2025-08-02,CA,Search | Brand,paid_search,23200,2242,150.27,0.096638,0.067
2025-08-03,CA,Search | Brand,paid_search,26915,2588,185.67,0.096155,0.0717
2025-07-28,CA,Search | Nonbrand,paid_search,23597,1446,241.91,0.061279,0.1673
2025-07-29,CA,Search | Nonbrand,paid_search,26442,1385,253.01,0.052379,0.1827
2025-07-30,CA,Search | Nonbrand,paid_search,30887,1117,263.5,0.036164,0.2359
2025-07-31,CA,Search | Nonbrand,paid_search,31015,1229,251.26,0.039626,0.2044
2025-08-01,CA,Search | Nonbrand,paid_search,32945,1050,235.68,0.031871,0.2245
2025-08-02,CA,Search | Nonbrand,paid_search,25671,1051,237.68,0.040941,0.2261
2025-08-03,CA,Search | Nonbrand,paid_search,24553,1482,194.9,0.060359,0.1315
2025-07-28,CA,Shopping | Instruments,shopping,22381,1031,166.36,0.046066,0.1614
2025-07-29,CA,Shopping | Instruments,shopping,31810,711,150.14,0.022351,0.2112
2025-07-30,CA,Shopping | Instruments,shopping,31792,934,202.73,0.029378,0.2171
2025-07-31,CA,Shopping | Instruments,shopping,24030,665,180.21,0.027674,0.271
2025-08-01,CA,Shopping | Instruments,shopping,26117,833,208.17,0.031895,0.2499
2025-08-02,CA,Shopping | Instruments,shopping,24690,727,215.0,0.029445,0.2957
2025-08-03,CA,Shopping | Instruments,shopping,22898,969,200.17,0.042318,0.2066
2025-07-28,TX,Search | Brand,paid_search,26795,1905,120.66,0.071095,0.0633
2025-07-29,TX,Search | Brand,paid_search,25096,1936,123.65,0.077144,0.0639
2025-07-30,TX,Search | Brand,paid_search,21007,2335,138.19,0.111153,0.0592
2025-07-31,TX,Search | Brand,paid_search,26010,2450,147.71,0.094195,0.0603
2025-08-01,TX,Search | Brand,paid_search,25211,1956,166.94,0.077585,0.0853
2025-08-02,TX,Search | Brand,paid_search,18303,2360,120.17,0.128941,0.0509
2025-08-03,TX,Search | Brand,paid_search,26186,1781,160.6,0.068013,0.0902
2025-07-28,TX,Search | Nonbrand,paid_search,27546,1172,276.32,0.042547,0.2358
2025-07-29,TX,Search | Nonbrand,paid_search,33400,1189,180.36,0.035599,0.1517
2025-07-30,TX,Search | Nonbrand,paid_search,28964,1193,266.21,0.041189,0.2231
2025-07-31,TX,Search | Nonbrand,paid_search,23503,1198,200.84,0.050972,0.1676
2025-08-01,TX,Search | Nonbrand,paid_search,23719,1176,237.17,0.049581,0.2017
2025-08-02,TX,Search | Nonbrand,paid_search,24455,1173,261.78,0.047966,0.2232
2025-08-03,TX,Search | Nonbrand,paid_search,29526,1264,220.9,0.04281,0.1748
2025-07-28,TX,Shopping | Instruments,shopping,26283,762,209.43,0.028992,0.2748
2025-07-29,TX,Shopping | Instruments,shopping,24825,781,138.52,0.03146,0.1774
2025-07-30,TX,Shopping | Instruments,shopping,25110,920,153.5,0.036639,0.1669
2025-07-31,TX,Shopping | Instruments,shopping,26947,841,203.46,0.031209,0.2419
2025-08-01,TX,Shopping | Instruments,shopping,22230,906,155.49,0.040756,0.1716
2025-08-02,TX,Shopping | Instruments,shopping,25861,800,194.14,0.030935,0.2427
2025-08-03,TX,Shopping | Instruments,shopping,22740,771,198.22,0.033905,0.2571
2025-07-28,FL,Search | Brand,paid_search,16979,1612,109.21,0.094941,0.0677
2025-07-29,FL,Search | Brand,paid_search,18017,1488,110.47,0.082589,0.0742
2025-07-30,FL,Search | Brand,paid_search,18182,1439,105.81,0.079144,0.0735
2025-07-31,FL,Search | Brand,paid_search,18558,1739,100.97,0.093706,0.0581
2025-08-01,FL,Search | Brand,paid_search,19933,1587,119.89,0.079617,0.0755
2025-08-02,FL,Search | Brand,paid_search,21285,1542,103.5,0.072445,0.0671
2025-08-03,FL,Search | Brand,paid_search,16664,1556,101.94,0.093375,0.0655
2025-07-28,FL,Search | Nonbrand,paid_search,17036,893,160.7,0.052418,0.18
2025-07-29,FL,Search | Nonbrand,paid_search,19493,987,180.12,0.050634,0.1825
2025-07-30,FL,Search | Nonbrand,paid_search,18029,720,193.42,0.039936,0.2686
2025-07-31,FL,Search | Nonbrand,paid_search,20035,900,143.38,0.044921,0.1593
2025-08-01,FL,Search | Nonbrand,paid_search,22900,736,148.75,0.03214,0.2021
2025-08-02,FL,Search | Nonbrand,paid_search,17639,839,169.13,0.047565,0.2016
2025-08-03,FL,Search | Nonbrand,paid_search,22611,743,189.11,0.03286,0.2545
2025-07-28,FL,Shopping | Instruments,shopping,15936,639,178.86,0.040098,0.2799
2025-07-29,FL,Shopping | Instruments,shopping,22746,767,119.53,0.03372,0.1558
2025-07-30,FL,Shopping | Instruments,shopping,24341,704,178.11,0.028922,0.253
2025-07-31,FL,Shopping | Instruments,shopping,18117,749,124.67,0.041342,0.1664
2025-08-01,FL,Shopping | Instruments,shopping,22526,562,161.92,0.024949,0.2881
2025-08-02,FL,Shopping | Instruments,shopping,19262,732,167.64,0.038002,0.229
2025-08-03,FL,Shopping | Instruments,shopping,23637,652,124.54,0.027584,0.191
2025-07-28,NY,Search | Brand,paid_search,19045,1814,113.27,0.095248,0.0624
2025-07-29,NY,Search | Brand,paid_search,19749,1438,122.3,0.072814,0.085
2025-07-30,NY,Search | Brand,paid_search,19013,1714,121.4,0.090149,0.0708
2025-07-31,NY,Search | Brand,paid_search,19884,1833,115.6,0.092185,0.0631
2025-08-01,NY,Search | Brand,paid_search,21166,1684,128.3,0.079562,0.0762
2025-08-02,NY,Search | Brand,paid_search,22676,1646,107.92,0.072588,0.0656
2025-08-03,NY,Search | Brand,paid_search,20425,1385,114.57,0.067809,0.0827
2025-07-28,NY,Search | Nonbrand,paid_search,23310,801,206.29,0.034363,0.2575
2025-07-29,NY,Search | Nonbrand,paid_search,18715,1159,191.22,0.061929,0.165
2025-07-30,NY,Search | Nonbrand,paid_search,19688,1000,179.77,0.050792,0.1798
2025-07-31,NY,Search | Nonbrand,paid_search,23141,1024,178.68,0.04425,0.1745
2025-08-01,NY,Search | Nonbrand,paid_search,21915,1091,188.93,0.049783,0.1732
2025-08-02,NY,Search | Nonbrand,paid_search,21544,1117,154.39,0.051847,0.1382
2025-08-03,NY,Search | Nonbrand,paid_search,24467,844,214.64,0.034495,0.2543
2025-07-28,NY,Shopping | Instruments,shopping,18284,611,160.89,0.033417,0.2633
2025-07-29,NY,Shopping | Instruments,shopping,22016,545,117.01,0.024755,0.2147
2025-07-30,NY,Shopping | Instruments,shopping,18137,631,143.59,0.034791,0.2276
2025-07-31,NY,Shopping | Instruments,shopping,16606,610,125.27,0.036734,0.2054
2025-08-01,NY,Shopping | Instruments,shopping,15412,452,124.66,0.029328,0.2758
2025-08-02,NY,Shopping | Instruments,shopping,23391,541,164.7,0.023129,0.3044
2025-08-03,NY,Shopping | Instruments,shopping,18244,622,114.93,0.034093,0.1848
2025-08-04,CA,Search | Brand,paid_search,29178,3057,186.08,0.104771,0.0609
2025-08-05,CA,Search | Brand,paid_search,27211,2460,185.55,0.090405,0.0754
2025-08-06,CA,Search | Brand,paid_search,24447,2828,147.55,0.115679,0.0522
2025-08-07,CA,Search | Brand,paid_search,37843,3167,164.0,0.083688,0.0518
2025-08-08,CA,Search | Brand,paid_search,36459,3269,156.88,0.089662,0.048
2025-08-09,CA,Search | Brand,paid_search,25610,2499,204.96,0.097579,0.082
2025-08-10,CA,Search | Brand,paid_search,35243,2140,207.73,0.060721,0.0971
2025-08-04,CA,Search | Nonbrand,paid_search,37840,1927,379.31,0.050925,0.1968
2025-08-05,CA,Search | Nonbrand,paid_search,33622,1461,293.81,0.043454,0.2011
2025-08-06,CA,Search | Nonbrand,paid_search,33860,1300,263.09,0.038393,0.2024
2025-08-07,CA,Search | Nonbrand,paid_search,31605,1760,368.03,0.055687,0.2091
2025-08-08,CA,Search | Nonbrand,paid_search,46402,1404,277.54,0.030257,0.1977
2025-08-09,CA,Search | Nonbrand,paid_search,36042,1861,287.94,0.051634,0.1547
2025-08-10,CA,Search | Nonbrand,paid_search,43177,1714,388.19,0.039697,0.2265
2025-08-04,CA,Shopping | Instruments,shopping,40117,1443,283.83,0.03597,0.1967
2025-08-05,CA,Shopping | Instruments,shopping,44135,1001,253.87,0.02268,0.2536
2025-08-06,CA,Shopping | Instruments,shopping,30762,1062,256.28,0.034523,0.2413
2025-08-07,CA,Shopping | Instruments,shopping,42259,1331,236.12,0.031496,0.1774
2025-08-08,CA,Shopping | Instruments,shopping,36781,1391,326.09,0.037818,0.2344
2025-08-09,CA,Shopping | Instruments,shopping,35405,1204,301.03,0.034006,0.25
2025-08-10,CA,Shopping | Instruments,shopping,41154,1275,291.19,0.030981,0.2284
2025-08-04,TX,Search | Brand,paid_search,23592,2673,146.73,0.113301,0.0549
2025-08-05,TX,Search | Brand,paid_search,27882,2081,173.51,0.074636,0.0834
2025-08-06,TX,Search | Brand,paid_search,25377,2189,168.72,0.086259,0.0771
2025-08-07,TX,Search | Brand,paid_search,25165,1999,130.4,0.079436,0.0652
2025-08-08,TX,Search | Brand,paid_search,28238,2464,161.24,0.087258,0.0654
2025-08-09,TX,Search | Brand,paid_search,20923,2147,113.49,0.102614,0.0529
2025-08-10,TX,Search | Brand,paid_search,22768,2334,114.79,0.102512,0.0492
2025-08-04,TX,Search | Nonbrand,paid_search,24092,1239,218.91,0.051428,0.1767
2025-08-05,TX,Search | Nonbrand,paid_search,29641,1373,268.92,0.046321,0.1959
2025-08-06,TX,Search | Nonbrand,paid_search,28815,1193,235.74,0.041402,0.1976
2025-08-07,TX,Search | Nonbrand,paid_search,25473,1326,270.3,0.052055,0.2038
2025-08-08,TX,Search | Nonbrand,paid_search,29380,1294,208.78,0.044044,0.1613
2025-08-09,TX,Search | Nonbrand,paid_search,26862,973,190.27,0.036222,0.1955
2025-08-10,TX,Search | Nonbrand,paid_search,25176,1207,236.26,0.047942,0.1957
2025-08-04,TX,Shopping | Instruments,shopping,23768,947,218.33,0.039843,0.2305
2025-08-05,TX,Shopping | Instruments,shopping,31502,1125,220.49,0.035712,0.196
2025-08-06,TX,Shopping | Instruments,shopping,23998,1030,232.88,0.04292,0.2261
2025-08-07,TX,Shopping | Instruments,shopping,34432,1063,174.22,0.030872,0.1639
2025-08-08,TX,Shopping | Instruments,shopping,26003,785,201.91,0.030189,0.2572
2025-08-09,TX,Shopping | Instruments,shopping,34610,907,201.01,0.026206,0.2216
2025-08-10,TX,Shopping | Instruments,shopping,31848,912,235.51,0.028636,0.2582
2025-08-04,FL,Search | Brand,paid_search,21591,2454,125.87,0.113658,0.0513
2025-08-05,FL,Search | Brand,paid_search,21596,2142,129.32,0.099185,0.0604
2025-08-06,FL,Search | Brand,paid_search,22195,2278,160.58,0.102636,0.0705
2025-08-07,FL,Search | Brand,paid_search,29731,1921,168.14,0.064613,0.0875
2025-08-08,FL,Search | Brand,paid_search,26881,1874,167.91,0.069715,0.0896
2025-08-09,FL,Search | Brand,paid_search,25132,1952,114.82,0.07767,0.0588
2025-08-10,FL,Search | Brand,paid_search,27540,2232,146.42,0.081046,0.0656
2025-08-04,FL,Search | Nonbrand,paid_search,27314,1110,209.72,0.040639,0.1889
2025-08-05,FL,Search | Nonbrand,paid_search,24262,948,221.97,0.039073,0.2341
2025-08-06,FL,Search | Nonbrand,paid_search,26646,1051,190.0,0.039443,0.1808
2025-08-07,FL,Search | Nonbrand,paid_search,21318,788,210.45,0.036964,0.2671
2025-08-08,FL,Search | Nonbrand,paid_search,22542,856,195.91,0.037974,0.2289
2025-08-09,FL,Search | Nonbrand,paid_search,23416,820,176.7,0.035019,0.2155
2025-08-10,FL,Search | Nonbrand,paid_search,20212,1105,220.37,0.05467,0.1994
2025-08-04,FL,Shopping | Instruments,shopping,26167,737,180.25,0.028165,0.2446
2025-08-05,FL,Shopping | Instruments,shopping,26925,851,163.76,0.031606,0.1924
2025-08-06,FL,Shopping | Instruments,shopping,29947,784,172.43,0.02618,0.2199
2025-08-07,FL,Shopping | Instruments,shopping,27382,939,161.07,0.034293,0.1715
2025-08-08,FL,Shopping | Instruments,shopping,21556,642,187.7,0.029783,0.2924
2025-08-09,FL,Shopping | Instruments,shopping,28115,806,209.91,0.028668,0.2604
2025-08-10,FL,Shopping | Instruments,shopping,22327,823,238.3,0.036861,0.2895
2025-08-04,NY,Search | Brand,paid_search,17695,1973,157.64,0.1115,0.0799
2025-08-05,NY,Search | Brand,paid_search,25839,1956,114.83,0.0757,0.0587
2025-08-06,NY,Search | Brand,paid_search,22011,1855,139.6,0.084276,0.0753
2025-08-07,NY,Search | Brand,paid_search,23720,1952,110.15,0.082293,0.0564
2025-08-08,NY,Search | Brand,paid_search,25949,1708,140.52,0.065821,0.0823
2025-08-09,NY,Search | Brand,paid_search,23455,1968,115.2,0.083905,0.0585
2025-08-10,NY,Search | Brand,paid_search,24213,1876,166.78,0.077479,0.0889
2025-08-04,NY,Search | Nonbrand,paid_search,25477,1100,204.21,0.043176,0.1856
2025-08-05,NY,Search | Nonbrand,paid_search,25638,956,197.3,0.037288,0.2064
2025-08-06,NY,Search | Nonbrand,paid_search,29363,1457,290.84,0.04962,0.1996
2025-08-07,NY,Search | Nonbrand,paid_search,32574,1025,226.24,0.031467,0.2207
2025-08-08,NY,Search | Nonbrand,paid_search,33053,1458,205.24,0.044111,0.1408
2025-08-09,NY,Search | Nonbrand,paid_search,21718,1201,303.91,0.0553,0.2531
2025-08-10,NY,Search | Nonbrand,paid_search,25616,1321,235.82,0.051569,0.1785
2025-08-04,NY,Shopping | Instruments,shopping,29733,748,195.98,0.025157,0.262
2025-08-05,NY,Shopping | Instruments,shopping,29405,843,179.66,0.028669,0.2131
2025-08-06,NY,Shopping | Instruments,shopping,24221,714,184.92,0.029479,0.259
2025-08-07,NY,Shopping | Instruments,shopping,26160,850,231.93,0.032492,0.2729
2025-08-08,NY,Shopping | Instruments,shopping,23790,1036,167.37,0.043548,0.1616
2025-08-09,NY,Shopping | Instruments,shopping,26589,977,192.82,0.036745,0.1974
2025-08-10,NY,Shopping | Instruments,shopping,27545,840,196.92,0.030496,0.2344
2025-08-11,CA,Search | Brand,paid_search,37139,2260,150.47,0.060852,0.0666
2025-08-12,CA,Search | Brand,paid_search,26611,2478,184.71,0.093119,0.0745
2025-08-13,CA,Search | Brand,paid_search,27183,2348,211.08,0.086378,0.0899
2025-08-14,CA,Search | Brand,paid_search,35733,2378,166.83,0.066549,0.0702
2025-08-15,CA,Search | Brand,paid_search,29892,2430,185.35,0.081293,0.0763
2025-08-16,CA,Search | Brand,paid_search,30948,3132,188.24,0.101202,0.0601
2025-08-17,CA,Search | Brand,paid_search,33914,2745,197.55,0.08094,0.072
2025-08-11,CA,Search | Nonbrand,paid_search,32883,1176,203.84,0.035763,0.1733
2025-08-12,CA,Search | Nonbrand,paid_search,26308,1292,283.34,0.049111,0.2193
2025-08-13,CA,Search | Nonbrand,paid_search,33580,1273,199.37,0.037909,0.1566
2025-08-14,CA,Search | Nonbrand,paid_search,25509,1085,249.14,0.042534,0.2296
2025-08-15,CA,Search | Nonbrand,paid_search,29405,950,271.71,0.032307,0.286
2025-08-16,CA,Search | Nonbrand,paid_search,24116,1260,253.94,0.052247,0.2015
2025-08-17,CA,Search | Nonbrand,paid_search,28622,925,262.28,0.032318,0.2836
2025-08-11,CA,Shopping | Instruments,shopping,29740,1122,267.64,0.037727,0.2385
2025-08-12,CA,Shopping | Instruments,shopping,33317,1002,190.72,0.030075,0.1903
2025-08-13,CA,Shopping | Instruments,shopping,33874,1064,231.39,0.031411,0.2175
2025-08-14,CA,Shopping | Instruments,shopping,26583,1011,251.77,0.038032,0.249
2025-08-15,CA,Shopping | Instruments,shopping,33083,970,205.38,0.02932,0.2117
2025-08-16,CA,Shopping | Instruments,shopping,30765,871,194.33,0.028311,0.2231
2025-08-17,CA,Shopping | Instruments,shopping,29565,1006,220.64,0.034027,0.2193
2025-08-11,TX,Search | Brand,paid_search,25342,2285,142.6,0.090167,0.0624
2025-08-12,TX,Search | Brand,paid_search,28546,2423,181.46,0.084881,0.0749
2025-08-13,TX,Search | Brand,paid_search,22374,2439,169.18,0.10901,0.0694
2025-08-14,TX,Search | Brand,paid_search,24132,2306,144.47,0.095558,0.0627
2025-08-15,TX,Search | Brand,paid_search,27154,2597,126.95,0.09564,0.0489
2025-08-16,TX,Search | Brand,paid_search,27941,1694,163.78,0.060628,0.0967
2025-08-17,TX,Search | Brand,paid_search,27297,1789,131.71,0.065538,0.0736
2025-08-11,TX,Search | Nonbrand,paid_search,22893,886,190.68,0.038702,0.2152
2025-08-12,TX,Search | Nonbrand,paid_search,22107,956,241.66,0.043244,0.2528
2025-08-13,TX,Search | Nonbrand,paid_search,20594,1292,209.02,0.062737,0.1618
2025-08-14,TX,Search | Nonbrand,paid_search,27511,923,209.8,0.03355,0.2273
2025-08-15,TX,Search | Nonbrand,paid_search,21490,1111,247.23,0.051698,0.2225
2025-08-16,TX,Search | Nonbrand,paid_search,29818,952,204.55,0.031927,0.2149
2025-08-17,TX,Search | Nonbrand,paid_search,28177,1280,181.32,0.045427,0.1417
2025-08-11,TX,Shopping | Instruments,shopping,29443,1050,204.43,0.035662,0.1947
2025-08-12,TX,Shopping | Instruments,shopping,24995,1054,177.27,0.042168,0.1682
2025-08-13,TX,Shopping | Instruments,shopping,35164,1103,214.39,0.031367,0.1944
2025-08-14,TX,Shopping | Instruments,shopping,27548,894,180.05,0.032452,0.2014
2025-08-15,TX,Shopping | Instruments,shopping,26386,903,201.95,0.034223,0.2236
2025-08-16,TX,Shopping | Instruments,shopping,23703,735,214.0,0.031009,0.2912
2025-08-17,TX,Shopping | Instruments,shopping,28133,727,214.57,0.025842,0.2951
2025-08-11,FL,Search | Brand,paid_search,21228,1886,104.21,0.088845,0.0553
2025-08-12,FL,Search | Brand,paid_search,22846,1648,143.29,0.072135,0.0869
2025-08-13,FL,Search | Brand,paid_search,26897,1959,155.49,0.072833,0.0794
2025-08-14,FL,Search | Brand,paid_search,21183,2102,128.18,0.099231,0.061
2025-08-15,FL,Search | Brand,paid_search,19110,1883,154.04,0.098535,0.0818
2025-08-16,FL,Search | Brand,paid_search,19579,2134,132.92,0.108994,0.0623
2025-08-17,FL,Search | Brand,paid_search,28555,1823,106.38,0.063842,0.0584
2025-08-11,FL,Search | Nonbrand,paid_search,17603,1036,183.92,0.058854,0.1775
2025-08-12,FL,Search | Nonbrand,paid_search,23596,970,186.43,0.041109,0.1922
2025-08-13,FL,Search | Nonbrand,paid_search,22559,831,178.3,0.036837,0.2146
2025-08-14,FL,Search | Nonbrand,paid_search,24039,1063,203.31,0.04422,0.1913
2025-08-15,FL,Search | Nonbrand,paid_search,24155,869,143.59,0.035976,0.1652
2025-08-16,FL,Search | Nonbrand,paid_search,18676,1072,201.89,0.0574,0.1883
2025-08-17,FL,Search | Nonbrand,paid_search,18048,1032,181.17,0.057181,0.1755
2025-08-11,FL,Shopping | Instruments,shopping,19957,562,165.95,0.028161,0.2953
2025-08-12,FL,Shopping | Instruments,shopping,22134,723,181.42,0.032665,0.2509
2025-08-13,FL,Shopping | Instruments,shopping,24506,666,149.01,0.027177,0.2237
2025-08-14,FL,Shopping | Instruments,shopping,21385,732,138.38,0.03423,0.189
2025-08-15,FL,Shopping | Instruments,shopping,16977,752,172.9,0.044295,0.2299
2025-08-16,FL,Shopping | Instruments,shopping,24066,808,180.15,0.033574,0.223
2025-08-17,FL,Shopping | Instruments,shopping,25399,834,124.03,0.032836,0.1487
2025-08-11,NY,Search | Brand,paid_search,25986,1691,109.12,0.065074,0.0645
2025-08-12,NY,Search | Brand,paid_search,19143,1907,154.49,0.099619,0.081
2025-08-13,NY,Search | Brand,paid_search,21706,1727,143.36,0.079563,0.083
2025-08-14,NY,Search | Brand,paid_search,21279,2161,137.3,0.101556,0.0635
2025-08-15,NY,Search | Brand,paid_search,20669,2020,119.12,0.097731,0.059
2025-08-16,NY,Search | Brand,paid_search,21898,2231,117.85,0.101881,0.0528
2025-08-17,NY,Search | Brand,paid_search,23619,2288,113.7,0.096871,0.0497
2025-08-11,NY,Search | Nonbrand,paid_search,27695,1265,243.37,0.045676,0.1924
2025-08-12,NY,Search | Nonbrand,paid_search,29206,1139,269.87,0.038999,0.2369
2025-08-13,NY,Search | Nonbrand,paid_search,30850,1048,178.64,0.033971,0.1705
2025-08-14,NY,Search | Nonbrand,paid_search,24058,1060,254.48,0.04406,0.2401
2025-08-15,NY,Search | Nonbrand,paid_search,26168,1140,205.48,0.043565,0.1802
2025-08-16,NY,Search | Nonbrand,paid_search,25658,1555,191.56,0.060605,0.1232
2025-08-17,NY,Search | Nonbrand,paid_search,23183,1304,263.23,0.056248,0.2019
2025-08-11,NY,Shopping | Instruments,shopping,27549,665,195.93,0.024139,0.2946
2025-08-12,NY,Shopping | Instruments,shopping,26240,691,188.08,0.026334,0.2722
2025-08-13,NY,Shopping | Instruments,shopping,25678,886,151.39,0.034504,0.1709
2025-08-14,NY,Shopping | Instruments,shopping,19479,731,189.74,0.037528,0.2596
2025-08-15,NY,Shopping | Instruments,shopping,21435,860,140.77,0.040121,0.1637
2025-08-16,NY,Shopping | Instruments,shopping,26795,942,164.2,0.035156,0.1743
2025-08-17,NY,Shopping | Instruments,shopping,20299,691,175.7,0.034041,0.2543
2025-08-18,CA,Search | Brand,paid_search,31713,2977,159.86,0.093873,0.0537
2025-08-19,CA,Search | Brand,paid_search,27095,2707,173.14,0.099908,0.064
2025-08-20,CA,Search | Brand,paid_search,30458,2370,182.93,0.077812,0.0772
2025-08-21,CA,Search | Brand,paid_search,33117,3049,167.93,0.092068,0.0551
2025-08-22,CA,Search | Brand,paid_search,25140,2577,170.62,0.102506,0.0662
2025-08-23,CA,Search | Brand,paid_search,30430,2277,171.32,0.074827,0.0752
2025-08-24,CA,Search | Brand,paid_search,28063,2769,169.11,0.098671,0.0611
2025-08-18,CA,Search | Nonbrand,paid_search,32572,1163,252.1,0.035706,0.2168
2025-08-19,CA,Search | Nonbrand,paid_search,31585,1008,239.26,0.031914,0.2374
2025-08-20,CA,Search | Nonbrand,paid_search,32718,1364,219.99,0.04169,0.1613
2025-08-21,CA,Search | Nonbrand,paid_search,22972,1107,264.5,0.048189,0.2389
2025-08-22,CA,Search | Nonbrand,paid_search,28792,1229,314.91,0.042685,0.2562
2025-08-23,CA,Search | Nonbrand,paid_search,23848,1029,230.82,0.043148,0.2243
2025-08-24,CA,Search | Nonbrand,paid_search,29092,1211,212.01,0.041627,0.1751
2025-08-18,CA,Shopping | Instruments,shopping,33402,927,235.15,0.027753,0.2537
2025-08-19,CA,Shopping | Instruments,shopping,26102,982,183.91,0.037622,0.1873
2025-08-20,CA,Shopping | Instruments,shopping,26620,996,218.29,0.037415,0.2192
2025-08-21,CA,Shopping | Instruments,shopping,25270,844,224.03,0.033399,0.2654
2025-08-22,CA,Shopping | Instruments,shopping,25636,1016,214.29,0.039632,0.2109
2025-08-23,CA,Shopping | Instruments,shopping,33223,888,205.57,0.026728,0.2315
2025-08-24,CA,Shopping | Instruments,shopping,32850,954,181.11,0.029041,0.1898
2025-08-18,TX,Search | Brand,paid_search,26750,2236,158.04,0.083589,0.0707
2025-08-19,TX,Search | Brand,paid_search,24221,2224,108.44,0.091821,0.0488
2025-08-20,TX,Search | Brand,paid_search,19475,1669,128.24,0.0857,0.0768
2025-08-21,TX,Search | Brand,paid_search,27378,2345,108.08,0.085653,0.0461
2025-08-22,TX,Search | Brand,paid_search,19352,1751,144.72,0.090482,0.0826
2025-08-23,TX,Search | Brand,paid_search,21944,1803,126.83,0.082164,0.0703
2025-08-24,TX,Search | Brand,paid_search,20848,1882,153.47,0.090272,0.0815
2025-08-18,TX,Search | Nonbrand,paid_search,25807,1233,247.68,0.047778,0.2009
2025-08-19,TX,Search | Nonbrand,paid_search,26352,848,169.95,0.03218,0.2004
2025-08-20,TX,Search | Nonbrand,paid_search,25415,1160,228.2,0.045642,0.1967
2025-08-21,TX,Search | Nonbrand,paid_search,20861,1246,238.15,0.059729,0.1911
2025-08-22,TX,Search | Nonbrand,paid_search,21241,888,233.67,0.041806,0.2631
2025-08-23,TX,Search | Nonbrand,paid_search,22604,958,164.47,0.042382,0.1717
2025-08-24,TX,Search | Nonbrand,paid_search,25348,1027,159.47,0.040516,0.1553
2025-08-18,TX,Shopping | Instruments,shopping,23204,865,213.92,0.037278,0.2473
2025-08-19,TX,Shopping | Instruments,shopping,23743,958,180.18,0.040349,0.1881
2025-08-20,TX,Shopping | Instruments,shopping,28061,857,202.91,0.030541,0.2368
2025-08-21,TX,Shopping | Instruments,shopping,22242,958,163.34,0.043072,0.1705
2025-08-22,TX,Shopping | Instruments,shopping,31081,780,149.53,0.025096,0.1917
2025-08-23,TX,Shopping | Instruments,shopping,25323,915,215.75,0.036133,0.2358
2025-08-24,TX,Shopping | Instruments,shopping,27202,706,176.53,0.025954,0.25
2025-08-18,FL,Search | Brand,paid_search,18344,1361,101.81,0.074193,0.0748
2025-08-19,FL,Search | Brand,paid_search,18374,1557,141.0,0.084739,0.0906
2025-08-20,FL,Search | Brand,paid_search,15523,1467,95.28,0.094505,0.0649
2025-08-21,FL,Search | Brand,paid_search,17016,1595,101.01,0.093735,0.0633
2025-08-22,FL,Search | Brand,paid_search,20945,1703,96.75,0.081308,0.0568
2025-08-23,FL,Search | Brand,paid_search,18753,1889,96.87,0.100731,0.0513
2025-08-24,FL,Search | Brand,paid_search,21242,1369,122.41,0.064448,0.0894
2025-08-18,FL,Search | Nonbrand,paid_search,20223,650,164.72,0.032142,0.2534
2025-08-19,FL,Search | Nonbrand,paid_search,21436,787,147.14,0.036714,0.187
2025-08-20,FL,Search | Nonbrand,paid_search,15643,741,201.07,0.047369,0.2713
2025-08-21,FL,Search | Nonbrand,paid_search,20415,871,158.9,0.042665,0.1824
2025-08-22,FL,Search | Nonbrand,paid_search,21738,981,188.59,0.045128,0.1922
2025-08-23,FL,Search | Nonbrand,paid_search,18579,820,136.37,0.044136,0.1663
2025-08-24,FL,Search | Nonbrand,paid_search,21648,803,204.51,0.037093,0.2547
2025-08-18,FL,Shopping | Instruments,shopping,29386,695,195.53,0.023651,0.2813
2025-08-19,FL,Shopping | Instruments,shopping,20371,663,171.22,0.032546,0.2582
2025-08-20,FL,Shopping | Instruments,shopping,24942,634,156.45,0.025419,0.2468
2025-08-21,FL,Shopping | Instruments,shopping,20247,629,148.78,0.031066,0.2365
2025-08-22,FL,Shopping | Instruments,shopping,22992,912,179.28,0.039666,0.1966
2025-08-23,FL,Shopping | Instruments,shopping,24387,943,170.37,0.038668,0.1807
2025-08-24,FL,Shopping | Instruments,shopping,25970,686,190.1,0.026415,0.2771
2025-08-18,NY,Search | Brand,paid_search,20227,1670,109.36,0.082563,0.0655
2025-08-19,NY,Search | Brand,paid_search,16165,1721,100.39,0.106465,0.0583
2025-08-20,NY,Search | Brand,paid_search,16582,1655,117.64,0.099807,0.0711
2025-08-21,NY,Search | Brand,paid_search,22238,1764,97.07,0.079324,0.055
2025-08-22,NY,Search | Brand,paid_search,21078,2026,96.96,0.096119,0.0479
2025-08-23,NY,Search | Brand,paid_search,22891,2047,140.15,0.089424,0.0685
2025-08-24,NY,Search | Brand,paid_search,16481,1542,125.3,0.093562,0.0813
2025-08-18,NY,Search | Nonbrand,paid_search,25269,992,162.11,0.039258,0.1634
2025-08-19,NY,Search | Nonbrand,paid_search,19857,875,214.04,0.044065,0.2446
2025-08-20,NY,Search | Nonbrand,paid_search,17451,1124,215.57,0.064409,0.1918
2025-08-21,NY,Search | Nonbrand,paid_search,26597,1049,204.92,0.039441,0.1954
2025-08-22,NY,Search | Nonbrand,paid_search,26619,1182,238.21,0.044404,0.2015
2025-08-23,NY,Search | Nonbrand,paid_search,23521,955,225.21,0.040602,0.2358
2025-08-24,NY,Search | Nonbrand,paid_search,25435,1112,156.78,0.043719,0.141
2025-08-18,NY,Shopping | Instruments,shopping,22432,679,150.14,0.030269,0.2211
2025-08-19,NY,Shopping | Instruments,shopping,23018,735,136.44,0.031932,0.1856
2025-08-20,NY,Shopping | Instruments,shopping,19930,676,155.86,0.033919,0.2306
2025-08-21,NY,Shopping | Instruments,shopping,30057,593,209.32,0.019729,0.353
2025-08-22,NY,Shopping | Instruments,shopping,26710,857,181.63,0.032085,0.2119
2025-08-23,NY,Shopping | Instruments,shopping,25023,740,194.75,0.029573,0.2632
2025-08-24,NY,Shopping | Instruments,shopping,20316,828,177.75,0.040756,0.2147
2025-08-25,CA,Search | Brand,paid_search,27282,2564,208.06,0.093981,0.0811
2025-08-26,CA,Search | Brand,paid_search,34528,2377,197.48,0.068843,0.0831
2025-08-27,CA,Search | Brand,paid_search,28162,3063,158.81,0.108764,0.0518
2025-08-28,CA,Search | Brand,paid_search,31347,2614,177.47,0.083389,0.0679
2025-08-29,CA,Search | Brand,paid_search,39096,2533,208.98,0.064789,0.0825
2025-08-30,CA,Search | Brand,paid_search,25577,3420,194.55,0.133714,0.0569
2025-08-31,CA,Search | Brand,paid_search,37860,3313,152.99,0.087507,0.0462
2025-08-25,CA,Search | Nonbrand,paid_search,33638,1266,250.34,0.037636,0.1977
2025-08-26,CA,Search | Nonbrand,paid_search,30455,1337,303.5,0.043901,0.227
2025-08-27,CA,Search | Nonbrand,paid_search,37445,1136,299.95,0.030338,0.264
2025-08-28,CA,Search | Nonbrand,paid_search,34983,1606,307.83,0.045908,0.1917
2025-08-29,CA,Search | Nonbrand,paid_search,24560,1543,235.6,0.062826,0.1527
2025-08-30,CA,Search | Nonbrand,paid_search,34328,1202,258.41,0.035015,0.215
2025-08-31,CA,Search | Nonbrand,paid_search,34531,1607,321.86,0.046538,0.2003
2025-08-25,CA,Shopping | Instruments,shopping,31362,875,237.96,0.0279,0.272
2025-08-26,CA,Shopping | Instruments,shopping,30977,1029,264.34,0.033218,0.2569
2025-08-27,CA,Shopping | Instruments,shopping,28250,1117,245.46,0.03954,0.2198
2025-08-28,CA,Shopping | Instruments,shopping,34132,824,173.01,0.024142,0.21
2025-08-29,CA,Shopping | Instruments,shopping,35618,744,259.38,0.020888,0.3486
2025-08-30,CA,Shopping | Instruments,shopping,35322,1111,183.27,0.031453,0.165
2025-08-31,CA,Shopping | Instruments,shopping,30143,956,262.36,0.031715,0.2744
2025-08-25,TX,Search | Brand,paid_search,25499,1672,107.41,0.065571,0.0642
2025-08-26,TX,Search | Brand,paid_search,24148,2177,157.8,0.090152,0.0725
2025-08-27,TX,Search | Brand,paid_search,23697,2368,161.89,0.099928,0.0684
2025-08-28,TX,Search | Brand,paid_search,24289,1736,110.27,0.071473,0.0635
2025-08-29,TX,Search | Brand,paid_search,22665,1574,151.48,0.069446,0.0962
2025-08-30,TX,Search | Brand,paid_search,22400,1715,117.03,0.076563,0.0682
2025-08-31,TX,Search | Brand,paid_search,21084,2147,144.06,0.101831,0.0671
2025-08-25,TX,Search | Nonbrand,paid_search,26027,989,218.13,0.037999,0.2206
2025-08-26,TX,Search | Nonbrand,paid_search,20726,1195,247.83,0.057657,0.2074
2025-08-27,TX,Search | Nonbrand,paid_search,25852,817,195.66,0.031603,0.2395
2025-08-28,TX,Search | Nonbrand,paid_search,22991,1171,185.98,0.050933,0.1588
2025-08-29,TX,Search | Nonbrand,paid_search,25514,986,188.85,0.038645,0.1915
2025-08-30,TX,Search | Nonbrand,paid_search,28110,1222,250.41,0.043472,0.2049
2025-08-31,TX,Search | Nonbrand,paid_search,27888,833,236.26,0.029869,0.2836
2025-08-25,TX,Shopping | Instruments,shopping,28404,834,182.75,0.029362,0.2191
2025-08-26,TX,Shopping | Instruments,shopping,28852,773,193.79,0.026792,0.2507
2025-08-27,TX,Shopping | Instruments,shopping,22060,880,186.56,0.039891,0.212
2025-08-28,TX,Shopping | Instruments,shopping,27831,698,182.05,0.02508,0.2608
2025-08-29,TX,Shopping | Instruments,shopping,29186,865,210.03,0.029637,0.2428
2025-08-30,TX,Shopping | Instruments,shopping,20650,860,203.76,0.041646,0.2369
2025-08-31,TX,Shopping | Instruments,shopping,28998,936,180.12,0.032278,0.1924
2025-08-25,FL,Search | Brand,paid_search,22140,1770,100.2,0.079946,0.0566
2025-08-26,FL,Search | Brand,paid_search,19174,1849,144.89,0.096433,0.0784
2025-08-27,FL,Search | Brand,paid_search,24393,2069,129.29,0.084819,0.0625
2025-08-28,FL,Search | Brand,paid_search,21108,2050,116.44,0.09712,0.0568
2025-08-29,FL,Search | Brand,paid_search,25101,2019,130.28,0.080435,0.0645
2025-08-30,FL,Search | Brand,paid_search,18589,1703,138.77,0.091613,0.0815
2025-08-31,FL,Search | Brand,paid_search,20488,1358,115.89,0.066283,0.0853
2025-08-25,FL,Search | Nonbrand,paid_search,20862,952,248.39,0.045633,0.2609
2025-08-26,FL,Search | Nonbrand,paid_search,25611,1250,191.12,0.048807,0.1529
2025-08-27,FL,Search | Nonbrand,paid_search,22674,984,195.0,0.043398,0.1982
2025-08-28,FL,Search | Nonbrand,paid_search,22300,1033,188.04,0.046323,0.182
2025-08-29,FL,Search | Nonbrand,paid_search,23619,1285,215.68,0.054405,0.1678
2025-08-30,FL,Search | Nonbrand,paid_search,27416,1056,215.72,0.038518,0.2043
2025-08-31,FL,Search | Nonbrand,paid_search,29183,967,222.37,0.033136,0.23
2025-08-25,FL,Shopping | Instruments,shopping,21763,643,167.19,0.029546,0.26
2025-08-26,FL,Shopping | Instruments,shopping,21648,655,144.4,0.030257,0.2205
2025-08-27,FL,Shopping | Instruments,shopping,24606,646,144.48,0.026254,0.2236
2025-08-28,FL,Shopping | Instruments,shopping,22589,589,166.55,0.026075,0.2828
2025-08-29,FL,Shopping | Instruments,shopping,21633,652,138.58,0.030139,0.2125
2025-08-30,FL,Shopping | Instruments,shopping,17794,601,184.41,0.033775,0.3068
2025-08-31,FL,Shopping | Instruments,shopping,19699,742,132.46,0.037667,0.1785
2025-08-25,NY,Search | Brand,paid_search,18558,1616,146.78,0.087078,0.0908
2025-08-26,NY,Search | Brand,paid_search,17865,2102,130.04,0.11766,0.0619
2025-08-27,NY,Search | Brand,paid_search,25135,1901,96.52,0.075632,0.0508
2025-08-28,NY,Search | Brand,paid_search,24314,1531,134.71,0.062968,0.088
2025-08-29,NY,Search | Brand,paid_search,17326,2117,115.16,0.122186,0.0544
2025-08-30,NY,Search | Brand,paid_search,17893,1567,108.32,0.087576,0.0691
2025-08-31,NY,Search | Brand,paid_search,23639,1969,107.9,0.083295,0.0548
2025-08-25,NY,Search | Nonbrand,paid_search,23650,1069,162.9,0.045201,0.1524
2025-08-26,NY,Search | Nonbrand,paid_search,21925,889,203.21,0.040547,0.2286
2025-08-27,NY,Search | Nonbrand,paid_search,19598,1150,218.82,0.058679,0.1903
2025-08-28,NY,Search | Nonbrand,paid_search,23963,903,181.56,0.037683,0.2011
2025-08-29,NY,Search | Nonbrand,paid_search,22360,1003,147.77,0.044857,0.1473
2025-08-30,NY,Search | Nonbrand,paid_search,16672,845,219.06,0.050684,0.2592
2025-08-31,NY,Search | Nonbrand,paid_search,24277,981,177.7,0.040409,0.1811
2025-08-25,NY,Shopping | Instruments,shopping,22233,678,175.44,0.030495,0.2588
2025-08-26,NY,Shopping | Instruments,shopping,26542,843,146.15,0.031761,0.1734
2025-08-27,NY,Shopping | Instruments,shopping,28093,970,168.69,0.034528,0.1739
2025-08-28,NY,Shopping | Instruments,shopping,29804,832,186.46,0.027916,0.2241
2025-08-29,NY,Shopping | Instruments,shopping,23600,768,174.03,0.032542,0.2266
2025-08-30,NY,Shopping | Instruments,shopping,23223,763,225.76,0.032855,0.2959
2025-08-31,NY,Shopping | Instruments,shopping,24412,884,204.39,0.036212,0.2312
2025-09-01,CA,Search | Brand,paid_search,33273,2716,160.53,0.081628,0.0591
2025-09-02,CA,Search | Brand,paid_search,32412,2726,183.96,0.084105,0.0675
2025-09-03,CA,Search | Brand,paid_search,29174,2765,139.96,0.094776,0.0506
2025-09-04,CA,Search | Brand,paid_search,31556,2090,136.67,0.066231,0.0654
2025-09-05,CA,Search | Brand,paid_search,29678,2287,203.72,0.07706,0.0891
2025-09-06,CA,Search | Brand,paid_search,27283,2068,202.52,0.075798,0.0979
2025-09-07,CA,Search | Brand,paid_search,27288,2404,194.47,0.088097,0.0809
2025-09-01,CA,Search | Nonbrand,paid_search,29587,1737,289.99,0.058708,0.1669
2025-09-02,CA,Search | Nonbrand,paid_search,28766,1712,299.63,0.059515,0.175
2025-09-03,CA,Search | Nonbrand,paid_search,40627,1340,307.2,0.032983,0.2293
2025-09-04,CA,Search | Nonbrand,paid_search,38447,1296,310.65,0.033709,0.2397
2025-09-05,CA,Search | Nonbrand,paid_search,31723,1322,293.61,0.041673,0.2221
2025-09-06,CA,Search | Nonbrand,paid_search,35054,1505,296.86,0.042934,0.1972
2025-09-07,CA,Search | Nonbrand,paid_search,34420,1281,254.24,0.037217,0.1985
2025-09-01,CA,Shopping | Instruments,shopping,26786,834,183.86,0.031136,0.2205
2025-09-02,CA,Shopping | Instruments,shopping,23287,1161,183.4,0.049856,0.158
2025-09-03,CA,Shopping | Instruments,shopping,31261,1100,181.04,0.035188,0.1646
2025-09-04,CA,Shopping | Instruments,shopping,32725,1004,257.38,0.03068,0.2564
2025-09-05,CA,Shopping | Instruments,shopping,28520,1068,239.69,0.037447,0.2244
2025-09-06,CA,Shopping | Instruments,shopping,33654,935,211.46,0.027783,0.2262
2025-09-07,CA,Shopping | Instruments,shopping,31446,980,238.47,0.031165,0.2433
2025-09-01,TX,Search | Brand,paid_search,20383,2033,127.71,0.09974,0.0628
2025-09-02,TX,Search | Brand,paid_search,28068,1956,135.06,0.069688,0.0691
2025-09-03,TX,Search | Brand,paid_search,22941,1804,150.45,0.078637,0.0834
2025-09-04,TX,Search | Brand,paid_search,27362,2250,157.16,0.082231,0.0698
2025-09-05,TX,Search | Brand,paid_search,23728,2013,118.84,0.084836,0.059
2025-09-06,TX,Search | Brand,paid_search,25565,1941,166.15,0.075924,0.0856
2025-09-07,TX,Search | Brand,paid_search,19894,2116,118.68,0.106364,0.0561
2025-09-01,TX,Search | Nonbrand,paid_search,24468,1045,194.96,0.042709,0.1866
2025-09-02,TX,Search | Nonbrand,paid_search,22943,986,234.94,0.042976,0.2383
2025-09-03,TX,Search | Nonbrand,paid_search,26411,1166,203.41,0.044148,0.1745
2025-09-04,TX,Search | Nonbrand,paid_search,23326,868,166.04,0.037212,0.1913
2025-09-05,TX,Search | Nonbrand,paid_search,20007,869,197.28,0.043435,0.227
2025-09-06,TX,Search | Nonbrand,paid_search,24331,899,220.29,0.036949,0.245
2025-09-07,TX,Search | Nonbrand,paid_search,25486,1073,219.03,0.042102,0.2041
2025-09-01,TX,Shopping | Instruments,shopping,21089,786,169.88,0.037271,0.2161
2025-09-02,TX,Shopping | Instruments,shopping,27288,687,167.44,0.025176,0.2437
2025-09-03,TX,Shopping | Instruments,shopping,30337,631,149.4,0.0208,0.2368
2025-09-04,TX,Shopping | Instruments,shopping,21482,765,215.11,0.035611,0.2812
2025-09-05,TX,Shopping | Instruments,shopping,23699,721,201.13,0.030423,0.279
2025-09-06,TX,Shopping | Instruments,shopping,28833,896,219.3,0.031076,0.2448
2025-09-07,TX,Shopping | Instruments,shopping,27607,885,176.15,0.032057,0.199
2025-09-01,FL,Search | Brand,paid_search,19325,1645,106.29,0.085123,0.0646
2025-09-02,FL,Search | Brand,paid_search,19452,1436,109.79,0.073823,0.0765
2025-09-03,FL,Search | Brand,paid_search,20183,1677,84.46,0.08309,0.0504
2025-09-04,FL,Search | Brand,paid_search,14537,1508,108.28,0.103735,0.0718
2025-09-05,FL,Search | Brand,paid_search,19048,1627,105.77,0.085416,0.065
2025-09-06,FL,Search | Brand,paid_search,13626,1260,98.42,0.09247,0.0781
2025-09-07,FL,Search | Brand,paid_search,17977,1691,107.05,0.094065,0.0633
2025-09-01,FL,Search | Nonbrand,paid_search,19582,794,172.06,0.040547,0.2167
2025-09-02,FL,Search | Nonbrand,paid_search,20018,939,174.69,0.046908,0.186
2025-09-03,FL,Search | Nonbrand,paid_search,20377,794,170.0,0.038966,0.2141
2025-09-04,FL,Search | Nonbrand,paid_search,22105,896,204.64,0.040534,0.2284
2025-09-05,FL,Search | Nonbrand,paid_search,19006,844,192.38,0.044407,0.2279
2025-09-06,FL,Search | Nonbrand,paid_search,20966,1171,152.3,0.055852,0.1301
2025-09-07,FL,Search | Nonbrand,paid_search,25060,949,199.12,0.037869,0.2098
2025-09-01,FL,Shopping | Instruments,shopping,24683,657,138.18,0.026618,0.2103
2025-09-02,FL,Shopping | Instruments,shopping,21993,668,145.49,0.030373,0.2178
2025-09-03,FL,Shopping | Instruments,shopping,22056,853,166.87,0.038674,0.1956
2025-09-04,FL,Shopping | Instruments,shopping,21496,871,195.74,0.040519,0.2247
2025-09-05,FL,Shopping | Instruments,shopping,22573,592,134.07,0.026226,0.2265
2025-09-06,FL,Shopping | Instruments,shopping,26031,678,153.41,0.026046,0.2263
2025-09-07,FL,Shopping | Instruments,shopping,18905,624,201.95,0.033007,0.3236
2025-09-01,NY,Search | Brand,paid_search,20929,1617,108.54,0.077261,0.0671
2025-09-02,NY,Search | Brand,paid_search,19416,1315,97.56,0.067728,0.0742
2025-09-03,NY,Search | Brand,paid_search,21563,1822,97.35,0.084497,0.0534
2025-09-04,NY,Search | Brand,paid_search,16398,1663,110.68,0.101415,0.0666
2025-09-05,NY,Search | Brand,paid_search,15711,1509,120.15,0.096047,0.0796
2025-09-06,NY,Search | Brand,paid_search,17808,1612,118.07,0.090521,0.0732
2025-09-07,NY,Search | Brand,paid_search,22654,1514,127.63,0.066831,0.0843
2025-09-01,NY,Search | Nonbrand,paid_search,24298,1023,181.85,0.042102,0.1778
2025-09-02,NY,Search | Nonbrand,paid_search,23594,1269,188.93,0.053785,0.1489
2025-09-03,NY,Search | Nonbrand,paid_search,27639,1115,252.01,0.040342,0.226
2025-09-04,NY,Search | Nonbrand,paid_search,21775,983,196.62,0.045144,0.2
2025-09-05,NY,Search | Nonbrand,paid_search,26771,1367,207.78,0.051063,0.152
2025-09-06,NY,Search | Nonbrand,paid_search,26083,1027,241.35,0.039374,0.235
2025-09-07,NY,Search | Nonbrand,paid_search,24257,942,231.45,0.038834,0.2457
2025-09-01,NY,Shopping | Instruments,shopping,18310,581,135.57,0.031731,0.2333
2025-09-02,NY,Shopping | Instruments,shopping,24400,567,165.14,0.023238,0.2912
2025-09-03,NY,Shopping | Instruments,shopping,21479,544,125.34,0.025327,0.2304
2025-09-04,NY,Shopping | Instruments,shopping,17626,708,148.39,0.040168,0.2096
2025-09-05,NY,Shopping | Instruments,shopping,20499,687,185.07,0.033514,0.2694
2025-09-06,NY,Shopping | Instruments,shopping,21028,696,157.05,0.033099,0.2256
2025-09-07,NY,Shopping | Instruments,shopping,24332,616,146.68,0.025316,0.2381
2025-09-08,CA,Search | Brand,paid_search,35962,2194,188.23,0.061009,0.0858
2025-09-09,CA,Search | Brand,paid_search,27865,2649,199.93,0.095065,0.0755
2025-09-10,CA,Search | Brand,paid_search,36291,1932,199.14,0.053236,0.1031
2025-09-11,CA,Search | Brand,paid_search,28654,2462,153.46,0.085922,0.0623
2025-09-12,CA,Search | Brand,paid_search,24320,2835,180.81,0.116571,0.0638
2025-09-13,CA,Search | Brand,paid_search,27668,2477,176.57,0.089526,0.0713
2025-09-14,CA,Search | Brand,paid_search,32406,2484,138.22,0.076652,0.0556
2025-09-08,CA,Search | Nonbrand,paid_search,35910,1075,301.35,0.029936,0.2803
2025-09-09,CA,Search | Nonbrand,paid_search,35987,1339,305.42,0.037208,0.2281
2025-09-10,CA,Search | Nonbrand,paid_search,24752,1475,337.62,0.059591,0.2289
2025-09-11,CA,Search | Nonbrand,paid_search,29034,1145,228.15,0.039437,0.1993
2025-09-12,CA,Search | Nonbrand,paid_search,33025,1427,304.93,0.04321,0.2137
2025-09-13,CA,Search | Nonbrand,paid_search,33816,1154,246.29,0.034126,0.2134
2025-09-14,CA,Search | Nonbrand,paid_search,37148,1539,251.42,0.041429,0.1634
2025-09-08,CA,Shopping | Instruments,shopping,34213,974,220.18,0.028469,0.2261
2025-09-09,CA,Shopping | Instruments,shopping,30220,830,220.15,0.027465,0.2652
2025-09-10,CA,Shopping | Instruments,shopping,27024,912,232.11,0.033748,0.2545
2025-09-11,CA,Shopping | Instruments,shopping,25139,963,198.46,0.038307,0.2061
2025-09-12,CA,Shopping | Instruments,shopping,28857,1047,189.73,0.036282,0.1812
2025-09-13,CA,Shopping | Instruments,shopping,32789,823,234.14,0.0251,0.2845
2025-09-14,CA,Shopping | Instruments,shopping,33179,1049,227.46,0.031616,0.2168
2025-09-08,TX,Search | Brand,paid_search,22125,1893,97.2,0.085559,0.0513
2025-09-09,TX,Search | Brand,paid_search,22581,1983,116.78,0.087817,0.0589
2025-09-10,TX,Search | Brand,paid_search,17903,1880,125.9,0.10501,0.067
2025-09-11,TX,Search | Brand,paid_search,19997,1740,140.61,0.087013,0.0808
2025-09-12,TX,Search | Brand,paid_search,23464,1761,138.38,0.075051,0.0786
2025-09-13,TX,Search | Brand,paid_search,23821,1911,110.37,0.080223,0.0578
2025-09-14,TX,Search | Brand,paid_search,16631,1805,120.58,0.108532,0.0668
2025-09-08,TX,Search | Nonbrand,paid_search,26894,1176,269.46,0.043727,0.2291
2025-09-09,TX,Search | Nonbrand,paid_search,28123,1234,234.15,0.043879,0.1897
2025-09-10,TX,Search | Nonbrand,paid_search,27753,1044,227.36,0.037618,0.2178
2025-09-11,TX,Search | Nonbrand,paid_search,24804,1271,272.28,0.051242,0.2142
2025-09-12,TX,Search | Nonbrand,paid_search,23410,1057,191.9,0.045152,0.1816
2025-09-13,TX,Search | Nonbrand,paid_search,30000,1370,221.27,0.045667,0.1615
2025-09-14,TX,Search | Nonbrand,paid_search,29037,1298,217.75,0.044702,0.1678
2025-09-08,TX,Shopping | Instruments,shopping,28980,832,175.45,0.028709,0.2109
2025-09-09,TX,Shopping | Instruments,shopping,30585,737,194.84,0.024097,0.2644
2025-09-10,TX,Shopping | Instruments,shopping,21255,614,146.66,0.028887,0.2389
2025-09-11,TX,Shopping | Instruments,shopping,22059,638,183.51,0.028922,0.2876
2025-09-12,TX,Shopping | Instruments,shopping,19837,652,145.91,0.032868,0.2238
2025-09-13,TX,Shopping | Instruments,shopping,21417,806,200.35,0.037634,0.2486
2025-09-14,TX,Shopping | Instruments,shopping,21743,661,147.6,0.030401,0.2233
2025-09-08,FL,Search | Brand,paid_search,12679,1420,115.22,0.111996,0.0811
2025-09-09,FL,Search | Brand,paid_search,17958,1456,83.16,0.081078,0.0571
2025-09-10,FL,Search | Brand,paid_search,19090,1297,122.99,0.067941,0.0948
2025-09-11,FL,Search | Brand,paid_search,19240,1568,122.12,0.081497,0.0779
2025-09-12,FL,Search | Brand,paid_search,16143,1609,90.66,0.099672,0.0563
2025-09-13,FL,Search | Brand,paid_search,19323,1203,95.43,0.062257,0.0793
2025-09-14,FL,Search | Brand,paid_search,18852,1503,85.47,0.079726,0.0569
2025-09-08,FL,Search | Nonbrand,paid_search,20151,720,211.34,0.03573,0.2935
2025-09-09,FL,Search | Nonbrand,paid_search,19917,802,188.28,0.040267,0.2348
2025-09-10,FL,Search | Nonbrand,paid_search,21926,1065,162.45,0.048572,0.1525
2025-09-11,FL,Search | Nonbrand,paid_search,19405,729,221.18,0.037568,0.3034
2025-09-12,FL,Search | Nonbrand,paid_search,25591,922,164.34,0.036028,0.1782
2025-09-13,FL,Search | Nonbrand,paid_search,22503,970,190.31,0.043105,0.1962
2025-09-14,FL,Search | Nonbrand,paid_search,22641,836,170.44,0.036924,0.2039
2025-09-08,FL,Shopping | Instruments,shopping,24158,604,181.88,0.025002,0.3011
2025-09-09,FL,Shopping | Instruments,shopping,22656,550,159.62,0.024276,0.2902
2025-09-10,FL,Shopping | Instruments,shopping,24471,575,159.45,0.023497,0.2773
2025-09-11,FL,Shopping | Instruments,shopping,21473,790,128.62,0.03679,0.1628
2025-09-12,FL,Shopping | Instruments,shopping,24083,548,149.71,0.022755,0.2732
2025-09-13,FL,Shopping | Instruments,shopping,18651,834,167.04,0.044716,0.2003
2025-09-14,FL,Shopping | Instruments,shopping,18308,765,161.05,0.041785,0.2105
2025-09-08,NY,Search | Brand,paid_search,23674,1957,148.62,0.082665,0.0759
2025-09-09,NY,Search | Brand,paid_search,26677,2263,104.13,0.08483,0.046
2025-09-10,NY,Search | Brand,paid_search,21298,1842,158.84,0.086487,0.0862
2025-09-11,NY,Search | Brand,paid_search,21686,1618,161.05,0.07461,0.0995
2025-09-12,NY,Search | Brand,paid_search,26216,2194,113.37,0.083689,0.0517
2025-09-13,NY,Search | Brand,paid_search,17972,2402,103.73,0.133652,0.0432
2025-09-14,NY,Search | Brand,paid_search,19456,1817,120.74,0.09339,0.0665
2025-09-08,NY,Search | Nonbrand,paid_search,25173,832,248.28,0.033051,0.2984
2025-09-09,NY,Search | Nonbrand,paid_search,22591,1190,227.64,0.052676,0.1913
2025-09-10,NY,Search | Nonbrand,paid_search,29400,1030,227.16,0.035034,0.2205
2025-09-11,NY,Search | Nonbrand,paid_search,24360,859,203.35,0.035263,0.2367
2025-09-12,NY,Search | Nonbrand,paid_search,27387,1228,186.98,0.044839,0.1523
2025-09-13,NY,Search | Nonbrand,paid_search,25314,912,198.31,0.036027,0.2174
2025-09-14,NY,Search | Nonbrand,paid_search,25197,1166,251.32,0.046275,0.2155
2025-09-08,NY,Shopping | Instruments,shopping,19017,703,144.49,0.036967,0.2055
2025-09-09,NY,Shopping | Instruments,shopping,24130,785,180.59,0.032532,0.2301
2025-09-10,NY,Shopping | Instruments,shopping,22141,625,130.11,0.028228,0.2082
2025-09-11,NY,Shopping | Instruments,shopping,26646,868,185.23,0.032575,0.2134
2025-09-12,NY,Shopping | Instruments,shopping,23385,737,156.41,0.031516,0.2122
2025-09-13,NY,Shopping | Instruments,shopping,17915,804,181.32,0.044879,0.2255
2025-09-14,NY,Shopping | Instruments,shopping,24154,893,155.05,0.036971,0.1736
2025-09-15,CA,Search | Brand,paid_search,32564,2289,174.46,0.070292,0.0762
2025-09-16,CA,Search | Brand,paid_search,37980,2614,205.59,0.068826,0.0787
2025-09-17,CA,Search | Brand,paid_search,26180,2792,141.05,0.106646,0.0505
2025-09-18,CA,Search | Brand,paid_search,28167,2002,208.57,0.071076,0.1042
2025-09-19,CA,Search | Brand,paid_search,25810,2398,154.94,0.09291,0.0646
2025-09-20,CA,Search | Brand,paid_search,31600,2210,144.7,0.069937,0.0655
2025-09-21,CA,Search | Brand,paid_search,25829,2272,177.84,0.087963,0.0783
2025-09-15,CA,Search | Nonbrand,paid_search,35144,1404,258.33,0.03995,0.184
2025-09-16,CA,Search | Nonbrand,paid_search,30320,1632,287.73,0.053826,0.1763
2025-09-17,CA,Search | Nonbrand,paid_search,29879,1484,290.46,0.049667,0.1957
2025-09-18,CA,Search | Nonbrand,paid_search,31951,1212,224.83,0.037933,0.1855
2025-09-19,CA,Search | Nonbrand,paid_search,34489,1353,304.05,0.03923,0.2247
2025-09-20,CA,Search | Nonbrand,paid_search,36927,1656,296.73,0.044845,0.1792
2025-09-21,CA,Search | Nonbrand,paid_search,30926,1291,312.75,0.041745,0.2423
2025-09-15,CA,Shopping | Instruments,shopping,33170,883,174.6,0.02662,0.1977
2025-09-16,CA,Shopping | Instruments,shopping,27636,786,240.76,0.028441,0.3063
2025-09-17,CA,Shopping | Instruments,shopping,30341,1153,221.95,0.038001,0.1925
2025-09-18,CA,Shopping | Instruments,shopping,31747,820,220.53,0.025829,0.2689
2025-09-19,CA,Shopping | Instruments,shopping,33422,1083,261.61,0.032404,0.2416
2025-09-20,CA,Shopping | Instruments,shopping,29135,1084,192.58,0.037206,0.1777
2025-09-21,CA,Shopping | Instruments,shopping,24893,1041,202.45,0.041819,0.1945
2025-09-15,TX,Search | Brand,paid_search,19940,2409,154.21,0.120812,0.064
2025-09-16,TX,Search | Brand,paid_search,25913,1814,154.53,0.070003,0.0852
2025-09-17,TX,Search | Brand,paid_search,23377,2193,142.62,0.09381,0.065
2025-09-18,TX,Search | Brand,paid_search,28570,2157,114.78,0.075499,0.0532
2025-09-19,TX,Search | Brand,paid_search,28875,2229,133.74,0.077195,0.06
2025-09-20,TX,Search | Brand,paid_search,19247,1735,159.61,0.090144,0.092
2025-09-21,TX,Search | Brand,paid_search,28846,2503,154.17,0.086771,0.0616
2025-09-15,TX,Search | Nonbrand,paid_search,24583,1140,249.0,0.046374,0.2184
2025-09-16,TX,Search | Nonbrand,paid_search,29129,1082,213.21,0.037145,0.197
2025-09-17,TX,Search | Nonbrand,paid_search,23340,1006,175.28,0.043102,0.1742
2025-09-18,TX,Search | Nonbrand,paid_search,22049,1191,183.31,0.054016,0.1539
2025-09-19,TX,Search | Nonbrand,paid_search,22410,912,185.12,0.040696,0.203
2025-09-20,TX,Search | Nonbrand,paid_search,23207,897,261.29,0.038652,0.2913
2025-09-21,TX,Search | Nonbrand,paid_search,28809,1215,225.13,0.042174,0.1853
2025-09-15,TX,Shopping | Instruments,shopping,26372,792,170.13,0.030032,0.2148
2025-09-16,TX,Shopping | Instruments,shopping,26059,914,200.52,0.035074,0.2194
2025-09-17,TX,Shopping | Instruments,shopping,22489,744,200.7,0.033083,0.2698
2025-09-18,TX,Shopping | Instruments,shopping,25691,893,144.1,0.034759,0.1614
2025-09-19,TX,Shopping | Instruments,shopping,19787,689,186.0,0.034821,0.27
2025-09-20,TX,Shopping | Instruments,shopping,25125,773,142.22,0.030766,0.184
2025-09-21,TX,Shopping | Instruments,shopping,25544,916,188.01,0.03586,0.2053
2025-09-15,FL,Search | Brand,paid_search,15480,1554,97.8,0.100388,0.0629
2025-09-16,FL,Search | Brand,paid_search,18002,1679,114.55,0.093267,0.0682
2025-09-17,FL,Search | Brand,paid_search,18168,1357,98.03,0.074692,0.0722
2025-09-18,FL,Search | Brand,paid_search,16290,1581,101.84,0.097053,0.0644
2025-09-19,FL,Search | Brand,paid_search,18121,1279,113.74,0.070581,0.0889
2025-09-20,FL,Search | Brand,paid_search,20861,1444,104.68,0.06922,0.0725
2025-09-21,FL,Search | Brand,paid_search,20114,1553,106.16,0.07721,0.0684
2025-09-15,FL,Search | Nonbrand,paid_search,26304,991,159.41,0.037675,0.1609
2025-09-16,FL,Search | Nonbrand,paid_search,26090,1184,161.99,0.045381,0.1368
2025-09-17,FL,Search | Nonbrand,paid_search,19423,837,195.73,0.043093,0.2338
2025-09-18,FL,Search | Nonbrand,paid_search,20288,900,195.75,0.044361,0.2175
2025-09-19,FL,Search | Nonbrand,paid_search,22447,1054,228.79,0.046955,0.2171
2025-09-20,FL,Search | Nonbrand,paid_search,25228,1023,196.13,0.04055,0.1917
2025-09-21,FL,Search | Nonbrand,paid_search,17851,1022,217.81,0.057252,0.2131
2025-09-15,FL,Shopping | Instruments,shopping,19860,790,192.39,0.039778,0.2435
2025-09-16,FL,Shopping | Instruments,shopping,25101,874,150.11,0.034819,0.1718
2025-09-17,FL,Shopping | Instruments,shopping,23200,773,154.75,0.033319,0.2002
2025-09-18,FL,Shopping | Instruments,shopping,24789,792,127.19,0.03195,0.1606
2025-09-19,FL,Shopping | Instruments,shopping,20472,681,179.07,0.033265,0.263
2025-09-20,FL,Shopping | Instruments,shopping,20616,652,173.71,0.031626,0.2664
2025-09-21,FL,Shopping | Instruments,shopping,20192,694,133.23,0.03437,0.192
2025-09-15,NY,Search | Brand,paid_search,21272,2052,128.72,0.096465,0.0627
2025-09-16,NY,Search | Brand,paid_search,24917,2008,157.41,0.080588,0.0784
2025-09-17,NY,Search | Brand,paid_search,23696,1361,143.15,0.057436,0.1052
2025-09-18,NY,Search | Brand,paid_search,19177,2067,136.12,0.107785,0.0659
2025-09-19,NY,Search | Brand,paid_search,22508,2016,126.0,0.089568,0.0625
2025-09-20,NY,Search | Brand,paid_search,25231,1734,109.32,0.068725,0.063
2025-09-21,NY,Search | Brand,paid_search,21970,2066,120.15,0.094037,0.0582
2025-09-15,NY,Search | Nonbrand,paid_search,25059,1063,188.86,0.04242,0.1777
2025-09-16,NY,Search | Nonbrand,paid_search,19869,965,210.92,0.048568,0.2186
2025-09-17,NY,Search | Nonbrand,paid_search,22503,975,244.84,0.043328,0.2511
2025-09-18,NY,Search | Nonbrand,paid_search,24399,1125,181.02,0.046108,0.1609
2025-09-19,NY,Search | Nonbrand,paid_search,23219,891,160.82,0.038374,0.1805
2025-09-20,NY,Search | Nonbrand,paid_search,29273,975,225.13,0.033307,0.2309
2025-09-21,NY,Search | Nonbrand,paid_search,23445,947,231.2,0.040392,0.2441
2025-09-15,NY,Shopping | Instruments,shopping,19653,742,168.56,0.037755,0.2272
2025-09-16,NY,Shopping | Instruments,shopping,20541,799,152.57,0.038898,0.1909
2025-09-17,NY,Shopping | Instruments,shopping,21746,551,167.17,0.025338,0.3034
2025-09-18,NY,Shopping | Instruments,shopping,21793,730,122.39,0.033497,0.1677
2025-09-19,NY,Shopping | Instruments,shopping,18316,578,133.33,0.031557,0.2307
2025-09-20,NY,Shopping | Instruments,shopping,18051,709,139.24,0.039278,0.1964
2025-09-21,NY,Shopping | Instruments,shopping,24441,751,157.42,0.030727,0.2096
2025-09-22,CA,Search | Brand,paid_search,24078,2255,153.28,0.093654,0.068
2025-09-23,CA,Search | Brand,paid_search,28123,2172,114.23,0.077232,0.0526
2025-09-24,CA,Search | Brand,paid_search,27932,2159,130.68,0.077295,0.0605
2025-09-25,CA,Search | Brand,paid_search,20780,2094,146.07,0.10077,0.0698
2025-09-26,CA,Search | Brand,paid_search,20408,1546,155.03,0.075755,0.1003
2025-09-27,CA,Search | Brand,paid_search,22607,1883,147.1,0.083293,0.0781
2025-09-28,CA,Search | Brand,paid_search,29127,1719,157.34,0.059017,0.0915
2025-09-22,CA,Search | Nonbrand,paid_search,29320,1144,237.85,0.039018,0.2079
2025-09-23,CA,Search | Nonbrand,paid_search,29050,959,277.22,0.033012,0.2891
2025-09-24,CA,Search | Nonbrand,paid_search,29564,1048,266.61,0.035449,0.2544
2025-09-25,CA,Search | Nonbrand,paid_search,32431,1408,291.11,0.043415,0.2068
2025-09-26,CA,Search | Nonbrand,paid_search,27099,1295,204.38,0.047788,0.1578
2025-09-27,CA,Search | Nonbrand,paid_search,25352,1038,284.72,0.040944,0.2743
2025-09-28,CA,Search | Nonbrand,paid_search,32786,1417,206.29,0.04322,0.1456
2025-09-22,CA,Shopping | Instruments,shopping,31995,861,224.63,0.02691,0.2609
2025-09-23,CA,Shopping | Instruments,shopping,22994,791,213.77,0.0344,0.2703
2025-09-24,CA,Shopping | Instruments,shopping,27111,923,241.35,0.034045,0.2615
2025-09-25,CA,Shopping | Instruments,shopping,23880,783,215.63,0.032789,0.2754
2025-09-26,CA,Shopping | Instruments,shopping,26860,856,173.33,0.031869,0.2025
2025-09-27,CA,Shopping | Instruments,shopping,33158,973,203.86,0.029344,0.2095
2025-09-28,CA,Shopping | Instruments,shopping,34422,847,170.45,0.024606,0.2012
2025-09-22,TX,Search | Brand,paid_search,25668,2256,108.59,0.087892,0.0481
2025-09-23,TX,Search | Brand,paid_search,24122,1685,108.71,0.069853,0.0645
2025-09-24,TX,Search | Brand,paid_search,19080,1808,112.45,0.094759,0.0622
2025-09-25,TX,Search | Brand,paid_search,21599,1565,148.6,0.072457,0.095
2025-09-26,TX,Search | Brand,paid_search,18675,1752,126.91,0.093815,0.0724
2025-09-27,TX,Search | Brand,paid_search,24212,1882,147.28,0.07773,0.0783
2025-09-28,TX,Search | Brand,paid_search,20698,2100,140.99,0.101459,0.0671
2025-09-22,TX,Search | Nonbrand,paid_search,30794,1147,228.89,0.037248,0.1996
2025-09-23,TX,Search | Nonbrand,paid_search,24540,1167,228.12,0.047555,0.1955
2025-09-24,TX,Search | Nonbrand,paid_search,23019,1307,200.07,0.056779,0.1531
2025-09-25,TX,Search | Nonbrand,paid_search,23068,967,201.11,0.04192,0.208
2025-09-26,TX,Search | Nonbrand,paid_search,29292,1046,267.6,0.035709,0.2558
2025-09-27,TX,Search | Nonbrand,paid_search,24689,1162,213.66,0.047065,0.1839
2025-09-28,TX,Search | Nonbrand,paid_search,26673,1066,226.39,0.039966,0.2124
2025-09-22,TX,Shopping | Instruments,shopping,24015,744,236.83,0.030981,0.3183
2025-09-23,TX,Shopping | Instruments,shopping,25307,879,168.62,0.034733,0.1918
2025-09-24,TX,Shopping | Instruments,shopping,28389,882,208.03,0.031068,0.2359
2025-09-25,TX,Shopping | Instruments,shopping,24786,899,181.28,0.03627,0.2017
2025-09-26,TX,Shopping | Instruments,shopping,29788,1018,228.29,0.034175,0.2243
2025-09-27,TX,Shopping | Instruments,shopping,27010,776,182.35,0.02873,0.235
2025-09-28,TX,Shopping | Instruments,shopping,32021,1016,172.07,0.031729,0.1694
2025-09-22,FL,Search | Brand,paid_search,23771,1475,122.65,0.06205,0.0832
2025-09-23,FL,Search | Brand,paid_search,20531,1993,114.75,0.097073,0.0576
2025-09-24,FL,Search | Brand,paid_search,18994,1998,125.58,0.105191,0.0629
2025-09-25,FL,Search | Brand,paid_search,18516,2164,142.98,0.116872,0.0661
2025-09-26,FL,Search | Brand,paid_search,21157,2158,99.63,0.101999,0.0462
2025-09-27,FL,Search | Brand,paid_search,20136,1601,124.41,0.079509,0.0777
2025-09-28,FL,Search | Brand,paid_search,23008,1678,117.44,0.072931,0.07
2025-09-22,FL,Search | Nonbrand,paid_search,18565,1126,194.87,0.060652,0.1731
2025-09-23,FL,Search | Nonbrand,paid_search,24704,1120,152.44,0.045337,0.1361
2025-09-24,FL,Search | Nonbrand,paid_search,25387,803,203.02,0.03163,0.2528
2025-09-25,FL,Search | Nonbrand,paid_search,25071,805,202.3,0.032109,0.2513
2025-09-26,FL,Search | Nonbrand,paid_search,24986,836,200.67,0.033459,0.24
2025-09-27,FL,Search | Nonbrand,paid_search,17520,845,204.23,0.048231,0.2417
2025-09-28,FL,Search | Nonbrand,paid_search,21069,1161,195.27,0.055105,0.1682
2025-09-22,FL,Shopping | Instruments,shopping,18456,672,172.19,0.036411,0.2562
2025-09-23,FL,Shopping | Instruments,shopping,26099,788,175.35,0.030193,0.2225
2025-09-24,FL,Shopping | Instruments,shopping,20232,732,141.3,0.03618,0.193
2025-09-25,FL,Shopping | Instruments,shopping,22278,796,145.2,0.03573,0.1824
2025-09-26,FL,Shopping | Instruments,shopping,21990,598,134.82,0.027194,0.2255
2025-09-27,FL,Shopping | Instruments,shopping,18782,548,146.83,0.029177,0.2679
2025-09-28,FL,Shopping | Instruments,shopping,20355,712,151.29,0.034979,0.2125
2025-09-22,NY,Search | Brand,paid_search,22757,2064,102.83,0.090697,0.0498
2025-09-23,NY,Search | Brand,paid_search,24647,1909,119.78,0.077454,0.0627
2025-09-24,NY,Search | Brand,paid_search,24953,2058,147.09,0.082475,0.0715
2025-09-25,NY,Search | Brand,paid_search,19911,2173,147.16,0.109136,0.0677
2025-09-26,NY,Search | Brand,paid_search,20280,2111,99.8,0.104093,0.0473
2025-09-27,NY,Search | Brand,paid_search,22288,1955,143.24,0.087715,0.0733
2025-09-28,NY,Search | Brand,paid_search,21856,2036,148.92,0.093155,0.0731
2025-09-22,NY,Search | Nonbrand,paid_search,18960,863,185.56,0.045517,0.215
2025-09-23,NY,Search | Nonbrand,paid_search,18782,914,216.83,0.048664,0.2372
2025-09-24,NY,Search | Nonbrand,paid_search,19480,665,157.65,0.034138,0.2371
2025-09-25,NY,Search | Nonbrand,paid_search,19004,870,164.34,0.04578,0.1889
2025-09-26,NY,Search | Nonbrand,paid_search,25319,986,162.89,0.038943,0.1652
2025-09-27,NY,Search | Nonbrand,paid_search,23192,868,175.21,0.037427,0.2019
2025-09-28,NY,Search | Nonbrand,paid_search,23287,940,210.54,0.040366,0.224
2025-09-22,NY,Shopping | Instruments,shopping,25101,718,218.48,0.028604,0.3043
2025-09-23,NY,Shopping | Instruments,shopping,20597,781,167.5,0.037918,0.2145
2025-09-24,NY,Shopping | Instruments,shopping,23446,903,178.26,0.038514,0.1974
2025-09-25,NY,Shopping | Instruments,shopping,23817,866,169.05,0.036361,0.1952
2025-09-26,NY,Shopping | Instruments,shopping,21791,631,141.69,0.028957,0.2246
2025-09-27,NY,Shopping | Instruments,shopping,25499,906,143.63,0.035531,0.1585
2025-09-28,NY,Shopping | Instruments,shopping,26311,885,180.63,0.033636,0.2041
2025-09-29,CA,Search | Brand,paid_search,24159,2426,157.22,0.100418,0.0648
2025-09-30,CA,Search | Brand,paid_search,29358,2306,190.38,0.078548,0.0826
2025-10-01,CA,Search | Brand,paid_search,27952,2338,183.83,0.083643,0.0786
2025-10-02,CA,Search | Brand,paid_search,26427,2276,182.44,0.086124,0.0802
2025-10-03,CA,Search | Brand,paid_search,31393,1812,136.25,0.05772,0.0752
2025-10-04,CA,Search | Brand,paid_search,29448,2422,139.22,0.082247,0.0575
2025-10-05,CA,Search | Brand,paid_search,33708,2324,184.83,0.068945,0.0795
2025-09-29,CA,Search | Nonbrand,paid_search,34718,1223,306.91,0.035227,0.2509
2025-09-30,CA,Search | Nonbrand,paid_search,32563,1720,300.53,0.052821,0.1747
2025-10-01,CA,Search | Nonbrand,paid_search,27197,1559,252.74,0.057322,0.1621
2025-10-02,CA,Search | Nonbrand,paid_search,30686,1360,279.25,0.04432,0.2053
2025-10-03,CA,Search | Nonbrand,paid_search,36776,1701,306.88,0.046253,0.1804
2025-10-04,CA,Search | Nonbrand,paid_search,32945,1608,232.53,0.048809,0.1446
2025-10-05,CA,Search | Nonbrand,paid_search,32279,1288,274.78,0.039902,0.2133
2025-09-29,CA,Shopping | Instruments,shopping,30645,702,193.83,0.022907,0.2761
2025-09-30,CA,Shopping | Instruments,shopping,26187,859,217.74,0.032803,0.2535
2025-10-01,CA,Shopping | Instruments,shopping,25463,1003,219.7,0.03939,0.219
2025-10-02,CA,Shopping | Instruments,shopping,25372,942,202.04,0.037128,0.2145
2025-10-03,CA,Shopping | Instruments,shopping,24335,945,155.84,0.038833,0.1649
2025-10-04,CA,Shopping | Instruments,shopping,27773,841,198.37,0.030281,0.2359
2025-10-05,CA,Shopping | Instruments,shopping,31192,854,187.44,0.027379,0.2195
2025-09-29,TX,Search | Brand,paid_search,28123,1558,154.08,0.055399,0.0989
2025-09-30,TX,Search | Brand,paid_search,27783,1609,153.04,0.057913,0.0951
2025-10-01,TX,Search | Brand,paid_search,19267,2236,118.47,0.116053,0.053
2025-10-02,TX,Search | Brand,paid_search,28002,1947,162.02,0.069531,0.0832
2025-10-03,TX,Search | Brand,paid_search,19711,2169,145.47,0.11004,0.0671
2025-10-04,TX,Search | Brand,paid_search,25458,2057,117.53,0.0808,0.0571
2025-10-05,TX,Search | Brand,paid_search,25974,2189,160.43,0.084277,0.0733
2025-09-29,TX,Search | Nonbrand,paid_search,20703,1096,244.52,0.052939,0.2231
2025-09-30,TX,Search | Nonbrand,paid_search,26305,1244,219.89,0.047291,0.1768
2025-10-01,TX,Search | Nonbrand,paid_search,26204,1215,243.07,0.046367,0.2001
2025-10-02,TX,Search | Nonbrand,paid_search,29334,1096,247.92,0.037363,0.2262
2025-10-03,TX,Search | Nonbrand,paid_search,28235,1347,201.59,0.047707,0.1497
2025-10-04,TX,Search | Nonbrand,paid_search,31128,1086,236.84,0.034888,0.2181
2025-10-05,TX,Search | Nonbrand,paid_search,21859,1449,186.57,0.066288,0.1288
2025-09-29,TX,Shopping | Instruments,shopping,25650,669,172.74,0.026082,0.2582
2025-09-30,TX,Shopping | Instruments,shopping,24502,776,203.51,0.031671,0.2623
2025-10-01,TX,Shopping | Instruments,shopping,22312,774,142.77,0.03469,0.1845
2025-10-02,TX,Shopping | Instruments,shopping,23906,873,169.99,0.036518,0.1947
2025-10-03,TX,Shopping | Instruments,shopping,25635,791,166.41,0.030856,0.2104
2025-10-04,TX,Shopping | Instruments,shopping,26738,753,202.01,0.028162,0.2683
2025-10-05,TX,Shopping | Instruments,shopping,25795,769,199.25,0.029812,0.2591
2025-09-29,FL,Search | Brand,paid_search,24141,1792,122.32,0.074231,0.0683
2025-09-30,FL,Search | Brand,paid_search,23482,1584,144.59,0.067456,0.0913
2025-10-01,FL,Search | Brand,paid_search,16856,1979,113.17,0.117406,0.0572
2025-10-02,FL,Search | Brand,paid_search,22872,1607,100.51,0.070261,0.0625
2025-10-03,FL,Search | Brand,paid_search,17935,1657,135.73,0.092389,0.0819
2025-10-04,FL,Search | Brand,paid_search,18368,1684,109.54,0.091681,0.065
2025-10-05,FL,Search | Brand,paid_search,22738,1420,123.23,0.062451,0.0868
2025-09-29,FL,Search | Nonbrand,paid_search,29389,943,236.86,0.032087,0.2512
2025-09-30,FL,Search | Nonbrand,paid_search,23696,1209,251.33,0.051021,0.2079
2025-10-01,FL,Search | Nonbrand,paid_search,23076,1074,169.39,0.046542,0.1577
2025-10-02,FL,Search | Nonbrand,paid_search,23063,844,171.01,0.036595,0.2026
2025-10-03,FL,Search | Nonbrand,paid_search,21168,970,168.56,0.045824,0.1738
2025-10-04,FL,Search | Nonbrand,paid_search,21044,926,183.57,0.044003,0.1982
2025-10-05,FL,Search | Nonbrand,paid_search,23926,1152,241.39,0.048148,0.2095
2025-09-29,FL,Shopping | Instruments,shopping,23235,634,168.3,0.027286,0.2655
2025-09-30,FL,Shopping | Instruments,shopping,22176,812,173.72,0.036616,0.2139
2025-10-01,FL,Shopping | Instruments,shopping,22468,830,145.95,0.036941,0.1758
2025-10-02,FL,Shopping | Instruments,shopping,20086,671,124.6,0.033406,0.1857
2025-10-03,FL,Shopping | Instruments,shopping,16379,595,151.65,0.036327,0.2549
2025-10-04,FL,Shopping | Instruments,shopping,18933,750,164.03,0.039613,0.2187
2025-10-05,FL,Shopping | Instruments,shopping,23260,631,126.81,0.027128,0.201
2025-09-29,NY,Search | Brand,paid_search,21287,2339,135.33,0.109879,0.0579
2025-09-30,NY,Search | Brand,paid_search,26993,2350,138.18,0.08706,0.0588
2025-10-01,NY,Search | Brand,paid_search,20564,2308,146.65,0.112235,0.0635
2025-10-02,NY,Search | Brand,paid_search,20942,2196,139.84,0.104861,0.0637
2025-10-03,NY,Search | Brand,paid_search,22828,1707,134.72,0.074777,0.0789
2025-10-04,NY,Search | Brand,paid_search,27759,1746,95.98,0.062899,0.055
2025-10-05,NY,Search | Brand,paid_search,20864,1637,144.47,0.078461,0.0883
2025-09-29,NY,Search | Nonbrand,paid_search,24153,875,194.04,0.036227,0.2218
2025-09-30,NY,Search | Nonbrand,paid_search,23651,1132,209.8,0.047863,0.1853
2025-10-01,NY,Search | Nonbrand,paid_search,22729,1108,190.33,0.048748,0.1718
2025-10-02,NY,Search | Nonbrand,paid_search,22764,1106,158.48,0.048585,0.1433
2025-10-03,NY,Search | Nonbrand,paid_search,20933,942,209.62,0.045001,0.2225
2025-10-04,NY,Search | Nonbrand,paid_search,22048,941,167.8,0.04268,0.1783
2025-10-05,NY,Search | Nonbrand,paid_search,18086,963,197.45,0.053246,0.205
2025-09-29,NY,Shopping | Instruments,shopping,20131,679,159.28,0.033729,0.2346
2025-09-30,NY,Shopping | Instruments,shopping,27493,793,211.05,0.028844,0.2661
2025-10-01,NY,Shopping | Instruments,shopping,26200,733,173.51,0.027977,0.2367
2025-10-02,NY,Shopping | Instruments,shopping,22353,632,154.15,0.028274,0.2439
2025-10-03,NY,Shopping | Instruments,shopping,26190,814,193.77,0.031081,0.238
2025-10-04,NY,Shopping | Instruments,shopping,19902,722,145.3,0.036278,0.2012
2025-10-05,NY,Shopping | Instruments,shopping,25557,759,171.28,0.029698,0.2257
2025-10-06,CA,Search | Brand,paid_search,23717,1665,117.64,0.070203,0.0707
2025-10-07,CA,Search | Brand,paid_search,22485,1634,150.8,0.072671,0.0923
2025-10-08,CA,Search | Brand,paid_search,25363,1677,144.84,0.06612,0.0864
2025-10-09,CA,Search | Brand,paid_search,25921,2295,135.97,0.088538,0.0592
2025-10-10,CA,Search | Brand,paid_search,20357,1952,145.88,0.095888,0.0747
2025-10-11,CA,Search | Brand,paid_search,26277,2073,116.91,0.07889,0.0564
2025-10-12,CA,Search | Brand,paid_search,17826,2219,127.24,0.124481,0.0573
2025-10-06,CA,Search | Nonbrand,paid_search,21976,1181,184.97,0.05374,0.1566
2025-10-07,CA,Search | Nonbrand,paid_search,21685,1381,225.99,0.063685,0.1636
2025-10-08,CA,Search | Nonbrand,paid_search,31346,952,281.31,0.030371,0.2955
2025-10-09,CA,Search | Nonbrand,paid_search,24845,1100,200.05,0.044275,0.1819
2025-10-10,CA,Search | Nonbrand,paid_search,31668,1201,200.12,0.037925,0.1666
2025-10-11,CA,Search | Nonbrand,paid_search,24857,1205,205.17,0.048477,0.1703
2025-10-12,CA,Search | Nonbrand,paid_search,26381,1440,274.11,0.054585,0.1904
2025-10-06,CA,Shopping | Instruments,shopping,27957,833,212.83,0.029796,0.2555
2025-10-07,CA,Shopping | Instruments,shopping,31371,939,177.71,0.029932,0.1893
2025-10-08,CA,Shopping | Instruments,shopping,22641,895,193.82,0.03953,0.2166
2025-10-09,CA,Shopping | Instruments,shopping,26153,885,210.12,0.033839,0.2374
2025-10-10,CA,Shopping | Instruments,shopping,24356,729,191.99,0.029931,0.2634
2025-10-11,CA,Shopping | Instruments,shopping,24440,815,180.67,0.033347,0.2217
2025-10-12,CA,Shopping | Instruments,shopping,31069,864,186.38,0.027809,0.2157
2025-10-06,TX,Search | Brand,paid_search,16675,1806,115.95,0.108306,0.0642
2025-10-07,TX,Search | Brand,paid_search,23238,1836,96.18,0.079009,0.0524
2025-10-08,TX,Search | Brand,paid_search,18413,1951,124.88,0.105958,0.064
2025-10-09,TX,Search | Brand,paid_search,21417,1600,96.06,0.074707,0.06
2025-10-10,TX,Search | Brand,paid_search,17723,1528,113.07,0.086216,0.074
2025-10-11,TX,Search | Brand,paid_search,19141,1527,116.61,0.079776,0.0764
2025-10-12,TX,Search | Brand,paid_search,18821,1570,122.73,0.083417,0.0782
2025-10-06,TX,Search | Nonbrand,paid_search,22423,1133,208.04,0.050528,0.1836
2025-10-07,TX,Search | Nonbrand,paid_search,22902,1197,229.23,0.052266,0.1915
2025-10-08,TX,Search | Nonbrand,paid_search,23220,1230,167.33,0.052972,0.136
2025-10-09,TX,Search | Nonbrand,paid_search,26565,897,198.84,0.033766,0.2217
2025-10-10,TX,Search | Nonbrand,paid_search,23096,852,178.42,0.03689,0.2094
2025-10-11,TX,Search | Nonbrand,paid_search,20721,902,209.52,0.043531,0.2323
2025-10-12,TX,Search | Nonbrand,paid_search,24771,1142,216.41,0.046102,0.1895
2025-10-06,TX,Shopping | Instruments,shopping,24429,876,156.83,0.035859,0.179
2025-10-07,TX,Shopping | Instruments,shopping,23105,696,181.92,0.030123,0.2614
2025-10-08,TX,Shopping | Instruments,shopping,28807,662,197.26,0.022981,0.298
2025-10-09,TX,Shopping | Instruments,shopping,21510,658,189.06,0.03059,0.2873
2025-10-10,TX,Shopping | Instruments,shopping,24396,745,156.18,0.030538,0.2096
2025-10-11,TX,Shopping | Instruments,shopping,22574,684,176.62,0.0303,0.2582
2025-10-12,TX,Shopping | Instruments,shopping,27356,890,181.8,0.032534,0.2043
2025-10-06,FL,Search | Brand,paid_search,17289,2098,98.58,0.121349,0.047
2025-10-07,FL,Search | Brand,paid_search,23831,1739,108.12,0.072972,0.0622
2025-10-08,FL,Search | Brand,paid_search,22914,1595,124.68,0.069608,0.0782
2025-10-09,FL,Search | Brand,paid_search,19352,2093,131.54,0.108154,0.0628
2025-10-10,FL,Search | Brand,paid_search,18637,1565,112.86,0.083973,0.0721
2025-10-11,FL,Search | Brand,paid_search,18469,1846,96.05,0.099951,0.052
2025-10-12,FL,Search | Brand,paid_search,16893,1640,125.01,0.097082,0.0762
2025-10-06,FL,Search | Nonbrand,paid_search,17641,833,142.23,0.04722,0.1707
2025-10-07,FL,Search | Nonbrand,paid_search,18708,606,124.11,0.032393,0.2048
2025-10-08,FL,Search | Nonbrand,paid_search,15815,867,173.72,0.054821,0.2004
2025-10-09,FL,Search | Nonbrand,paid_search,16138,844,139.63,0.052299,0.1654
2025-10-10,FL,Search | Nonbrand,paid_search,16544,663,164.44,0.040075,0.248
2025-10-11,FL,Search | Nonbrand,paid_search,15352,917,125.68,0.059732,0.1371
2025-10-12,FL,Search | Nonbrand,paid_search,19650,675,160.88,0.034351,0.2383
2025-10-06,FL,Shopping | Instruments,shopping,20365,656,109.44,0.032212,0.1668
2025-10-07,FL,Shopping | Instruments,shopping,20269,658,106.15,0.032463,0.1613
2025-10-08,FL,Shopping | Instruments,shopping,15884,567,156.59,0.035696,0.2762
2025-10-09,FL,Shopping | Instruments,shopping,14887,526,147.07,0.035333,0.2796
2025-10-10,FL,Shopping | Instruments,shopping,20872,650,113.85,0.031142,0.1752
2025-10-11,FL,Shopping | Instruments,shopping,17013,586,146.53,0.034444,0.25
2025-10-12,FL,Shopping | Instruments,shopping,19318,762,146.36,0.039445,0.1921
2025-10-06,NY,Search | Brand,paid_search,18940,1890,121.43,0.099789,0.0643
2025-10-07,NY,Search | Brand,paid_search,19831,1867,103.3,0.094146,0.0553
2025-10-08,NY,Search | Brand,paid_search,14623,1574,91.57,0.107639,0.0582
2025-10-09,NY,Search | Brand,paid_search,20649,1238,126.08,0.059954,0.1018
2025-10-10,NY,Search | Brand,paid_search,21543,1549,98.86,0.071903,0.0638
2025-10-11,NY,Search | Brand,paid_search,18009,1766,126.61,0.098062,0.0717
2025-10-12,NY,Search | Brand,paid_search,17820,1487,94.37,0.083446,0.0635
2025-10-06,NY,Search | Nonbrand,paid_search,18846,901,136.47,0.047809,0.1515
2025-10-07,NY,Search | Nonbrand,paid_search,19694,693,171.9,0.035188,0.248
2025-10-08,NY,Search | Nonbrand,paid_search,15431,677,167.67,0.043873,0.2477
2025-10-09,NY,Search | Nonbrand,paid_search,19334,990,190.29,0.051205,0.1922
2025-10-10,NY,Search | Nonbrand,paid_search,19984,644,152.21,0.032226,0.2364
2025-10-11,NY,Search | Nonbrand,paid_search,14095,775,128.0,0.054984,0.1652
2025-10-12,NY,Search | Nonbrand,paid_search,19272,924,142.7,0.047945,0.1544
2025-10-06,NY,Shopping | Instruments,shopping,22767,713,131.01,0.031317,0.1837
2025-10-07,NY,Shopping | Instruments,shopping,18766,683,137.01,0.036396,0.2006
2025-10-08,NY,Shopping | Instruments,shopping,21209,576,156.25,0.027158,0.2713
2025-10-09,NY,Shopping | Instruments,shopping,17717,596,141.23,0.03364,0.237
2025-10-10,NY,Shopping | Instruments,shopping,19924,557,167.82,0.027956,0.3013
2025-10-11,NY,Shopping | Instruments,shopping,18208,623,138.81,0.034216,0.2228
2025-10-12,NY,Shopping | Instruments,shopping,18723,638,116.53,0.034076,0.1827
2025-10-13,CA,Search | Brand,paid_search,23518,1834,146.21,0.077983,0.0797
2025-10-14,CA,Search | Brand,paid_search,25981,1863,122.35,0.071706,0.0657
2025-10-15,CA,Search | Brand,paid_search,25190,2102,150.45,0.083446,0.0716
2025-10-16,CA,Search | Brand,paid_search,27283,1645,127.3,0.060294,0.0774
2025-10-17,CA,Search | Brand,paid_search,25750,1862,148.49,0.072311,0.0797
2025-10-18,CA,Search | Brand,paid_search,21033,2177,148.82,0.103504,0.0684
2025-10-19,CA,Search | Brand,paid_search,20730,2101,139.38,0.101351,0.0663
2025-10-13,CA,Search | Nonbrand,paid_search,35738,1466,213.64,0.041021,0.1457
2025-10-14,CA,Search | Nonbrand,paid_search,25300,1133,297.98,0.044783,0.263
2025-10-15,CA,Search | Nonbrand,paid_search,33800,1663,231.97,0.049201,0.1395
2025-10-16,CA,Search | Nonbrand,paid_search,35672,1379,285.15,0.038658,0.2068
2025-10-17,CA,Search | Nonbrand,paid_search,28289,1416,246.35,0.050055,0.174
2025-10-18,CA,Search | Nonbrand,paid_search,24418,1570,225.73,0.064297,0.1438
2025-10-19,CA,Search | Nonbrand,paid_search,27246,1086,309.16,0.039859,0.2847
2025-10-13,CA,Shopping | Instruments,shopping,26539,1024,224.41,0.038585,0.2191
2025-10-14,CA,Shopping | Instruments,shopping,27460,965,220.56,0.035142,0.2286
2025-10-15,CA,Shopping | Instruments,shopping,31322,899,180.4,0.028702,0.2007
2025-10-16,CA,Shopping | Instruments,shopping,33443,885,232.33,0.026463,0.2625
2025-10-17,CA,Shopping | Instruments,shopping,23387,694,155.69,0.029675,0.2243
2025-10-18,CA,Shopping | Instruments,shopping,32821,802,189.19,0.024436,0.2359
2025-10-19,CA,Shopping | Instruments,shopping,22554,759,219.61,0.033653,0.2893
2025-10-13,TX,Search | Brand,paid_search,19012,1506,120.99,0.079213,0.0803
2025-10-14,TX,Search | Brand,paid_search,17528,1708,97.46,0.097444,0.0571
2025-10-15,TX,Search | Brand,paid_search,19446,1287,109.33,0.066183,0.0849
2025-10-16,TX,Search | Brand,paid_search,16552,1393,118.48,0.084159,0.0851
2025-10-17,TX,Search | Brand,paid_search,19139,1773,84.81,0.092638,0.0478
2025-10-18,TX,Search | Brand,paid_search,17612,1302,116.1,0.073927,0.0892
2025-10-19,TX,Search | Brand,paid_search,18582,1243,94.49,0.066893,0.076
2025-10-13,TX,Search | Nonbrand,paid_search,22950,1031,199.08,0.044924,0.1931
2025-10-14,TX,Search | Nonbrand,paid_search,29440,934,190.88,0.031726,0.2044
2025-10-15,TX,Search | Nonbrand,paid_search,21305,919,195.32,0.043135,0.2125
2025-10-16,TX,Search | Nonbrand,paid_search,27648,1271,208.61,0.045971,0.1641
2025-10-17,TX,Search | Nonbrand,paid_search,20969,906,260.26,0.043207,0.2873
2025-10-18,TX,Search | Nonbrand,paid_search,27188,1292,194.31,0.047521,0.1504
2025-10-19,TX,Search | Nonbrand,paid_search,25613,974,257.5,0.038028,0.2644
2025-10-13,TX,Shopping | Instruments,shopping,19156,642,142.59,0.033514,0.2221
2025-10-14,TX,Shopping | Instruments,shopping,22376,625,150.95,0.027932,0.2415
2025-10-15,TX,Shopping | Instruments,shopping,21347,607,121.75,0.028435,0.2006
2025-10-16,TX,Shopping | Instruments,shopping,24732,589,157.92,0.023815,0.2681
2025-10-17,TX,Shopping | Instruments,shopping,18124,788,143.59,0.043478,0.1822
2025-10-18,TX,Shopping | Instruments,shopping,22233,824,147.52,0.037062,0.179
2025-10-19,TX,Shopping | Instruments,shopping,17065,563,179.92,0.032992,0.3196
2025-10-13,FL,Search | Brand,paid_search,15115,1362,116.26,0.090109,0.0854
2025-10-14,FL,Search | Brand,paid_search,20370,1630,105.99,0.08002,0.065
2025-10-15,FL,Search | Brand,paid_search,14657,1396,85.42,0.095245,0.0612
2025-10-16,FL,Search | Brand,paid_search,19047,1405,87.74,0.073765,0.0624
2025-10-17,FL,Search | Brand,paid_search,14493,1291,106.81,0.089077,0.0827
2025-10-18,FL,Search | Brand,paid_search,17379,1954,96.1,0.112435,0.0492
2025-10-19,FL,Search | Brand,paid_search,17224,1714,87.75,0.099512,0.0512
2025-10-13,FL,Search | Nonbrand,paid_search,16595,697,147.9,0.042001,0.2122
2025-10-14,FL,Search | Nonbrand,paid_search,19772,843,179.02,0.042636,0.2124
2025-10-15,FL,Search | Nonbrand,paid_search,19658,657,139.66,0.033422,0.2126
2025-10-16,FL,Search | Nonbrand,paid_search,13510,877,127.93,0.064915,0.1459
2025-10-17,FL,Search | Nonbrand,paid_search,18119,743,149.81,0.041007,0.2016
2025-10-18,FL,Search | Nonbrand,paid_search,16718,856,174.23,0.051202,0.2035
2025-10-19,FL,Search | Nonbrand,paid_search,16178,606,118.18,0.037458,0.195
2025-10-13,FL,Shopping | Instruments,shopping,15654,637,153.39,0.040692,0.2408
2025-10-14,FL,Shopping | Instruments,shopping,17761,548,130.87,0.030854,0.2388
2025-10-15,FL,Shopping | Instruments,shopping,16699,519,151.55,0.03108,0.292
2025-10-16,FL,Shopping | Instruments,shopping,21449,522,115.88,0.024337,0.222
2025-10-17,FL,Shopping | Instruments,shopping,20912,631,154.03,0.030174,0.2441
2025-10-18,FL,Shopping | Instruments,shopping,19071,648,100.69,0.033978,0.1554
2025-10-19,FL,Shopping | Instruments,shopping,20554,710,144.71,0.034543,0.2038
2025-10-13,NY,Search | Brand,paid_search,19356,1612,97.82,0.083282,0.0607
2025-10-14,NY,Search | Brand,paid_search,16372,1505,103.49,0.091925,0.0688
2025-10-15,NY,Search | Brand,paid_search,19447,1734,102.44,0.089165,0.0591
2025-10-16,NY,Search | Brand,paid_search,16653,1656,123.32,0.099442,0.0745
2025-10-17,NY,Search | Brand,paid_search,19663,1911,108.53,0.097188,0.0568
2025-10-18,NY,Search | Brand,paid_search,22968,1481,98.39,0.064481,0.0664
2025-10-19,NY,Search | Brand,paid_search,16267,1509,124.22,0.092764,0.0823
2025-10-13,NY,Search | Nonbrand,paid_search,17612,650,161.77,0.036907,0.2489
2025-10-14,NY,Search | Nonbrand,paid_search,15841,859,147.39,0.054226,0.1716
2025-10-15,NY,Search | Nonbrand,paid_search,23403,683,178.72,0.029184,0.2617
2025-10-16,NY,Search | Nonbrand,paid_search,19097,950,147.17,0.049746,0.1549
2025-10-17,NY,Search | Nonbrand,paid_search,16892,661,176.75,0.039131,0.2674
2025-10-18,NY,Search | Nonbrand,paid_search,18073,892,150.66,0.049355,0.1689
2025-10-19,NY,Search | Nonbrand,paid_search,20123,878,164.48,0.043632,0.1873
2025-10-13,NY,Shopping | Instruments,shopping,16629,599,158.02,0.036021,0.2638
2025-10-14,NY,Shopping | Instruments,shopping,20919,460,146.6,0.02199,0.3187
2025-10-15,NY,Shopping | Instruments,shopping,19427,572,131.12,0.029444,0.2292
2025-10-16,NY,Shopping | Instruments,shopping,18137,485,121.41,0.026741,0.2503
2025-10-17,NY,Shopping | Instruments,shopping,17240,627,117.6,0.036369,0.1876
2025-10-18,NY,Shopping | Instruments,shopping,18090,667,119.44,0.036871,0.1791
2025-10-19,NY,Shopping | Instruments,shopping,19664,495,142.56,0.025173,0.288
2025-10-20,CA,Search | Brand,paid_search,21339,1833,138.46,0.085899,0.0755
2025-10-21,CA,Search | Brand,paid_search,26392,1725,128.04,0.065361,0.0742
2025-10-22,CA,Search | Brand,paid_search,23043,2163,131.83,0.093868,0.0609
2025-10-23,CA,Search | Brand,paid_search,21540,1555,100.46,0.072191,0.0646
2025-10-24,CA,Search | Brand,paid_search,20456,1910,138.54,0.093371,0.0725
2025-10-25,CA,Search | Brand,paid_search,19903,1992,128.6,0.100085,0.0646
2025-10-26,CA,Search | Brand,paid_search,18994,2149,113.74,0.113141,0.0529
2025-10-20,CA,Search | Nonbrand,paid_search,29606,1223,256.48,0.041309,0.2097
2025-10-21,CA,Search | Nonbrand,paid_search,27907,1020,180.39,0.03655,0.1769
2025-10-22,CA,Search | Nonbrand,paid_search,27112,1209,229.49,0.044593,0.1898
2025-10-23,CA,Search | Nonbrand,paid_search,28422,1403,200.03,0.049363,0.1426
2025-10-24,CA,Search | Nonbrand,paid_search,26130,1419,235.18,0.054305,0.1657
2025-10-25,CA,Search | Nonbrand,paid_search,25442,1373,254.5,0.053966,0.1854
2025-10-26,CA,Search | Nonbrand,paid_search,23413,982,261.0,0.041943,0.2658
2025-10-20,CA,Shopping | Instruments,shopping,28841,1070,175.92,0.0371,0.1644
2025-10-21,CA,Shopping | Instruments,shopping,33586,901,240.29,0.026827,0.2667
2025-10-22,CA,Shopping | Instruments,shopping,27965,1086,167.44,0.038834,0.1542
2025-10-23,CA,Shopping | Instruments,shopping,25371,1044,214.39,0.041149,0.2054
2025-10-24,CA,Shopping | Instruments,shopping,23721,852,180.92,0.035918,0.2123
2025-10-25,CA,Shopping | Instruments,shopping,24206,962,191.8,0.039742,0.1994
2025-10-26,CA,Shopping | Instruments,shopping,30796,763,229.53,0.024776,0.3008
2025-10-20,TX,Search | Brand,paid_search,20338,2088,103.5,0.102665,0.0496
2025-10-21,TX,Search | Brand,paid_search,26380,1716,125.6,0.065049,0.0732
2025-10-22,TX,Search | Brand,paid_search,23537,2213,146.48,0.094022,0.0662
2025-10-23,TX,Search | Brand,paid_search,23214,1765,147.03,0.076032,0.0833
2025-10-24,TX,Search | Brand,paid_search,17760,1950,102.16,0.109797,0.0524
2025-10-25,TX,Search | Brand,paid_search,25701,1527,137.23,0.059414,0.0899
2025-10-26,TX,Search | Brand,paid_search,19016,2188,142.48,0.115061,0.0651
2025-10-20,TX,Search | Nonbrand,paid_search,17165,1074,160.31,0.062569,0.1493
2025-10-21,TX,Search | Nonbrand,paid_search,18223,937,177.18,0.051419,0.1891
2025-10-22,TX,Search | Nonbrand,paid_search,21297,822,217.72,0.038597,0.2649
2025-10-23,TX,Search | Nonbrand,paid_search,20113,887,144.18,0.044101,0.1625
2025-10-24,TX,Search | Nonbrand,paid_search,23292,971,153.94,0.041688,0.1585
2025-10-25,TX,Search | Nonbrand,paid_search,23583,759,180.77,0.032184,0.2382
2025-10-26,TX,Search | Nonbrand,paid_search,18413,806,187.83,0.043773,0.233
2025-10-20,TX,Shopping | Instruments,shopping,23229,629,172.34,0.027078,0.274
2025-10-21,TX,Shopping | Instruments,shopping,19176,574,142.51,0.029933,0.2483
2025-10-22,TX,Shopping | Instruments,shopping,19683,615,132.72,0.031245,0.2158
2025-10-23,TX,Shopping | Instruments,shopping,22620,828,182.12,0.036605,0.2199
2025-10-24,TX,Shopping | Instruments,shopping,24460,602,124.31,0.024612,0.2065
2025-10-25,TX,Shopping | Instruments,shopping,18085,877,163.56,0.048493,0.1865
2025-10-26,TX,Shopping | Instruments,shopping,17210,813,122.56,0.04724,0.1508
2025-10-20,FL,Search | Brand,paid_search,22289,1605,97.13,0.072009,0.0605
2025-10-21,FL,Search | Brand,paid_search,15427,1519,126.8,0.098464,0.0835
2025-10-22,FL,Search | Brand,paid_search,19418,1275,95.1,0.065661,0.0746
2025-10-23,FL,Search | Brand,paid_search,19340,1868,93.35,0.096587,0.05
2025-10-24,FL,Search | Brand,paid_search,17611,1456,97.11,0.082676,0.0667
2025-10-25,FL,Search | Brand,paid_search,15225,1926,90.67,0.126502,0.0471
2025-10-26,FL,Search | Brand,paid_search,15977,1662,126.52,0.104025,0.0761
2025-10-20,FL,Search | Nonbrand,paid_search,22040,778,143.22,0.035299,0.1841
2025-10-21,FL,Search | Nonbrand,paid_search,22201,598,146.65,0.026936,0.2452
2025-10-22,FL,Search | Nonbrand,paid_search,16541,911,175.76,0.055075,0.1929
2025-10-23,FL,Search | Nonbrand,paid_search,16858,803,142.01,0.047633,0.1768
2025-10-24,FL,Search | Nonbrand,paid_search,20855,840,199.01,0.040278,0.2369
2025-10-25,FL,Search | Nonbrand,paid_search,19453,704,181.41,0.03619,0.2577
2025-10-26,FL,Search | Nonbrand,paid_search,17132,865,173.62,0.05049,0.2007
2025-10-20,FL,Shopping | Instruments,shopping,16589,452,147.96,0.027247,0.3273
2025-10-21,FL,Shopping | Instruments,shopping,14999,606,115.32,0.040403,0.1903
2025-10-22,FL,Shopping | Instruments,shopping,20661,645,131.1,0.031218,0.2032
2025-10-23,FL,Shopping | Instruments,shopping,16440,444,123.07,0.027007,0.2772
2025-10-24,FL,Shopping | Instruments,shopping,19231,519,118.96,0.026988,0.2292
2025-10-25,FL,Shopping | Instruments,shopping,15895,557,158.57,0.035042,0.2847
2025-10-26,FL,Shopping | Instruments,shopping,22756,611,116.34,0.02685,0.1904
2025-10-20,NY,Search | Brand,paid_search,18230,1195,83.14,0.065551,0.0696
2025-10-21,NY,Search | Brand,paid_search,16051,1440,121.07,0.089714,0.0841
2025-10-22,NY,Search | Brand,paid_search,13456,1543,103.94,0.11467,0.0674
2025-10-23,NY,Search | Brand,paid_search,14300,1339,78.22,0.093636,0.0584
2025-10-24,NY,Search | Brand,paid_search,18468,1373,84.35,0.074345,0.0614
2025-10-25,NY,Search | Brand,paid_search,17610,1450,78.52,0.08234,0.0541
2025-10-26,NY,Search | Brand,paid_search,16242,1423,114.04,0.087612,0.0801
2025-10-20,NY,Search | Nonbrand,paid_search,17627,950,164.58,0.053895,0.1732
2025-10-21,NY,Search | Nonbrand,paid_search,19779,832,174.85,0.042065,0.2102
2025-10-22,NY,Search | Nonbrand,paid_search,20752,976,167.49,0.047032,0.1716
2025-10-23,NY,Search | Nonbrand,paid_search,24664,988,172.37,0.040058,0.1745
2025-10-24,NY,Search | Nonbrand,paid_search,18264,828,182.34,0.045335,0.2202
2025-10-25,NY,Search | Nonbrand,paid_search,25856,1057,213.76,0.04088,0.2022
2025-10-26,NY,Search | Nonbrand,paid_search,19227,925,181.66,0.048109,0.1964
2025-10-20,NY,Shopping | Instruments,shopping,19211,664,128.48,0.034564,0.1935
2025-10-21,NY,Shopping | Instruments,shopping,22771,679,164.66,0.029819,0.2425
2025-10-22,NY,Shopping | Instruments,shopping,24267,630,169.05,0.025961,0.2683
2025-10-23,NY,Shopping | Instruments,shopping,21680,760,149.34,0.035055,0.1965
2025-10-24,NY,Shopping | Instruments,shopping,19379,628,141.78,0.032406,0.2258
2025-10-25,NY,Shopping | Instruments,shopping,16054,821,163.0,0.05114,0.1985
2025-10-26,NY,Shopping | Instruments,shopping,21558,579,127.11,0.026858,0.2195
2025-10-27,CA,Search | Brand,paid_search,23996,1739,134.45,0.07247,0.0773
2025-10-28,CA,Search | Brand,paid_search,23153,2128,143.4,0.09191,0.0674
2025-10-29,CA,Search | Brand,paid_search,24198,1961,125.49,0.08104,0.064
2025-10-30,CA,Search | Brand,paid_search,22564,1960,100.72,0.086864,0.0514
2025-10-31,CA,Search | Brand,paid_search,22182,1756,131.06,0.079163,0.0746
2025-11-01,CA,Search | Brand,paid_search,22485,1832,111.7,0.081477,0.061
2025-11-02,CA,Search | Brand,paid_search,15887,2076,149.06,0.130673,0.0718
2025-10-27,CA,Search | Nonbrand,paid_search,29885,1048,259.06,0.035068,0.2472
2025-10-28,CA,Search | Nonbrand,paid_search,28676,1300,267.3,0.045334,0.2056
2025-10-29,CA,Search | Nonbrand,paid_search,26261,959,258.03,0.036518,0.2691
2025-10-30,CA,Search | Nonbrand,paid_search,23614,1414,250.2,0.05988,0.1769
2025-10-31,CA,Search | Nonbrand,paid_search,29274,1141,208.44,0.038977,0.1827
2025-11-01,CA,Search | Nonbrand,paid_search,31403,1440,215.96,0.045855,0.15
2025-11-02,CA,Search | Nonbrand,paid_search,22155,1330,185.91,0.060032,0.1398
2025-10-27,CA,Shopping | Instruments,shopping,28644,946,210.2,0.033026,0.2222
2025-10-28,CA,Shopping | Instruments,shopping,24736,793,221.02,0.032059,0.2787
2025-10-29,CA,Shopping | Instruments,shopping,32785,912,207.64,0.027818,0.2277
2025-10-30,CA,Shopping | Instruments,shopping,31637,810,240.83,0.025603,0.2973
2025-10-31,CA,Shopping | Instruments,shopping,29533,940,194.44,0.031829,0.2069
2025-11-01,CA,Shopping | Instruments,shopping,29968,794,200.0,0.026495,0.2519
2025-11-02,CA,Shopping | Instruments,shopping,27746,977,202.22,0.035212,0.207
2025-10-27,TX,Search | Brand,paid_search,17386,1390,100.09,0.079949,0.072
2025-10-28,TX,Search | Brand,paid_search,17536,1266,132.07,0.072194,0.1043
2025-10-29,TX,Search | Brand,paid_search,20102,1864,128.61,0.092727,0.069
2025-10-30,TX,Search | Brand,paid_search,18592,1844,116.79,0.099182,0.0633
2025-10-31,TX,Search | Brand,paid_search,18990,1667,94.81,0.087783,0.0569
2025-11-01,TX,Search | Brand,paid_search,23266,1626,89.13,0.069887,0.0548
2025-11-02,TX,Search | Brand,paid_search,21330,1796,134.26,0.084201,0.0748
2025-10-27,TX,Search | Nonbrand,paid_search,28578,1102,237.75,0.038561,0.2157
2025-10-28,TX,Search | Nonbrand,paid_search,23786,920,210.41,0.038678,0.2287
2025-10-29,TX,Search | Nonbrand,paid_search,24499,1133,241.45,0.046247,0.2131
2025-10-30,TX,Search | Nonbrand,paid_search,26143,1130,205.11,0.043224,0.1815
2025-10-31,TX,Search | Nonbrand,paid_search,28002,1217,170.7,0.043461,0.1403
2025-11-01,TX,Search | Nonbrand,paid_search,21429,1034,249.9,0.048252,0.2417
2025-11-02,TX,Search | Nonbrand,paid_search,20832,1108,174.81,0.053187,0.1578
2025-10-27,TX,Shopping | Instruments,shopping,21652,790,131.86,0.036486,0.1669
2025-10-28,TX,Shopping | Instruments,shopping,22973,787,176.22,0.034258,0.2239
2025-10-29,TX,Shopping | Instruments,shopping,23804,764,170.02,0.032095,0.2225
2025-10-30,TX,Shopping | Instruments,shopping,25941,751,139.15,0.02895,0.1853
2025-10-31,TX,Shopping | Instruments,shopping,23995,537,141.94,0.02238,0.2643
2025-11-01,TX,Shopping | Instruments,shopping,18759,583,188.47,0.031078,0.3233
2025-11-02,TX,Shopping | Instruments,shopping,20772,522,189.2,0.02513,0.3625
2025-10-27,FL,Search | Brand,paid_search,16249,1533,81.8,0.094344,0.0534
2025-10-28,FL,Search | Brand,paid_search,12543,1617,101.78,0.128917,0.0629
2025-10-29,FL,Search | Brand,paid_search,18771,1414,90.5,0.075329,0.064
2025-10-30,FL,Search | Brand,paid_search,15394,1492,97.94,0.096921,0.0656
2025-10-31,FL,Search | Brand,paid_search,16814,1192,98.86,0.070893,0.0829
2025-11-01,FL,Search | Brand,paid_search,15187,1403,99.82,0.092382,0.0711
2025-11-02,FL,Search | Brand,paid_search,18273,1185,86.04,0.06485,0.0726
2025-10-27,FL,Search | Nonbrand,paid_search,13993,843,160.91,0.060244,0.1909
2025-10-28,FL,Search | Nonbrand,paid_search,15948,599,152.58,0.03756,0.2547
2025-10-29,FL,Search | Nonbrand,paid_search,16074,578,134.99,0.035959,0.2335
2025-10-30,FL,Search | Nonbrand,paid_search,13344,815,162.86,0.061076,0.1998
2025-10-31,FL,Search | Nonbrand,paid_search,19813,743,142.48,0.037501,0.1918
2025-11-01,FL,Search | Nonbrand,paid_search,20346,849,123.34,0.041728,0.1453
2025-11-02,FL,Search | Nonbrand,paid_search,20298,715,153.26,0.035225,0.2144
2025-10-27,FL,Shopping | Instruments,shopping,21961,595,119.02,0.027093,0.2
2025-10-28,FL,Shopping | Instruments,shopping,22739,595,163.31,0.026166,0.2745
2025-10-29,FL,Shopping | Instruments,shopping,18768,584,138.88,0.031117,0.2378
2025-10-30,FL,Shopping | Instruments,shopping,20048,571,151.71,0.028482,0.2657
2025-10-31,FL,Shopping | Instruments,shopping,20056,809,109.29,0.040337,0.1351
2025-11-01,FL,Shopping | Instruments,shopping,15956,631,156.43,0.039546,0.2479
2025-11-02,FL,Shopping | Instruments,shopping,16019,819,137.28,0.051127,0.1676
2025-10-27,NY,Search | Brand,paid_search,16720,1717,93.61,0.102691,0.0545
2025-10-28,NY,Search | Brand,paid_search,18921,1261,111.89,0.066646,0.0887
2025-10-29,NY,Search | Brand,paid_search,14440,1537,85.64,0.10644,0.0557
2025-10-30,NY,Search | Brand,paid_search,19164,1674,97.45,0.087351,0.0582
2025-10-31,NY,Search | Brand,paid_search,18203,1715,86.05,0.094215,0.0502
2025-11-01,NY,Search | Brand,paid_search,18818,1259,114.19,0.066904,0.0907
2025-11-02,NY,Search | Brand,paid_search,14129,1490,109.46,0.105457,0.0735
2025-10-27,NY,Search | Nonbrand,paid_search,16505,787,162.91,0.047683,0.207
2025-10-28,NY,Search | Nonbrand,paid_search,22128,781,191.39,0.035295,0.2451
2025-10-29,NY,Search | Nonbrand,paid_search,16179,796,169.18,0.0492,0.2125
2025-10-30,NY,Search | Nonbrand,paid_search,19699,811,157.9,0.04117,0.1947
2025-10-31,NY,Search | Nonbrand,paid_search,22673,718,181.38,0.031668,0.2526
2025-11-01,NY,Search | Nonbrand,paid_search,22824,813,150.89,0.03562,0.1856
2025-11-02,NY,Search | Nonbrand,paid_search,19292,832,184.33,0.043127,0.2216
2025-10-27,NY,Shopping | Instruments,shopping,19314,658,147.65,0.034069,0.2244
2025-10-28,NY,Shopping | Instruments,shopping,20125,738,138.83,0.036671,0.1881
2025-10-29,NY,Shopping | Instruments,shopping,20483,528,158.56,0.025777,0.3003
2025-10-30,NY,Shopping | Instruments,shopping,20195,509,128.2,0.025204,0.2519
2025-10-31,NY,Shopping | Instruments,shopping,18771,687,114.27,0.036599,0.1663
2025-11-01,NY,Shopping | Instruments,shopping,17391,536,157.95,0.030821,0.2947
2025-11-02,NY,Shopping | Instruments,shopping,20768,642,141.27,0.030913,0.2201
2025-11-03,CA,Search | Brand,paid_search,37528,3474,184.92,0.092571,0.0532
2025-11-04,CA,Search | Brand,paid_search,40304,3421,240.41,0.08488,0.0703
2025-11-05,CA,Search | Brand,paid_search,37210,2506,206.0,0.067347,0.0822
2025-11-06,CA,Search | Brand,paid_search,34746,3762,230.15,0.108271,0.0612
2025-11-07,CA,Search | Brand,paid_search,44713,3737,179.4,0.083577,0.048
2025-11-08,CA,Search | Brand,paid_search,31103,3019,188.37,0.097065,0.0624
2025-11-09,CA,Search | Brand,paid_search,32873,2650,269.9,0.080613,0.1019
2025-11-03,CA,Search | Nonbrand,paid_search,34248,1936,302.2,0.056529,0.1561
2025-11-04,CA,Search | Nonbrand,paid_search,37419,1601,370.61,0.042786,0.2315
2025-11-05,CA,Search | Nonbrand,paid_search,40094,1933,324.73,0.048212,0.168
2025-11-06,CA,Search | Nonbrand,paid_search,50162,1838,403.64,0.036641,0.2196
2025-11-07,CA,Search | Nonbrand,paid_search,36542,1751,338.44,0.047917,0.1933
2025-11-08,CA,Search | Nonbrand,paid_search,39566,1469,365.07,0.037128,0.2485
2025-11-09,CA,Search | Nonbrand,paid_search,45779,1470,336.07,0.032111,0.2286
2025-11-03,CA,Shopping | Instruments,shopping,34197,1541,301.92,0.045062,0.1959
2025-11-04,CA,Shopping | Instruments,shopping,40599,1138,258.74,0.02803,0.2274
2025-11-05,CA,Shopping | Instruments,shopping,35517,1034,266.55,0.029113,0.2578
2025-11-06,CA,Shopping | Instruments,shopping,40692,1084,266.82,0.026639,0.2461
2025-11-07,CA,Shopping | Instruments,shopping,38327,1313,309.3,0.034258,0.2356
2025-11-08,CA,Shopping | Instruments,shopping,34175,1388,245.02,0.040614,0.1765
2025-11-09,CA,Shopping | Instruments,shopping,36786,1031,225.75,0.028027,0.219
2025-11-03,TX,Search | Brand,paid_search,21344,2401,170.86,0.112491,0.0712
2025-11-04,TX,Search | Brand,paid_search,26930,2038,129.56,0.075678,0.0636
2025-11-05,TX,Search | Brand,paid_search,29503,2350,180.62,0.079653,0.0769
2025-11-06,TX,Search | Brand,paid_search,30319,1935,131.14,0.063821,0.0678
2025-11-07,TX,Search | Brand,paid_search,23600,2086,167.81,0.08839,0.0804
2025-11-08,TX,Search | Brand,paid_search,30060,1837,170.89,0.061111,0.093
2025-11-09,TX,Search | Brand,paid_search,23777,1938,125.2,0.081507,0.0646
2025-11-03,TX,Search | Nonbrand,paid_search,32741,1359,324.73,0.041508,0.2389
2025-11-04,TX,Search | Nonbrand,paid_search,35696,1327,282.97,0.037175,0.2132
2025-11-05,TX,Search | Nonbrand,paid_search,33050,1349,303.56,0.040817,0.225
2025-11-06,TX,Search | Nonbrand,paid_search,34858,1438,272.25,0.041253,0.1893
2025-11-07,TX,Search | Nonbrand,paid_search,32518,1170,246.71,0.03598,0.2109
2025-11-08,TX,Search | Nonbrand,paid_search,26226,1405,251.68,0.053573,0.1791
2025-11-09,TX,Search | Nonbrand,paid_search,29620,1590,250.59,0.05368,0.1576
2025-11-03,TX,Shopping | Instruments,shopping,32269,906,167.15,0.028076,0.1845
2025-11-04,TX,Shopping | Instruments,shopping,24516,891,198.35,0.036344,0.2226
2025-11-05,TX,Shopping | Instruments,shopping,30573,1030,224.84,0.03369,0.2183
2025-11-06,TX,Shopping | Instruments,shopping,23773,854,171.09,0.035923,0.2003
2025-11-07,TX,Shopping | Instruments,shopping,23511,879,197.88,0.037387,0.2251
2025-11-08,TX,Shopping | Instruments,shopping,33672,775,239.65,0.023016,0.3092
2025-11-09,TX,Shopping | Instruments,shopping,24084,781,186.3,0.032428,0.2385
2025-11-03,FL,Search | Brand,paid_search,25999,2344,105.32,0.090157,0.0449
2025-11-04,FL,Search | Brand,paid_search,21057,1926,110.24,0.091466,0.0572
2025-11-05,FL,Search | Brand,paid_search,21926,2350,154.39,0.107179,0.0657
2025-11-06,FL,Search | Brand,paid_search,24662,1961,154.21,0.079515,0.0786
2025-11-07,FL,Search | Brand,paid_search,23134,1782,118.68,0.077029,0.0666
2025-11-08,FL,Search | Brand,paid_search,21217,1980,127.66,0.093321,0.0645
2025-11-09,FL,Search | Brand,paid_search,21238,2125,153.06,0.100057,0.072
2025-11-03,FL,Search | Nonbrand,paid_search,22517,1098,231.93,0.048763,0.2112
2025-11-04,FL,Search | Nonbrand,paid_search,23214,881,179.1,0.037951,0.2033
2025-11-05,FL,Search | Nonbrand,paid_search,28514,1057,181.12,0.03707,0.1714
2025-11-06,FL,Search | Nonbrand,paid_search,19768,908,255.53,0.045933,0.2814
2025-11-07,FL,Search | Nonbrand,paid_search,27576,930,225.83,0.033725,0.2428
2025-11-08,FL,Search | Nonbrand,paid_search,23669,961,223.11,0.040602,0.2322
2025-11-09,FL,Search | Nonbrand,paid_search,28759,1114,199.93,0.038736,0.1795
2025-11-03,FL,Shopping | Instruments,shopping,21731,740,181.91,0.034053,0.2458
2025-11-04,FL,Shopping | Instruments,shopping,25900,678,213.31,0.026178,0.3146
2025-11-05,FL,Shopping | Instruments,shopping,31749,728,205.51,0.02293,0.2823
2025-11-06,FL,Shopping | Instruments,shopping,21658,838,169.42,0.038692,0.2022
2025-11-07,FL,Shopping | Instruments,shopping,30341,973,194.05,0.032069,0.1994
2025-11-08,FL,Shopping | Instruments,shopping,32528,951,173.94,0.029236,0.1829
2025-11-09,FL,Shopping | Instruments,shopping,21933,749,199.89,0.034149,0.2669
2025-11-03,NY,Search | Brand,paid_search,22798,2389,174.78,0.10479,0.0732
2025-11-04,NY,Search | Brand,paid_search,29998,2367,176.54,0.078905,0.0746
2025-11-05,NY,Search | Brand,paid_search,31781,1980,161.31,0.062301,0.0815
2025-11-06,NY,Search | Brand,paid_search,21297,2428,120.5,0.114007,0.0496
2025-11-07,NY,Search | Brand,paid_search,23863,2323,157.33,0.097347,0.0677
2025-11-08,NY,Search | Brand,paid_search,27721,2361,164.42,0.08517,0.0696
2025-11-09,NY,Search | Brand,paid_search,30611,2219,135.91,0.07249,0.0612
2025-11-03,NY,Search | Nonbrand,paid_search,32210,1420,236.24,0.044086,0.1664
2025-11-04,NY,Search | Nonbrand,paid_search,36102,1198,287.79,0.033184,0.2402
2025-11-05,NY,Search | Nonbrand,paid_search,29472,1667,281.15,0.056562,0.1687
2025-11-06,NY,Search | Nonbrand,paid_search,25791,1661,313.09,0.064402,0.1885
2025-11-07,NY,Search | Nonbrand,paid_search,32215,1299,262.45,0.040323,0.202
2025-11-08,NY,Search | Nonbrand,paid_search,28149,1544,261.85,0.054851,0.1696
2025-11-09,NY,Search | Nonbrand,paid_search,35293,1237,242.82,0.035049,0.1963
2025-11-03,NY,Shopping | Instruments,shopping,29601,875,226.45,0.02956,0.2588
2025-11-04,NY,Shopping | Instruments,shopping,25254,813,211.29,0.032193,0.2599
2025-11-05,NY,Shopping | Instruments,shopping,28176,827,208.21,0.029351,0.2518
2025-11-06,NY,Shopping | Instruments,shopping,31796,841,224.91,0.02645,0.2674
2025-11-07,NY,Shopping | Instruments,shopping,27875,824,182.51,0.029561,0.2215
2025-11-08,NY,Shopping | Instruments,shopping,30872,770,158.09,0.024942,0.2053
2025-11-09,NY,Shopping | Instruments,shopping,23837,885,209.89,0.037127,0.2372
2025-11-10,CA,Search | Brand,paid_search,28372,2313,139.19,0.081524,0.0602
2025-11-11,CA,Search | Brand,paid_search,33180,2465,181.65,0.074292,0.0737
2025-11-12,CA,Search | Brand,paid_search,28246,2740,162.5,0.097005,0.0593
2025-11-13,CA,Search | Brand,paid_search,28589,1758,189.64,0.061492,0.1079
2025-11-14,CA,Search | Brand,paid_search,31135,2074,138.52,0.066613,0.0668
2025-11-15,CA,Search | Brand,paid_search,28571,2670,180.69,0.093451,0.0677
2025-11-16,CA,Search | Brand,paid_search,23021,2402,174.27,0.10434,0.0726
2025-11-10,CA,Search | Nonbrand,paid_search,38628,1199,352.05,0.03104,0.2936
2025-11-11,CA,Search | Nonbrand,paid_search,43404,1170,326.81,0.026956,0.2793
2025-11-12,CA,Search | Nonbrand,paid_search,30158,1497,275.58,0.049639,0.1841
2025-11-13,CA,Search | Nonbrand,paid_search,33123,1779,276.79,0.053709,0.1556
2025-11-14,CA,Search | Nonbrand,paid_search,30665,1537,269.09,0.050122,0.1751
2025-11-15,CA,Search | Nonbrand,paid_search,37447,1580,300.5,0.042193,0.1902
2025-11-16,CA,Search | Nonbrand,paid_search,31166,1482,302.65,0.047552,0.2042
2025-11-10,CA,Shopping | Instruments,shopping,37577,1148,330.97,0.030551,0.2883
2025-11-11,CA,Shopping | Instruments,shopping,31433,1062,288.74,0.033786,0.2719
2025-11-12,CA,Shopping | Instruments,shopping,39052,1559,259.49,0.039921,0.1664
2025-11-13,CA,Shopping | Instruments,shopping,34494,1185,223.48,0.034354,0.1886
2025-11-14,CA,Shopping | Instruments,shopping,41116,1550,269.43,0.037698,0.1738
2025-11-15,CA,Shopping | Instruments,shopping,34206,1501,271.97,0.043881,0.1812
2025-11-16,CA,Shopping | Instruments,shopping,45994,1059,255.78,0.023025,0.2415
2025-11-10,TX,Search | Brand,paid_search,21599,2574,137.09,0.119172,0.0533
2025-11-11,TX,Search | Brand,paid_search,26580,2081,122.01,0.078292,0.0586
2025-11-12,TX,Search | Brand,paid_search,27010,1863,126.59,0.068974,0.068
2025-11-13,TX,Search | Brand,paid_search,21729,2711,123.04,0.124764,0.0454
2025-11-14,TX,Search | Brand,paid_search,26221,1790,161.18,0.068266,0.09
2025-11-15,TX,Search | Brand,paid_search,21481,2540,163.85,0.118244,0.0645
2025-11-16,TX,Search | Brand,paid_search,29363,2055,175.35,0.069986,0.0853
2025-11-10,TX,Search | Nonbrand,paid_search,25657,1303,250.09,0.050785,0.1919
2025-11-11,TX,Search | Nonbrand,paid_search,37369,1358,237.98,0.03634,0.1752
2025-11-12,TX,Search | Nonbrand,paid_search,30748,1554,227.3,0.05054,0.1463
2025-11-13,TX,Search | Nonbrand,paid_search,36298,1265,233.01,0.03485,0.1842
2025-11-14,TX,Search | Nonbrand,paid_search,27183,1095,327.9,0.040283,0.2994
2025-11-15,TX,Search | Nonbrand,paid_search,25952,1314,311.95,0.050632,0.2374
2025-11-16,TX,Search | Nonbrand,paid_search,36729,1164,303.23,0.031692,0.2605
2025-11-10,TX,Shopping | Instruments,shopping,25590,755,193.34,0.029504,0.2561
2025-11-11,TX,Shopping | Instruments,shopping,25719,813,161.89,0.031611,0.1991
2025-11-12,TX,Shopping | Instruments,shopping,26240,1055,198.55,0.040206,0.1882
2025-11-13,TX,Shopping | Instruments,shopping,27285,753,185.25,0.027598,0.246
2025-11-14,TX,Shopping | Instruments,shopping,28357,946,145.92,0.03336,0.1542
2025-11-15,TX,Shopping | Instruments,shopping,20776,761,175.29,0.036629,0.2303
2025-11-16,TX,Shopping | Instruments,shopping,19516,900,188.84,0.046116,0.2098
2025-11-10,FL,Search | Brand,paid_search,19766,2368,141.48,0.119802,0.0597
2025-11-11,FL,Search | Brand,paid_search,21403,1823,130.46,0.085175,0.0716
2025-11-12,FL,Search | Brand,paid_search,23493,1794,116.87,0.076363,0.0651
2025-11-13,FL,Search | Brand,paid_search,20090,2294,125.19,0.114186,0.0546
2025-11-14,FL,Search | Brand,paid_search,29373,2094,116.63,0.07129,0.0557
2025-11-15,FL,Search | Brand,paid_search,19638,2640,174.83,0.134433,0.0662
2025-11-16,FL,Search | Brand,paid_search,28476,1795,135.52,0.063036,0.0755
2025-11-10,FL,Search | Nonbrand,paid_search,26369,1081,174.76,0.040995,0.1617
2025-11-11,FL,Search | Nonbrand,paid_search,19767,1128,207.9,0.057065,0.1843
2025-11-12,FL,Search | Nonbrand,paid_search,23407,1130,184.46,0.048276,0.1632
2025-11-13,FL,Search | Nonbrand,paid_search,19969,1081,192.09,0.054134,0.1777
2025-11-14,FL,Search | Nonbrand,paid_search,24219,782,179.71,0.032289,0.2298
2025-11-15,FL,Search | Nonbrand,paid_search,25547,939,242.37,0.036756,0.2581
2025-11-16,FL,Search | Nonbrand,paid_search,26508,1080,244.47,0.040742,0.2264
2025-11-10,FL,Shopping | Instruments,shopping,28144,707,159.93,0.025121,0.2262
2025-11-11,FL,Shopping | Instruments,shopping,23242,816,194.75,0.035109,0.2387
2025-11-12,FL,Shopping | Instruments,shopping,26906,996,169.6,0.037018,0.1703
2025-11-13,FL,Shopping | Instruments,shopping,27029,856,186.15,0.03167,0.2175
2025-11-14,FL,Shopping | Instruments,shopping,29085,844,209.53,0.029018,0.2483
2025-11-15,FL,Shopping | Instruments,shopping,26874,987,198.62,0.036727,0.2012
2025-11-16,FL,Shopping | Instruments,shopping,24193,954,216.84,0.039433,0.2273
2025-11-10,NY,Search | Brand,paid_search,30599,1987,168.47,0.064937,0.0848
2025-11-11,NY,Search | Brand,paid_search,28466,1737,135.61,0.06102,0.0781
2025-11-12,NY,Search | Brand,paid_search,20179,2003,115.89,0.099262,0.0579
2025-11-13,NY,Search | Brand,paid_search,23381,2527,174.02,0.108079,0.0689
2025-11-14,NY,Search | Brand,paid_search,28217,2579,154.2,0.091399,0.0598
2025-11-15,NY,Search | Brand,paid_search,26250,2515,160.99,0.09581,0.064
2025-11-16,NY,Search | Brand,paid_search,21669,2221,127.63,0.102497,0.0575
2025-11-10,NY,Search | Nonbrand,paid_search,21212,995,186.76,0.046907,0.1877
2025-11-11,NY,Search | Nonbrand,paid_search,21304,857,186.6,0.040227,0.2177
2025-11-12,NY,Search | Nonbrand,paid_search,20242,959,237.48,0.047377,0.2476
2025-11-13,NY,Search | Nonbrand,paid_search,26935,1086,173.07,0.040319,0.1594
2025-11-14,NY,Search | Nonbrand,paid_search,25537,955,209.75,0.037397,0.2196
2025-11-15,NY,Search | Nonbrand,paid_search,20687,838,217.35,0.040509,0.2594
2025-11-16,NY,Search | Nonbrand,paid_search,28059,1051,199.18,0.037457,0.1895
2025-11-10,NY,Shopping | Instruments,shopping,24245,776,154.0,0.032007,0.1985
2025-11-11,NY,Shopping | Instruments,shopping,24192,715,160.36,0.029555,0.2243
2025-11-12,NY,Shopping | Instruments,shopping,27635,839,223.54,0.03036,0.2664
2025-11-13,NY,Shopping | Instruments,shopping,21999,705,214.53,0.032047,0.3043
2025-11-14,NY,Shopping | Instruments,shopping,23868,913,220.83,0.038252,0.2419
2025-11-15,NY,Shopping | Instruments,shopping,29943,920,163.14,0.030725,0.1773
2025-11-16,NY,Shopping | Instruments,shopping,28647,743,163.42,0.025936,0.2199
2025-11-17,CA,Search | Brand,paid_search,38597,3479,167.74,0.090137,0.0482
2025-11-18,CA,Search | Brand,paid_search,26265,3629,168.28,0.138169,0.0464
2025-11-19,CA,Search | Brand,paid_search,36803,2566,208.01,0.069723,0.0811
2025-11-20,CA,Search | Brand,paid_search,29760,3085,194.99,0.103663,0.0632
2025-11-21,CA,Search | Brand,paid_search,32183,3076,211.42,0.095578,0.0687
2025-11-22,CA,Search | Brand,paid_search,34167,2997,231.22,0.087716,0.0772
2025-11-23,CA,Search | Brand,paid_search,38766,2602,190.27,0.067121,0.0731
2025-11-17,CA,Search | Nonbrand,paid_search,42206,1424,310.95,0.033739,0.2184
2025-11-18,CA,Search | Nonbrand,paid_search,40731,1517,350.0,0.037244,0.2307
2025-11-19,CA,Search | Nonbrand,paid_search,29542,1631,351.26,0.05521,0.2154
2025-11-20,CA,Search | Nonbrand,paid_search,33574,1959,280.68,0.058349,0.1433
2025-11-21,CA,Search | Nonbrand,paid_search,43945,2130,334.07,0.04847,0.1568
2025-11-22,CA,Search | Nonbrand,paid_search,32722,1752,327.53,0.053542,0.1869
2025-11-23,CA,Search | Nonbrand,paid_search,37430,1459,282.79,0.038979,0.1938
2025-11-17,CA,Shopping | Instruments,shopping,39146,1362,217.87,0.034793,0.16
2025-11-18,CA,Shopping | Instruments,shopping,38242,1345,321.38,0.035171,0.2389
2025-11-19,CA,Shopping | Instruments,shopping,31085,1140,235.92,0.036674,0.2069
2025-11-20,CA,Shopping | Instruments,shopping,46286,1394,272.05,0.030117,0.1952
2025-11-21,CA,Shopping | Instruments,shopping,42700,1241,329.63,0.029063,0.2656
2025-11-22,CA,Shopping | Instruments,shopping,34784,1424,233.95,0.040938,0.1643
2025-11-23,CA,Shopping | Instruments,shopping,33022,963,299.11,0.029162,0.3106
2025-11-17,TX,Search | Brand,paid_search,22966,1732,169.68,0.075416,0.098
2025-11-18,TX,Search | Brand,paid_search,23428,2372,113.47,0.101246,0.0478
2025-11-19,TX,Search | Brand,paid_search,24133,2120,151.01,0.087847,0.0712
2025-11-20,TX,Search | Brand,paid_search,19640,1728,135.68,0.087984,0.0785
2025-11-21,TX,Search | Brand,paid_search,29463,2271,109.66,0.07708,0.0483
2025-11-22,TX,Search | Brand,paid_search,23866,1678,152.02,0.070309,0.0906
2025-11-23,TX,Search | Brand,paid_search,22285,1985,130.01,0.089073,0.0655
2025-11-17,TX,Search | Nonbrand,paid_search,30219,1036,251.19,0.034283,0.2425
2025-11-18,TX,Search | Nonbrand,paid_search,27948,1037,177.75,0.037105,0.1714
2025-11-19,TX,Search | Nonbrand,paid_search,25440,1020,226.91,0.040094,0.2225
2025-11-20,TX,Search | Nonbrand,paid_search,24467,1274,237.96,0.05207,0.1868
2025-11-21,TX,Search | Nonbrand,paid_search,26884,989,264.32,0.036788,0.2673
2025-11-22,TX,Search | Nonbrand,paid_search,26352,1194,238.04,0.04531,0.1994
2025-11-23,TX,Search | Nonbrand,paid_search,28268,1375,234.21,0.048642,0.1703
2025-11-17,TX,Shopping | Instruments,shopping,28545,1011,153.95,0.035418,0.1523
2025-11-18,TX,Shopping | Instruments,shopping,25685,858,193.68,0.033405,0.2257
2025-11-19,TX,Shopping | Instruments,shopping,25365,830,208.23,0.032722,0.2509
2025-11-20,TX,Shopping | Instruments,shopping,22678,903,197.91,0.039818,0.2192
2025-11-21,TX,Shopping | Instruments,shopping,32040,722,160.4,0.022534,0.2222
2025-11-22,TX,Shopping | Instruments,shopping,23351,944,206.35,0.040427,0.2186
2025-11-23,TX,Shopping | Instruments,shopping,23767,831,185.78,0.034964,0.2236
2025-11-17,FL,Search | Brand,paid_search,24642,1469,132.47,0.059614,0.0902
2025-11-18,FL,Search | Brand,paid_search,17487,1648,94.98,0.094241,0.0576
2025-11-19,FL,Search | Brand,paid_search,18143,1739,137.95,0.09585,0.0793
2025-11-20,FL,Search | Brand,paid_search,18046,1624,115.58,0.089992,0.0712
2025-11-21,FL,Search | Brand,paid_search,17696,1620,124.94,0.091546,0.0771
2025-11-22,FL,Search | Brand,paid_search,23456,1484,94.18,0.063267,0.0635
2025-11-23,FL,Search | Brand,paid_search,18510,1446,100.18,0.07812,0.0693
2025-11-17,FL,Search | Nonbrand,paid_search,21891,966,271.01,0.044128,0.2806
2025-11-18,FL,Search | Nonbrand,paid_search,25214,939,185.11,0.037241,0.1971
2025-11-19,FL,Search | Nonbrand,paid_search,24446,1272,211.5,0.052033,0.1663
2025-11-20,FL,Search | Nonbrand,paid_search,30762,1013,193.17,0.03293,0.1907
2025-11-21,FL,Search | Nonbrand,paid_search,24726,969,247.46,0.03919,0.2554
2025-11-22,FL,Search | Nonbrand,paid_search,28548,971,218.61,0.034013,0.2251
2025-11-23,FL,Search | Nonbrand,paid_search,28264,1190,254.26,0.042103,0.2137
2025-11-17,FL,Shopping | Instruments,shopping,23880,849,145.88,0.035553,0.1718
2025-11-18,FL,Shopping | Instruments,shopping,23596,768,170.95,0.032548,0.2226
2025-11-19,FL,Shopping | Instruments,shopping,29685,807,222.93,0.027185,0.2762
2025-11-20,FL,Shopping | Instruments,shopping,19969,890,201.64,0.044569,0.2266
2025-11-21,FL,Shopping | Instruments,shopping,22494,630,217.07,0.028007,0.3446
2025-11-22,FL,Shopping | Instruments,shopping,26948,922,155.55,0.034214,0.1687
2025-11-23,FL,Shopping | Instruments,shopping,29396,692,152.97,0.023541,0.2211
2025-11-17,NY,Search | Brand,paid_search,27524,2219,162.77,0.080621,0.0734
2025-11-18,NY,Search | Brand,paid_search,23892,1880,166.9,0.078687,0.0888
2025-11-19,NY,Search | Brand,paid_search,26646,2093,158.91,0.078548,0.0759
2025-11-20,NY,Search | Brand,paid_search,29416,1947,139.12,0.066188,0.0715
2025-11-21,NY,Search | Brand,paid_search,23880,2161,134.76,0.090494,0.0624
2025-11-22,NY,Search | Brand,paid_search,21309,1993,141.22,0.093529,0.0709
2025-11-23,NY,Search | Brand,paid_search,29484,2003,152.8,0.067935,0.0763
2025-11-17,NY,Search | Nonbrand,paid_search,29153,1287,263.86,0.044146,0.205
2025-11-18,NY,Search | Nonbrand,paid_search,29838,1040,269.84,0.034855,0.2595
2025-11-19,NY,Search | Nonbrand,paid_search,26830,1128,248.63,0.042042,0.2204
2025-11-20,NY,Search | Nonbrand,paid_search,22631,1269,191.95,0.056074,0.1513
2025-11-21,NY,Search | Nonbrand,paid_search,28723,1368,211.54,0.047627,0.1546
2025-11-22,NY,Search | Nonbrand,paid_search,24403,1345,227.53,0.055116,0.1692
2025-11-23,NY,Search | Nonbrand,paid_search,30543,1435,238.9,0.046983,0.1665
2025-11-17,NY,Shopping | Instruments,shopping,19941,718,226.39,0.036006,0.3153
2025-11-18,NY,Shopping | Instruments,shopping,27150,904,172.49,0.033297,0.1908
2025-11-19,NY,Shopping | Instruments,shopping,27093,913,166.79,0.033699,0.1827
2025-11-20,NY,Shopping | Instruments,shopping,26647,899,162.6,0.033737,0.1809
2025-11-21,NY,Shopping | Instruments,shopping,30890,1033,163.73,0.033441,0.1585
2025-11-22,NY,Shopping | Instruments,shopping,28588,801,192.43,0.028019,0.2402
2025-11-23,NY,Shopping | Instruments,shopping,23886,694,241.77,0.029055,0.3484
2025-11-24,CA,Search | Brand,paid_search,30595,2584,171.08,0.084458,0.0662
2025-11-25,CA,Search | Brand,paid_search,34535,2972,218.25,0.086058,0.0734
2025-11-26,CA,Search | Brand,paid_search,25115,2234,169.77,0.088951,0.076
2025-11-27,CA,Search | Brand,paid_search,33355,3269,191.72,0.098006,0.0586
2025-11-28,CA,Search | Brand,paid_search,37703,2907,207.52,0.077103,0.0714
2025-11-29,CA,Search | Brand,paid_search,37725,2534,152.91,0.06717,0.0603
2025-11-30,CA,Search | Brand,paid_search,25332,2486,190.03,0.098137,0.0764
2025-11-24,CA,Search | Nonbrand,paid_search,31384,1612,404.68,0.051364,0.251
2025-11-25,CA,Search | Nonbrand,paid_search,42780,1850,311.34,0.043245,0.1683
2025-11-26,CA,Search | Nonbrand,paid_search,39243,1414,327.99,0.036032,0.232
2025-11-27,CA,Search | Nonbrand,paid_search,46714,1895,337.05,0.040566,0.1779
2025-11-28,CA,Search | Nonbrand,paid_search,43760,1380,393.9,0.031536,0.2854
2025-11-29,CA,Search | Nonbrand,paid_search,48179,1425,329.65,0.029577,0.2313
2025-11-30,CA,Search | Nonbrand,paid_search,32007,1776,338.36,0.055488,0.1905
2025-11-24,CA,Shopping | Instruments,shopping,45583,1007,258.14,0.022092,0.2563
2025-11-25,CA,Shopping | Instruments,shopping,34425,1035,315.05,0.030065,0.3044
2025-11-26,CA,Shopping | Instruments,shopping,47199,1071,258.27,0.022691,0.2411
2025-11-27,CA,Shopping | Instruments,shopping,37156,1260,314.78,0.033911,0.2498
2025-11-28,CA,Shopping | Instruments,shopping,33511,1323,319.73,0.03948,0.2417
2025-11-29,CA,Shopping | Instruments,shopping,47254,1062,264.32,0.022474,0.2489
2025-11-30,CA,Shopping | Instruments,shopping,33335,1522,274.64,0.045658,0.1804
2025-11-24,TX,Search | Brand,paid_search,24216,2591,148.43,0.106995,0.0573
2025-11-25,TX,Search | Brand,paid_search,23955,2823,150.95,0.117846,0.0535
2025-11-26,TX,Search | Brand,paid_search,28671,1900,161.94,0.066269,0.0852
2025-11-27,TX,Search | Brand,paid_search,26884,2486,188.1,0.092471,0.0757
2025-11-28,TX,Search | Brand,paid_search,25960,2849,127.29,0.109746,0.0447
2025-11-29,TX,Search | Brand,paid_search,26810,2509,130.31,0.093584,0.0519
2025-11-30,TX,Search | Brand,paid_search,29583,1914,172.23,0.064699,0.09
2025-11-24,TX,Search | Nonbrand,paid_search,39362,1611,338.79,0.040928,0.2103
2025-11-25,TX,Search | Nonbrand,paid_search,30669,1760,235.03,0.057387,0.1335
2025-11-26,TX,Search | Nonbrand,paid_search,29853,1407,295.63,0.047131,0.2101
2025-11-27,TX,Search | Nonbrand,paid_search,42168,1226,240.22,0.029074,0.1959
2025-11-28,TX,Search | Nonbrand,paid_search,38584,1324,329.46,0.034315,0.2488
2025-11-29,TX,Search | Nonbrand,paid_search,32386,1288,346.76,0.03977,0.2692
2025-11-30,TX,Search | Nonbrand,paid_search,33967,1334,338.22,0.039273,0.2535
2025-11-24,TX,Shopping | Instruments,shopping,35823,1063,215.91,0.029674,0.2031
2025-11-25,TX,Shopping | Instruments,shopping,30531,802,244.74,0.026268,0.3052
2025-11-26,TX,Shopping | Instruments,shopping,36595,1051,216.1,0.02872,0.2056
2025-11-27,TX,Shopping | Instruments,shopping,26263,1054,207.87,0.040133,0.1972
2025-11-28,TX,Shopping | Instruments,shopping,31061,904,206.51,0.029104,0.2284
2025-11-29,TX,Shopping | Instruments,shopping,28325,1179,255.15,0.041624,0.2164
2025-11-30,TX,Shopping | Instruments,shopping,30402,921,230.53,0.030294,0.2503
2025-11-24,FL,Search | Brand,paid_search,23353,1732,150.63,0.074166,0.087
2025-11-25,FL,Search | Brand,paid_search,21650,2172,122.74,0.100323,0.0565
2025-11-26,FL,Search | Brand,paid_search,28004,1848,124.45,0.065991,0.0673
2025-11-27,FL,Search | Brand,paid_search,21796,1782,142.23,0.081758,0.0798
2025-11-28,FL,Search | Brand,paid_search,23703,1706,137.73,0.071974,0.0807
2025-11-29,FL,Search | Brand,paid_search,26510,2372,146.77,0.089476,0.0619
2025-11-30,FL,Search | Brand,paid_search,23690,1759,153.93,0.074251,0.0875
2025-11-24,FL,Search | Nonbrand,paid_search,25026,1162,261.68,0.046432,0.2252
2025-11-25,FL,Search | Nonbrand,paid_search,26401,1420,195.91,0.053786,0.138
2025-11-26,FL,Search | Nonbrand,paid_search,32209,1360,298.7,0.042224,0.2196
2025-11-27,FL,Search | Nonbrand,paid_search,30852,1384,294.88,0.044859,0.2131
2025-11-28,FL,Search | Nonbrand,paid_search,23534,1242,231.94,0.052775,0.1867
2025-11-29,FL,Search | Nonbrand,paid_search,31806,1207,246.25,0.037949,0.204
2025-11-30,FL,Search | Nonbrand,paid_search,31890,998,205.42,0.031295,0.2058
2025-11-24,FL,Shopping | Instruments,shopping,29311,1148,180.59,0.039166,0.1573
2025-11-25,FL,Shopping | Instruments,shopping,29427,867,251.33,0.029463,0.2899
2025-11-26,FL,Shopping | Instruments,shopping,31965,840,209.38,0.026279,0.2493
2025-11-27,FL,Shopping | Instruments,shopping,33151,1006,242.29,0.030346,0.2408
2025-11-28,FL,Shopping | Instruments,shopping,30470,1082,183.03,0.03551,0.1692
2025-11-29,FL,Shopping | Instruments,shopping,29132,852,184.76,0.029246,0.2169
2025-11-30,FL,Shopping | Instruments,shopping,22876,1147,234.21,0.05014,0.2042
2025-11-24,NY,Search | Brand,paid_search,24371,2294,157.52,0.094128,0.0687
2025-11-25,NY,Search | Brand,paid_search,32885,2359,135.47,0.071735,0.0574
2025-11-26,NY,Search | Brand,paid_search,26983,2580,170.98,0.095616,0.0663
2025-11-27,NY,Search | Brand,paid_search,30991,2045,187.53,0.065987,0.0917
2025-11-28,NY,Search | Brand,paid_search,26304,2537,165.22,0.096449,0.0651
2025-11-29,NY,Search | Brand,paid_search,31301,1747,192.43,0.055813,0.1101
2025-11-30,NY,Search | Brand,paid_search,30097,2559,167.87,0.085025,0.0656
2025-11-24,NY,Search | Nonbrand,paid_search,34341,1502,257.67,0.043738,0.1715
2025-11-25,NY,Search | Nonbrand,paid_search,31156,1364,304.73,0.04378,0.2234
2025-11-26,NY,Search | Nonbrand,paid_search,33580,1225,298.92,0.03648,0.244
2025-11-27,NY,Search | Nonbrand,paid_search,26060,1247,213.48,0.047851,0.1712
2025-11-28,NY,Search | Nonbrand,paid_search,25472,1183,271.59,0.046443,0.2296
2025-11-29,NY,Search | Nonbrand,paid_search,31326,1089,244.81,0.034763,0.2248
2025-11-30,NY,Search | Nonbrand,paid_search,33254,1352,259.43,0.040657,0.1919
2025-11-24,NY,Shopping | Instruments,shopping,29395,946,228.98,0.032182,0.242
2025-11-25,NY,Shopping | Instruments,shopping,31046,936,218.51,0.030149,0.2334
2025-11-26,NY,Shopping | Instruments,shopping,26725,830,238.46,0.031057,0.2873
2025-11-27,NY,Shopping | Instruments,shopping,28900,892,166.19,0.030865,0.1863
2025-11-28,NY,Shopping | Instruments,shopping,33636,897,219.08,0.026668,0.2442
2025-11-29,NY,Shopping | Instruments,shopping,27116,791,194.33,0.029171,0.2457
2025-11-30,NY,Shopping | Instruments,shopping,23959,705,180.05,0.029425,0.2554
2025-12-01,CA,Search | Brand,paid_search,39482,2759,174.78,0.06988,0.0633
2025-12-02,CA,Search | Brand,paid_search,31870,2618,191.32,0.082146,0.0731
2025-12-03,CA,Search | Brand,paid_search,35912,3000,220.61,0.083538,0.0735
2025-12-04,CA,Search | Brand,paid_search,36826,3263,187.71,0.088606,0.0575
2025-12-05,CA,Search | Brand,paid_search,33330,3297,204.56,0.09892,0.062
2025-12-06,CA,Search | Brand,paid_search,31213,2549,203.06,0.081665,0.0797
2025-12-07,CA,Search | Brand,paid_search,28509,2499,193.39,0.087657,0.0774
2025-12-01,CA,Search | Nonbrand,paid_search,36601,1605,265.5,0.043851,0.1654
2025-12-02,CA,Search | Nonbrand,paid_search,29452,1450,347.1,0.049233,0.2394
2025-12-03,CA,Search | Nonbrand,paid_search,31024,1385,311.31,0.044643,0.2248
2025-12-04,CA,Search | Nonbrand,paid_search,32428,1174,333.54,0.036203,0.2841
2025-12-05,CA,Search | Nonbrand,paid_search,42132,1452,347.06,0.034463,0.239
2025-12-06,CA,Search | Nonbrand,paid_search,37426,1431,262.94,0.038235,0.1837
2025-12-07,CA,Search | Nonbrand,paid_search,35445,1221,235.33,0.034448,0.1927
2025-12-01,CA,Shopping | Instruments,shopping,35345,1132,263.89,0.032027,0.2331
2025-12-02,CA,Shopping | Instruments,shopping,45501,1226,251.86,0.026944,0.2054
2025-12-03,CA,Shopping | Instruments,shopping,48927,1237,357.62,0.025283,0.2891
2025-12-04,CA,Shopping | Instruments,shopping,43068,1262,251.89,0.029302,0.1996
2025-12-05,CA,Shopping | Instruments,shopping,45712,1527,342.17,0.033405,0.2241
2025-12-06,CA,Shopping | Instruments,shopping,35528,1027,366.15,0.028907,0.3565
2025-12-07,CA,Shopping | Instruments,shopping,36898,1457,261.48,0.039487,0.1795
2025-12-01,TX,Search | Brand,paid_search,28067,1884,141.73,0.067125,0.0752
2025-12-02,TX,Search | Brand,paid_search,27411,2737,116.71,0.09985,0.0426
2025-12-03,TX,Search | Brand,paid_search,28641,2148,161.84,0.074997,0.0753
2025-12-04,TX,Search | Brand,paid_search,20930,2001,157.58,0.095604,0.0788
2025-12-05,TX,Search | Brand,paid_search,27788,2086,136.92,0.075068,0.0656
2025-12-06,TX,Search | Brand,paid_search,22524,2465,178.03,0.109439,0.0722
2025-12-07,TX,Search | Brand,paid_search,22806,2319,140.56,0.101684,0.0606
2025-12-01,TX,Search | Nonbrand,paid_search,35769,1111,253.56,0.03106,0.2282
2025-12-02,TX,Search | Nonbrand,paid_search,31541,1374,286.38,0.043562,0.2084
2025-12-03,TX,Search | Nonbrand,paid_search,27050,1285,235.93,0.047505,0.1836
2025-12-04,TX,Search | Nonbrand,paid_search,30071,1422,265.23,0.047288,0.1865
2025-12-05,TX,Search | Nonbrand,paid_search,30304,960,305.61,0.031679,0.3183
2025-12-06,TX,Search | Nonbrand,paid_search,30575,1309,234.94,0.042813,0.1795
2025-12-07,TX,Search | Nonbrand,paid_search,30210,1352,271.81,0.044753,0.201
2025-12-01,TX,Shopping | Instruments,shopping,37107,1145,220.93,0.030857,0.193
2025-12-02,TX,Shopping | Instruments,shopping,35953,1153,304.22,0.03207,0.2639
2025-12-03,TX,Shopping | Instruments,shopping,30339,1290,268.91,0.04252,0.2085
2025-12-04,TX,Shopping | Instruments,shopping,28038,1271,240.59,0.045331,0.1893
2025-12-05,TX,Shopping | Instruments,shopping,36528,862,200.3,0.023598,0.2324
2025-12-06,TX,Shopping | Instruments,shopping,28669,1060,244.34,0.036974,0.2305
2025-12-07,TX,Shopping | Instruments,shopping,39430,1030,220.36,0.026122,0.2139
2025-12-01,FL,Search | Brand,paid_search,21025,2443,152.24,0.116195,0.0623
2025-12-02,FL,Search | Brand,paid_search,22110,2007,126.02,0.090773,0.0628
2025-12-03,FL,Search | Brand,paid_search,18768,2212,127.97,0.11786,0.0579
2025-12-04,FL,Search | Brand,paid_search,23806,2447,153.8,0.102789,0.0629
2025-12-05,FL,Search | Brand,paid_search,28094,2027,137.39,0.072151,0.0678
2025-12-06,FL,Search | Brand,paid_search,25556,1961,106.28,0.076733,0.0542
2025-12-07,FL,Search | Brand,paid_search,22419,1575,134.61,0.070253,0.0855
2025-12-01,FL,Search | Nonbrand,paid_search,21384,1091,248.13,0.051019,0.2274
2025-12-02,FL,Search | Nonbrand,paid_search,22397,1107,220.26,0.049426,0.199
2025-12-03,FL,Search | Nonbrand,paid_search,22545,1054,246.89,0.046751,0.2342
2025-12-04,FL,Search | Nonbrand,paid_search,26456,1176,221.54,0.044451,0.1884
2025-12-05,FL,Search | Nonbrand,paid_search,29594,1129,187.36,0.03815,0.166
2025-12-06,FL,Search | Nonbrand,paid_search,31996,865,265.99,0.027035,0.3075
2025-12-07,FL,Search | Nonbrand,paid_search,27908,1331,177.45,0.047692,0.1333
2025-12-01,FL,Shopping | Instruments,shopping,25843,974,188.24,0.037689,0.1933
2025-12-02,FL,Shopping | Instruments,shopping,28516,728,200.78,0.02553,0.2758
2025-12-03,FL,Shopping | Instruments,shopping,31006,1000,241.61,0.032252,0.2416
2025-12-04,FL,Shopping | Instruments,shopping,30930,964,188.62,0.031167,0.1957
2025-12-05,FL,Shopping | Instruments,shopping,25239,719,187.11,0.028488,0.2602
2025-12-06,FL,Shopping | Instruments,shopping,32577,857,241.79,0.026307,0.2821
2025-12-07,FL,Shopping | Instruments,shopping,30156,989,222.58,0.032796,0.2251
2025-12-01,NY,Search | Brand,paid_search,19144,1891,123.1,0.098778,0.0651
2025-12-02,NY,Search | Brand,paid_search,24119,1963,131.4,0.081388,0.0669
2025-12-03,NY,Search | Brand,paid_search,18840,1834,127.15,0.097346,0.0693
2025-12-04,NY,Search | Brand,paid_search,27428,1628,124.77,0.059355,0.0766
2025-12-05,NY,Search | Brand,paid_search,23660,1691,138.34,0.071471,0.0818
2025-12-06,NY,Search | Brand,paid_search,19324,2136,132.39,0.110536,0.062
2025-12-07,NY,Search | Brand,paid_search,24558,2048,133.87,0.083394,0.0654
2025-12-01,NY,Search | Nonbrand,paid_search,20772,1314,252.44,0.063258,0.1921
2025-12-02,NY,Search | Nonbrand,paid_search,29608,1328,186.08,0.044853,0.1401
2025-12-03,NY,Search | Nonbrand,paid_search,26229,1133,234.31,0.043196,0.2068
2025-12-04,NY,Search | Nonbrand,paid_search,23420,1226,278.52,0.052348,0.2272
2025-12-05,NY,Search | Nonbrand,paid_search,30397,1236,223.19,0.040662,0.1806
2025-12-06,NY,Search | Nonbrand,paid_search,27496,1021,211.91,0.037133,0.2076
2025-12-07,NY,Search | Nonbrand,paid_search,30556,1112,234.46,0.036392,0.2108
2025-12-01,NY,Shopping | Instruments,shopping,25585,952,202.08,0.037209,0.2123
2025-12-02,NY,Shopping | Instruments,shopping,24625,863,219.78,0.035046,0.2547
2025-12-03,NY,Shopping | Instruments,shopping,31137,813,154.28,0.02611,0.1898
2025-12-04,NY,Shopping | Instruments,shopping,29598,857,194.26,0.028955,0.2267
2025-12-05,NY,Shopping | Instruments,shopping,30010,820,225.19,0.027324,0.2746
2025-12-06,NY,Shopping | Instruments,shopping,29136,904,217.04,0.031027,0.2401
2025-12-07,NY,Shopping | Instruments,shopping,29151,1087,221.91,0.037289,0.2042
2025-12-08,CA,Search | Brand,paid_search,27686,2455,167.45,0.088673,0.0682
2025-12-09,CA,Search | Brand,paid_search,30040,3065,155.79,0.102031,0.0508
2025-12-10,CA,Search | Brand,paid_search,36116,2131,216.24,0.059004,0.1015
2025-12-11,CA,Search | Brand,paid_search,31261,3068,176.32,0.098141,0.0575
2025-12-12,CA,Search | Brand,paid_search,35526,2213,230.65,0.062292,0.1042
2025-12-13,CA,Search | Brand,paid_search,34600,2590,176.52,0.074855,0.0682
2025-12-14,CA,Search | Brand,paid_search,28252,2688,173.23,0.095144,0.0644
2025-12-08,CA,Search | Nonbrand,paid_search,42639,1396,273.81,0.03274,0.1961
2025-12-09,CA,Search | Nonbrand,paid_search,30235,1807,267.08,0.059765,0.1478
2025-12-10,CA,Search | Nonbrand,paid_search,33844,1494,310.21,0.044144,0.2076
2025-12-11,CA,Search | Nonbrand,paid_search,40292,1912,347.73,0.047454,0.1819
2025-12-12,CA,Search | Nonbrand,paid_search,29225,1361,360.51,0.04657,0.2649
2025-12-13,CA,Search | Nonbrand,paid_search,38496,1670,303.62,0.043381,0.1818
2025-12-14,CA,Search | Nonbrand,paid_search,40861,1759,335.14,0.043048,0.1905
2025-12-08,CA,Shopping | Instruments,shopping,41450,1276,238.23,0.030784,0.1867
2025-12-09,CA,Shopping | Instruments,shopping,32568,1367,324.43,0.041974,0.2373
2025-12-10,CA,Shopping | Instruments,shopping,36127,1232,258.92,0.034102,0.2102
2025-12-11,CA,Shopping | Instruments,shopping,43034,1237,235.78,0.028745,0.1906
2025-12-12,CA,Shopping | Instruments,shopping,36432,1169,268.84,0.032087,0.23
2025-12-13,CA,Shopping | Instruments,shopping,31550,1215,243.79,0.03851,0.2007
2025-12-14,CA,Shopping | Instruments,shopping,45402,1275,349.27,0.028082,0.2739
2025-12-08,TX,Search | Brand,paid_search,22252,1877,124.19,0.084352,0.0662
2025-12-09,TX,Search | Brand,paid_search,28932,2463,119.87,0.085131,0.0487
2025-12-10,TX,Search | Brand,paid_search,30880,2726,168.55,0.088277,0.0618
2025-12-11,TX,Search | Brand,paid_search,28414,2505,120.05,0.088161,0.0479
2025-12-12,TX,Search | Brand,paid_search,21091,2493,161.98,0.118202,0.065
2025-12-13,TX,Search | Brand,paid_search,28094,2332,176.04,0.083007,0.0755
2025-12-14,TX,Search | Brand,paid_search,21038,1921,177.39,0.091311,0.0923
2025-12-08,TX,Search | Nonbrand,paid_search,38608,1578,290.67,0.040872,0.1842
2025-12-09,TX,Search | Nonbrand,paid_search,29057,1058,338.67,0.036411,0.3201
2025-12-10,TX,Search | Nonbrand,paid_search,28819,1553,285.75,0.053888,0.184
2025-12-11,TX,Search | Nonbrand,paid_search,36242,1474,309.27,0.040671,0.2098
2025-12-12,TX,Search | Nonbrand,paid_search,40439,1462,294.96,0.036153,0.2017
2025-12-13,TX,Search | Nonbrand,paid_search,33532,1244,263.17,0.037099,0.2116
2025-12-14,TX,Search | Nonbrand,paid_search,27980,1194,235.74,0.042673,0.1974
2025-12-08,TX,Shopping | Instruments,shopping,42812,1116,215.55,0.026067,0.1931
2025-12-09,TX,Shopping | Instruments,shopping,29826,1050,254.79,0.035204,0.2427
2025-12-10,TX,Shopping | Instruments,shopping,40109,1107,273.26,0.0276,0.2469
2025-12-11,TX,Shopping | Instruments,shopping,31050,1013,261.91,0.032625,0.2586
2025-12-12,TX,Shopping | Instruments,shopping,36599,1129,263.79,0.030848,0.2337
2025-12-13,TX,Shopping | Instruments,shopping,30174,1144,209.57,0.037913,0.1832
2025-12-14,TX,Shopping | Instruments,shopping,31655,904,265.14,0.028558,0.2933
2025-12-08,FL,Search | Brand,paid_search,21996,1709,118.37,0.077696,0.0693
2025-12-09,FL,Search | Brand,paid_search,20280,1610,149.67,0.079389,0.093
2025-12-10,FL,Search | Brand,paid_search,27021,2151,136.69,0.079605,0.0635
2025-12-11,FL,Search | Brand,paid_search,26081,1611,131.79,0.061769,0.0818
2025-12-12,FL,Search | Brand,paid_search,26255,2384,139.94,0.090802,0.0587
2025-12-13,FL,Search | Brand,paid_search,25163,1802,155.96,0.071613,0.0866
2025-12-14,FL,Search | Brand,paid_search,20564,2052,138.25,0.099786,0.0674
2025-12-08,FL,Search | Nonbrand,paid_search,22924,1321,242.98,0.057625,0.1839
2025-12-09,FL,Search | Nonbrand,paid_search,23287,1241,227.05,0.053292,0.183
2025-12-10,FL,Search | Nonbrand,paid_search,27764,944,184.55,0.034001,0.1955
2025-12-11,FL,Search | Nonbrand,paid_search,27981,1044,260.16,0.037311,0.2492
2025-12-12,FL,Search | Nonbrand,paid_search,24430,901,196.14,0.036881,0.2177
2025-12-13,FL,Search | Nonbrand,paid_search,23753,1021,251.13,0.042984,0.246
2025-12-14,FL,Search | Nonbrand,paid_search,28867,1285,177.45,0.044514,0.1381
2025-12-08,FL,Shopping | Instruments,shopping,23882,930,183.95,0.038941,0.1978
2025-12-09,FL,Shopping | Instruments,shopping,22264,652,182.82,0.029285,0.2804
2025-12-10,FL,Shopping | Instruments,shopping,27066,961,196.54,0.035506,0.2045
2025-12-11,FL,Shopping | Instruments,shopping,23874,794,163.44,0.033258,0.2058
2025-12-12,FL,Shopping | Instruments,shopping,29829,825,197.47,0.027658,0.2394
2025-12-13,FL,Shopping | Instruments,shopping,25760,686,162.82,0.02663,0.2373
2025-12-14,FL,Shopping | Instruments,shopping,26167,768,200.63,0.02935,0.2612
2025-12-08,NY,Search | Brand,paid_search,20564,2553,126.12,0.124149,0.0494
2025-12-09,NY,Search | Brand,paid_search,28257,2150,137.78,0.076087,0.0641
2025-12-10,NY,Search | Brand,paid_search,29487,1789,172.48,0.060671,0.0964
2025-12-11,NY,Search | Brand,paid_search,22547,2652,157.95,0.117621,0.0596
2025-12-12,NY,Search | Brand,paid_search,25475,1923,146.75,0.075486,0.0763
2025-12-13,NY,Search | Brand,paid_search,29958,2213,152.23,0.07387,0.0688
2025-12-14,NY,Search | Brand,paid_search,27105,2649,170.37,0.097731,0.0643
2025-12-08,NY,Search | Nonbrand,paid_search,22185,1185,232.11,0.053414,0.1959
2025-12-09,NY,Search | Nonbrand,paid_search,24449,1047,208.8,0.042824,0.1994
2025-12-10,NY,Search | Nonbrand,paid_search,31705,1137,212.19,0.035862,0.1866
2025-12-11,NY,Search | Nonbrand,paid_search,24762,1038,238.68,0.041919,0.2299
2025-12-12,NY,Search | Nonbrand,paid_search,24277,1232,250.98,0.050748,0.2037
2025-12-13,NY,Search | Nonbrand,paid_search,31987,1026,184.9,0.032076,0.1802
2025-12-14,NY,Search | Nonbrand,paid_search,24813,1100,256.29,0.044332,0.233
2025-12-08,NY,Shopping | Instruments,shopping,21377,871,221.68,0.040745,0.2545
2025-12-09,NY,Shopping | Instruments,shopping,27107,934,165.04,0.034456,0.1767
2025-12-10,NY,Shopping | Instruments,shopping,27579,874,238.46,0.031691,0.2728
2025-12-11,NY,Shopping | Instruments,shopping,26704,989,167.23,0.037036,0.1691
2025-12-12,NY,Shopping | Instruments,shopping,28423,1049,214.62,0.036907,0.2046
2025-12-13,NY,Shopping | Instruments,shopping,30386,1036,178.48,0.034095,0.1723
2025-12-14,NY,Shopping | Instruments,shopping,28437,753,182.58,0.02648,0.2425
2025-12-15,CA,Search | Brand,paid_search,40970,2799,259.45,0.068318,0.0927
2025-12-16,CA,Search | Brand,paid_search,33366,2529,187.66,0.075796,0.0742
2025-12-17,CA,Search | Brand,paid_search,41176,3885,261.84,0.094351,0.0674
2025-12-18,CA,Search | Brand,paid_search,38030,3733,264.94,0.098159,0.071
2025-12-19,CA,Search | Brand,paid_search,45681,2622,177.56,0.057398,0.0677
2025-12-20,CA,Search | Brand,paid_search,34117,2567,192.33,0.075241,0.0749
2025-12-21,CA,Search | Brand,paid_search,35590,2954,216.03,0.083001,0.0731
2025-12-15,CA,Search | Nonbrand,paid_search,44079,1827,307.0,0.041448,0.168
2025-12-16,CA,Search | Nonbrand,paid_search,41956,1375,393.16,0.032772,0.2859
2025-12-17,CA,Search | Nonbrand,paid_search,33093,1826,365.78,0.055178,0.2003
2025-12-18,CA,Search | Nonbrand,paid_search,37738,1992,368.8,0.052785,0.1851
2025-12-19,CA,Search | Nonbrand,paid_search,39505,1654,294.95,0.041868,0.1783
2025-12-20,CA,Search | Nonbrand,paid_search,45401,1484,340.72,0.032687,0.2296
2025-12-21,CA,Search | Nonbrand,paid_search,41566,1711,366.3,0.041163,0.2141
2025-12-15,CA,Shopping | Instruments,shopping,47823,1270,348.0,0.026556,0.274
2025-12-16,CA,Shopping | Instruments,shopping,47854,1295,271.79,0.027061,0.2099
2025-12-17,CA,Shopping | Instruments,shopping,37202,1198,357.34,0.032203,0.2983
2025-12-18,CA,Shopping | Instruments,shopping,36192,1418,331.21,0.03918,0.2336
2025-12-19,CA,Shopping | Instruments,shopping,37801,1095,255.33,0.028967,0.2332
2025-12-20,CA,Shopping | Instruments,shopping,35153,1206,254.31,0.034307,0.2109
2025-12-21,CA,Shopping | Instruments,shopping,45486,1507,252.1,0.033131,0.1673
2025-12-15,TX,Search | Brand,paid_search,31139,2867,194.98,0.092071,0.068
2025-12-16,TX,Search | Brand,paid_search,25917,2363,185.56,0.091176,0.0785
2025-12-17,TX,Search | Brand,paid_search,29907,2871,191.69,0.095998,0.0668
2025-12-18,TX,Search | Brand,paid_search,28876,2186,138.88,0.075703,0.0635
2025-12-19,TX,Search | Brand,paid_search,32099,2745,167.22,0.085517,0.0609
2025-12-20,TX,Search | Brand,paid_search,25925,2430,161.85,0.093732,0.0666
2025-12-21,TX,Search | Brand,paid_search,28584,2009,134.01,0.070284,0.0667
2025-12-15,TX,Search | Nonbrand,paid_search,39640,1730,252.59,0.043643,0.146
2025-12-16,TX,Search | Nonbrand,paid_search,27901,1645,269.31,0.058958,0.1637
2025-12-17,TX,Search | Nonbrand,paid_search,39390,1569,339.6,0.039832,0.2164
2025-12-18,TX,Search | Nonbrand,paid_search,30865,1465,356.02,0.047465,0.243
2025-12-19,TX,Search | Nonbrand,paid_search,31394,1495,271.14,0.047621,0.1814
2025-12-20,TX,Search | Nonbrand,paid_search,39342,1577,343.95,0.040084,0.2181
2025-12-21,TX,Search | Nonbrand,paid_search,36057,1840,270.84,0.05103,0.1472
2025-12-15,TX,Shopping | Instruments,shopping,30767,1066,252.68,0.034648,0.237
2025-12-16,TX,Shopping | Instruments,shopping,28894,834,265.1,0.028864,0.3179
2025-12-17,TX,Shopping | Instruments,shopping,37341,1137,195.15,0.030449,0.1716
2025-12-18,TX,Shopping | Instruments,shopping,30393,1111,228.55,0.036554,0.2057
2025-12-19,TX,Shopping | Instruments,shopping,32610,821,188.28,0.025176,0.2293
2025-12-20,TX,Shopping | Instruments,shopping,33559,987,202.53,0.029411,0.2052
2025-12-21,TX,Shopping | Instruments,shopping,24899,919,240.64,0.036909,0.2618
2025-12-15,FL,Search | Brand,paid_search,28233,2260,122.47,0.080048,0.0542
2025-12-16,FL,Search | Brand,paid_search,19827,1939,138.23,0.097796,0.0713
2025-12-17,FL,Search | Brand,paid_search,24136,1995,165.28,0.082657,0.0828
2025-12-18,FL,Search | Brand,paid_search,25732,2000,152.55,0.077724,0.0763
2025-12-19,FL,Search | Brand,paid_search,24351,1692,146.04,0.069484,0.0863
2025-12-20,FL,Search | Brand,paid_search,23223,1865,134.06,0.080308,0.0719
2025-12-21,FL,Search | Brand,paid_search,24723,1681,128.68,0.067993,0.0766
2025-12-15,FL,Search | Nonbrand,paid_search,27198,1260,236.34,0.046327,0.1876
2025-12-16,FL,Search | Nonbrand,paid_search,25921,1188,237.5,0.045832,0.1999
2025-12-17,FL,Search | Nonbrand,paid_search,25403,833,161.2,0.032791,0.1935
2025-12-18,FL,Search | Nonbrand,paid_search,23260,1006,156.25,0.04325,0.1553
2025-12-19,FL,Search | Nonbrand,paid_search,21796,1013,237.92,0.046476,0.2349
2025-12-20,FL,Search | Nonbrand,paid_search,24474,1263,205.61,0.051606,0.1628
2025-12-21,FL,Search | Nonbrand,paid_search,22930,904,235.65,0.039424,0.2607
2025-12-15,FL,Shopping | Instruments,shopping,27277,800,209.22,0.029329,0.2615
2025-12-16,FL,Shopping | Instruments,shopping,26350,725,182.68,0.027514,0.252
2025-12-17,FL,Shopping | Instruments,shopping,24680,651,162.3,0.026378,0.2493
2025-12-18,FL,Shopping | Instruments,shopping,23537,863,157.08,0.036666,0.182
2025-12-19,FL,Shopping | Instruments,shopping,28889,678,186.61,0.023469,0.2752
2025-12-20,FL,Shopping | Instruments,shopping,27180,938,217.62,0.034511,0.232
2025-12-21,FL,Shopping | Instruments,shopping,25503,758,205.08,0.029722,0.2706
2025-12-15,NY,Search | Brand,paid_search,25284,1988,158.03,0.078627,0.0795
2025-12-16,NY,Search | Brand,paid_search,22704,1696,157.3,0.0747,0.0927
2025-12-17,NY,Search | Brand,paid_search,20446,1741,143.12,0.085151,0.0822
2025-12-18,NY,Search | Brand,paid_search,25553,2334,117.18,0.09134,0.0502
2025-12-19,NY,Search | Brand,paid_search,20529,2435,113.12,0.118613,0.0465
2025-12-20,NY,Search | Brand,paid_search,27204,1865,127.31,0.068556,0.0683
2025-12-21,NY,Search | Brand,paid_search,23512,2056,142.3,0.087445,0.0692
2025-12-15,NY,Search | Nonbrand,paid_search,32434,1230,274.0,0.037923,0.2228
2025-12-16,NY,Search | Nonbrand,paid_search,25016,1398,278.81,0.055884,0.1994
2025-12-17,NY,Search | Nonbrand,paid_search,30989,1302,234.61,0.042015,0.1802
2025-12-18,NY,Search | Nonbrand,paid_search,26339,1456,262.43,0.055279,0.1802
2025-12-19,NY,Search | Nonbrand,paid_search,25676,1121,202.88,0.043659,0.181
2025-12-20,NY,Search | Nonbrand,paid_search,31700,1152,253.66,0.036341,0.2202
2025-12-21,NY,Search | Nonbrand,paid_search,29271,1112,225.86,0.03799,0.2031
2025-12-15,NY,Shopping | Instruments,shopping,30132,990,203.36,0.032855,0.2054
2025-12-16,NY,Shopping | Instruments,shopping,32616,1258,219.49,0.03857,0.1745
2025-12-17,NY,Shopping | Instruments,shopping,23703,1153,206.85,0.048644,0.1794
2025-12-18,NY,Shopping | Instruments,shopping,30787,840,267.94,0.027284,0.319
2025-12-19,NY,Shopping | Instruments,shopping,31952,1262,239.02,0.039497,0.1894
2025-12-20,NY,Shopping | Instruments,shopping,32188,983,210.18,0.030539,0.2138
2025-12-21,NY,Shopping | Instruments,shopping,36280,902,220.3,0.024862,0.2442
2025-12-22,CA,Search | Brand,paid_search,30693,2759,190.31,0.08989,0.069
2025-12-23,CA,Search | Brand,paid_search,30782,2812,207.12,0.091352,0.0737
2025-12-24,CA,Search | Brand,paid_search,35185,2978,142.92,0.084638,0.048
2025-12-25,CA,Search | Brand,paid_search,24621,3168,145.77,0.128671,0.046
2025-12-26,CA,Search | Brand,paid_search,32959,2342,203.94,0.071058,0.0871
2025-12-27,CA,Search | Brand,paid_search,31610,3310,171.49,0.104714,0.0518
2025-12-28,CA,Search | Brand,paid_search,34778,2619,218.09,0.075306,0.0833
2025-12-22,CA,Search | Nonbrand,paid_search,36886,1913,331.84,0.051862,0.1735
2025-12-23,CA,Search | Nonbrand,paid_search,35011,1790,327.67,0.051127,0.1831
2025-12-24,CA,Search | Nonbrand,paid_search,43878,1887,341.88,0.043006,0.1812
2025-12-25,CA,Search | Nonbrand,paid_search,40727,2140,296.22,0.052545,0.1384
2025-12-26,CA,Search | Nonbrand,paid_search,41493,1646,314.73,0.039669,0.1912
2025-12-27,CA,Search | Nonbrand,paid_search,42645,1491,426.07,0.034963,0.2858
2025-12-28,CA,Search | Nonbrand,paid_search,43404,2077,404.36,0.047853,0.1947
2025-12-22,CA,Shopping | Instruments,shopping,33885,903,280.81,0.026649,0.311
2025-12-23,CA,Shopping | Instruments,shopping,26882,945,204.14,0.035154,0.216
2025-12-24,CA,Shopping | Instruments,shopping,30741,1326,214.79,0.043135,0.162
2025-12-25,CA,Shopping | Instruments,shopping,39053,1225,250.53,0.031368,0.2045
2025-12-26,CA,Shopping | Instruments,shopping,37765,1229,241.86,0.032543,0.1968
2025-12-27,CA,Shopping | Instruments,shopping,30827,1041,249.21,0.033769,0.2394
2025-12-28,CA,Shopping | Instruments,shopping,36141,1009,252.79,0.027918,0.2505
2025-12-22,TX,Search | Brand,paid_search,34771,2631,162.16,0.075667,0.0616
2025-12-23,TX,Search | Brand,paid_search,32233,2508,143.58,0.077808,0.0572
2025-12-24,TX,Search | Brand,paid_search,24273,2136,161.21,0.087999,0.0755
2025-12-25,TX,Search | Brand,paid_search,26996,2503,171.38,0.092717,0.0685
2025-12-26,TX,Search | Brand,paid_search,30805,1914,204.61,0.062133,0.1069
2025-12-27,TX,Search | Brand,paid_search,28192,2955,179.66,0.104817,0.0608
2025-12-28,TX,Search | Brand,paid_search,27108,2874,162.79,0.10602,0.0566
2025-12-22,TX,Search | Nonbrand,paid_search,24681,1326,260.06,0.053726,0.1961
2025-12-23,TX,Search | Nonbrand,paid_search,23841,1121,291.6,0.04702,0.2601
2025-12-24,TX,Search | Nonbrand,paid_search,27060,1250,278.37,0.046194,0.2227
2025-12-25,TX,Search | Nonbrand,paid_search,26120,1339,262.82,0.051263,0.1963
2025-12-26,TX,Search | Nonbrand,paid_search,35487,1310,211.31,0.036915,0.1613
2025-12-27,TX,Search | Nonbrand,paid_search,32729,1256,217.75,0.038376,0.1734
2025-12-28,TX,Search | Nonbrand,paid_search,33068,972,223.78,0.029394,0.2302
2025-12-22,TX,Shopping | Instruments,shopping,38192,876,212.05,0.022937,0.2421
2025-12-23,TX,Shopping | Instruments,shopping,31452,1084,267.6,0.034465,0.2469
2025-12-24,TX,Shopping | Instruments,shopping,35561,878,182.29,0.02469,0.2076
2025-12-25,TX,Shopping | Instruments,shopping,27277,1099,221.9,0.04029,0.2019
2025-12-26,TX,Shopping | Instruments,shopping,27130,1200,238.84,0.044231,0.199
2025-12-27,TX,Shopping | Instruments,shopping,30066,851,230.56,0.028304,0.2709
2025-12-28,TX,Shopping | Instruments,shopping,29374,1209,223.94,0.041159,0.1852
2025-12-22,FL,Search | Brand,paid_search,20823,1999,161.09,0.096,0.0806
2025-12-23,FL,Search | Brand,paid_search,24072,2212,119.22,0.091891,0.0539
2025-12-24,FL,Search | Brand,paid_search,22737,1762,106.14,0.077495,0.0602
2025-12-25,FL,Search | Brand,paid_search,25963,1885,118.14,0.072603,0.0627
2025-12-26,FL,Search | Brand,paid_search,22356,1721,142.2,0.076982,0.0826
2025-12-27,FL,Search | Brand,paid_search,26423,1779,127.37,0.067328,0.0716
2025-12-28,FL,Search | Brand,paid_search,18331,1751,157.94,0.095521,0.0902
2025-12-22,FL,Search | Nonbrand,paid_search,30424,1131,223.74,0.037175,0.1978
2025-12-23,FL,Search | Nonbrand,paid_search,28963,972,259.63,0.03356,0.2671
2025-12-24,FL,Search | Nonbrand,paid_search,30002,1328,257.58,0.044264,0.194
2025-12-25,FL,Search | Nonbrand,paid_search,29372,1505,261.22,0.051239,0.1736
2025-12-26,FL,Search | Nonbrand,paid_search,26217,1380,245.37,0.052638,0.1778
2025-12-27,FL,Search | Nonbrand,paid_search,25441,1446,211.47,0.056837,0.1462
2025-12-28,FL,Search | Nonbrand,paid_search,26690,980,236.11,0.036718,0.2409
2025-12-22,FL,Shopping | Instruments,shopping,31922,994,183.27,0.031138,0.1844
2025-12-23,FL,Shopping | Instruments,shopping,26696,730,189.82,0.027345,0.26
2025-12-24,FL,Shopping | Instruments,shopping,25730,1029,200.55,0.039992,0.1949
2025-12-25,FL,Shopping | Instruments,shopping,24432,986,228.44,0.040357,0.2317
2025-12-26,FL,Shopping | Instruments,shopping,22290,848,187.03,0.038044,0.2206
2025-12-27,FL,Shopping | Instruments,shopping,27621,1071,184.89,0.038775,0.1726
2025-12-28,FL,Shopping | Instruments,shopping,30913,781,191.14,0.025264,0.2447
2025-12-22,NY,Search | Brand,paid_search,20732,2067,105.92,0.099701,0.0512
2025-12-23,NY,Search | Brand,paid_search,20943,2248,147.13,0.107339,0.0654
2025-12-24,NY,Search | Brand,paid_search,19867,2198,154.3,0.110636,0.0702
2025-12-25,NY,Search | Brand,paid_search,28545,2311,120.21,0.08096,0.052
2025-12-26,NY,Search | Brand,paid_search,29763,1714,155.15,0.057588,0.0905
2025-12-27,NY,Search | Brand,paid_search,21209,2137,154.79,0.100759,0.0724
2025-12-28,NY,Search | Brand,paid_search,29257,2473,150.33,0.084527,0.0608
2025-12-22,NY,Search | Nonbrand,paid_search,34678,1536,289.81,0.044293,0.1887
2025-12-23,NY,Search | Nonbrand,paid_search,34725,1133,265.72,0.032628,0.2345
2025-12-24,NY,Search | Nonbrand,paid_search,34204,1729,219.37,0.05055,0.1269
2025-12-25,NY,Search | Nonbrand,paid_search,26071,1337,228.91,0.051283,0.1712
2025-12-26,NY,Search | Nonbrand,paid_search,31082,1584,271.97,0.050962,0.1717
2025-12-27,NY,Search | Nonbrand,paid_search,32551,1189,255.42,0.036527,0.2148
2025-12-28,NY,Search | Nonbrand,paid_search,23981,1289,337.52,0.053751,0.2618
2025-12-22,NY,Shopping | Instruments,shopping,23229,689,167.63,0.029661,0.2433
2025-12-23,NY,Shopping | Instruments,shopping,18427,870,144.77,0.047213,0.1664
2025-12-24,NY,Shopping | Instruments,shopping,24172,601,204.65,0.024863,0.3405
2025-12-25,NY,Shopping | Instruments,shopping,26755,623,200.12,0.023285,0.3212
2025-12-26,NY,Shopping | Instruments,shopping,26871,793,185.16,0.029511,0.2335
2025-12-27,NY,Shopping | Instruments,shopping,25218,814,175.9,0.032279,0.2161
2025-12-28,NY,Shopping | Instruments,shopping,27897,794,164.27,0.028462,0.2069
2025-12-29,CA,Search | Brand,paid_search,37816,3070,200.67,0.081183,0.0654
2025-12-30,CA,Search | Brand,paid_search,38976,3527,203.72,0.090492,0.0578
2025-12-31,CA,Search | Brand,paid_search,39904,3037,209.0,0.076108,0.0688
2026-01-01,CA,Search | Brand,paid_search,38389,3197,251.89,0.083279,0.0788
2026-01-02,CA,Search | Brand,paid_search,28736,3971,232.49,0.138189,0.0585
2026-01-03,CA,Search | Brand,paid_search,38098,2920,193.95,0.076644,0.0664
2026-01-04,CA,Search | Brand,paid_search,36060,3294,204.56,0.091348,0.0621
2025-12-29,CA,Search | Nonbrand,paid_search,36702,1606,299.42,0.043758,0.1864
2025-12-30,CA,Search | Nonbrand,paid_search,36840,1853,331.61,0.050299,0.179
2025-12-31,CA,Search | Nonbrand,paid_search,44533,1760,400.8,0.039521,0.2277
2026-01-01,CA,Search | Nonbrand,paid_search,51826,1701,364.14,0.032821,0.2141
2026-01-02,CA,Search | Nonbrand,paid_search,34808,1859,381.88,0.053407,0.2054
2026-01-03,CA,Search | Nonbrand,paid_search,37676,2058,430.32,0.054624,0.2091
2026-01-04,CA,Search | Nonbrand,paid_search,50366,1801,309.49,0.035758,0.1718
2025-12-29,CA,Shopping | Instruments,shopping,33021,951,211.51,0.0288,0.2224
2025-12-30,CA,Shopping | Instruments,shopping,38024,1221,260.04,0.032111,0.213
2025-12-31,CA,Shopping | Instruments,shopping,31253,1270,277.46,0.040636,0.2185
2026-01-01,CA,Shopping | Instruments,shopping,39750,856,247.62,0.021535,0.2893
2026-01-02,CA,Shopping | Instruments,shopping,45637,924,253.45,0.020247,0.2743
2026-01-03,CA,Shopping | Instruments,shopping,30467,1257,283.24,0.041258,0.2253
2026-01-04,CA,Shopping | Instruments,shopping,33055,1321,275.36,0.039964,0.2084
2025-12-29,TX,Search | Brand,paid_search,30978,2087,137.76,0.06737,0.066
2025-12-30,TX,Search | Brand,paid_search,23587,2029,171.19,0.086022,0.0844
2025-12-31,TX,Search | Brand,paid_search,22362,2662,143.43,0.119041,0.0539
2026-01-01,TX,Search | Brand,paid_search,34148,2807,176.36,0.082201,0.0628
2026-01-02,TX,Search | Brand,paid_search,25632,2011,155.21,0.078457,0.0772
2026-01-03,TX,Search | Brand,paid_search,33112,2468,206.35,0.074535,0.0836
2026-01-04,TX,Search | Brand,paid_search,31368,2506,176.59,0.07989,0.0705
2025-12-29,TX,Search | Nonbrand,paid_search,30467,1333,307.62,0.043752,0.2308
2025-12-30,TX,Search | Nonbrand,paid_search,27471,1592,320.41,0.057952,0.2013
2025-12-31,TX,Search | Nonbrand,paid_search,40259,1446,306.78,0.035917,0.2122
2026-01-01,TX,Search | Nonbrand,paid_search,30167,1424,310.4,0.047204,0.218
2026-01-02,TX,Search | Nonbrand,paid_search,26462,1269,236.11,0.047956,0.1861
2026-01-03,TX,Search | Nonbrand,paid_search,28684,1619,219.03,0.056443,0.1353
2026-01-04,TX,Search | Nonbrand,paid_search,39149,1283,214.52,0.032772,0.1672
2025-12-29,TX,Shopping | Instruments,shopping,34578,1317,218.37,0.038088,0.1658
2025-12-30,TX,Shopping | Instruments,shopping,38806,913,237.54,0.023527,0.2602
2025-12-31,TX,Shopping | Instruments,shopping,32238,1007,195.78,0.031236,0.1944
2026-01-01,TX,Shopping | Instruments,shopping,28223,910,183.6,0.032243,0.2018
2026-01-02,TX,Shopping | Instruments,shopping,30889,1157,274.64,0.037457,0.2374
2026-01-03,TX,Shopping | Instruments,shopping,38921,1161,267.61,0.02983,0.2305
2026-01-04,TX,Shopping | Instruments,shopping,26382,1098,278.74,0.041619,0.2539
2025-12-29,FL,Search | Brand,paid_search,22151,2266,169.84,0.102298,0.075
2025-12-30,FL,Search | Brand,paid_search,29108,2475,131.66,0.085028,0.0532
2025-12-31,FL,Search | Brand,paid_search,28532,2251,148.68,0.078894,0.0661
2026-01-01,FL,Search | Brand,paid_search,31468,2087,149.42,0.066321,0.0716
2026-01-02,FL,Search | Brand,paid_search,31335,2426,189.99,0.077421,0.0783
2026-01-03,FL,Search | Brand,paid_search,21185,2443,162.21,0.115317,0.0664
2026-01-04,FL,Search | Brand,paid_search,22528,2214,128.77,0.098278,0.0582
2025-12-29,FL,Search | Nonbrand,paid_search,24664,1175,177.16,0.04764,0.1508
2025-12-30,FL,Search | Nonbrand,paid_search,25299,1232,216.88,0.048698,0.176
2025-12-31,FL,Search | Nonbrand,paid_search,26277,1043,219.4,0.039693,0.2104
2026-01-01,FL,Search | Nonbrand,paid_search,22192,1220,239.44,0.054975,0.1963
2026-01-02,FL,Search | Nonbrand,paid_search,31253,975,233.26,0.031197,0.2392
2026-01-03,FL,Search | Nonbrand,paid_search,22514,837,242.51,0.037177,0.2897
2026-01-04,FL,Search | Nonbrand,paid_search,23450,1051,181.93,0.044819,0.1731
2025-12-29,FL,Shopping | Instruments,shopping,26393,883,201.17,0.033456,0.2278
2025-12-30,FL,Shopping | Instruments,shopping,31281,854,219.77,0.027301,0.2573
2025-12-31,FL,Shopping | Instruments,shopping,30580,981,187.72,0.03208,0.1914
2026-01-01,FL,Shopping | Instruments,shopping,32942,1041,198.28,0.031601,0.1905
2026-01-02,FL,Shopping | Instruments,shopping,29569,1126,199.43,0.03808,0.1771
2026-01-03,FL,Shopping | Instruments,shopping,22146,843,222.94,0.038066,0.2645
2026-01-04,FL,Shopping | Instruments,shopping,29363,1140,227.05,0.038824,0.1992
2025-12-29,NY,Search | Brand,paid_search,30622,2582,172.09,0.084318,0.0666
2025-12-30,NY,Search | Brand,paid_search,29129,2378,130.47,0.081637,0.0549
2025-12-31,NY,Search | Brand,paid_search,23131,2187,169.06,0.094548,0.0773
2026-01-01,NY,Search | Brand,paid_search,28782,2250,163.6,0.078174,0.0727
2026-01-02,NY,Search | Brand,paid_search,34106,3018,182.93,0.088489,0.0606
2026-01-03,NY,Search | Brand,paid_search,31402,3003,184.81,0.095631,0.0615
2026-01-04,NY,Search | Brand,paid_search,26104,2703,176.04,0.103547,0.0651
2025-12-29,NY,Search | Nonbrand,paid_search,21265,1327,309.92,0.062403,0.2336
2025-12-30,NY,Search | Nonbrand,paid_search,27078,1286,228.34,0.047492,0.1776
2025-12-31,NY,Search | Nonbrand,paid_search,31311,1311,206.53,0.04187,0.1575
2026-01-01,NY,Search | Nonbrand,paid_search,30050,1145,226.16,0.038103,0.1975
2026-01-02,NY,Search | Nonbrand,paid_search,28596,1287,226.14,0.045006,0.1757
2026-01-03,NY,Search | Nonbrand,paid_search,30791,1303,267.31,0.042318,0.2052
2026-01-04,NY,Search | Nonbrand,paid_search,26906,1219,221.17,0.045306,0.1814
2025-12-29,NY,Shopping | Instruments,shopping,23517,765,158.11,0.03253,0.2067
2025-12-30,NY,Shopping | Instruments,shopping,28802,712,164.48,0.024721,0.231
2025-12-31,NY,Shopping | Instruments,shopping,22771,930,211.13,0.040841,0.227
2026-01-01,NY,Shopping | Instruments,shopping,28275,835,223.48,0.029531,0.2676
2026-01-02,NY,Shopping | Instruments,shopping,21399,738,161.54,0.034488,0.2189
2026-01-03,NY,Shopping | Instruments,shopping,25030,733,155.51,0.029285,0.2122
2026-01-04,NY,Shopping | Instruments,shopping,27332,959,201.06,0.035087,0.2097
2026-01-05,CA,Search | Brand,paid_search,32772,3291,204.43,0.100421,0.0621
2026-01-06,CA,Search | Brand,paid_search,28212,2603,164.84,0.092266,0.0633
2026-01-07,CA,Search | Brand,paid_search,31675,2255,161.1,0.071192,0.0714
2026-01-08,CA,Search | Brand,paid_search,26878,2534,134.98,0.094278,0.0533
2026-01-09,CA,Search | Brand,paid_search,29843,2563,179.36,0.085883,0.07
2026-01-10,CA,Search | Brand,paid_search,24520,2596,175.23,0.105873,0.0675
2026-01-11,CA,Search | Brand,paid_search,28727,2551,155.31,0.088801,0.0609
2026-01-05,CA,Search | Nonbrand,paid_search,29333,1329,236.54,0.045307,0.178
2026-01-06,CA,Search | Nonbrand,paid_search,30477,1136,272.84,0.037274,0.2402
2026-01-07,CA,Search | Nonbrand,paid_search,27907,1039,244.36,0.037231,0.2352
2026-01-08,CA,Search | Nonbrand,paid_search,30165,1389,209.66,0.046047,0.1509
2026-01-09,CA,Search | Nonbrand,paid_search,25569,1320,250.39,0.051625,0.1897
2026-01-10,CA,Search | Nonbrand,paid_search,29792,1093,254.89,0.036688,0.2332
2026-01-11,CA,Search | Nonbrand,paid_search,31750,1170,294.25,0.03685,0.2515
2026-01-05,CA,Shopping | Instruments,shopping,34945,996,237.44,0.028502,0.2384
2026-01-06,CA,Shopping | Instruments,shopping,31195,923,183.78,0.029588,0.1991
2026-01-07,CA,Shopping | Instruments,shopping,24394,1191,189.25,0.048823,0.1589
2026-01-08,CA,Shopping | Instruments,shopping,32618,1188,243.68,0.036422,0.2051
2026-01-09,CA,Shopping | Instruments,shopping,26738,889,249.27,0.033249,0.2804
2026-01-10,CA,Shopping | Instruments,shopping,27677,839,231.47,0.030314,0.2759
2026-01-11,CA,Shopping | Instruments,shopping,35401,831,198.49,0.023474,0.2389
2026-01-05,TX,Search | Brand,paid_search,20598,1718,113.1,0.083406,0.0658
2026-01-06,TX,Search | Brand,paid_search,23491,1776,114.84,0.075603,0.0647
2026-01-07,TX,Search | Brand,paid_search,15833,1674,130.29,0.105729,0.0778
2026-01-08,TX,Search | Brand,paid_search,20423,1350,112.17,0.066102,0.0831
2026-01-09,TX,Search | Brand,paid_search,22528,1854,139.1,0.082298,0.075
2026-01-10,TX,Search | Brand,paid_search,22694,1543,111.12,0.067992,0.072
2026-01-11,TX,Search | Brand,paid_search,16795,1592,105.09,0.09479,0.066
2026-01-05,TX,Search | Nonbrand,paid_search,23014,737,223.1,0.032024,0.3027
2026-01-06,TX,Search | Nonbrand,paid_search,22653,724,150.16,0.03196,0.2074
2026-01-07,TX,Search | Nonbrand,paid_search,21647,974,151.92,0.044995,0.156
2026-01-08,TX,Search | Nonbrand,paid_search,19782,992,197.89,0.050147,0.1995
2026-01-09,TX,Search | Nonbrand,paid_search,19500,1074,200.17,0.055077,0.1864
2026-01-10,TX,Search | Nonbrand,paid_search,26769,787,212.42,0.0294,0.2699
2026-01-11,TX,Search | Nonbrand,paid_search,19809,835,181.64,0.042153,0.2175
2026-01-05,TX,Shopping | Instruments,shopping,17294,613,140.82,0.035446,0.2297
2026-01-06,TX,Shopping | Instruments,shopping,21401,752,157.22,0.035139,0.2091
2026-01-07,TX,Shopping | Instruments,shopping,16572,642,133.64,0.03874,0.2082
2026-01-08,TX,Shopping | Instruments,shopping,24543,779,142.48,0.03174,0.1829
2026-01-09,TX,Shopping | Instruments,shopping,19474,745,159.02,0.038256,0.2134
2026-01-10,TX,Shopping | Instruments,shopping,24940,784,134.98,0.031435,0.1722
2026-01-11,TX,Shopping | Instruments,shopping,22295,627,186.77,0.028123,0.2979
2026-01-05,FL,Search | Brand,paid_search,17281,1510,88.4,0.087379,0.0585
2026-01-06,FL,Search | Brand,paid_search,15806,1743,120.27,0.110275,0.069
2026-01-07,FL,Search | Brand,paid_search,14979,1551,93.99,0.103545,0.0606
2026-01-08,FL,Search | Brand,paid_search,20487,1337,105.18,0.065261,0.0787
2026-01-09,FL,Search | Brand,paid_search,21048,1332,109.76,0.063284,0.0824
2026-01-10,FL,Search | Brand,paid_search,17340,1502,94.32,0.086621,0.0628
2026-01-11,FL,Search | Brand,paid_search,14761,1649,93.95,0.111713,0.057
2026-01-05,FL,Search | Nonbrand,paid_search,19101,713,155.58,0.037328,0.2182
2026-01-06,FL,Search | Nonbrand,paid_search,18097,900,203.37,0.049732,0.226
2026-01-07,FL,Search | Nonbrand,paid_search,17209,979,160.26,0.056889,0.1637
2026-01-08,FL,Search | Nonbrand,paid_search,20957,773,188.85,0.036885,0.2443
2026-01-09,FL,Search | Nonbrand,paid_search,21638,690,155.63,0.031888,0.2256
2026-01-10,FL,Search | Nonbrand,paid_search,20949,986,134.63,0.047067,0.1365
2026-01-11,FL,Search | Nonbrand,paid_search,17966,990,170.59,0.055104,0.1723
2026-01-05,FL,Shopping | Instruments,shopping,19757,707,157.48,0.035785,0.2227
2026-01-06,FL,Shopping | Instruments,shopping,23202,533,137.34,0.022972,0.2577
2026-01-07,FL,Shopping | Instruments,shopping,20723,761,144.14,0.036722,0.1894
2026-01-08,FL,Shopping | Instruments,shopping,17041,740,145.59,0.043425,0.1967
2026-01-09,FL,Shopping | Instruments,shopping,18445,513,162.43,0.027812,0.3166
2026-01-10,FL,Shopping | Instruments,shopping,25124,795,160.57,0.031643,0.202
2026-01-11,FL,Shopping | Instruments,shopping,22091,718,146.41,0.032502,0.2039
2026-01-05,NY,Search | Brand,paid_search,20346,1100,99.45,0.054065,0.0904
2026-01-06,NY,Search | Brand,paid_search,16776,1514,85.55,0.090248,0.0565
2026-01-07,NY,Search | Brand,paid_search,14888,1490,96.68,0.100081,0.0649
2026-01-08,NY,Search | Brand,paid_search,16046,1465,116.51,0.0913,0.0795
2026-01-09,NY,Search | Brand,paid_search,19830,1627,84.49,0.082047,0.0519
2026-01-10,NY,Search | Brand,paid_search,14574,1552,117.46,0.106491,0.0757
2026-01-11,NY,Search | Brand,paid_search,19360,1259,106.42,0.065031,0.0845
2026-01-05,NY,Search | Nonbrand,paid_search,20744,826,207.25,0.039819,0.2509
2026-01-06,NY,Search | Nonbrand,paid_search,19356,693,163.77,0.035803,0.2363
2026-01-07,NY,Search | Nonbrand,paid_search,19212,718,166.86,0.037372,0.2324
2026-01-08,NY,Search | Nonbrand,paid_search,22947,752,146.03,0.032771,0.1942
2026-01-09,NY,Search | Nonbrand,paid_search,18446,850,194.04,0.04608,0.2283
2026-01-10,NY,Search | Nonbrand,paid_search,22236,869,184.89,0.039081,0.2128
2026-01-11,NY,Search | Nonbrand,paid_search,17900,983,148.39,0.054916,0.151
2026-01-05,NY,Shopping | Instruments,shopping,20410,574,140.94,0.028123,0.2455
2026-01-06,NY,Shopping | Instruments,shopping,17740,565,114.73,0.031849,0.2031
2026-01-07,NY,Shopping | Instruments,shopping,20925,569,137.13,0.027192,0.241
2026-01-08,NY,Shopping | Instruments,shopping,18908,621,162.72,0.032843,0.262
2026-01-09,NY,Shopping | Instruments,shopping,16117,582,155.4,0.036111,0.267
2026-01-10,NY,Shopping | Instruments,shopping,16667,731,130.43,0.043859,0.1784
2026-01-11,NY,Shopping | Instruments,shopping,22293,582,116.69,0.026107,0.2005
2026-01-12,CA,Search | Brand,paid_search,30299,1872,188.59,0.061784,0.1007
2026-01-13,CA,Search | Brand,paid_search,33841,2742,150.72,0.081026,0.055
2026-01-14,CA,Search | Brand,paid_search,33780,2663,150.36,0.078834,0.0565
2026-01-15,CA,Search | Brand,paid_search,30763,2603,195.18,0.084615,0.075
2026-01-16,CA,Search | Brand,paid_search,23790,2021,145.53,0.084952,0.072
2026-01-17,CA,Search | Brand,paid_search,24017,2609,146.1,0.108631,0.056
2026-01-18,CA,Search | Brand,paid_search,26604,2385,201.44,0.089648,0.0845
2026-01-12,CA,Search | Nonbrand,paid_search,31581,1127,281.61,0.035686,0.2499
2026-01-13,CA,Search | Nonbrand,paid_search,29456,1315,328.8,0.044643,0.25
2026-01-14,CA,Search | Nonbrand,paid_search,35681,1508,244.94,0.042263,0.1624
2026-01-15,CA,Search | Nonbrand,paid_search,34370,1557,249.13,0.045301,0.16
2026-01-16,CA,Search | Nonbrand,paid_search,35869,1507,273.5,0.042014,0.1815
2026-01-17,CA,Search | Nonbrand,paid_search,24799,1304,284.12,0.052583,0.2179
2026-01-18,CA,Search | Nonbrand,paid_search,35738,1494,294.36,0.041804,0.197
2026-01-12,CA,Shopping | Instruments,shopping,30797,1237,238.07,0.040166,0.1925
2026-01-13,CA,Shopping | Instruments,shopping,32645,841,239.86,0.025762,0.2852
2026-01-14,CA,Shopping | Instruments,shopping,34342,973,200.6,0.028333,0.2062
2026-01-15,CA,Shopping | Instruments,shopping,35339,997,217.54,0.028212,0.2182
2026-01-16,CA,Shopping | Instruments,shopping,29841,1041,199.45,0.034885,0.1916
2026-01-17,CA,Shopping | Instruments,shopping,29471,1067,227.39,0.036205,0.2131
2026-01-18,CA,Shopping | Instruments,shopping,27914,1272,263.6,0.045569,0.2072
2026-01-12,TX,Search | Brand,paid_search,20606,1677,129.38,0.081384,0.0771
2026-01-13,TX,Search | Brand,paid_search,26750,2242,157.24,0.083813,0.0701
2026-01-14,TX,Search | Brand,paid_search,24932,2131,145.24,0.085472,0.0682
2026-01-15,TX,Search | Brand,paid_search,19190,2317,139.98,0.12074,0.0604
2026-01-16,TX,Search | Brand,paid_search,25796,1776,116.8,0.068848,0.0658
2026-01-17,TX,Search | Brand,paid_search,22124,1815,106.8,0.082038,0.0588
2026-01-18,TX,Search | Brand,paid_search,20315,2243,130.9,0.110411,0.0584
2026-01-12,TX,Search | Nonbrand,paid_search,26602,1173,204.53,0.044094,0.1744
2026-01-13,TX,Search | Nonbrand,paid_search,24028,1186,220.7,0.049359,0.1861
2026-01-14,TX,Search | Nonbrand,paid_search,20970,929,181.17,0.044301,0.195
2026-01-15,TX,Search | Nonbrand,paid_search,21129,826,216.01,0.039093,0.2615
2026-01-16,TX,Search | Nonbrand,paid_search,22463,1207,222.9,0.053733,0.1847
2026-01-17,TX,Search | Nonbrand,paid_search,26622,952,201.35,0.03576,0.2115
2026-01-18,TX,Search | Nonbrand,paid_search,26627,966,201.92,0.036279,0.209
2026-01-12,TX,Shopping | Instruments,shopping,21785,729,209.96,0.033463,0.288
2026-01-13,TX,Shopping | Instruments,shopping,27850,727,158.62,0.026104,0.2182
2026-01-14,TX,Shopping | Instruments,shopping,29409,1077,184.67,0.036621,0.1715
2026-01-15,TX,Shopping | Instruments,shopping,24344,851,194.53,0.034957,0.2286
2026-01-16,TX,Shopping | Instruments,shopping,23517,797,178.94,0.03389,0.2245
2026-01-17,TX,Shopping | Instruments,shopping,26188,818,143.06,0.031236,0.1749
2026-01-18,TX,Shopping | Instruments,shopping,23723,861,203.3,0.036294,0.2361
2026-01-12,FL,Search | Brand,paid_search,19476,1793,125.11,0.092062,0.0698
2026-01-13,FL,Search | Brand,paid_search,21343,1727,121.99,0.080916,0.0706
2026-01-14,FL,Search | Brand,paid_search,17205,1777,96.85,0.103284,0.0545
2026-01-15,FL,Search | Brand,paid_search,14759,1609,86.68,0.109018,0.0539
2026-01-16,FL,Search | Brand,paid_search,18832,1558,123.32,0.082732,0.0792
2026-01-17,FL,Search | Brand,paid_search,19533,1323,85.58,0.067732,0.0647
2026-01-18,FL,Search | Brand,paid_search,19100,1506,115.89,0.078848,0.077
2026-01-12,FL,Search | Nonbrand,paid_search,16080,676,125.95,0.04204,0.1863
2026-01-13,FL,Search | Nonbrand,paid_search,21335,905,172.43,0.042419,0.1905
2026-01-14,FL,Search | Nonbrand,paid_search,15344,651,149.68,0.042427,0.2299
2026-01-15,FL,Search | Nonbrand,paid_search,17396,781,168.72,0.044895,0.216
2026-01-16,FL,Search | Nonbrand,paid_search,19118,818,170.71,0.042787,0.2087
2026-01-17,FL,Search | Nonbrand,paid_search,18136,912,167.47,0.050287,0.1836
2026-01-18,FL,Search | Nonbrand,paid_search,23361,721,169.66,0.030863,0.2353
2026-01-12,FL,Shopping | Instruments,shopping,19682,745,125.65,0.037852,0.1687
2026-01-13,FL,Shopping | Instruments,shopping,23149,695,137.77,0.030023,0.1982
2026-01-14,FL,Shopping | Instruments,shopping,24919,620,161.44,0.024881,0.2604
2026-01-15,FL,Shopping | Instruments,shopping,17896,616,171.41,0.034421,0.2783
2026-01-16,FL,Shopping | Instruments,shopping,21925,581,165.44,0.026499,0.2847
2026-01-17,FL,Shopping | Instruments,shopping,17589,594,178.09,0.033771,0.2998
2026-01-18,FL,Shopping | Instruments,shopping,22578,599,123.93,0.02653,0.2069
2026-01-12,NY,Search | Brand,paid_search,16606,1429,133.54,0.086053,0.0934
2026-01-13,NY,Search | Brand,paid_search,23588,1674,127.55,0.070968,0.0762
2026-01-14,NY,Search | Brand,paid_search,23716,1870,124.46,0.07885,0.0666
2026-01-15,NY,Search | Brand,paid_search,22367,1270,116.59,0.05678,0.0918
2026-01-16,NY,Search | Brand,paid_search,15942,1804,94.88,0.11316,0.0526
2026-01-17,NY,Search | Brand,paid_search,16874,1660,92.61,0.098376,0.0558
2026-01-18,NY,Search | Brand,paid_search,15756,1533,92.5,0.097296,0.0603
2026-01-12,NY,Search | Nonbrand,paid_search,20989,811,190.5,0.038639,0.2349
2026-01-13,NY,Search | Nonbrand,paid_search,18725,981,193.79,0.05239,0.1975
2026-01-14,NY,Search | Nonbrand,paid_search,17491,690,144.31,0.039449,0.2091
2026-01-15,NY,Search | Nonbrand,paid_search,18455,792,147.17,0.042915,0.1858
2026-01-16,NY,Search | Nonbrand,paid_search,18574,948,131.07,0.051039,0.1383
2026-01-17,NY,Search | Nonbrand,paid_search,18116,822,155.51,0.045374,0.1892
2026-01-18,NY,Search | Nonbrand,paid_search,21046,919,184.85,0.043666,0.2011
2026-01-12,NY,Shopping | Instruments,shopping,24087,683,175.91,0.028356,0.2576
2026-01-13,NY,Shopping | Instruments,shopping,22342,738,131.03,0.033032,0.1775
2026-01-14,NY,Shopping | Instruments,shopping,22448,939,171.44,0.04183,0.1826
2026-01-15,NY,Shopping | Instruments,shopping,25687,804,157.45,0.0313,0.1958
2026-01-16,NY,Shopping | Instruments,shopping,23936,688,152.5,0.028743,0.2217
2026-01-17,NY,Shopping | Instruments,shopping,20069,737,159.84,0.036723,0.2169
2026-01-18,NY,Shopping | Instruments,shopping,19857,882,192.51,0.044418,0.2183
2026-01-19,CA,Search | Brand,paid_search,30072,2549,174.32,0.084763,0.0684
2026-01-20,CA,Search | Brand,paid_search,33119,2153,153.57,0.065008,0.0713
2026-01-21,CA,Search | Brand,paid_search,31240,2432,170.48,0.077849,0.0701
2026-01-22,CA,Search | Brand,paid_search,28487,3186,177.82,0.11184,0.0558
2026-01-23,CA,Search | Brand,paid_search,27309,2841,175.66,0.104032,0.0618
2026-01-24,CA,Search | Brand,paid_search,24726,2228,128.61,0.090108,0.0577
2026-01-25,CA,Search | Brand,paid_search,25753,2570,183.63,0.099794,0.0715
2026-01-19,CA,Search | Nonbrand,paid_search,26868,1165,211.66,0.04336,0.1817
2026-01-20,CA,Search | Nonbrand,paid_search,29448,1455,194.54,0.049409,0.1337
2026-01-21,CA,Search | Nonbrand,paid_search,32043,1184,292.8,0.03695,0.2473
2026-01-22,CA,Search | Nonbrand,paid_search,28774,1036,265.44,0.036005,0.2562
2026-01-23,CA,Search | Nonbrand,paid_search,29193,1219,218.61,0.041757,0.1793
2026-01-24,CA,Search | Nonbrand,paid_search,23539,1450,222.95,0.0616,0.1538
2026-01-25,CA,Search | Nonbrand,paid_search,24495,1091,265.51,0.04454,0.2434
2026-01-19,CA,Shopping | Instruments,shopping,26353,996,200.93,0.037795,0.2017
2026-01-20,CA,Shopping | Instruments,shopping,36672,900,236.73,0.024542,0.263
2026-01-21,CA,Shopping | Instruments,shopping,25480,943,238.56,0.037009,0.253
2026-01-22,CA,Shopping | Instruments,shopping,27601,1073,182.43,0.038875,0.17
2026-01-23,CA,Shopping | Instruments,shopping,34284,1037,237.57,0.030247,0.2291
2026-01-24,CA,Shopping | Instruments,shopping,25506,887,200.05,0.034776,0.2255
2026-01-25,CA,Shopping | Instruments,shopping,32650,819,205.27,0.025084,0.2506
2026-01-19,TX,Search | Brand,paid_search,20705,1851,93.86,0.089399,0.0507
2026-01-20,TX,Search | Brand,paid_search,22088,2020,120.62,0.091452,0.0597
2026-01-21,TX,Search | Brand,paid_search,20966,1957,123.12,0.093342,0.0629
2026-01-22,TX,Search | Brand,paid_search,18359,1482,120.38,0.080723,0.0812
2026-01-23,TX,Search | Brand,paid_search,19358,1750,140.35,0.090402,0.0802
2026-01-24,TX,Search | Brand,paid_search,23190,1604,137.07,0.069168,0.0855
2026-01-25,TX,Search | Brand,paid_search,20382,1819,105.86,0.089245,0.0582
2026-01-19,TX,Search | Nonbrand,paid_search,28618,926,219.81,0.032357,0.2374
2026-01-20,TX,Search | Nonbrand,paid_search,25207,1295,213.22,0.051375,0.1647
2026-01-21,TX,Search | Nonbrand,paid_search,27960,1400,257.24,0.050072,0.1837
2026-01-22,TX,Search | Nonbrand,paid_search,23695,1401,179.9,0.059126,0.1284
2026-01-23,TX,Search | Nonbrand,paid_search,26858,1108,250.33,0.041254,0.2259
2026-01-24,TX,Search | Nonbrand,paid_search,35503,1220,265.06,0.034363,0.2173
2026-01-25,TX,Search | Nonbrand,paid_search,24980,1253,272.69,0.05016,0.2176
2026-01-19,TX,Shopping | Instruments,shopping,21167,810,157.25,0.038267,0.1941
2026-01-20,TX,Shopping | Instruments,shopping,26281,918,182.62,0.03493,0.1989
2026-01-21,TX,Shopping | Instruments,shopping,26939,677,175.06,0.025131,0.2586
2026-01-22,TX,Shopping | Instruments,shopping,25823,797,146.52,0.030864,0.1838
2026-01-23,TX,Shopping | Instruments,shopping,22870,829,165.52,0.036248,0.1997
2026-01-24,TX,Shopping | Instruments,shopping,21297,688,180.34,0.032305,0.2621
2026-01-25,TX,Shopping | Instruments,shopping,22164,840,191.78,0.037899,0.2283
2026-01-19,FL,Search | Brand,paid_search,15929,1452,124.63,0.091154,0.0858
2026-01-20,FL,Search | Brand,paid_search,13785,1088,95.61,0.078926,0.0879
2026-01-21,FL,Search | Brand,paid_search,20918,1055,102.16,0.050435,0.0968
2026-01-22,FL,Search | Brand,paid_search,15787,1484,95.66,0.094001,0.0645
2026-01-23,FL,Search | Brand,paid_search,18078,1297,114.99,0.071745,0.0887
2026-01-24,FL,Search | Brand,paid_search,19285,1624,94.83,0.084211,0.0584
2026-01-25,FL,Search | Brand,paid_search,18965,1606,84.06,0.084682,0.0523
2026-01-19,FL,Search | Nonbrand,paid_search,21064,865,161.48,0.041065,0.1867
2026-01-20,FL,Search | Nonbrand,paid_search,18855,1052,171.63,0.055794,0.1631
2026-01-21,FL,Search | Nonbrand,paid_search,20744,803,168.06,0.03871,0.2093
2026-01-22,FL,Search | Nonbrand,paid_search,20766,919,139.18,0.044255,0.1514
2026-01-23,FL,Search | Nonbrand,paid_search,20659,862,159.3,0.041725,0.1848
2026-01-24,FL,Search | Nonbrand,paid_search,17858,764,175.69,0.042782,0.23
2026-01-25,FL,Search | Nonbrand,paid_search,16675,712,199.6,0.042699,0.2803
2026-01-19,FL,Shopping | Instruments,shopping,21664,674,124.06,0.031112,0.1841
2026-01-20,FL,Shopping | Instruments,shopping,18479,555,162.94,0.030034,0.2936
2026-01-21,FL,Shopping | Instruments,shopping,20654,513,138.08,0.024838,0.2692
2026-01-22,FL,Shopping | Instruments,shopping,16504,696,137.2,0.042172,0.1971
2026-01-23,FL,Shopping | Instruments,shopping,25334,674,135.7,0.026605,0.2013
2026-01-24,FL,Shopping | Instruments,shopping,16898,475,180.78,0.02811,0.3806
2026-01-25,FL,Shopping | Instruments,shopping,20387,623,128.66,0.030559,0.2065
2026-01-19,NY,Search | Brand,paid_search,22564,1874,135.06,0.083053,0.0721
2026-01-20,NY,Search | Brand,paid_search,24465,1585,110.64,0.064786,0.0698
2026-01-21,NY,Search | Brand,paid_search,23634,1863,110.57,0.078827,0.0593
2026-01-22,NY,Search | Brand,paid_search,21787,1647,130.25,0.075596,0.0791
2026-01-23,NY,Search | Brand,paid_search,16558,1821,109.47,0.109977,0.0601
2026-01-24,NY,Search | Brand,paid_search,22729,1371,146.79,0.060319,0.1071
2026-01-25,NY,Search | Brand,paid_search,18602,1692,129.18,0.090958,0.0763
2026-01-19,NY,Search | Nonbrand,paid_search,22354,1046,198.93,0.046793,0.1902
2026-01-20,NY,Search | Nonbrand,paid_search,27155,935,210.75,0.034432,0.2254
2026-01-21,NY,Search | Nonbrand,paid_search,21920,871,211.15,0.039735,0.2424
2026-01-22,NY,Search | Nonbrand,paid_search,20250,1086,177.25,0.05363,0.1632
2026-01-23,NY,Search | Nonbrand,paid_search,20426,805,165.0,0.039411,0.205
2026-01-24,NY,Search | Nonbrand,paid_search,24811,1083,202.3,0.04365,0.1868
2026-01-25,NY,Search | Nonbrand,paid_search,25972,829,235.47,0.031919,0.284
2026-01-19,NY,Shopping | Instruments,shopping,22488,834,182.95,0.037086,0.2194
2026-01-20,NY,Shopping | Instruments,shopping,22441,776,140.87,0.03458,0.1815
2026-01-21,NY,Shopping | Instruments,shopping,20414,615,158.67,0.030126,0.258
2026-01-22,NY,Shopping | Instruments,shopping,19777,899,183.89,0.045457,0.2046
2026-01-23,NY,Shopping | Instruments,shopping,23990,675,174.61,0.028137,0.2587
2026-01-24,NY,Shopping | Instruments,shopping,26471,878,177.08,0.033168,0.2017
2026-01-25,NY,Shopping | Instruments,shopping,24599,605,135.21,0.024594,0.2235
2026-01-26,CA,Search | Brand,paid_search,30828,3142,137.63,0.10192,0.0438
2026-01-27,CA,Search | Brand,paid_search,25932,2084,185.3,0.080364,0.0889
2026-01-28,CA,Search | Brand,paid_search,31943,2168,197.43,0.067871,0.0911
2026-01-29,CA,Search | Brand,paid_search,28389,2377,133.15,0.08373,0.056
2026-01-30,CA,Search | Brand,paid_search,29105,2712,177.17,0.09318,0.0653
2026-01-31,CA,Search | Brand,paid_search,32377,2587,181.7,0.079902,0.0702
2026-02-01,CA,Search | Brand,paid_search,28580,2390,189.1,0.083625,0.0791
2026-01-26,CA,Search | Nonbrand,paid_search,36673,1220,246.48,0.033267,0.202
2026-01-27,CA,Search | Nonbrand,paid_search,33244,1308,305.39,0.039345,0.2335
2026-01-28,CA,Search | Nonbrand,paid_search,26181,1156,273.82,0.044154,0.2369
2026-01-29,CA,Search | Nonbrand,paid_search,24829,1409,204.46,0.056748,0.1451
2026-01-30,CA,Search | Nonbrand,paid_search,29335,1509,267.7,0.05144,0.1774
2026-01-31,CA,Search | Nonbrand,paid_search,38395,1216,297.85,0.031671,0.2449
2026-02-01,CA,Search | Nonbrand,paid_search,25374,1355,244.96,0.053401,0.1808
2026-01-26,CA,Shopping | Instruments,shopping,34773,1019,254.61,0.029304,0.2499
2026-01-27,CA,Shopping | Instruments,shopping,33132,843,235.86,0.025444,0.2798
2026-01-28,CA,Shopping | Instruments,shopping,37185,839,189.13,0.022563,0.2254
2026-01-29,CA,Shopping | Instruments,shopping,27434,961,259.78,0.03503,0.2703
2026-01-30,CA,Shopping | Instruments,shopping,35277,1021,263.48,0.028942,0.2581
2026-01-31,CA,Shopping | Instruments,shopping,24822,1087,183.66,0.043792,0.169
2026-02-01,CA,Shopping | Instruments,shopping,30310,842,218.6,0.02778,0.2596
2026-01-26,TX,Search | Brand,paid_search,23544,2151,135.27,0.091361,0.0629
2026-01-27,TX,Search | Brand,paid_search,30890,2141,160.38,0.06931,0.0749
2026-01-28,TX,Search | Brand,paid_search,21684,2032,111.43,0.09371,0.0548
2026-01-29,TX,Search | Brand,paid_search,20843,2145,162.83,0.102912,0.0759
2026-01-30,TX,Search | Brand,paid_search,24158,1474,143.31,0.061015,0.0972
2026-01-31,TX,Search | Brand,paid_search,26202,2025,169.43,0.077284,0.0837
2026-02-01,TX,Search | Brand,paid_search,28123,2086,134.92,0.074174,0.0647
2026-01-26,TX,Search | Nonbrand,paid_search,25591,1256,229.93,0.04908,0.1831
2026-01-27,TX,Search | Nonbrand,paid_search,28825,1245,271.59,0.043192,0.2181
2026-01-28,TX,Search | Nonbrand,paid_search,22256,1025,198.26,0.046055,0.1934
2026-01-29,TX,Search | Nonbrand,paid_search,21775,917,192.26,0.042113,0.2097
2026-01-30,TX,Search | Nonbrand,paid_search,24739,1036,210.12,0.041877,0.2028
2026-01-31,TX,Search | Nonbrand,paid_search,30146,957,245.64,0.031746,0.2567
2026-02-01,TX,Search | Nonbrand,paid_search,27624,863,208.42,0.031241,0.2415
2026-01-26,TX,Shopping | Instruments,shopping,17320,698,155.74,0.0403,0.2231
2026-01-27,TX,Shopping | Instruments,shopping,20473,697,164.61,0.034045,0.2362
2026-01-28,TX,Shopping | Instruments,shopping,24044,730,128.91,0.030361,0.1766
2026-01-29,TX,Shopping | Instruments,shopping,21688,560,160.19,0.025821,0.2861
2026-01-30,TX,Shopping | Instruments,shopping,24835,691,164.66,0.027824,0.2383
2026-01-31,TX,Shopping | Instruments,shopping,19431,787,153.97,0.040502,0.1956
2026-02-01,TX,Shopping | Instruments,shopping,21043,589,143.52,0.02799,0.2437
2026-01-26,FL,Search | Brand,paid_search,18108,1902,128.09,0.105036,0.0673
2026-01-27,FL,Search | Brand,paid_search,18332,2135,89.57,0.116463,0.042
2026-01-28,FL,Search | Brand,paid_search,24588,1455,123.49,0.059175,0.0849
2026-01-29,FL,Search | Brand,paid_search,18217,1473,106.83,0.080859,0.0725
2026-01-30,FL,Search | Brand,paid_search,16534,1546,116.81,0.093504,0.0756
2026-01-31,FL,Search | Brand,paid_search,18265,1840,120.04,0.100739,0.0652
2026-02-01,FL,Search | Brand,paid_search,22491,1590,107.07,0.070695,0.0673
2026-01-26,FL,Search | Nonbrand,paid_search,18898,703,134.91,0.0372,0.1919
2026-01-27,FL,Search | Nonbrand,paid_search,21380,748,186.58,0.034986,0.2494
2026-01-28,FL,Search | Nonbrand,paid_search,19728,777,157.84,0.039386,0.2031
2026-01-29,FL,Search | Nonbrand,paid_search,18460,861,147.09,0.046641,0.1708
2026-01-30,FL,Search | Nonbrand,paid_search,16186,771,175.05,0.047634,0.227
2026-01-31,FL,Search | Nonbrand,paid_search,14718,727,154.51,0.049395,0.2125
2026-02-01,FL,Search | Nonbrand,paid_search,21376,781,168.44,0.036536,0.2157
2026-01-26,FL,Shopping | Instruments,shopping,21364,711,153.72,0.03328,0.2162
2026-01-27,FL,Shopping | Instruments,shopping,15935,593,156.01,0.037214,0.2631
2026-01-28,FL,Shopping | Instruments,shopping,18889,583,155.48,0.030865,0.2667
2026-01-29,FL,Shopping | Instruments,shopping,19994,491,124.32,0.024557,0.2532
2026-01-30,FL,Shopping | Instruments,shopping,16584,599,123.45,0.036119,0.2061
2026-01-31,FL,Shopping | Instruments,shopping,21813,629,111.97,0.028836,0.178
2026-02-01,FL,Shopping | Instruments,shopping,20256,514,145.86,0.025375,0.2838
2026-01-26,NY,Search | Brand,paid_search,20853,1447,109.96,0.06939,0.076
2026-01-27,NY,Search | Brand,paid_search,20016,2114,107.51,0.105616,0.0509
2026-01-28,NY,Search | Brand,paid_search,16522,1491,151.56,0.090243,0.1016
2026-01-29,NY,Search | Brand,paid_search,23736,1615,138.94,0.06804,0.086
2026-01-30,NY,Search | Brand,paid_search,17986,2077,101.29,0.115479,0.0488
2026-01-31,NY,Search | Brand,paid_search,17953,1842,103.24,0.102601,0.056
2026-02-01,NY,Search | Brand,paid_search,23563,1992,103.15,0.084539,0.0518
2026-01-26,NY,Search | Nonbrand,paid_search,21794,1121,192.3,0.051436,0.1715
2026-01-27,NY,Search | Nonbrand,paid_search,23436,877,213.66,0.037421,0.2436
2026-01-28,NY,Search | Nonbrand,paid_search,26860,1185,207.67,0.044118,0.1752
2026-01-29,NY,Search | Nonbrand,paid_search,25931,1252,180.32,0.048282,0.144
2026-01-30,NY,Search | Nonbrand,paid_search,28707,1032,236.8,0.035949,0.2295
2026-01-31,NY,Search | Nonbrand,paid_search,21012,1202,174.02,0.057205,0.1448
2026-02-01,NY,Search | Nonbrand,paid_search,23604,1225,268.79,0.051898,0.2194
2026-01-26,NY,Shopping | Instruments,shopping,20551,708,172.95,0.034451,0.2443
2026-01-27,NY,Shopping | Instruments,shopping,19163,661,135.11,0.034494,0.2044
2026-01-28,NY,Shopping | Instruments,shopping,19753,789,181.0,0.039943,0.2294
2026-01-29,NY,Shopping | Instruments,shopping,24957,738,176.96,0.029571,0.2398
2026-01-30,NY,Shopping | Instruments,shopping,22741,799,138.75,0.035135,0.1737
2026-01-31,NY,Shopping | Instruments,shopping,25138,713,124.98,0.028363,0.1753
2026-02-01,NY,Shopping | Instruments,shopping,19103,546,160.38,0.028582,0.2937
2026-02-02,CA,Search | Brand,paid_search,35665,3448,192.36,0.096677,0.0558
2026-02-03,CA,Search | Brand,paid_search,29619,3080,181.04,0.103987,0.0588
2026-02-04,CA,Search | Brand,paid_search,33500,3236,168.27,0.096597,0.052
2026-02-05,CA,Search | Brand,paid_search,35913,2678,201.09,0.074569,0.0751
2026-02-06,CA,Search | Brand,paid_search,27516,2846,187.8,0.103431,0.066
2026-02-07,CA,Search | Brand,paid_search,30720,2441,199.39,0.07946,0.0817
2026-02-08,CA,Search | Brand,paid_search,39662,2878,219.1,0.072563,0.0761
2026-02-02,CA,Search | Nonbrand,paid_search,33189,1837,298.16,0.05535,0.1623
2026-02-03,CA,Search | Nonbrand,paid_search,34787,1435,277.08,0.041251,0.1931
2026-02-04,CA,Search | Nonbrand,paid_search,34677,1284,247.08,0.037027,0.1924
2026-02-05,CA,Search | Nonbrand,paid_search,32742,1286,287.42,0.039277,0.2235
2026-02-06,CA,Search | Nonbrand,paid_search,33206,1237,272.29,0.037252,0.2201
2026-02-07,CA,Search | Nonbrand,paid_search,32527,1656,296.04,0.050912,0.1788
2026-02-08,CA,Search | Nonbrand,paid_search,28321,1608,295.21,0.056778,0.1836
2026-02-02,CA,Shopping | Instruments,shopping,38790,1229,250.82,0.031683,0.2041
2026-02-03,CA,Shopping | Instruments,shopping,38341,1122,228.21,0.029264,0.2034
2026-02-04,CA,Shopping | Instruments,shopping,36938,996,287.43,0.026964,0.2886
2026-02-05,CA,Shopping | Instruments,shopping,36065,1178,240.66,0.032663,0.2043
2026-02-06,CA,Shopping | Instruments,shopping,30127,1140,223.53,0.03784,0.1961
2026-02-07,CA,Shopping | Instruments,shopping,28643,931,283.84,0.032504,0.3049
2026-02-08,CA,Shopping | Instruments,shopping,35266,853,243.53,0.024188,0.2855
2026-02-02,TX,Search | Brand,paid_search,20357,2197,110.1,0.107924,0.0501
2026-02-03,TX,Search | Brand,paid_search,22386,1959,131.59,0.08751,0.0672
2026-02-04,TX,Search | Brand,paid_search,23986,1927,115.02,0.080339,0.0597
2026-02-05,TX,Search | Brand,paid_search,23645,1985,165.62,0.08395,0.0834
2026-02-06,TX,Search | Brand,paid_search,23923,1844,110.99,0.077081,0.0602
2026-02-07,TX,Search | Brand,paid_search,22715,2160,121.8,0.095091,0.0564
2026-02-08,TX,Search | Brand,paid_search,21900,2179,166.57,0.099498,0.0764
2026-02-02,TX,Search | Nonbrand,paid_search,34420,1069,211.67,0.031058,0.198
2026-02-03,TX,Search | Nonbrand,paid_search,34196,1382,224.98,0.040414,0.1628
2026-02-04,TX,Search | Nonbrand,paid_search,32497,1130,314.69,0.034772,0.2785
2026-02-05,TX,Search | Nonbrand,paid_search,23888,1276,323.35,0.053416,0.2534
2026-02-06,TX,Search | Nonbrand,paid_search,29568,1415,279.45,0.047856,0.1975
2026-02-07,TX,Search | Nonbrand,paid_search,30021,1240,232.86,0.041304,0.1878
2026-02-08,TX,Search | Nonbrand,paid_search,30488,1195,262.66,0.039196,0.2198
2026-02-02,TX,Shopping | Instruments,shopping,25676,979,144.98,0.038129,0.1481
2026-02-03,TX,Shopping | Instruments,shopping,19728,787,210.17,0.039893,0.2671
2026-02-04,TX,Shopping | Instruments,shopping,25440,911,219.92,0.03581,0.2414
2026-02-05,TX,Shopping | Instruments,shopping,27969,954,220.4,0.034109,0.231
2026-02-06,TX,Shopping | Instruments,shopping,21362,834,159.07,0.039041,0.1907
2026-02-07,TX,Shopping | Instruments,shopping,27894,907,168.6,0.032516,0.1859
2026-02-08,TX,Shopping | Instruments,shopping,30479,672,162.4,0.022048,0.2417
2026-02-02,FL,Search | Brand,paid_search,20276,1269,121.19,0.062586,0.0955
2026-02-03,FL,Search | Brand,paid_search,18212,1887,105.17,0.103613,0.0557
2026-02-04,FL,Search | Brand,paid_search,22614,1538,127.23,0.068011,0.0827
2026-02-05,FL,Search | Brand,paid_search,18569,1807,107.55,0.097313,0.0595
2026-02-06,FL,Search | Brand,paid_search,21737,1795,138.64,0.082578,0.0772
2026-02-07,FL,Search | Brand,paid_search,21163,1509,90.8,0.071304,0.0602
2026-02-08,FL,Search | Brand,paid_search,17154,1760,119.83,0.1026,0.0681
2026-02-02,FL,Search | Nonbrand,paid_search,25588,985,205.06,0.038495,0.2082
2026-02-03,FL,Search | Nonbrand,paid_search,20936,988,193.59,0.047191,0.1959
2026-02-04,FL,Search | Nonbrand,paid_search,21189,1059,221.5,0.049979,0.2092
2026-02-05,FL,Search | Nonbrand,paid_search,23364,953,232.05,0.040789,0.2435
2026-02-06,FL,Search | Nonbrand,paid_search,22923,1037,201.64,0.045238,0.1944
2026-02-07,FL,Search | Nonbrand,paid_search,28606,904,227.67,0.031602,0.2518
2026-02-08,FL,Search | Nonbrand,paid_search,28170,872,187.17,0.030955,0.2146
2026-02-02,FL,Shopping | Instruments,shopping,20920,981,190.62,0.046893,0.1943
2026-02-03,FL,Shopping | Instruments,shopping,20960,634,148.15,0.030248,0.2337
2026-02-04,FL,Shopping | Instruments,shopping,26457,713,143.71,0.026949,0.2016
2026-02-05,FL,Shopping | Instruments,shopping,25769,902,180.02,0.035003,0.1996
2026-02-06,FL,Shopping | Instruments,shopping,25096,747,157.63,0.029766,0.211
2026-02-07,FL,Shopping | Instruments,shopping,23113,762,156.43,0.032968,0.2053
2026-02-08,FL,Shopping | Instruments,shopping,22978,663,213.55,0.028854,0.3221
2026-02-02,NY,Search | Brand,paid_search,27501,1671,146.33,0.060761,0.0876
2026-02-03,NY,Search | Brand,paid_search,20688,2245,131.9,0.108517,0.0588
2026-02-04,NY,Search | Brand,paid_search,21157,1646,135.42,0.077799,0.0823
2026-02-05,NY,Search | Brand,paid_search,22974,2336,160.29,0.10168,0.0686
2026-02-06,NY,Search | Brand,paid_search,29952,1878,125.9,0.0627,0.067
2026-02-07,NY,Search | Brand,paid_search,20893,1994,138.81,0.095439,0.0696
2026-02-08,NY,Search | Brand,paid_search,26956,2384,148.07,0.08844,0.0621
2026-02-02,NY,Search | Nonbrand,paid_search,26056,1265,228.3,0.048549,0.1805
2026-02-03,NY,Search | Nonbrand,paid_search,18487,998,199.2,0.053984,0.1996
2026-02-04,NY,Search | Nonbrand,paid_search,19692,1092,188.34,0.055454,0.1725
2026-02-05,NY,Search | Nonbrand,paid_search,25138,1166,190.97,0.046384,0.1638
2026-02-06,NY,Search | Nonbrand,paid_search,28034,1126,203.04,0.040166,0.1803
2026-02-07,NY,Search | Nonbrand,paid_search,28777,831,189.99,0.028877,0.2286
2026-02-08,NY,Search | Nonbrand,paid_search,19040,912,221.09,0.047899,0.2424
2026-02-02,NY,Shopping | Instruments,shopping,25355,668,132.64,0.026346,0.1986
2026-02-03,NY,Shopping | Instruments,shopping,18273,799,158.14,0.043726,0.1979
2026-02-04,NY,Shopping | Instruments,shopping,20968,642,154.45,0.030618,0.2406
2026-02-05,NY,Shopping | Instruments,shopping,23234,683,176.95,0.029397,0.2591
2026-02-06,NY,Shopping | Instruments,shopping,22361,555,186.21,0.02482,0.3355
2026-02-07,NY,Shopping | Instruments,shopping,24765,692,152.16,0.027943,0.2199
2026-02-08,NY,Shopping | Instruments,shopping,25160,730,192.29,0.029014,0.2634
2026-02-09,CA,Search | Brand,paid_search,33123,2753,194.83,0.083114,0.0708
2026-02-10,CA,Search | Brand,paid_search,22420,2242,158.03,0.1,0.0705
2026-02-11,CA,Search | Brand,paid_search,29208,2519,186.02,0.086243,0.0738
2026-02-12,CA,Search | Brand,paid_search,29831,2089,139.1,0.070028,0.0666
2026-02-13,CA,Search | Brand,paid_search,24999,2206,146.82,0.088244,0.0666
2026-02-14,CA,Search | Brand,paid_search,29011,1983,131.56,0.068353,0.0663
2026-02-15,CA,Search | Brand,paid_search,22651,2013,152.86,0.08887,0.0759
2026-02-09,CA,Search | Nonbrand,paid_search,24160,1275,249.75,0.052773,0.1959
2026-02-10,CA,Search | Nonbrand,paid_search,34597,1418,287.48,0.040986,0.2027
2026-02-11,CA,Search | Nonbrand,paid_search,27477,1072,221.42,0.039014,0.2065
2026-02-12,CA,Search | Nonbrand,paid_search,35770,1197,263.44,0.033464,0.2201
2026-02-13,CA,Search | Nonbrand,paid_search,34556,1303,306.16,0.037707,0.235
2026-02-14,CA,Search | Nonbrand,paid_search,25018,1039,254.38,0.04153,0.2448
2026-02-15,CA,Search | Nonbrand,paid_search,32604,1240,259.34,0.038032,0.2091
2026-02-09,CA,Shopping | Instruments,shopping,24919,723,175.76,0.029014,0.2431
2026-02-10,CA,Shopping | Instruments,shopping,30232,1022,200.28,0.033805,0.196
2026-02-11,CA,Shopping | Instruments,shopping,22309,961,166.09,0.043077,0.1728
2026-02-12,CA,Shopping | Instruments,shopping,28625,874,212.92,0.030533,0.2436
2026-02-13,CA,Shopping | Instruments,shopping,22203,903,189.2,0.04067,0.2095
2026-02-14,CA,Shopping | Instruments,shopping,24603,777,197.66,0.031582,0.2544
2026-02-15,CA,Shopping | Instruments,shopping,30190,750,176.26,0.024843,0.235
2026-02-09,TX,Search | Brand,paid_search,20236,1953,114.67,0.096511,0.0587
2026-02-10,TX,Search | Brand,paid_search,24677,1414,114.85,0.0573,0.0812
2026-02-11,TX,Search | Brand,paid_search,19503,1722,143.64,0.088294,0.0834
2026-02-12,TX,Search | Brand,paid_search,24639,1948,128.65,0.079062,0.066
2026-02-13,TX,Search | Brand,paid_search,18271,1479,126.31,0.080948,0.0854
2026-02-14,TX,Search | Brand,paid_search,19071,2007,111.01,0.105238,0.0553
2026-02-15,TX,Search | Brand,paid_search,23525,1360,130.41,0.057811,0.0959
2026-02-09,TX,Search | Nonbrand,paid_search,22371,1010,222.23,0.045148,0.22
2026-02-10,TX,Search | Nonbrand,paid_search,23150,972,181.2,0.041987,0.1864
2026-02-11,TX,Search | Nonbrand,paid_search,22473,1045,199.82,0.0465,0.1912
2026-02-12,TX,Search | Nonbrand,paid_search,23916,1143,187.0,0.047792,0.1636
2026-02-13,TX,Search | Nonbrand,paid_search,21911,1011,179.43,0.046141,0.1775
2026-02-14,TX,Search | Nonbrand,paid_search,27267,771,199.38,0.028276,0.2586
2026-02-15,TX,Search | Nonbrand,paid_search,20251,1163,218.45,0.057429,0.1878
2026-02-09,TX,Shopping | Instruments,shopping,22859,764,212.96,0.033422,0.2787
2026-02-10,TX,Shopping | Instruments,shopping,29479,662,161.46,0.022457,0.2439
2026-02-11,TX,Shopping | Instruments,shopping,28888,893,192.44,0.030912,0.2155
2026-02-12,TX,Shopping | Instruments,shopping,20669,790,147.53,0.038221,0.1867
2026-02-13,TX,Shopping | Instruments,shopping,28770,610,181.47,0.021203,0.2975
2026-02-14,TX,Shopping | Instruments,shopping,19165,701,150.67,0.036577,0.2149
2026-02-15,TX,Shopping | Instruments,shopping,23792,712,203.56,0.029926,0.2859
2026-02-09,FL,Search | Brand,paid_search,16642,1722,133.06,0.103473,0.0773
2026-02-10,FL,Search | Brand,paid_search,18152,1585,94.08,0.087318,0.0594
2026-02-11,FL,Search | Brand,paid_search,23782,1629,114.87,0.068497,0.0705
2026-02-12,FL,Search | Brand,paid_search,17632,1785,116.25,0.101236,0.0651
2026-02-13,FL,Search | Brand,paid_search,22483,1851,101.8,0.082329,0.055
2026-02-14,FL,Search | Brand,paid_search,16883,1459,125.39,0.086418,0.0859
2026-02-15,FL,Search | Brand,paid_search,21574,1344,110.0,0.062297,0.0818
2026-02-09,FL,Search | Nonbrand,paid_search,17373,912,143.84,0.052495,0.1577
2026-02-10,FL,Search | Nonbrand,paid_search,18483,1047,162.06,0.056647,0.1548
2026-02-11,FL,Search | Nonbrand,paid_search,17590,849,183.16,0.048266,0.2157
2026-02-12,FL,Search | Nonbrand,paid_search,17794,805,153.84,0.04524,0.1911
2026-02-13,FL,Search | Nonbrand,paid_search,19433,797,179.64,0.041013,0.2254
2026-02-14,FL,Search | Nonbrand,paid_search,23595,682,129.22,0.028904,0.1895
2026-02-15,FL,Search | Nonbrand,paid_search,19206,828,196.13,0.043112,0.2369
2026-02-09,FL,Shopping | Instruments,shopping,21155,714,127.42,0.033751,0.1785
2026-02-10,FL,Shopping | Instruments,shopping,19217,582,153.13,0.030286,0.2631
2026-02-11,FL,Shopping | Instruments,shopping,21137,764,148.53,0.036145,0.1944
2026-02-12,FL,Shopping | Instruments,shopping,21899,527,147.15,0.024065,0.2792
2026-02-13,FL,Shopping | Instruments,shopping,27475,775,173.8,0.028207,0.2243
2026-02-14,FL,Shopping | Instruments,shopping,18455,576,175.55,0.031211,0.3048
2026-02-15,FL,Shopping | Instruments,shopping,24523,625,182.21,0.025486,0.2915
2026-02-09,NY,Search | Brand,paid_search,17138,1652,116.53,0.096394,0.0705
2026-02-10,NY,Search | Brand,paid_search,21929,1461,119.49,0.066624,0.0818
2026-02-11,NY,Search | Brand,paid_search,20144,1485,89.48,0.073719,0.0603
2026-02-12,NY,Search | Brand,paid_search,15488,1357,104.35,0.087616,0.0769
2026-02-13,NY,Search | Brand,paid_search,15960,1895,93.46,0.118734,0.0493
2026-02-14,NY,Search | Brand,paid_search,17943,1604,99.46,0.089394,0.062
2026-02-15,NY,Search | Brand,paid_search,17375,1801,107.91,0.103655,0.0599
2026-02-09,NY,Search | Nonbrand,paid_search,25559,1231,219.02,0.048163,0.1779
2026-02-10,NY,Search | Nonbrand,paid_search,23203,1045,212.47,0.045037,0.2033
2026-02-11,NY,Search | Nonbrand,paid_search,20519,870,192.15,0.0424,0.2209
2026-02-12,NY,Search | Nonbrand,paid_search,23959,1341,227.76,0.055971,0.1698
2026-02-13,NY,Search | Nonbrand,paid_search,25479,1211,236.02,0.047529,0.1949
2026-02-14,NY,Search | Nonbrand,paid_search,27178,1242,190.76,0.045699,0.1536
2026-02-15,NY,Search | Nonbrand,paid_search,26713,1071,206.26,0.040093,0.1926
2026-02-09,NY,Shopping | Instruments,shopping,22935,773,139.19,0.033704,0.1801
2026-02-10,NY,Shopping | Instruments,shopping,20109,738,136.55,0.0367,0.185
2026-02-11,NY,Shopping | Instruments,shopping,21258,694,148.21,0.032647,0.2136
2026-02-12,NY,Shopping | Instruments,shopping,20245,793,140.46,0.03917,0.1771
2026-02-13,NY,Shopping | Instruments,shopping,21863,590,171.51,0.026986,0.2907
2026-02-14,NY,Shopping | Instruments,shopping,18692,852,140.97,0.045581,0.1655
2026-02-15,NY,Shopping | Instruments,shopping,23569,561,193.54,0.023802,0.345
2026-02-16,CA,Search | Brand,paid_search,31868,2730,161.0,0.085666,0.059
2026-02-17,CA,Search | Brand,paid_search,22235,1929,157.49,0.086755,0.0816
2026-02-18,CA,Search | Brand,paid_search,25110,2370,137.3,0.094385,0.0579
2026-02-19,CA,Search | Brand,paid_search,24976,1956,183.45,0.078315,0.0938
2026-02-20,CA,Search | Brand,paid_search,28479,2630,140.38,0.092349,0.0534
2026-02-21,CA,Search | Brand,paid_search,29935,2293,172.13,0.076599,0.0751
2026-02-22,CA,Search | Brand,paid_search,29125,2651,160.27,0.091021,0.0605
2026-02-16,CA,Search | Nonbrand,paid_search,25414,1313,228.36,0.051664,0.1739
2026-02-17,CA,Search | Nonbrand,paid_search,25963,1252,199.32,0.048222,0.1592
2026-02-18,CA,Search | Nonbrand,paid_search,27169,971,280.64,0.035739,0.289
2026-02-19,CA,Search | Nonbrand,paid_search,23025,1395,254.83,0.060586,0.1827
2026-02-20,CA,Search | Nonbrand,paid_search,26858,976,225.17,0.036339,0.2307
2026-02-21,CA,Search | Nonbrand,paid_search,31025,1274,259.3,0.041064,0.2035
2026-02-22,CA,Search | Nonbrand,paid_search,30443,1022,185.48,0.033571,0.1815
2026-02-16,CA,Shopping | Instruments,shopping,25468,893,189.74,0.035064,0.2125
2026-02-17,CA,Shopping | Instruments,shopping,35498,956,226.36,0.026931,0.2368
2026-02-18,CA,Shopping | Instruments,shopping,30254,820,212.7,0.027104,0.2594
2026-02-19,CA,Shopping | Instruments,shopping,29442,814,185.68,0.027648,0.2281
2026-02-20,CA,Shopping | Instruments,shopping,24874,816,242.83,0.032805,0.2976
2026-02-21,CA,Shopping | Instruments,shopping,32531,1069,193.4,0.032861,0.1809
2026-02-22,CA,Shopping | Instruments,shopping,26128,1015,219.51,0.038847,0.2163
2026-02-16,TX,Search | Brand,paid_search,24108,1452,144.3,0.060229,0.0994
2026-02-17,TX,Search | Brand,paid_search,20358,1663,105.98,0.081688,0.0637
2026-02-18,TX,Search | Brand,paid_search,24210,1896,132.45,0.078315,0.0699
2026-02-19,TX,Search | Brand,paid_search,20433,1944,125.74,0.09514,0.0647
2026-02-20,TX,Search | Brand,paid_search,19529,1949,110.13,0.0998,0.0565
2026-02-21,TX,Search | Brand,paid_search,17090,2154,115.62,0.126039,0.0537
2026-02-22,TX,Search | Brand,paid_search,20087,1521,111.51,0.075721,0.0733
2026-02-16,TX,Search | Nonbrand,paid_search,30487,1386,280.1,0.045462,0.2021
2026-02-17,TX,Search | Nonbrand,paid_search,22450,1058,186.88,0.047127,0.1766
2026-02-18,TX,Search | Nonbrand,paid_search,21868,1286,263.42,0.058807,0.2048
2026-02-19,TX,Search | Nonbrand,paid_search,31687,1547,189.38,0.048821,0.1224
2026-02-20,TX,Search | Nonbrand,paid_search,31937,1019,285.8,0.031907,0.2805
2026-02-21,TX,Search | Nonbrand,paid_search,26874,1207,189.14,0.044913,0.1567
2026-02-22,TX,Search | Nonbrand,paid_search,23541,1241,229.34,0.052717,0.1848
2026-02-16,TX,Shopping | Instruments,shopping,28555,974,240.97,0.03411,0.2474
2026-02-17,TX,Shopping | Instruments,shopping,28902,865,218.08,0.029929,0.2521
2026-02-18,TX,Shopping | Instruments,shopping,26374,872,163.61,0.033063,0.1876
2026-02-19,TX,Shopping | Instruments,shopping,23825,1153,209.88,0.048395,0.182
2026-02-20,TX,Shopping | Instruments,shopping,29324,1064,180.28,0.036284,0.1694
2026-02-21,TX,Shopping | Instruments,shopping,32289,880,191.67,0.027254,0.2178
2026-02-22,TX,Shopping | Instruments,shopping,25140,865,195.26,0.034407,0.2257
2026-02-16,FL,Search | Brand,paid_search,13548,1385,83.13,0.102229,0.06
2026-02-17,FL,Search | Brand,paid_search,17304,1530,85.72,0.088419,0.056
2026-02-18,FL,Search | Brand,paid_search,15955,1465,93.91,0.091821,0.0641
2026-02-19,FL,Search | Brand,paid_search,19160,1329,122.08,0.069363,0.0919
2026-02-20,FL,Search | Brand,paid_search,19112,1596,108.58,0.083508,0.068
2026-02-21,FL,Search | Brand,paid_search,16097,1076,106.8,0.066845,0.0993
2026-02-22,FL,Search | Brand,paid_search,20154,1448,103.48,0.071847,0.0715
2026-02-16,FL,Search | Nonbrand,paid_search,25662,897,191.93,0.034954,0.214
2026-02-17,FL,Search | Nonbrand,paid_search,22518,956,187.86,0.042455,0.1965
2026-02-18,FL,Search | Nonbrand,paid_search,26224,961,219.05,0.036646,0.2279
2026-02-19,FL,Search | Nonbrand,paid_search,24580,1150,173.79,0.046786,0.1511
2026-02-20,FL,Search | Nonbrand,paid_search,17490,1017,162.72,0.058148,0.16
2026-02-21,FL,Search | Nonbrand,paid_search,24317,787,243.2,0.032364,0.309
2026-02-22,FL,Search | Nonbrand,paid_search,20020,1188,204.42,0.059341,0.1721
2026-02-16,FL,Shopping | Instruments,shopping,21188,631,158.01,0.029781,0.2504
2026-02-17,FL,Shopping | Instruments,shopping,16793,533,159.21,0.031739,0.2987
2026-02-18,FL,Shopping | Instruments,shopping,20562,664,127.45,0.032293,0.1919
2026-02-19,FL,Shopping | Instruments,shopping,22063,656,127.36,0.029733,0.1941
2026-02-20,FL,Shopping | Instruments,shopping,15024,590,118.53,0.039271,0.2009
2026-02-21,FL,Shopping | Instruments,shopping,22489,588,142.75,0.026146,0.2428
2026-02-22,FL,Shopping | Instruments,shopping,20072,604,161.68,0.030092,0.2677
2026-02-16,NY,Search | Brand,paid_search,17751,1739,102.89,0.097966,0.0592
2026-02-17,NY,Search | Brand,paid_search,19564,1641,102.33,0.083879,0.0624
2026-02-18,NY,Search | Brand,paid_search,14997,1846,91.74,0.123091,0.0497
2026-02-19,NY,Search | Brand,paid_search,17643,1750,126.58,0.099189,0.0723
2026-02-20,NY,Search | Brand,paid_search,20994,1368,117.89,0.065161,0.0862
2026-02-21,NY,Search | Brand,paid_search,18318,1881,88.66,0.102686,0.0471
2026-02-22,NY,Search | Brand,paid_search,18513,1366,111.02,0.073786,0.0813
2026-02-16,NY,Search | Nonbrand,paid_search,18044,931,200.26,0.051596,0.2151
2026-02-17,NY,Search | Nonbrand,paid_search,18624,818,169.25,0.043922,0.2069
2026-02-18,NY,Search | Nonbrand,paid_search,20297,1048,205.67,0.051633,0.1962
2026-02-19,NY,Search | Nonbrand,paid_search,23336,991,170.58,0.042467,0.1721
2026-02-20,NY,Search | Nonbrand,paid_search,21423,935,188.46,0.043645,0.2016
2026-02-21,NY,Search | Nonbrand,paid_search,26338,910,173.96,0.034551,0.1912
2026-02-22,NY,Search | Nonbrand,paid_search,20081,794,165.84,0.03954,0.2089
2026-02-16,NY,Shopping | Instruments,shopping,27078,827,162.21,0.030541,0.1961
2026-02-17,NY,Shopping | Instruments,shopping,25626,605,134.33,0.023609,0.222
2026-02-18,NY,Shopping | Instruments,shopping,21912,704,192.98,0.032129,0.2741
2026-02-19,NY,Shopping | Instruments,shopping,18694,645,156.43,0.034503,0.2425
2026-02-20,NY,Shopping | Instruments,shopping,19411,873,161.55,0.044974,0.1851
2026-02-21,NY,Shopping | Instruments,shopping,26091,680,175.44,0.026063,0.258
2026-02-22,NY,Shopping | Instruments,shopping,24082,603,189.91,0.025039,0.3149
2026-02-23,CA,Search | Brand,paid_search,30518,2058,158.47,0.067436,0.077
2026-02-24,CA,Search | Brand,paid_search,26637,2776,184.59,0.104216,0.0665
2026-02-25,CA,Search | Brand,paid_search,22138,1992,123.01,0.089981,0.0618
2026-02-26,CA,Search | Brand,paid_search,26876,2404,165.99,0.089448,0.069
2026-02-27,CA,Search | Brand,paid_search,31843,2756,160.45,0.08655,0.0582
2026-02-28,CA,Search | Brand,paid_search,22594,2506,131.05,0.110914,0.0523
2026-03-01,CA,Search | Brand,paid_search,26563,2202,162.02,0.082897,0.0736
2026-02-23,CA,Search | Nonbrand,paid_search,26433,1141,264.09,0.043166,0.2315
2026-02-24,CA,Search | Nonbrand,paid_search,27350,1204,310.79,0.044022,0.2581
2026-02-25,CA,Search | Nonbrand,paid_search,31404,1171,284.19,0.037288,0.2427
2026-02-26,CA,Search | Nonbrand,paid_search,31654,1072,242.05,0.033866,0.2258
2026-02-27,CA,Search | Nonbrand,paid_search,28978,1437,216.31,0.049589,0.1505
2026-02-28,CA,Search | Nonbrand,paid_search,27677,1424,211.23,0.051451,0.1483
2026-03-01,CA,Search | Nonbrand,paid_search,37278,1399,283.98,0.037529,0.203
2026-02-23,CA,Shopping | Instruments,shopping,32484,1238,246.6,0.038111,0.1992
2026-02-24,CA,Shopping | Instruments,shopping,29456,1002,188.25,0.034017,0.1879
2026-02-25,CA,Shopping | Instruments,shopping,26965,864,227.97,0.032042,0.2639
2026-02-26,CA,Shopping | Instruments,shopping,38514,1013,262.25,0.026302,0.2589
2026-02-27,CA,Shopping | Instruments,shopping,36311,966,240.33,0.026604,0.2488
2026-02-28,CA,Shopping | Instruments,shopping,25932,1035,183.6,0.039912,0.1774
2026-03-01,CA,Shopping | Instruments,shopping,30768,1057,238.09,0.034354,0.2252
2026-02-23,TX,Search | Brand,paid_search,24004,1654,105.1,0.068905,0.0635
2026-02-24,TX,Search | Brand,paid_search,21739,2019,128.77,0.092875,0.0638
2026-02-25,TX,Search | Brand,paid_search,20962,1632,118.24,0.077855,0.0725
2026-02-26,TX,Search | Brand,paid_search,24073,2194,134.23,0.091139,0.0612
2026-02-27,TX,Search | Brand,paid_search,19432,1786,129.91,0.09191,0.0727
2026-02-28,TX,Search | Brand,paid_search,21340,1827,138.57,0.085614,0.0758
2026-03-01,TX,Search | Brand,paid_search,22422,1954,138.21,0.087147,0.0707
2026-02-23,TX,Search | Nonbrand,paid_search,25375,1281,180.96,0.050483,0.1413
2026-02-24,TX,Search | Nonbrand,paid_search,22449,1112,176.16,0.049535,0.1584
2026-02-25,TX,Search | Nonbrand,paid_search,29151,1145,200.81,0.039278,0.1754
2026-02-26,TX,Search | Nonbrand,paid_search,21931,928,238.2,0.042315,0.2567
2026-02-27,TX,Search | Nonbrand,paid_search,21293,865,232.62,0.040624,0.2689
2026-02-28,TX,Search | Nonbrand,paid_search,26130,1214,205.23,0.04646,0.1691
2026-03-01,TX,Search | Nonbrand,paid_search,18880,853,186.81,0.04518,0.219
2026-02-23,TX,Shopping | Instruments,shopping,21292,765,150.32,0.035929,0.1965
2026-02-24,TX,Shopping | Instruments,shopping,23476,796,180.65,0.033907,0.2269
2026-02-25,TX,Shopping | Instruments,shopping,23132,625,159.68,0.027019,0.2555
2026-02-26,TX,Shopping | Instruments,shopping,26265,733,141.04,0.027908,0.1924
2026-02-27,TX,Shopping | Instruments,shopping,21012,693,176.05,0.032981,0.254
2026-02-28,TX,Shopping | Instruments,shopping,18223,756,166.42,0.041486,0.2201
2026-03-01,TX,Shopping | Instruments,shopping,21045,596,137.83,0.02832,0.2313
2026-02-23,FL,Search | Brand,paid_search,19939,1814,127.54,0.090977,0.0703
2026-02-24,FL,Search | Brand,paid_search,20016,1678,123.07,0.083833,0.0733
2026-02-25,FL,Search | Brand,paid_search,22127,2007,116.54,0.090704,0.0581
2026-02-26,FL,Search | Brand,paid_search,21459,1730,132.38,0.080619,0.0765
2026-02-27,FL,Search | Brand,paid_search,18692,2000,120.13,0.106998,0.0601
2026-02-28,FL,Search | Brand,paid_search,20504,1934,103.1,0.094323,0.0533
2026-03-01,FL,Search | Brand,paid_search,22349,1570,118.73,0.070249,0.0756
2026-02-23,FL,Search | Nonbrand,paid_search,23176,940,219.78,0.040559,0.2338
2026-02-24,FL,Search | Nonbrand,paid_search,23841,803,208.78,0.033681,0.26
2026-02-25,FL,Search | Nonbrand,paid_search,25045,973,152.38,0.03885,0.1566
2026-02-26,FL,Search | Nonbrand,paid_search,23257,887,202.15,0.038139,0.2279
2026-02-27,FL,Search | Nonbrand,paid_search,21089,978,204.64,0.046375,0.2092
2026-02-28,FL,Search | Nonbrand,paid_search,21555,1064,200.86,0.049362,0.1888
2026-03-01,FL,Search | Nonbrand,paid_search,25365,1016,216.02,0.040055,0.2126
2026-02-23,FL,Shopping | Instruments,shopping,20296,715,139.33,0.035229,0.1949
2026-02-24,FL,Shopping | Instruments,shopping,24714,656,172.74,0.026544,0.2633
2026-02-25,FL,Shopping | Instruments,shopping,24947,558,183.34,0.022367,0.3286
2026-02-26,FL,Shopping | Instruments,shopping,26134,608,151.95,0.023265,0.2499
2026-02-27,FL,Shopping | Instruments,shopping,19645,724,189.3,0.036854,0.2615
2026-02-28,FL,Shopping | Instruments,shopping,20985,752,142.18,0.035835,0.1891
2026-03-01,FL,Shopping | Instruments,shopping,19767,713,147.88,0.03607,0.2074
2026-02-23,NY,Search | Brand,paid_search,22718,1740,137.35,0.076591,0.0789
2026-02-24,NY,Search | Brand,paid_search,19492,1427,114.85,0.07321,0.0805
2026-02-25,NY,Search | Brand,paid_search,22390,2027,115.11,0.090531,0.0568
2026-02-26,NY,Search | Brand,paid_search,22503,1697,139.78,0.075412,0.0824
2026-02-27,NY,Search | Brand,paid_search,23890,1878,109.36,0.07861,0.0582
2026-02-28,NY,Search | Brand,paid_search,25141,1821,143.19,0.072431,0.0786
2026-03-01,NY,Search | Brand,paid_search,20518,1711,148.94,0.08339,0.0871
2026-02-23,NY,Search | Nonbrand,paid_search,25306,841,249.4,0.033233,0.2966
2026-02-24,NY,Search | Nonbrand,paid_search,21717,1039,180.51,0.047843,0.1737
2026-02-25,NY,Search | Nonbrand,paid_search,20683,779,223.43,0.037664,0.2868
2026-02-26,NY,Search | Nonbrand,paid_search,24429,945,166.46,0.038684,0.1761
2026-02-27,NY,Search | Nonbrand,paid_search,20783,914,245.96,0.043978,0.2691
2026-02-28,NY,Search | Nonbrand,paid_search,27389,1067,165.39,0.038957,0.155
2026-03-01,NY,Search | Nonbrand,paid_search,26417,1099,202.67,0.041602,0.1844
2026-02-23,NY,Shopping | Instruments,shopping,18986,567,161.01,0.029864,0.284
2026-02-24,NY,Shopping | Instruments,shopping,21869,569,171.57,0.026019,0.3015
2026-02-25,NY,Shopping | Instruments,shopping,19608,688,153.62,0.035088,0.2233
2026-02-26,NY,Shopping | Instruments,shopping,24201,777,142.87,0.032106,0.1839
2026-02-27,NY,Shopping | Instruments,shopping,20112,595,166.28,0.029584,0.2795
2026-02-28,NY,Shopping | Instruments,shopping,25750,715,152.74,0.027767,0.2136
2026-03-01,NY,Shopping | Instruments,shopping,20988,694,142.81,0.033067,0.2058
2026-03-02,CA,Search | Brand,paid_search,27729,2563,162.36,0.09243,0.0633
2026-03-03,CA,Search | Brand,paid_search,33621,2396,177.55,0.071265,0.0741
2026-03-04,CA,Search | Brand,paid_search,23739,2745,159.24,0.115633,0.058
2026-03-05,CA,Search | Brand,paid_search,35511,2410,167.6,0.067866,0.0695
2026-03-06,CA,Search | Brand,paid_search,29754,2478,186.08,0.083283,0.0751
2026-03-07,CA,Search | Brand,paid_search,34365,3263,172.91,0.094951,0.053
2026-03-08,CA,Search | Brand,paid_search,24310,2576,186.62,0.105965,0.0724
2026-03-02,CA,Search | Nonbrand,paid_search,28705,1575,263.41,0.054868,0.1672
2026-03-03,CA,Search | Nonbrand,paid_search,32637,1193,264.78,0.036554,0.2219
2026-03-04,CA,Search | Nonbrand,paid_search,34646,1231,289.25,0.035531,0.235
2026-03-05,CA,Search | Nonbrand,paid_search,26449,1504,234.94,0.056864,0.1562
2026-03-06,CA,Search | Nonbrand,paid_search,32028,1111,234.02,0.034688,0.2106
2026-03-07,CA,Search | Nonbrand,paid_search,30554,1121,252.59,0.036689,0.2253
2026-03-08,CA,Search | Nonbrand,paid_search,30940,1490,318.25,0.048158,0.2136
2026-03-02,CA,Shopping | Instruments,shopping,33795,1132,253.41,0.033496,0.2239
2026-03-03,CA,Shopping | Instruments,shopping,22540,956,187.92,0.042413,0.1966
2026-03-04,CA,Shopping | Instruments,shopping,33612,1013,232.77,0.030138,0.2298
2026-03-05,CA,Shopping | Instruments,shopping,30110,975,257.44,0.032381,0.264
2026-03-06,CA,Shopping | Instruments,shopping,30490,1033,181.66,0.03388,0.1759
2026-03-07,CA,Shopping | Instruments,shopping,32205,1090,214.06,0.033846,0.1964
2026-03-08,CA,Shopping | Instruments,shopping,28593,806,194.4,0.028189,0.2412
2026-03-02,TX,Search | Brand,paid_search,21208,2241,130.82,0.105668,0.0584
2026-03-03,TX,Search | Brand,paid_search,29140,2325,129.14,0.079787,0.0555
2026-03-04,TX,Search | Brand,paid_search,26896,2217,152.74,0.082429,0.0689
2026-03-05,TX,Search | Brand,paid_search,28956,2503,189.91,0.086441,0.0759
2026-03-06,TX,Search | Brand,paid_search,24794,1682,182.63,0.067839,0.1086
2026-03-07,TX,Search | Brand,paid_search,25831,2445,162.0,0.094654,0.0663
2026-03-08,TX,Search | Brand,paid_search,27814,1695,123.66,0.060941,0.073
2026-03-02,TX,Search | Nonbrand,paid_search,25887,1141,214.47,0.044076,0.188
2026-03-03,TX,Search | Nonbrand,paid_search,29481,1098,210.02,0.037244,0.1913
2026-03-04,TX,Search | Nonbrand,paid_search,28039,1401,265.4,0.049966,0.1894
2026-03-05,TX,Search | Nonbrand,paid_search,32876,1001,287.8,0.030448,0.2875
2026-03-06,TX,Search | Nonbrand,paid_search,30326,1378,203.14,0.04544,0.1474
2026-03-07,TX,Search | Nonbrand,paid_search,25741,1516,285.11,0.058894,0.1881
2026-03-08,TX,Search | Nonbrand,paid_search,24848,1008,229.97,0.040567,0.2281
2026-03-02,TX,Shopping | Instruments,shopping,25536,896,206.28,0.035088,0.2302
2026-03-03,TX,Shopping | Instruments,shopping,31418,932,149.2,0.029665,0.1601
2026-03-04,TX,Shopping | Instruments,shopping,25490,818,200.86,0.032091,0.2455
2026-03-05,TX,Shopping | Instruments,shopping,28230,711,192.38,0.025186,0.2706
2026-03-06,TX,Shopping | Instruments,shopping,23571,904,196.22,0.038352,0.2171
2026-03-07,TX,Shopping | Instruments,shopping,22896,886,191.18,0.038697,0.2158
2026-03-08,TX,Shopping | Instruments,shopping,23104,903,161.65,0.039084,0.179
2026-03-02,FL,Search | Brand,paid_search,25589,1393,113.6,0.054437,0.0815
2026-03-03,FL,Search | Brand,paid_search,18362,1632,129.57,0.088879,0.0794
2026-03-04,FL,Search | Brand,paid_search,20472,1863,100.38,0.091002,0.0539
2026-03-05,FL,Search | Brand,paid_search,17649,1713,130.06,0.097059,0.0759
2026-03-06,FL,Search | Brand,paid_search,17623,2020,117.6,0.114623,0.0582
2026-03-07,FL,Search | Brand,paid_search,18097,1431,124.18,0.079074,0.0868
2026-03-08,FL,Search | Brand,paid_search,26019,1765,118.71,0.067835,0.0673
2026-03-02,FL,Search | Nonbrand,paid_search,25933,1295,235.49,0.049936,0.1818
2026-03-03,FL,Search | Nonbrand,paid_search,19523,1119,217.08,0.057317,0.194
2026-03-04,FL,Search | Nonbrand,paid_search,29543,1170,185.52,0.039603,0.1586
2026-03-05,FL,Search | Nonbrand,paid_search,25572,928,179.63,0.03629,0.1936
2026-03-06,FL,Search | Nonbrand,paid_search,23096,1110,251.57,0.04806,0.2266
2026-03-07,FL,Search | Nonbrand,paid_search,23963,1033,170.19,0.043108,0.1648
2026-03-08,FL,Search | Nonbrand,paid_search,22488,1102,223.54,0.049004,0.2029
2026-03-02,FL,Shopping | Instruments,shopping,26595,642,168.86,0.02414,0.263
2026-03-03,FL,Shopping | Instruments,shopping,25472,941,194.67,0.036943,0.2069
2026-03-04,FL,Shopping | Instruments,shopping,18743,639,170.9,0.034093,0.2674
2026-03-05,FL,Shopping | Instruments,shopping,26424,653,173.4,0.024712,0.2656
2026-03-06,FL,Shopping | Instruments,shopping,26033,799,165.86,0.030692,0.2076
2026-03-07,FL,Shopping | Instruments,shopping,20820,674,192.06,0.032373,0.285
2026-03-08,FL,Shopping | Instruments,shopping,23507,920,140.94,0.039137,0.1532
2026-03-02,NY,Search | Brand,paid_search,23227,2115,156.91,0.091058,0.0742
2026-03-03,NY,Search | Brand,paid_search,24669,1395,111.92,0.056549,0.0802
2026-03-04,NY,Search | Brand,paid_search,26116,2102,115.16,0.080487,0.0548
2026-03-05,NY,Search | Brand,paid_search,17787,1896,110.46,0.106595,0.0583
2026-03-06,NY,Search | Brand,paid_search,23416,1872,148.89,0.079945,0.0795
2026-03-07,NY,Search | Brand,paid_search,20875,1549,126.77,0.074204,0.0818
2026-03-08,NY,Search | Brand,paid_search,17421,1581,120.24,0.090753,0.0761
2026-03-02,NY,Search | Nonbrand,paid_search,25129,910,156.9,0.036213,0.1724
2026-03-03,NY,Search | Nonbrand,paid_search,20501,724,185.05,0.035315,0.2556
2026-03-04,NY,Search | Nonbrand,paid_search,18124,682,167.56,0.03763,0.2457
2026-03-05,NY,Search | Nonbrand,paid_search,17644,911,194.31,0.051632,0.2133
2026-03-06,NY,Search | Nonbrand,paid_search,21360,736,168.56,0.034457,0.229
2026-03-07,NY,Search | Nonbrand,paid_search,20449,996,186.9,0.048707,0.1877
2026-03-08,NY,Search | Nonbrand,paid_search,19368,693,166.86,0.035781,0.2408
2026-03-02,NY,Shopping | Instruments,shopping,23776,754,143.05,0.031713,0.1897
2026-03-03,NY,Shopping | Instruments,shopping,20438,602,156.88,0.029455,0.2606
2026-03-04,NY,Shopping | Instruments,shopping,19817,763,172.93,0.038502,0.2266
2026-03-05,NY,Shopping | Instruments,shopping,18977,761,130.88,0.040101,0.172
2026-03-06,NY,Shopping | Instruments,shopping,26169,781,168.34,0.029844,0.2155
2026-03-07,NY,Shopping | Instruments,shopping,20573,554,176.42,0.026928,0.3185
2026-03-08,NY,Shopping | Instruments,shopping,23425,548,154.36,0.023394,0.2817
2026-03-09,CA,Search | Brand,paid_search,34449,2888,215.9,0.083834,0.0748
2026-03-10,CA,Search | Brand,paid_search,28492,2726,191.57,0.095676,0.0703
2026-03-11,CA,Search | Brand,paid_search,25851,2605,232.24,0.10077,0.0892
2026-03-12,CA,Search | Brand,paid_search,30117,2493,161.0,0.082777,0.0646
2026-03-13,CA,Search | Brand,paid_search,35983,2191,177.11,0.06089,0.0808
2026-03-14,CA,Search | Brand,paid_search,36695,2512,164.29,0.068456,0.0654
2026-03-15,CA,Search | Brand,paid_search,32122,2700,155.41,0.084055,0.0576
2026-03-09,CA,Search | Nonbrand,paid_search,30998,1347,316.07,0.043454,0.2346
2026-03-10,CA,Search | Nonbrand,paid_search,41376,1319,310.09,0.031878,0.2351
2026-03-11,CA,Search | Nonbrand,paid_search,35391,1567,320.03,0.044277,0.2042
2026-03-12,CA,Search | Nonbrand,paid_search,29473,1427,317.46,0.048417,0.2225
2026-03-13,CA,Search | Nonbrand,paid_search,30642,1375,291.21,0.044873,0.2118
2026-03-14,CA,Search | Nonbrand,paid_search,35907,1188,271.03,0.033085,0.2281
2026-03-15,CA,Search | Nonbrand,paid_search,40056,1573,271.19,0.03927,0.1724
2026-03-09,CA,Shopping | Instruments,shopping,28685,996,228.83,0.034722,0.2297
2026-03-10,CA,Shopping | Instruments,shopping,33065,1098,178.07,0.033207,0.1622
2026-03-11,CA,Shopping | Instruments,shopping,34877,1154,213.43,0.033088,0.1849
2026-03-12,CA,Shopping | Instruments,shopping,33314,961,233.86,0.028847,0.2434
2026-03-13,CA,Shopping | Instruments,shopping,24988,912,260.51,0.036498,0.2856
2026-03-14,CA,Shopping | Instruments,shopping,30323,1090,196.25,0.035946,0.1801
2026-03-15,CA,Shopping | Instruments,shopping,24164,911,196.83,0.037701,0.2161
2026-03-09,TX,Search | Brand,paid_search,23009,1842,101.48,0.080056,0.0551
2026-03-10,TX,Search | Brand,paid_search,23137,2008,107.11,0.086787,0.0533
2026-03-11,TX,Search | Brand,paid_search,23807,1588,108.22,0.066703,0.0681
2026-03-12,TX,Search | Brand,paid_search,22203,1798,116.59,0.08098,0.0648
2026-03-13,TX,Search | Brand,paid_search,17185,1809,155.6,0.105266,0.086
2026-03-14,TX,Search | Brand,paid_search,19026,2319,137.2,0.121886,0.0592
2026-03-15,TX,Search | Brand,paid_search,18569,2103,126.02,0.113253,0.0599
2026-03-09,TX,Search | Nonbrand,paid_search,30561,1152,244.68,0.037695,0.2124
2026-03-10,TX,Search | Nonbrand,paid_search,26656,1196,228.25,0.044868,0.1908
2026-03-11,TX,Search | Nonbrand,paid_search,23717,1103,201.96,0.046507,0.1831
2026-03-12,TX,Search | Nonbrand,paid_search,27429,1112,292.0,0.040541,0.2626
2026-03-13,TX,Search | Nonbrand,paid_search,24081,1058,260.99,0.043935,0.2467
2026-03-14,TX,Search | Nonbrand,paid_search,32331,1261,250.95,0.039003,0.199
2026-03-15,TX,Search | Nonbrand,paid_search,35108,1150,240.17,0.032756,0.2088
2026-03-09,TX,Shopping | Instruments,shopping,25611,706,153.52,0.027566,0.2175
2026-03-10,TX,Shopping | Instruments,shopping,23258,954,162.74,0.041018,0.1706
2026-03-11,TX,Shopping | Instruments,shopping,28509,735,215.97,0.025781,0.2938
2026-03-12,TX,Shopping | Instruments,shopping,23651,972,169.34,0.041098,0.1742
2026-03-13,TX,Shopping | Instruments,shopping,29571,799,158.66,0.02702,0.1986
2026-03-14,TX,Shopping | Instruments,shopping,25874,839,209.73,0.032426,0.25
2026-03-15,TX,Shopping | Instruments,shopping,24644,967,234.09,0.039239,0.2421
2026-03-09,FL,Search | Brand,paid_search,23045,1479,111.53,0.064179,0.0754
2026-03-10,FL,Search | Brand,paid_search,17334,1593,131.32,0.0919,0.0824
2026-03-11,FL,Search | Brand,paid_search,19225,1462,101.76,0.076047,0.0696
2026-03-12,FL,Search | Brand,paid_search,21506,1859,133.35,0.086441,0.0717
2026-03-13,FL,Search | Brand,paid_search,19853,1612,119.35,0.081197,0.074
2026-03-14,FL,Search | Brand,paid_search,19901,2004,106.84,0.100698,0.0533
2026-03-15,FL,Search | Brand,paid_search,17734,1514,99.72,0.085373,0.0659
2026-03-09,FL,Search | Nonbrand,paid_search,23812,972,194.52,0.04082,0.2001
2026-03-10,FL,Search | Nonbrand,paid_search,18621,1230,167.29,0.066054,0.136
2026-03-11,FL,Search | Nonbrand,paid_search,24630,1120,205.76,0.045473,0.1837
2026-03-12,FL,Search | Nonbrand,paid_search,17946,1159,191.91,0.064583,0.1656
2026-03-13,FL,Search | Nonbrand,paid_search,21233,850,178.64,0.040032,0.2102
2026-03-14,FL,Search | Nonbrand,paid_search,26171,954,175.72,0.036453,0.1842
2026-03-15,FL,Search | Nonbrand,paid_search,22975,901,222.49,0.039217,0.2469
2026-03-09,FL,Shopping | Instruments,shopping,18047,656,163.07,0.03635,0.2486
2026-03-10,FL,Shopping | Instruments,shopping,20804,867,186.08,0.041675,0.2146
2026-03-11,FL,Shopping | Instruments,shopping,20743,642,154.04,0.03095,0.2399
2026-03-12,FL,Shopping | Instruments,shopping,23995,649,159.35,0.027047,0.2455
2026-03-13,FL,Shopping | Instruments,shopping,19941,802,156.1,0.040219,0.1946
2026-03-14,FL,Shopping | Instruments,shopping,24952,872,129.68,0.034947,0.1487
2026-03-15,FL,Shopping | Instruments,shopping,24560,743,153.57,0.030252,0.2067
2026-03-09,NY,Search | Brand,paid_search,24458,1554,128.88,0.063537,0.0829
2026-03-10,NY,Search | Brand,paid_search,20760,2226,124.05,0.107225,0.0557
2026-03-11,NY,Search | Brand,paid_search,18679,2221,98.04,0.118904,0.0441
2026-03-12,NY,Search | Brand,paid_search,24009,1692,150.75,0.070474,0.0891
2026-03-13,NY,Search | Brand,paid_search,23591,1859,128.8,0.078801,0.0693
2026-03-14,NY,Search | Brand,paid_search,17978,1570,121.49,0.087329,0.0774
2026-03-15,NY,Search | Brand,paid_search,22213,1839,127.77,0.082789,0.0695
2026-03-09,NY,Search | Nonbrand,paid_search,27115,1033,194.39,0.038097,0.1882
2026-03-10,NY,Search | Nonbrand,paid_search,25329,1088,191.53,0.042955,0.176
2026-03-11,NY,Search | Nonbrand,paid_search,24473,997,197.06,0.040739,0.1977
2026-03-12,NY,Search | Nonbrand,paid_search,25997,1186,168.98,0.045621,0.1425
2026-03-13,NY,Search | Nonbrand,paid_search,22001,1168,260.07,0.053088,0.2227
2026-03-14,NY,Search | Nonbrand,paid_search,24337,1215,243.18,0.049924,0.2001
2026-03-15,NY,Search | Nonbrand,paid_search,22986,950,226.05,0.04133,0.2379
2026-03-09,NY,Shopping | Instruments,shopping,24935,746,155.19,0.029918,0.208
2026-03-10,NY,Shopping | Instruments,shopping,21966,567,129.79,0.025813,0.2289
2026-03-11,NY,Shopping | Instruments,shopping,26264,778,174.19,0.029622,0.2239
2026-03-12,NY,Shopping | Instruments,shopping,19921,547,134.72,0.027458,0.2463
2026-03-13,NY,Shopping | Instruments,shopping,20788,730,128.64,0.035116,0.1762
2026-03-14,NY,Shopping | Instruments,shopping,18696,558,174.06,0.029846,0.3119
2026-03-15,NY,Shopping | Instruments,shopping,18361,604,190.12,0.032896,0.3148
2026-03-16,CA,Search | Brand,paid_search,29246,3075,188.94,0.105143,0.0614
2026-03-17,CA,Search | Brand,paid_search,28229,2537,198.0,0.089872,0.078
2026-03-18,CA,Search | Brand,paid_search,40535,2785,222.66,0.068706,0.08
2026-03-19,CA,Search | Brand,paid_search,27746,2331,173.44,0.084012,0.0744
2026-03-20,CA,Search | Brand,paid_search,40491,2827,162.42,0.069818,0.0575
2026-03-21,CA,Search | Brand,paid_search,31655,2656,175.02,0.083905,0.0659
2026-03-22,CA,Search | Brand,paid_search,28040,2545,189.96,0.090763,0.0746
2026-03-16,CA,Search | Nonbrand,paid_search,28334,1413,199.09,0.049869,0.1409
2026-03-17,CA,Search | Nonbrand,paid_search,26226,1271,264.76,0.048463,0.2083
2026-03-18,CA,Search | Nonbrand,paid_search,29309,1275,272.52,0.043502,0.2137
2026-03-19,CA,Search | Nonbrand,paid_search,28670,1381,286.64,0.048169,0.2076
2026-03-20,CA,Search | Nonbrand,paid_search,37203,1227,267.91,0.032981,0.2183
2026-03-21,CA,Search | Nonbrand,paid_search,30409,1113,281.39,0.036601,0.2528
2026-03-22,CA,Search | Nonbrand,paid_search,29246,1272,228.51,0.043493,0.1796
2026-03-16,CA,Shopping | Instruments,shopping,29184,1180,229.5,0.040433,0.1945
2026-03-17,CA,Shopping | Instruments,shopping,27689,958,264.02,0.034599,0.2756
2026-03-18,CA,Shopping | Instruments,shopping,41046,1130,238.61,0.02753,0.2112
2026-03-19,CA,Shopping | Instruments,shopping,27560,1108,222.43,0.040203,0.2008
2026-03-20,CA,Shopping | Instruments,shopping,28872,956,222.3,0.033112,0.2325
2026-03-21,CA,Shopping | Instruments,shopping,34925,1307,247.99,0.037423,0.1897
2026-03-22,CA,Shopping | Instruments,shopping,36942,958,203.92,0.025933,0.2129
2026-03-16,TX,Search | Brand,paid_search,27723,2222,133.71,0.08015,0.0602
2026-03-17,TX,Search | Brand,paid_search,24223,2033,140.72,0.083928,0.0692
2026-03-18,TX,Search | Brand,paid_search,20140,1913,150.79,0.094985,0.0788
2026-03-19,TX,Search | Brand,paid_search,19724,2484,156.52,0.125938,0.063
2026-03-20,TX,Search | Brand,paid_search,25038,2224,140.85,0.088825,0.0633
2026-03-21,TX,Search | Brand,paid_search,28541,1811,160.84,0.063453,0.0888
2026-03-22,TX,Search | Brand,paid_search,25504,2589,107.74,0.101513,0.0416
2026-03-16,TX,Search | Nonbrand,paid_search,26160,931,219.49,0.035589,0.2358
2026-03-17,TX,Search | Nonbrand,paid_search,25434,1256,229.04,0.049383,0.1824
2026-03-18,TX,Search | Nonbrand,paid_search,22497,1021,274.95,0.045384,0.2693
2026-03-19,TX,Search | Nonbrand,paid_search,23334,1335,205.95,0.057213,0.1543
2026-03-20,TX,Search | Nonbrand,paid_search,30064,1045,207.02,0.034759,0.1981
2026-03-21,TX,Search | Nonbrand,paid_search,28768,906,237.05,0.031493,0.2616
2026-03-22,TX,Search | Nonbrand,paid_search,28818,1235,218.14,0.042855,0.1766
2026-03-16,TX,Shopping | Instruments,shopping,26279,842,153.3,0.032041,0.1821
2026-03-17,TX,Shopping | Instruments,shopping,25812,677,192.18,0.026228,0.2839
2026-03-18,TX,Shopping | Instruments,shopping,25266,793,150.09,0.031386,0.1893
2026-03-19,TX,Shopping | Instruments,shopping,25854,770,176.77,0.029783,0.2296
2026-03-20,TX,Shopping | Instruments,shopping,20918,653,172.47,0.031217,0.2641
2026-03-21,TX,Shopping | Instruments,shopping,21832,757,139.64,0.034674,0.1845
2026-03-22,TX,Shopping | Instruments,shopping,19283,594,205.31,0.030804,0.3456
2026-03-16,FL,Search | Brand,paid_search,20390,2134,102.24,0.104659,0.0479
2026-03-17,FL,Search | Brand,paid_search,27592,1735,116.98,0.062881,0.0674
2026-03-18,FL,Search | Brand,paid_search,22522,2099,112.73,0.093198,0.0537
2026-03-19,FL,Search | Brand,paid_search,20197,2178,146.69,0.107838,0.0674
2026-03-20,FL,Search | Brand,paid_search,21625,1819,142.81,0.084116,0.0785
2026-03-21,FL,Search | Brand,paid_search,26355,1964,159.15,0.074521,0.081
2026-03-22,FL,Search | Brand,paid_search,22317,1734,153.17,0.077699,0.0883
2026-03-16,FL,Search | Nonbrand,paid_search,21641,1087,164.82,0.050229,0.1516
2026-03-17,FL,Search | Nonbrand,paid_search,22906,869,178.21,0.037938,0.2051
2026-03-18,FL,Search | Nonbrand,paid_search,26099,991,185.45,0.037971,0.1871
2026-03-19,FL,Search | Nonbrand,paid_search,19052,817,198.71,0.042883,0.2432
2026-03-20,FL,Search | Nonbrand,paid_search,22294,978,220.18,0.043868,0.2251
2026-03-21,FL,Search | Nonbrand,paid_search,24215,796,249.14,0.032872,0.313
2026-03-22,FL,Search | Nonbrand,paid_search,25307,982,192.5,0.038803,0.196
2026-03-16,FL,Shopping | Instruments,shopping,16528,513,158.49,0.031038,0.3089
2026-03-17,FL,Shopping | Instruments,shopping,17830,571,153.71,0.032025,0.2692
2026-03-18,FL,Shopping | Instruments,shopping,22181,586,117.48,0.026419,0.2005
2026-03-19,FL,Shopping | Instruments,shopping,17771,685,130.46,0.038546,0.1904
2026-03-20,FL,Shopping | Instruments,shopping,18703,505,124.15,0.027001,0.2458
2026-03-21,FL,Shopping | Instruments,shopping,23592,646,142.97,0.027382,0.2213
2026-03-22,FL,Shopping | Instruments,shopping,20205,679,157.78,0.033606,0.2324
2026-03-16,NY,Search | Brand,paid_search,22159,1541,108.72,0.069543,0.0705
2026-03-17,NY,Search | Brand,paid_search,18933,1650,137.81,0.087149,0.0835
2026-03-18,NY,Search | Brand,paid_search,21153,1754,111.07,0.08292,0.0633
2026-03-19,NY,Search | Brand,paid_search,23825,1569,113.91,0.065855,0.0726
2026-03-20,NY,Search | Brand,paid_search,22096,1565,128.85,0.070827,0.0823
2026-03-21,NY,Search | Brand,paid_search,21820,1836,155.06,0.084143,0.0845
2026-03-22,NY,Search | Brand,paid_search,19074,1817,109.13,0.095261,0.0601
2026-03-16,NY,Search | Nonbrand,paid_search,27717,1037,247.89,0.037414,0.239
2026-03-17,NY,Search | Nonbrand,paid_search,27465,1069,190.94,0.038922,0.1786
2026-03-18,NY,Search | Nonbrand,paid_search,30348,980,232.03,0.032292,0.2368
2026-03-19,NY,Search | Nonbrand,paid_search,21262,1254,218.7,0.058978,0.1744
2026-03-20,NY,Search | Nonbrand,paid_search,24967,859,198.61,0.034405,0.2312
2026-03-21,NY,Search | Nonbrand,paid_search,23948,905,221.86,0.03779,0.2451
2026-03-22,NY,Search | Nonbrand,paid_search,23564,1327,231.69,0.056315,0.1746
2026-03-16,NY,Shopping | Instruments,shopping,26417,599,201.24,0.022675,0.336
2026-03-17,NY,Shopping | Instruments,shopping,23518,662,160.79,0.028149,0.2429
2026-03-18,NY,Shopping | Instruments,shopping,22983,787,134.11,0.034243,0.1704
2026-03-19,NY,Shopping | Instruments,shopping,20106,871,176.28,0.04332,0.2024
2026-03-20,NY,Shopping | Instruments,shopping,23007,792,171.16,0.034424,0.2161
2026-03-21,NY,Shopping | Instruments,shopping,26349,759,189.17,0.028806,0.2492
2026-03-22,NY,Shopping | Instruments,shopping,28449,754,197.2,0.026504,0.2615
2026-03-23,CA,Search | Brand,paid_search,29608,2661,164.78,0.089874,0.0619
2026-03-24,CA,Search | Brand,paid_search,23492,2069,134.7,0.088073,0.0651
2026-03-25,CA,Search | Brand,paid_search,29339,2261,155.03,0.077065,0.0686
2026-03-26,CA,Search | Brand,paid_search,28501,2389,179.64,0.083822,0.0752
2026-03-27,CA,Search | Brand,paid_search,23634,2369,158.27,0.100237,0.0668
2026-03-28,CA,Search | Brand,paid_search,32371,2376,162.17,0.073399,0.0683
2026-03-29,CA,Search | Brand,paid_search,31119,2465,194.17,0.079212,0.0788
2026-03-23,CA,Search | Nonbrand,paid_search,34792,1502,345.52,0.043171,0.23
2026-03-24,CA,Search | Nonbrand,paid_search,36228,1653,274.54,0.045628,0.1661
2026-03-25,CA,Search | Nonbrand,paid_search,28682,1250,263.05,0.043581,0.2104
2026-03-26,CA,Search | Nonbrand,paid_search,35682,1271,326.05,0.03562,0.2565
2026-03-27,CA,Search | Nonbrand,paid_search,33549,1168,301.0,0.034815,0.2577
2026-03-28,CA,Search | Nonbrand,paid_search,33608,1243,236.62,0.036985,0.1904
2026-03-29,CA,Search | Nonbrand,paid_search,29590,1689,249.55,0.05708,0.1478
2026-03-23,CA,Shopping | Instruments,shopping,29124,966,269.02,0.033169,0.2785
2026-03-24,CA,Shopping | Instruments,shopping,32145,1054,226.7,0.032789,0.2151
2026-03-25,CA,Shopping | Instruments,shopping,34013,1044,180.47,0.030694,0.1729
2026-03-26,CA,Shopping | Instruments,shopping,29355,1296,183.46,0.044149,0.1416
2026-03-27,CA,Shopping | Instruments,shopping,36846,994,263.91,0.026977,0.2655
2026-03-28,CA,Shopping | Instruments,shopping,26936,1193,240.65,0.04429,0.2017
2026-03-29,CA,Shopping | Instruments,shopping,35387,1107,247.2,0.031283,0.2233
2026-03-23,TX,Search | Brand,paid_search,22777,1920,139.2,0.084296,0.0725
2026-03-24,TX,Search | Brand,paid_search,27193,2545,152.62,0.09359,0.06
2026-03-25,TX,Search | Brand,paid_search,25537,2527,114.7,0.098954,0.0454
2026-03-26,TX,Search | Brand,paid_search,25622,2236,165.28,0.087269,0.0739
2026-03-27,TX,Search | Brand,paid_search,28074,1846,153.18,0.065755,0.083
2026-03-28,TX,Search | Brand,paid_search,23380,2109,161.26,0.090205,0.0765
2026-03-29,TX,Search | Brand,paid_search,26408,2188,151.9,0.082854,0.0694
2026-03-23,TX,Search | Nonbrand,paid_search,23152,1485,242.9,0.064141,0.1636
2026-03-24,TX,Search | Nonbrand,paid_search,28937,1035,212.08,0.035767,0.2049
2026-03-25,TX,Search | Nonbrand,paid_search,30461,1448,247.66,0.047536,0.171
2026-03-26,TX,Search | Nonbrand,paid_search,27678,1043,191.27,0.037683,0.1834
2026-03-27,TX,Search | Nonbrand,paid_search,22200,1258,268.75,0.056667,0.2136
2026-03-28,TX,Search | Nonbrand,paid_search,25838,1134,250.65,0.043889,0.221
2026-03-29,TX,Search | Nonbrand,paid_search,28381,1087,191.88,0.0383,0.1765
2026-03-23,TX,Shopping | Instruments,shopping,27447,725,171.77,0.026415,0.2369
2026-03-24,TX,Shopping | Instruments,shopping,20269,925,158.29,0.045636,0.1711
2026-03-25,TX,Shopping | Instruments,shopping,26874,694,184.16,0.025824,0.2654
2026-03-26,TX,Shopping | Instruments,shopping,23566,850,164.77,0.036069,0.1938
2026-03-27,TX,Shopping | Instruments,shopping,22436,937,186.84,0.041763,0.1994
2026-03-28,TX,Shopping | Instruments,shopping,28025,928,198.97,0.033113,0.2144
2026-03-29,TX,Shopping | Instruments,shopping,25289,899,187.34,0.035549,0.2084
2026-03-23,FL,Search | Brand,paid_search,23715,2196,158.81,0.0926,0.0723
2026-03-24,FL,Search | Brand,paid_search,23986,1717,109.66,0.071583,0.0639
2026-03-25,FL,Search | Brand,paid_search,25959,1713,105.5,0.065989,0.0616
2026-03-26,FL,Search | Brand,paid_search,19183,2215,120.92,0.115467,0.0546
2026-03-27,FL,Search | Brand,paid_search,18214,2244,136.49,0.123202,0.0608
2026-03-28,FL,Search | Brand,paid_search,24273,2061,139.78,0.084909,0.0678
2026-03-29,FL,Search | Brand,paid_search,20849,2153,134.68,0.103266,0.0626
2026-03-23,FL,Search | Nonbrand,paid_search,26418,1127,188.91,0.04266,0.1676
2026-03-24,FL,Search | Nonbrand,paid_search,22230,1248,232.45,0.05614,0.1863
2026-03-25,FL,Search | Nonbrand,paid_search,28768,1189,203.54,0.041331,0.1712
2026-03-26,FL,Search | Nonbrand,paid_search,26011,1231,194.55,0.047326,0.158
2026-03-27,FL,Search | Nonbrand,paid_search,21164,912,248.18,0.043092,0.2721
2026-03-28,FL,Search | Nonbrand,paid_search,29659,1042,223.94,0.035133,0.2149
2026-03-29,FL,Search | Nonbrand,paid_search,22110,909,225.12,0.041113,0.2477
2026-03-23,FL,Shopping | Instruments,shopping,24140,707,174.34,0.029287,0.2466
2026-03-24,FL,Shopping | Instruments,shopping,20377,791,153.02,0.038818,0.1935
2026-03-25,FL,Shopping | Instruments,shopping,26437,725,158.06,0.027424,0.218
2026-03-26,FL,Shopping | Instruments,shopping,25015,816,202.63,0.03262,0.2483
2026-03-27,FL,Shopping | Instruments,shopping,25477,594,207.11,0.023315,0.3487
2026-03-28,FL,Shopping | Instruments,shopping,24433,745,164.78,0.030492,0.2212
2026-03-29,FL,Shopping | Instruments,shopping,22627,684,153.29,0.030229,0.2241
2026-03-23,NY,Search | Brand,paid_search,16329,1342,100.08,0.082185,0.0746
2026-03-24,NY,Search | Brand,paid_search,22335,1865,103.4,0.083501,0.0554
2026-03-25,NY,Search | Brand,paid_search,15334,1577,110.66,0.102843,0.0702
2026-03-26,NY,Search | Brand,paid_search,21324,1471,93.29,0.068983,0.0634
2026-03-27,NY,Search | Brand,paid_search,21478,1427,96.39,0.06644,0.0675
2026-03-28,NY,Search | Brand,paid_search,14864,1585,128.79,0.106633,0.0813
2026-03-29,NY,Search | Brand,paid_search,20411,1674,133.43,0.082015,0.0797
2026-03-23,NY,Search | Nonbrand,paid_search,23719,1063,202.22,0.044816,0.1902
2026-03-24,NY,Search | Nonbrand,paid_search,19058,1018,150.1,0.053416,0.1474
2026-03-25,NY,Search | Nonbrand,paid_search,23210,970,148.67,0.041792,0.1533
2026-03-26,NY,Search | Nonbrand,paid_search,17216,852,178.4,0.049489,0.2094
2026-03-27,NY,Search | Nonbrand,paid_search,21088,770,207.7,0.036514,0.2697
2026-03-28,NY,Search | Nonbrand,paid_search,20135,1007,161.17,0.050012,0.16
2026-03-29,NY,Search | Nonbrand,paid_search,22784,834,217.74,0.036605,0.2611
2026-03-23,NY,Shopping | Instruments,shopping,27633,853,199.41,0.030869,0.2338
2026-03-24,NY,Shopping | Instruments,shopping,19750,633,149.44,0.032051,0.2361
2026-03-25,NY,Shopping | Instruments,shopping,29556,911,212.82,0.030823,0.2336
2026-03-26,NY,Shopping | Instruments,shopping,25329,802,182.57,0.031663,0.2276
2026-03-27,NY,Shopping | Instruments,shopping,26863,657,159.62,0.024457,0.243
2026-03-28,NY,Shopping | Instruments,shopping,28166,798,187.84,0.028332,0.2354
2026-03-29,NY,Shopping | Instruments,shopping,21648,615,196.7,0.028409,0.3198
2026-03-30,CA,Search | Brand,paid_search,27228,2733,152.4,0.100375,0.0558
2026-03-31,CA,Search | Brand,paid_search,24962,2776,136.42,0.111209,0.0491
2026-04-01,CA,Search | Brand,paid_search,31586,2482,160.38,0.078579,0.0646
2026-04-02,CA,Search | Brand,paid_search,22758,2197,169.04,0.096537,0.0769
2026-04-03,CA,Search | Brand,paid_search,24914,2001,184.14,0.080316,0.092
2026-04-04,CA,Search | Brand,paid_search,29811,2044,163.67,0.068565,0.0801
2026-04-05,CA,Search | Brand,paid_search,31087,2379,149.55,0.076527,0.0629
2026-03-30,CA,Search | Nonbrand,paid_search,34178,1468,255.36,0.042952,0.174
2026-03-31,CA,Search | Nonbrand,paid_search,27520,1563,316.78,0.056795,0.2027
2026-04-01,CA,Search | Nonbrand,paid_search,37546,1433,250.99,0.038167,0.1752
2026-04-02,CA,Search | Nonbrand,paid_search,38427,1555,358.83,0.040466,0.2308
2026-04-03,CA,Search | Nonbrand,paid_search,34049,1699,316.19,0.049899,0.1861
2026-04-04,CA,Search | Nonbrand,paid_search,33363,1374,272.52,0.041183,0.1983
2026-04-05,CA,Search | Nonbrand,paid_search,34689,1989,291.38,0.057338,0.1465
2026-03-30,CA,Shopping | Instruments,shopping,32639,913,209.02,0.027973,0.2289
2026-03-31,CA,Shopping | Instruments,shopping,35536,1294,227.31,0.036414,0.1757
2026-04-01,CA,Shopping | Instruments,shopping,31118,1023,267.54,0.032875,0.2615
2026-04-02,CA,Shopping | Instruments,shopping,36199,936,252.61,0.025857,0.2699
2026-04-03,CA,Shopping | Instruments,shopping,27517,1121,197.63,0.040738,0.1763
2026-04-04,CA,Shopping | Instruments,shopping,27957,1043,275.63,0.037307,0.2643
2026-04-05,CA,Shopping | Instruments,shopping,33964,1157,189.76,0.034065,0.164
2026-03-30,TX,Search | Brand,paid_search,22553,1690,110.58,0.074935,0.0654
2026-03-31,TX,Search | Brand,paid_search,21891,2171,134.83,0.099173,0.0621
2026-04-01,TX,Search | Brand,paid_search,23026,1715,117.18,0.074481,0.0683
2026-04-02,TX,Search | Brand,paid_search,20818,1743,139.27,0.083726,0.0799
2026-04-03,TX,Search | Brand,paid_search,24201,2344,155.06,0.096856,0.0662
2026-04-04,TX,Search | Brand,paid_search,21209,2357,116.77,0.111132,0.0495
2026-04-05,TX,Search | Brand,paid_search,21049,2170,123.85,0.103093,0.0571
2026-03-30,TX,Search | Nonbrand,paid_search,30675,1078,230.95,0.035143,0.2142
2026-03-31,TX,Search | Nonbrand,paid_search,37653,1574,249.6,0.041803,0.1586
2026-04-01,TX,Search | Nonbrand,paid_search,25861,1202,259.66,0.046479,0.216
2026-04-02,TX,Search | Nonbrand,paid_search,30042,1594,272.52,0.053059,0.171
2026-04-03,TX,Search | Nonbrand,paid_search,27303,1357,222.02,0.049701,0.1636
2026-04-04,TX,Search | Nonbrand,paid_search,26895,1186,283.41,0.044097,0.239
2026-04-05,TX,Search | Nonbrand,paid_search,27614,1260,253.8,0.045629,0.2014
2026-03-30,TX,Shopping | Instruments,shopping,25143,693,183.88,0.027562,0.2653
2026-03-31,TX,Shopping | Instruments,shopping,29259,825,193.66,0.028196,0.2347
2026-04-01,TX,Shopping | Instruments,shopping,23449,981,170.21,0.041835,0.1735
2026-04-02,TX,Shopping | Instruments,shopping,24750,1022,189.86,0.041293,0.1858
2026-04-03,TX,Shopping | Instruments,shopping,24977,782,151.98,0.031309,0.1944
2026-04-04,TX,Shopping | Instruments,shopping,26223,929,198.08,0.035427,0.2132
2026-04-05,TX,Shopping | Instruments,shopping,25111,677,200.5,0.02696,0.2962
2026-03-30,FL,Search | Brand,paid_search,22419,1673,128.95,0.074624,0.0771
2026-03-31,FL,Search | Brand,paid_search,20267,1829,100.64,0.090245,0.055
2026-04-01,FL,Search | Brand,paid_search,20942,1725,88.79,0.08237,0.0515
2026-04-02,FL,Search | Brand,paid_search,15993,1569,126.3,0.098105,0.0805
2026-04-03,FL,Search | Brand,paid_search,19107,1786,134.07,0.093474,0.0751
2026-04-04,FL,Search | Brand,paid_search,18460,1913,105.66,0.103629,0.0552
2026-04-05,FL,Search | Brand,paid_search,20907,1727,116.53,0.082604,0.0675
2026-03-30,FL,Search | Nonbrand,paid_search,19302,1079,226.56,0.055901,0.21
2026-03-31,FL,Search | Nonbrand,paid_search,19843,860,170.85,0.04334,0.1987
2026-04-01,FL,Search | Nonbrand,paid_search,23848,892,236.43,0.037404,0.2651
2026-04-02,FL,Search | Nonbrand,paid_search,24411,933,238.99,0.03822,0.2562
2026-04-03,FL,Search | Nonbrand,paid_search,25311,909,169.68,0.035913,0.1867
2026-04-04,FL,Search | Nonbrand,paid_search,25809,1116,170.38,0.043241,0.1527
2026-04-05,FL,Search | Nonbrand,paid_search,25071,958,194.02,0.038211,0.2025
2026-03-30,FL,Shopping | Instruments,shopping,23782,670,174.58,0.028173,0.2606
2026-03-31,FL,Shopping | Instruments,shopping,24998,590,169.9,0.023602,0.288
2026-04-01,FL,Shopping | Instruments,shopping,19164,783,135.63,0.040858,0.1732
2026-04-02,FL,Shopping | Instruments,shopping,17240,729,142.85,0.042285,0.196
2026-04-03,FL,Shopping | Instruments,shopping,23764,617,148.09,0.025964,0.24
2026-04-04,FL,Shopping | Instruments,shopping,24493,636,139.56,0.025967,0.2194
2026-04-05,FL,Shopping | Instruments,shopping,20277,648,196.17,0.031957,0.3027
2026-03-30,NY,Search | Brand,paid_search,22204,2501,132.83,0.112637,0.0531
2026-03-31,NY,Search | Brand,paid_search,23865,2281,132.3,0.095579,0.058
2026-04-01,NY,Search | Brand,paid_search,26488,2057,149.06,0.077658,0.0725
2026-04-02,NY,Search | Brand,paid_search,22081,1927,134.41,0.08727,0.0698
2026-04-03,NY,Search | Brand,paid_search,18069,1716,154.23,0.094969,0.0899
2026-04-04,NY,Search | Brand,paid_search,25737,1633,105.88,0.06345,0.0648
2026-04-05,NY,Search | Brand,paid_search,24260,1717,134.95,0.070775,0.0786
2026-03-30,NY,Search | Nonbrand,paid_search,27255,1296,249.99,0.047551,0.1929
2026-03-31,NY,Search | Nonbrand,paid_search,24111,1019,280.21,0.042263,0.275
2026-04-01,NY,Search | Nonbrand,paid_search,28187,946,224.99,0.033562,0.2378
2026-04-02,NY,Search | Nonbrand,paid_search,27891,1357,248.18,0.048654,0.1829
2026-04-03,NY,Search | Nonbrand,paid_search,24917,1104,188.39,0.044307,0.1706
2026-04-04,NY,Search | Nonbrand,paid_search,26850,1377,207.79,0.051285,0.1509
2026-04-05,NY,Search | Nonbrand,paid_search,27456,1218,205.79,0.044362,0.169
2026-03-30,NY,Shopping | Instruments,shopping,22924,819,213.24,0.035727,0.2604
2026-03-31,NY,Shopping | Instruments,shopping,26663,785,171.9,0.029442,0.219
2026-04-01,NY,Shopping | Instruments,shopping,29108,731,205.11,0.025113,0.2806
2026-04-02,NY,Shopping | Instruments,shopping,27044,1101,170.47,0.040711,0.1548
2026-04-03,NY,Shopping | Instruments,shopping,28434,995,184.72,0.034993,0.1856
2026-04-04,NY,Shopping | Instruments,shopping,21445,737,179.67,0.034367,0.2438
2026-04-05,NY,Shopping | Instruments,shopping,23479,721,164.4,0.030708,0.228
2026-04-06,CA,Search | Brand,paid_search,40928,2975,143.42,0.072689,0.0482
2026-04-07,CA,Search | Brand,paid_search,34229,2801,206.05,0.081831,0.0736
2026-04-08,CA,Search | Brand,paid_search,31450,3263,185.06,0.103752,0.0567
2026-04-09,CA,Search | Brand,paid_search,29823,2496,202.48,0.083694,0.0811
2026-04-10,CA,Search | Brand,paid_search,31475,2198,220.02,0.069833,0.1001
2026-04-11,CA,Search | Brand,paid_search,27420,2281,199.01,0.083187,0.0872
2026-04-12,CA,Search | Brand,paid_search,33796,2426,172.87,0.071784,0.0713
2026-04-06,CA,Search | Nonbrand,paid_search,35899,1397,348.02,0.038915,0.2491
2026-04-07,CA,Search | Nonbrand,paid_search,28755,1391,259.56,0.048374,0.1866
2026-04-08,CA,Search | Nonbrand,paid_search,36308,1514,312.98,0.041699,0.2067
2026-04-09,CA,Search | Nonbrand,paid_search,28673,1291,272.24,0.045025,0.2109
2026-04-10,CA,Search | Nonbrand,paid_search,30213,1075,239.75,0.035581,0.223
2026-04-11,CA,Search | Nonbrand,paid_search,38123,1493,250.03,0.039163,0.1675
2026-04-12,CA,Search | Nonbrand,paid_search,38826,1526,353.88,0.039304,0.2319
2026-04-06,CA,Shopping | Instruments,shopping,32943,1182,248.84,0.03588,0.2105
2026-04-07,CA,Shopping | Instruments,shopping,39293,1281,211.5,0.032601,0.1651
2026-04-08,CA,Shopping | Instruments,shopping,38843,1092,220.06,0.028113,0.2015
2026-04-09,CA,Shopping | Instruments,shopping,31296,1136,259.91,0.036299,0.2288
2026-04-10,CA,Shopping | Instruments,shopping,31089,1190,267.75,0.038277,0.225
2026-04-11,CA,Shopping | Instruments,shopping,31979,1046,287.06,0.032709,0.2744
2026-04-12,CA,Shopping | Instruments,shopping,33852,1239,227.81,0.0366,0.1839
2026-04-06,TX,Search | Brand,paid_search,19107,1927,147.48,0.100853,0.0765
2026-04-07,TX,Search | Brand,paid_search,21006,1766,116.31,0.084071,0.0659
2026-04-08,TX,Search | Brand,paid_search,27894,1726,166.33,0.061877,0.0964
2026-04-09,TX,Search | Brand,paid_search,27720,2208,157.6,0.079654,0.0714
2026-04-10,TX,Search | Brand,paid_search,22320,1897,135.55,0.084991,0.0715
2026-04-11,TX,Search | Brand,paid_search,27946,1688,118.79,0.060402,0.0704
2026-04-12,TX,Search | Brand,paid_search,20251,1816,122.15,0.089675,0.0673
2026-04-06,TX,Search | Nonbrand,paid_search,24479,1275,264.48,0.052085,0.2074
2026-04-07,TX,Search | Nonbrand,paid_search,25333,1035,222.41,0.040856,0.2149
2026-04-08,TX,Search | Nonbrand,paid_search,25285,1269,191.22,0.050188,0.1507
2026-04-09,TX,Search | Nonbrand,paid_search,28765,1189,171.77,0.041335,0.1445
2026-04-10,TX,Search | Nonbrand,paid_search,18986,865,229.7,0.04556,0.2656
2026-04-11,TX,Search | Nonbrand,paid_search,26993,1103,265.08,0.040862,0.2403
2026-04-12,TX,Search | Nonbrand,paid_search,26760,975,174.1,0.036435,0.1786
2026-04-06,TX,Shopping | Instruments,shopping,26833,831,202.97,0.030969,0.2442
2026-04-07,TX,Shopping | Instruments,shopping,23856,756,153.54,0.03169,0.2031
2026-04-08,TX,Shopping | Instruments,shopping,18985,873,155.74,0.045984,0.1784
2026-04-09,TX,Shopping | Instruments,shopping,27577,909,196.81,0.032962,0.2165
2026-04-10,TX,Shopping | Instruments,shopping,21258,733,184.58,0.034481,0.2518
2026-04-11,TX,Shopping | Instruments,shopping,28397,733,160.61,0.025813,0.2191
2026-04-12,TX,Shopping | Instruments,shopping,27345,814,200.37,0.029768,0.2462
2026-04-06,FL,Search | Brand,paid_search,17503,1574,90.51,0.089927,0.0575
2026-04-07,FL,Search | Brand,paid_search,22292,1660,95.47,0.074466,0.0575
2026-04-08,FL,Search | Brand,paid_search,16984,1613,126.43,0.094972,0.0784
2026-04-09,FL,Search | Brand,paid_search,16484,1313,112.2,0.079653,0.0854
2026-04-10,FL,Search | Brand,paid_search,22971,1558,116.25,0.067825,0.0746
2026-04-11,FL,Search | Brand,paid_search,20881,1588,124.61,0.07605,0.0785
2026-04-12,FL,Search | Brand,paid_search,16362,1383,108.71,0.084525,0.0786
2026-04-06,FL,Search | Nonbrand,paid_search,25325,1137,186.76,0.044896,0.1643
2026-04-07,FL,Search | Nonbrand,paid_search,25269,814,202.49,0.032213,0.2488
2026-04-08,FL,Search | Nonbrand,paid_search,23436,1005,204.74,0.042883,0.2037
2026-04-09,FL,Search | Nonbrand,paid_search,20570,948,211.27,0.046087,0.2229
2026-04-10,FL,Search | Nonbrand,paid_search,23310,950,179.72,0.040755,0.1892
2026-04-11,FL,Search | Nonbrand,paid_search,19351,997,184.59,0.051522,0.1851
2026-04-12,FL,Search | Nonbrand,paid_search,22326,1207,202.9,0.054063,0.1681
2026-04-06,FL,Shopping | Instruments,shopping,17129,621,146.59,0.036254,0.236
2026-04-07,FL,Shopping | Instruments,shopping,25511,666,136.79,0.026106,0.2054
2026-04-08,FL,Shopping | Instruments,shopping,19131,752,173.28,0.039308,0.2304
2026-04-09,FL,Shopping | Instruments,shopping,23599,683,135.27,0.028942,0.198
2026-04-10,FL,Shopping | Instruments,shopping,24405,660,159.6,0.027044,0.2418
2026-04-11,FL,Shopping | Instruments,shopping,16811,835,127.47,0.04967,0.1527
2026-04-12,FL,Shopping | Instruments,shopping,19174,595,170.47,0.031032,0.2865
2026-04-06,NY,Search | Brand,paid_search,22494,1766,132.09,0.07851,0.0748
2026-04-07,NY,Search | Brand,paid_search,18911,1627,132.29,0.086035,0.0813
2026-04-08,NY,Search | Brand,paid_search,16758,1859,120.69,0.110932,0.0649
2026-04-09,NY,Search | Brand,paid_search,20734,1701,128.53,0.082039,0.0756
2026-04-10,NY,Search | Brand,paid_search,19850,2015,104.97,0.101511,0.0521
2026-04-11,NY,Search | Brand,paid_search,22067,1602,117.0,0.072597,0.073
2026-04-12,NY,Search | Brand,paid_search,22138,2197,93.55,0.099241,0.0426
2026-04-06,NY,Search | Nonbrand,paid_search,32935,1340,288.49,0.040686,0.2153
2026-04-07,NY,Search | Nonbrand,paid_search,28966,1227,209.5,0.04236,0.1707
2026-04-08,NY,Search | Nonbrand,paid_search,26759,1431,216.57,0.053477,0.1513
2026-04-09,NY,Search | Nonbrand,paid_search,23218,1059,208.83,0.045611,0.1972
2026-04-10,NY,Search | Nonbrand,paid_search,22382,1030,273.7,0.046019,0.2657
2026-04-11,NY,Search | Nonbrand,paid_search,30153,1041,211.34,0.034524,0.203
2026-04-12,NY,Search | Nonbrand,paid_search,24210,1296,213.73,0.053532,0.1649
2026-04-06,NY,Shopping | Instruments,shopping,28562,823,169.91,0.028815,0.2065
2026-04-07,NY,Shopping | Instruments,shopping,28100,690,176.97,0.024555,0.2565
2026-04-08,NY,Shopping | Instruments,shopping,18793,717,145.4,0.038153,0.2028
2026-04-09,NY,Shopping | Instruments,shopping,27653,952,185.84,0.034427,0.1952
2026-04-10,NY,Shopping | Instruments,shopping,24887,763,204.08,0.030659,0.2675
2026-04-11,NY,Shopping | Instruments,shopping,19814,729,161.75,0.036792,0.2219
2026-04-12,NY,Shopping | Instruments,shopping,24021,681,193.23,0.02835,0.2837
2026-04-13,CA,Search | Brand,paid_search,37481,2276,186.42,0.060724,0.0819
2026-04-14,CA,Search | Brand,paid_search,39260,2651,218.25,0.067524,0.0823
2026-04-15,CA,Search | Brand,paid_search,26549,3113,163.57,0.117255,0.0525
2026-04-16,CA,Search | Brand,paid_search,34261,2471,186.49,0.072123,0.0755
2026-04-17,CA,Search | Brand,paid_search,26727,2833,182.45,0.105998,0.0644
2026-04-18,CA,Search | Brand,paid_search,36614,3052,207.44,0.083356,0.068
2026-04-19,CA,Search | Brand,paid_search,29813,2765,193.48,0.092745,0.07
2026-04-13,CA,Search | Nonbrand,paid_search,30809,1519,357.21,0.049304,0.2352
2026-04-14,CA,Search | Nonbrand,paid_search,32957,1521,335.65,0.046151,0.2207
2026-04-15,CA,Search | Nonbrand,paid_search,39054,1537,257.2,0.039356,0.1673
2026-04-16,CA,Search | Nonbrand,paid_search,29259,1751,253.05,0.059845,0.1445
2026-04-17,CA,Search | Nonbrand,paid_search,40957,1643,354.49,0.040115,0.2158
2026-04-18,CA,Search | Nonbrand,paid_search,38366,1768,287.74,0.046082,0.1627
2026-04-19,CA,Search | Nonbrand,paid_search,37685,1575,296.81,0.041794,0.1885
2026-04-13,CA,Shopping | Instruments,shopping,28877,783,237.03,0.027115,0.3027
2026-04-14,CA,Shopping | Instruments,shopping,25521,1115,227.05,0.04369,0.2036
2026-04-15,CA,Shopping | Instruments,shopping,29462,900,158.29,0.030548,0.1759
2026-04-16,CA,Shopping | Instruments,shopping,31589,1109,164.67,0.035107,0.1485
2026-04-17,CA,Shopping | Instruments,shopping,31696,1116,209.67,0.035209,0.1879
2026-04-18,CA,Shopping | Instruments,shopping,25517,963,201.33,0.03774,0.2091
2026-04-19,CA,Shopping | Instruments,shopping,25918,841,231.74,0.032448,0.2755
2026-04-13,TX,Search | Brand,paid_search,28326,1736,148.27,0.061286,0.0854
2026-04-14,TX,Search | Brand,paid_search,20090,1799,140.27,0.089547,0.078
2026-04-15,TX,Search | Brand,paid_search,29626,2221,136.79,0.074968,0.0616
2026-04-16,TX,Search | Brand,paid_search,20616,1909,143.54,0.092598,0.0752
2026-04-17,TX,Search | Brand,paid_search,26089,2400,157.29,0.091993,0.0655
2026-04-18,TX,Search | Brand,paid_search,28394,2061,143.02,0.072586,0.0694
2026-04-19,TX,Search | Brand,paid_search,21173,2147,141.84,0.101403,0.0661
2026-04-13,TX,Search | Nonbrand,paid_search,25551,1303,180.16,0.050996,0.1383
2026-04-14,TX,Search | Nonbrand,paid_search,21631,886,236.3,0.04096,0.2667
2026-04-15,TX,Search | Nonbrand,paid_search,25226,1148,212.32,0.045509,0.1849
2026-04-16,TX,Search | Nonbrand,paid_search,21704,1120,240.95,0.051603,0.2151
2026-04-17,TX,Search | Nonbrand,paid_search,22861,1168,186.3,0.051091,0.1595
2026-04-18,TX,Search | Nonbrand,paid_search,30860,956,218.22,0.030979,0.2283
2026-04-19,TX,Search | Nonbrand,paid_search,21649,1010,183.3,0.046653,0.1815
2026-04-13,TX,Shopping | Instruments,shopping,24755,1028,228.73,0.041527,0.2225
2026-04-14,TX,Shopping | Instruments,shopping,31678,870,197.01,0.027464,0.2264
2026-04-15,TX,Shopping | Instruments,shopping,29739,720,214.22,0.024211,0.2975
2026-04-16,TX,Shopping | Instruments,shopping,21487,1064,221.06,0.049518,0.2078
2026-04-17,TX,Shopping | Instruments,shopping,27063,743,179.35,0.027454,0.2414
2026-04-18,TX,Shopping | Instruments,shopping,30059,699,160.29,0.023254,0.2293
2026-04-19,TX,Shopping | Instruments,shopping,29740,882,199.89,0.029657,0.2266
2026-04-13,FL,Search | Brand,paid_search,22935,2235,149.6,0.097449,0.0669
2026-04-14,FL,Search | Brand,paid_search,25085,1917,104.69,0.07642,0.0546
2026-04-15,FL,Search | Brand,paid_search,18977,1874,145.33,0.098751,0.0775
2026-04-16,FL,Search | Brand,paid_search,21454,1528,154.85,0.071222,0.1013
2026-04-17,FL,Search | Brand,paid_search,26857,2221,149.55,0.082697,0.0673
2026-04-18,FL,Search | Brand,paid_search,20483,2105,118.03,0.102768,0.0561
2026-04-19,FL,Search | Brand,paid_search,26978,1785,122.01,0.066165,0.0684
2026-04-13,FL,Search | Nonbrand,paid_search,25406,1243,213.51,0.048925,0.1718
2026-04-14,FL,Search | Nonbrand,paid_search,24822,1011,207.55,0.04073,0.2053
2026-04-15,FL,Search | Nonbrand,paid_search,29448,1167,199.15,0.039629,0.1706
2026-04-16,FL,Search | Nonbrand,paid_search,25147,1015,170.2,0.040363,0.1677
2026-04-17,FL,Search | Nonbrand,paid_search,21588,968,213.6,0.04484,0.2207
2026-04-18,FL,Search | Nonbrand,paid_search,20059,946,237.47,0.047161,0.251
2026-04-19,FL,Search | Nonbrand,paid_search,25517,1223,237.62,0.047929,0.1943
2026-04-13,FL,Shopping | Instruments,shopping,20952,742,178.78,0.035414,0.2409
2026-04-14,FL,Shopping | Instruments,shopping,23260,856,158.7,0.036801,0.1854
2026-04-15,FL,Shopping | Instruments,shopping,26778,737,164.09,0.027523,0.2226
2026-04-16,FL,Shopping | Instruments,shopping,28558,625,177.26,0.021885,0.2836
2026-04-17,FL,Shopping | Instruments,shopping,19224,796,191.94,0.041407,0.2411
2026-04-18,FL,Shopping | Instruments,shopping,29239,782,170.98,0.026745,0.2186
2026-04-19,FL,Shopping | Instruments,shopping,27765,861,223.83,0.03101,0.26
2026-04-13,NY,Search | Brand,paid_search,23568,2292,132.42,0.097251,0.0578
2026-04-14,NY,Search | Brand,paid_search,23956,1745,144.76,0.072842,0.083
2026-04-15,NY,Search | Brand,paid_search,26471,2310,147.57,0.087265,0.0639
2026-04-16,NY,Search | Brand,paid_search,21272,2374,153.21,0.111602,0.0645
2026-04-17,NY,Search | Brand,paid_search,27201,1967,154.14,0.072314,0.0784
2026-04-18,NY,Search | Brand,paid_search,26587,1734,135.95,0.06522,0.0784
2026-04-19,NY,Search | Brand,paid_search,22529,2323,127.13,0.103112,0.0547
2026-04-13,NY,Search | Nonbrand,paid_search,21480,851,195.7,0.039618,0.23
2026-04-14,NY,Search | Nonbrand,paid_search,26145,1141,265.2,0.043641,0.2324
2026-04-15,NY,Search | Nonbrand,paid_search,28565,1114,218.88,0.038999,0.1965
2026-04-16,NY,Search | Nonbrand,paid_search,22552,1229,200.95,0.054496,0.1635
2026-04-17,NY,Search | Nonbrand,paid_search,30753,949,193.0,0.030859,0.2034
2026-04-18,NY,Search | Nonbrand,paid_search,25236,1114,256.28,0.044143,0.2301
2026-04-19,NY,Search | Nonbrand,paid_search,30083,917,259.39,0.030482,0.2829
2026-04-13,NY,Shopping | Instruments,shopping,25450,781,148.67,0.030688,0.1904
2026-04-14,NY,Shopping | Instruments,shopping,24503,698,173.16,0.028486,0.2481
2026-04-15,NY,Shopping | Instruments,shopping,25005,719,165.17,0.028754,0.2297
2026-04-16,NY,Shopping | Instruments,shopping,17759,788,166.46,0.044372,0.2112
2026-04-17,NY,Shopping | Instruments,shopping,20073,746,175.93,0.037164,0.2358
2026-04-18,NY,Shopping | Instruments,shopping,21793,541,141.78,0.024824,0.2621
2026-04-19,NY,Shopping | Instruments,shopping,21007,616,149.08,0.029324,0.242
2026-04-20,CA,Search | Brand,paid_search,27524,3544,164.79,0.12876,0.0465
2026-04-21,CA,Search | Brand,paid_search,38951,2951,240.04,0.075762,0.0813
2026-04-22,CA,Search | Brand,paid_search,28720,3203,233.21,0.111525,0.0728
2026-04-23,CA,Search | Brand,paid_search,27196,3216,156.39,0.118253,0.0486
2026-04-24,CA,Search | Brand,paid_search,35449,2775,219.62,0.078281,0.0791
2026-04-25,CA,Search | Brand,paid_search,40327,2418,167.34,0.05996,0.0692
2026-04-26,CA,Search | Brand,paid_search,32330,2712,155.49,0.083885,0.0573
2026-04-20,CA,Search | Nonbrand,paid_search,37278,1749,340.6,0.046918,0.1947
2026-04-21,CA,Search | Nonbrand,paid_search,35672,1472,282.17,0.041265,0.1917
2026-04-22,CA,Search | Nonbrand,paid_search,33091,1311,344.12,0.039618,0.2625
2026-04-23,CA,Search | Nonbrand,paid_search,36912,1697,277.37,0.045974,0.1634
2026-04-24,CA,Search | Nonbrand,paid_search,29103,1575,251.09,0.054118,0.1594
2026-04-25,CA,Search | Nonbrand,paid_search,36141,1390,285.86,0.03846,0.2057
2026-04-26,CA,Search | Nonbrand,paid_search,37912,1628,335.33,0.042942,0.206
2026-04-20,CA,Shopping | Instruments,shopping,26823,919,221.91,0.034262,0.2415
2026-04-21,CA,Shopping | Instruments,shopping,33618,807,234.09,0.024005,0.2901
2026-04-22,CA,Shopping | Instruments,shopping,26342,1053,176.64,0.039974,0.1678
2026-04-23,CA,Shopping | Instruments,shopping,29251,1090,244.22,0.037264,0.2241
2026-04-24,CA,Shopping | Instruments,shopping,29639,739,177.26,0.024933,0.2399
2026-04-25,CA,Shopping | Instruments,shopping,28199,813,191.8,0.028831,0.2359
2026-04-26,CA,Shopping | Instruments,shopping,24058,1037,179.17,0.043104,0.1728
2026-04-20,TX,Search | Brand,paid_search,24061,1926,152.64,0.080047,0.0793
2026-04-21,TX,Search | Brand,paid_search,26693,2020,133.31,0.075675,0.066
2026-04-22,TX,Search | Brand,paid_search,27236,2254,143.45,0.082758,0.0636
2026-04-23,TX,Search | Brand,paid_search,25288,1935,155.54,0.076519,0.0804
2026-04-24,TX,Search | Brand,paid_search,24220,2362,143.31,0.097523,0.0607
2026-04-25,TX,Search | Brand,paid_search,23037,2125,130.23,0.092243,0.0613
2026-04-26,TX,Search | Brand,paid_search,22543,2578,145.38,0.114359,0.0564
2026-04-20,TX,Search | Nonbrand,paid_search,30551,980,221.64,0.032078,0.2262
2026-04-21,TX,Search | Nonbrand,paid_search,24339,1180,266.67,0.048482,0.226
2026-04-22,TX,Search | Nonbrand,paid_search,22033,1074,203.5,0.048745,0.1895
2026-04-23,TX,Search | Nonbrand,paid_search,21077,1205,199.24,0.057171,0.1653
2026-04-24,TX,Search | Nonbrand,paid_search,28415,1302,211.6,0.045821,0.1625
2026-04-25,TX,Search | Nonbrand,paid_search,28091,1086,248.57,0.03866,0.2289
2026-04-26,TX,Search | Nonbrand,paid_search,28855,1249,225.68,0.043285,0.1807
2026-04-20,TX,Shopping | Instruments,shopping,23970,629,142.91,0.026241,0.2272
2026-04-21,TX,Shopping | Instruments,shopping,24330,814,200.81,0.033457,0.2467
2026-04-22,TX,Shopping | Instruments,shopping,19346,884,161.21,0.045694,0.1824
2026-04-23,TX,Shopping | Instruments,shopping,25933,637,164.79,0.024563,0.2587
2026-04-24,TX,Shopping | Instruments,shopping,27932,715,165.16,0.025598,0.231
2026-04-25,TX,Shopping | Instruments,shopping,25155,901,176.98,0.035818,0.1964
2026-04-26,TX,Shopping | Instruments,shopping,21780,815,200.95,0.03742,0.2466
2026-04-20,FL,Search | Brand,paid_search,26712,2130,153.91,0.079739,0.0723
2026-04-21,FL,Search | Brand,paid_search,18595,2175,160.7,0.116967,0.0739
2026-04-22,FL,Search | Brand,paid_search,22953,2220,108.28,0.096719,0.0488
2026-04-23,FL,Search | Brand,paid_search,23510,1942,127.29,0.082603,0.0655
2026-04-24,FL,Search | Brand,paid_search,23400,1638,135.13,0.07,0.0825
2026-04-25,FL,Search | Brand,paid_search,19941,1880,129.16,0.094278,0.0687
2026-04-26,FL,Search | Brand,paid_search,27200,1834,126.94,0.067426,0.0692
2026-04-20,FL,Search | Nonbrand,paid_search,21606,1132,198.77,0.052393,0.1756
2026-04-21,FL,Search | Nonbrand,paid_search,23822,784,205.97,0.032911,0.2627
2026-04-22,FL,Search | Nonbrand,paid_search,20760,1194,161.23,0.057514,0.135
2026-04-23,FL,Search | Nonbrand,paid_search,23065,1185,205.66,0.051377,0.1736
2026-04-24,FL,Search | Nonbrand,paid_search,21877,853,218.18,0.038991,0.2558
2026-04-25,FL,Search | Nonbrand,paid_search,23311,884,225.17,0.037922,0.2547
2026-04-26,FL,Search | Nonbrand,paid_search,27064,886,173.96,0.032737,0.1963
2026-04-20,FL,Shopping | Instruments,shopping,19928,690,170.5,0.034625,0.2471
2026-04-21,FL,Shopping | Instruments,shopping,23202,693,143.78,0.029868,0.2075
2026-04-22,FL,Shopping | Instruments,shopping,17052,658,156.36,0.038588,0.2376
2026-04-23,FL,Shopping | Instruments,shopping,20744,744,157.1,0.035866,0.2112
2026-04-24,FL,Shopping | Instruments,shopping,23944,648,128.12,0.027063,0.1977
2026-04-25,FL,Shopping | Instruments,shopping,20662,735,162.24,0.035573,0.2207
2026-04-26,FL,Shopping | Instruments,shopping,21686,808,141.88,0.037259,0.1756
2026-04-20,NY,Search | Brand,paid_search,17493,1606,118.35,0.091808,0.0737
2026-04-21,NY,Search | Brand,paid_search,18986,1612,132.21,0.084905,0.082
2026-04-22,NY,Search | Brand,paid_search,20791,1625,112.76,0.078159,0.0694
2026-04-23,NY,Search | Brand,paid_search,19663,2118,113.15,0.107715,0.0534
2026-04-24,NY,Search | Brand,paid_search,18458,1492,101.19,0.080832,0.0678
2026-04-25,NY,Search | Brand,paid_search,23952,1564,105.43,0.065297,0.0674
2026-04-26,NY,Search | Brand,paid_search,21364,1985,133.0,0.092913,0.067
2026-04-20,NY,Search | Nonbrand,paid_search,21594,979,222.92,0.045337,0.2277
2026-04-21,NY,Search | Nonbrand,paid_search,19210,900,191.15,0.046851,0.2124
2026-04-22,NY,Search | Nonbrand,paid_search,23590,968,164.59,0.041034,0.17
2026-04-23,NY,Search | Nonbrand,paid_search,19138,813,155.12,0.042481,0.1908
2026-04-24,NY,Search | Nonbrand,paid_search,24426,984,222.23,0.040285,0.2258
2026-04-25,NY,Search | Nonbrand,paid_search,25259,1223,214.11,0.048418,0.1751
2026-04-26,NY,Search | Nonbrand,paid_search,27784,982,214.48,0.035344,0.2184
2026-04-20,NY,Shopping | Instruments,shopping,24825,698,167.2,0.028117,0.2395
2026-04-21,NY,Shopping | Instruments,shopping,26702,719,176.28,0.026927,0.2452
2026-04-22,NY,Shopping | Instruments,shopping,18715,1009,202.97,0.053914,0.2012
2026-04-23,NY,Shopping | Instruments,shopping,23539,836,202.34,0.035516,0.242
2026-04-24,NY,Shopping | Instruments,shopping,27692,793,178.42,0.028636,0.225
2026-04-25,NY,Shopping | Instruments,shopping,24915,853,168.31,0.034236,0.1973
2026-04-26,NY,Shopping | Instruments,shopping,26383,1030,148.44,0.03904,0.1441
2026-04-27,CA,Search | Brand,paid_search,28205,2488,196.16,0.088211,0.0788
2026-04-28,CA,Search | Brand,paid_search,36867,2815,198.53,0.076356,0.0705
2026-04-29,CA,Search | Brand,paid_search,34246,2338,194.94,0.068271,0.0834
2026-04-30,CA,Search | Brand,paid_search,29905,2744,144.06,0.091757,0.0525
2026-05-01,CA,Search | Brand,paid_search,28549,2565,186.93,0.089846,0.0729
2026-05-02,CA,Search | Brand,paid_search,26144,3098,147.63,0.118498,0.0477
2026-05-03,CA,Search | Brand,paid_search,33146,2240,190.71,0.06758,0.0851
2026-04-27,CA,Search | Nonbrand,paid_search,31600,1011,254.87,0.031994,0.2521
2026-04-28,CA,Search | Nonbrand,paid_search,30390,1466,298.84,0.04824,0.2038
2026-04-29,CA,Search | Nonbrand,paid_search,28705,1545,244.28,0.053823,0.1581
2026-04-30,CA,Search | Nonbrand,paid_search,26840,1219,209.57,0.045417,0.1719
2026-05-01,CA,Search | Nonbrand,paid_search,34120,1178,230.64,0.034525,0.1958
2026-05-02,CA,Search | Nonbrand,paid_search,34666,1354,308.05,0.039058,0.2275
2026-05-03,CA,Search | Nonbrand,paid_search,27165,1273,289.72,0.046862,0.2276
2026-04-27,CA,Shopping | Instruments,shopping,28638,996,266.1,0.034779,0.2672
2026-04-28,CA,Shopping | Instruments,shopping,32876,1251,188.44,0.038052,0.1506
2026-04-29,CA,Shopping | Instruments,shopping,38674,1125,247.7,0.029089,0.2202
2026-04-30,CA,Shopping | Instruments,shopping,36105,1020,268.99,0.028251,0.2637
2026-05-01,CA,Shopping | Instruments,shopping,32779,920,212.97,0.028067,0.2315
2026-05-02,CA,Shopping | Instruments,shopping,28123,950,218.49,0.03378,0.23
2026-05-03,CA,Shopping | Instruments,shopping,36980,1015,283.37,0.027447,0.2792
2026-04-27,TX,Search | Brand,paid_search,31154,2186,130.57,0.070168,0.0597
2026-04-28,TX,Search | Brand,paid_search,24796,2418,123.33,0.097516,0.051
2026-04-29,TX,Search | Brand,paid_search,31554,2207,169.04,0.069944,0.0766
2026-04-30,TX,Search | Brand,paid_search,25833,2468,150.57,0.095537,0.061
2026-05-01,TX,Search | Brand,paid_search,24145,2222,141.87,0.092027,0.0638
2026-05-02,TX,Search | Brand,paid_search,25116,2328,171.02,0.09269,0.0735
2026-05-03,TX,Search | Brand,paid_search,21038,1844,178.69,0.087651,0.0969
2026-04-27,TX,Search | Nonbrand,paid_search,32702,1357,218.14,0.041496,0.1608
2026-04-28,TX,Search | Nonbrand,paid_search,24944,945,223.62,0.037885,0.2366
2026-04-29,TX,Search | Nonbrand,paid_search,26862,1258,217.69,0.046832,0.173
2026-04-30,TX,Search | Nonbrand,paid_search,25074,991,231.84,0.039523,0.2339
2026-05-01,TX,Search | Nonbrand,paid_search,24563,1303,268.22,0.053047,0.2058
2026-05-02,TX,Search | Nonbrand,paid_search,22284,1204,251.47,0.05403,0.2089
2026-05-03,TX,Search | Nonbrand,paid_search,32594,1274,214.63,0.039087,0.1685
2026-04-27,TX,Shopping | Instruments,shopping,20471,816,163.42,0.039861,0.2003
2026-04-28,TX,Shopping | Instruments,shopping,22271,851,198.53,0.038211,0.2333
2026-04-29,TX,Shopping | Instruments,shopping,24675,825,141.55,0.033435,0.1716
2026-04-30,TX,Shopping | Instruments,shopping,24964,658,174.42,0.026358,0.2651
2026-05-01,TX,Shopping | Instruments,shopping,21448,744,186.09,0.034689,0.2501
2026-05-02,TX,Shopping | Instruments,shopping,25137,700,158.94,0.027847,0.2271
2026-05-03,TX,Shopping | Instruments,shopping,27778,889,177.61,0.032004,0.1998
2026-04-27,FL,Search | Brand,paid_search,21911,1455,88.92,0.066405,0.0611
2026-04-28,FL,Search | Brand,paid_search,20197,1439,114.72,0.071248,0.0797
2026-04-29,FL,Search | Brand,paid_search,15887,1715,124.68,0.10795,0.0727
2026-04-30,FL,Search | Brand,paid_search,18268,1625,109.34,0.088953,0.0673
2026-05-01,FL,Search | Brand,paid_search,18114,1582,131.47,0.087336,0.0831
2026-05-02,FL,Search | Brand,paid_search,19551,1428,125.53,0.07304,0.0879
2026-05-03,FL,Search | Brand,paid_search,20814,1486,86.85,0.071394,0.0584
2026-04-27,FL,Search | Nonbrand,paid_search,24021,1199,239.86,0.049915,0.2001
2026-04-28,FL,Search | Nonbrand,paid_search,22871,1048,217.54,0.045822,0.2076
2026-04-29,FL,Search | Nonbrand,paid_search,26688,1011,184.72,0.037882,0.1827
2026-04-30,FL,Search | Nonbrand,paid_search,19694,1121,235.16,0.056921,0.2098
2026-05-01,FL,Search | Nonbrand,paid_search,27618,881,164.25,0.031899,0.1864
2026-05-02,FL,Search | Nonbrand,paid_search,24747,890,192.68,0.035964,0.2165
2026-05-03,FL,Search | Nonbrand,paid_search,21970,873,207.24,0.039736,0.2374
2026-04-27,FL,Shopping | Instruments,shopping,24065,659,141.81,0.027384,0.2152
2026-04-28,FL,Shopping | Instruments,shopping,18016,873,144.69,0.048457,0.1657
2026-04-29,FL,Shopping | Instruments,shopping,21248,698,133.32,0.03285,0.191
2026-04-30,FL,Shopping | Instruments,shopping,27199,819,174.8,0.030111,0.2134
2026-05-01,FL,Shopping | Instruments,shopping,17732,643,165.23,0.036262,0.257
2026-05-02,FL,Shopping | Instruments,shopping,18382,737,151.23,0.040094,0.2052
2026-05-03,FL,Shopping | Instruments,shopping,21195,601,153.34,0.028356,0.2551
2026-04-27,NY,Search | Brand,paid_search,19113,2204,148.17,0.115314,0.0672
2026-04-28,NY,Search | Brand,paid_search,26674,1834,127.83,0.068756,0.0697
2026-04-29,NY,Search | Brand,paid_search,22970,1730,146.4,0.075316,0.0846
2026-04-30,NY,Search | Brand,paid_search,20031,1669,112.38,0.083321,0.0673
2026-05-01,NY,Search | Brand,paid_search,20938,2186,100.59,0.104403,0.046
2026-05-02,NY,Search | Brand,paid_search,26861,2195,140.19,0.081717,0.0639
2026-05-03,NY,Search | Brand,paid_search,19727,2266,131.06,0.114868,0.0578
2026-04-27,NY,Search | Nonbrand,paid_search,29483,946,229.97,0.032086,0.2431
2026-04-28,NY,Search | Nonbrand,paid_search,22102,1300,257.46,0.058818,0.198
2026-04-29,NY,Search | Nonbrand,paid_search,25133,1123,190.95,0.044682,0.17
2026-04-30,NY,Search | Nonbrand,paid_search,33771,1413,282.64,0.041841,0.2
2026-05-01,NY,Search | Nonbrand,paid_search,26913,1075,194.11,0.039944,0.1806
2026-05-02,NY,Search | Nonbrand,paid_search,25309,1198,206.38,0.047335,0.1723
2026-05-03,NY,Search | Nonbrand,paid_search,23856,1124,242.96,0.047116,0.2162
2026-04-27,NY,Shopping | Instruments,shopping,26577,918,134.75,0.034541,0.1468
2026-04-28,NY,Shopping | Instruments,shopping,23738,946,182.63,0.039852,0.1931
2026-04-29,NY,Shopping | Instruments,shopping,19698,912,185.43,0.046299,0.2033
2026-04-30,NY,Shopping | Instruments,shopping,27669,850,183.42,0.03072,0.2158
2026-05-01,NY,Shopping | Instruments,shopping,25608,730,205.31,0.028507,0.2812
2026-05-02,NY,Shopping | Instruments,shopping,25802,820,172.24,0.03178,0.2101
2026-05-03,NY,Shopping | Instruments,shopping,24434,733,185.6,0.029999,0.2532
2026-05-04,CA,Search | Brand,paid_search,32934,3066,177.66,0.093095,0.0579
2026-05-05,CA,Search | Brand,paid_search,22582,2041,171.11,0.090382,0.0838
2026-05-06,CA,Search | Brand,paid_search,31984,2478,156.11,0.077476,0.063
2026-05-07,CA,Search | Brand,paid_search,32331,2425,187.61,0.075005,0.0774
2026-05-08,CA,Search | Brand,paid_search,29526,2927,174.95,0.099133,0.0598
2026-05-09,CA,Search | Brand,paid_search,25171,2844,182.68,0.112987,0.0642
2026-05-10,CA,Search | Brand,paid_search,28481,2734,127.32,0.095994,0.0466
2026-05-04,CA,Search | Nonbrand,paid_search,34550,1685,358.87,0.04877,0.213
2026-05-05,CA,Search | Nonbrand,paid_search,38817,1412,251.82,0.036376,0.1783
2026-05-06,CA,Search | Nonbrand,paid_search,34155,1542,268.06,0.045147,0.1738
2026-05-07,CA,Search | Nonbrand,paid_search,39620,1766,324.85,0.044573,0.1839
2026-05-08,CA,Search | Nonbrand,paid_search,42059,1742,272.25,0.041418,0.1563
2026-05-09,CA,Search | Nonbrand,paid_search,31204,1443,360.96,0.046244,0.2501
2026-05-10,CA,Search | Nonbrand,paid_search,37157,1656,378.23,0.044568,0.2284
2026-05-04,CA,Shopping | Instruments,shopping,29740,1239,265.47,0.041661,0.2143
2026-05-05,CA,Shopping | Instruments,shopping,37642,1006,259.86,0.026725,0.2583
2026-05-06,CA,Shopping | Instruments,shopping,29741,911,256.86,0.030631,0.282
2026-05-07,CA,Shopping | Instruments,shopping,39986,1133,265.84,0.028335,0.2346
2026-05-08,CA,Shopping | Instruments,shopping,28357,1224,248.52,0.043164,0.203
2026-05-09,CA,Shopping | Instruments,shopping,41288,1179,246.28,0.028556,0.2089
2026-05-10,CA,Shopping | Instruments,shopping,43223,913,256.99,0.021123,0.2815
2026-05-04,TX,Search | Brand,paid_search,25483,2312,144.82,0.090727,0.0626
2026-05-05,TX,Search | Brand,paid_search,28719,2414,145.77,0.084056,0.0604
2026-05-06,TX,Search | Brand,paid_search,25116,2252,131.69,0.089664,0.0585
2026-05-07,TX,Search | Brand,paid_search,25062,2540,183.11,0.101349,0.0721
2026-05-08,TX,Search | Brand,paid_search,24455,2032,134.38,0.083091,0.0661
2026-05-09,TX,Search | Brand,paid_search,24563,2492,177.59,0.101453,0.0713
2026-05-10,TX,Search | Brand,paid_search,26879,1881,128.24,0.06998,0.0682
2026-05-04,TX,Search | Nonbrand,paid_search,35762,1042,298.7,0.029137,0.2867
2026-05-05,TX,Search | Nonbrand,paid_search,27910,1002,301.25,0.035901,0.3006
2026-05-06,TX,Search | Nonbrand,paid_search,34828,1063,206.91,0.030521,0.1946
2026-05-07,TX,Search | Nonbrand,paid_search,27245,1374,220.8,0.050431,0.1607
2026-05-08,TX,Search | Nonbrand,paid_search,29824,1446,276.91,0.048484,0.1915
2026-05-09,TX,Search | Nonbrand,paid_search,31880,1482,262.72,0.046487,0.1773
2026-05-10,TX,Search | Nonbrand,paid_search,32248,1453,322.11,0.045057,0.2217
2026-05-04,TX,Shopping | Instruments,shopping,24019,1109,196.94,0.046172,0.1776
2026-05-05,TX,Shopping | Instruments,shopping,33790,954,223.9,0.028233,0.2347
2026-05-06,TX,Shopping | Instruments,shopping,33761,822,226.99,0.024348,0.2761
2026-05-07,TX,Shopping | Instruments,shopping,32166,946,226.26,0.02941,0.2392
2026-05-08,TX,Shopping | Instruments,shopping,26450,906,216.97,0.034253,0.2395
2026-05-09,TX,Shopping | Instruments,shopping,28833,781,201.95,0.027087,0.2586
2026-05-10,TX,Shopping | Instruments,shopping,24277,1033,170.72,0.042551,0.1653
2026-05-04,FL,Search | Brand,paid_search,22350,2040,124.56,0.091275,0.0611
2026-05-05,FL,Search | Brand,paid_search,21213,1848,136.71,0.087116,0.074
2026-05-06,FL,Search | Brand,paid_search,21369,1677,118.87,0.078478,0.0709
2026-05-07,FL,Search | Brand,paid_search,18091,1702,130.29,0.09408,0.0765
2026-05-08,FL,Search | Brand,paid_search,26990,1683,152.86,0.062356,0.0908
2026-05-09,FL,Search | Brand,paid_search,27061,2169,135.52,0.080152,0.0625
2026-05-10,FL,Search | Brand,paid_search,27344,2167,154.82,0.07925,0.0714
2026-05-04,FL,Search | Nonbrand,paid_search,21750,962,177.64,0.04423,0.1847
2026-05-05,FL,Search | Nonbrand,paid_search,20269,1011,246.51,0.049879,0.2438
2026-05-06,FL,Search | Nonbrand,paid_search,19297,1146,190.22,0.059387,0.166
2026-05-07,FL,Search | Nonbrand,paid_search,28049,943,211.0,0.03362,0.2237
2026-05-08,FL,Search | Nonbrand,paid_search,24672,850,241.37,0.034452,0.284
2026-05-09,FL,Search | Nonbrand,paid_search,26260,823,167.07,0.03134,0.203
2026-05-10,FL,Search | Nonbrand,paid_search,25244,1058,189.85,0.041911,0.1794
2026-05-04,FL,Shopping | Instruments,shopping,24827,852,143.29,0.034317,0.1682
2026-05-05,FL,Shopping | Instruments,shopping,27860,843,217.57,0.030258,0.2581
2026-05-06,FL,Shopping | Instruments,shopping,24788,810,206.11,0.032677,0.2545
2026-05-07,FL,Shopping | Instruments,shopping,21573,902,208.38,0.041812,0.231
2026-05-08,FL,Shopping | Instruments,shopping,29255,767,213.28,0.026218,0.2781
2026-05-09,FL,Shopping | Instruments,shopping,29923,807,190.74,0.026969,0.2364
2026-05-10,FL,Shopping | Instruments,shopping,26876,636,153.35,0.023664,0.2411
2026-05-04,NY,Search | Brand,paid_search,26938,2373,149.24,0.088091,0.0629
2026-05-05,NY,Search | Brand,paid_search,25046,1597,141.61,0.063763,0.0887
2026-05-06,NY,Search | Brand,paid_search,23905,1863,142.09,0.077933,0.0763
2026-05-07,NY,Search | Brand,paid_search,21504,1674,113.56,0.077846,0.0678
2026-05-08,NY,Search | Brand,paid_search,21640,2156,131.88,0.09963,0.0612
2026-05-09,NY,Search | Brand,paid_search,24812,2448,158.32,0.098662,0.0647
2026-05-10,NY,Search | Brand,paid_search,18948,2143,107.5,0.113099,0.0502
2026-05-04,NY,Search | Nonbrand,paid_search,25466,1438,239.09,0.056467,0.1663
2026-05-05,NY,Search | Nonbrand,paid_search,26321,1397,206.07,0.053075,0.1475
2026-05-06,NY,Search | Nonbrand,paid_search,32063,1283,267.3,0.040015,0.2083
2026-05-07,NY,Search | Nonbrand,paid_search,23885,1228,270.46,0.051413,0.2202
2026-05-08,NY,Search | Nonbrand,paid_search,34238,1321,216.17,0.038583,0.1636
2026-05-09,NY,Search | Nonbrand,paid_search,31567,1258,267.16,0.039852,0.2124
2026-05-10,NY,Search | Nonbrand,paid_search,29030,1069,275.86,0.036824,0.2581
2026-05-04,NY,Shopping | Instruments,shopping,25943,723,193.2,0.027869,0.2672
2026-05-05,NY,Shopping | Instruments,shopping,25408,573,128.58,0.022552,0.2244
2026-05-06,NY,Shopping | Instruments,shopping,21214,823,169.97,0.038795,0.2065
2026-05-07,NY,Shopping | Instruments,shopping,20974,726,138.52,0.034614,0.1908
2026-05-08,NY,Shopping | Instruments,shopping,17976,596,184.19,0.033155,0.309
2026-05-09,NY,Shopping | Instruments,shopping,25427,792,155.44,0.031148,0.1963
2026-05-10,NY,Shopping | Instruments,shopping,24822,650,194.8,0.026186,0.2997
2026-05-11,CA,Search | Brand,paid_search,29243,2697,173.66,0.092227,0.0644
2026-05-12,CA,Search | Brand,paid_search,20840,1915,167.48,0.091891,0.0875
2026-05-13,CA,Search | Brand,paid_search,28746,2546,169.89,0.088569,0.0667
2026-05-14,CA,Search | Brand,paid_search,29960,2364,125.71,0.078905,0.0532
2026-05-15,CA,Search | Brand,paid_search,28559,1761,146.81,0.061662,0.0834
2026-05-16,CA,Search | Brand,paid_search,29166,2561,169.66,0.087808,0.0662
2026-05-17,CA,Search | Brand,paid_search,20007,2643,128.61,0.132104,0.0487
2026-05-11,CA,Search | Nonbrand,paid_search,30355,1072,203.95,0.035315,0.1903
2026-05-12,CA,Search | Nonbrand,paid_search,32274,1127,267.77,0.03492,0.2376
2026-05-13,CA,Search | Nonbrand,paid_search,32579,1306,246.93,0.040087,0.1891
2026-05-14,CA,Search | Nonbrand,paid_search,23838,1176,293.17,0.049333,0.2493
2026-05-15,CA,Search | Nonbrand,paid_search,23444,993,202.23,0.042356,0.2037
2026-05-16,CA,Search | Nonbrand,paid_search,32816,1340,227.46,0.040834,0.1697
2026-05-17,CA,Search | Nonbrand,paid_search,27660,1457,303.98,0.052675,0.2086
2026-05-11,CA,Shopping | Instruments,shopping,35751,1187,224.87,0.033202,0.1894
2026-05-12,CA,Shopping | Instruments,shopping,34542,1096,254.68,0.031729,0.2324
2026-05-13,CA,Shopping | Instruments,shopping,33486,850,228.6,0.025384,0.2689
2026-05-14,CA,Shopping | Instruments,shopping,35634,858,217.26,0.024078,0.2532
2026-05-15,CA,Shopping | Instruments,shopping,35984,844,205.91,0.023455,0.244
2026-05-16,CA,Shopping | Instruments,shopping,24731,1059,263.91,0.042821,0.2492
2026-05-17,CA,Shopping | Instruments,shopping,29413,1043,257.47,0.035461,0.2469
2026-05-11,TX,Search | Brand,paid_search,27341,2225,135.63,0.08138,0.061
2026-05-12,TX,Search | Brand,paid_search,27764,1909,170.79,0.068758,0.0895
2026-05-13,TX,Search | Brand,paid_search,29990,2397,185.76,0.079927,0.0775
2026-05-14,TX,Search | Brand,paid_search,25467,2381,149.77,0.093494,0.0629
2026-05-15,TX,Search | Brand,paid_search,22922,2060,135.69,0.08987,0.0659
2026-05-16,TX,Search | Brand,paid_search,22779,2161,124.82,0.094868,0.0578
2026-05-17,TX,Search | Brand,paid_search,30696,1706,181.91,0.055577,0.1066
2026-05-11,TX,Search | Nonbrand,paid_search,30003,880,186.41,0.02933,0.2118
2026-05-12,TX,Search | Nonbrand,paid_search,29556,959,281.73,0.032447,0.2938
2026-05-13,TX,Search | Nonbrand,paid_search,26195,1274,264.51,0.048635,0.2076
2026-05-14,TX,Search | Nonbrand,paid_search,24748,1216,206.46,0.049135,0.1698
2026-05-15,TX,Search | Nonbrand,paid_search,22475,1064,228.54,0.047341,0.2148
2026-05-16,TX,Search | Nonbrand,paid_search,29877,851,191.46,0.028483,0.225
2026-05-17,TX,Search | Nonbrand,paid_search,24403,1246,251.3,0.051059,0.2017
2026-05-11,TX,Shopping | Instruments,shopping,26626,918,216.56,0.034478,0.2359
2026-05-12,TX,Shopping | Instruments,shopping,37477,1096,217.92,0.029245,0.1988
2026-05-13,TX,Shopping | Instruments,shopping,29574,832,218.54,0.028133,0.2627
2026-05-14,TX,Shopping | Instruments,shopping,30112,1051,233.03,0.034903,0.2217
2026-05-15,TX,Shopping | Instruments,shopping,26311,866,219.88,0.032914,0.2539
2026-05-16,TX,Shopping | Instruments,shopping,24976,989,174.5,0.039598,0.1764
2026-05-17,TX,Shopping | Instruments,shopping,32477,1157,213.95,0.035625,0.1849
2026-05-11,FL,Search | Brand,paid_search,19972,1801,98.49,0.090176,0.0547
2026-05-12,FL,Search | Brand,paid_search,20766,1916,126.86,0.092266,0.0662
2026-05-13,FL,Search | Brand,paid_search,18964,1638,108.3,0.086374,0.0661
2026-05-14,FL,Search | Brand,paid_search,16665,1740,125.7,0.10441,0.0722
2026-05-15,FL,Search | Brand,paid_search,22621,1573,118.52,0.069537,0.0753
2026-05-16,FL,Search | Brand,paid_search,22798,1424,123.62,0.062462,0.0868
2026-05-17,FL,Search | Brand,paid_search,15004,1895,91.91,0.1263,0.0485
2026-05-11,FL,Search | Nonbrand,paid_search,20832,933,193.12,0.044787,0.207
2026-05-12,FL,Search | Nonbrand,paid_search,18811,1128,145.31,0.059965,0.1288
2026-05-13,FL,Search | Nonbrand,paid_search,26416,803,211.0,0.030398,0.2628
2026-05-14,FL,Search | Nonbrand,paid_search,19403,778,180.74,0.040097,0.2323
2026-05-15,FL,Search | Nonbrand,paid_search,19450,779,184.35,0.040051,0.2367
2026-05-16,FL,Search | Nonbrand,paid_search,25792,1081,159.22,0.041912,0.1473
2026-05-17,FL,Search | Nonbrand,paid_search,19644,879,219.24,0.044746,0.2494
2026-05-11,FL,Shopping | Instruments,shopping,24455,925,179.25,0.037825,0.1938
2026-05-12,FL,Shopping | Instruments,shopping,21807,805,209.0,0.036915,0.2596
2026-05-13,FL,Shopping | Instruments,shopping,27691,750,142.88,0.027085,0.1905
2026-05-14,FL,Shopping | Instruments,shopping,22829,705,149.98,0.030882,0.2127
2026-05-15,FL,Shopping | Instruments,shopping,21341,886,169.79,0.041516,0.1916
2026-05-16,FL,Shopping | Instruments,shopping,18418,682,171.63,0.037029,0.2517
2026-05-17,FL,Shopping | Instruments,shopping,26037,846,148.02,0.032492,0.175
2026-05-11,NY,Search | Brand,paid_search,20036,1630,132.58,0.081354,0.0813
2026-05-12,NY,Search | Brand,paid_search,23187,1532,136.18,0.066072,0.0889
2026-05-13,NY,Search | Brand,paid_search,17326,1968,104.55,0.113587,0.0531
2026-05-14,NY,Search | Brand,paid_search,24834,1859,130.57,0.074857,0.0702
2026-05-15,NY,Search | Brand,paid_search,24933,1764,106.23,0.07075,0.0602
2026-05-16,NY,Search | Brand,paid_search,22723,1730,149.99,0.076134,0.0867
2026-05-17,NY,Search | Brand,paid_search,20452,1755,130.14,0.085811,0.0742
2026-05-11,NY,Search | Nonbrand,paid_search,28716,1089,249.28,0.037923,0.2289
2026-05-12,NY,Search | Nonbrand,paid_search,23649,985,193.52,0.041651,0.1965
2026-05-13,NY,Search | Nonbrand,paid_search,30582,1105,253.2,0.036132,0.2291
2026-05-14,NY,Search | Nonbrand,paid_search,21518,1220,197.42,0.056697,0.1618
2026-05-15,NY,Search | Nonbrand,paid_search,27865,1205,264.5,0.043244,0.2195
2026-05-16,NY,Search | Nonbrand,paid_search,25747,936,232.61,0.036354,0.2485
2026-05-17,NY,Search | Nonbrand,paid_search,26297,1029,195.08,0.03913,0.1896
2026-05-11,NY,Shopping | Instruments,shopping,23805,656,154.84,0.027557,0.236
2026-05-12,NY,Shopping | Instruments,shopping,20130,812,194.86,0.040338,0.24
2026-05-13,NY,Shopping | Instruments,shopping,21692,745,150.71,0.034344,0.2023
2026-05-14,NY,Shopping | Instruments,shopping,26592,943,191.16,0.035462,0.2027
2026-05-15,NY,Shopping | Instruments,shopping,25313,733,178.27,0.028957,0.2432
2026-05-16,NY,Shopping | Instruments,shopping,25449,889,147.54,0.034933,0.166
2026-05-17,NY,Shopping | Instruments,shopping,26829,786,205.24,0.029297,0.2611
2026-05-18,CA,Search | Brand,paid_search,27904,2021,201.67,0.072427,0.0998
2026-05-19,CA,Search | Brand,paid_search,30030,2664,148.24,0.088711,0.0556
2026-05-20,CA,Search | Brand,paid_search,32753,2031,157.33,0.06201,0.0775
2026-05-21,CA,Search | Brand,paid_search,25647,2565,180.12,0.100012,0.0702
2026-05-22,CA,Search | Brand,paid_search,34092,2869,171.55,0.084155,0.0598
2026-05-23,CA,Search | Brand,paid_search,30467,2276,157.39,0.074704,0.0692
2026-05-24,CA,Search | Brand,paid_search,23785,2598,170.84,0.109229,0.0658
2026-05-18,CA,Search | Nonbrand,paid_search,33056,1343,311.74,0.040628,0.2321
2026-05-19,CA,Search | Nonbrand,paid_search,32779,1263,311.43,0.038531,0.2466
2026-05-20,CA,Search | Nonbrand,paid_search,35689,1418,311.89,0.039732,0.2199
2026-05-21,CA,Search | Nonbrand,paid_search,34347,1563,279.34,0.045506,0.1787
2026-05-22,CA,Search | Nonbrand,paid_search,37448,1611,237.91,0.04302,0.1477
2026-05-23,CA,Search | Nonbrand,paid_search,31382,1375,309.85,0.043815,0.2253
2026-05-24,CA,Search | Nonbrand,paid_search,29182,1489,249.25,0.051025,0.1674
2026-05-18,CA,Shopping | Instruments,shopping,24825,1006,179.02,0.040524,0.178
2026-05-19,CA,Shopping | Instruments,shopping,36035,936,209.16,0.025975,0.2235
2026-05-20,CA,Shopping | Instruments,shopping,25034,824,235.55,0.032915,0.2859
2026-05-21,CA,Shopping | Instruments,shopping,29394,899,236.0,0.030584,0.2625
2026-05-22,CA,Shopping | Instruments,shopping,26856,1042,216.4,0.0388,0.2077
2026-05-23,CA,Shopping | Instruments,shopping,35940,1254,193.84,0.034891,0.1546
2026-05-24,CA,Shopping | Instruments,shopping,31403,849,238.32,0.027036,0.2807
2026-05-18,TX,Search | Brand,paid_search,24441,2346,148.36,0.095986,0.0632
2026-05-19,TX,Search | Brand,paid_search,29478,2080,158.06,0.070561,0.076
2026-05-20,TX,Search | Brand,paid_search,25042,2682,167.24,0.1071,0.0624
2026-05-21,TX,Search | Brand,paid_search,27493,2650,184.79,0.096388,0.0697
2026-05-22,TX,Search | Brand,paid_search,29866,2539,152.49,0.085013,0.0601
2026-05-23,TX,Search | Brand,paid_search,29612,2164,137.15,0.073078,0.0634
2026-05-24,TX,Search | Brand,paid_search,29902,1869,187.75,0.062504,0.1005
2026-05-18,TX,Search | Nonbrand,paid_search,35137,1361,285.6,0.038734,0.2098
2026-05-19,TX,Search | Nonbrand,paid_search,30811,1328,279.01,0.043101,0.2101
2026-05-20,TX,Search | Nonbrand,paid_search,24910,1439,274.52,0.057768,0.1908
2026-05-21,TX,Search | Nonbrand,paid_search,26028,1226,251.09,0.047103,0.2048
2026-05-22,TX,Search | Nonbrand,paid_search,33299,980,208.25,0.02943,0.2125
2026-05-23,TX,Search | Nonbrand,paid_search,35710,1144,280.81,0.032036,0.2455
2026-05-24,TX,Search | Nonbrand,paid_search,28920,1105,268.15,0.038209,0.2427
2026-05-18,TX,Shopping | Instruments,shopping,20020,589,146.54,0.029421,0.2488
2026-05-19,TX,Shopping | Instruments,shopping,27880,732,180.83,0.026255,0.247
2026-05-20,TX,Shopping | Instruments,shopping,24805,833,200.65,0.033582,0.2409
2026-05-21,TX,Shopping | Instruments,shopping,25962,804,192.41,0.030968,0.2393
2026-05-22,TX,Shopping | Instruments,shopping,27040,765,144.39,0.028291,0.1888
2026-05-23,TX,Shopping | Instruments,shopping,20114,727,148.41,0.036144,0.2041
2026-05-24,TX,Shopping | Instruments,shopping,22744,705,200.43,0.030997,0.2843
2026-05-18,FL,Search | Brand,paid_search,22887,2021,125.21,0.088303,0.062
2026-05-19,FL,Search | Brand,paid_search,25982,1773,108.91,0.06824,0.0614
2026-05-20,FL,Search | Brand,paid_search,22975,2036,132.59,0.088618,0.0651
2026-05-21,FL,Search | Brand,paid_search,18610,1700,142.93,0.091349,0.0841
2026-05-22,FL,Search | Brand,paid_search,25468,1956,126.53,0.076802,0.0647
2026-05-23,FL,Search | Brand,paid_search,17419,1948,101.44,0.111832,0.0521
2026-05-24,FL,Search | Brand,paid_search,20145,1684,152.61,0.083594,0.0906
2026-05-18,FL,Search | Nonbrand,paid_search,31663,1228,213.74,0.038783,0.1741
2026-05-19,FL,Search | Nonbrand,paid_search,22424,1088,213.47,0.048519,0.1962
2026-05-20,FL,Search | Nonbrand,paid_search,26569,1222,215.35,0.045993,0.1762
2026-05-21,FL,Search | Nonbrand,paid_search,22774,865,244.42,0.037982,0.2826
2026-05-22,FL,Search | Nonbrand,paid_search,26947,1258,246.97,0.046684,0.1963
2026-05-23,FL,Search | Nonbrand,paid_search,26968,1073,225.93,0.039788,0.2106
2026-05-24,FL,Search | Nonbrand,paid_search,27356,905,228.54,0.033082,0.2525
2026-05-18,FL,Shopping | Instruments,shopping,18143,703,129.46,0.038748,0.1841
2026-05-19,FL,Shopping | Instruments,shopping,22646,806,129.09,0.035591,0.1602
2026-05-20,FL,Shopping | Instruments,shopping,24166,568,173.72,0.023504,0.3058
2026-05-21,FL,Shopping | Instruments,shopping,21788,683,169.14,0.031348,0.2476
2026-05-22,FL,Shopping | Instruments,shopping,22506,789,166.12,0.035057,0.2105
2026-05-23,FL,Shopping | Instruments,shopping,18972,539,164.17,0.02841,0.3046
2026-05-24,FL,Shopping | Instruments,shopping,17378,788,116.61,0.045345,0.148
2026-05-18,NY,Search | Brand,paid_search,21000,1633,145.36,0.077762,0.089
2026-05-19,NY,Search | Brand,paid_search,19221,1789,124.13,0.093075,0.0694
2026-05-20,NY,Search | Brand,paid_search,24717,1542,134.19,0.062386,0.087
2026-05-21,NY,Search | Brand,paid_search,23096,2381,108.45,0.103091,0.0455
2026-05-22,NY,Search | Brand,paid_search,22893,2017,116.78,0.088106,0.0579
2026-05-23,NY,Search | Brand,paid_search,22819,1794,130.93,0.078619,0.073
2026-05-24,NY,Search | Brand,paid_search,16707,2199,112.8,0.131621,0.0513
2026-05-18,NY,Search | Nonbrand,paid_search,23045,839,217.09,0.036407,0.2587
2026-05-19,NY,Search | Nonbrand,paid_search,25410,1059,161.07,0.041677,0.1521
2026-05-20,NY,Search | Nonbrand,paid_search,18827,1095,210.86,0.058161,0.1926
2026-05-21,NY,Search | Nonbrand,paid_search,19971,1047,206.85,0.052426,0.1976
2026-05-22,NY,Search | Nonbrand,paid_search,23631,1149,181.47,0.048623,0.1579
2026-05-23,NY,Search | Nonbrand,paid_search,20789,1159,155.37,0.055751,0.1341
2026-05-24,NY,Search | Nonbrand,paid_search,24731,820,212.35,0.033157,0.259
2026-05-18,NY,Shopping | Instruments,shopping,23451,736,165.37,0.031385,0.2247
2026-05-19,NY,Shopping | Instruments,shopping,30142,882,154.47,0.029261,0.1751
2026-05-20,NY,Shopping | Instruments,shopping,26529,950,201.0,0.03581,0.2116
2026-05-21,NY,Shopping | Instruments,shopping,23642,755,143.67,0.031935,0.1903
2026-05-22,NY,Shopping | Instruments,shopping,25521,967,214.57,0.03789,0.2219
2026-05-23,NY,Shopping | Instruments,shopping,23531,847,213.61,0.035995,0.2522
2026-05-24,NY,Shopping | Instruments,shopping,27725,1045,207.2,0.037692,0.1983
2026-05-25,CA,Search | Brand,paid_search,35761,2465,168.86,0.06893,0.0685
2026-05-26,CA,Search | Brand,paid_search,31153,2866,195.12,0.091998,0.0681
2026-05-27,CA,Search | Brand,paid_search,24926,2695,205.5,0.10812,0.0763
2026-05-28,CA,Search | Brand,paid_search,27389,2464,153.66,0.089963,0.0624
2026-05-29,CA,Search | Brand,paid_search,36753,2491,135.71,0.067777,0.0545
2026-05-30,CA,Search | Brand,paid_search,32154,3283,193.37,0.102102,0.0589
2026-05-31,CA,Search | Brand,paid_search,24640,2742,181.87,0.111282,0.0663
2026-05-25,CA,Search | Nonbrand,paid_search,42081,1312,287.9,0.031178,0.2194
2026-05-26,CA,Search | Nonbrand,paid_search,32097,1364,331.44,0.042496,0.243
2026-05-27,CA,Search | Nonbrand,paid_search,41502,1627,280.78,0.039203,0.1726
2026-05-28,CA,Search | Nonbrand,paid_search,29059,2031,287.83,0.069892,0.1417
2026-05-29,CA,Search | Nonbrand,paid_search,28162,1458,258.89,0.051772,0.1776
2026-05-30,CA,Search | Nonbrand,paid_search,29980,1616,279.9,0.053903,0.1732
2026-05-31,CA,Search | Nonbrand,paid_search,31515,1325,289.06,0.042043,0.2182
2026-05-25,CA,Shopping | Instruments,shopping,27731,892,189.74,0.032166,0.2127
2026-05-26,CA,Shopping | Instruments,shopping,28293,889,192.32,0.031421,0.2163
2026-05-27,CA,Shopping | Instruments,shopping,30336,881,207.95,0.029041,0.236
2026-05-28,CA,Shopping | Instruments,shopping,25386,1002,201.07,0.039471,0.2007
2026-05-29,CA,Shopping | Instruments,shopping,31076,1082,254.77,0.034818,0.2355
2026-05-30,CA,Shopping | Instruments,shopping,32450,992,195.92,0.03057,0.1975
2026-05-31,CA,Shopping | Instruments,shopping,36450,833,282.63,0.022853,0.3393
2026-05-25,TX,Search | Brand,paid_search,17045,1738,153.5,0.101965,0.0883
2026-05-26,TX,Search | Brand,paid_search,24255,2136,128.02,0.088064,0.0599
2026-05-27,TX,Search | Brand,paid_search,19406,2032,122.19,0.10471,0.0601
2026-05-28,TX,Search | Brand,paid_search,23778,2050,118.42,0.086214,0.0578
2026-05-29,TX,Search | Brand,paid_search,26341,2223,134.12,0.084393,0.0603
2026-05-30,TX,Search | Brand,paid_search,19517,2030,117.95,0.104012,0.0581
2026-05-31,TX,Search | Brand,paid_search,24108,1929,121.62,0.080015,0.063
2026-05-25,TX,Search | Nonbrand,paid_search,26545,1219,272.9,0.045922,0.2239
2026-05-26,TX,Search | Nonbrand,paid_search,30369,1146,210.48,0.037736,0.1837
2026-05-27,TX,Search | Nonbrand,paid_search,34685,1208,242.1,0.034828,0.2004
2026-05-28,TX,Search | Nonbrand,paid_search,28237,1201,243.05,0.042533,0.2024
2026-05-29,TX,Search | Nonbrand,paid_search,25845,1012,262.52,0.039157,0.2594
2026-05-30,TX,Search | Nonbrand,paid_search,24527,1101,195.58,0.044889,0.1776
2026-05-31,TX,Search | Nonbrand,paid_search,24601,1156,248.73,0.04699,0.2152
2026-05-25,TX,Shopping | Instruments,shopping,27703,991,142.65,0.035772,0.1439
2026-05-26,TX,Shopping | Instruments,shopping,30034,1004,220.85,0.033429,0.22
2026-05-27,TX,Shopping | Instruments,shopping,24092,847,206.56,0.035157,0.2439
2026-05-28,TX,Shopping | Instruments,shopping,30220,890,187.19,0.029451,0.2103
2026-05-29,TX,Shopping | Instruments,shopping,26828,968,190.78,0.036082,0.1971
2026-05-30,TX,Shopping | Instruments,shopping,21233,885,198.29,0.04168,0.2241
2026-05-31,TX,Shopping | Instruments,shopping,29023,704,215.44,0.024257,0.306
2026-05-25,FL,Search | Brand,paid_search,19001,1494,111.74,0.078627,0.0748
2026-05-26,FL,Search | Brand,paid_search,20058,1206,100.37,0.060126,0.0832
2026-05-27,FL,Search | Brand,paid_search,16367,1574,122.48,0.096169,0.0778
2026-05-28,FL,Search | Brand,paid_search,21928,1574,115.48,0.07178,0.0734
2026-05-29,FL,Search | Brand,paid_search,17539,1845,96.76,0.105194,0.0524
2026-05-30,FL,Search | Brand,paid_search,21898,1526,120.24,0.069687,0.0788
2026-05-31,FL,Search | Brand,paid_search,16194,1771,104.26,0.109361,0.0589
2026-05-25,FL,Search | Nonbrand,paid_search,24687,783,218.71,0.031717,0.2793
2026-05-26,FL,Search | Nonbrand,paid_search,17227,947,187.9,0.054972,0.1984
2026-05-27,FL,Search | Nonbrand,paid_search,22598,851,161.77,0.037658,0.1901
2026-05-28,FL,Search | Nonbrand,paid_search,19113,1144,151.31,0.059855,0.1323
2026-05-29,FL,Search | Nonbrand,paid_search,25006,1005,150.31,0.04019,0.1496
2026-05-30,FL,Search | Nonbrand,paid_search,18259,1007,176.72,0.055151,0.1755
2026-05-31,FL,Search | Nonbrand,paid_search,19157,906,209.32,0.047293,0.231
2026-05-25,FL,Shopping | Instruments,shopping,21882,746,139.63,0.034092,0.1872
2026-05-26,FL,Shopping | Instruments,shopping,18352,728,191.23,0.039669,0.2627
2026-05-27,FL,Shopping | Instruments,shopping,24438,776,147.71,0.031754,0.1904
2026-05-28,FL,Shopping | Instruments,shopping,18486,690,188.84,0.037326,0.2737
2026-05-29,FL,Shopping | Instruments,shopping,25310,858,172.8,0.0339,0.2014
2026-05-30,FL,Shopping | Instruments,shopping,22908,659,149.25,0.028767,0.2265
2026-05-31,FL,Shopping | Instruments,shopping,25189,849,137.81,0.033705,0.1623
2026-05-25,NY,Search | Brand,paid_search,26557,2118,154.39,0.079753,0.0729
2026-05-26,NY,Search | Brand,paid_search,22734,2426,133.83,0.106712,0.0552
2026-05-27,NY,Search | Brand,paid_search,27012,2072,173.31,0.076707,0.0836
2026-05-28,NY,Search | Brand,paid_search,27673,2407,122.75,0.08698,0.051
2026-05-29,NY,Search | Brand,paid_search,21879,1788,154.52,0.081722,0.0864
2026-05-30,NY,Search | Brand,paid_search,20078,2177,123.59,0.108427,0.0568
2026-05-31,NY,Search | Brand,paid_search,27084,2309,141.1,0.085253,0.0611
2026-05-25,NY,Search | Nonbrand,paid_search,22647,951,163.21,0.041992,0.1716
2026-05-26,NY,Search | Nonbrand,paid_search,20438,1248,244.23,0.061063,0.1957
2026-05-27,NY,Search | Nonbrand,paid_search,24133,1020,174.49,0.042266,0.1711
2026-05-28,NY,Search | Nonbrand,paid_search,20260,1169,183.5,0.0577,0.157
2026-05-29,NY,Search | Nonbrand,paid_search,19905,988,213.15,0.049636,0.2157
2026-05-30,NY,Search | Nonbrand,paid_search,28239,957,190.45,0.033889,0.199
2026-05-31,NY,Search | Nonbrand,paid_search,22192,958,188.18,0.043169,0.1964
2026-05-25,NY,Shopping | Instruments,shopping,22598,760,181.12,0.033631,0.2383
2026-05-26,NY,Shopping | Instruments,shopping,24340,704,178.33,0.028924,0.2533
2026-05-27,NY,Shopping | Instruments,shopping,24026,815,164.04,0.033922,0.2013
2026-05-28,NY,Shopping | Instruments,shopping,22590,685,158.41,0.030323,0.2313
2026-05-29,NY,Shopping | Instruments,shopping,24434,937,167.16,0.038348,0.1784
2026-05-30,NY,Shopping | Instruments,shopping,22606,899,181.05,0.039768,0.2014
2026-05-31,NY,Shopping | Instruments,shopping,26704,746,174.43,0.027936,0.2338
2026-06-01,CA,Search | Brand,paid_search,30240,3149,187.8,0.104134,0.0596
2026-06-02,CA,Search | Brand,paid_search,30452,2650,196.42,0.087022,0.0741
2026-06-03,CA,Search | Brand,paid_search,32380,2899,179.39,0.089531,0.0619
2026-06-04,CA,Search | Brand,paid_search,32038,2647,173.47,0.082621,0.0655
2026-06-05,CA,Search | Brand,paid_search,26980,2525,184.83,0.093588,0.0732
2026-06-06,CA,Search | Brand,paid_search,35377,3270,196.37,0.092433,0.0601
2026-06-07,CA,Search | Brand,paid_search,31552,2955,152.04,0.093655,0.0515
2026-06-01,CA,Search | Nonbrand,paid_search,36499,1889,340.8,0.051755,0.1804
2026-06-02,CA,Search | Nonbrand,paid_search,28649,1626,285.79,0.056756,0.1758
2026-06-03,CA,Search | Nonbrand,paid_search,40241,1459,262.53,0.036257,0.1799
2026-06-04,CA,Search | Nonbrand,paid_search,38485,1510,290.44,0.039236,0.1923
2026-06-05,CA,Search | Nonbrand,paid_search,37802,1894,358.81,0.050103,0.1894
2026-06-06,CA,Search | Nonbrand,paid_search,33139,1595,370.41,0.048131,0.2322
2026-06-07,CA,Search | Nonbrand,paid_search,42584,1616,304.87,0.037949,0.1887
2026-06-01,CA,Shopping | Instruments,shopping,37728,1202,212.25,0.03186,0.1766
2026-06-02,CA,Shopping | Instruments,shopping,34137,866,273.84,0.025368,0.3162
2026-06-03,CA,Shopping | Instruments,shopping,34666,1056,296.9,0.030462,0.2812
2026-06-04,CA,Shopping | Instruments,shopping,32371,1170,265.58,0.036143,0.227
2026-06-05,CA,Shopping | Instruments,shopping,36360,1051,204.66,0.028905,0.1947
2026-06-06,CA,Shopping | Instruments,shopping,34750,1104,235.41,0.03177,0.2132
2026-06-07,CA,Shopping | Instruments,shopping,32591,1049,258.1,0.032187,0.246
2026-06-01,TX,Search | Brand,paid_search,21075,1956,121.46,0.092811,0.0621
2026-06-02,TX,Search | Brand,paid_search,28159,2146,126.8,0.07621,0.0591
2026-06-03,TX,Search | Brand,paid_search,24400,1922,129.25,0.07877,0.0672
2026-06-04,TX,Search | Brand,paid_search,20303,1740,127.53,0.085702,0.0733
2026-06-05,TX,Search | Brand,paid_search,23965,2061,144.9,0.086,0.0703
2026-06-06,TX,Search | Brand,paid_search,27003,2225,154.21,0.082398,0.0693
2026-06-07,TX,Search | Brand,paid_search,24655,2140,179.28,0.086798,0.0838
2026-06-01,TX,Search | Nonbrand,paid_search,28249,1490,216.83,0.052745,0.1455
2026-06-02,TX,Search | Nonbrand,paid_search,26753,1270,245.61,0.047471,0.1934
2026-06-03,TX,Search | Nonbrand,paid_search,31380,1240,281.76,0.039516,0.2272
2026-06-04,TX,Search | Nonbrand,paid_search,27818,1149,274.7,0.041304,0.2391
2026-06-05,TX,Search | Nonbrand,paid_search,26743,1041,224.58,0.038926,0.2157
2026-06-06,TX,Search | Nonbrand,paid_search,27388,1257,202.43,0.045896,0.161
2026-06-07,TX,Search | Nonbrand,paid_search,30364,1352,262.86,0.044526,0.1944
2026-06-01,TX,Shopping | Instruments,shopping,29967,736,182.21,0.02456,0.2476
2026-06-02,TX,Shopping | Instruments,shopping,20054,810,166.14,0.040391,0.2051
2026-06-03,TX,Shopping | Instruments,shopping,20039,695,169.33,0.034682,0.2436
2026-06-04,TX,Shopping | Instruments,shopping,21209,628,207.54,0.02961,0.3305
2026-06-05,TX,Shopping | Instruments,shopping,21307,971,162.46,0.045572,0.1673
2026-06-06,TX,Shopping | Instruments,shopping,27832,860,181.45,0.0309,0.211
2026-06-07,TX,Shopping | Instruments,shopping,29302,911,152.78,0.03109,0.1677
2026-06-01,FL,Search | Brand,paid_search,23054,2054,133.71,0.089095,0.0651
2026-06-02,FL,Search | Brand,paid_search,21536,1705,134.3,0.07917,0.0788
2026-06-03,FL,Search | Brand,paid_search,20574,1759,100.83,0.085496,0.0573
2026-06-04,FL,Search | Brand,paid_search,20026,1637,137.13,0.081744,0.0838
2026-06-05,FL,Search | Brand,paid_search,17013,2189,124.54,0.128666,0.0569
2026-06-06,FL,Search | Brand,paid_search,25114,1882,121.01,0.074938,0.0643
2026-06-07,FL,Search | Brand,paid_search,24907,2341,131.38,0.09399,0.0561
2026-06-01,FL,Search | Nonbrand,paid_search,26922,1312,249.94,0.048733,0.1905
2026-06-02,FL,Search | Nonbrand,paid_search,21506,991,184.86,0.04608,0.1865
2026-06-03,FL,Search | Nonbrand,paid_search,27085,1063,174.39,0.039247,0.1641
2026-06-04,FL,Search | Nonbrand,paid_search,21102,1102,249.63,0.052223,0.2265
2026-06-05,FL,Search | Nonbrand,paid_search,27871,1210,231.53,0.043414,0.1913
2026-06-06,FL,Search | Nonbrand,paid_search,25823,1169,220.59,0.04527,0.1887
2026-06-07,FL,Search | Nonbrand,paid_search,26329,1065,208.14,0.04045,0.1954
2026-06-01,FL,Shopping | Instruments,shopping,20223,829,178.62,0.040993,0.2155
2026-06-02,FL,Shopping | Instruments,shopping,27473,856,179.2,0.031158,0.2093
2026-06-03,FL,Shopping | Instruments,shopping,20934,860,164.94,0.041081,0.1918
2026-06-04,FL,Shopping | Instruments,shopping,22127,635,136.68,0.028698,0.2152
2026-06-05,FL,Shopping | Instruments,shopping,27069,764,173.15,0.028224,0.2266
2026-06-06,FL,Shopping | Instruments,shopping,22799,776,183.3,0.034037,0.2362
2026-06-07,FL,Shopping | Instruments,shopping,25751,930,182.02,0.036115,0.1957
2026-06-01,NY,Search | Brand,paid_search,24718,1766,127.15,0.071446,0.072
2026-06-02,NY,Search | Brand,paid_search,24082,1799,111.61,0.074703,0.062
2026-06-03,NY,Search | Brand,paid_search,24699,1910,138.53,0.077331,0.0725
2026-06-04,NY,Search | Brand,paid_search,18913,1758,122.18,0.092952,0.0695
2026-06-05,NY,Search | Brand,paid_search,21119,1760,140.17,0.083337,0.0796
2026-06-06,NY,Search | Brand,paid_search,18631,1701,138.06,0.091299,0.0812
2026-06-07,NY,Search | Brand,paid_search,21083,1409,111.12,0.066831,0.0789
2026-06-01,NY,Search | Nonbrand,paid_search,26326,1179,232.17,0.044785,0.1969
2026-06-02,NY,Search | Nonbrand,paid_search,25332,1066,225.57,0.042081,0.2116
2026-06-03,NY,Search | Nonbrand,paid_search,25707,967,209.09,0.037616,0.2162
2026-06-04,NY,Search | Nonbrand,paid_search,25231,839,236.75,0.033253,0.2822
2026-06-05,NY,Search | Nonbrand,paid_search,20152,1017,212.98,0.050466,0.2094
2026-06-06,NY,Search | Nonbrand,paid_search,24426,1086,166.95,0.044461,0.1537
2026-06-07,NY,Search | Nonbrand,paid_search,23772,873,186.62,0.036724,0.2138
2026-06-01,NY,Shopping | Instruments,shopping,27470,922,185.54,0.033564,0.2012
2026-06-02,NY,Shopping | Instruments,shopping,22534,682,194.52,0.030265,0.2852
2026-06-03,NY,Shopping | Instruments,shopping,26666,802,195.23,0.030076,0.2434
2026-06-04,NY,Shopping | Instruments,shopping,22423,925,168.75,0.041252,0.1824
2026-06-05,NY,Shopping | Instruments,shopping,22136,974,151.66,0.044001,0.1557
2026-06-06,NY,Shopping | Instruments,shopping,30663,787,224.96,0.025666,0.2858
2026-06-07,NY,Shopping | Instruments,shopping,28011,691,174.64,0.024669,0.2527
2026-06-08,CA,Search | Brand,paid_search,35406,2797,173.26,0.078998,0.0619
2026-06-09,CA,Search | Brand,paid_search,31861,2638,195.95,0.082797,0.0743
2026-06-10,CA,Search | Brand,paid_search,31216,2789,158.59,0.089345,0.0569
2026-06-11,CA,Search | Brand,paid_search,27320,3174,165.23,0.116179,0.0521
2026-06-12,CA,Search | Brand,paid_search,28033,2812,186.17,0.10031,0.0662
2026-06-13,CA,Search | Brand,paid_search,35134,2639,208.4,0.075112,0.079
2026-06-14,CA,Search | Brand,paid_search,32816,2577,198.76,0.078529,0.0771
2026-06-08,CA,Search | Nonbrand,paid_search,38738,1544,317.05,0.039858,0.2053
2026-06-09,CA,Search | Nonbrand,paid_search,35402,1269,305.94,0.035845,0.2411
2026-06-10,CA,Search | Nonbrand,paid_search,29293,1320,313.35,0.045062,0.2374
2026-06-11,CA,Search | Nonbrand,paid_search,38121,1612,342.4,0.042286,0.2124
2026-06-12,CA,Search | Nonbrand,paid_search,40286,1647,310.6,0.040883,0.1886
2026-06-13,CA,Search | Nonbrand,paid_search,35550,1545,341.97,0.04346,0.2213
2026-06-14,CA,Search | Nonbrand,paid_search,37674,1288,262.24,0.034188,0.2036
2026-06-08,CA,Shopping | Instruments,shopping,28616,889,224.51,0.031067,0.2525
2026-06-09,CA,Shopping | Instruments,shopping,30377,1023,265.92,0.033677,0.2599
2026-06-10,CA,Shopping | Instruments,shopping,35865,1279,233.35,0.035662,0.1824
2026-06-11,CA,Shopping | Instruments,shopping,33036,1105,269.73,0.033448,0.2441
2026-06-12,CA,Shopping | Instruments,shopping,32199,1294,233.21,0.040188,0.1802
2026-06-13,CA,Shopping | Instruments,shopping,38788,1339,246.78,0.034521,0.1843
2026-06-14,CA,Shopping | Instruments,shopping,39370,1057,241.91,0.026848,0.2289
2026-06-08,TX,Search | Brand,paid_search,28940,1742,126.86,0.060194,0.0728
2026-06-09,TX,Search | Brand,paid_search,26310,2526,147.9,0.096009,0.0586
2026-06-10,TX,Search | Brand,paid_search,26620,1856,176.07,0.069722,0.0949
2026-06-11,TX,Search | Brand,paid_search,20319,1808,142.98,0.088981,0.0791
2026-06-12,TX,Search | Brand,paid_search,21248,2197,161.3,0.103398,0.0734
2026-06-13,TX,Search | Brand,paid_search,23450,1705,132.24,0.072708,0.0776
2026-06-14,TX,Search | Brand,paid_search,29965,2127,138.38,0.070983,0.0651
2026-06-08,TX,Search | Nonbrand,paid_search,24359,1091,298.18,0.044788,0.2733
2026-06-09,TX,Search | Nonbrand,paid_search,32596,994,293.23,0.030495,0.295
2026-06-10,TX,Search | Nonbrand,paid_search,30776,1477,230.88,0.047992,0.1563
2026-06-11,TX,Search | Nonbrand,paid_search,30489,1045,235.79,0.034275,0.2256
2026-06-12,TX,Search | Nonbrand,paid_search,31169,1012,213.57,0.032468,0.211
2026-06-13,TX,Search | Nonbrand,paid_search,28977,1088,221.47,0.037547,0.2036
2026-06-14,TX,Search | Nonbrand,paid_search,23153,1327,239.95,0.057314,0.1808
2026-06-08,TX,Shopping | Instruments,shopping,30502,844,196.43,0.02767,0.2327
2026-06-09,TX,Shopping | Instruments,shopping,28352,1064,238.32,0.037528,0.224
2026-06-10,TX,Shopping | Instruments,shopping,25582,958,229.07,0.037448,0.2391
2026-06-11,TX,Shopping | Instruments,shopping,28969,993,190.84,0.034278,0.1922
2026-06-12,TX,Shopping | Instruments,shopping,29010,818,195.21,0.028197,0.2386
2026-06-13,TX,Shopping | Instruments,shopping,24431,964,198.17,0.039458,0.2056
2026-06-14,TX,Shopping | Instruments,shopping,34866,953,204.28,0.027333,0.2144
2026-06-08,FL,Search | Brand,paid_search,23502,2109,124.05,0.089737,0.0588
2026-06-09,FL,Search | Brand,paid_search,23545,1667,123.22,0.070801,0.0739
2026-06-10,FL,Search | Brand,paid_search,21687,1992,114.22,0.091852,0.0573
2026-06-11,FL,Search | Brand,paid_search,24609,1639,161.32,0.066602,0.0984
2026-06-12,FL,Search | Brand,paid_search,22952,2146,172.63,0.093499,0.0804
2026-06-13,FL,Search | Brand,paid_search,21697,2074,113.77,0.095589,0.0549
2026-06-14,FL,Search | Brand,paid_search,24154,2056,131.23,0.08512,0.0638
2026-06-08,FL,Search | Nonbrand,paid_search,22340,1089,149.44,0.048747,0.1372
2026-06-09,FL,Search | Nonbrand,paid_search,20629,851,214.06,0.041253,0.2515
2026-06-10,FL,Search | Nonbrand,paid_search,20921,815,177.51,0.038956,0.2178
2026-06-11,FL,Search | Nonbrand,paid_search,24034,731,188.01,0.030415,0.2572
2026-06-12,FL,Search | Nonbrand,paid_search,21239,715,204.08,0.033664,0.2854
2026-06-13,FL,Search | Nonbrand,paid_search,24110,1072,139.74,0.044463,0.1304
2026-06-14,FL,Search | Nonbrand,paid_search,16658,1008,216.57,0.060511,0.2149
2026-06-08,FL,Shopping | Instruments,shopping,26742,981,163.73,0.036684,0.1669
2026-06-09,FL,Shopping | Instruments,shopping,22527,802,216.45,0.035602,0.2699
2026-06-10,FL,Shopping | Instruments,shopping,23447,791,172.0,0.033736,0.2174
2026-06-11,FL,Shopping | Instruments,shopping,23316,683,164.32,0.029293,0.2406
2026-06-12,FL,Shopping | Instruments,shopping,29647,991,173.54,0.033427,0.1751
2026-06-13,FL,Shopping | Instruments,shopping,22163,867,192.3,0.039119,0.2218
2026-06-14,FL,Shopping | Instruments,shopping,27417,825,179.53,0.030091,0.2176
2026-06-08,NY,Search | Brand,paid_search,28056,2234,154.84,0.079626,0.0693
2026-06-09,NY,Search | Brand,paid_search,22221,1759,129.31,0.079159,0.0735
2026-06-10,NY,Search | Brand,paid_search,22425,2351,158.48,0.104838,0.0674
2026-06-11,NY,Search | Brand,paid_search,24949,2328,125.23,0.09331,0.0538
2026-06-12,NY,Search | Brand,paid_search,25916,1848,154.93,0.071307,0.0838
2026-06-13,NY,Search | Brand,paid_search,22964,2292,120.16,0.099808,0.0524
2026-06-14,NY,Search | Brand,paid_search,22656,2006,138.34,0.088542,0.069
2026-06-08,NY,Search | Nonbrand,paid_search,23766,994,180.32,0.041824,0.1814
2026-06-09,NY,Search | Nonbrand,paid_search,21244,793,244.73,0.037328,0.3086
2026-06-10,NY,Search | Nonbrand,paid_search,21625,798,162.52,0.036902,0.2037
2026-06-11,NY,Search | Nonbrand,paid_search,23593,953,169.3,0.040393,0.1777
2026-06-12,NY,Search | Nonbrand,paid_search,18932,742,180.49,0.039193,0.2432
2026-06-13,NY,Search | Nonbrand,paid_search,24188,968,178.52,0.04002,0.1844
2026-06-14,NY,Search | Nonbrand,paid_search,17648,905,182.68,0.051281,0.2019
2026-06-08,NY,Shopping | Instruments,shopping,24772,644,168.87,0.025997,0.2622
2026-06-09,NY,Shopping | Instruments,shopping,21513,684,169.39,0.031795,0.2476
2026-06-10,NY,Shopping | Instruments,shopping,22229,635,150.17,0.028566,0.2365
2026-06-11,NY,Shopping | Instruments,shopping,18701,743,131.07,0.03973,0.1764
2026-06-12,NY,Shopping | Instruments,shopping,19398,567,156.5,0.02923,0.276
2026-06-13,NY,Shopping | Instruments,shopping,18885,744,153.04,0.039396,0.2057
2026-06-14,NY,Shopping | Instruments,shopping,20517,732,122.26,0.035678,0.167
2026-06-15,CA,Search | Brand,paid_search,21974,1715,138.5,0.078047,0.0808
2026-06-16,CA,Search | Brand,paid_search,31724,1920,157.8,0.060522,0.0822
2026-06-17,CA,Search | Brand,paid_search,28713,1984,163.23,0.069098,0.0823
2026-06-18,CA,Search | Brand,paid_search,21533,2024,156.0,0.093995,0.0771
2026-06-19,CA,Search | Brand,paid_search,24052,2006,166.53,0.083403,0.083
2026-06-20,CA,Search | Brand,paid_search,28015,2542,146.94,0.090737,0.0578
2026-06-21,CA,Search | Brand,paid_search,27820,2581,137.22,0.092775,0.0532
2026-06-15,CA,Search | Nonbrand,paid_search,43041,1781,305.22,0.041379,0.1714
2026-06-16,CA,Search | Nonbrand,paid_search,41688,1318,274.69,0.031616,0.2084
2026-06-17,CA,Search | Nonbrand,paid_search,35632,1191,252.8,0.033425,0.2123
2026-06-18,CA,Search | Nonbrand,paid_search,37556,1510,266.04,0.040207,0.1762
2026-06-19,CA,Search | Nonbrand,paid_search,29307,1389,303.9,0.047395,0.2188
2026-06-20,CA,Search | Nonbrand,paid_search,36129,1324,381.38,0.036646,0.2881
2026-06-21,CA,Search | Nonbrand,paid_search,29318,1765,388.94,0.060202,0.2204
2026-06-15,CA,Shopping | Instruments,shopping,25040,903,190.7,0.036062,0.2112
2026-06-16,CA,Shopping | Instruments,shopping,33776,839,228.67,0.02484,0.2726
2026-06-17,CA,Shopping | Instruments,shopping,31654,1085,171.0,0.034277,0.1576
2026-06-18,CA,Shopping | Instruments,shopping,27738,1063,251.15,0.038323,0.2363
2026-06-19,CA,Shopping | Instruments,shopping,25204,836,178.92,0.033169,0.214
2026-06-20,CA,Shopping | Instruments,shopping,27482,768,193.98,0.027946,0.2526
2026-06-21,CA,Shopping | Instruments,shopping,25399,1108,198.87,0.043624,0.1795
2026-06-15,TX,Search | Brand,paid_search,27172,1905,160.21,0.070109,0.0841
2026-06-16,TX,Search | Brand,paid_search,26051,2742,139.79,0.105255,0.051
2026-06-17,TX,Search | Brand,paid_search,25676,2114,169.97,0.082334,0.0804
2026-06-18,TX,Search | Brand,paid_search,21204,2314,153.44,0.10913,0.0663
2026-06-19,TX,Search | Brand,paid_search,25081,2715,122.36,0.108249,0.0451
2026-06-20,TX,Search | Brand,paid_search,27169,1851,161.48,0.068129,0.0872
2026-06-21,TX,Search | Brand,paid_search,30013,1879,150.49,0.062606,0.0801
2026-06-15,TX,Search | Nonbrand,paid_search,26516,1464,304.48,0.055212,0.208
2026-06-16,TX,Search | Nonbrand,paid_search,29920,1121,266.87,0.037467,0.2381
2026-06-17,TX,Search | Nonbrand,paid_search,34581,1266,276.32,0.03661,0.2183
2026-06-18,TX,Search | Nonbrand,paid_search,31021,1387,294.31,0.044712,0.2122
2026-06-19,TX,Search | Nonbrand,paid_search,27396,1325,255.87,0.048365,0.1931
2026-06-20,TX,Search | Nonbrand,paid_search,27729,1374,201.83,0.049551,0.1469
2026-06-21,TX,Search | Nonbrand,paid_search,33479,1165,211.85,0.034798,0.1818
2026-06-15,TX,Shopping | Instruments,shopping,24885,1001,222.26,0.040225,0.222
2026-06-16,TX,Shopping | Instruments,shopping,30725,931,232.27,0.030301,0.2495
2026-06-17,TX,Shopping | Instruments,shopping,26834,846,185.67,0.031527,0.2195
2026-06-18,TX,Shopping | Instruments,shopping,31510,1016,186.82,0.032244,0.1839
2026-06-19,TX,Shopping | Instruments,shopping,27862,701,206.11,0.02516,0.294
2026-06-20,TX,Shopping | Instruments,shopping,35749,973,214.75,0.027218,0.2207
2026-06-21,TX,Shopping | Instruments,shopping,24178,924,204.68,0.038217,0.2215
2026-06-15,FL,Search | Brand,paid_search,19167,1702,118.24,0.088798,0.0695
2026-06-16,FL,Search | Brand,paid_search,16895,1439,105.24,0.085173,0.0731
2026-06-17,FL,Search | Brand,paid_search,21674,1621,123.21,0.07479,0.076
2026-06-18,FL,Search | Brand,paid_search,21901,1444,117.52,0.065933,0.0814
2026-06-19,FL,Search | Brand,paid_search,16569,1261,106.51,0.076106,0.0845
2026-06-20,FL,Search | Brand,paid_search,15948,1650,102.2,0.103461,0.0619
2026-06-21,FL,Search | Brand,paid_search,19896,1353,92.95,0.068004,0.0687
2026-06-15,FL,Search | Nonbrand,paid_search,21663,1070,191.06,0.049393,0.1786
2026-06-16,FL,Search | Nonbrand,paid_search,26488,947,162.05,0.035752,0.1711
2026-06-17,FL,Search | Nonbrand,paid_search,19982,921,188.37,0.046091,0.2045
2026-06-18,FL,Search | Nonbrand,paid_search,19721,745,200.84,0.037777,0.2696
2026-06-19,FL,Search | Nonbrand,paid_search,17169,759,182.91,0.044208,0.241
2026-06-20,FL,Search | Nonbrand,paid_search,22883,854,135.32,0.03732,0.1585
2026-06-21,FL,Search | Nonbrand,paid_search,17625,990,191.01,0.05617,0.1929
2026-06-15,FL,Shopping | Instruments,shopping,23279,708,123.24,0.030414,0.1741
2026-06-16,FL,Shopping | Instruments,shopping,21721,704,169.16,0.032411,0.2403
2026-06-17,FL,Shopping | Instruments,shopping,27019,731,139.96,0.027055,0.1915
2026-06-18,FL,Shopping | Instruments,shopping,23069,591,172.2,0.025619,0.2914
2026-06-19,FL,Shopping | Instruments,shopping,22139,651,154.19,0.029405,0.2368
2026-06-20,FL,Shopping | Instruments,shopping,19673,700,184.42,0.035582,0.2635
2026-06-21,FL,Shopping | Instruments,shopping,19247,676,181.08,0.035122,0.2679
2026-06-15,NY,Search | Brand,paid_search,22750,1419,157.7,0.062374,0.1111
2026-06-16,NY,Search | Brand,paid_search,20712,2115,114.17,0.102115,0.054
2026-06-17,NY,Search | Brand,paid_search,20580,1538,110.89,0.074733,0.0721
2026-06-18,NY,Search | Brand,paid_search,23086,1680,149.22,0.072771,0.0888
2026-06-19,NY,Search | Brand,paid_search,21630,2164,103.61,0.100046,0.0479
2026-06-20,NY,Search | Brand,paid_search,25195,1974,111.47,0.078349,0.0565
2026-06-21,NY,Search | Brand,paid_search,19606,1545,143.6,0.078802,0.0929
2026-06-15,NY,Search | Nonbrand,paid_search,26116,1028,159.55,0.039363,0.1552
2026-06-16,NY,Search | Nonbrand,paid_search,21245,1130,243.99,0.053189,0.2159
2026-06-17,NY,Search | Nonbrand,paid_search,24461,1145,239.79,0.046809,0.2094
2026-06-18,NY,Search | Nonbrand,paid_search,20085,1191,225.13,0.059298,0.189
2026-06-19,NY,Search | Nonbrand,paid_search,20790,907,174.42,0.043627,0.1923
2026-06-20,NY,Search | Nonbrand,paid_search,24537,1088,160.17,0.044341,0.1472
2026-06-21,NY,Search | Nonbrand,paid_search,28392,1046,221.32,0.036841,0.2116
2026-06-15,NY,Shopping | Instruments,shopping,26329,824,173.06,0.031296,0.21
2026-06-16,NY,Shopping | Instruments,shopping,21635,570,131.66,0.026346,0.231
2026-06-17,NY,Shopping | Instruments,shopping,25436,750,169.47,0.029486,0.226
2026-06-18,NY,Shopping | Instruments,shopping,22362,671,139.14,0.030006,0.2074
2026-06-19,NY,Shopping | Instruments,shopping,19614,623,162.99,0.031763,0.2616
2026-06-20,NY,Shopping | Instruments,shopping,18970,774,147.07,0.040801,0.19
2026-06-21,NY,Shopping | Instruments,shopping,17596,686,170.6,0.038986,0.2487
2026-06-22,CA,Search | Brand,paid_search,30292,2909,163.5,0.096032,0.0562
2026-06-23,CA,Search | Brand,paid_search,33093,2604,194.22,0.078687,0.0746
2026-06-24,CA,Search | Brand,paid_search,34333,2993,193.78,0.087176,0.0647
2026-06-25,CA,Search | Brand,paid_search,32755,2911,203.57,0.088872,0.0699
2026-06-26,CA,Search | Brand,paid_search,24782,2021,179.42,0.081551,0.0888
2026-06-27,CA,Search | Brand,paid_search,33532,2112,185.1,0.062985,0.0876
2026-06-28,CA,Search | Brand,paid_search,33067,2141,167.17,0.064747,0.0781
2026-06-22,CA,Search | Nonbrand,paid_search,33154,1312,314.63,0.039573,0.2398
2026-06-23,CA,Search | Nonbrand,paid_search,36924,1275,258.71,0.03453,0.2029
2026-06-24,CA,Search | Nonbrand,paid_search,30064,1308,271.81,0.043507,0.2078
2026-06-25,CA,Search | Nonbrand,paid_search,38256,990,300.54,0.025878,0.3036
2026-06-26,CA,Search | Nonbrand,paid_search,29799,1297,249.35,0.043525,0.1922
2026-06-27,CA,Search | Nonbrand,paid_search,28412,1487,294.0,0.052337,0.1977
2026-06-28,CA,Search | Nonbrand,paid_search,26860,1300,232.78,0.048399,0.1791
2026-06-22,CA,Shopping | Instruments,shopping,26777,980,269.34,0.036599,0.2748
2026-06-23,CA,Shopping | Instruments,shopping,32843,988,218.94,0.030083,0.2216
2026-06-24,CA,Shopping | Instruments,shopping,28765,996,234.21,0.034625,0.2352
2026-06-25,CA,Shopping | Instruments,shopping,31508,894,209.82,0.028374,0.2347
2026-06-26,CA,Shopping | Instruments,shopping,31008,999,217.77,0.032217,0.218
2026-06-27,CA,Shopping | Instruments,shopping,34959,817,187.04,0.02337,0.2289
2026-06-28,CA,Shopping | Instruments,shopping,29848,705,215.98,0.02362,0.3063
2026-06-22,TX,Search | Brand,paid_search,21042,1878,133.56,0.08925,0.0711
2026-06-23,TX,Search | Brand,paid_search,21062,2004,132.78,0.095148,0.0663
2026-06-24,TX,Search | Brand,paid_search,22032,2295,150.31,0.104167,0.0655
2026-06-25,TX,Search | Brand,paid_search,26182,2112,146.96,0.080666,0.0696
2026-06-26,TX,Search | Brand,paid_search,22204,2278,122.21,0.102594,0.0536
2026-06-27,TX,Search | Brand,paid_search,26754,2003,130.51,0.074867,0.0652
2026-06-28,TX,Search | Brand,paid_search,26415,2493,144.67,0.094378,0.058
2026-06-22,TX,Search | Nonbrand,paid_search,26253,975,176.65,0.037139,0.1812
2026-06-23,TX,Search | Nonbrand,paid_search,26021,1082,180.72,0.041582,0.167
2026-06-24,TX,Search | Nonbrand,paid_search,21034,936,202.69,0.044499,0.2166
2026-06-25,TX,Search | Nonbrand,paid_search,26263,1089,245.61,0.041465,0.2255
2026-06-26,TX,Search | Nonbrand,paid_search,19847,1160,243.02,0.058447,0.2095
2026-06-27,TX,Search | Nonbrand,paid_search,24462,1194,230.58,0.04881,0.1931
2026-06-28,TX,Search | Nonbrand,paid_search,25113,1126,174.09,0.044837,0.1546
2026-06-22,TX,Shopping | Instruments,shopping,22550,771,166.72,0.034191,0.2162
2026-06-23,TX,Shopping | Instruments,shopping,28928,857,221.23,0.029625,0.2581
2026-06-24,TX,Shopping | Instruments,shopping,23828,891,201.2,0.037393,0.2258
2026-06-25,TX,Shopping | Instruments,shopping,23179,747,192.1,0.032227,0.2572
2026-06-26,TX,Shopping | Instruments,shopping,34321,940,167.24,0.027388,0.1779
2026-06-27,TX,Shopping | Instruments,shopping,25791,737,195.38,0.028576,0.2651
2026-06-28,TX,Shopping | Instruments,shopping,27518,774,196.16,0.028127,0.2534
2026-06-22,FL,Search | Brand,paid_search,20924,1823,128.04,0.087125,0.0702
2026-06-23,FL,Search | Brand,paid_search,20377,1509,151.63,0.074054,0.1005
2026-06-24,FL,Search | Brand,paid_search,19566,1975,115.43,0.10094,0.0584
2026-06-25,FL,Search | Brand,paid_search,21353,1749,135.93,0.081909,0.0777
2026-06-26,FL,Search | Brand,paid_search,25693,1876,125.7,0.073016,0.067
2026-06-27,FL,Search | Brand,paid_search,21642,1741,126.84,0.080445,0.0729
2026-06-28,FL,Search | Brand,paid_search,26723,2215,122.84,0.082887,0.0555
2026-06-22,FL,Search | Nonbrand,paid_search,27880,889,240.03,0.031887,0.27
2026-06-23,FL,Search | Nonbrand,paid_search,20933,931,267.0,0.044475,0.2868
2026-06-24,FL,Search | Nonbrand,paid_search,23286,1087,236.39,0.04668,0.2175
2026-06-25,FL,Search | Nonbrand,paid_search,22266,1066,231.24,0.047876,0.2169
2026-06-26,FL,Search | Nonbrand,paid_search,31027,1022,176.36,0.032939,0.1726
2026-06-27,FL,Search | Nonbrand,paid_search,31279,1165,188.77,0.037245,0.162
2026-06-28,FL,Search | Nonbrand,paid_search,22401,1065,200.23,0.047543,0.188
2026-06-22,FL,Shopping | Instruments,shopping,24055,751,209.21,0.03122,0.2786
2026-06-23,FL,Shopping | Instruments,shopping,21819,703,179.03,0.03222,0.2547
2026-06-24,FL,Shopping | Instruments,shopping,26999,894,207.55,0.033112,0.2322
2026-06-25,FL,Shopping | Instruments,shopping,22863,788,152.42,0.034466,0.1934
2026-06-26,FL,Shopping | Instruments,shopping,25739,868,199.7,0.033723,0.2301
2026-06-27,FL,Shopping | Instruments,shopping,24276,859,147.87,0.035385,0.1721
2026-06-28,FL,Shopping | Instruments,shopping,26924,614,147.5,0.022805,0.2402
2026-06-22,NY,Search | Brand,paid_search,18014,1687,103.25,0.093649,0.0612
2026-06-23,NY,Search | Brand,paid_search,18233,1628,129.32,0.089289,0.0794
2026-06-24,NY,Search | Brand,paid_search,19851,1695,113.27,0.085386,0.0668
2026-06-25,NY,Search | Brand,paid_search,23100,1446,131.83,0.062597,0.0912
2026-06-26,NY,Search | Brand,paid_search,22441,1905,99.32,0.084889,0.0521
2026-06-27,NY,Search | Brand,paid_search,18648,1835,122.47,0.098402,0.0667
2026-06-28,NY,Search | Brand,paid_search,19039,1296,108.63,0.068071,0.0838
2026-06-22,NY,Search | Nonbrand,paid_search,22127,989,240.22,0.044697,0.2429
2026-06-23,NY,Search | Nonbrand,paid_search,22755,1048,188.89,0.046056,0.1802
2026-06-24,NY,Search | Nonbrand,paid_search,23021,881,163.23,0.038269,0.1853
2026-06-25,NY,Search | Nonbrand,paid_search,25290,1166,242.36,0.046105,0.2079
2026-06-26,NY,Search | Nonbrand,paid_search,26592,1030,242.89,0.038733,0.2358
2026-06-27,NY,Search | Nonbrand,paid_search,24468,846,180.19,0.034576,0.213
2026-06-28,NY,Search | Nonbrand,paid_search,25933,1129,205.82,0.043535,0.1823
2026-06-22,NY,Shopping | Instruments,shopping,22042,714,202.59,0.032393,0.2837
2026-06-23,NY,Shopping | Instruments,shopping,30780,992,153.89,0.032229,0.1551
2026-06-24,NY,Shopping | Instruments,shopping,26053,894,202.5,0.034315,0.2265
2026-06-25,NY,Shopping | Instruments,shopping,20824,938,219.56,0.045044,0.2341
2026-06-26,NY,Shopping | Instruments,shopping,23565,926,167.89,0.039296,0.1813
2026-06-27,NY,Shopping | Instruments,shopping,26425,684,161.4,0.025885,0.236
2026-06-28,NY,Shopping | Instruments,shopping,28447,879,174.75,0.0309,0.1988
2026-06-29,CA,Search | Brand,paid_search,26720,2387,127.52,0.089334,0.0534
2026-06-30,CA,Search | Brand,paid_search,23591,2318,118.26,0.098258,0.051
2026-07-01,CA,Search | Brand,paid_search,27808,2597,179.98,0.09339,0.0693
2026-07-02,CA,Search | Brand,paid_search,27114,2640,148.6,0.097367,0.0563
2026-07-03,CA,Search | Brand,paid_search,26547,2034,131.1,0.076619,0.0645
2026-07-04,CA,Search | Brand,paid_search,26294,2206,178.55,0.083897,0.0809
2026-07-05,CA,Search | Brand,paid_search,24942,2104,177.48,0.084356,0.0844
2026-06-29,CA,Search | Nonbrand,paid_search,34338,1581,246.47,0.046042,0.1559
2026-06-30,CA,Search | Nonbrand,paid_search,26328,1428,351.28,0.054239,0.246
2026-07-01,CA,Search | Nonbrand,paid_search,36312,1359,283.44,0.037426,0.2086
2026-07-02,CA,Search | Nonbrand,paid_search,35843,1081,322.08,0.030159,0.2979
2026-07-03,CA,Search | Nonbrand,paid_search,36319,1503,267.2,0.041383,0.1778
2026-07-04,CA,Search | Nonbrand,paid_search,31911,1253,284.33,0.039265,0.2269
2026-07-05,CA,Search | Nonbrand,paid_search,31121,1493,241.88,0.047974,0.162
2026-06-29,CA,Shopping | Instruments,shopping,40773,1337,248.2,0.032791,0.1856
2026-06-30,CA,Shopping | Instruments,shopping,30793,1146,270.06,0.037216,0.2357
2026-07-01,CA,Shopping | Instruments,shopping,26782,1079,233.34,0.040288,0.2163
2026-07-02,CA,Shopping | Instruments,shopping,28676,899,285.83,0.03135,0.3179
2026-07-03,CA,Shopping | Instruments,shopping,40083,1139,236.31,0.028416,0.2075
2026-07-04,CA,Shopping | Instruments,shopping,38532,895,193.79,0.023227,0.2165
2026-07-05,CA,Shopping | Instruments,shopping,38367,904,289.33,0.023562,0.3201
2026-06-29,TX,Search | Brand,paid_search,23985,2196,102.18,0.091557,0.0465
2026-06-30,TX,Search | Brand,paid_search,24023,2113,141.86,0.087957,0.0671
2026-07-01,TX,Search | Brand,paid_search,20512,1583,130.57,0.077174,0.0825
2026-07-02,TX,Search | Brand,paid_search,19392,1874,129.66,0.096638,0.0692
2026-07-03,TX,Search | Brand,paid_search,24055,1960,148.52,0.08148,0.0758
2026-07-04,TX,Search | Brand,paid_search,26100,2033,126.01,0.077893,0.062
2026-07-05,TX,Search | Brand,paid_search,22226,1822,150.89,0.081976,0.0828
2026-06-29,TX,Search | Nonbrand,paid_search,26003,1430,212.44,0.054994,0.1486
2026-06-30,TX,Search | Nonbrand,paid_search,28888,1301,254.93,0.045036,0.1959
2026-07-01,TX,Search | Nonbrand,paid_search,21224,1312,244.96,0.061817,0.1867
2026-07-02,TX,Search | Nonbrand,paid_search,22206,1006,227.96,0.045303,0.2266
2026-07-03,TX,Search | Nonbrand,paid_search,25479,1166,188.52,0.045763,0.1617
2026-07-04,TX,Search | Nonbrand,paid_search,29981,998,210.59,0.033288,0.211
2026-07-05,TX,Search | Nonbrand,paid_search,29362,1195,235.63,0.040699,0.1972
2026-06-29,TX,Shopping | Instruments,shopping,23201,836,214.87,0.036033,0.257
2026-06-30,TX,Shopping | Instruments,shopping,25784,858,170.86,0.033276,0.1991
2026-07-01,TX,Shopping | Instruments,shopping,32892,793,200.41,0.024109,0.2527
2026-07-02,TX,Shopping | Instruments,shopping,24691,1080,171.75,0.043741,0.159
2026-07-03,TX,Shopping | Instruments,shopping,24134,796,182.98,0.032983,0.2299
2026-07-04,TX,Shopping | Instruments,shopping,31465,1057,243.07,0.033593,0.23
2026-07-05,TX,Shopping | Instruments,shopping,27991,1028,185.22,0.036726,0.1802
2026-06-29,FL,Search | Brand,paid_search,21877,1753,127.42,0.08013,0.0727
2026-06-30,FL,Search | Brand,paid_search,18235,2044,133.09,0.112092,0.0651
2026-07-01,FL,Search | Brand,paid_search,19421,2068,102.53,0.106483,0.0496
2026-07-02,FL,Search | Brand,paid_search,24728,1555,138.6,0.062884,0.0891
2026-07-03,FL,Search | Brand,paid_search,25352,1937,132.81,0.076404,0.0686
2026-07-04,FL,Search | Brand,paid_search,19687,1731,121.36,0.087926,0.0701
2026-07-05,FL,Search | Brand,paid_search,27089,2248,151.25,0.082986,0.0673
2026-06-29,FL,Search | Nonbrand,paid_search,25738,1085,179.24,0.042156,0.1652
2026-06-30,FL,Search | Nonbrand,paid_search,28443,1020,173.89,0.035861,0.1705
2026-07-01,FL,Search | Nonbrand,paid_search,19570,839,244.5,0.042872,0.2914
2026-07-02,FL,Search | Nonbrand,paid_search,26138,885,179.65,0.033859,0.203
2026-07-03,FL,Search | Nonbrand,paid_search,20089,782,179.01,0.038927,0.2289
2026-07-04,FL,Search | Nonbrand,paid_search,20038,847,191.66,0.04227,0.2263
2026-07-05,FL,Search | Nonbrand,paid_search,19811,1100,226.56,0.055525,0.206
2026-06-29,FL,Shopping | Instruments,shopping,21094,897,188.34,0.042524,0.21
2026-06-30,FL,Shopping | Instruments,shopping,25703,625,182.5,0.024316,0.292
2026-07-01,FL,Shopping | Instruments,shopping,23813,809,170.31,0.033973,0.2105
2026-07-02,FL,Shopping | Instruments,shopping,28563,617,186.71,0.021601,0.3026
2026-07-03,FL,Shopping | Instruments,shopping,20228,749,152.15,0.037028,0.2031
2026-07-04,FL,Shopping | Instruments,shopping,24317,780,156.52,0.032076,0.2007
2026-07-05,FL,Shopping | Instruments,shopping,22236,809,158.35,0.036382,0.1957
2026-06-29,NY,Search | Brand,paid_search,17662,1841,123.94,0.104235,0.0673
2026-06-30,NY,Search | Brand,paid_search,22122,1390,113.31,0.062833,0.0815
2026-07-01,NY,Search | Brand,paid_search,21469,1763,109.49,0.082118,0.0621
2026-07-02,NY,Search | Brand,paid_search,23554,1441,119.52,0.061179,0.0829
2026-07-03,NY,Search | Brand,paid_search,17076,1926,117.47,0.11279,0.061
2026-07-04,NY,Search | Brand,paid_search,21807,1665,130.14,0.076352,0.0782
2026-07-05,NY,Search | Brand,paid_search,19464,1639,116.42,0.084207,0.071
2026-06-29,NY,Search | Nonbrand,paid_search,24967,908,199.06,0.036368,0.2192
2026-06-30,NY,Search | Nonbrand,paid_search,21909,1301,196.47,0.059382,0.151
2026-07-01,NY,Search | Nonbrand,paid_search,18732,938,184.1,0.050075,0.1963
2026-07-02,NY,Search | Nonbrand,paid_search,19387,909,174.89,0.046887,0.1924
2026-07-03,NY,Search | Nonbrand,paid_search,25204,852,214.28,0.033804,0.2515
2026-07-04,NY,Search | Nonbrand,paid_search,20847,956,179.46,0.045858,0.1877
2026-07-05,NY,Search | Nonbrand,paid_search,24433,1230,188.86,0.050342,0.1535
2026-06-29,NY,Shopping | Instruments,shopping,25861,677,197.88,0.026178,0.2923
2026-06-30,NY,Shopping | Instruments,shopping,23881,675,194.41,0.028265,0.288
2026-07-01,NY,Shopping | Instruments,shopping,22988,685,132.11,0.029798,0.1929
2026-07-02,NY,Shopping | Instruments,shopping,19913,787,162.18,0.039522,0.2061
2026-07-03,NY,Shopping | Instruments,shopping,26506,857,151.44,0.032332,0.1767
2026-07-04,NY,Shopping | Instruments,shopping,20436,641,175.77,0.031366,0.2742
2026-07-05,NY,Shopping | Instruments,shopping,19032,669,128.27,0.035151,0.1917
2026-07-06,CA,Search | Brand,paid_search,35990,2705,174.02,0.07516,0.0643
2026-07-07,CA,Search | Brand,paid_search,26421,2583,196.04,0.097763,0.0759
2026-07-08,CA,Search | Brand,paid_search,31979,2682,183.74,0.083868,0.0685
2026-07-09,CA,Search | Brand,paid_search,25662,2744,136.2,0.106929,0.0496
2026-07-10,CA,Search | Brand,paid_search,30474,2461,195.93,0.080757,0.0796
2026-07-11,CA,Search | Brand,paid_search,37564,2595,205.84,0.069082,0.0793
2026-07-12,CA,Search | Brand,paid_search,30602,2075,176.64,0.067806,0.0851
2026-07-06,CA,Search | Nonbrand,paid_search,28065,1018,196.08,0.036273,0.1926
2026-07-07,CA,Search | Nonbrand,paid_search,29985,1086,235.03,0.036218,0.2164
2026-07-08,CA,Search | Nonbrand,paid_search,26685,1257,233.99,0.047105,0.1862
2026-07-09,CA,Search | Nonbrand,paid_search,24228,1074,261.29,0.044329,0.2433
2026-07-10,CA,Search | Nonbrand,paid_search,32939,1201,241.83,0.036461,0.2014
2026-07-11,CA,Search | Nonbrand,paid_search,32296,1490,270.87,0.046136,0.1818
2026-07-12,CA,Search | Nonbrand,paid_search,24615,1167,270.71,0.04741,0.232
2026-07-06,CA,Shopping | Instruments,shopping,28029,1068,169.89,0.038103,0.1591
2026-07-07,CA,Shopping | Instruments,shopping,28368,1212,233.52,0.042724,0.1927
2026-07-08,CA,Shopping | Instruments,shopping,26799,1065,256.88,0.03974,0.2412
2026-07-09,CA,Shopping | Instruments,shopping,37631,876,167.65,0.023279,0.1914
2026-07-10,CA,Shopping | Instruments,shopping,29048,952,205.93,0.032773,0.2163
2026-07-11,CA,Shopping | Instruments,shopping,28377,807,253.39,0.028439,0.314
2026-07-12,CA,Shopping | Instruments,shopping,35778,1114,253.75,0.031136,0.2278
2026-07-06,TX,Search | Brand,paid_search,30694,2018,116.5,0.065746,0.0577
2026-07-07,TX,Search | Brand,paid_search,23825,2115,173.63,0.088772,0.0821
2026-07-08,TX,Search | Brand,paid_search,25370,2569,143.49,0.101261,0.0559
2026-07-09,TX,Search | Brand,paid_search,27943,1992,151.03,0.071288,0.0758
2026-07-10,TX,Search | Brand,paid_search,25564,2444,168.86,0.095603,0.0691
2026-07-11,TX,Search | Brand,paid_search,20629,2635,153.08,0.127733,0.0581
2026-07-12,TX,Search | Brand,paid_search,30642,2248,164.49,0.073363,0.0732
2026-07-06,TX,Search | Nonbrand,paid_search,28245,1334,259.11,0.04723,0.1942
2026-07-07,TX,Search | Nonbrand,paid_search,28999,1401,205.12,0.048312,0.1464
2026-07-08,TX,Search | Nonbrand,paid_search,20958,1017,226.55,0.048526,0.2228
2026-07-09,TX,Search | Nonbrand,paid_search,28638,1422,232.09,0.049654,0.1632
2026-07-10,TX,Search | Nonbrand,paid_search,26348,1267,232.9,0.048087,0.1838
2026-07-11,TX,Search | Nonbrand,paid_search,30006,1254,248.66,0.041792,0.1983
2026-07-12,TX,Search | Nonbrand,paid_search,25968,1009,222.37,0.038856,0.2204
2026-07-06,TX,Shopping | Instruments,shopping,20333,741,166.16,0.036443,0.2242
2026-07-07,TX,Shopping | Instruments,shopping,28224,890,185.57,0.031533,0.2085
2026-07-08,TX,Shopping | Instruments,shopping,19396,884,200.46,0.045576,0.2268
2026-07-09,TX,Shopping | Instruments,shopping,28362,784,175.55,0.027643,0.2239
2026-07-10,TX,Shopping | Instruments,shopping,25259,615,177.64,0.024348,0.2888
2026-07-11,TX,Shopping | Instruments,shopping,27415,866,183.77,0.031589,0.2122
2026-07-12,TX,Shopping | Instruments,shopping,26578,913,174.93,0.034352,0.1916
2026-07-06,FL,Search | Brand,paid_search,26272,2203,152.88,0.083854,0.0694
2026-07-07,FL,Search | Brand,paid_search,22080,1890,123.58,0.085598,0.0654
2026-07-08,FL,Search | Brand,paid_search,25790,1873,104.99,0.072625,0.0561
2026-07-09,FL,Search | Brand,paid_search,20181,2045,147.89,0.101333,0.0723
2026-07-10,FL,Search | Brand,paid_search,20607,1803,133.25,0.087495,0.0739
2026-07-11,FL,Search | Brand,paid_search,21227,1792,135.12,0.084421,0.0754
2026-07-12,FL,Search | Brand,paid_search,23220,2539,126.68,0.109345,0.0499
2026-07-06,FL,Search | Nonbrand,paid_search,20037,959,190.1,0.047861,0.1982
2026-07-07,FL,Search | Nonbrand,paid_search,28163,887,216.16,0.031495,0.2437
2026-07-08,FL,Search | Nonbrand,paid_search,19333,1015,209.5,0.052501,0.2064
2026-07-09,FL,Search | Nonbrand,paid_search,24636,1098,164.64,0.044569,0.1499
2026-07-10,FL,Search | Nonbrand,paid_search,22422,917,245.33,0.040897,0.2675
2026-07-11,FL,Search | Nonbrand,paid_search,19909,1109,169.48,0.055703,0.1528
2026-07-12,FL,Search | Nonbrand,paid_search,27532,857,198.26,0.031127,0.2313
2026-07-06,FL,Shopping | Instruments,shopping,22603,585,169.1,0.025882,0.2891
2026-07-07,FL,Shopping | Instruments,shopping,18499,828,115.54,0.044759,0.1395
2026-07-08,FL,Shopping | Instruments,shopping,22341,844,116.88,0.037778,0.1385
2026-07-09,FL,Shopping | Instruments,shopping,17969,596,152.78,0.033168,0.2563
2026-07-10,FL,Shopping | Instruments,shopping,22988,651,113.99,0.028319,0.1751
2026-07-11,FL,Shopping | Instruments,shopping,17539,564,171.52,0.032157,0.3041
2026-07-12,FL,Shopping | Instruments,shopping,16608,563,157.73,0.033899,0.2802
2026-07-06,NY,Search | Brand,paid_search,21841,2295,164.83,0.105078,0.0718
2026-07-07,NY,Search | Brand,paid_search,16651,1771,107.41,0.10636,0.0606
2026-07-08,NY,Search | Brand,paid_search,24511,1865,121.94,0.076088,0.0654
2026-07-09,NY,Search | Brand,paid_search,19994,1896,124.63,0.094828,0.0657
2026-07-10,NY,Search | Brand,paid_search,21868,1664,112.39,0.076093,0.0675
2026-07-11,NY,Search | Brand,paid_search,23828,1789,139.92,0.07508,0.0782
2026-07-12,NY,Search | Brand,paid_search,23502,2040,111.62,0.086801,0.0547
2026-07-06,NY,Search | Nonbrand,paid_search,21271,931,164.34,0.043769,0.1765
2026-07-07,NY,Search | Nonbrand,paid_search,17003,740,190.97,0.043522,0.2581
2026-07-08,NY,Search | Nonbrand,paid_search,22050,925,193.24,0.04195,0.2089
2026-07-09,NY,Search | Nonbrand,paid_search,23904,834,215.75,0.03489,0.2587
2026-07-10,NY,Search | Nonbrand,paid_search,21732,838,157.33,0.038561,0.1877
2026-07-11,NY,Search | Nonbrand,paid_search,17273,932,190.15,0.053957,0.204
2026-07-12,NY,Search | Nonbrand,paid_search,23431,712,149.52,0.030387,0.21
2026-07-06,NY,Shopping | Instruments,shopping,24714,673,150.91,0.027232,0.2242
2026-07-07,NY,Shopping | Instruments,shopping,21955,778,155.29,0.035436,0.1996
2026-07-08,NY,Shopping | Instruments,shopping,24924,599,175.62,0.024033,0.2932
2026-07-09,NY,Shopping | Instruments,shopping,22770,589,129.74,0.025867,0.2203
2026-07-10,NY,Shopping | Instruments,shopping,23978,762,198.49,0.031779,0.2605
2026-07-11,NY,Shopping | Instruments,shopping,18486,525,193.45,0.0284,0.3685
2026-07-12,NY,Shopping | Instruments,shopping,21756,801,138.29,0.036817,0.1727
2026-07-13,CA,Search | Brand,paid_search,33404,2826,183.18,0.084601,0.0648
2026-07-14,CA,Search | Brand,paid_search,26318,2360,162.48,0.089672,0.0688
2026-07-15,CA,Search | Brand,paid_search,29937,2768,176.94,0.092461,0.0639
2026-07-16,CA,Search | Brand,paid_search,31114,2401,199.06,0.077168,0.0829
2026-07-17,CA,Search | Brand,paid_search,35104,2532,192.2,0.072129,0.0759
2026-07-18,CA,Search | Brand,paid_search,29249,2542,199.93,0.086909,0.0786
2026-07-19,CA,Search | Brand,paid_search,34983,2201,162.84,0.062916,0.074
2026-07-13,CA,Search | Nonbrand,paid_search,34857,1638,305.57,0.046992,0.1866
2026-07-14,CA,Search | Nonbrand,paid_search,29057,1607,343.46,0.055305,0.2137
2026-07-15,CA,Search | Nonbrand,paid_search,39142,1572,319.91,0.040161,0.2035
2026-07-16,CA,Search | Nonbrand,paid_search,39231,1834,265.74,0.046749,0.1449
2026-07-17,CA,Search | Nonbrand,paid_search,25857,1330,233.33,0.051437,0.1754
2026-07-18,CA,Search | Nonbrand,paid_search,29581,1490,272.14,0.05037,0.1826
2026-07-19,CA,Search | Nonbrand,paid_search,39520,1397,300.15,0.035349,0.2149
2026-07-13,CA,Shopping | Instruments,shopping,35966,970,257.38,0.02697,0.2653
2026-07-14,CA,Shopping | Instruments,shopping,28814,758,192.6,0.026307,0.2541
2026-07-15,CA,Shopping | Instruments,shopping,28159,1067,190.25,0.037892,0.1783
2026-07-16,CA,Shopping | Instruments,shopping,25832,959,202.86,0.037124,0.2115
2026-07-17,CA,Shopping | Instruments,shopping,28550,1069,219.1,0.037443,0.205
2026-07-18,CA,Shopping | Instruments,shopping,28222,931,244.26,0.032988,0.2624
2026-07-19,CA,Shopping | Instruments,shopping,33014,873,195.16,0.026443,0.2236
2026-07-13,TX,Search | Brand,paid_search,19075,2022,116.14,0.106003,0.0574
2026-07-14,TX,Search | Brand,paid_search,23555,2200,148.84,0.093398,0.0677
2026-07-15,TX,Search | Brand,paid_search,28064,1659,100.92,0.059115,0.0608
2026-07-16,TX,Search | Brand,paid_search,23895,1667,131.43,0.069764,0.0788
2026-07-17,TX,Search | Brand,paid_search,20430,1616,153.63,0.079099,0.0951
2026-07-18,TX,Search | Brand,paid_search,19922,2241,102.78,0.112489,0.0459
2026-07-19,TX,Search | Brand,paid_search,21483,1690,153.53,0.078667,0.0908
2026-07-13,TX,Search | Nonbrand,paid_search,30492,1380,195.3,0.045258,0.1415
2026-07-14,TX,Search | Nonbrand,paid_search,26477,1130,220.43,0.042679,0.1951
2026-07-15,TX,Search | Nonbrand,paid_search,30625,1396,252.06,0.045584,0.1806
2026-07-16,TX,Search | Nonbrand,paid_search,31738,1105,256.24,0.034816,0.2319
2026-07-17,TX,Search | Nonbrand,paid_search,31305,987,213.8,0.031529,0.2166
2026-07-18,TX,Search | Nonbrand,paid_search,23851,1436,282.46,0.060207,0.1967
2026-07-19,TX,Search | Nonbrand,paid_search,22121,1240,270.55,0.056055,0.2182
2026-07-13,TX,Shopping | Instruments,shopping,28353,902,223.69,0.031813,0.248
2026-07-14,TX,Shopping | Instruments,shopping,29263,974,202.35,0.033284,0.2078
2026-07-15,TX,Shopping | Instruments,shopping,26820,699,211.18,0.026063,0.3021
2026-07-16,TX,Shopping | Instruments,shopping,28685,789,219.81,0.027506,0.2786
2026-07-17,TX,Shopping | Instruments,shopping,28011,931,151.39,0.033237,0.1626
2026-07-18,TX,Shopping | Instruments,shopping,26357,967,212.08,0.036689,0.2193
2026-07-19,TX,Shopping | Instruments,shopping,23210,911,152.53,0.03925,0.1674
2026-07-13,FL,Search | Brand,paid_search,19909,2050,117.86,0.102969,0.0575
2026-07-14,FL,Search | Brand,paid_search,22423,1579,99.44,0.070419,0.063
2026-07-15,FL,Search | Brand,paid_search,20124,2051,104.75,0.101918,0.0511
2026-07-16,FL,Search | Brand,paid_search,16397,1460,111.35,0.089041,0.0763
2026-07-17,FL,Search | Brand,paid_search,22307,1938,152.5,0.086879,0.0787
2026-07-18,FL,Search | Brand,paid_search,21853,1457,136.77,0.066673,0.0939
2026-07-19,FL,Search | Brand,paid_search,20404,1932,109.15,0.094687,0.0565
2026-07-13,FL,Search | Nonbrand,paid_search,27648,1112,164.53,0.04022,0.148
2026-07-14,FL,Search | Nonbrand,paid_search,25760,876,225.94,0.034006,0.2579
2026-07-15,FL,Search | Nonbrand,paid_search,18126,818,160.63,0.045129,0.1964
2026-07-16,FL,Search | Nonbrand,paid_search,20834,1014,184.92,0.04867,0.1824
2026-07-17,FL,Search | Nonbrand,paid_search,21209,1088,164.36,0.051299,0.1511
2026-07-18,FL,Search | Nonbrand,paid_search,26880,1051,231.68,0.0391,0.2204
2026-07-19,FL,Search | Nonbrand,paid_search,18256,1068,232.86,0.058501,0.218
2026-07-13,FL,Shopping | Instruments,shopping,25602,592,162.72,0.023123,0.2749
2026-07-14,FL,Shopping | Instruments,shopping,17745,526,172.69,0.029642,0.3283
2026-07-15,FL,Shopping | Instruments,shopping,20378,796,131.6,0.039062,0.1653
2026-07-16,FL,Shopping | Instruments,shopping,24776,557,125.17,0.022481,0.2247
2026-07-17,FL,Shopping | Instruments,shopping,22677,784,180.08,0.034572,0.2297
2026-07-18,FL,Shopping | Instruments,shopping,21168,635,174.49,0.029998,0.2748
2026-07-19,FL,Shopping | Instruments,shopping,21750,713,162.74,0.032782,0.2282
2026-07-13,NY,Search | Brand,paid_search,19617,1824,134.73,0.092981,0.0739
2026-07-14,NY,Search | Brand,paid_search,19828,1670,143.91,0.084224,0.0862
2026-07-15,NY,Search | Brand,paid_search,22838,1703,96.09,0.074569,0.0564
2026-07-16,NY,Search | Brand,paid_search,20256,2342,115.59,0.11562,0.0494
2026-07-17,NY,Search | Brand,paid_search,22128,1942,145.21,0.087762,0.0748
2026-07-18,NY,Search | Brand,paid_search,21909,1581,137.66,0.072162,0.0871
2026-07-19,NY,Search | Brand,paid_search,27294,1655,119.26,0.060636,0.0721
2026-07-13,NY,Search | Nonbrand,paid_search,23272,926,252.98,0.03979,0.2732
2026-07-14,NY,Search | Nonbrand,paid_search,20825,938,210.14,0.045042,0.224
2026-07-15,NY,Search | Nonbrand,paid_search,25338,851,199.98,0.033586,0.235
2026-07-16,NY,Search | Nonbrand,paid_search,28660,936,275.19,0.032659,0.294
2026-07-17,NY,Search | Nonbrand,paid_search,27768,1250,215.99,0.045016,0.1728
2026-07-18,NY,Search | Nonbrand,paid_search,28250,1232,185.16,0.043611,0.1503
2026-07-19,NY,Search | Nonbrand,paid_search,22531,923,179.7,0.040966,0.1947
2026-07-13,NY,Shopping | Instruments,shopping,17156,742,187.2,0.04325,0.2523
2026-07-14,NY,Shopping | Instruments,shopping,25374,585,175.2,0.023055,0.2995
2026-07-15,NY,Shopping | Instruments,shopping,20575,594,129.6,0.02887,0.2182
2026-07-16,NY,Shopping | Instruments,shopping,18833,561,147.36,0.029788,0.2627
2026-07-17,NY,Shopping | Instruments,shopping,20122,734,129.45,0.036477,0.1764
2026-07-18,NY,Shopping | Instruments,shopping,24254,744,170.55,0.030675,0.2292
2026-07-19,NY,Shopping | Instruments,shopping,24674,512,147.75,0.020751,0.2886
2026-07-20,CA,Search | Brand,paid_search,25161,2631,150.22,0.104567,0.0571
2026-07-21,CA,Search | Brand,paid_search,22366,2281,186.19,0.101985,0.0816
2026-07-22,CA,Search | Brand,paid_search,29177,2179,130.64,0.074682,0.06
2026-07-23,CA,Search | Brand,paid_search,32129,2167,128.66,0.067447,0.0594
2026-07-24,CA,Search | Brand,paid_search,26036,1891,135.06,0.07263,0.0714
2026-07-25,CA,Search | Brand,paid_search,21790,2170,166.8,0.099587,0.0769
2026-07-26,CA,Search | Brand,paid_search,27559,2490,170.88,0.090352,0.0686
2026-07-20,CA,Search | Nonbrand,paid_search,25323,1466,209.99,0.057892,0.1432
2026-07-21,CA,Search | Nonbrand,paid_search,26847,1204,255.67,0.044847,0.2124
2026-07-22,CA,Search | Nonbrand,paid_search,27395,1417,254.7,0.051725,0.1797
2026-07-23,CA,Search | Nonbrand,paid_search,32064,1331,280.8,0.041511,0.211
2026-07-24,CA,Search | Nonbrand,paid_search,33113,1422,225.22,0.042944,0.1584
2026-07-25,CA,Search | Nonbrand,paid_search,33469,1453,310.89,0.043413,0.214
2026-07-26,CA,Search | Nonbrand,paid_search,34493,1019,291.99,0.029542,0.2865
2026-07-20,CA,Shopping | Instruments,shopping,32301,1354,264.06,0.041918,0.195
2026-07-21,CA,Shopping | Instruments,shopping,34628,1083,264.33,0.031275,0.2441
2026-07-22,CA,Shopping | Instruments,shopping,31372,1026,256.51,0.032704,0.25
2026-07-23,CA,Shopping | Instruments,shopping,39917,943,217.75,0.023624,0.2309
2026-07-24,CA,Shopping | Instruments,shopping,34541,1302,237.31,0.037694,0.1823
2026-07-25,CA,Shopping | Instruments,shopping,35342,1019,228.55,0.028833,0.2243
2026-07-26,CA,Shopping | Instruments,shopping,32383,1150,262.97,0.035512,0.2287
2026-07-20,TX,Search | Brand,paid_search,25760,1884,152.19,0.073137,0.0808
2026-07-21,TX,Search | Brand,paid_search,21631,1475,101.72,0.068189,0.069
2026-07-22,TX,Search | Brand,paid_search,24535,1426,116.45,0.058121,0.0817
2026-07-23,TX,Search | Brand,paid_search,17656,2076,101.44,0.11758,0.0489
2026-07-24,TX,Search | Brand,paid_search,17580,1722,144.75,0.097952,0.0841
2026-07-25,TX,Search | Brand,paid_search,21115,1850,149.98,0.087615,0.0811
2026-07-26,TX,Search | Brand,paid_search,26021,1665,128.4,0.063987,0.0771
2026-07-20,TX,Search | Nonbrand,paid_search,25802,1208,264.15,0.046818,0.2187
2026-07-21,TX,Search | Nonbrand,paid_search,23689,1376,249.62,0.058086,0.1814
2026-07-22,TX,Search | Nonbrand,paid_search,23727,1037,244.45,0.043705,0.2357
2026-07-23,TX,Search | Nonbrand,paid_search,24958,908,236.29,0.036381,0.2602
2026-07-24,TX,Search | Nonbrand,paid_search,26752,1002,236.04,0.037455,0.2356
2026-07-25,TX,Search | Nonbrand,paid_search,32336,1273,214.93,0.039368,0.1688
2026-07-26,TX,Search | Nonbrand,paid_search,33605,1207,196.01,0.035917,0.1624
2026-07-20,TX,Shopping | Instruments,shopping,28668,748,196.79,0.026092,0.2631
2026-07-21,TX,Shopping | Instruments,shopping,24294,794,176.9,0.032683,0.2228
2026-07-22,TX,Shopping | Instruments,shopping,28671,1033,164.82,0.036029,0.1596
2026-07-23,TX,Shopping | Instruments,shopping,27041,1020,197.94,0.03772,0.1941
2026-07-24,TX,Shopping | Instruments,shopping,20076,890,164.02,0.044332,0.1843
2026-07-25,TX,Shopping | Instruments,shopping,23811,869,218.08,0.036496,0.251
2026-07-26,TX,Shopping | Instruments,shopping,26571,806,171.21,0.030334,0.2124
2026-07-20,FL,Search | Brand,paid_search,25478,1464,141.44,0.057461,0.0966
2026-07-21,FL,Search | Brand,paid_search,22412,1935,123.47,0.086338,0.0638
2026-07-22,FL,Search | Brand,paid_search,22031,1808,106.86,0.082066,0.0591
2026-07-23,FL,Search | Brand,paid_search,22923,1623,120.43,0.070802,0.0742
2026-07-24,FL,Search | Brand,paid_search,20623,1458,139.99,0.070698,0.096
2026-07-25,FL,Search | Brand,paid_search,20737,1750,117.24,0.08439,0.067
2026-07-26,FL,Search | Brand,paid_search,17180,1991,128.58,0.115891,0.0646
2026-07-20,FL,Search | Nonbrand,paid_search,20889,758,213.39,0.036287,0.2815
2026-07-21,FL,Search | Nonbrand,paid_search,20003,1068,209.14,0.053392,0.1958
2026-07-22,FL,Search | Nonbrand,paid_search,25128,1004,194.74,0.039955,0.194
2026-07-23,FL,Search | Nonbrand,paid_search,21393,771,184.66,0.03604,0.2395
2026-07-24,FL,Search | Nonbrand,paid_search,18960,882,187.78,0.046519,0.2129
2026-07-25,FL,Search | Nonbrand,paid_search,25165,1018,148.0,0.040453,0.1454
2026-07-26,FL,Search | Nonbrand,paid_search,19861,997,164.32,0.050199,0.1648
2026-07-20,FL,Shopping | Instruments,shopping,20079,756,173.52,0.037651,0.2295
2026-07-21,FL,Shopping | Instruments,shopping,20737,655,162.54,0.031586,0.2482
2026-07-22,FL,Shopping | Instruments,shopping,22220,740,127.19,0.033303,0.1719
2026-07-23,FL,Shopping | Instruments,shopping,22162,520,158.34,0.023464,0.3045
2026-07-24,FL,Shopping | Instruments,shopping,20985,775,159.86,0.036931,0.2063
2026-07-25,FL,Shopping | Instruments,shopping,21137,723,132.26,0.034205,0.1829
2026-07-26,FL,Shopping | Instruments,shopping,20939,602,153.75,0.02875,0.2554
2026-07-20,NY,Search | Brand,paid_search,17022,2065,130.73,0.121314,0.0633
2026-07-21,NY,Search | Brand,paid_search,17012,1653,132.66,0.097167,0.0803
2026-07-22,NY,Search | Brand,paid_search,23907,1630,102.66,0.068181,0.063
2026-07-23,NY,Search | Brand,paid_search,22542,1607,107.02,0.071289,0.0666
2026-07-24,NY,Search | Brand,paid_search,24410,1655,104.54,0.0678,0.0632
2026-07-25,NY,Search | Brand,paid_search,19528,1663,95.92,0.08516,0.0577
2026-07-26,NY,Search | Brand,paid_search,16621,2090,144.5,0.125745,0.0691
2026-07-20,NY,Search | Nonbrand,paid_search,24514,1112,165.92,0.045362,0.1492
2026-07-21,NY,Search | Nonbrand,paid_search,23864,877,244.7,0.03675,0.279
2026-07-22,NY,Search | Nonbrand,paid_search,20649,1210,176.37,0.058598,0.1458
2026-07-23,NY,Search | Nonbrand,paid_search,28179,990,248.71,0.035133,0.2512
2026-07-24,NY,Search | Nonbrand,paid_search,28447,1217,203.3,0.042781,0.1671
2026-07-25,NY,Search | Nonbrand,paid_search,21663,832,209.22,0.038406,0.2515
2026-07-26,NY,Search | Nonbrand,paid_search,21302,949,201.9,0.04455,0.2128
2026-07-20,NY,Shopping | Instruments,shopping,26258,938,138.56,0.035722,0.1477
2026-07-21,NY,Shopping | Instruments,shopping,26297,698,176.79,0.026543,0.2533
2026-07-22,NY,Shopping | Instruments,shopping,25244,801,180.53,0.03173,0.2254
2026-07-23,NY,Shopping | Instruments,shopping,21002,766,189.92,0.036473,0.2479
2026-07-24,NY,Shopping | Instruments,shopping,17887,781,168.44,0.043663,0.2157
2026-07-25,NY,Shopping | Instruments,shopping,24981,785,199.39,0.031424,0.254
2026-07-26,NY,Shopping | Instruments,shopping,26641,846,158.22,0.031756,0.187
2026-07-27,CA,Search | Brand,paid_search,24112,2585,189.86,0.107208,0.0734
2026-07-28,CA,Search | Brand,paid_search,26022,2250,125.49,0.086465,0.0558
2026-07-29,CA,Search | Brand,paid_search,20475,2728,170.64,0.133236,0.0626
2026-07-30,CA,Search | Brand,paid_search,31158,1924,149.98,0.06175,0.078
2026-07-31,CA,Search | Brand,paid_search,25995,1805,142.38,0.069436,0.0789
2026-08-01,CA,Search | Brand,paid_search,29795,2212,144.41,0.074241,0.0653
2026-08-02,CA,Search | Brand,paid_search,25932,2376,141.48,0.091624,0.0595
2026-07-27,CA,Search | Nonbrand,paid_search,36435,1369,271.07,0.037574,0.198
2026-07-28,CA,Search | Nonbrand,paid_search,32541,1458,252.62,0.044805,0.1733
2026-07-29,CA,Search | Nonbrand,paid_search,33800,1528,252.89,0.045207,0.1655
2026-07-30,CA,Search | Nonbrand,paid_search,30418,1578,246.57,0.051877,0.1563
2026-07-31,CA,Search | Nonbrand,paid_search,29818,1397,267.8,0.046851,0.1917
2026-08-01,CA,Search | Nonbrand,paid_search,35439,1185,338.5,0.033438,0.2857
2026-08-02,CA,Search | Nonbrand,paid_search,28865,1096,325.47,0.03797,0.297
2026-07-27,CA,Shopping | Instruments,shopping,37440,992,271.46,0.026496,0.2736
2026-07-28,CA,Shopping | Instruments,shopping,40244,1194,245.58,0.029669,0.2057
2026-07-29,CA,Shopping | Instruments,shopping,26410,952,190.61,0.036047,0.2002
2026-07-30,CA,Shopping | Instruments,shopping,32515,1315,209.09,0.040443,0.159
2026-07-31,CA,Shopping | Instruments,shopping,34804,1160,236.86,0.03333,0.2042
2026-08-01,CA,Shopping | Instruments,shopping,27668,1057,261.69,0.038203,0.2476
2026-08-02,CA,Shopping | Instruments,shopping,33324,1232,258.03,0.03697,0.2094
2026-07-27,TX,Search | Brand,paid_search,20292,1519,159.05,0.074857,0.1047
2026-07-28,TX,Search | Brand,paid_search,27738,1892,144.23,0.06821,0.0762
2026-07-29,TX,Search | Brand,paid_search,19716,2251,143.68,0.114171,0.0638
2026-07-30,TX,Search | Brand,paid_search,27476,2264,150.41,0.082399,0.0664
2026-07-31,TX,Search | Brand,paid_search,27198,1585,117.07,0.058276,0.0739
2026-08-01,TX,Search | Brand,paid_search,26223,2283,147.29,0.087061,0.0645
2026-08-02,TX,Search | Brand,paid_search,19383,2026,112.81,0.104525,0.0557
2026-07-27,TX,Search | Nonbrand,paid_search,29883,1345,264.55,0.045009,0.1967
2026-07-28,TX,Search | Nonbrand,paid_search,33375,1122,269.12,0.033618,0.2399
2026-07-29,TX,Search | Nonbrand,paid_search,24902,1396,289.37,0.05606,0.2073
2026-07-30,TX,Search | Nonbrand,paid_search,27560,1466,292.69,0.053193,0.1997
2026-07-31,TX,Search | Nonbrand,paid_search,36088,1102,240.87,0.030536,0.2186
2026-08-01,TX,Search | Nonbrand,paid_search,26331,1274,197.48,0.048384,0.155
2026-08-02,TX,Search | Nonbrand,paid_search,25675,1301,198.73,0.050672,0.1528
2026-07-27,TX,Shopping | Instruments,shopping,31506,956,195.03,0.030343,0.204
2026-07-28,TX,Shopping | Instruments,shopping,29894,1087,191.01,0.036362,0.1757
2026-07-29,TX,Shopping | Instruments,shopping,28163,1013,178.84,0.035969,0.1765
2026-07-30,TX,Shopping | Instruments,shopping,21145,949,233.61,0.044881,0.2462
2026-07-31,TX,Shopping | Instruments,shopping,31971,857,262.52,0.026806,0.3063
2026-08-01,TX,Shopping | Instruments,shopping,25450,782,181.67,0.030727,0.2323
2026-08-02,TX,Shopping | Instruments,shopping,30249,792,185.64,0.026183,0.2344
2026-07-27,FL,Search | Brand,paid_search,25253,1899,160.13,0.075199,0.0843
2026-07-28,FL,Search | Brand,paid_search,19198,1829,139.87,0.09527,0.0765
2026-07-29,FL,Search | Brand,paid_search,21229,1874,106.28,0.088275,0.0567
2026-07-30,FL,Search | Brand,paid_search,19894,1901,115.4,0.095556,0.0607
2026-07-31,FL,Search | Brand,paid_search,26049,2181,110.8,0.083727,0.0508
2026-08-01,FL,Search | Brand,paid_search,25902,2559,132.78,0.098795,0.0519
2026-08-02,FL,Search | Brand,paid_search,21020,2147,154.3,0.102141,0.0719
2026-07-27,FL,Search | Nonbrand,paid_search,22121,875,169.1,0.039555,0.1933
2026-07-28,FL,Search | Nonbrand,paid_search,24508,1238,210.64,0.050514,0.1701
2026-07-29,FL,Search | Nonbrand,paid_search,24921,1230,228.18,0.049356,0.1855
2026-07-30,FL,Search | Nonbrand,paid_search,26615,1265,225.55,0.04753,0.1783
2026-07-31,FL,Search | Nonbrand,paid_search,25684,989,210.39,0.038506,0.2127
2026-08-01,FL,Search | Nonbrand,paid_search,25828,1275,227.77,0.049365,0.1786
2026-08-02,FL,Search | Nonbrand,paid_search,20168,989,189.04,0.049038,0.1911
2026-07-27,FL,Shopping | Instruments,shopping,20240,821,175.39,0.040563,0.2136
2026-07-28,FL,Shopping | Instruments,shopping,24948,634,184.61,0.025413,0.2912
2026-07-29,FL,Shopping | Instruments,shopping,18452,810,144.05,0.043898,0.1778
2026-07-30,FL,Shopping | Instruments,shopping,25989,805,141.16,0.030975,0.1754
2026-07-31,FL,Shopping | Instruments,shopping,24705,622,160.41,0.025177,0.2579
2026-08-01,FL,Shopping | Instruments,shopping,22598,700,184.56,0.030976,0.2637
2026-08-02,FL,Shopping | Instruments,shopping,25531,666,179.55,0.026086,0.2696
2026-07-27,NY,Search | Brand,paid_search,15560,1436,116.73,0.092288,0.0813
2026-07-28,NY,Search | Brand,paid_search,21244,1939,117.28,0.091273,0.0605
2026-07-29,NY,Search | Brand,paid_search,21971,2007,135.45,0.091348,0.0675
2026-07-30,NY,Search | Brand,paid_search,22528,1684,140.04,0.074751,0.0832
2026-07-31,NY,Search | Brand,paid_search,21927,1688,100.38,0.076983,0.0595
2026-08-01,NY,Search | Brand,paid_search,19352,1832,109.28,0.094667,0.0596
2026-08-02,NY,Search | Brand,paid_search,20351,1348,109.85,0.066238,0.0815
2026-07-27,NY,Search | Nonbrand,paid_search,21883,982,248.41,0.044875,0.253
2026-07-28,NY,Search | Nonbrand,paid_search,29106,1352,238.26,0.046451,0.1762
2026-07-29,NY,Search | Nonbrand,paid_search,27821,1366,171.38,0.0491,0.1255
2026-07-30,NY,Search | Nonbrand,paid_search,28419,1051,230.68,0.036982,0.2195
2026-07-31,NY,Search | Nonbrand,paid_search,21958,1215,183.64,0.055333,0.1511
2026-08-01,NY,Search | Nonbrand,paid_search,21392,1202,214.31,0.056189,0.1783
2026-08-02,NY,Search | Nonbrand,paid_search,28026,924,249.33,0.032969,0.2698
2026-07-27,NY,Shopping | Instruments,shopping,18241,759,141.76,0.04161,0.1868
2026-07-28,NY,Shopping | Instruments,shopping,17292,550,159.23,0.031807,0.2895
2026-07-29,NY,Shopping | Instruments,shopping,17130,753,151.32,0.043958,0.201
2026-07-30,NY,Shopping | Instruments,shopping,23980,537,157.39,0.022394,0.2931
2026-07-31,NY,Shopping | Instruments,shopping,23444,554,132.58,0.023631,0.2393
2026-08-01,NY,Shopping | Instruments,shopping,26124,737,143.27,0.028212,0.1944
2026-08-02,NY,Shopping | Instruments,shopping,19109,621,160.76,0.032498,0.2589
