week_start,geo,campaign_name,channel,impressions,clicks,amount_spent,ctr,cpc
01/01/2024,CA,Prospecting | Guitar Players,Meta,105501,1392,"$1,107.76",1.319%,0.7959
01/01/2024,CA,Retargeting | Site Visitors,Paid Social,53541,1113,$685.33,2.078%,0.6159
01/01/2024,CA,Catalog | Best Sellers,paid_social,71188,1173,$811.54,1.647%,0.692
01/01/2024,TX,Prospecting | Guitar Players,Meta,100071,1319,"$1,050.75",1.318%,0.7965
01/01/2024,TX,Retargeting | Site Visitors,Paid Social,50147,1010,$641.88,2.013%,0.6357
01/01/2024,TX,Catalog | Best Sellers,paid_social,75509,1357,$860.81,1.798%,0.6341
01/01/2024,FL,Prospecting | Guitar Players,Meta,76482,1042,$803.06,1.362%,0.7707
01/01/2024,FL,Retargeting | Site Visitors,Paid Social,44701,922,$572.17,2.063%,0.6205
01/01/2024,FL,Catalog | Best Sellers,paid_social,63859,1156,$727.99,1.810%,0.63
01/01/2024,NY,Prospecting | Guitar Players,Meta,95924,1322,"$1,007.20",1.378%,0.7619
01/01/2024,NY,Retargeting | Site Visitors,Paid Social,47645,1028,$609.85,2.159%,0.593
01/01/2024,NY,Catalog | Best Sellers,paid_social,60470,1042,$689.36,1.723%,0.6616
01/08/2024,CA,Prospecting | Guitar Players,Paid Social,109364,1618,"$1,148.32",1.479%,0.7098
01/08/2024,CA,Retargeting | Site Visitors,paid_social,52233,1097,$668.59,2.100%,0.6097
01/08/2024,CA,Catalog | Best Sellers,Meta,76661,1265,$873.93,1.650%,0.6908
01/08/2024,TX,Prospecting | Guitar Players,Paid Social,92285,1308,$968.99,1.418%,0.7407
01/08/2024,TX,Retargeting | Site Visitors,paid_social,52652,1133,$673.94,2.152%,0.5948
01/08/2024,TX,Catalog | Best Sellers,Meta,70432,1160,$802.92,1.647%,0.6923
01/08/2024,FL,Prospecting | Guitar Players,Paid Social,83971,1196,$881.70,1.424%,0.7372
01/08/2024,FL,Retargeting | Site Visitors,paid_social,42490,861,$543.87,2.028%,0.6313
01/08/2024,FL,Catalog | Best Sellers,Meta,58088,977,$662.20,1.682%,0.6776
01/08/2024,NY,Prospecting | Guitar Players,Paid Social,86047,1194,$903.50,1.388%,0.7565
01/08/2024,NY,Retargeting | Site Visitors,paid_social,46919,942,$600.56,2.008%,0.6375
01/08/2024,NY,Catalog | Best Sellers,Meta,62175,1122,$708.79,1.805%,0.6316
01/15/2024,CA,Prospecting | Guitar Players,paid_social,108453,1597,"$1,138.76",1.472%,0.7131
01/15/2024,CA,Retargeting | Site Visitors,Meta,59686,1327,$763.99,2.224%,0.5757
01/15/2024,CA,Catalog | Best Sellers,Paid Social,67010,1155,$763.91,1.724%,0.6612
01/15/2024,TX,Prospecting | Guitar Players,paid_social,82228,1076,$863.39,1.309%,0.802
01/15/2024,TX,Retargeting | Site Visitors,Meta,49591,1025,$634.77,2.068%,0.6191
01/15/2024,TX,Catalog | Best Sellers,Paid Social,68373,1160,$779.45,1.696%,0.6721
01/15/2024,FL,Prospecting | Guitar Players,paid_social,81964,1108,$860.63,1.352%,0.7766
01/15/2024,FL,Retargeting | Site Visitors,Meta,35350,778,$452.47,2.202%,0.5814
01/15/2024,FL,Catalog | Best Sellers,Paid Social,52156,875,$594.58,1.678%,0.6795
01/15/2024,NY,Prospecting | Guitar Players,paid_social,82524,1083,$866.50,1.313%,0.7998
01/15/2024,NY,Retargeting | Site Visitors,Meta,42048,902,$538.21,2.146%,0.5966
01/15/2024,NY,Catalog | Best Sellers,Paid Social,50543,819,$576.19,1.621%,0.7034
01/22/2024,CA,Prospecting | Guitar Players,Meta,103673,1538,"$1,088.56",1.483%,0.7079
01/22/2024,CA,Retargeting | Site Visitors,Paid Social,56354,1136,$721.34,2.016%,0.635
01/22/2024,CA,Catalog | Best Sellers,paid_social,73039,1199,$832.65,1.641%,0.6947
01/22/2024,TX,Prospecting | Guitar Players,Meta,94179,1390,$988.88,1.476%,0.7115
01/22/2024,TX,Retargeting | Site Visitors,Paid Social,52640,1038,$673.79,1.972%,0.6489
01/22/2024,TX,Catalog | Best Sellers,paid_social,60656,1087,$691.48,1.792%,0.6361
01/22/2024,FL,Prospecting | Guitar Players,Meta,79371,1058,$833.39,1.333%,0.7876
01/22/2024,FL,Retargeting | Site Visitors,Paid Social,37050,771,$474.24,2.080%,0.6153
01/22/2024,FL,Catalog | Best Sellers,paid_social,50075,856,$570.86,1.709%,0.6669
01/22/2024,NY,Prospecting | Guitar Players,Meta,74910,1030,$786.56,1.375%,0.7638
01/22/2024,NY,Retargeting | Site Visitors,Paid Social,44981,1000,$575.75,2.223%,0.5757
01/22/2024,NY,Catalog | Best Sellers,paid_social,63930,1027,$728.80,1.607%,0.7093
01/29/2024,CA,Prospecting | Guitar Players,Paid Social,118184,1673,"$1,240.93",1.415%,0.7419
01/29/2024,CA,Retargeting | Site Visitors,paid_social,65081,1310,$833.04,2.013%,0.636
01/29/2024,CA,Catalog | Best Sellers,Meta,71850,1213,$819.09,1.688%,0.6753
01/29/2024,TX,Prospecting | Guitar Players,Paid Social,89638,1228,$941.20,1.370%,0.7663
01/29/2024,TX,Retargeting | Site Visitors,paid_social,54629,1083,$699.25,1.983%,0.6454
01/29/2024,TX,Catalog | Best Sellers,Meta,66503,1111,$758.13,1.670%,0.6825
01/29/2024,FL,Prospecting | Guitar Players,Paid Social,72099,1050,$757.04,1.456%,0.721
01/29/2024,FL,Retargeting | Site Visitors,paid_social,46515,983,$595.39,2.114%,0.6055
01/29/2024,FL,Catalog | Best Sellers,Meta,47932,793,$546.43,1.654%,0.6892
01/29/2024,NY,Prospecting | Guitar Players,Paid Social,96037,1429,"$1,008.39",1.488%,0.7055
01/29/2024,NY,Retargeting | Site Visitors,paid_social,41228,814,$527.71,1.973%,0.6487
01/29/2024,NY,Catalog | Best Sellers,Meta,64553,1104,$735.90,1.710%,0.6667
02/05/2024,CA,Prospecting | Guitar Players,paid_social,125774,1721,"$1,320.62",1.368%,0.7675
02/05/2024,CA,Retargeting | Site Visitors,Meta,57727,1201,$738.90,2.080%,0.6153
02/05/2024,CA,Catalog | Best Sellers,Paid Social,86765,1512,$989.13,1.742%,0.6542
02/05/2024,TX,Prospecting | Guitar Players,paid_social,90174,1287,$946.83,1.427%,0.7357
02/05/2024,TX,Retargeting | Site Visitors,Meta,43446,905,$556.11,2.082%,0.6147
02/05/2024,TX,Catalog | Best Sellers,Paid Social,58224,960,$663.75,1.648%,0.6916
02/05/2024,FL,Prospecting | Guitar Players,paid_social,85396,1237,$896.65,1.448%,0.7251
02/05/2024,FL,Retargeting | Site Visitors,Meta,39101,832,$500.49,2.128%,0.6016
02/05/2024,FL,Catalog | Best Sellers,Paid Social,48717,835,$555.38,1.713%,0.6655
02/05/2024,NY,Prospecting | Guitar Players,paid_social,87636,1173,$920.18,1.339%,0.7843
02/05/2024,NY,Retargeting | Site Visitors,Meta,46070,983,$589.69,2.133%,0.6002
02/05/2024,NY,Catalog | Best Sellers,Paid Social,65533,1189,$747.07,1.814%,0.6284
02/12/2024,CA,Prospecting | Guitar Players,Meta,113860,1549,"$1,195.53",1.361%,0.7717
02/12/2024,CA,Retargeting | Site Visitors,Paid Social,60059,1248,$768.75,2.078%,0.616
02/12/2024,CA,Catalog | Best Sellers,paid_social,73716,1258,$840.37,1.707%,0.6679
02/12/2024,TX,Prospecting | Guitar Players,Meta,110576,1548,"$1,161.05",1.400%,0.7499
02/12/2024,TX,Retargeting | Site Visitors,Paid Social,45025,886,$576.32,1.967%,0.6506
02/12/2024,TX,Catalog | Best Sellers,paid_social,74594,1286,$850.37,1.724%,0.6612
02/12/2024,FL,Prospecting | Guitar Players,Meta,78364,1136,$822.82,1.450%,0.724
02/12/2024,FL,Retargeting | Site Visitors,Paid Social,40812,807,$522.40,1.977%,0.6473
02/12/2024,FL,Catalog | Best Sellers,paid_social,49108,859,$559.83,1.749%,0.6517
02/12/2024,NY,Prospecting | Guitar Players,Meta,77036,1056,$808.87,1.371%,0.766
02/12/2024,NY,Retargeting | Site Visitors,Paid Social,40475,835,$518.08,2.062%,0.6207
02/12/2024,NY,Catalog | Best Sellers,paid_social,50639,876,$577.29,1.729%,0.6592
02/19/2024,CA,Prospecting | Guitar Players,Paid Social,130529,1782,"$1,370.55",1.365%,0.769
02/19/2024,CA,Retargeting | Site Visitors,paid_social,66680,1400,$853.51,2.100%,0.6094
02/19/2024,CA,Catalog | Best Sellers,Meta,85239,1398,$971.72,1.640%,0.6952
02/19/2024,TX,Prospecting | Guitar Players,Paid Social,111798,1463,"$1,173.88",1.308%,0.8026
02/19/2024,TX,Retargeting | Site Visitors,paid_social,51871,1034,$663.95,1.993%,0.6424
02/19/2024,TX,Catalog | Best Sellers,Meta,60208,979,$686.37,1.626%,0.7011
02/19/2024,FL,Prospecting | Guitar Players,Paid Social,74694,1098,$784.28,1.470%,0.7141
02/19/2024,FL,Retargeting | Site Visitors,paid_social,41610,825,$532.61,1.982%,0.6458
02/19/2024,FL,Catalog | Best Sellers,Meta,59050,981,$673.17,1.662%,0.6861
02/19/2024,NY,Prospecting | Guitar Players,Paid Social,97182,1316,"$1,020.41",1.355%,0.7752
02/19/2024,NY,Retargeting | Site Visitors,paid_social,42439,941,$543.22,2.218%,0.5771
02/19/2024,NY,Catalog | Best Sellers,Meta,61223,1072,$697.94,1.750%,0.6512
02/26/2024,CA,Prospecting | Guitar Players,paid_social,128714,1785,"$1,351.50",1.387%,0.7571
02/26/2024,CA,Retargeting | Site Visitors,Meta,57563,1284,$736.81,2.230%,0.5739
02/26/2024,CA,Catalog | Best Sellers,Paid Social,75148,1213,$856.69,1.614%,0.7065
02/26/2024,TX,Prospecting | Guitar Players,paid_social,110774,1451,"$1,163.13",1.310%,0.8016
02/26/2024,TX,Retargeting | Site Visitors,Meta,50654,1117,$648.38,2.206%,0.5803
02/26/2024,TX,Catalog | Best Sellers,Paid Social,63781,1109,$727.10,1.738%,0.6559
02/26/2024,FL,Prospecting | Guitar Players,paid_social,77724,1044,$816.10,1.343%,0.7817
02/26/2024,FL,Retargeting | Site Visitors,Meta,42214,851,$540.34,2.015%,0.6351
02/26/2024,FL,Catalog | Best Sellers,Paid Social,52943,931,$603.55,1.758%,0.6484
02/26/2024,NY,Prospecting | Guitar Players,paid_social,90121,1221,$946.27,1.355%,0.7752
02/26/2024,NY,Retargeting | Site Visitors,Meta,42147,859,$539.48,2.038%,0.628
02/26/2024,NY,Catalog | Best Sellers,Paid Social,55939,969,$637.71,1.733%,0.6578
03/04/2024,CA,Prospecting | Guitar Players,Meta,126581,1810,"$1,329.10",1.430%,0.7344
03/04/2024,CA,Retargeting | Site Visitors,Paid Social,57906,1137,$741.19,1.963%,0.6521
03/04/2024,CA,Catalog | Best Sellers,paid_social,88452,1417,"$1,008.35",1.602%,0.7115
03/04/2024,TX,Prospecting | Guitar Players,Meta,107624,1456,"$1,130.05",1.353%,0.7763
03/04/2024,TX,Retargeting | Site Visitors,Paid Social,49690,1096,$636.04,2.205%,0.5806
03/04/2024,TX,Catalog | Best Sellers,paid_social,68939,1190,$785.91,1.726%,0.6605
03/04/2024,FL,Prospecting | Guitar Players,Meta,79280,1046,$832.44,1.319%,0.7962
03/04/2024,FL,Retargeting | Site Visitors,Paid Social,43609,917,$558.20,2.103%,0.6088
03/04/2024,FL,Catalog | Best Sellers,paid_social,50160,849,$571.82,1.692%,0.6736
03/04/2024,NY,Prospecting | Guitar Players,Meta,100109,1310,"$1,051.14",1.309%,0.8022
03/04/2024,NY,Retargeting | Site Visitors,Paid Social,46318,936,$592.87,2.021%,0.6334
03/04/2024,NY,Catalog | Best Sellers,paid_social,63594,1030,$724.97,1.620%,0.7039
03/11/2024,CA,Prospecting | Guitar Players,Paid Social,136302,1797,"$1,431.17",1.318%,0.7965
03/11/2024,CA,Retargeting | Site Visitors,paid_social,52870,1064,$676.74,2.013%,0.6358
03/11/2024,CA,Catalog | Best Sellers,Meta,89066,1499,"$1,015.36",1.683%,0.6775
03/11/2024,TX,Prospecting | Guitar Players,Paid Social,103851,1490,"$1,090.43",1.435%,0.7318
03/11/2024,TX,Retargeting | Site Visitors,paid_social,51434,1068,$658.36,2.077%,0.6162
03/11/2024,TX,Catalog | Best Sellers,Meta,70910,1179,$808.38,1.663%,0.6856
03/11/2024,FL,Prospecting | Guitar Players,Paid Social,80562,1052,$845.90,1.306%,0.8041
03/11/2024,FL,Retargeting | Site Visitors,paid_social,39631,777,$507.27,1.961%,0.6529
03/11/2024,FL,Catalog | Best Sellers,Meta,62469,1125,$712.15,1.800%,0.6333
03/11/2024,NY,Prospecting | Guitar Players,Paid Social,78709,1039,$826.44,1.320%,0.7953
03/11/2024,NY,Retargeting | Site Visitors,paid_social,47570,1005,$608.89,2.113%,0.6058
03/11/2024,NY,Catalog | Best Sellers,Meta,66123,1130,$753.80,1.708%,0.6673
03/18/2024,CA,Prospecting | Guitar Players,paid_social,119929,1789,"$1,259.26",1.491%,0.7041
03/18/2024,CA,Retargeting | Site Visitors,Meta,59207,1276,$757.85,2.155%,0.5939
03/18/2024,CA,Catalog | Best Sellers,Paid Social,91918,1582,"$1,047.86",1.721%,0.6625
03/18/2024,TX,Prospecting | Guitar Players,paid_social,91264,1280,$958.27,1.403%,0.7485
03/18/2024,TX,Retargeting | Site Visitors,Meta,52051,1095,$666.26,2.103%,0.6086
03/18/2024,TX,Catalog | Best Sellers,Paid Social,68700,1113,$783.18,1.620%,0.7038
03/18/2024,FL,Prospecting | Guitar Players,paid_social,84146,1199,$883.53,1.425%,0.737
03/18/2024,FL,Retargeting | Site Visitors,Meta,40895,834,$523.45,2.039%,0.6278
03/18/2024,FL,Catalog | Best Sellers,Paid Social,64769,1080,$738.37,1.668%,0.6836
03/18/2024,NY,Prospecting | Guitar Players,paid_social,97178,1407,"$1,020.37",1.448%,0.7253
03/18/2024,NY,Retargeting | Site Visitors,Meta,41593,844,$532.38,2.030%,0.6305
03/18/2024,NY,Catalog | Best Sellers,Paid Social,54360,906,$619.70,1.667%,0.6839
03/25/2024,CA,Prospecting | Guitar Players,Meta,120377,1631,"$1,263.96",1.355%,0.7749
03/25/2024,CA,Retargeting | Site Visitors,Paid Social,63912,1343,$818.07,2.102%,0.6089
03/25/2024,CA,Catalog | Best Sellers,paid_social,88732,1439,"$1,011.55",1.621%,0.7032
03/25/2024,TX,Prospecting | Guitar Players,Meta,111259,1532,"$1,168.22",1.377%,0.7625
03/25/2024,TX,Retargeting | Site Visitors,Paid Social,55455,1223,$709.83,2.205%,0.5806
03/25/2024,TX,Catalog | Best Sellers,paid_social,71005,1205,$809.45,1.697%,0.6717
03/25/2024,FL,Prospecting | Guitar Players,Meta,91044,1353,$955.96,1.486%,0.7065
03/25/2024,FL,Retargeting | Site Visitors,Paid Social,48017,981,$614.62,2.043%,0.6265
03/25/2024,FL,Catalog | Best Sellers,paid_social,62265,1053,$709.82,1.691%,0.6742
03/25/2024,NY,Prospecting | Guitar Players,Meta,95602,1374,"$1,003.83",1.437%,0.7306
03/25/2024,NY,Retargeting | Site Visitors,Paid Social,44102,935,$564.50,2.120%,0.6039
03/25/2024,NY,Catalog | Best Sellers,paid_social,54093,963,$616.66,1.781%,0.6401
04/01/2024,CA,Prospecting | Guitar Players,Paid Social,139875,1969,"$1,468.69",1.407%,0.7461
04/01/2024,CA,Retargeting | Site Visitors,paid_social,59012,1312,$755.36,2.223%,0.5759
04/01/2024,CA,Catalog | Best Sellers,Meta,85618,1521,$976.04,1.776%,0.6419
04/01/2024,TX,Prospecting | Guitar Players,Paid Social,112197,1508,"$1,178.06",1.344%,0.7812
04/01/2024,TX,Retargeting | Site Visitors,paid_social,53599,1098,$686.07,2.048%,0.6249
04/01/2024,TX,Catalog | Best Sellers,Meta,71023,1223,$809.66,1.722%,0.662
04/01/2024,FL,Prospecting | Guitar Players,Paid Social,100789,1354,"$1,058.29",1.344%,0.7814
04/01/2024,FL,Retargeting | Site Visitors,paid_social,50200,1076,$642.56,2.143%,0.5974
04/01/2024,FL,Catalog | Best Sellers,Meta,69026,1194,$786.90,1.729%,0.6593
04/01/2024,NY,Prospecting | Guitar Players,Paid Social,98716,1456,"$1,036.52",1.475%,0.7117
04/01/2024,NY,Retargeting | Site Visitors,paid_social,52128,1161,$667.24,2.227%,0.5748
04/01/2024,NY,Catalog | Best Sellers,Meta,72180,1271,$822.85,1.761%,0.6473
04/08/2024,CA,Prospecting | Guitar Players,paid_social,132440,1827,"$1,390.62",1.380%,0.761
04/08/2024,CA,Retargeting | Site Visitors,Meta,68157,1522,$872.41,2.234%,0.5731
04/08/2024,CA,Catalog | Best Sellers,Paid Social,92989,1641,"$1,060.08",1.765%,0.6458
04/08/2024,TX,Prospecting | Guitar Players,paid_social,96524,1342,"$1,013.50",1.390%,0.7553
04/08/2024,TX,Retargeting | Site Visitors,Meta,54152,1112,$693.15,2.053%,0.6234
04/08/2024,TX,Catalog | Best Sellers,Paid Social,61147,1023,$697.08,1.674%,0.6811
04/08/2024,FL,Prospecting | Guitar Players,paid_social,96537,1275,"$1,013.64",1.320%,0.7952
04/08/2024,FL,Retargeting | Site Visitors,Meta,45144,958,$577.85,2.121%,0.6034
04/08/2024,FL,Catalog | Best Sellers,Paid Social,63037,1019,$718.62,1.617%,0.705
04/08/2024,NY,Prospecting | Guitar Players,paid_social,79687,1045,$836.72,1.311%,0.801
04/08/2024,NY,Retargeting | Site Visitors,Meta,42562,859,$544.79,2.017%,0.6345
04/08/2024,NY,Catalog | Best Sellers,Paid Social,55560,968,$633.38,1.742%,0.6543
04/15/2024,CA,Prospecting | Guitar Players,Meta,110191,1503,"$1,157.01",1.364%,0.7699
04/15/2024,CA,Retargeting | Site Visitors,Paid Social,65259,1377,$835.31,2.110%,0.6067
04/15/2024,CA,Catalog | Best Sellers,paid_social,74554,1265,$849.91,1.697%,0.6719
04/15/2024,TX,Prospecting | Guitar Players,Meta,97963,1425,"$1,028.61",1.454%,0.7219
04/15/2024,TX,Retargeting | Site Visitors,Paid Social,53697,1189,$687.32,2.215%,0.5779
04/15/2024,TX,Catalog | Best Sellers,paid_social,69934,1244,$797.24,1.779%,0.6408
04/15/2024,FL,Prospecting | Guitar Players,Meta,79855,1058,$838.48,1.324%,0.7929
04/15/2024,FL,Retargeting | Site Visitors,Paid Social,43738,913,$559.85,2.088%,0.6131
04/15/2024,FL,Catalog | Best Sellers,paid_social,59306,982,$676.09,1.656%,0.6882
04/15/2024,NY,Prospecting | Guitar Players,Meta,78148,1021,$820.55,1.307%,0.8033
04/15/2024,NY,Retargeting | Site Visitors,Paid Social,47520,1032,$608.25,2.172%,0.5892
04/15/2024,NY,Catalog | Best Sellers,paid_social,61942,1019,$706.14,1.645%,0.6931
04/22/2024,CA,Prospecting | Guitar Players,Paid Social,138250,1835,"$1,451.63",1.327%,0.7913
04/22/2024,CA,Retargeting | Site Visitors,paid_social,59475,1191,$761.28,2.003%,0.6391
04/22/2024,CA,Catalog | Best Sellers,Meta,85909,1419,$979.36,1.652%,0.6901
04/22/2024,TX,Prospecting | Guitar Players,Paid Social,114686,1583,"$1,204.20",1.380%,0.7606
04/22/2024,TX,Retargeting | Site Visitors,paid_social,54489,1207,$697.46,2.215%,0.578
04/22/2024,TX,Catalog | Best Sellers,Meta,76906,1339,$876.73,1.741%,0.6549
04/22/2024,FL,Prospecting | Guitar Players,Paid Social,92564,1328,$971.92,1.434%,0.7321
04/22/2024,FL,Retargeting | Site Visitors,paid_social,38389,751,$491.38,1.956%,0.6545
04/22/2024,FL,Catalog | Best Sellers,Meta,51092,849,$582.45,1.662%,0.6861
04/22/2024,NY,Prospecting | Guitar Players,Paid Social,80667,1054,$847.01,1.306%,0.8038
04/22/2024,NY,Retargeting | Site Visitors,paid_social,46996,1028,$601.54,2.188%,0.585
04/22/2024,NY,Catalog | Best Sellers,Meta,61035,1037,$695.80,1.698%,0.6712
04/29/2024,CA,Prospecting | Guitar Players,paid_social,128212,1810,"$1,346.23",1.412%,0.7438
04/29/2024,CA,Retargeting | Site Visitors,Meta,58924,1189,$754.22,2.019%,0.6341
04/29/2024,CA,Catalog | Best Sellers,Paid Social,76113,1341,$867.68,1.762%,0.647
04/29/2024,TX,Prospecting | Guitar Players,paid_social,110913,1551,"$1,164.58",1.399%,0.7507
04/29/2024,TX,Retargeting | Site Visitors,Meta,45410,888,$581.25,1.955%,0.6548
04/29/2024,TX,Catalog | Best Sellers,Paid Social,66234,1161,$755.06,1.753%,0.6505
04/29/2024,FL,Prospecting | Guitar Players,paid_social,95536,1389,"$1,003.13",1.453%,0.7224
04/29/2024,FL,Retargeting | Site Visitors,Meta,48128,1064,$616.04,2.211%,0.579
04/29/2024,FL,Catalog | Best Sellers,Paid Social,52342,905,$596.69,1.730%,0.6591
04/29/2024,NY,Prospecting | Guitar Players,paid_social,90971,1240,$955.19,1.364%,0.77
04/29/2024,NY,Retargeting | Site Visitors,Meta,48271,955,$617.86,1.978%,0.6472
04/29/2024,NY,Catalog | Best Sellers,Paid Social,64956,1132,$740.49,1.743%,0.6542
05/06/2024,CA,Prospecting | Guitar Players,Meta,121013,1791,"$1,270.64",1.480%,0.7093
05/06/2024,CA,Retargeting | Site Visitors,Paid Social,65208,1309,$834.66,2.007%,0.6376
05/06/2024,CA,Catalog | Best Sellers,paid_social,80495,1318,$917.64,1.637%,0.6964
05/06/2024,TX,Prospecting | Guitar Players,Meta,90285,1325,$947.99,1.468%,0.7152
05/06/2024,TX,Retargeting | Site Visitors,Paid Social,47643,996,$609.83,2.091%,0.612
05/06/2024,TX,Catalog | Best Sellers,paid_social,75306,1230,$858.49,1.633%,0.6982
05/06/2024,FL,Prospecting | Guitar Players,Meta,81268,1078,$853.31,1.326%,0.7917
05/06/2024,FL,Retargeting | Site Visitors,Paid Social,44399,904,$568.31,2.035%,0.6289
05/06/2024,FL,Catalog | Best Sellers,paid_social,59629,1019,$679.77,1.709%,0.667
05/06/2024,NY,Prospecting | Guitar Players,Meta,100213,1465,"$1,052.24",1.462%,0.718
05/06/2024,NY,Retargeting | Site Visitors,Paid Social,39900,888,$510.72,2.226%,0.5751
05/06/2024,NY,Catalog | Best Sellers,paid_social,66615,1085,$759.42,1.628%,0.7002
05/13/2024,CA,Prospecting | Guitar Players,Paid Social,118065,1644,"$1,239.69",1.393%,0.754
05/13/2024,CA,Retargeting | Site Visitors,paid_social,60877,1361,$779.23,2.235%,0.5726
05/13/2024,CA,Catalog | Best Sellers,Meta,81994,1378,$934.73,1.680%,0.6784
05/13/2024,TX,Prospecting | Guitar Players,Paid Social,101485,1399,"$1,065.59",1.378%,0.7619
05/13/2024,TX,Retargeting | Site Visitors,paid_social,55913,1209,$715.69,2.163%,0.5919
05/13/2024,TX,Catalog | Best Sellers,Meta,73160,1182,$834.03,1.615%,0.7057
05/13/2024,FL,Prospecting | Guitar Players,Paid Social,81858,1173,$859.51,1.433%,0.7326
05/13/2024,FL,Retargeting | Site Visitors,paid_social,46372,966,$593.56,2.082%,0.6147
05/13/2024,FL,Catalog | Best Sellers,Meta,60635,1004,$691.24,1.656%,0.6884
05/13/2024,NY,Prospecting | Guitar Players,Paid Social,93757,1393,$984.45,1.486%,0.7066
05/13/2024,NY,Retargeting | Site Visitors,paid_social,39534,876,$506.04,2.215%,0.5778
05/13/2024,NY,Catalog | Best Sellers,Meta,62199,1040,$709.07,1.672%,0.682
05/20/2024,CA,Prospecting | Guitar Players,paid_social,115422,1635,"$1,211.93",1.416%,0.7414
05/20/2024,CA,Retargeting | Site Visitors,Meta,66162,1484,$846.87,2.243%,0.5705
05/20/2024,CA,Catalog | Best Sellers,Paid Social,73498,1208,$837.88,1.643%,0.6937
05/20/2024,TX,Prospecting | Guitar Players,paid_social,95587,1413,"$1,003.66",1.478%,0.7103
05/20/2024,TX,Retargeting | Site Visitors,Meta,47545,1023,$608.57,2.153%,0.5946
05/20/2024,TX,Catalog | Best Sellers,Paid Social,69332,1124,$790.39,1.621%,0.7033
05/20/2024,FL,Prospecting | Guitar Players,paid_social,88100,1286,$925.05,1.460%,0.7194
05/20/2024,FL,Retargeting | Site Visitors,Meta,44975,989,$575.67,2.200%,0.5818
05/20/2024,FL,Catalog | Best Sellers,Paid Social,64966,1123,$740.61,1.729%,0.6593
05/20/2024,NY,Prospecting | Guitar Players,paid_social,80561,1142,$845.89,1.417%,0.7409
05/20/2024,NY,Retargeting | Site Visitors,Meta,50436,1004,$645.58,1.992%,0.6427
05/20/2024,NY,Catalog | Best Sellers,Paid Social,64376,1125,$733.89,1.747%,0.6524
05/27/2024,CA,Prospecting | Guitar Players,Meta,119856,1788,"$1,258.49",1.492%,0.7038
05/27/2024,CA,Retargeting | Site Visitors,Paid Social,64870,1420,$830.34,2.189%,0.5848
05/27/2024,CA,Catalog | Best Sellers,paid_social,83390,1502,$950.64,1.801%,0.6328
05/27/2024,TX,Prospecting | Guitar Players,Meta,107315,1537,"$1,126.81",1.432%,0.7334
05/27/2024,TX,Retargeting | Site Visitors,Paid Social,55405,1187,$709.18,2.143%,0.5973
05/27/2024,TX,Catalog | Best Sellers,paid_social,71134,1236,$810.93,1.738%,0.656
05/27/2024,FL,Prospecting | Guitar Players,Meta,77374,1064,$812.43,1.376%,0.7633
05/27/2024,FL,Retargeting | Site Visitors,Paid Social,38643,826,$494.63,2.138%,0.5986
05/27/2024,FL,Catalog | Best Sellers,paid_social,54814,892,$624.87,1.627%,0.7007
05/27/2024,NY,Prospecting | Guitar Players,Meta,76895,1147,$807.40,1.491%,0.7042
05/27/2024,NY,Retargeting | Site Visitors,Paid Social,47229,945,$604.53,2.000%,0.64
05/27/2024,NY,Catalog | Best Sellers,paid_social,59055,962,$673.23,1.628%,0.7001
06/03/2024,CA,Prospecting | Guitar Players,Paid Social,131566,1870,"$1,381.45",1.422%,0.7386
06/03/2024,CA,Retargeting | Site Visitors,paid_social,56749,1201,$726.39,2.117%,0.6046
06/03/2024,CA,Catalog | Best Sellers,Meta,81138,1418,$924.97,1.747%,0.6525
06/03/2024,TX,Prospecting | Guitar Players,Paid Social,93633,1325,$983.14,1.416%,0.7418
06/03/2024,TX,Retargeting | Site Visitors,paid_social,53854,1134,$689.33,2.106%,0.6079
06/03/2024,TX,Catalog | Best Sellers,Meta,69424,1250,$791.44,1.801%,0.633
06/03/2024,FL,Prospecting | Guitar Players,Paid Social,95262,1367,"$1,000.25",1.434%,0.732
06/03/2024,FL,Retargeting | Site Visitors,paid_social,44977,891,$575.70,1.981%,0.6462
06/03/2024,FL,Catalog | Best Sellers,Meta,61446,991,$700.48,1.613%,0.7068
06/03/2024,NY,Prospecting | Guitar Players,Paid Social,93570,1299,$982.48,1.388%,0.7564
06/03/2024,NY,Retargeting | Site Visitors,paid_social,48143,1037,$616.23,2.153%,0.5945
06/03/2024,NY,Catalog | Best Sellers,Meta,61918,1077,$705.87,1.740%,0.6551
06/10/2024,CA,Prospecting | Guitar Players,paid_social,119737,1625,"$1,257.23",1.357%,0.7737
06/10/2024,CA,Retargeting | Site Visitors,Meta,52592,1049,$673.17,1.994%,0.6418
06/10/2024,CA,Catalog | Best Sellers,Paid Social,82635,1392,$942.04,1.684%,0.6768
06/10/2024,TX,Prospecting | Guitar Players,paid_social,90586,1277,$951.15,1.409%,0.7451
06/10/2024,TX,Retargeting | Site Visitors,Meta,54805,1114,$701.51,2.033%,0.6297
06/10/2024,TX,Catalog | Best Sellers,Paid Social,67957,1158,$774.71,1.703%,0.6692
06/10/2024,FL,Prospecting | Guitar Players,paid_social,86102,1231,$904.07,1.429%,0.7346
06/10/2024,FL,Retargeting | Site Visitors,Meta,44427,869,$568.66,1.956%,0.6545
06/10/2024,FL,Catalog | Best Sellers,Paid Social,50116,902,$571.33,1.800%,0.6334
06/10/2024,NY,Prospecting | Guitar Players,paid_social,86867,1205,$912.10,1.387%,0.7571
06/10/2024,NY,Retargeting | Site Visitors,Meta,46560,973,$595.97,2.089%,0.6128
06/10/2024,NY,Catalog | Best Sellers,Paid Social,51090,893,$582.43,1.748%,0.652
06/17/2024,CA,Prospecting | Guitar Players,Meta,120471,1665,"$1,264.95",1.382%,0.7598
06/17/2024,CA,Retargeting | Site Visitors,Paid Social,60183,1322,$770.34,2.197%,0.5826
06/17/2024,CA,Catalog | Best Sellers,paid_social,75272,1256,$858.10,1.669%,0.6832
06/17/2024,TX,Prospecting | Guitar Players,Meta,108686,1614,"$1,141.20",1.485%,0.7069
06/17/2024,TX,Retargeting | Site Visitors,Paid Social,53966,1065,$690.77,1.974%,0.6485
06/17/2024,TX,Catalog | Best Sellers,paid_social,64967,1049,$740.62,1.614%,0.7063
06/17/2024,FL,Prospecting | Guitar Players,Meta,88833,1296,$932.75,1.459%,0.7195
06/17/2024,FL,Retargeting | Site Visitors,Paid Social,37586,744,$481.10,1.979%,0.6468
06/17/2024,FL,Catalog | Best Sellers,paid_social,58953,1005,$672.07,1.705%,0.6684
06/17/2024,NY,Prospecting | Guitar Players,Meta,90444,1246,$949.66,1.378%,0.762
06/17/2024,NY,Retargeting | Site Visitors,Paid Social,48201,944,$616.98,1.959%,0.6534
06/17/2024,NY,Catalog | Best Sellers,paid_social,50809,879,$579.23,1.731%,0.6586
06/24/2024,CA,Prospecting | Guitar Players,Paid Social,109302,1577,"$1,147.67",1.443%,0.7276
06/24/2024,CA,Retargeting | Site Visitors,paid_social,58621,1249,$750.35,2.130%,0.6008
06/24/2024,CA,Catalog | Best Sellers,Meta,71124,1272,$810.81,1.788%,0.6375
06/24/2024,TX,Prospecting | Guitar Players,Paid Social,97734,1431,"$1,026.21",1.464%,0.7174
06/24/2024,TX,Retargeting | Site Visitors,paid_social,42041,832,$538.13,1.978%,0.6471
06/24/2024,TX,Catalog | Best Sellers,Meta,72748,1167,$829.32,1.604%,0.7109
06/24/2024,FL,Prospecting | Guitar Players,Paid Social,74360,1003,$780.78,1.349%,0.7781
06/24/2024,FL,Retargeting | Site Visitors,paid_social,35966,780,$460.36,2.170%,0.59
06/24/2024,FL,Catalog | Best Sellers,Meta,58113,954,$662.49,1.641%,0.6948
06/24/2024,NY,Prospecting | Guitar Players,Paid Social,79100,1041,$830.55,1.316%,0.7978
06/24/2024,NY,Retargeting | Site Visitors,paid_social,37955,744,$485.82,1.959%,0.6533
06/24/2024,NY,Catalog | Best Sellers,Meta,50556,819,$576.34,1.621%,0.7034
07/01/2024,CA,Prospecting | Guitar Players,paid_social,143657,1936,"$1,508.40",1.348%,0.779
07/01/2024,CA,Retargeting | Site Visitors,Meta,64560,1398,$826.37,2.165%,0.5912
07/01/2024,CA,Catalog | Best Sellers,Paid Social,88424,1409,"$1,008.03",1.593%,0.7156
07/01/2024,TX,Prospecting | Guitar Players,paid_social,113918,1595,"$1,196.14",1.400%,0.75
07/01/2024,TX,Retargeting | Site Visitors,Meta,48951,991,$626.57,2.025%,0.6321
07/01/2024,TX,Catalog | Best Sellers,Paid Social,66195,1112,$754.62,1.681%,0.6784
07/01/2024,FL,Prospecting | Guitar Players,paid_social,91555,1193,$961.32,1.303%,0.8058
07/01/2024,FL,Retargeting | Site Visitors,Meta,50576,1085,$647.38,2.145%,0.5967
07/01/2024,FL,Catalog | Best Sellers,Paid Social,55538,904,$633.13,1.629%,0.7
07/01/2024,NY,Prospecting | Guitar Players,paid_social,105458,1528,"$1,107.31",1.449%,0.7249
07/01/2024,NY,Retargeting | Site Visitors,Meta,45653,934,$584.35,2.046%,0.6255
07/01/2024,NY,Catalog | Best Sellers,Paid Social,58690,974,$669.07,1.659%,0.6873
07/08/2024,CA,Prospecting | Guitar Players,Meta,124312,1713,"$1,305.27",1.378%,0.762
07/08/2024,CA,Retargeting | Site Visitors,Paid Social,62883,1317,$804.90,2.094%,0.6114
07/08/2024,CA,Catalog | Best Sellers,paid_social,83256,1409,$949.12,1.693%,0.6734
07/08/2024,TX,Prospecting | Guitar Players,Meta,107480,1598,"$1,128.54",1.486%,0.7064
07/08/2024,TX,Retargeting | Site Visitors,Paid Social,42999,919,$550.38,2.136%,0.5991
07/08/2024,TX,Catalog | Best Sellers,paid_social,61171,1088,$697.35,1.779%,0.6409
07/08/2024,FL,Prospecting | Guitar Players,Meta,89245,1296,$937.07,1.452%,0.7231
07/08/2024,FL,Retargeting | Site Visitors,Paid Social,44085,960,$564.28,2.177%,0.5881
07/08/2024,FL,Catalog | Best Sellers,paid_social,57482,1022,$655.29,1.778%,0.6411
07/08/2024,NY,Prospecting | Guitar Players,Meta,92987,1300,$976.36,1.398%,0.7513
07/08/2024,NY,Retargeting | Site Visitors,Paid Social,41048,860,$525.42,2.095%,0.6108
07/08/2024,NY,Catalog | Best Sellers,paid_social,59709,1083,$680.68,1.814%,0.6286
07/15/2024,CA,Prospecting | Guitar Players,Paid Social,111384,1528,"$1,169.53",1.372%,0.7654
07/15/2024,CA,Retargeting | Site Visitors,paid_social,56410,1191,$722.05,2.111%,0.6064
07/15/2024,CA,Catalog | Best Sellers,Meta,75016,1311,$855.18,1.747%,0.6525
07/15/2024,TX,Prospecting | Guitar Players,Paid Social,93718,1336,$984.04,1.426%,0.7363
07/15/2024,TX,Retargeting | Site Visitors,paid_social,48688,1065,$623.20,2.188%,0.585
07/15/2024,TX,Catalog | Best Sellers,Meta,69163,1109,$788.45,1.604%,0.7107
07/15/2024,FL,Prospecting | Guitar Players,Paid Social,80795,1130,$848.35,1.399%,0.7508
07/15/2024,FL,Retargeting | Site Visitors,paid_social,36146,784,$462.67,2.168%,0.5904
07/15/2024,FL,Catalog | Best Sellers,Meta,55593,961,$633.75,1.729%,0.6593
07/15/2024,NY,Prospecting | Guitar Players,Paid Social,83486,1118,$876.60,1.339%,0.7843
07/15/2024,NY,Retargeting | Site Visitors,paid_social,37473,787,$479.65,2.101%,0.6091
07/15/2024,NY,Catalog | Best Sellers,Meta,51385,838,$585.79,1.632%,0.6987
07/22/2024,CA,Prospecting | Guitar Players,paid_social,116332,1518,"$1,221.48",1.305%,0.8045
07/22/2024,CA,Retargeting | Site Visitors,Meta,56409,1187,$722.04,2.104%,0.6085
07/22/2024,CA,Catalog | Best Sellers,Paid Social,67103,1090,$764.97,1.625%,0.7015
07/22/2024,TX,Prospecting | Guitar Players,paid_social,99404,1398,"$1,043.75",1.406%,0.7467
07/22/2024,TX,Retargeting | Site Visitors,Meta,41246,832,$527.95,2.016%,0.6348
07/22/2024,TX,Catalog | Best Sellers,Paid Social,65167,1181,$742.90,1.812%,0.6292
07/22/2024,FL,Prospecting | Guitar Players,paid_social,74682,1063,$784.16,1.424%,0.7376
07/22/2024,FL,Retargeting | Site Visitors,Meta,40633,825,$520.10,2.031%,0.6303
07/22/2024,FL,Catalog | Best Sellers,Paid Social,55315,974,$630.59,1.760%,0.6476
07/22/2024,NY,Prospecting | Guitar Players,paid_social,73253,1005,$769.16,1.371%,0.7657
07/22/2024,NY,Retargeting | Site Visitors,Meta,46221,980,$591.63,2.119%,0.604
07/22/2024,NY,Catalog | Best Sellers,Paid Social,53111,965,$605.47,1.816%,0.6277
07/29/2024,CA,Prospecting | Guitar Players,Meta,103196,1479,"$1,083.56",1.433%,0.7326
07/29/2024,CA,Retargeting | Site Visitors,Paid Social,48596,980,$622.03,2.016%,0.6349
07/29/2024,CA,Catalog | Best Sellers,paid_social,70240,1258,$800.74,1.791%,0.6366
07/29/2024,TX,Prospecting | Guitar Players,Meta,86911,1179,$912.56,1.356%,0.7742
07/29/2024,TX,Retargeting | Site Visitors,Paid Social,50956,999,$652.23,1.960%,0.653
07/29/2024,TX,Catalog | Best Sellers,paid_social,61855,1117,$705.14,1.806%,0.6314
07/29/2024,FL,Prospecting | Guitar Players,Meta,86509,1223,$908.35,1.414%,0.7428
07/29/2024,FL,Retargeting | Site Visitors,Paid Social,43271,896,$553.86,2.072%,0.6178
07/29/2024,FL,Catalog | Best Sellers,paid_social,57271,970,$652.89,1.693%,0.6732
07/29/2024,NY,Prospecting | Guitar Players,Meta,89047,1165,$935.00,1.308%,0.8025
07/29/2024,NY,Retargeting | Site Visitors,Paid Social,43479,872,$556.53,2.005%,0.6383
07/29/2024,NY,Catalog | Best Sellers,paid_social,61265,1038,$698.42,1.694%,0.6728
08/05/2024,CA,Prospecting | Guitar Players,Paid Social,114415,1636,"$1,201.35",1.430%,0.7342
08/05/2024,CA,Retargeting | Site Visitors,paid_social,64240,1272,$822.27,1.980%,0.6465
08/05/2024,CA,Catalog | Best Sellers,Meta,83016,1324,$946.38,1.595%,0.7148
08/05/2024,TX,Prospecting | Guitar Players,Paid Social,90999,1248,$955.49,1.372%,0.7655
08/05/2024,TX,Retargeting | Site Visitors,paid_social,45260,948,$579.33,2.094%,0.6112
08/05/2024,TX,Catalog | Best Sellers,Meta,78658,1314,$896.70,1.671%,0.6823
08/05/2024,FL,Prospecting | Guitar Players,Paid Social,78368,1060,$822.87,1.353%,0.776
08/05/2024,FL,Retargeting | Site Visitors,paid_social,49104,1088,$628.53,2.215%,0.5778
08/05/2024,FL,Catalog | Best Sellers,Meta,64974,1045,$740.70,1.608%,0.7088
08/05/2024,NY,Prospecting | Guitar Players,Paid Social,94094,1304,$987.99,1.386%,0.7574
08/05/2024,NY,Retargeting | Site Visitors,paid_social,45907,931,$587.61,2.028%,0.6312
08/05/2024,NY,Catalog | Best Sellers,Meta,67832,1167,$773.29,1.721%,0.6625
08/12/2024,CA,Prospecting | Guitar Players,paid_social,113950,1616,"$1,196.48",1.418%,0.7406
08/12/2024,CA,Retargeting | Site Visitors,Meta,62106,1222,$794.95,1.967%,0.6506
08/12/2024,CA,Catalog | Best Sellers,Paid Social,71825,1261,$818.81,1.756%,0.6493
08/12/2024,TX,Prospecting | Guitar Players,paid_social,107717,1607,"$1,131.03",1.492%,0.7038
08/12/2024,TX,Retargeting | Site Visitors,Meta,57075,1162,$730.57,2.037%,0.6284
08/12/2024,TX,Catalog | Best Sellers,Paid Social,63601,1068,$725.05,1.679%,0.6788
08/12/2024,FL,Prospecting | Guitar Players,paid_social,85154,1257,$894.12,1.476%,0.7113
08/12/2024,FL,Retargeting | Site Visitors,Meta,45246,984,$579.15,2.174%,0.5887
08/12/2024,FL,Catalog | Best Sellers,Paid Social,64921,1071,$740.10,1.649%,0.6912
08/12/2024,NY,Prospecting | Guitar Players,paid_social,88470,1246,$928.94,1.409%,0.7453
08/12/2024,NY,Retargeting | Site Visitors,Meta,51127,1061,$654.43,2.075%,0.6168
08/12/2024,NY,Catalog | Best Sellers,Paid Social,53426,928,$609.05,1.738%,0.656
08/19/2024,CA,Prospecting | Guitar Players,Meta,120094,1782,"$1,260.99",1.484%,0.7075
08/19/2024,CA,Retargeting | Site Visitors,Paid Social,54424,1075,$696.62,1.974%,0.6483
08/19/2024,CA,Catalog | Best Sellers,paid_social,80186,1338,$914.12,1.669%,0.6832
08/19/2024,TX,Prospecting | Guitar Players,Meta,90263,1225,$947.76,1.357%,0.7736
08/19/2024,TX,Retargeting | Site Visitors,Paid Social,55025,1077,$704.32,1.957%,0.6542
08/19/2024,TX,Catalog | Best Sellers,paid_social,72863,1322,$830.64,1.814%,0.6283
08/19/2024,FL,Prospecting | Guitar Players,Meta,88737,1193,$931.74,1.344%,0.781
08/19/2024,FL,Retargeting | Site Visitors,Paid Social,42281,876,$541.20,2.073%,0.6176
08/19/2024,FL,Catalog | Best Sellers,paid_social,56692,1002,$646.29,1.767%,0.6452
08/19/2024,NY,Prospecting | Guitar Players,Meta,93657,1331,$983.40,1.421%,0.739
08/19/2024,NY,Retargeting | Site Visitors,Paid Social,42450,854,$543.35,2.012%,0.6361
08/19/2024,NY,Catalog | Best Sellers,paid_social,63110,1128,$719.45,1.788%,0.6376
08/26/2024,CA,Prospecting | Guitar Players,Paid Social,117790,1600,"$1,236.80",1.358%,0.7731
08/26/2024,CA,Retargeting | Site Visitors,paid_social,60844,1191,$778.80,1.958%,0.6538
08/26/2024,CA,Catalog | Best Sellers,Meta,82902,1383,$945.08,1.668%,0.6836
08/26/2024,TX,Prospecting | Guitar Players,Paid Social,91210,1266,$957.70,1.388%,0.7563
08/26/2024,TX,Retargeting | Site Visitors,paid_social,57489,1174,$735.86,2.042%,0.627
08/26/2024,TX,Catalog | Best Sellers,Meta,61896,1124,$705.61,1.816%,0.6279
08/26/2024,FL,Prospecting | Guitar Players,Paid Social,97035,1326,"$1,018.87",1.367%,0.7681
08/26/2024,FL,Retargeting | Site Visitors,paid_social,37825,835,$484.15,2.208%,0.5797
08/26/2024,FL,Catalog | Best Sellers,Meta,58712,974,$669.31,1.659%,0.687
08/26/2024,NY,Prospecting | Guitar Players,Paid Social,84426,1264,$886.48,1.497%,0.7012
08/26/2024,NY,Retargeting | Site Visitors,paid_social,44238,867,$566.25,1.960%,0.6532
08/26/2024,NY,Catalog | Best Sellers,Meta,57175,942,$651.79,1.648%,0.692
09/02/2024,CA,Prospecting | Guitar Players,paid_social,107262,1407,"$1,126.25",1.312%,0.8004
09/02/2024,CA,Retargeting | Site Visitors,Meta,66894,1474,$856.25,2.204%,0.5807
09/02/2024,CA,Catalog | Best Sellers,Paid Social,72466,1179,$826.12,1.627%,0.7005
09/02/2024,TX,Prospecting | Guitar Players,paid_social,88111,1286,$925.16,1.460%,0.7193
09/02/2024,TX,Retargeting | Site Visitors,Meta,46360,970,$593.41,2.091%,0.612
09/02/2024,TX,Catalog | Best Sellers,Paid Social,74268,1250,$846.66,1.683%,0.6775
09/02/2024,FL,Prospecting | Guitar Players,paid_social,75830,997,$796.22,1.315%,0.7985
09/02/2024,FL,Retargeting | Site Visitors,Meta,43438,903,$556.01,2.079%,0.6157
09/02/2024,FL,Catalog | Best Sellers,Paid Social,53664,854,$611.77,1.591%,0.7165
09/02/2024,NY,Prospecting | Guitar Players,paid_social,87485,1207,$918.59,1.379%,0.7613
09/02/2024,NY,Retargeting | Site Visitors,Meta,46299,990,$592.63,2.138%,0.5988
09/02/2024,NY,Catalog | Best Sellers,Paid Social,65146,1047,$742.66,1.608%,0.709
09/09/2024,CA,Prospecting | Guitar Players,Meta,108188,1440,"$1,135.98",1.331%,0.7888
09/09/2024,CA,Retargeting | Site Visitors,Paid Social,64379,1276,$824.05,1.982%,0.6458
09/09/2024,CA,Catalog | Best Sellers,paid_social,82698,1445,$942.76,1.748%,0.6524
09/09/2024,TX,Prospecting | Guitar Players,Meta,100954,1479,"$1,060.02",1.466%,0.7165
09/09/2024,TX,Retargeting | Site Visitors,Paid Social,49543,1055,$634.15,2.128%,0.6014
09/09/2024,TX,Catalog | Best Sellers,paid_social,63087,1085,$719.20,1.720%,0.663
09/09/2024,FL,Prospecting | Guitar Players,Meta,81498,1213,$855.73,1.489%,0.7054
09/09/2024,FL,Retargeting | Site Visitors,Paid Social,46479,1016,$594.93,2.186%,0.5856
09/09/2024,FL,Catalog | Best Sellers,paid_social,50071,815,$570.81,1.628%,0.7003
09/09/2024,NY,Prospecting | Guitar Players,Meta,84464,1185,$886.87,1.403%,0.7484
09/09/2024,NY,Retargeting | Site Visitors,Paid Social,43206,910,$553.03,2.107%,0.6074
09/09/2024,NY,Catalog | Best Sellers,paid_social,59755,961,$681.20,1.608%,0.7089
09/16/2024,CA,Prospecting | Guitar Players,Paid Social,106453,1571,"$1,117.75",1.475%,0.7117
09/16/2024,CA,Retargeting | Site Visitors,paid_social,58368,1180,$747.11,2.022%,0.6331
09/16/2024,CA,Catalog | Best Sellers,Meta,78342,1387,$893.10,1.770%,0.6439
09/16/2024,TX,Prospecting | Guitar Players,Paid Social,94836,1313,$995.78,1.384%,0.7587
09/16/2024,TX,Retargeting | Site Visitors,paid_social,45470,958,$582.02,2.107%,0.6075
09/16/2024,TX,Catalog | Best Sellers,Meta,62242,1063,$709.56,1.707%,0.6676
09/16/2024,FL,Prospecting | Guitar Players,Paid Social,92107,1349,$967.12,1.465%,0.7167
09/16/2024,FL,Retargeting | Site Visitors,paid_social,41475,837,$530.88,2.017%,0.6346
09/16/2024,FL,Catalog | Best Sellers,Meta,60036,1047,$684.41,1.744%,0.6538
09/16/2024,NY,Prospecting | Guitar Players,Paid Social,98120,1441,"$1,030.26",1.468%,0.7152
09/16/2024,NY,Retargeting | Site Visitors,paid_social,42517,905,$544.21,2.128%,0.6016
09/16/2024,NY,Catalog | Best Sellers,Meta,58779,965,$670.08,1.642%,0.6944
09/23/2024,CA,Prospecting | Guitar Players,paid_social,123534,1815,"$1,297.11",1.469%,0.7147
09/23/2024,CA,Retargeting | Site Visitors,Meta,66067,1368,$845.66,2.071%,0.618
09/23/2024,CA,Catalog | Best Sellers,Paid Social,80298,1318,$915.40,1.641%,0.6945
09/23/2024,TX,Prospecting | Guitar Players,paid_social,92323,1237,$969.39,1.340%,0.7839
09/23/2024,TX,Retargeting | Site Visitors,Meta,52067,1120,$666.46,2.150%,0.5952
09/23/2024,TX,Catalog | Best Sellers,Paid Social,73968,1233,$843.23,1.667%,0.6837
09/23/2024,FL,Prospecting | Guitar Players,paid_social,93650,1374,$983.32,1.467%,0.7157
09/23/2024,FL,Retargeting | Site Visitors,Meta,39325,803,$503.36,2.042%,0.6269
09/23/2024,FL,Catalog | Best Sellers,Paid Social,56656,963,$645.88,1.699%,0.6709
09/23/2024,NY,Prospecting | Guitar Players,paid_social,85764,1232,$900.52,1.436%,0.7311
09/23/2024,NY,Retargeting | Site Visitors,Meta,48439,1069,$620.02,2.208%,0.5798
09/23/2024,NY,Catalog | Best Sellers,Paid Social,55453,911,$632.16,1.643%,0.694
09/30/2024,CA,Prospecting | Guitar Players,Meta,149306,1946,"$1,567.71",1.303%,0.8057
09/30/2024,CA,Retargeting | Site Visitors,Paid Social,58137,1291,$744.15,2.221%,0.5763
09/30/2024,CA,Catalog | Best Sellers,paid_social,87129,1516,$993.27,1.740%,0.6552
09/30/2024,TX,Prospecting | Guitar Players,Meta,125485,1798,"$1,317.60",1.433%,0.7328
09/30/2024,TX,Retargeting | Site Visitors,Paid Social,56330,1187,$721.02,2.108%,0.6073
09/30/2024,TX,Catalog | Best Sellers,paid_social,64748,1075,$738.12,1.661%,0.6864
09/30/2024,FL,Prospecting | Guitar Players,Meta,85539,1278,$898.16,1.494%,0.7027
09/30/2024,FL,Retargeting | Site Visitors,Paid Social,48578,1002,$621.79,2.062%,0.6208
09/30/2024,FL,Catalog | Best Sellers,paid_social,67933,1148,$774.44,1.690%,0.6746
09/30/2024,NY,Prospecting | Guitar Players,Meta,96723,1302,"$1,015.59",1.346%,0.7803
09/30/2024,NY,Retargeting | Site Visitors,Paid Social,45336,930,$580.30,2.051%,0.6241
09/30/2024,NY,Catalog | Best Sellers,paid_social,58736,1004,$669.59,1.710%,0.6667
10/07/2024,CA,Prospecting | Guitar Players,Paid Social,113699,1484,"$1,193.84",1.305%,0.8045
10/07/2024,CA,Retargeting | Site Visitors,paid_social,59838,1209,$765.93,2.020%,0.6336
10/07/2024,CA,Catalog | Best Sellers,Meta,64884,1163,$739.68,1.792%,0.6363
10/07/2024,TX,Prospecting | Guitar Players,Paid Social,82567,1141,$866.95,1.382%,0.76
10/07/2024,TX,Retargeting | Site Visitors,paid_social,44806,1000,$573.51,2.231%,0.5737
10/07/2024,TX,Catalog | Best Sellers,Meta,57907,954,$660.14,1.647%,0.6922
10/07/2024,FL,Prospecting | Guitar Players,Paid Social,72152,970,$757.59,1.344%,0.7814
10/07/2024,FL,Retargeting | Site Visitors,paid_social,42533,909,$544.42,2.137%,0.5989
10/07/2024,FL,Catalog | Best Sellers,Meta,54882,874,$625.66,1.593%,0.7157
10/07/2024,NY,Prospecting | Guitar Players,Paid Social,80312,1136,$843.27,1.414%,0.7424
10/07/2024,NY,Retargeting | Site Visitors,paid_social,38288,824,$490.08,2.151%,0.5951
10/07/2024,NY,Catalog | Best Sellers,Meta,47795,812,$544.86,1.700%,0.6707
10/14/2024,CA,Prospecting | Guitar Players,paid_social,98978,1405,"$1,039.27",1.420%,0.7396
10/14/2024,CA,Retargeting | Site Visitors,Meta,55661,1213,$712.46,2.180%,0.5872
10/14/2024,CA,Catalog | Best Sellers,Paid Social,75362,1241,$859.13,1.647%,0.692
10/14/2024,TX,Prospecting | Guitar Players,paid_social,81499,1125,$855.74,1.380%,0.7607
10/14/2024,TX,Retargeting | Site Visitors,Meta,46098,1013,$590.05,2.198%,0.5823
10/14/2024,TX,Catalog | Best Sellers,Paid Social,62671,1132,$714.45,1.806%,0.6312
10/14/2024,FL,Prospecting | Guitar Players,paid_social,67546,1003,$709.23,1.486%,0.7068
10/14/2024,FL,Retargeting | Site Visitors,Meta,34236,688,$438.23,2.010%,0.6367
10/14/2024,FL,Catalog | Best Sellers,Paid Social,45263,737,$516.00,1.628%,0.7003
10/14/2024,NY,Prospecting | Guitar Players,paid_social,79684,1121,$836.68,1.406%,0.7466
10/14/2024,NY,Retargeting | Site Visitors,Meta,40758,899,$521.70,2.206%,0.5801
10/14/2024,NY,Catalog | Best Sellers,Paid Social,54975,872,$626.71,1.587%,0.7184
10/21/2024,CA,Prospecting | Guitar Players,Meta,111661,1521,"$1,172.44",1.362%,0.771
10/21/2024,CA,Retargeting | Site Visitors,Paid Social,61701,1210,$789.78,1.962%,0.6525
10/21/2024,CA,Catalog | Best Sellers,paid_social,66150,1195,$754.11,1.806%,0.6313
10/21/2024,TX,Prospecting | Guitar Players,Meta,83485,1187,$876.59,1.422%,0.7385
10/21/2024,TX,Retargeting | Site Visitors,Paid Social,48799,1076,$624.62,2.205%,0.5804
10/21/2024,TX,Catalog | Best Sellers,paid_social,67961,1095,$774.75,1.611%,0.7077
10/21/2024,FL,Prospecting | Guitar Players,Meta,75723,1024,$795.09,1.352%,0.7766
10/21/2024,FL,Retargeting | Site Visitors,Paid Social,38774,843,$496.31,2.173%,0.589
10/21/2024,FL,Catalog | Best Sellers,paid_social,52644,944,$600.14,1.794%,0.6355
10/21/2024,NY,Prospecting | Guitar Players,Meta,74348,1050,$780.66,1.412%,0.7438
10/21/2024,NY,Retargeting | Site Visitors,Paid Social,44026,883,$563.53,2.005%,0.6385
10/21/2024,NY,Catalog | Best Sellers,paid_social,56140,890,$640.00,1.585%,0.7191
10/28/2024,CA,Prospecting | Guitar Players,Paid Social,102194,1428,"$1,073.03",1.397%,0.7516
10/28/2024,CA,Retargeting | Site Visitors,paid_social,62352,1226,$798.10,1.966%,0.651
10/28/2024,CA,Catalog | Best Sellers,Meta,82389,1355,$939.24,1.644%,0.6934
10/28/2024,TX,Prospecting | Guitar Players,Paid Social,92452,1292,$970.75,1.398%,0.7513
10/28/2024,TX,Retargeting | Site Visitors,paid_social,39980,873,$511.75,2.182%,0.5865
10/28/2024,TX,Catalog | Best Sellers,Meta,68888,1118,$785.32,1.623%,0.7024
10/28/2024,FL,Prospecting | Guitar Players,Paid Social,80224,1064,$842.35,1.326%,0.7916
10/28/2024,FL,Retargeting | Site Visitors,paid_social,43793,976,$560.55,2.229%,0.5743
10/28/2024,FL,Catalog | Best Sellers,Meta,48914,813,$557.62,1.662%,0.6858
10/28/2024,NY,Prospecting | Guitar Players,Paid Social,85088,1196,$893.42,1.406%,0.7469
10/28/2024,NY,Retargeting | Site Visitors,paid_social,40115,833,$513.47,2.075%,0.6168
10/28/2024,NY,Catalog | Best Sellers,Meta,56054,917,$639.02,1.637%,0.6966
11/04/2024,CA,Prospecting | Guitar Players,paid_social,130866,1906,"$1,374.09",1.456%,0.721
11/04/2024,CA,Retargeting | Site Visitors,Meta,77285,1546,$989.25,2.000%,0.64
11/04/2024,CA,Catalog | Best Sellers,Paid Social,83899,1505,$956.45,1.793%,0.6356
11/04/2024,TX,Prospecting | Guitar Players,paid_social,110354,1596,"$1,158.72",1.447%,0.7258
11/04/2024,TX,Retargeting | Site Visitors,Meta,60336,1290,$772.30,2.137%,0.5989
11/04/2024,TX,Catalog | Best Sellers,Paid Social,69691,1207,$794.48,1.732%,0.6583
11/04/2024,FL,Prospecting | Guitar Players,paid_social,112047,1556,"$1,176.49",1.389%,0.7561
11/04/2024,FL,Retargeting | Site Visitors,Meta,45143,914,$577.83,2.026%,0.6319
11/04/2024,FL,Catalog | Best Sellers,Paid Social,74418,1295,$848.36,1.740%,0.6552
11/04/2024,NY,Prospecting | Guitar Players,paid_social,107353,1482,"$1,127.21",1.381%,0.7604
11/04/2024,NY,Retargeting | Site Visitors,Meta,56066,1210,$717.64,2.158%,0.5931
11/04/2024,NY,Catalog | Best Sellers,Paid Social,77142,1269,$879.42,1.644%,0.6932
11/11/2024,CA,Prospecting | Guitar Players,Meta,133194,1988,"$1,398.54",1.493%,0.7035
11/11/2024,CA,Retargeting | Site Visitors,Paid Social,74691,1469,$956.04,1.967%,0.6508
11/11/2024,CA,Catalog | Best Sellers,paid_social,86495,1526,$986.04,1.764%,0.6462
11/11/2024,TX,Prospecting | Guitar Players,Meta,110762,1556,"$1,163.00",1.404%,0.7476
11/11/2024,TX,Retargeting | Site Visitors,Paid Social,55209,1169,$706.67,2.118%,0.6044
11/11/2024,TX,Catalog | Best Sellers,paid_social,75762,1350,$863.69,1.782%,0.6398
11/11/2024,FL,Prospecting | Guitar Players,Meta,88788,1204,$932.28,1.356%,0.7745
11/11/2024,FL,Retargeting | Site Visitors,Paid Social,45901,906,$587.53,1.974%,0.6485
11/11/2024,FL,Catalog | Best Sellers,paid_social,64416,1043,$734.34,1.619%,0.7042
11/11/2024,NY,Prospecting | Guitar Players,Meta,118802,1682,"$1,247.42",1.416%,0.7416
11/11/2024,NY,Retargeting | Site Visitors,Paid Social,45883,930,$587.31,2.027%,0.6315
11/11/2024,NY,Catalog | Best Sellers,paid_social,70909,1245,$808.36,1.756%,0.6493
11/18/2024,CA,Prospecting | Guitar Players,Paid Social,159319,2139,"$1,672.85",1.343%,0.7821
11/18/2024,CA,Retargeting | Site Visitors,paid_social,78018,1530,$998.63,1.962%,0.6525
11/18/2024,CA,Catalog | Best Sellers,Meta,115908,1890,"$1,321.35",1.631%,0.6991
11/18/2024,TX,Prospecting | Guitar Players,Paid Social,131830,1878,"$1,384.22",1.424%,0.7372
11/18/2024,TX,Retargeting | Site Visitors,paid_social,68208,1403,$873.06,2.058%,0.6221
11/18/2024,TX,Catalog | Best Sellers,Meta,96745,1748,"$1,102.89",1.807%,0.6308
11/18/2024,FL,Prospecting | Guitar Players,Paid Social,104884,1554,"$1,101.28",1.481%,0.7088
11/18/2024,FL,Retargeting | Site Visitors,paid_social,60618,1254,$775.92,2.069%,0.6187
11/18/2024,FL,Catalog | Best Sellers,Meta,81555,1309,$929.73,1.605%,0.7102
11/18/2024,NY,Prospecting | Guitar Players,Paid Social,122907,1777,"$1,290.52",1.446%,0.7261
11/18/2024,NY,Retargeting | Site Visitors,paid_social,65155,1398,$833.99,2.146%,0.5966
11/18/2024,NY,Catalog | Best Sellers,Meta,72964,1269,$831.79,1.739%,0.6556
11/25/2024,CA,Prospecting | Guitar Players,paid_social,149010,2122,"$1,564.60",1.424%,0.7373
11/25/2024,CA,Retargeting | Site Visitors,Meta,71264,1592,$912.18,2.235%,0.5728
11/25/2024,CA,Catalog | Best Sellers,Paid Social,101452,1633,"$1,156.55",1.609%,0.7083
11/25/2024,TX,Prospecting | Guitar Players,paid_social,138489,2054,"$1,454.14",1.483%,0.7078
11/25/2024,TX,Retargeting | Site Visitors,Meta,67419,1443,$862.96,2.140%,0.5981
11/25/2024,TX,Catalog | Best Sellers,Paid Social,98868,1735,"$1,127.09",1.755%,0.6495
11/25/2024,FL,Prospecting | Guitar Players,paid_social,103612,1549,"$1,087.93",1.495%,0.7025
11/25/2024,FL,Retargeting | Site Visitors,Meta,51247,1074,$655.96,2.095%,0.6109
11/25/2024,FL,Catalog | Best Sellers,Paid Social,82465,1387,$940.10,1.682%,0.6778
11/25/2024,NY,Prospecting | Guitar Players,paid_social,124156,1765,"$1,303.64",1.422%,0.7385
11/25/2024,NY,Retargeting | Site Visitors,Meta,53293,1063,$682.15,1.994%,0.6419
11/25/2024,NY,Catalog | Best Sellers,Paid Social,82899,1416,$945.04,1.708%,0.6673
12/02/2024,CA,Prospecting | Guitar Players,Meta,178325,2414,"$1,872.41",1.354%,0.7757
12/02/2024,CA,Retargeting | Site Visitors,Paid Social,73349,1513,$938.87,2.062%,0.6206
12/02/2024,CA,Catalog | Best Sellers,paid_social,98062,1621,"$1,117.90",1.653%,0.6895
12/02/2024,TX,Prospecting | Guitar Players,Meta,123699,1612,"$1,298.84",1.303%,0.8058
12/02/2024,TX,Retargeting | Site Visitors,Paid Social,62456,1281,$799.43,2.051%,0.624
12/02/2024,TX,Catalog | Best Sellers,paid_social,90420,1548,"$1,030.79",1.712%,0.6658
12/02/2024,FL,Prospecting | Guitar Players,Meta,113448,1666,"$1,191.21",1.468%,0.7152
12/02/2024,FL,Retargeting | Site Visitors,Paid Social,49458,1101,$633.06,2.225%,0.5752
12/02/2024,FL,Catalog | Best Sellers,paid_social,80661,1332,$919.53,1.651%,0.6904
12/02/2024,NY,Prospecting | Guitar Players,Meta,108965,1604,"$1,144.14",1.472%,0.7135
12/02/2024,NY,Retargeting | Site Visitors,Paid Social,52986,1086,$678.22,2.049%,0.6247
12/02/2024,NY,Catalog | Best Sellers,paid_social,84123,1364,$959.00,1.622%,0.7029
12/09/2024,CA,Prospecting | Guitar Players,Paid Social,139997,2031,"$1,469.97",1.450%,0.7239
12/09/2024,CA,Retargeting | Site Visitors,paid_social,73566,1545,$941.64,2.100%,0.6096
12/09/2024,CA,Catalog | Best Sellers,Meta,102037,1668,"$1,163.22",1.634%,0.6975
12/09/2024,TX,Prospecting | Guitar Players,Paid Social,124498,1833,"$1,307.23",1.472%,0.7131
12/09/2024,TX,Retargeting | Site Visitors,paid_social,64089,1384,$820.34,2.160%,0.5926
12/09/2024,TX,Catalog | Best Sellers,Meta,88033,1536,"$1,003.58",1.745%,0.6534
12/09/2024,FL,Prospecting | Guitar Players,Paid Social,114795,1519,"$1,205.35",1.323%,0.7936
12/09/2024,FL,Retargeting | Site Visitors,paid_social,63191,1306,$808.84,2.066%,0.6195
12/09/2024,FL,Catalog | Best Sellers,Meta,79621,1268,$907.68,1.593%,0.7158
12/09/2024,NY,Prospecting | Guitar Players,Paid Social,107505,1584,"$1,128.80",1.474%,0.7126
12/09/2024,NY,Retargeting | Site Visitors,paid_social,60764,1266,$777.77,2.084%,0.6142
12/09/2024,NY,Catalog | Best Sellers,Meta,88662,1414,"$1,010.74",1.595%,0.7149
12/16/2024,CA,Prospecting | Guitar Players,paid_social,147053,1985,"$1,544.06",1.350%,0.7778
12/16/2024,CA,Retargeting | Site Visitors,Meta,85417,1769,"$1,093.34",2.071%,0.6179
12/16/2024,CA,Catalog | Best Sellers,Paid Social,100721,1605,"$1,148.22",1.594%,0.7154
12/16/2024,TX,Prospecting | Guitar Players,paid_social,137100,1836,"$1,439.55",1.339%,0.784
12/16/2024,TX,Retargeting | Site Visitors,Meta,64309,1274,$823.15,1.980%,0.6463
12/16/2024,TX,Catalog | Best Sellers,Paid Social,78414,1391,$893.91,1.774%,0.6427
12/16/2024,FL,Prospecting | Guitar Players,paid_social,113627,1596,"$1,193.08",1.404%,0.7477
12/16/2024,FL,Retargeting | Site Visitors,Meta,61278,1303,$784.36,2.126%,0.6022
12/16/2024,FL,Catalog | Best Sellers,Paid Social,74697,1344,$851.55,1.799%,0.6335
12/16/2024,NY,Prospecting | Guitar Players,paid_social,125227,1688,"$1,314.88",1.348%,0.7788
12/16/2024,NY,Retargeting | Site Visitors,Meta,59616,1168,$763.08,1.959%,0.6533
12/16/2024,NY,Catalog | Best Sellers,Paid Social,72513,1174,$826.65,1.619%,0.7043
12/23/2024,CA,Prospecting | Guitar Players,Meta,156984,2170,"$1,648.33",1.382%,0.7595
12/23/2024,CA,Retargeting | Site Visitors,Paid Social,91657,2030,"$1,173.21",2.215%,0.578
12/23/2024,CA,Catalog | Best Sellers,paid_social,112759,2024,"$1,285.46",1.795%,0.635
12/23/2024,TX,Prospecting | Guitar Players,Meta,121282,1801,"$1,273.46",1.485%,0.7071
12/23/2024,TX,Retargeting | Site Visitors,Paid Social,65389,1425,$836.98,2.179%,0.5874
12/23/2024,TX,Catalog | Best Sellers,paid_social,80054,1277,$912.61,1.596%,0.7145
12/23/2024,FL,Prospecting | Guitar Players,Meta,110520,1597,"$1,160.46",1.445%,0.7268
12/23/2024,FL,Retargeting | Site Visitors,Paid Social,63123,1271,$807.98,2.013%,0.6358
12/23/2024,FL,Catalog | Best Sellers,paid_social,80743,1440,$920.47,1.783%,0.6394
12/23/2024,NY,Prospecting | Guitar Players,Meta,132316,1746,"$1,389.32",1.320%,0.7956
12/23/2024,NY,Retargeting | Site Visitors,Paid Social,68183,1445,$872.74,2.120%,0.6039
12/23/2024,NY,Catalog | Best Sellers,paid_social,76769,1284,$875.16,1.673%,0.6815
12/30/2024,CA,Prospecting | Guitar Players,Paid Social,184216,2538,"$1,934.26",1.377%,0.7623
12/30/2024,CA,Retargeting | Site Visitors,paid_social,93339,2015,"$1,194.74",2.159%,0.593
12/30/2024,CA,Catalog | Best Sellers,Meta,133339,2262,"$1,520.06",1.697%,0.6719
12/30/2024,TX,Prospecting | Guitar Players,Paid Social,145792,2053,"$1,530.81",1.408%,0.7457
12/30/2024,TX,Retargeting | Site Visitors,paid_social,71686,1531,$917.59,2.136%,0.5993
12/30/2024,TX,Catalog | Best Sellers,Meta,100164,1697,"$1,141.87",1.695%,0.6727
12/30/2024,FL,Prospecting | Guitar Players,Paid Social,131087,1717,"$1,376.42",1.310%,0.8017
12/30/2024,FL,Retargeting | Site Visitors,paid_social,73143,1483,$936.23,2.027%,0.6313
12/30/2024,FL,Catalog | Best Sellers,Meta,75776,1289,$863.84,1.701%,0.6702
12/30/2024,NY,Prospecting | Guitar Players,Paid Social,134749,1810,"$1,414.86",1.343%,0.7818
12/30/2024,NY,Retargeting | Site Visitors,paid_social,71683,1505,$917.55,2.100%,0.6096
12/30/2024,NY,Catalog | Best Sellers,Meta,79931,1423,$911.21,1.781%,0.6402
01/06/2025,CA,Prospecting | Guitar Players,paid_social,111926,1490,"$1,175.22",1.332%,0.7885
01/06/2025,CA,Retargeting | Site Visitors,Meta,63090,1389,$807.55,2.201%,0.5815
01/06/2025,CA,Catalog | Best Sellers,Paid Social,86796,1427,$989.48,1.644%,0.6936
01/06/2025,TX,Prospecting | Guitar Players,paid_social,97530,1325,"$1,024.06",1.359%,0.7728
01/06/2025,TX,Retargeting | Site Visitors,Meta,57300,1190,$733.44,2.077%,0.6162
01/06/2025,TX,Catalog | Best Sellers,Paid Social,59924,955,$683.14,1.593%,0.7156
01/06/2025,FL,Prospecting | Guitar Players,paid_social,88448,1292,$928.71,1.461%,0.7187
01/06/2025,FL,Retargeting | Site Visitors,Meta,47252,1043,$604.83,2.208%,0.5797
01/06/2025,FL,Catalog | Best Sellers,Paid Social,64619,1091,$736.66,1.689%,0.675
01/06/2025,NY,Prospecting | Guitar Players,paid_social,90556,1193,$950.84,1.317%,0.7973
01/06/2025,NY,Retargeting | Site Visitors,Meta,45338,918,$580.32,2.026%,0.6318
01/06/2025,NY,Catalog | Best Sellers,Paid Social,53629,858,$611.37,1.601%,0.7121
01/13/2025,CA,Prospecting | Guitar Players,Meta,120073,1765,"$1,260.77",1.470%,0.7142
01/13/2025,CA,Retargeting | Site Visitors,Paid Social,65834,1337,$842.68,2.031%,0.6301
01/13/2025,CA,Catalog | Best Sellers,paid_social,90929,1485,"$1,036.59",1.633%,0.6982
01/13/2025,TX,Prospecting | Guitar Players,Meta,111855,1545,"$1,174.48",1.381%,0.7602
01/13/2025,TX,Retargeting | Site Visitors,Paid Social,54321,1207,$695.30,2.223%,0.5759
01/13/2025,TX,Catalog | Best Sellers,paid_social,76279,1369,$869.57,1.795%,0.635
01/13/2025,FL,Prospecting | Guitar Players,Meta,79270,1149,$832.34,1.449%,0.7244
01/13/2025,FL,Retargeting | Site Visitors,Paid Social,40210,888,$514.69,2.209%,0.5794
01/13/2025,FL,Catalog | Best Sellers,paid_social,65380,1164,$745.34,1.781%,0.6401
01/13/2025,NY,Prospecting | Guitar Players,Meta,102505,1421,"$1,076.30",1.386%,0.7577
01/13/2025,NY,Retargeting | Site Visitors,Paid Social,47645,1016,$609.86,2.132%,0.6005
01/13/2025,NY,Catalog | Best Sellers,paid_social,67137,1102,$765.36,1.642%,0.6942
01/20/2025,CA,Prospecting | Guitar Players,Paid Social,126809,1786,"$1,331.49",1.408%,0.7455
01/20/2025,CA,Retargeting | Site Visitors,paid_social,69756,1470,$892.87,2.107%,0.6076
01/20/2025,CA,Catalog | Best Sellers,Meta,72206,1146,$823.15,1.587%,0.7183
01/20/2025,TX,Prospecting | Guitar Players,Paid Social,106313,1446,"$1,116.29",1.360%,0.7719
01/20/2025,TX,Retargeting | Site Visitors,paid_social,47935,959,$613.56,2.001%,0.6397
01/20/2025,TX,Catalog | Best Sellers,Meta,71261,1207,$812.38,1.693%,0.6733
01/20/2025,FL,Prospecting | Guitar Players,Paid Social,86355,1187,$906.73,1.374%,0.7641
01/20/2025,FL,Retargeting | Site Visitors,paid_social,46382,997,$593.69,2.150%,0.5955
01/20/2025,FL,Catalog | Best Sellers,Meta,62740,1126,$715.24,1.795%,0.635
01/20/2025,NY,Prospecting | Guitar Players,Paid Social,99527,1334,"$1,045.04",1.341%,0.7831
01/20/2025,NY,Retargeting | Site Visitors,paid_social,46373,908,$593.57,1.958%,0.6538
01/20/2025,NY,Catalog | Best Sellers,Meta,65006,1028,$741.06,1.582%,0.7206
01/27/2025,CA,Prospecting | Guitar Players,paid_social,127266,1748,"$1,336.29",1.373%,0.7645
01/27/2025,CA,Retargeting | Site Visitors,Meta,59869,1309,$766.32,2.187%,0.5853
01/27/2025,CA,Catalog | Best Sellers,Paid Social,72832,1203,$830.28,1.652%,0.6903
01/27/2025,TX,Prospecting | Guitar Players,paid_social,101010,1469,"$1,060.61",1.454%,0.7219
01/27/2025,TX,Retargeting | Site Visitors,Meta,57895,1287,$741.06,2.224%,0.5756
01/27/2025,TX,Catalog | Best Sellers,Paid Social,67327,1223,$767.52,1.817%,0.6275
01/27/2025,FL,Prospecting | Guitar Players,paid_social,99150,1359,"$1,041.07",1.370%,0.7663
01/27/2025,FL,Retargeting | Site Visitors,Meta,42253,846,$540.84,2.003%,0.6391
01/27/2025,FL,Catalog | Best Sellers,Paid Social,59787,1037,$681.57,1.735%,0.6572
01/27/2025,NY,Prospecting | Guitar Players,paid_social,102916,1370,"$1,080.62",1.331%,0.7888
01/27/2025,NY,Retargeting | Site Visitors,Meta,47626,997,$609.62,2.094%,0.6113
01/27/2025,NY,Catalog | Best Sellers,Paid Social,62654,1110,$714.26,1.772%,0.6432
02/03/2025,CA,Prospecting | Guitar Players,Meta,140231,2093,"$1,472.42",1.492%,0.7036
02/03/2025,CA,Retargeting | Site Visitors,Paid Social,66883,1451,$856.10,2.170%,0.5899
02/03/2025,CA,Catalog | Best Sellers,paid_social,85202,1387,$971.30,1.628%,0.7005
02/03/2025,TX,Prospecting | Guitar Players,Meta,97713,1322,"$1,025.98",1.353%,0.7759
02/03/2025,TX,Retargeting | Site Visitors,Paid Social,53560,1189,$685.57,2.220%,0.5766
02/03/2025,TX,Catalog | Best Sellers,paid_social,71626,1246,$816.54,1.740%,0.6553
02/03/2025,FL,Prospecting | Guitar Players,Meta,94114,1289,$988.19,1.370%,0.7667
02/03/2025,FL,Retargeting | Site Visitors,Paid Social,49177,1102,$629.46,2.240%,0.5714
02/03/2025,FL,Catalog | Best Sellers,paid_social,56519,1028,$644.32,1.818%,0.6269
02/03/2025,NY,Prospecting | Guitar Players,Meta,102770,1506,"$1,079.09",1.466%,0.7165
02/03/2025,NY,Retargeting | Site Visitors,Paid Social,46564,989,$596.02,2.124%,0.6026
02/03/2025,NY,Catalog | Best Sellers,paid_social,60833,1075,$693.49,1.767%,0.6451
02/10/2025,CA,Prospecting | Guitar Players,Paid Social,121975,1714,"$1,280.74",1.405%,0.7471
02/10/2025,CA,Retargeting | Site Visitors,paid_social,61535,1254,$787.65,2.038%,0.628
02/10/2025,CA,Catalog | Best Sellers,Meta,78092,1395,$890.25,1.786%,0.6383
02/10/2025,TX,Prospecting | Guitar Players,Paid Social,96600,1371,"$1,014.30",1.419%,0.7398
02/10/2025,TX,Retargeting | Site Visitors,paid_social,55367,1182,$708.70,2.136%,0.5993
02/10/2025,TX,Catalog | Best Sellers,Meta,74903,1285,$853.89,1.716%,0.6644
02/10/2025,FL,Prospecting | Guitar Players,Paid Social,86892,1260,$912.37,1.450%,0.7241
02/10/2025,FL,Retargeting | Site Visitors,paid_social,49663,1058,$635.69,2.130%,0.6008
02/10/2025,FL,Catalog | Best Sellers,Meta,57649,950,$657.20,1.648%,0.6918
02/10/2025,NY,Prospecting | Guitar Players,Paid Social,103919,1510,"$1,091.15",1.453%,0.7227
02/10/2025,NY,Retargeting | Site Visitors,paid_social,42007,824,$537.69,1.962%,0.6523
02/10/2025,NY,Catalog | Best Sellers,Meta,65352,1137,$745.02,1.740%,0.6552
02/17/2025,CA,Prospecting | Guitar Players,paid_social,139201,1942,"$1,461.61",1.395%,0.7526
02/17/2025,CA,Retargeting | Site Visitors,Meta,69502,1455,$889.63,2.094%,0.6114
02/17/2025,CA,Catalog | Best Sellers,Paid Social,88576,1455,"$1,009.77",1.643%,0.6939
02/17/2025,TX,Prospecting | Guitar Players,paid_social,97056,1420,"$1,019.08",1.463%,0.7175
02/17/2025,TX,Retargeting | Site Visitors,Meta,50624,1034,$647.99,2.043%,0.6266
02/17/2025,TX,Catalog | Best Sellers,Paid Social,78966,1281,$900.21,1.623%,0.7026
02/17/2025,FL,Prospecting | Guitar Players,paid_social,90186,1324,$946.96,1.468%,0.7153
02/17/2025,FL,Retargeting | Site Visitors,Meta,48038,1057,$614.88,2.200%,0.5818
02/17/2025,FL,Catalog | Best Sellers,Paid Social,68439,1138,$780.20,1.663%,0.6857
02/17/2025,NY,Prospecting | Guitar Players,paid_social,90523,1264,$950.50,1.396%,0.7521
02/17/2025,NY,Retargeting | Site Visitors,Meta,53628,1200,$686.44,2.238%,0.572
02/17/2025,NY,Catalog | Best Sellers,Paid Social,58093,986,$662.26,1.698%,0.6713
02/24/2025,CA,Prospecting | Guitar Players,Meta,115763,1714,"$1,215.51",1.480%,0.7093
02/24/2025,CA,Retargeting | Site Visitors,Paid Social,59872,1323,$766.36,2.210%,0.5793
02/24/2025,CA,Catalog | Best Sellers,paid_social,88841,1433,"$1,012.79",1.613%,0.7068
02/24/2025,TX,Prospecting | Guitar Players,Meta,99806,1371,"$1,047.96",1.374%,0.7642
02/24/2025,TX,Retargeting | Site Visitors,Paid Social,56222,1217,$719.65,2.164%,0.5915
02/24/2025,TX,Catalog | Best Sellers,paid_social,72491,1221,$826.39,1.684%,0.677
02/24/2025,FL,Prospecting | Guitar Players,Meta,102580,1505,"$1,077.09",1.468%,0.7155
02/24/2025,FL,Retargeting | Site Visitors,Paid Social,46520,1022,$595.45,2.197%,0.5827
02/24/2025,FL,Catalog | Best Sellers,paid_social,58437,1028,$666.18,1.759%,0.6481
02/24/2025,NY,Prospecting | Guitar Players,Meta,91183,1318,$957.42,1.445%,0.7264
02/24/2025,NY,Retargeting | Site Visitors,Paid Social,43402,874,$555.55,2.015%,0.6354
02/24/2025,NY,Catalog | Best Sellers,paid_social,57570,1014,$656.29,1.761%,0.6474
03/03/2025,CA,Prospecting | Guitar Players,Paid Social,120631,1773,"$1,266.62",1.470%,0.7145
03/03/2025,CA,Retargeting | Site Visitors,paid_social,70972,1418,$908.44,1.997%,0.6408
03/03/2025,CA,Catalog | Best Sellers,Meta,81481,1389,$928.88,1.704%,0.6689
03/03/2025,TX,Prospecting | Guitar Players,Paid Social,105013,1520,"$1,102.64",1.447%,0.7255
03/03/2025,TX,Retargeting | Site Visitors,paid_social,57987,1155,$742.23,1.992%,0.6426
03/03/2025,TX,Catalog | Best Sellers,Meta,67317,1102,$767.41,1.638%,0.6961
03/03/2025,FL,Prospecting | Guitar Players,Paid Social,96492,1368,"$1,013.17",1.418%,0.7407
03/03/2025,FL,Retargeting | Site Visitors,paid_social,48264,955,$617.78,1.979%,0.6469
03/03/2025,FL,Catalog | Best Sellers,Meta,56180,897,$640.45,1.597%,0.7138
03/03/2025,NY,Prospecting | Guitar Players,Paid Social,103438,1368,"$1,086.10",1.323%,0.7937
03/03/2025,NY,Retargeting | Site Visitors,paid_social,45765,1015,$585.79,2.218%,0.5772
03/03/2025,NY,Catalog | Best Sellers,Meta,65566,1174,$747.45,1.790%,0.6369
03/10/2025,CA,Prospecting | Guitar Players,paid_social,137376,1930,"$1,442.45",1.405%,0.7473
03/10/2025,CA,Retargeting | Site Visitors,Meta,69155,1436,$885.19,2.076%,0.6166
03/10/2025,CA,Catalog | Best Sellers,Paid Social,88065,1512,"$1,003.94",1.717%,0.664
03/10/2025,TX,Prospecting | Guitar Players,paid_social,95969,1388,"$1,007.68",1.447%,0.7258
03/10/2025,TX,Retargeting | Site Visitors,Meta,58306,1290,$746.31,2.212%,0.5787
03/10/2025,TX,Catalog | Best Sellers,Paid Social,72488,1283,$826.36,1.769%,0.6443
03/10/2025,FL,Prospecting | Guitar Players,paid_social,85371,1155,$896.40,1.353%,0.7759
03/10/2025,FL,Retargeting | Site Visitors,Meta,48586,1004,$621.91,2.066%,0.6195
03/10/2025,FL,Catalog | Best Sellers,Paid Social,65703,1083,$749.01,1.648%,0.6918
03/10/2025,NY,Prospecting | Guitar Players,paid_social,96307,1281,"$1,011.22",1.330%,0.7896
03/10/2025,NY,Retargeting | Site Visitors,Meta,51373,1049,$657.57,2.042%,0.6269
03/10/2025,NY,Catalog | Best Sellers,Paid Social,59523,1050,$678.57,1.764%,0.6463
03/17/2025,CA,Prospecting | Guitar Players,Meta,131925,1880,"$1,385.21",1.425%,0.7369
03/17/2025,CA,Retargeting | Site Visitors,Paid Social,73452,1627,$940.19,2.215%,0.5779
03/17/2025,CA,Catalog | Best Sellers,paid_social,92372,1489,"$1,053.04",1.612%,0.7072
03/17/2025,TX,Prospecting | Guitar Players,Meta,99160,1396,"$1,041.18",1.408%,0.7459
03/17/2025,TX,Retargeting | Site Visitors,Paid Social,59907,1306,$766.81,2.181%,0.587
03/17/2025,TX,Catalog | Best Sellers,paid_social,76151,1364,$868.12,1.791%,0.6367
03/17/2025,FL,Prospecting | Guitar Players,Meta,96055,1396,"$1,008.57",1.453%,0.7224
03/17/2025,FL,Retargeting | Site Visitors,Paid Social,41944,894,$536.88,2.131%,0.6005
03/17/2025,FL,Catalog | Best Sellers,paid_social,59308,992,$676.11,1.672%,0.6816
03/17/2025,NY,Prospecting | Guitar Players,Meta,102983,1541,"$1,081.32",1.497%,0.7016
03/17/2025,NY,Retargeting | Site Visitors,Paid Social,51552,1099,$659.86,2.131%,0.6006
03/17/2025,NY,Catalog | Best Sellers,paid_social,73699,1240,$840.17,1.682%,0.6778
03/24/2025,CA,Prospecting | Guitar Players,Paid Social,143563,1899,"$1,507.41",1.323%,0.7936
03/24/2025,CA,Retargeting | Site Visitors,paid_social,61969,1336,$793.20,2.155%,0.5939
03/24/2025,CA,Catalog | Best Sellers,Meta,99810,1732,"$1,137.84",1.735%,0.6569
03/24/2025,TX,Prospecting | Guitar Players,Paid Social,112480,1549,"$1,181.04",1.377%,0.7623
03/24/2025,TX,Retargeting | Site Visitors,paid_social,57713,1271,$738.72,2.202%,0.5812
03/24/2025,TX,Catalog | Best Sellers,Meta,78531,1348,$895.25,1.716%,0.6642
03/24/2025,FL,Prospecting | Guitar Players,Paid Social,85803,1171,$900.93,1.365%,0.7691
03/24/2025,FL,Retargeting | Site Visitors,paid_social,41163,918,$526.89,2.229%,0.5742
03/24/2025,FL,Catalog | Best Sellers,Meta,70457,1174,$803.21,1.666%,0.6844
03/24/2025,NY,Prospecting | Guitar Players,Paid Social,109200,1451,"$1,146.60",1.328%,0.7904
03/24/2025,NY,Retargeting | Site Visitors,paid_social,45374,938,$580.79,2.067%,0.6193
03/24/2025,NY,Catalog | Best Sellers,Meta,58249,972,$664.04,1.668%,0.6833
03/31/2025,CA,Prospecting | Guitar Players,paid_social,160697,2185,"$1,687.31",1.359%,0.7724
03/31/2025,CA,Retargeting | Site Visitors,Meta,81984,1773,"$1,049.39",2.162%,0.592
03/31/2025,CA,Catalog | Best Sellers,Paid Social,109550,1751,"$1,248.87",1.599%,0.7132
03/31/2025,TX,Prospecting | Guitar Players,paid_social,131999,1807,"$1,385.99",1.369%,0.767
03/31/2025,TX,Retargeting | Site Visitors,Meta,52603,1046,$673.32,1.989%,0.6436
03/31/2025,TX,Catalog | Best Sellers,Paid Social,83939,1378,$956.91,1.641%,0.6946
03/31/2025,FL,Prospecting | Guitar Players,paid_social,112419,1608,"$1,180.40",1.431%,0.734
03/31/2025,FL,Retargeting | Site Visitors,Meta,55439,1227,$709.61,2.214%,0.5781
03/31/2025,FL,Catalog | Best Sellers,Paid Social,60163,970,$685.86,1.612%,0.7071
03/31/2025,NY,Prospecting | Guitar Players,paid_social,118604,1770,"$1,245.34",1.492%,0.7037
03/31/2025,NY,Retargeting | Site Visitors,Meta,50737,997,$649.43,1.966%,0.6511
03/31/2025,NY,Catalog | Best Sellers,Paid Social,74104,1244,$844.78,1.679%,0.679
04/07/2025,CA,Prospecting | Guitar Players,Meta,138081,2022,"$1,449.85",1.464%,0.7171
04/07/2025,CA,Retargeting | Site Visitors,Paid Social,60964,1229,$780.34,2.017%,0.6347
04/07/2025,CA,Catalog | Best Sellers,paid_social,91720,1450,"$1,045.60",1.581%,0.7211
04/07/2025,TX,Prospecting | Guitar Players,Meta,96171,1367,"$1,009.80",1.422%,0.7385
04/07/2025,TX,Retargeting | Site Visitors,Paid Social,54110,1105,$692.60,2.042%,0.6268
04/07/2025,TX,Catalog | Best Sellers,paid_social,76319,1342,$870.04,1.758%,0.6483
04/07/2025,FL,Prospecting | Guitar Players,Meta,88004,1257,$924.05,1.428%,0.7351
04/07/2025,FL,Retargeting | Site Visitors,Paid Social,51075,1042,$653.76,2.040%,0.6274
04/07/2025,FL,Catalog | Best Sellers,paid_social,59761,1029,$681.27,1.722%,0.6618
04/07/2025,NY,Prospecting | Guitar Players,Meta,97246,1297,"$1,021.08",1.334%,0.787
04/07/2025,NY,Retargeting | Site Visitors,Paid Social,46127,959,$590.43,2.079%,0.6156
04/07/2025,NY,Catalog | Best Sellers,paid_social,69419,1125,$791.38,1.621%,0.7033
04/14/2025,CA,Prospecting | Guitar Players,Paid Social,134190,1953,"$1,408.99",1.455%,0.7216
04/14/2025,CA,Retargeting | Site Visitors,paid_social,67248,1411,$860.78,2.098%,0.61
04/14/2025,CA,Catalog | Best Sellers,Meta,92494,1605,"$1,054.43",1.735%,0.657
04/14/2025,TX,Prospecting | Guitar Players,Paid Social,105192,1446,"$1,104.52",1.375%,0.7637
04/14/2025,TX,Retargeting | Site Visitors,paid_social,53634,1052,$686.52,1.961%,0.6527
04/14/2025,TX,Catalog | Best Sellers,Meta,74323,1310,$847.29,1.762%,0.647
04/14/2025,FL,Prospecting | Guitar Players,Paid Social,85371,1148,$896.39,1.345%,0.7808
04/14/2025,FL,Retargeting | Site Visitors,paid_social,46507,1005,$595.29,2.160%,0.5925
04/14/2025,FL,Catalog | Best Sellers,Meta,69878,1164,$796.61,1.666%,0.6843
04/14/2025,NY,Prospecting | Guitar Players,Paid Social,89083,1212,$935.37,1.360%,0.7719
04/14/2025,NY,Retargeting | Site Visitors,paid_social,45571,922,$583.31,2.023%,0.6329
04/14/2025,NY,Catalog | Best Sellers,Meta,64975,1129,$740.71,1.738%,0.6559
04/21/2025,CA,Prospecting | Guitar Players,paid_social,117462,1684,"$1,233.35",1.434%,0.7324
04/21/2025,CA,Retargeting | Site Visitors,Meta,66427,1333,$850.26,2.007%,0.6376
04/21/2025,CA,Catalog | Best Sellers,Paid Social,86627,1480,$987.55,1.708%,0.6673
04/21/2025,TX,Prospecting | Guitar Players,paid_social,114799,1584,"$1,205.39",1.380%,0.7611
04/21/2025,TX,Retargeting | Site Visitors,Meta,51764,1143,$662.58,2.208%,0.5797
04/21/2025,TX,Catalog | Best Sellers,Paid Social,81117,1410,$924.73,1.738%,0.656
04/21/2025,FL,Prospecting | Guitar Players,paid_social,84101,1130,$883.06,1.343%,0.7817
04/21/2025,FL,Retargeting | Site Visitors,Meta,40951,914,$524.17,2.233%,0.5732
04/21/2025,FL,Catalog | Best Sellers,Paid Social,57032,1015,$650.16,1.780%,0.6406
04/21/2025,NY,Prospecting | Guitar Players,paid_social,96463,1373,"$1,012.86",1.423%,0.738
04/21/2025,NY,Retargeting | Site Visitors,Meta,48467,1018,$620.38,2.100%,0.6095
04/21/2025,NY,Catalog | Best Sellers,Paid Social,66330,1119,$756.16,1.687%,0.6756
04/28/2025,CA,Prospecting | Guitar Players,Meta,142747,1885,"$1,498.84",1.320%,0.7953
04/28/2025,CA,Retargeting | Site Visitors,Paid Social,59398,1169,$760.30,1.968%,0.6505
04/28/2025,CA,Catalog | Best Sellers,paid_social,87475,1526,$997.21,1.744%,0.6536
04/28/2025,TX,Prospecting | Guitar Players,Meta,95389,1287,"$1,001.58",1.349%,0.7785
04/28/2025,TX,Retargeting | Site Visitors,Paid Social,55878,1128,$715.23,2.018%,0.6342
04/28/2025,TX,Catalog | Best Sellers,paid_social,66598,1068,$759.22,1.603%,0.7112
04/28/2025,FL,Prospecting | Guitar Players,Meta,84106,1100,$883.11,1.308%,0.8029
04/28/2025,FL,Retargeting | Site Visitors,Paid Social,44347,972,$567.64,2.193%,0.5837
04/28/2025,FL,Catalog | Best Sellers,paid_social,61725,1064,$703.67,1.723%,0.6616
04/28/2025,NY,Prospecting | Guitar Players,Meta,108275,1522,"$1,136.88",1.405%,0.7471
04/28/2025,NY,Retargeting | Site Visitors,Paid Social,54977,1142,$703.70,2.077%,0.6161
04/28/2025,NY,Catalog | Best Sellers,paid_social,60214,989,$686.44,1.643%,0.6937
05/05/2025,CA,Prospecting | Guitar Players,Paid Social,138361,1973,"$1,452.79",1.426%,0.7363
05/05/2025,CA,Retargeting | Site Visitors,paid_social,63827,1318,$816.99,2.065%,0.62
05/05/2025,CA,Catalog | Best Sellers,Meta,89913,1504,"$1,025.01",1.673%,0.6816
05/05/2025,TX,Prospecting | Guitar Players,Paid Social,111169,1580,"$1,167.28",1.421%,0.739
05/05/2025,TX,Retargeting | Site Visitors,paid_social,58585,1175,$749.89,2.006%,0.638
05/05/2025,TX,Catalog | Best Sellers,Meta,78237,1314,$891.90,1.680%,0.6786
05/05/2025,FL,Prospecting | Guitar Players,Paid Social,87196,1236,$915.56,1.417%,0.7409
05/05/2025,FL,Retargeting | Site Visitors,paid_social,50029,1036,$640.37,2.070%,0.6184
05/05/2025,FL,Catalog | Best Sellers,Meta,60742,973,$692.46,1.603%,0.7113
05/05/2025,NY,Prospecting | Guitar Players,Paid Social,107452,1607,"$1,128.24",1.495%,0.7023
05/05/2025,NY,Retargeting | Site Visitors,paid_social,43567,927,$557.65,2.128%,0.6015
05/05/2025,NY,Catalog | Best Sellers,Meta,67186,1218,$765.93,1.812%,0.6291
05/12/2025,CA,Prospecting | Guitar Players,paid_social,141415,2082,"$1,484.85",1.472%,0.7133
05/12/2025,CA,Retargeting | Site Visitors,Meta,68500,1448,$876.81,2.113%,0.6057
05/12/2025,CA,Catalog | Best Sellers,Paid Social,90517,1537,"$1,031.90",1.697%,0.6716
05/12/2025,TX,Prospecting | Guitar Players,paid_social,109688,1591,"$1,151.73",1.450%,0.7241
05/12/2025,TX,Retargeting | Site Visitors,Meta,49614,1056,$635.06,2.129%,0.6012
05/12/2025,TX,Catalog | Best Sellers,Paid Social,78749,1283,$897.74,1.629%,0.6996
05/12/2025,FL,Prospecting | Guitar Players,paid_social,105146,1553,"$1,104.03",1.477%,0.7109
05/12/2025,FL,Retargeting | Site Visitors,Meta,52334,1065,$669.88,2.035%,0.6288
05/12/2025,FL,Catalog | Best Sellers,Paid Social,62165,984,$708.68,1.583%,0.7199
05/12/2025,NY,Prospecting | Guitar Players,paid_social,86284,1206,$905.98,1.398%,0.7509
05/12/2025,NY,Retargeting | Site Visitors,Meta,49400,1087,$632.32,2.201%,0.5817
05/12/2025,NY,Catalog | Best Sellers,Paid Social,56983,925,$649.61,1.623%,0.7023
05/19/2025,CA,Prospecting | Guitar Players,Meta,117089,1650,"$1,229.43",1.409%,0.7453
05/19/2025,CA,Retargeting | Site Visitors,Paid Social,61246,1314,$783.94,2.146%,0.5966
05/19/2025,CA,Catalog | Best Sellers,paid_social,77097,1308,$878.90,1.697%,0.6717
05/19/2025,TX,Prospecting | Guitar Players,Meta,107721,1583,"$1,131.07",1.470%,0.7144
05/19/2025,TX,Retargeting | Site Visitors,Paid Social,47546,1014,$608.59,2.133%,0.6
05/19/2025,TX,Catalog | Best Sellers,paid_social,69402,1180,$791.18,1.700%,0.6707
05/19/2025,FL,Prospecting | Guitar Players,Meta,95737,1434,"$1,005.24",1.498%,0.701
05/19/2025,FL,Retargeting | Site Visitors,Paid Social,50056,1101,$640.72,2.200%,0.5817
05/19/2025,FL,Catalog | Best Sellers,paid_social,57264,913,$652.81,1.594%,0.7151
05/19/2025,NY,Prospecting | Guitar Players,Meta,97088,1386,"$1,019.43",1.428%,0.7354
05/19/2025,NY,Retargeting | Site Visitors,Paid Social,47305,925,$605.51,1.956%,0.6544
05/19/2025,NY,Catalog | Best Sellers,paid_social,64748,1101,$738.12,1.700%,0.6705
05/26/2025,CA,Prospecting | Guitar Players,Paid Social,122432,1811,"$1,285.53",1.479%,0.7098
05/26/2025,CA,Retargeting | Site Visitors,paid_social,57005,1228,$729.66,2.153%,0.5944
05/26/2025,CA,Catalog | Best Sellers,Meta,96378,1572,"$1,098.71",1.631%,0.6991
05/26/2025,TX,Prospecting | Guitar Players,Paid Social,105389,1474,"$1,106.58",1.399%,0.7507
05/26/2025,TX,Retargeting | Site Visitors,paid_social,49456,997,$633.03,2.015%,0.6351
05/26/2025,TX,Catalog | Best Sellers,Meta,74899,1324,$853.85,1.768%,0.6449
05/26/2025,FL,Prospecting | Guitar Players,Paid Social,101192,1319,"$1,062.52",1.304%,0.8054
05/26/2025,FL,Retargeting | Site Visitors,paid_social,43732,868,$559.76,1.985%,0.6449
05/26/2025,FL,Catalog | Best Sellers,Meta,60448,964,$689.11,1.595%,0.7149
05/26/2025,NY,Prospecting | Guitar Players,Paid Social,88251,1169,$926.64,1.325%,0.7925
05/26/2025,NY,Retargeting | Site Visitors,paid_social,53826,1157,$688.97,2.149%,0.5957
05/26/2025,NY,Catalog | Best Sellers,Meta,65157,1049,$742.79,1.610%,0.708
06/02/2025,CA,Prospecting | Guitar Players,paid_social,132213,1942,"$1,388.23",1.469%,0.7149
06/02/2025,CA,Retargeting | Site Visitors,Meta,68608,1515,$878.19,2.209%,0.5795
06/02/2025,CA,Catalog | Best Sellers,Paid Social,83040,1427,$946.66,1.718%,0.6634
06/02/2025,TX,Prospecting | Guitar Players,paid_social,106392,1590,"$1,117.12",1.495%,0.7025
06/02/2025,TX,Retargeting | Site Visitors,Meta,48714,995,$623.54,2.043%,0.6266
06/02/2025,TX,Catalog | Best Sellers,Paid Social,74261,1258,$846.58,1.694%,0.6731
06/02/2025,FL,Prospecting | Guitar Players,paid_social,84646,1178,$888.78,1.391%,0.7547
06/02/2025,FL,Retargeting | Site Visitors,Meta,45536,925,$582.87,2.032%,0.6298
06/02/2025,FL,Catalog | Best Sellers,Paid Social,62991,1011,$718.10,1.606%,0.71
06/02/2025,NY,Prospecting | Guitar Players,paid_social,84334,1133,$885.50,1.344%,0.7814
06/02/2025,NY,Retargeting | Site Visitors,Meta,45049,944,$576.62,2.096%,0.6107
06/02/2025,NY,Catalog | Best Sellers,Paid Social,60781,1052,$692.90,1.731%,0.6587
06/09/2025,CA,Prospecting | Guitar Players,Meta,112816,1560,"$1,184.57",1.382%,0.7596
06/09/2025,CA,Retargeting | Site Visitors,Paid Social,65573,1465,$839.34,2.235%,0.5728
06/09/2025,CA,Catalog | Best Sellers,paid_social,78453,1412,$894.36,1.800%,0.6333
06/09/2025,TX,Prospecting | Guitar Players,Meta,107628,1441,"$1,130.09",1.339%,0.784
06/09/2025,TX,Retargeting | Site Visitors,Paid Social,59594,1277,$762.80,2.143%,0.5972
06/09/2025,TX,Catalog | Best Sellers,paid_social,75293,1298,$858.34,1.724%,0.6614
06/09/2025,FL,Prospecting | Guitar Players,Meta,101204,1326,"$1,062.64",1.311%,0.8012
06/09/2025,FL,Retargeting | Site Visitors,Paid Social,42023,859,$537.89,2.043%,0.6264
06/09/2025,FL,Catalog | Best Sellers,paid_social,59568,999,$679.08,1.677%,0.68
06/09/2025,NY,Prospecting | Guitar Players,Meta,91816,1257,$964.07,1.369%,0.7671
06/09/2025,NY,Retargeting | Site Visitors,Paid Social,44074,906,$564.14,2.057%,0.6224
06/09/2025,NY,Catalog | Best Sellers,paid_social,56165,949,$640.28,1.689%,0.6749
06/16/2025,CA,Prospecting | Guitar Players,Paid Social,140138,1893,"$1,471.45",1.351%,0.7774
06/16/2025,CA,Retargeting | Site Visitors,paid_social,54939,1139,$703.22,2.073%,0.6174
06/16/2025,CA,Catalog | Best Sellers,Meta,89019,1427,"$1,014.81",1.603%,0.7113
06/16/2025,TX,Prospecting | Guitar Players,Paid Social,114660,1701,"$1,203.93",1.484%,0.7076
06/16/2025,TX,Retargeting | Site Visitors,paid_social,53002,1163,$678.43,2.195%,0.5833
06/16/2025,TX,Catalog | Best Sellers,Meta,68829,1251,$784.65,1.818%,0.627
06/16/2025,FL,Prospecting | Guitar Players,Paid Social,86331,1286,$906.47,1.489%,0.7051
06/16/2025,FL,Retargeting | Site Visitors,paid_social,42772,960,$547.48,2.245%,0.5701
06/16/2025,FL,Catalog | Best Sellers,Meta,66553,1164,$758.71,1.748%,0.652
06/16/2025,NY,Prospecting | Guitar Players,Paid Social,99312,1465,"$1,042.77",1.475%,0.7117
06/16/2025,NY,Retargeting | Site Visitors,paid_social,42916,866,$549.33,2.019%,0.6341
06/16/2025,NY,Catalog | Best Sellers,Meta,63018,1009,$718.41,1.600%,0.7123
06/23/2025,CA,Prospecting | Guitar Players,paid_social,129892,1833,"$1,363.87",1.411%,0.744
06/23/2025,CA,Retargeting | Site Visitors,Meta,63711,1345,$815.50,2.112%,0.6062
06/23/2025,CA,Catalog | Best Sellers,Paid Social,86829,1559,$989.85,1.796%,0.6349
06/23/2025,TX,Prospecting | Guitar Players,paid_social,96599,1434,"$1,014.29",1.485%,0.7073
06/23/2025,TX,Retargeting | Site Visitors,Meta,52501,1157,$672.02,2.204%,0.5807
06/23/2025,TX,Catalog | Best Sellers,Paid Social,70566,1268,$804.46,1.797%,0.6344
06/23/2025,FL,Prospecting | Guitar Players,paid_social,85672,1219,$899.56,1.423%,0.7381
06/23/2025,FL,Retargeting | Site Visitors,Meta,49708,1003,$636.26,2.019%,0.6341
06/23/2025,FL,Catalog | Best Sellers,Paid Social,57039,999,$650.25,1.751%,0.6512
06/23/2025,NY,Prospecting | Guitar Players,paid_social,93095,1379,$977.50,1.481%,0.7088
06/23/2025,NY,Retargeting | Site Visitors,Meta,43911,968,$562.07,2.203%,0.5809
06/23/2025,NY,Catalog | Best Sellers,Paid Social,59349,946,$676.57,1.593%,0.7156
06/30/2025,CA,Prospecting | Guitar Players,Meta,134006,1889,"$1,407.07",1.410%,0.7447
06/30/2025,CA,Retargeting | Site Visitors,Paid Social,61276,1307,$784.34,2.133%,0.6001
06/30/2025,CA,Catalog | Best Sellers,paid_social,80983,1349,$923.20,1.666%,0.6843
06/30/2025,TX,Prospecting | Guitar Players,Meta,112470,1625,"$1,180.93",1.445%,0.7269
06/30/2025,TX,Retargeting | Site Visitors,Paid Social,50526,1059,$646.73,2.096%,0.6107
06/30/2025,TX,Catalog | Best Sellers,paid_social,70535,1260,$804.10,1.787%,0.638
06/30/2025,FL,Prospecting | Guitar Players,Meta,108233,1565,"$1,136.45",1.446%,0.7263
06/30/2025,FL,Retargeting | Site Visitors,Paid Social,51921,1022,$664.58,1.969%,0.65
06/30/2025,FL,Catalog | Best Sellers,paid_social,60114,994,$685.30,1.654%,0.6893
06/30/2025,NY,Prospecting | Guitar Players,Meta,106987,1480,"$1,123.36",1.383%,0.7591
06/30/2025,NY,Retargeting | Site Visitors,Paid Social,48969,1074,$626.80,2.193%,0.5838
06/30/2025,NY,Catalog | Best Sellers,paid_social,66328,1121,$756.14,1.690%,0.6744
07/07/2025,CA,Prospecting | Guitar Players,Paid Social,122104,1667,"$1,282.09",1.365%,0.769
07/07/2025,CA,Retargeting | Site Visitors,paid_social,54934,1110,$703.16,2.021%,0.6334
07/07/2025,CA,Catalog | Best Sellers,Meta,77722,1321,$886.03,1.699%,0.6709
07/07/2025,TX,Prospecting | Guitar Players,Paid Social,109051,1450,"$1,145.04",1.329%,0.7899
07/07/2025,TX,Retargeting | Site Visitors,paid_social,48911,992,$626.06,2.028%,0.6311
07/07/2025,TX,Catalog | Best Sellers,Meta,69599,1121,$793.43,1.610%,0.7081
07/07/2025,FL,Prospecting | Guitar Players,Paid Social,95937,1414,"$1,007.34",1.474%,0.7122
07/07/2025,FL,Retargeting | Site Visitors,paid_social,48706,1093,$623.44,2.245%,0.5702
07/07/2025,FL,Catalog | Best Sellers,Meta,64534,1102,$735.69,1.707%,0.6677
07/07/2025,NY,Prospecting | Guitar Players,Paid Social,89233,1282,$936.95,1.437%,0.7308
07/07/2025,NY,Retargeting | Site Visitors,paid_social,50298,1031,$643.81,2.050%,0.6244
07/07/2025,NY,Catalog | Best Sellers,Meta,54621,973,$622.68,1.781%,0.6401
07/14/2025,CA,Prospecting | Guitar Players,paid_social,126825,1713,"$1,331.66",1.350%,0.7775
07/14/2025,CA,Retargeting | Site Visitors,Meta,63298,1368,$810.22,2.162%,0.5921
07/14/2025,CA,Catalog | Best Sellers,Paid Social,91493,1479,"$1,043.02",1.617%,0.7051
07/14/2025,TX,Prospecting | Guitar Players,paid_social,110716,1461,"$1,162.52",1.319%,0.7958
07/14/2025,TX,Retargeting | Site Visitors,Meta,57472,1162,$735.64,2.022%,0.633
07/14/2025,TX,Catalog | Best Sellers,Paid Social,62014,994,$706.96,1.602%,0.7116
07/14/2025,FL,Prospecting | Guitar Players,paid_social,95957,1365,"$1,007.55",1.422%,0.7383
07/14/2025,FL,Retargeting | Site Visitors,Meta,43783,983,$560.42,2.244%,0.5703
07/14/2025,FL,Catalog | Best Sellers,Paid Social,57320,1037,$653.45,1.809%,0.6301
07/14/2025,NY,Prospecting | Guitar Players,paid_social,95044,1274,$997.96,1.341%,0.7831
07/14/2025,NY,Retargeting | Site Visitors,Meta,43257,886,$553.69,2.048%,0.6251
07/14/2025,NY,Catalog | Best Sellers,Paid Social,59914,964,$683.02,1.610%,0.7082
07/21/2025,CA,Prospecting | Guitar Players,Meta,110044,1593,"$1,155.46",1.448%,0.7252
07/21/2025,CA,Retargeting | Site Visitors,Paid Social,65617,1437,$839.90,2.189%,0.5847
07/21/2025,CA,Catalog | Best Sellers,paid_social,77153,1251,$879.54,1.621%,0.7032
07/21/2025,TX,Prospecting | Guitar Players,Meta,102314,1335,"$1,074.30",1.305%,0.8047
07/21/2025,TX,Retargeting | Site Visitors,Paid Social,46570,1046,$596.09,2.246%,0.57
07/21/2025,TX,Catalog | Best Sellers,paid_social,70203,1164,$800.31,1.659%,0.6873
07/21/2025,FL,Prospecting | Guitar Players,Meta,91486,1213,$960.61,1.326%,0.7921
07/21/2025,FL,Retargeting | Site Visitors,Paid Social,41023,908,$525.10,2.214%,0.5782
07/21/2025,FL,Catalog | Best Sellers,paid_social,55449,923,$632.11,1.664%,0.6849
07/21/2025,NY,Prospecting | Guitar Players,Meta,77961,1141,$818.59,1.464%,0.7174
07/21/2025,NY,Retargeting | Site Visitors,Paid Social,49737,1047,$636.64,2.104%,0.6083
07/21/2025,NY,Catalog | Best Sellers,paid_social,59178,1035,$674.63,1.750%,0.6516
07/28/2025,CA,Prospecting | Guitar Players,Paid Social,136298,1889,"$1,431.13",1.386%,0.7578
07/28/2025,CA,Retargeting | Site Visitors,paid_social,66735,1383,$854.21,2.073%,0.6175
07/28/2025,CA,Catalog | Best Sellers,Meta,80373,1288,$916.26,1.603%,0.7113
07/28/2025,TX,Prospecting | Guitar Players,Paid Social,90832,1303,$953.74,1.434%,0.7321
07/28/2025,TX,Retargeting | Site Visitors,paid_social,43903,919,$561.95,2.092%,0.6117
07/28/2025,TX,Catalog | Best Sellers,Meta,74759,1340,$852.25,1.793%,0.6359
07/28/2025,FL,Prospecting | Guitar Players,Paid Social,95824,1356,"$1,006.16",1.415%,0.742
07/28/2025,FL,Retargeting | Site Visitors,paid_social,46141,1003,$590.60,2.174%,0.5888
07/28/2025,FL,Catalog | Best Sellers,Meta,62269,1066,$709.87,1.712%,0.6659
07/28/2025,NY,Prospecting | Guitar Players,Paid Social,87824,1228,$922.15,1.398%,0.7511
07/28/2025,NY,Retargeting | Site Visitors,paid_social,44848,890,$574.06,1.984%,0.645
07/28/2025,NY,Catalog | Best Sellers,Meta,56460,934,$643.64,1.655%,0.6888
08/04/2025,CA,Prospecting | Guitar Players,paid_social,143602,1906,"$1,507.82",1.327%,0.7912
08/04/2025,CA,Retargeting | Site Visitors,Meta,64467,1331,$825.18,2.065%,0.6198
08/04/2025,CA,Catalog | Best Sellers,Paid Social,92951,1578,"$1,059.64",1.698%,0.6713
08/04/2025,TX,Prospecting | Guitar Players,paid_social,101578,1344,"$1,066.57",1.323%,0.7936
08/04/2025,TX,Retargeting | Site Visitors,Meta,54693,1103,$700.08,2.016%,0.6349
08/04/2025,TX,Catalog | Best Sellers,Paid Social,82654,1402,$942.25,1.696%,0.6721
08/04/2025,FL,Prospecting | Guitar Players,paid_social,97752,1377,"$1,026.39",1.408%,0.7457
08/04/2025,FL,Retargeting | Site Visitors,Meta,45977,949,$588.51,2.065%,0.6198
08/04/2025,FL,Catalog | Best Sellers,Paid Social,68509,1125,$781.00,1.642%,0.6941
08/04/2025,NY,Prospecting | Guitar Players,paid_social,91938,1339,$965.35,1.457%,0.7207
08/04/2025,NY,Retargeting | Site Visitors,Meta,45865,923,$587.07,2.013%,0.6358
08/04/2025,NY,Catalog | Best Sellers,Paid Social,73507,1236,$837.97,1.682%,0.6778
08/11/2025,CA,Prospecting | Guitar Players,Meta,141438,1938,"$1,485.10",1.370%,0.7662
08/11/2025,CA,Retargeting | Site Visitors,Paid Social,59910,1181,$766.85,1.971%,0.6493
08/11/2025,CA,Catalog | Best Sellers,paid_social,93586,1599,"$1,066.88",1.709%,0.6671
08/11/2025,TX,Prospecting | Guitar Players,Meta,105258,1518,"$1,105.21",1.443%,0.7278
08/11/2025,TX,Retargeting | Site Visitors,Paid Social,52903,1171,$677.16,2.214%,0.5781
08/11/2025,TX,Catalog | Best Sellers,paid_social,83793,1450,$955.24,1.730%,0.659
08/11/2025,FL,Prospecting | Guitar Players,Meta,94976,1302,$997.25,1.371%,0.7659
08/11/2025,FL,Retargeting | Site Visitors,Paid Social,49482,1055,$633.38,2.133%,0.6002
08/11/2025,FL,Catalog | Best Sellers,paid_social,60161,1015,$685.83,1.686%,0.676
08/11/2025,NY,Prospecting | Guitar Players,Meta,107804,1494,"$1,131.94",1.386%,0.7577
08/11/2025,NY,Retargeting | Site Visitors,Paid Social,43269,893,$553.84,2.064%,0.6203
08/11/2025,NY,Catalog | Best Sellers,paid_social,59510,946,$678.41,1.590%,0.717
08/18/2025,CA,Prospecting | Guitar Players,Paid Social,146475,1982,"$1,537.99",1.353%,0.7758
08/18/2025,CA,Retargeting | Site Visitors,paid_social,72422,1480,$927.00,2.044%,0.6263
08/18/2025,CA,Catalog | Best Sellers,Meta,87733,1539,"$1,000.15",1.754%,0.65
08/18/2025,TX,Prospecting | Guitar Players,Paid Social,108398,1441,"$1,138.18",1.330%,0.7896
08/18/2025,TX,Retargeting | Site Visitors,paid_social,49022,1017,$627.48,2.074%,0.6172
08/18/2025,TX,Catalog | Best Sellers,Meta,70248,1243,$800.83,1.770%,0.6442
08/18/2025,FL,Prospecting | Guitar Players,Paid Social,91141,1225,$956.98,1.345%,0.7809
08/18/2025,FL,Retargeting | Site Visitors,paid_social,52695,1119,$674.49,2.124%,0.6028
08/18/2025,FL,Catalog | Best Sellers,Meta,67259,1163,$766.75,1.728%,0.6596
08/18/2025,NY,Prospecting | Guitar Players,Paid Social,92534,1257,$971.60,1.359%,0.7728
08/18/2025,NY,Retargeting | Site Visitors,paid_social,52107,1115,$666.97,2.140%,0.598
08/18/2025,NY,Catalog | Best Sellers,Meta,64053,1080,$730.20,1.687%,0.6759
08/25/2025,CA,Prospecting | Guitar Players,paid_social,143266,2115,"$1,504.29",1.477%,0.7111
08/25/2025,CA,Retargeting | Site Visitors,Meta,68094,1333,$871.61,1.957%,0.6541
08/25/2025,CA,Catalog | Best Sellers,Paid Social,96805,1744,"$1,103.57",1.802%,0.6326
08/25/2025,TX,Prospecting | Guitar Players,paid_social,110164,1502,"$1,156.72",1.364%,0.7699
08/25/2025,TX,Retargeting | Site Visitors,Meta,52402,1138,$670.74,2.172%,0.5893
08/25/2025,TX,Catalog | Best Sellers,Paid Social,78023,1340,$889.47,1.717%,0.664
08/25/2025,FL,Prospecting | Guitar Players,paid_social,103149,1399,"$1,083.06",1.356%,0.7741
08/25/2025,FL,Retargeting | Site Visitors,Meta,46513,1001,$595.36,2.152%,0.5949
08/25/2025,FL,Catalog | Best Sellers,Paid Social,61924,1072,$705.93,1.731%,0.6584
08/25/2025,NY,Prospecting | Guitar Players,paid_social,100151,1317,"$1,051.59",1.315%,0.7982
08/25/2025,NY,Retargeting | Site Visitors,Meta,42474,844,$543.67,1.986%,0.6445
08/25/2025,NY,Catalog | Best Sellers,Paid Social,67666,1194,$771.39,1.764%,0.6463
09/01/2025,CA,Prospecting | Guitar Players,Meta,119771,1595,"$1,257.59",1.332%,0.7885
09/01/2025,CA,Retargeting | Site Visitors,Paid Social,68189,1368,$872.81,2.007%,0.6379
09/01/2025,CA,Catalog | Best Sellers,paid_social,87219,1401,$994.30,1.606%,0.7099
09/01/2025,TX,Prospecting | Guitar Players,Meta,102011,1500,"$1,071.12",1.471%,0.714
09/01/2025,TX,Retargeting | Site Visitors,Paid Social,50818,1103,$650.47,2.171%,0.5896
09/01/2025,TX,Catalog | Best Sellers,paid_social,82650,1438,$942.22,1.740%,0.6551
09/01/2025,FL,Prospecting | Guitar Players,Meta,91349,1319,$959.17,1.444%,0.7273
09/01/2025,FL,Retargeting | Site Visitors,Paid Social,41806,823,$535.12,1.967%,0.6506
09/01/2025,FL,Catalog | Best Sellers,paid_social,63808,1138,$727.42,1.783%,0.6394
09/01/2025,NY,Prospecting | Guitar Players,Meta,102075,1427,"$1,071.78",1.398%,0.751
09/01/2025,NY,Retargeting | Site Visitors,Paid Social,50404,1052,$645.17,2.087%,0.6134
09/01/2025,NY,Catalog | Best Sellers,paid_social,73448,1237,$837.30,1.684%,0.677
09/08/2025,CA,Prospecting | Guitar Players,Paid Social,122312,1669,"$1,284.27",1.364%,0.7696
09/08/2025,CA,Retargeting | Site Visitors,paid_social,62856,1381,$804.55,2.197%,0.5825
09/08/2025,CA,Catalog | Best Sellers,Meta,85278,1353,$972.17,1.587%,0.7183
09/08/2025,TX,Prospecting | Guitar Players,Paid Social,102430,1494,"$1,075.52",1.458%,0.72
09/08/2025,TX,Retargeting | Site Visitors,paid_social,47299,1060,$605.42,2.240%,0.5714
09/08/2025,TX,Catalog | Best Sellers,Meta,65720,1118,$749.21,1.701%,0.6703
09/08/2025,FL,Prospecting | Guitar Players,Paid Social,95626,1347,"$1,004.07",1.408%,0.7455
09/08/2025,FL,Retargeting | Site Visitors,paid_social,49910,1067,$638.84,2.139%,0.5985
09/08/2025,FL,Catalog | Best Sellers,Meta,56193,1005,$640.60,1.788%,0.6377
09/08/2025,NY,Prospecting | Guitar Players,Paid Social,98968,1432,"$1,039.17",1.447%,0.7254
09/08/2025,NY,Retargeting | Site Visitors,paid_social,45167,940,$578.14,2.081%,0.615
09/08/2025,NY,Catalog | Best Sellers,Meta,69194,1240,$788.82,1.792%,0.6363
09/15/2025,CA,Prospecting | Guitar Players,paid_social,116466,1666,"$1,222.89",1.431%,0.7338
09/15/2025,CA,Retargeting | Site Visitors,Meta,68740,1431,$879.87,2.082%,0.6147
09/15/2025,CA,Catalog | Best Sellers,Paid Social,94192,1700,"$1,073.78",1.805%,0.6316
09/15/2025,TX,Prospecting | Guitar Players,paid_social,113184,1618,"$1,188.44",1.429%,0.7347
09/15/2025,TX,Retargeting | Site Visitors,Meta,50015,1018,$640.19,2.035%,0.6291
09/15/2025,TX,Catalog | Best Sellers,Paid Social,69280,1211,$789.79,1.749%,0.6519
09/15/2025,FL,Prospecting | Guitar Players,paid_social,89614,1301,$940.95,1.452%,0.7233
09/15/2025,FL,Retargeting | Site Visitors,Meta,43375,949,$555.20,2.188%,0.5849
09/15/2025,FL,Catalog | Best Sellers,Paid Social,59695,1050,$680.53,1.759%,0.6483
09/15/2025,NY,Prospecting | Guitar Players,paid_social,99630,1376,"$1,046.12",1.381%,0.7602
09/15/2025,NY,Retargeting | Site Visitors,Meta,49157,1046,$629.21,2.128%,0.6016
09/15/2025,NY,Catalog | Best Sellers,Paid Social,70026,1223,$798.30,1.746%,0.6528
09/22/2025,CA,Prospecting | Guitar Players,Meta,127466,1839,"$1,338.39",1.442%,0.7279
09/22/2025,CA,Retargeting | Site Visitors,Paid Social,72033,1606,$922.03,2.230%,0.574
09/22/2025,CA,Catalog | Best Sellers,paid_social,93703,1495,"$1,068.21",1.596%,0.7145
09/22/2025,TX,Prospecting | Guitar Players,Meta,117330,1664,"$1,231.96",1.418%,0.7402
09/22/2025,TX,Retargeting | Site Visitors,Paid Social,50180,1022,$642.30,2.037%,0.6285
09/22/2025,TX,Catalog | Best Sellers,paid_social,70725,1250,$806.27,1.768%,0.6449
09/22/2025,FL,Prospecting | Guitar Players,Meta,88778,1274,$932.17,1.435%,0.7316
09/22/2025,FL,Retargeting | Site Visitors,Paid Social,44888,889,$574.56,1.981%,0.6462
09/22/2025,FL,Catalog | Best Sellers,paid_social,62724,1025,$715.06,1.634%,0.6976
09/22/2025,NY,Prospecting | Guitar Players,Meta,97751,1455,"$1,026.39",1.489%,0.7053
09/22/2025,NY,Retargeting | Site Visitors,Paid Social,44180,977,$565.51,2.212%,0.5786
09/22/2025,NY,Catalog | Best Sellers,paid_social,66498,1175,$758.08,1.767%,0.6452
09/29/2025,CA,Prospecting | Guitar Players,Paid Social,133224,1931,"$1,398.85",1.449%,0.7245
09/29/2025,CA,Retargeting | Site Visitors,paid_social,69953,1509,$895.39,2.157%,0.5934
09/29/2025,CA,Catalog | Best Sellers,Meta,97787,1711,"$1,114.78",1.749%,0.6516
09/29/2025,TX,Prospecting | Guitar Players,Paid Social,133544,1813,"$1,402.22",1.358%,0.7734
09/29/2025,TX,Retargeting | Site Visitors,paid_social,57258,1272,$732.91,2.221%,0.5763
09/29/2025,TX,Catalog | Best Sellers,Meta,80083,1267,$912.94,1.582%,0.7204
09/29/2025,FL,Prospecting | Guitar Players,Paid Social,96555,1383,"$1,013.82",1.432%,0.7331
09/29/2025,FL,Retargeting | Site Visitors,paid_social,53336,1064,$682.71,1.995%,0.6415
09/29/2025,FL,Catalog | Best Sellers,Meta,69973,1272,$797.70,1.818%,0.6271
09/29/2025,NY,Prospecting | Guitar Players,Paid Social,102574,1349,"$1,077.03",1.315%,0.7986
09/29/2025,NY,Retargeting | Site Visitors,paid_social,48448,1068,$620.13,2.204%,0.5808
09/29/2025,NY,Catalog | Best Sellers,Meta,64432,1056,$734.53,1.640%,0.6953
10/06/2025,CA,Prospecting | Guitar Players,paid_social,120130,1640,"$1,261.36",1.365%,0.7692
10/06/2025,CA,Retargeting | Site Visitors,Meta,53353,1077,$682.92,2.018%,0.6342
10/06/2025,CA,Catalog | Best Sellers,Paid Social,69329,1221,$790.35,1.761%,0.6473
10/06/2025,TX,Prospecting | Guitar Players,paid_social,101217,1330,"$1,062.78",1.314%,0.7993
10/06/2025,TX,Retargeting | Site Visitors,Meta,47055,1036,$602.31,2.201%,0.5816
10/06/2025,TX,Catalog | Best Sellers,Paid Social,66839,1211,$761.97,1.812%,0.6292
10/06/2025,FL,Prospecting | Guitar Players,paid_social,88043,1206,$924.45,1.370%,0.7662
10/06/2025,FL,Retargeting | Site Visitors,Meta,43977,952,$562.90,2.165%,0.5912
10/06/2025,FL,Catalog | Best Sellers,Paid Social,58457,1048,$666.41,1.793%,0.6357
10/06/2025,NY,Prospecting | Guitar Players,paid_social,85983,1268,$902.83,1.474%,0.7123
10/06/2025,NY,Retargeting | Site Visitors,Meta,37630,807,$481.66,2.146%,0.5966
10/06/2025,NY,Catalog | Best Sellers,Paid Social,64012,1087,$729.74,1.698%,0.6714
10/13/2025,CA,Prospecting | Guitar Players,Meta,101890,1488,"$1,069.84",1.460%,0.7192
10/13/2025,CA,Retargeting | Site Visitors,Paid Social,64893,1422,$830.63,2.191%,0.5842
10/13/2025,CA,Catalog | Best Sellers,paid_social,78679,1407,$896.94,1.789%,0.6374
10/13/2025,TX,Prospecting | Guitar Players,Meta,85732,1176,$900.19,1.371%,0.7657
10/13/2025,TX,Retargeting | Site Visitors,Paid Social,45886,990,$587.34,2.158%,0.5932
10/13/2025,TX,Catalog | Best Sellers,paid_social,65538,1138,$747.14,1.736%,0.6568
10/13/2025,FL,Prospecting | Guitar Players,Meta,89901,1228,$943.96,1.366%,0.7686
10/13/2025,FL,Retargeting | Site Visitors,Paid Social,45892,973,$587.42,2.120%,0.6039
10/13/2025,FL,Catalog | Best Sellers,paid_social,54861,981,$625.41,1.787%,0.6378
10/13/2025,NY,Prospecting | Guitar Players,Meta,86100,1286,$904.05,1.493%,0.7031
10/13/2025,NY,Retargeting | Site Visitors,Paid Social,48211,1046,$617.11,2.169%,0.5901
10/13/2025,NY,Catalog | Best Sellers,paid_social,50544,825,$576.21,1.632%,0.6984
10/20/2025,CA,Prospecting | Guitar Players,Paid Social,115895,1545,"$1,216.90",1.333%,0.7875
10/20/2025,CA,Retargeting | Site Visitors,paid_social,63047,1313,$807.00,2.083%,0.6144
10/20/2025,CA,Catalog | Best Sellers,Meta,77734,1333,$886.17,1.715%,0.6649
10/20/2025,TX,Prospecting | Guitar Players,Paid Social,103857,1514,"$1,090.50",1.457%,0.7205
10/20/2025,TX,Retargeting | Site Visitors,paid_social,49432,992,$632.73,2.007%,0.6378
10/20/2025,TX,Catalog | Best Sellers,Meta,71574,1234,$815.95,1.723%,0.6615
10/20/2025,FL,Prospecting | Guitar Players,Paid Social,85336,1274,$896.03,1.492%,0.7036
10/20/2025,FL,Retargeting | Site Visitors,paid_social,43340,964,$554.75,2.225%,0.5753
10/20/2025,FL,Catalog | Best Sellers,Meta,58350,948,$665.19,1.624%,0.702
10/20/2025,NY,Prospecting | Guitar Players,Paid Social,76002,994,$798.02,1.308%,0.8025
10/20/2025,NY,Retargeting | Site Visitors,paid_social,39722,867,$508.44,2.184%,0.5861
10/20/2025,NY,Catalog | Best Sellers,Meta,63939,1126,$728.91,1.761%,0.6473
10/27/2025,CA,Prospecting | Guitar Players,paid_social,116706,1604,"$1,225.41",1.375%,0.7638
10/27/2025,CA,Retargeting | Site Visitors,Meta,64986,1421,$831.82,2.187%,0.5854
10/27/2025,CA,Catalog | Best Sellers,Paid Social,77046,1308,$878.32,1.698%,0.6716
10/27/2025,TX,Prospecting | Guitar Players,paid_social,96715,1419,"$1,015.51",1.467%,0.7158
10/27/2025,TX,Retargeting | Site Visitors,Meta,51088,1129,$653.93,2.210%,0.5792
10/27/2025,TX,Catalog | Best Sellers,Paid Social,59814,1048,$681.88,1.751%,0.6509
10/27/2025,FL,Prospecting | Guitar Players,paid_social,83848,1099,$880.40,1.310%,0.8014
10/27/2025,FL,Retargeting | Site Visitors,Meta,37140,792,$475.39,2.132%,0.6002
10/27/2025,FL,Catalog | Best Sellers,Paid Social,54360,978,$619.71,1.800%,0.6334
10/27/2025,NY,Prospecting | Guitar Players,paid_social,81780,1156,$858.69,1.413%,0.743
10/27/2025,NY,Retargeting | Site Visitors,Meta,39607,799,$506.97,2.018%,0.6344
10/27/2025,NY,Catalog | Best Sellers,Paid Social,60005,979,$684.05,1.632%,0.6987
11/03/2025,CA,Prospecting | Guitar Players,Meta,151487,1977,"$1,590.61",1.305%,0.8044
11/03/2025,CA,Retargeting | Site Visitors,Paid Social,70259,1438,$899.31,2.047%,0.6254
11/03/2025,CA,Catalog | Best Sellers,paid_social,101786,1702,"$1,160.36",1.672%,0.6818
11/03/2025,TX,Prospecting | Guitar Players,Meta,122747,1809,"$1,288.84",1.474%,0.7126
11/03/2025,TX,Retargeting | Site Visitors,Paid Social,55688,1246,$712.81,2.237%,0.5723
11/03/2025,TX,Catalog | Best Sellers,paid_social,86056,1404,$981.04,1.631%,0.6988
11/03/2025,FL,Prospecting | Guitar Players,Meta,98565,1367,"$1,034.93",1.387%,0.7571
11/03/2025,FL,Retargeting | Site Visitors,Paid Social,56801,1260,$727.06,2.219%,0.5768
11/03/2025,FL,Catalog | Best Sellers,paid_social,68892,1138,$785.36,1.651%,0.6904
11/03/2025,NY,Prospecting | Guitar Players,Meta,113216,1625,"$1,188.76",1.435%,0.7316
11/03/2025,NY,Retargeting | Site Visitors,Paid Social,62233,1297,$796.59,2.084%,0.6142
11/03/2025,NY,Catalog | Best Sellers,paid_social,78280,1249,$892.39,1.595%,0.7146
11/10/2025,CA,Prospecting | Guitar Players,Paid Social,169228,2211,"$1,776.90",1.307%,0.8035
11/10/2025,CA,Retargeting | Site Visitors,paid_social,77577,1709,$992.98,2.203%,0.5811
11/10/2025,CA,Catalog | Best Sellers,Meta,98074,1615,"$1,118.04",1.647%,0.6921
11/10/2025,TX,Prospecting | Guitar Players,Paid Social,125642,1761,"$1,319.24",1.402%,0.749
11/10/2025,TX,Retargeting | Site Visitors,paid_social,60804,1220,$778.30,2.007%,0.6377
11/10/2025,TX,Catalog | Best Sellers,Meta,91190,1528,"$1,039.57",1.675%,0.6805
11/10/2025,FL,Prospecting | Guitar Players,Paid Social,101285,1363,"$1,063.49",1.346%,0.7803
11/10/2025,FL,Retargeting | Site Visitors,paid_social,59598,1245,$762.85,2.088%,0.6129
11/10/2025,FL,Catalog | Best Sellers,Meta,70267,1143,$801.04,1.626%,0.701
11/10/2025,NY,Prospecting | Guitar Players,Paid Social,116974,1601,"$1,228.23",1.368%,0.7674
11/10/2025,NY,Retargeting | Site Visitors,paid_social,58911,1177,$754.06,1.998%,0.6407
11/10/2025,NY,Catalog | Best Sellers,Meta,67626,1101,$770.94,1.628%,0.7002
11/17/2025,CA,Prospecting | Guitar Players,paid_social,148940,1961,"$1,563.87",1.317%,0.7974
11/17/2025,CA,Retargeting | Site Visitors,Meta,80220,1785,"$1,026.82",2.226%,0.5751
11/17/2025,CA,Catalog | Best Sellers,Paid Social,114611,1934,"$1,306.57",1.687%,0.6757
11/17/2025,TX,Prospecting | Guitar Players,paid_social,115567,1708,"$1,213.46",1.478%,0.7106
11/17/2025,TX,Retargeting | Site Visitors,Meta,68357,1480,$874.96,2.166%,0.591
11/17/2025,TX,Catalog | Best Sellers,Paid Social,80550,1337,$918.27,1.659%,0.6871
11/17/2025,FL,Prospecting | Guitar Players,paid_social,117129,1539,"$1,229.86",1.314%,0.7991
11/17/2025,FL,Retargeting | Site Visitors,Meta,48858,967,$625.38,1.978%,0.647
11/17/2025,FL,Catalog | Best Sellers,Paid Social,78467,1286,$894.52,1.639%,0.6956
11/17/2025,NY,Prospecting | Guitar Players,paid_social,111282,1529,"$1,168.46",1.374%,0.7644
11/17/2025,NY,Retargeting | Site Visitors,Meta,53750,1181,$688.00,2.198%,0.5824
11/17/2025,NY,Catalog | Best Sellers,Paid Social,71219,1230,$811.90,1.728%,0.6598
11/24/2025,CA,Prospecting | Guitar Players,Meta,160269,2343,"$1,682.83",1.462%,0.7184
11/24/2025,CA,Retargeting | Site Visitors,Paid Social,89527,1908,"$1,145.95",2.131%,0.6007
11/24/2025,CA,Catalog | Best Sellers,paid_social,118416,1902,"$1,349.94",1.607%,0.7096
11/24/2025,TX,Prospecting | Guitar Players,Meta,141142,1857,"$1,482.00",1.316%,0.798
11/24/2025,TX,Retargeting | Site Visitors,Paid Social,63222,1281,$809.24,2.027%,0.6315
11/24/2025,TX,Catalog | Best Sellers,paid_social,101817,1669,"$1,160.72",1.639%,0.6955
11/24/2025,FL,Prospecting | Guitar Players,Meta,132474,1971,"$1,390.97",1.488%,0.7058
11/24/2025,FL,Retargeting | Site Visitors,Paid Social,64761,1440,$828.94,2.223%,0.5757
11/24/2025,FL,Catalog | Best Sellers,paid_social,85915,1367,$979.43,1.591%,0.7165
11/24/2025,NY,Prospecting | Guitar Players,Meta,113969,1486,"$1,196.67",1.303%,0.8055
11/24/2025,NY,Retargeting | Site Visitors,Paid Social,57907,1195,$741.21,2.064%,0.6202
11/24/2025,NY,Catalog | Best Sellers,paid_social,83709,1441,$954.29,1.721%,0.6623
12/01/2025,CA,Prospecting | Guitar Players,Paid Social,157220,2137,"$1,650.81",1.359%,0.7724
12/01/2025,CA,Retargeting | Site Visitors,paid_social,85380,1819,"$1,092.87",2.130%,0.6008
12/01/2025,CA,Catalog | Best Sellers,Meta,107456,1855,"$1,225.00",1.726%,0.6605
12/01/2025,TX,Prospecting | Guitar Players,Paid Social,153625,2071,"$1,613.06",1.348%,0.7791
12/01/2025,TX,Retargeting | Site Visitors,paid_social,66904,1330,$856.37,1.987%,0.6441
12/01/2025,TX,Catalog | Best Sellers,Meta,106144,1693,"$1,210.04",1.595%,0.7148
12/01/2025,FL,Prospecting | Guitar Players,Paid Social,108318,1585,"$1,137.34",1.464%,0.7174
12/01/2025,FL,Retargeting | Site Visitors,paid_social,59514,1253,$761.78,2.105%,0.608
12/01/2025,FL,Catalog | Best Sellers,Meta,79299,1373,$904.01,1.731%,0.6586
12/01/2025,NY,Prospecting | Guitar Players,Paid Social,121020,1702,"$1,270.71",1.407%,0.7464
12/01/2025,NY,Retargeting | Site Visitors,paid_social,60681,1304,$776.72,2.149%,0.5955
12/01/2025,NY,Catalog | Best Sellers,Meta,87356,1509,$995.86,1.728%,0.6599
12/08/2025,CA,Prospecting | Guitar Players,paid_social,174026,2354,"$1,827.28",1.353%,0.7762
12/08/2025,CA,Retargeting | Site Visitors,Meta,89044,1848,"$1,139.77",2.076%,0.6167
12/08/2025,CA,Catalog | Best Sellers,Paid Social,116820,1850,"$1,331.74",1.584%,0.7199
12/08/2025,TX,Prospecting | Guitar Players,paid_social,153107,2176,"$1,607.63",1.421%,0.7387
12/08/2025,TX,Retargeting | Site Visitors,Meta,71076,1404,$909.77,1.976%,0.6478
12/08/2025,TX,Catalog | Best Sellers,Paid Social,86082,1384,$981.34,1.608%,0.7092
12/08/2025,FL,Prospecting | Guitar Players,paid_social,115524,1585,"$1,213.01",1.372%,0.7652
12/08/2025,FL,Retargeting | Site Visitors,Meta,57246,1131,$732.75,1.976%,0.6479
12/08/2025,FL,Catalog | Best Sellers,Paid Social,87930,1539,"$1,002.40",1.750%,0.6513
12/08/2025,NY,Prospecting | Guitar Players,paid_social,134472,1958,"$1,411.95",1.456%,0.7212
12/08/2025,NY,Retargeting | Site Visitors,Meta,71767,1519,$918.62,2.116%,0.605
12/08/2025,NY,Catalog | Best Sellers,Paid Social,94036,1642,"$1,072.01",1.746%,0.6528
12/15/2025,CA,Prospecting | Guitar Players,Meta,152610,2174,"$1,602.41",1.425%,0.7369
12/15/2025,CA,Retargeting | Site Visitors,Paid Social,89865,2011,"$1,150.27",2.238%,0.5719
12/15/2025,CA,Catalog | Best Sellers,paid_social,102493,1791,"$1,168.42",1.747%,0.6525
12/15/2025,TX,Prospecting | Guitar Players,Meta,145858,2150,"$1,531.51",1.474%,0.7122
12/15/2025,TX,Retargeting | Site Visitors,Paid Social,65427,1355,$837.46,2.072%,0.6178
12/15/2025,TX,Catalog | Best Sellers,paid_social,102057,1732,"$1,163.45",1.697%,0.6717
12/15/2025,FL,Prospecting | Guitar Players,Meta,128070,1782,"$1,344.74",1.392%,0.7546
12/15/2025,FL,Retargeting | Site Visitors,Paid Social,55584,1143,$711.47,2.057%,0.6222
12/15/2025,FL,Catalog | Best Sellers,paid_social,90050,1602,"$1,026.57",1.779%,0.6409
12/15/2025,NY,Prospecting | Guitar Players,Meta,130671,1918,"$1,372.05",1.468%,0.7153
12/15/2025,NY,Retargeting | Site Visitors,Paid Social,61820,1332,$791.30,2.155%,0.5939
12/15/2025,NY,Catalog | Best Sellers,paid_social,84617,1514,$964.64,1.789%,0.6371
12/22/2025,CA,Prospecting | Guitar Players,Paid Social,190639,2534,"$2,001.71",1.329%,0.7899
12/22/2025,CA,Retargeting | Site Visitors,paid_social,96262,2060,"$1,232.16",2.140%,0.5981
12/22/2025,CA,Catalog | Best Sellers,Meta,110311,1965,"$1,257.55",1.781%,0.6401
12/22/2025,TX,Prospecting | Guitar Players,Paid Social,137112,1956,"$1,439.68",1.426%,0.7361
12/22/2025,TX,Retargeting | Site Visitors,paid_social,77845,1551,$996.41,1.993%,0.6423
12/22/2025,TX,Catalog | Best Sellers,Meta,109562,1739,"$1,249.01",1.587%,0.7181
12/22/2025,FL,Prospecting | Guitar Players,Paid Social,115493,1505,"$1,212.67",1.303%,0.8056
12/22/2025,FL,Retargeting | Site Visitors,paid_social,56582,1198,$724.26,2.117%,0.6045
12/22/2025,FL,Catalog | Best Sellers,Meta,92599,1663,"$1,055.63",1.796%,0.6347
12/22/2025,NY,Prospecting | Guitar Players,Paid Social,114946,1711,"$1,206.94",1.488%,0.7056
12/22/2025,NY,Retargeting | Site Visitors,paid_social,61006,1302,$780.88,2.134%,0.5997
12/22/2025,NY,Catalog | Best Sellers,Meta,92791,1614,"$1,057.81",1.739%,0.6556
12/29/2025,CA,Prospecting | Guitar Players,paid_social,215998,3078,"$2,267.98",1.425%,0.7368
12/29/2025,CA,Retargeting | Site Visitors,Meta,108974,2304,"$1,394.87",2.114%,0.6053
12/29/2025,CA,Catalog | Best Sellers,Paid Social,133837,2355,"$1,525.74",1.759%,0.648
12/29/2025,TX,Prospecting | Guitar Players,paid_social,156841,2139,"$1,646.84",1.364%,0.7699
12/29/2025,TX,Retargeting | Site Visitors,Meta,77783,1719,$995.63,2.210%,0.5793
12/29/2025,TX,Catalog | Best Sellers,Paid Social,123185,2205,"$1,404.30",1.790%,0.6367
12/29/2025,FL,Prospecting | Guitar Players,paid_social,154716,2260,"$1,624.52",1.461%,0.7188
12/29/2025,FL,Retargeting | Site Visitors,Meta,76943,1545,$984.88,2.008%,0.6373
12/29/2025,FL,Catalog | Best Sellers,Paid Social,104921,1685,"$1,196.10",1.606%,0.7098
12/29/2025,NY,Prospecting | Guitar Players,paid_social,151933,2032,"$1,595.30",1.338%,0.785
12/29/2025,NY,Retargeting | Site Visitors,Meta,71481,1531,$914.95,2.142%,0.5976
12/29/2025,NY,Catalog | Best Sellers,Paid Social,107577,1721,"$1,226.37",1.600%,0.7125
01/05/2026,CA,Prospecting | Guitar Players,Meta,141276,1955,"$1,483.40",1.384%,0.7588
01/05/2026,CA,Retargeting | Site Visitors,Paid Social,67588,1483,$865.13,2.194%,0.5835
01/05/2026,CA,Catalog | Best Sellers,paid_social,97845,1755,"$1,115.43",1.794%,0.6356
01/05/2026,TX,Prospecting | Guitar Players,Meta,115742,1522,"$1,215.29",1.315%,0.7986
01/05/2026,TX,Retargeting | Site Visitors,Paid Social,53532,1090,$685.21,2.035%,0.6289
01/05/2026,TX,Catalog | Best Sellers,paid_social,64504,1059,$735.35,1.642%,0.6942
01/05/2026,FL,Prospecting | Guitar Players,Meta,95711,1385,"$1,004.96",1.447%,0.7255
01/05/2026,FL,Retargeting | Site Visitors,Paid Social,45869,916,$587.12,1.997%,0.641
01/05/2026,FL,Catalog | Best Sellers,paid_social,64940,1121,$740.31,1.726%,0.6604
01/05/2026,NY,Prospecting | Guitar Players,Meta,95563,1299,"$1,003.41",1.359%,0.7727
01/05/2026,NY,Retargeting | Site Visitors,Paid Social,48615,1016,$622.27,2.090%,0.6123
01/05/2026,NY,Catalog | Best Sellers,paid_social,64191,1077,$731.78,1.678%,0.6794
01/12/2026,CA,Prospecting | Guitar Players,Paid Social,129274,1798,"$1,357.38",1.391%,0.755
01/12/2026,CA,Retargeting | Site Visitors,paid_social,71882,1466,$920.10,2.039%,0.6277
01/12/2026,CA,Catalog | Best Sellers,Meta,78191,1284,$891.38,1.642%,0.6941
01/12/2026,TX,Prospecting | Guitar Players,Paid Social,120116,1786,"$1,261.22",1.487%,0.7061
01/12/2026,TX,Retargeting | Site Visitors,paid_social,55522,1159,$710.68,2.088%,0.6131
01/12/2026,TX,Catalog | Best Sellers,Meta,81558,1312,$929.76,1.609%,0.7086
01/12/2026,FL,Prospecting | Guitar Players,Paid Social,106131,1451,"$1,114.38",1.367%,0.7679
01/12/2026,FL,Retargeting | Site Visitors,paid_social,41725,841,$534.08,2.016%,0.6348
01/12/2026,FL,Catalog | Best Sellers,Meta,62540,1009,$712.96,1.614%,0.7065
01/12/2026,NY,Prospecting | Guitar Players,Paid Social,94128,1348,$988.34,1.432%,0.7331
01/12/2026,NY,Retargeting | Site Visitors,paid_social,46295,977,$592.57,2.110%,0.6067
01/12/2026,NY,Catalog | Best Sellers,Meta,70695,1166,$805.92,1.649%,0.6912
01/19/2026,CA,Prospecting | Guitar Players,paid_social,119845,1697,"$1,258.37",1.416%,0.7416
01/19/2026,CA,Retargeting | Site Visitors,Meta,67584,1406,$865.07,2.080%,0.6154
01/19/2026,CA,Catalog | Best Sellers,Paid Social,84394,1459,$962.09,1.729%,0.6595
01/19/2026,TX,Prospecting | Guitar Players,paid_social,111047,1478,"$1,165.99",1.331%,0.789
01/19/2026,TX,Retargeting | Site Visitors,Meta,55380,1101,$708.86,1.988%,0.6439
01/19/2026,TX,Catalog | Best Sellers,Paid Social,80062,1383,$912.70,1.727%,0.6599
01/19/2026,FL,Prospecting | Guitar Players,paid_social,99194,1327,"$1,041.53",1.338%,0.785
01/19/2026,FL,Retargeting | Site Visitors,Meta,46858,953,$599.79,2.033%,0.6295
01/19/2026,FL,Catalog | Best Sellers,Paid Social,55564,908,$633.43,1.633%,0.6979
01/19/2026,NY,Prospecting | Guitar Players,paid_social,85695,1226,$899.80,1.431%,0.7338
01/19/2026,NY,Retargeting | Site Visitors,Meta,49148,1030,$629.10,2.096%,0.6106
01/19/2026,NY,Catalog | Best Sellers,Paid Social,61102,1062,$696.57,1.739%,0.6557
01/26/2026,CA,Prospecting | Guitar Players,Meta,131286,1730,"$1,378.50",1.318%,0.7969
01/26/2026,CA,Retargeting | Site Visitors,Paid Social,75401,1529,$965.13,2.027%,0.6314
01/26/2026,CA,Catalog | Best Sellers,paid_social,84379,1343,$961.92,1.592%,0.7162
01/26/2026,TX,Prospecting | Guitar Players,Meta,123083,1619,"$1,292.37",1.315%,0.7983
01/26/2026,TX,Retargeting | Site Visitors,Paid Social,63223,1298,$809.26,2.052%,0.6237
01/26/2026,TX,Catalog | Best Sellers,paid_social,79051,1373,$901.19,1.737%,0.6564
01/26/2026,FL,Prospecting | Guitar Players,Meta,106952,1523,"$1,123.00",1.424%,0.7374
01/26/2026,FL,Retargeting | Site Visitors,Paid Social,44179,940,$565.49,2.127%,0.6019
01/26/2026,FL,Catalog | Best Sellers,paid_social,61882,1042,$705.46,1.684%,0.677
01/26/2026,NY,Prospecting | Guitar Players,Meta,106205,1575,"$1,115.16",1.483%,0.7078
01/26/2026,NY,Retargeting | Site Visitors,Paid Social,54899,1171,$702.71,2.132%,0.6003
01/26/2026,NY,Catalog | Best Sellers,paid_social,63819,1047,$727.54,1.640%,0.6952
02/02/2026,CA,Prospecting | Guitar Players,Paid Social,121533,1719,"$1,276.10",1.414%,0.7424
02/02/2026,CA,Retargeting | Site Visitors,paid_social,74714,1657,$956.34,2.217%,0.5772
02/02/2026,CA,Catalog | Best Sellers,Meta,81708,1326,$931.47,1.623%,0.7026
02/02/2026,TX,Prospecting | Guitar Players,Paid Social,118939,1628,"$1,248.86",1.369%,0.7669
02/02/2026,TX,Retargeting | Site Visitors,paid_social,57959,1273,$741.87,2.196%,0.5829
02/02/2026,TX,Catalog | Best Sellers,Meta,85409,1403,$973.66,1.642%,0.6942
02/02/2026,FL,Prospecting | Guitar Players,Paid Social,105787,1470,"$1,110.77",1.390%,0.7557
02/02/2026,FL,Retargeting | Site Visitors,paid_social,49660,1107,$635.65,2.230%,0.574
02/02/2026,FL,Catalog | Best Sellers,Meta,66459,1125,$757.63,1.692%,0.6736
02/02/2026,NY,Prospecting | Guitar Players,Paid Social,91296,1332,$958.61,1.459%,0.7199
02/02/2026,NY,Retargeting | Site Visitors,paid_social,52430,1052,$671.10,2.006%,0.638
02/02/2026,NY,Catalog | Best Sellers,Meta,70443,1280,$803.05,1.818%,0.6272
02/09/2026,CA,Prospecting | Guitar Players,paid_social,119565,1662,"$1,255.43",1.390%,0.7554
02/09/2026,CA,Retargeting | Site Visitors,Meta,63719,1303,$815.61,2.045%,0.6259
02/09/2026,CA,Catalog | Best Sellers,Paid Social,89093,1437,"$1,015.66",1.613%,0.7068
02/09/2026,TX,Prospecting | Guitar Players,paid_social,107924,1519,"$1,133.20",1.407%,0.7463
02/09/2026,TX,Retargeting | Site Visitors,Meta,55946,1185,$716.11,2.118%,0.6044
02/09/2026,TX,Catalog | Best Sellers,Paid Social,70629,1189,$805.17,1.683%,0.6774
02/09/2026,FL,Prospecting | Guitar Players,paid_social,107493,1519,"$1,128.67",1.413%,0.743
02/09/2026,FL,Retargeting | Site Visitors,Meta,50229,1042,$642.93,2.075%,0.6169
02/09/2026,FL,Catalog | Best Sellers,Paid Social,69289,1134,$789.90,1.637%,0.6964
02/09/2026,NY,Prospecting | Guitar Players,paid_social,102363,1371,"$1,074.81",1.340%,0.7838
02/09/2026,NY,Retargeting | Site Visitors,Meta,54777,1205,$701.15,2.201%,0.5817
02/09/2026,NY,Catalog | Best Sellers,Paid Social,66757,1115,$761.03,1.671%,0.6823
02/16/2026,CA,Prospecting | Guitar Players,Meta,142496,1925,"$1,496.21",1.351%,0.7774
02/16/2026,CA,Retargeting | Site Visitors,Paid Social,66548,1475,$851.82,2.216%,0.5776
02/16/2026,CA,Catalog | Best Sellers,paid_social,91499,1659,"$1,043.09",1.813%,0.6289
02/16/2026,TX,Prospecting | Guitar Players,Meta,103345,1372,"$1,085.12",1.327%,0.7911
02/16/2026,TX,Retargeting | Site Visitors,Paid Social,62329,1355,$797.81,2.173%,0.589
02/16/2026,TX,Catalog | Best Sellers,paid_social,74079,1199,$844.50,1.619%,0.7043
02/16/2026,FL,Prospecting | Guitar Players,Meta,92612,1280,$972.43,1.383%,0.7595
02/16/2026,FL,Retargeting | Site Visitors,Paid Social,43473,897,$556.45,2.063%,0.6204
02/16/2026,FL,Catalog | Best Sellers,paid_social,72318,1304,$824.43,1.802%,0.6325
02/16/2026,NY,Prospecting | Guitar Players,Meta,114251,1518,"$1,199.63",1.329%,0.79
02/16/2026,NY,Retargeting | Site Visitors,Paid Social,57929,1280,$741.49,2.210%,0.5793
02/16/2026,NY,Catalog | Best Sellers,paid_social,64532,1041,$735.66,1.613%,0.7066
02/23/2026,CA,Prospecting | Guitar Players,Paid Social,151697,2023,"$1,592.82",1.334%,0.7873
02/23/2026,CA,Retargeting | Site Visitors,paid_social,63878,1356,$817.64,2.123%,0.6029
02/23/2026,CA,Catalog | Best Sellers,Meta,94939,1564,"$1,082.31",1.647%,0.692
02/23/2026,TX,Prospecting | Guitar Players,Paid Social,110914,1469,"$1,164.60",1.324%,0.7928
02/23/2026,TX,Retargeting | Site Visitors,paid_social,61643,1362,$789.03,2.210%,0.5792
02/23/2026,TX,Catalog | Best Sellers,Meta,75016,1364,$855.18,1.818%,0.6271
02/23/2026,FL,Prospecting | Guitar Players,Paid Social,105436,1550,"$1,107.07",1.470%,0.7141
02/23/2026,FL,Retargeting | Site Visitors,paid_social,50578,989,$647.40,1.955%,0.6549
02/23/2026,FL,Catalog | Best Sellers,Meta,67917,1221,$774.25,1.797%,0.6342
02/23/2026,NY,Prospecting | Guitar Players,Paid Social,92970,1295,$976.19,1.392%,0.7541
02/23/2026,NY,Retargeting | Site Visitors,paid_social,56147,1185,$718.68,2.111%,0.6063
02/23/2026,NY,Catalog | Best Sellers,Meta,65410,1035,$745.68,1.582%,0.7206
03/02/2026,CA,Prospecting | Guitar Players,paid_social,141367,1975,"$1,484.35",1.397%,0.7516
03/02/2026,CA,Retargeting | Site Visitors,Meta,72881,1459,$932.87,2.002%,0.6394
03/02/2026,CA,Catalog | Best Sellers,Paid Social,103240,1689,"$1,176.94",1.636%,0.6968
03/02/2026,TX,Prospecting | Guitar Players,paid_social,105250,1538,"$1,105.12",1.461%,0.7187
03/02/2026,TX,Retargeting | Site Visitors,Meta,58597,1285,$750.04,2.194%,0.5835
03/02/2026,TX,Catalog | Best Sellers,Paid Social,87671,1398,$999.45,1.594%,0.715
03/02/2026,FL,Prospecting | Guitar Players,paid_social,98315,1381,"$1,032.30",1.405%,0.7476
03/02/2026,FL,Retargeting | Site Visitors,Meta,51451,1082,$658.57,2.103%,0.6086
03/02/2026,FL,Catalog | Best Sellers,Paid Social,60422,992,$688.81,1.642%,0.6945
03/02/2026,NY,Prospecting | Guitar Players,paid_social,99467,1355,"$1,044.40",1.362%,0.7707
03/02/2026,NY,Retargeting | Site Visitors,Meta,46910,1049,$600.44,2.236%,0.5725
03/02/2026,NY,Catalog | Best Sellers,Paid Social,66185,1102,$754.51,1.665%,0.6846
03/09/2026,CA,Prospecting | Guitar Players,Meta,135027,1926,"$1,417.78",1.427%,0.7361
03/09/2026,CA,Retargeting | Site Visitors,Paid Social,78396,1640,"$1,003.47",2.092%,0.6118
03/09/2026,CA,Catalog | Best Sellers,paid_social,85111,1419,$970.26,1.667%,0.684
03/09/2026,TX,Prospecting | Guitar Players,Meta,127914,1778,"$1,343.10",1.390%,0.7554
03/09/2026,TX,Retargeting | Site Visitors,Paid Social,63445,1346,$812.10,2.121%,0.6035
03/09/2026,TX,Catalog | Best Sellers,paid_social,71300,1164,$812.82,1.632%,0.6984
03/09/2026,FL,Prospecting | Guitar Players,Meta,104416,1424,"$1,096.37",1.364%,0.7698
03/09/2026,FL,Retargeting | Site Visitors,Paid Social,52633,1036,$673.70,1.968%,0.6504
03/09/2026,FL,Catalog | Best Sellers,paid_social,68233,1211,$777.86,1.774%,0.6426
03/09/2026,NY,Prospecting | Guitar Players,Meta,112995,1526,"$1,186.44",1.350%,0.7775
03/09/2026,NY,Retargeting | Site Visitors,Paid Social,52958,1097,$677.86,2.071%,0.618
03/09/2026,NY,Catalog | Best Sellers,paid_social,67238,1194,$766.51,1.775%,0.6422
03/16/2026,CA,Prospecting | Guitar Players,Paid Social,141641,1932,"$1,487.23",1.364%,0.77
03/16/2026,CA,Retargeting | Site Visitors,paid_social,70680,1437,$904.71,2.033%,0.6296
03/16/2026,CA,Catalog | Best Sellers,Meta,102480,1859,"$1,168.27",1.814%,0.6284
03/16/2026,TX,Prospecting | Guitar Players,Paid Social,102232,1480,"$1,073.43",1.448%,0.7254
03/16/2026,TX,Retargeting | Site Visitors,paid_social,61462,1213,$786.72,1.973%,0.6488
03/16/2026,TX,Catalog | Best Sellers,Meta,77069,1313,$878.58,1.704%,0.6691
03/16/2026,FL,Prospecting | Guitar Players,Paid Social,109160,1436,"$1,146.18",1.316%,0.798
03/16/2026,FL,Retargeting | Site Visitors,paid_social,50374,1128,$644.79,2.240%,0.5715
03/16/2026,FL,Catalog | Best Sellers,Meta,74009,1195,$843.70,1.615%,0.7061
03/16/2026,NY,Prospecting | Guitar Players,Paid Social,114877,1693,"$1,206.21",1.474%,0.7125
03/16/2026,NY,Retargeting | Site Visitors,paid_social,50712,1053,$649.12,2.076%,0.6164
03/16/2026,NY,Catalog | Best Sellers,Meta,68499,1114,$780.89,1.627%,0.7008
03/23/2026,CA,Prospecting | Guitar Players,paid_social,156288,2169,"$1,641.02",1.388%,0.7567
03/23/2026,CA,Retargeting | Site Visitors,Meta,72788,1423,$931.69,1.955%,0.6547
03/23/2026,CA,Catalog | Best Sellers,Paid Social,85881,1554,$979.04,1.810%,0.6299
03/23/2026,TX,Prospecting | Guitar Players,paid_social,114141,1509,"$1,198.48",1.322%,0.7944
03/23/2026,TX,Retargeting | Site Visitors,Meta,55609,1153,$711.80,2.073%,0.6175
03/23/2026,TX,Catalog | Best Sellers,Paid Social,70067,1153,$798.76,1.646%,0.6927
03/23/2026,FL,Prospecting | Guitar Players,paid_social,103265,1400,"$1,084.29",1.355%,0.7746
03/23/2026,FL,Retargeting | Site Visitors,Meta,50740,1086,$649.47,2.141%,0.5979
03/23/2026,FL,Catalog | Best Sellers,Paid Social,59828,1080,$682.04,1.805%,0.6318
03/23/2026,NY,Prospecting | Guitar Players,paid_social,106415,1541,"$1,117.36",1.448%,0.7252
03/23/2026,NY,Retargeting | Site Visitors,Meta,51681,1144,$661.52,2.214%,0.5781
03/23/2026,NY,Catalog | Best Sellers,Paid Social,69369,1179,$790.80,1.699%,0.6709
03/30/2026,CA,Prospecting | Guitar Players,Meta,142607,2094,"$1,497.38",1.468%,0.7151
03/30/2026,CA,Retargeting | Site Visitors,Paid Social,82611,1666,"$1,057.42",2.016%,0.6349
03/30/2026,CA,Catalog | Best Sellers,paid_social,117104,1941,"$1,334.99",1.657%,0.6878
03/30/2026,TX,Prospecting | Guitar Players,Meta,124543,1686,"$1,307.70",1.353%,0.7758
03/30/2026,TX,Retargeting | Site Visitors,Paid Social,67638,1418,$865.77,2.097%,0.6105
03/30/2026,TX,Catalog | Best Sellers,paid_social,76221,1230,$868.92,1.614%,0.7062
03/30/2026,FL,Prospecting | Guitar Players,Meta,120717,1792,"$1,267.53",1.484%,0.7073
03/30/2026,FL,Retargeting | Site Visitors,Paid Social,58384,1249,$747.31,2.139%,0.5983
03/30/2026,FL,Catalog | Best Sellers,paid_social,84065,1497,$958.34,1.781%,0.64
03/30/2026,NY,Prospecting | Guitar Players,Meta,125922,1866,"$1,322.18",1.482%,0.7085
03/30/2026,NY,Retargeting | Site Visitors,Paid Social,56036,1155,$717.26,2.062%,0.6209
03/30/2026,NY,Catalog | Best Sellers,paid_social,73690,1212,$840.06,1.645%,0.6928
04/06/2026,CA,Prospecting | Guitar Players,Paid Social,151328,2019,"$1,588.94",1.334%,0.7868
04/06/2026,CA,Retargeting | Site Visitors,paid_social,65643,1391,$840.23,2.119%,0.6042
04/06/2026,CA,Catalog | Best Sellers,Meta,86190,1528,$982.56,1.773%,0.6429
04/06/2026,TX,Prospecting | Guitar Players,Paid Social,108034,1437,"$1,134.36",1.330%,0.7894
04/06/2026,TX,Retargeting | Site Visitors,paid_social,55007,1107,$704.09,2.012%,0.6361
04/06/2026,TX,Catalog | Best Sellers,Meta,70148,1157,$799.69,1.650%,0.691
04/06/2026,FL,Prospecting | Guitar Players,Paid Social,112212,1599,"$1,178.22",1.425%,0.7369
04/06/2026,FL,Retargeting | Site Visitors,paid_social,55662,1208,$712.48,2.170%,0.5897
04/06/2026,FL,Catalog | Best Sellers,Meta,68047,1161,$775.73,1.706%,0.6682
04/06/2026,NY,Prospecting | Guitar Players,Paid Social,119005,1691,"$1,249.55",1.421%,0.7391
04/06/2026,NY,Retargeting | Site Visitors,paid_social,55771,1138,$713.86,2.040%,0.6275
04/06/2026,NY,Catalog | Best Sellers,Meta,70732,1129,$806.35,1.596%,0.7144
04/13/2026,CA,Prospecting | Guitar Players,paid_social,139150,1900,"$1,461.07",1.365%,0.769
04/13/2026,CA,Retargeting | Site Visitors,Meta,67035,1445,$858.05,2.156%,0.5936
04/13/2026,CA,Catalog | Best Sellers,Paid Social,106094,1868,"$1,209.47",1.760%,0.6476
04/13/2026,TX,Prospecting | Guitar Players,paid_social,114577,1610,"$1,203.05",1.405%,0.7473
04/13/2026,TX,Retargeting | Site Visitors,Meta,52210,1110,$668.28,2.126%,0.6021
04/13/2026,TX,Catalog | Best Sellers,Paid Social,88485,1591,"$1,008.73",1.798%,0.6341
04/13/2026,FL,Prospecting | Guitar Players,paid_social,101665,1498,"$1,067.48",1.474%,0.7126
04/13/2026,FL,Retargeting | Site Visitors,Meta,49295,1070,$630.97,2.171%,0.5897
04/13/2026,FL,Catalog | Best Sellers,Paid Social,74254,1178,$846.49,1.587%,0.7183
04/13/2026,NY,Prospecting | Guitar Players,paid_social,106724,1442,"$1,120.61",1.351%,0.7771
04/13/2026,NY,Retargeting | Site Visitors,Meta,49442,1085,$632.86,2.194%,0.5834
04/13/2026,NY,Catalog | Best Sellers,Paid Social,72556,1227,$827.14,1.691%,0.6742
04/20/2026,CA,Prospecting | Guitar Players,Meta,151730,2257,"$1,593.17",1.487%,0.706
04/20/2026,CA,Retargeting | Site Visitors,Paid Social,65117,1279,$833.50,1.964%,0.6516
04/20/2026,CA,Catalog | Best Sellers,paid_social,107790,1732,"$1,228.80",1.607%,0.7095
04/20/2026,TX,Prospecting | Guitar Players,Meta,129292,1899,"$1,357.57",1.469%,0.7147
04/20/2026,TX,Retargeting | Site Visitors,Paid Social,65849,1443,$842.86,2.191%,0.5843
04/20/2026,TX,Catalog | Best Sellers,paid_social,73182,1259,$834.27,1.720%,0.6628
04/20/2026,FL,Prospecting | Guitar Players,Meta,111481,1508,"$1,170.55",1.352%,0.7765
04/20/2026,FL,Retargeting | Site Visitors,Paid Social,44721,923,$572.43,2.064%,0.62
04/20/2026,FL,Catalog | Best Sellers,paid_social,74329,1205,$847.36,1.622%,0.703
04/20/2026,NY,Prospecting | Guitar Players,Meta,91837,1333,$964.29,1.452%,0.7233
04/20/2026,NY,Retargeting | Site Visitors,Paid Social,52368,1026,$670.31,1.959%,0.6535
04/20/2026,NY,Catalog | Best Sellers,paid_social,64475,1163,$735.01,1.804%,0.6318
04/27/2026,CA,Prospecting | Guitar Players,Paid Social,139467,1938,"$1,464.41",1.390%,0.7555
04/27/2026,CA,Retargeting | Site Visitors,paid_social,70910,1586,$907.65,2.237%,0.5722
04/27/2026,CA,Catalog | Best Sellers,Meta,96459,1650,"$1,099.63",1.710%,0.6666
04/27/2026,TX,Prospecting | Guitar Players,Paid Social,106247,1546,"$1,115.60",1.456%,0.7214
04/27/2026,TX,Retargeting | Site Visitors,paid_social,59114,1186,$756.66,2.007%,0.6377
04/27/2026,TX,Catalog | Best Sellers,Meta,74189,1296,$845.76,1.746%,0.6528
04/27/2026,FL,Prospecting | Guitar Players,Paid Social,96253,1439,"$1,010.66",1.495%,0.7021
04/27/2026,FL,Retargeting | Site Visitors,paid_social,45633,947,$584.10,2.074%,0.6171
04/27/2026,FL,Catalog | Best Sellers,Meta,70495,1204,$803.65,1.708%,0.6676
04/27/2026,NY,Prospecting | Guitar Players,Paid Social,103293,1486,"$1,084.58",1.438%,0.73
04/27/2026,NY,Retargeting | Site Visitors,paid_social,45953,958,$588.20,2.084%,0.6141
04/27/2026,NY,Catalog | Best Sellers,Meta,75137,1191,$856.56,1.585%,0.719
05/04/2026,CA,Prospecting | Guitar Players,paid_social,157116,2118,"$1,649.72",1.348%,0.779
05/04/2026,CA,Retargeting | Site Visitors,Meta,72037,1583,$922.08,2.197%,0.5826
05/04/2026,CA,Catalog | Best Sellers,Paid Social,97341,1644,"$1,109.69",1.689%,0.6749
05/04/2026,TX,Prospecting | Guitar Players,paid_social,128369,1809,"$1,347.87",1.409%,0.7451
05/04/2026,TX,Retargeting | Site Visitors,Meta,58265,1154,$745.79,1.981%,0.6462
05/04/2026,TX,Catalog | Best Sellers,Paid Social,76093,1278,$867.46,1.679%,0.6788
05/04/2026,FL,Prospecting | Guitar Players,paid_social,87499,1302,$918.74,1.488%,0.7058
05/04/2026,FL,Retargeting | Site Visitors,Meta,55298,1205,$707.81,2.180%,0.5872
05/04/2026,FL,Catalog | Best Sellers,Paid Social,72465,1157,$826.10,1.597%,0.7139
05/04/2026,NY,Prospecting | Guitar Players,paid_social,109941,1500,"$1,154.38",1.364%,0.7697
05/04/2026,NY,Retargeting | Site Visitors,Meta,47052,950,$602.27,2.020%,0.6337
05/04/2026,NY,Catalog | Best Sellers,Paid Social,71667,1228,$817.00,1.714%,0.6651
05/11/2026,CA,Prospecting | Guitar Players,Meta,144446,2040,"$1,516.68",1.412%,0.7436
05/11/2026,CA,Retargeting | Site Visitors,Paid Social,65555,1378,$839.11,2.103%,0.6088
05/11/2026,CA,Catalog | Best Sellers,paid_social,102149,1758,"$1,164.50",1.721%,0.6625
05/11/2026,TX,Prospecting | Guitar Players,Meta,102357,1529,"$1,074.75",1.494%,0.703
05/11/2026,TX,Retargeting | Site Visitors,Paid Social,56940,1153,$728.83,2.026%,0.6319
05/11/2026,TX,Catalog | Best Sellers,paid_social,85036,1398,$969.42,1.644%,0.6932
05/11/2026,FL,Prospecting | Guitar Players,Meta,88123,1222,$925.29,1.386%,0.7573
05/11/2026,FL,Retargeting | Site Visitors,Paid Social,55337,1192,$708.31,2.155%,0.594
05/11/2026,FL,Catalog | Best Sellers,paid_social,63499,1128,$723.89,1.776%,0.6419
05/11/2026,NY,Prospecting | Guitar Players,Meta,116180,1675,"$1,219.89",1.442%,0.7281
05/11/2026,NY,Retargeting | Site Visitors,Paid Social,57441,1255,$735.24,2.185%,0.5857
05/11/2026,NY,Catalog | Best Sellers,paid_social,60978,1004,$695.14,1.647%,0.6921
05/18/2026,CA,Prospecting | Guitar Players,Paid Social,124001,1665,"$1,302.01",1.343%,0.7819
05/18/2026,CA,Retargeting | Site Visitors,paid_social,66731,1338,$854.16,2.005%,0.6385
05/18/2026,CA,Catalog | Best Sellers,Meta,90297,1437,"$1,029.39",1.591%,0.7165
05/18/2026,TX,Prospecting | Guitar Players,Paid Social,116973,1592,"$1,228.21",1.361%,0.7713
05/18/2026,TX,Retargeting | Site Visitors,paid_social,59230,1215,$758.14,2.051%,0.624
05/18/2026,TX,Catalog | Best Sellers,Meta,72238,1180,$823.51,1.633%,0.6982
05/18/2026,FL,Prospecting | Guitar Players,Paid Social,111645,1492,"$1,172.27",1.336%,0.7859
05/18/2026,FL,Retargeting | Site Visitors,paid_social,45010,985,$576.13,2.189%,0.5848
05/18/2026,FL,Catalog | Best Sellers,Meta,68355,1203,$779.24,1.761%,0.6475
05/18/2026,NY,Prospecting | Guitar Players,Paid Social,109621,1470,"$1,151.02",1.341%,0.7832
05/18/2026,NY,Retargeting | Site Visitors,paid_social,55697,1221,$712.92,2.192%,0.5839
05/18/2026,NY,Catalog | Best Sellers,Meta,72531,1276,$826.85,1.760%,0.6479
05/25/2026,CA,Prospecting | Guitar Players,paid_social,126285,1868,"$1,326.00",1.479%,0.7098
05/25/2026,CA,Retargeting | Site Visitors,Meta,71105,1558,$910.15,2.192%,0.584
05/25/2026,CA,Catalog | Best Sellers,Paid Social,101076,1636,"$1,152.27",1.619%,0.7041
05/25/2026,TX,Prospecting | Guitar Players,paid_social,130652,1825,"$1,371.85",1.397%,0.7518
05/25/2026,TX,Retargeting | Site Visitors,Meta,58738,1244,$751.85,2.118%,0.6043
05/25/2026,TX,Catalog | Best Sellers,Paid Social,87648,1433,$999.19,1.635%,0.6972
05/25/2026,FL,Prospecting | Guitar Players,paid_social,99781,1314,"$1,047.70",1.317%,0.7975
05/25/2026,FL,Retargeting | Site Visitors,Meta,49357,1042,$631.77,2.112%,0.6062
05/25/2026,FL,Catalog | Best Sellers,Paid Social,60580,960,$690.62,1.585%,0.7193
05/25/2026,NY,Prospecting | Guitar Players,paid_social,109275,1482,"$1,147.39",1.357%,0.774
05/25/2026,NY,Retargeting | Site Visitors,Meta,57130,1142,$731.27,2.000%,0.6401
05/25/2026,NY,Catalog | Best Sellers,Paid Social,64731,1175,$737.94,1.815%,0.6281
06/01/2026,CA,Prospecting | Guitar Players,Meta,143524,2073,"$1,507.00",1.445%,0.7269
06/01/2026,CA,Retargeting | Site Visitors,Paid Social,77474,1737,$991.67,2.242%,0.571
06/01/2026,CA,Catalog | Best Sellers,paid_social,98284,1751,"$1,120.44",1.782%,0.6398
06/01/2026,TX,Prospecting | Guitar Players,Meta,129860,1835,"$1,363.53",1.413%,0.7429
06/01/2026,TX,Retargeting | Site Visitors,Paid Social,50677,1112,$648.67,2.193%,0.5836
06/01/2026,TX,Catalog | Best Sellers,paid_social,67932,1144,$774.42,1.683%,0.6772
06/01/2026,FL,Prospecting | Guitar Players,Meta,101783,1499,"$1,068.72",1.472%,0.7131
06/01/2026,FL,Retargeting | Site Visitors,Paid Social,45883,947,$587.30,2.065%,0.62
06/01/2026,FL,Catalog | Best Sellers,paid_social,73219,1269,$834.70,1.734%,0.6575
06/01/2026,NY,Prospecting | Guitar Players,Meta,107684,1425,"$1,130.68",1.324%,0.7932
06/01/2026,NY,Retargeting | Site Visitors,Paid Social,56844,1150,$727.61,2.023%,0.6328
06/01/2026,NY,Catalog | Best Sellers,paid_social,63869,1103,$728.10,1.727%,0.6599
06/08/2026,CA,Prospecting | Guitar Players,Paid Social,147790,2005,"$1,551.80",1.357%,0.7739
06/08/2026,CA,Retargeting | Site Visitors,paid_social,66448,1391,$850.53,2.093%,0.6116
06/08/2026,CA,Catalog | Best Sellers,Meta,91109,1587,"$1,038.64",1.742%,0.6543
06/08/2026,TX,Prospecting | Guitar Players,Paid Social,117927,1757,"$1,238.24",1.490%,0.7047
06/08/2026,TX,Retargeting | Site Visitors,paid_social,51892,1047,$664.21,2.017%,0.6346
06/08/2026,TX,Catalog | Best Sellers,Meta,70237,1124,$800.71,1.600%,0.7124
06/08/2026,FL,Prospecting | Guitar Players,Paid Social,89178,1184,$936.37,1.327%,0.7912
06/08/2026,FL,Retargeting | Site Visitors,paid_social,45636,981,$584.14,2.150%,0.5953
06/08/2026,FL,Catalog | Best Sellers,Meta,73378,1195,$836.51,1.628%,0.7002
06/08/2026,NY,Prospecting | Guitar Players,Paid Social,89790,1248,$942.79,1.390%,0.7554
06/08/2026,NY,Retargeting | Site Visitors,paid_social,56132,1242,$718.49,2.213%,0.5785
06/08/2026,NY,Catalog | Best Sellers,Meta,63215,1132,$720.65,1.791%,0.6366
06/15/2026,CA,Prospecting | Guitar Players,paid_social,145487,1965,"$1,527.62",1.351%,0.7775
06/15/2026,CA,Retargeting | Site Visitors,Meta,73705,1622,$943.42,2.201%,0.5815
06/15/2026,CA,Catalog | Best Sellers,Paid Social,84996,1535,$968.95,1.806%,0.6312
06/15/2026,TX,Prospecting | Guitar Players,paid_social,127687,1852,"$1,340.72",1.450%,0.724
06/15/2026,TX,Retargeting | Site Visitors,Meta,49104,1091,$628.52,2.222%,0.5761
06/15/2026,TX,Catalog | Best Sellers,Paid Social,66607,1145,$759.31,1.719%,0.6633
06/15/2026,FL,Prospecting | Guitar Players,paid_social,103529,1421,"$1,087.05",1.373%,0.7648
06/15/2026,FL,Retargeting | Site Visitors,Meta,49076,1085,$628.17,2.210%,0.5791
06/15/2026,FL,Catalog | Best Sellers,Paid Social,68250,1082,$778.04,1.586%,0.7188
06/15/2026,NY,Prospecting | Guitar Players,paid_social,92420,1224,$970.41,1.324%,0.7931
06/15/2026,NY,Retargeting | Site Visitors,Meta,45313,960,$580.01,2.120%,0.6039
06/15/2026,NY,Catalog | Best Sellers,Paid Social,66005,1130,$752.46,1.711%,0.6662
06/22/2026,CA,Prospecting | Guitar Players,Meta,121468,1599,"$1,275.42",1.317%,0.7975
06/22/2026,CA,Retargeting | Site Visitors,Paid Social,73128,1536,$936.04,2.100%,0.6094
06/22/2026,CA,Catalog | Best Sellers,paid_social,85681,1360,$976.76,1.587%,0.7182
06/22/2026,TX,Prospecting | Guitar Players,Meta,117023,1646,"$1,228.74",1.406%,0.7467
06/22/2026,TX,Retargeting | Site Visitors,Paid Social,54362,1221,$695.83,2.247%,0.5697
06/22/2026,TX,Catalog | Best Sellers,paid_social,79605,1370,$907.49,1.722%,0.6622
06/22/2026,FL,Prospecting | Guitar Players,Meta,102409,1405,"$1,075.30",1.372%,0.7651
06/22/2026,FL,Retargeting | Site Visitors,Paid Social,54124,1113,$692.78,2.056%,0.6227
06/22/2026,FL,Catalog | Best Sellers,paid_social,56699,1019,$646.36,1.798%,0.6341
06/22/2026,NY,Prospecting | Guitar Players,Meta,110074,1604,"$1,155.78",1.457%,0.7207
06/22/2026,NY,Retargeting | Site Visitors,Paid Social,49331,1078,$631.44,2.185%,0.5858
06/22/2026,NY,Catalog | Best Sellers,paid_social,70611,1201,$804.96,1.701%,0.6702
06/29/2026,CA,Prospecting | Guitar Players,Paid Social,160417,2220,"$1,684.38",1.384%,0.7588
06/29/2026,CA,Retargeting | Site Visitors,paid_social,71315,1547,$912.83,2.170%,0.5899
06/29/2026,CA,Catalog | Best Sellers,Meta,108560,1830,"$1,237.59",1.686%,0.6762
06/29/2026,TX,Prospecting | Guitar Players,Paid Social,128323,1714,"$1,347.39",1.336%,0.786
06/29/2026,TX,Retargeting | Site Visitors,paid_social,53938,1058,$690.41,1.961%,0.6526
06/29/2026,TX,Catalog | Best Sellers,Meta,86795,1446,$989.46,1.666%,0.6841
06/29/2026,FL,Prospecting | Guitar Players,Paid Social,100072,1324,"$1,050.75",1.323%,0.7938
06/29/2026,FL,Retargeting | Site Visitors,paid_social,46394,924,$593.84,1.993%,0.6424
06/29/2026,FL,Catalog | Best Sellers,Meta,63711,1040,$726.31,1.633%,0.6982
06/29/2026,NY,Prospecting | Guitar Players,Paid Social,102801,1465,"$1,079.41",1.425%,0.7369
06/29/2026,NY,Retargeting | Site Visitors,paid_social,53120,1136,$679.94,2.138%,0.5988
06/29/2026,NY,Catalog | Best Sellers,Meta,70563,1156,$804.42,1.638%,0.6959
