week_start,geo,campaign_name,adset_name,impressions,clicks,amount_spent
2022-11-07,CO,Retargeting | Abandoned Search,Abandoned Search,33336,900,380.03
2022-11-07,CO,Remarketing | Site Visitors,Site Visitors,27961,687,301.98
2022-11-07,UT,Retargeting | Abandoned Search,Abandoned Search,31489,860,358.97
2022-11-07,UT,Remarketing | Site Visitors,Site Visitors,28184,711,304.39
2022-11-07,CA,Retargeting | Abandoned Search,Abandoned Search,29991,848,341.9
2022-11-07,CA,Remarketing | Site Visitors,Site Visitors,28017,704,302.59
2022-11-07,PN,Retargeting | Abandoned Search,Abandoned Search,28946,828,329.99
2022-11-07,PN,Remarketing | Site Visitors,Site Visitors,21783,526,235.25
2022-11-07,NE,Retargeting | Abandoned Search,Abandoned Search,19523,558,222.57
2022-11-07,NE,Remarketing | Site Visitors,Site Visitors,17196,412,185.72
2022-11-14,CO,Retargeting | Abandoned Search,Abandoned Search,36483,1072,415.9
2022-11-14,CO,Remarketing | Site Visitors,Site Visitors,33213,782,358.7
2022-11-14,UT,Retargeting | Abandoned Search,Abandoned Search,26356,758,300.45
2022-11-14,UT,Remarketing | Site Visitors,Site Visitors,22896,555,247.28
2022-11-14,CA,Retargeting | Abandoned Search,Abandoned Search,33467,955,381.52
2022-11-14,CA,Remarketing | Site Visitors,Site Visitors,25429,644,274.63
2022-11-14,PN,Retargeting | Abandoned Search,Abandoned Search,28474,824,324.6
2022-11-14,PN,Remarketing | Site Visitors,Site Visitors,21419,523,231.32
2022-11-14,NE,Retargeting | Abandoned Search,Abandoned Search,19180,565,218.66
2022-11-14,NE,Remarketing | Site Visitors,Site Visitors,17278,419,186.6
2022-11-21,CO,Retargeting | Abandoned Search,Abandoned Search,43181,1174,492.26
2022-11-21,CO,Remarketing | Site Visitors,Site Visitors,37029,938,399.92
2022-11-21,UT,Retargeting | Abandoned Search,Abandoned Search,32009,906,364.91
2022-11-21,UT,Remarketing | Site Visitors,Site Visitors,25895,623,279.67
2022-11-21,CA,Retargeting | Abandoned Search,Abandoned Search,38583,1032,439.85
2022-11-21,CA,Remarketing | Site Visitors,Site Visitors,30241,715,326.6
2022-11-21,PN,Retargeting | Abandoned Search,Abandoned Search,30654,814,349.46
2022-11-21,PN,Remarketing | Site Visitors,Site Visitors,27216,625,293.94
2022-11-21,NE,Retargeting | Abandoned Search,Abandoned Search,22469,598,256.14
2022-11-21,NE,Remarketing | Site Visitors,Site Visitors,21655,491,233.88
2022-11-28,CO,Retargeting | Abandoned Search,Abandoned Search,38450,1070,438.33
2022-11-28,CO,Remarketing | Site Visitors,Site Visitors,30820,784,332.85
2022-11-28,UT,Retargeting | Abandoned Search,Abandoned Search,39649,1148,452.0
2022-11-28,UT,Remarketing | Site Visitors,Site Visitors,31644,759,341.75
2022-11-28,CA,Retargeting | Abandoned Search,Abandoned Search,37971,1031,432.87
2022-11-28,CA,Remarketing | Site Visitors,Site Visitors,29509,732,318.69
2022-11-28,PN,Retargeting | Abandoned Search,Abandoned Search,29184,836,332.7
2022-11-28,PN,Remarketing | Site Visitors,Site Visitors,23189,563,250.44
2022-11-28,NE,Retargeting | Abandoned Search,Abandoned Search,22308,639,254.32
2022-11-28,NE,Remarketing | Site Visitors,Site Visitors,17485,439,188.84
2022-12-05,CO,Retargeting | Abandoned Search,Abandoned Search,32425,899,369.65
2022-12-05,CO,Remarketing | Site Visitors,Site Visitors,29600,701,319.68
2022-12-05,UT,Retargeting | Abandoned Search,Abandoned Search,32824,958,374.2
2022-12-05,UT,Remarketing | Site Visitors,Site Visitors,24377,555,263.28
2022-12-05,CA,Retargeting | Abandoned Search,Abandoned Search,35385,996,403.39
2022-12-05,CA,Remarketing | Site Visitors,Site Visitors,30885,722,333.55
2022-12-05,PN,Retargeting | Abandoned Search,Abandoned Search,22909,620,261.17
2022-12-05,PN,Remarketing | Site Visitors,Site Visitors,19490,459,210.49
2022-12-05,NE,Retargeting | Abandoned Search,Abandoned Search,21137,574,240.96
2022-12-05,NE,Remarketing | Site Visitors,Site Visitors,16357,402,176.66
2022-12-12,CO,Retargeting | Abandoned Search,Abandoned Search,37545,1079,428.01
2022-12-12,CO,Remarketing | Site Visitors,Site Visitors,32545,781,351.48
2022-12-12,UT,Retargeting | Abandoned Search,Abandoned Search,36991,978,421.69
2022-12-12,UT,Remarketing | Site Visitors,Site Visitors,27814,635,300.39
2022-12-12,CA,Retargeting | Abandoned Search,Abandoned Search,39154,1042,446.35
2022-12-12,CA,Remarketing | Site Visitors,Site Visitors,31391,711,339.02
2022-12-12,PN,Retargeting | Abandoned Search,Abandoned Search,23892,691,272.37
2022-12-12,PN,Remarketing | Site Visitors,Site Visitors,21116,527,228.05
2022-12-12,NE,Retargeting | Abandoned Search,Abandoned Search,24685,652,281.41
2022-12-12,NE,Remarketing | Site Visitors,Site Visitors,22854,555,246.83
2022-12-19,CO,Retargeting | Abandoned Search,Abandoned Search,40513,1084,461.85
2022-12-19,CO,Remarketing | Site Visitors,Site Visitors,32759,785,353.8
2022-12-19,UT,Retargeting | Abandoned Search,Abandoned Search,28248,774,322.02
2022-12-19,UT,Remarketing | Site Visitors,Site Visitors,27496,688,296.96
2022-12-19,CA,Retargeting | Abandoned Search,Abandoned Search,31400,837,357.96
2022-12-19,CA,Remarketing | Site Visitors,Site Visitors,31059,706,335.44
2022-12-19,PN,Retargeting | Abandoned Search,Abandoned Search,28968,788,330.23
2022-12-19,PN,Remarketing | Site Visitors,Site Visitors,22872,569,247.02
2022-12-19,NE,Retargeting | Abandoned Search,Abandoned Search,20875,603,237.98
2022-12-19,NE,Remarketing | Site Visitors,Site Visitors,17770,415,191.91
2022-12-26,CO,Retargeting | Abandoned Search,Abandoned Search,40456,1179,461.2
2022-12-26,CO,Remarketing | Site Visitors,Site Visitors,39818,919,430.03
2022-12-26,UT,Retargeting | Abandoned Search,Abandoned Search,34590,987,394.33
2022-12-26,UT,Remarketing | Site Visitors,Site Visitors,25461,636,274.97
2022-12-26,CA,Retargeting | Abandoned Search,Abandoned Search,44247,1257,504.42
2022-12-26,CA,Remarketing | Site Visitors,Site Visitors,37785,930,408.07
2022-12-26,PN,Retargeting | Abandoned Search,Abandoned Search,30389,892,346.43
2022-12-26,PN,Remarketing | Site Visitors,Site Visitors,24374,554,263.24
2022-12-26,NE,Retargeting | Abandoned Search,Abandoned Search,23244,619,264.98
2022-12-26,NE,Remarketing | Site Visitors,Site Visitors,19330,482,208.76
2023-01-02,CO,Retargeting | Abandoned Search,Abandoned Search,43508,1238,495.99
2023-01-02,CO,Remarketing | Site Visitors,Site Visitors,40698,1006,439.54
2023-01-02,UT,Retargeting | Abandoned Search,Abandoned Search,37890,1019,431.95
2023-01-02,UT,Remarketing | Site Visitors,Site Visitors,34526,878,372.89
2023-01-02,CA,Retargeting | Abandoned Search,Abandoned Search,45063,1298,513.72
2023-01-02,CA,Remarketing | Site Visitors,Site Visitors,36341,840,392.48
2023-01-02,PN,Retargeting | Abandoned Search,Abandoned Search,36763,999,419.1
2023-01-02,PN,Remarketing | Site Visitors,Site Visitors,28129,638,303.79
2023-01-02,NE,Retargeting | Abandoned Search,Abandoned Search,30148,864,343.69
2023-01-02,NE,Remarketing | Site Visitors,Site Visitors,23328,585,251.95
2023-01-09,CO,Retargeting | Abandoned Search,Abandoned Search,39007,1055,444.68
2023-01-09,CO,Remarketing | Site Visitors,Site Visitors,30077,715,324.84
2023-01-09,UT,Retargeting | Abandoned Search,Abandoned Search,35277,1008,402.16
2023-01-09,UT,Remarketing | Site Visitors,Site Visitors,29939,730,323.34
2023-01-09,CA,Retargeting | Abandoned Search,Abandoned Search,42253,1204,481.68
2023-01-09,CA,Remarketing | Site Visitors,Site Visitors,31051,778,335.35
2023-01-09,PN,Retargeting | Abandoned Search,Abandoned Search,32874,881,374.76
2023-01-09,PN,Remarketing | Site Visitors,Site Visitors,26687,636,288.22
2023-01-09,NE,Retargeting | Abandoned Search,Abandoned Search,22923,671,261.32
2023-01-09,NE,Remarketing | Site Visitors,Site Visitors,21951,526,237.07
2023-01-16,CO,Retargeting | Abandoned Search,Abandoned Search,44508,1302,507.39
2023-01-16,CO,Remarketing | Site Visitors,Site Visitors,35558,842,384.03
2023-01-16,UT,Retargeting | Abandoned Search,Abandoned Search,36072,1059,411.22
2023-01-16,UT,Remarketing | Site Visitors,Site Visitors,30695,772,331.51
2023-01-16,CA,Retargeting | Abandoned Search,Abandoned Search,38565,1127,439.64
2023-01-16,CA,Remarketing | Site Visitors,Site Visitors,29332,737,316.78
2023-01-16,PN,Retargeting | Abandoned Search,Abandoned Search,36196,1060,412.64
2023-01-16,PN,Remarketing | Site Visitors,Site Visitors,30576,708,330.23
2023-01-16,NE,Retargeting | Abandoned Search,Abandoned Search,21600,590,246.24
2023-01-16,NE,Remarketing | Site Visitors,Site Visitors,16105,385,173.93
2023-01-23,CO,Retargeting | Abandoned Search,Abandoned Search,48373,1425,551.46
2023-01-23,CO,Remarketing | Site Visitors,Site Visitors,38945,974,420.61
2023-01-23,UT,Retargeting | Abandoned Search,Abandoned Search,39079,1119,445.51
2023-01-23,UT,Remarketing | Site Visitors,Site Visitors,32446,755,350.41
2023-01-23,CA,Retargeting | Abandoned Search,Abandoned Search,42739,1154,487.22
2023-01-23,CA,Remarketing | Site Visitors,Site Visitors,32290,758,348.73
2023-01-23,PN,Retargeting | Abandoned Search,Abandoned Search,35724,1052,407.25
2023-01-23,PN,Remarketing | Site Visitors,Site Visitors,29091,736,314.19
2023-01-23,NE,Retargeting | Abandoned Search,Abandoned Search,31575,897,359.95
2023-01-23,NE,Remarketing | Site Visitors,Site Visitors,26743,656,288.82
2023-01-30,CO,Retargeting | Abandoned Search,Abandoned Search,43729,1202,498.51
2023-01-30,CO,Remarketing | Site Visitors,Site Visitors,37952,896,409.88
2023-01-30,UT,Retargeting | Abandoned Search,Abandoned Search,40432,1112,460.93
2023-01-30,UT,Remarketing | Site Visitors,Site Visitors,31876,750,344.27
2023-01-30,CA,Retargeting | Abandoned Search,Abandoned Search,39807,1091,453.8
2023-01-30,CA,Remarketing | Site Visitors,Site Visitors,28686,704,309.81
2023-01-30,PN,Retargeting | Abandoned Search,Abandoned Search,33513,942,382.04
2023-01-30,PN,Remarketing | Site Visitors,Site Visitors,26499,622,286.19
2023-01-30,NE,Retargeting | Abandoned Search,Abandoned Search,28369,828,323.41
2023-01-30,NE,Remarketing | Site Visitors,Site Visitors,20862,498,225.31
2023-02-06,CO,Retargeting | Abandoned Search,Abandoned Search,43251,1203,493.07
2023-02-06,CO,Remarketing | Site Visitors,Site Visitors,39087,901,422.14
2023-02-06,UT,Retargeting | Abandoned Search,Abandoned Search,37184,980,423.9
2023-02-06,UT,Remarketing | Site Visitors,Site Visitors,28843,718,311.51
2023-02-06,CA,Retargeting | Abandoned Search,Abandoned Search,42248,1178,481.62
2023-02-06,CA,Remarketing | Site Visitors,Site Visitors,33327,798,359.93
2023-02-06,PN,Retargeting | Abandoned Search,Abandoned Search,28706,842,327.25
2023-02-06,PN,Remarketing | Site Visitors,Site Visitors,25727,601,277.85
2023-02-06,NE,Retargeting | Abandoned Search,Abandoned Search,26650,788,303.81
2023-02-06,NE,Remarketing | Site Visitors,Site Visitors,20736,509,223.95
2023-02-13,CO,Retargeting | Abandoned Search,Abandoned Search,47892,1310,545.97
2023-02-13,CO,Remarketing | Site Visitors,Site Visitors,40598,1011,438.46
2023-02-13,UT,Retargeting | Abandoned Search,Abandoned Search,41181,1154,469.46
2023-02-13,UT,Remarketing | Site Visitors,Site Visitors,34320,857,370.65
2023-02-13,CA,Retargeting | Abandoned Search,Abandoned Search,44157,1186,503.39
2023-02-13,CA,Remarketing | Site Visitors,Site Visitors,33674,819,363.68
2023-02-13,PN,Retargeting | Abandoned Search,Abandoned Search,35816,991,408.3
2023-02-13,PN,Remarketing | Site Visitors,Site Visitors,28708,670,310.04
2023-02-13,NE,Retargeting | Abandoned Search,Abandoned Search,29532,788,336.67
2023-02-13,NE,Remarketing | Site Visitors,Site Visitors,27299,652,294.83
2023-02-20,CO,Retargeting | Abandoned Search,Abandoned Search,46292,1315,527.73
2023-02-20,CO,Remarketing | Site Visitors,Site Visitors,43285,1054,467.48
2023-02-20,UT,Retargeting | Abandoned Search,Abandoned Search,33914,994,386.62
2023-02-20,UT,Remarketing | Site Visitors,Site Visitors,28675,653,309.69
2023-02-20,CA,Retargeting | Abandoned Search,Abandoned Search,50068,1437,570.77
2023-02-20,CA,Remarketing | Site Visitors,Site Visitors,38379,948,414.49
2023-02-20,PN,Retargeting | Abandoned Search,Abandoned Search,28137,821,320.76
2023-02-20,PN,Remarketing | Site Visitors,Site Visitors,25024,589,270.26
2023-02-20,NE,Retargeting | Abandoned Search,Abandoned Search,25307,704,288.5
2023-02-20,NE,Remarketing | Site Visitors,Site Visitors,23434,566,253.08
2023-02-27,CO,Retargeting | Abandoned Search,Abandoned Search,56621,1586,645.48
2023-02-27,CO,Remarketing | Site Visitors,Site Visitors,43330,1059,467.97
2023-02-27,UT,Retargeting | Abandoned Search,Abandoned Search,35599,1050,405.82
2023-02-27,UT,Remarketing | Site Visitors,Site Visitors,27987,652,302.25
2023-02-27,CA,Retargeting | Abandoned Search,Abandoned Search,40927,1137,466.56
2023-02-27,CA,Remarketing | Site Visitors,Site Visitors,34419,786,371.72
2023-02-27,PN,Retargeting | Abandoned Search,Abandoned Search,33225,957,378.77
2023-02-27,PN,Remarketing | Site Visitors,Site Visitors,25660,590,277.13
2023-02-27,NE,Retargeting | Abandoned Search,Abandoned Search,22963,654,261.77
2023-02-27,NE,Remarketing | Site Visitors,Site Visitors,18661,430,201.54
2023-03-06,CO,Retargeting | Abandoned Search,Abandoned Search,50825,1344,579.41
2023-03-06,CO,Remarketing | Site Visitors,Site Visitors,42040,1001,454.03
2023-03-06,UT,Retargeting | Abandoned Search,Abandoned Search,35196,958,401.23
2023-03-06,UT,Remarketing | Site Visitors,Site Visitors,29636,672,320.07
2023-03-06,CA,Retargeting | Abandoned Search,Abandoned Search,32183,925,366.89
2023-03-06,CA,Remarketing | Site Visitors,Site Visitors,27184,647,293.59
2023-03-06,PN,Retargeting | Abandoned Search,Abandoned Search,29399,776,335.15
2023-03-06,PN,Remarketing | Site Visitors,Site Visitors,25522,601,275.64
2023-03-06,NE,Retargeting | Abandoned Search,Abandoned Search,27344,749,311.72
2023-03-06,NE,Remarketing | Site Visitors,Site Visitors,19566,494,211.31
2023-03-13,CO,Retargeting | Abandoned Search,Abandoned Search,40564,1177,462.43
2023-03-13,CO,Remarketing | Site Visitors,Site Visitors,32360,753,349.49
2023-03-13,UT,Retargeting | Abandoned Search,Abandoned Search,38196,1043,435.43
2023-03-13,UT,Remarketing | Site Visitors,Site Visitors,32165,739,347.38
2023-03-13,CA,Retargeting | Abandoned Search,Abandoned Search,42483,1214,484.3
2023-03-13,CA,Remarketing | Site Visitors,Site Visitors,34382,811,371.32
2023-03-13,PN,Retargeting | Abandoned Search,Abandoned Search,28275,771,322.33
2023-03-13,PN,Remarketing | Site Visitors,Site Visitors,28113,690,303.62
2023-03-13,NE,Retargeting | Abandoned Search,Abandoned Search,26953,742,307.26
2023-03-13,NE,Remarketing | Site Visitors,Site Visitors,21538,502,232.61
2023-03-20,CO,Retargeting | Abandoned Search,Abandoned Search,43084,1175,491.16
2023-03-20,CO,Remarketing | Site Visitors,Site Visitors,33454,833,361.3
2023-03-20,UT,Retargeting | Abandoned Search,Abandoned Search,31841,906,362.99
2023-03-20,UT,Remarketing | Site Visitors,Site Visitors,29029,719,313.51
2023-03-20,CA,Retargeting | Abandoned Search,Abandoned Search,40267,1063,459.04
2023-03-20,CA,Remarketing | Site Visitors,Site Visitors,35219,816,380.36
2023-03-20,PN,Retargeting | Abandoned Search,Abandoned Search,33238,960,378.91
2023-03-20,PN,Remarketing | Site Visitors,Site Visitors,28066,681,303.11
2023-03-20,NE,Retargeting | Abandoned Search,Abandoned Search,22599,625,257.63
2023-03-20,NE,Remarketing | Site Visitors,Site Visitors,19070,442,205.95
2023-03-27,CO,Retargeting | Abandoned Search,Abandoned Search,50164,1397,571.87
2023-03-27,CO,Remarketing | Site Visitors,Site Visitors,35820,910,386.86
2023-03-27,UT,Retargeting | Abandoned Search,Abandoned Search,35754,1045,407.6
2023-03-27,UT,Remarketing | Site Visitors,Site Visitors,35592,899,384.39
2023-03-27,CA,Retargeting | Abandoned Search,Abandoned Search,42902,1184,489.09
2023-03-27,CA,Remarketing | Site Visitors,Site Visitors,41444,966,447.6
2023-03-27,PN,Retargeting | Abandoned Search,Abandoned Search,31350,928,357.39
2023-03-27,PN,Remarketing | Site Visitors,Site Visitors,25993,653,280.72
2023-03-27,NE,Retargeting | Abandoned Search,Abandoned Search,33771,897,384.99
2023-03-27,NE,Remarketing | Site Visitors,Site Visitors,25770,652,278.32
2023-04-03,CO,Retargeting | Abandoned Search,Abandoned Search,48444,1312,552.26
2023-04-03,CO,Remarketing | Site Visitors,Site Visitors,42636,1028,460.47
2023-04-03,UT,Retargeting | Abandoned Search,Abandoned Search,38088,1054,434.21
2023-04-03,UT,Remarketing | Site Visitors,Site Visitors,28528,703,308.1
2023-04-03,CA,Retargeting | Abandoned Search,Abandoned Search,44390,1232,506.05
2023-04-03,CA,Remarketing | Site Visitors,Site Visitors,37347,929,403.34
2023-04-03,PN,Retargeting | Abandoned Search,Abandoned Search,27804,746,316.97
2023-04-03,PN,Remarketing | Site Visitors,Site Visitors,23222,567,250.8
2023-04-03,NE,Retargeting | Abandoned Search,Abandoned Search,22885,645,260.89
2023-04-03,NE,Remarketing | Site Visitors,Site Visitors,18067,459,195.12
2023-04-10,CO,Retargeting | Abandoned Search,Abandoned Search,45557,1276,519.35
2023-04-10,CO,Remarketing | Site Visitors,Site Visitors,35469,867,383.06
2023-04-10,UT,Retargeting | Abandoned Search,Abandoned Search,34258,959,390.54
2023-04-10,UT,Remarketing | Site Visitors,Site Visitors,28538,659,308.21
2023-04-10,CA,Retargeting | Abandoned Search,Abandoned Search,39417,1097,449.35
2023-04-10,CA,Remarketing | Site Visitors,Site Visitors,28965,690,312.83
2023-04-10,PN,Retargeting | Abandoned Search,Abandoned Search,29593,811,337.37
2023-04-10,PN,Remarketing | Site Visitors,Site Visitors,26431,635,285.45
2023-04-10,NE,Retargeting | Abandoned Search,Abandoned Search,26720,755,304.6
2023-04-10,NE,Remarketing | Site Visitors,Site Visitors,22555,570,243.59
2023-04-17,CO,Retargeting | Abandoned Search,Abandoned Search,39623,1098,451.7
2023-04-17,CO,Remarketing | Site Visitors,Site Visitors,32711,785,353.28
2023-04-17,UT,Retargeting | Abandoned Search,Abandoned Search,30517,863,347.9
2023-04-17,UT,Remarketing | Site Visitors,Site Visitors,26126,603,282.16
2023-04-17,CA,Retargeting | Abandoned Search,Abandoned Search,33612,916,383.18
2023-04-17,CA,Remarketing | Site Visitors,Site Visitors,28944,734,312.6
2023-04-17,PN,Retargeting | Abandoned Search,Abandoned Search,30044,818,342.5
2023-04-17,PN,Remarketing | Site Visitors,Site Visitors,25875,645,279.45
2023-04-17,NE,Retargeting | Abandoned Search,Abandoned Search,25858,742,294.78
2023-04-17,NE,Remarketing | Site Visitors,Site Visitors,20995,494,226.75
2023-04-24,CO,Retargeting | Abandoned Search,Abandoned Search,38477,1129,438.64
2023-04-24,CO,Remarketing | Site Visitors,Site Visitors,32558,791,351.62
2023-04-24,UT,Retargeting | Abandoned Search,Abandoned Search,32748,939,373.32
2023-04-24,UT,Remarketing | Site Visitors,Site Visitors,25873,602,279.43
2023-04-24,CA,Retargeting | Abandoned Search,Abandoned Search,37623,1107,428.91
2023-04-24,CA,Remarketing | Site Visitors,Site Visitors,34271,848,370.12
2023-04-24,PN,Retargeting | Abandoned Search,Abandoned Search,27285,779,311.05
2023-04-24,PN,Remarketing | Site Visitors,Site Visitors,22678,535,244.92
2023-04-24,NE,Retargeting | Abandoned Search,Abandoned Search,25572,697,291.52
2023-04-24,NE,Remarketing | Site Visitors,Site Visitors,20033,463,216.35
2023-05-01,CO,Retargeting | Abandoned Search,Abandoned Search,49508,1464,564.4
2023-05-01,CO,Remarketing | Site Visitors,Site Visitors,38201,908,412.57
2023-05-01,UT,Retargeting | Abandoned Search,Abandoned Search,29101,780,331.75
2023-05-01,UT,Remarketing | Site Visitors,Site Visitors,28684,713,309.78
2023-05-01,CA,Retargeting | Abandoned Search,Abandoned Search,38179,1092,435.24
2023-05-01,CA,Remarketing | Site Visitors,Site Visitors,30626,704,330.76
2023-05-01,PN,Retargeting | Abandoned Search,Abandoned Search,33850,933,385.89
2023-05-01,PN,Remarketing | Site Visitors,Site Visitors,28345,698,306.12
2023-05-01,NE,Retargeting | Abandoned Search,Abandoned Search,24494,689,279.23
2023-05-01,NE,Remarketing | Site Visitors,Site Visitors,20497,474,221.37
2023-05-08,CO,Retargeting | Abandoned Search,Abandoned Search,37483,1049,427.31
2023-05-08,CO,Remarketing | Site Visitors,Site Visitors,31151,773,336.44
2023-05-08,UT,Retargeting | Abandoned Search,Abandoned Search,32945,938,375.58
2023-05-08,UT,Remarketing | Site Visitors,Site Visitors,29312,740,316.57
2023-05-08,CA,Retargeting | Abandoned Search,Abandoned Search,41802,1195,476.54
2023-05-08,CA,Remarketing | Site Visitors,Site Visitors,31298,720,338.02
2023-05-08,PN,Retargeting | Abandoned Search,Abandoned Search,26321,709,300.06
2023-05-08,PN,Remarketing | Site Visitors,Site Visitors,21838,547,235.85
2023-05-08,NE,Retargeting | Abandoned Search,Abandoned Search,22778,672,259.67
2023-05-08,NE,Remarketing | Site Visitors,Site Visitors,18691,467,201.86
2023-05-15,CO,Retargeting | Abandoned Search,Abandoned Search,39615,1093,451.61
2023-05-15,CO,Remarketing | Site Visitors,Site Visitors,37015,866,399.76
2023-05-15,UT,Retargeting | Abandoned Search,Abandoned Search,31373,916,357.65
2023-05-15,UT,Remarketing | Site Visitors,Site Visitors,24223,609,261.6
2023-05-15,CA,Retargeting | Abandoned Search,Abandoned Search,41586,1173,474.09
2023-05-15,CA,Remarketing | Site Visitors,Site Visitors,32113,770,346.82
2023-05-15,PN,Retargeting | Abandoned Search,Abandoned Search,26148,765,298.09
2023-05-15,PN,Remarketing | Site Visitors,Site Visitors,23608,592,254.97
2023-05-15,NE,Retargeting | Abandoned Search,Abandoned Search,21054,569,240.02
2023-05-15,NE,Remarketing | Site Visitors,Site Visitors,20538,506,221.81
2023-05-22,CO,Retargeting | Abandoned Search,Abandoned Search,45304,1247,516.47
2023-05-22,CO,Remarketing | Site Visitors,Site Visitors,37701,875,407.18
2023-05-22,UT,Retargeting | Abandoned Search,Abandoned Search,30444,853,347.06
2023-05-22,UT,Remarketing | Site Visitors,Site Visitors,27592,686,297.99
2023-05-22,CA,Retargeting | Abandoned Search,Abandoned Search,38518,1018,439.1
2023-05-22,CA,Remarketing | Site Visitors,Site Visitors,27715,654,299.32
2023-05-22,PN,Retargeting | Abandoned Search,Abandoned Search,31460,869,358.64
2023-05-22,PN,Remarketing | Site Visitors,Site Visitors,22539,542,243.42
2023-05-22,NE,Retargeting | Abandoned Search,Abandoned Search,19380,538,220.93
2023-05-22,NE,Remarketing | Site Visitors,Site Visitors,16757,407,180.98
2023-05-29,CO,Retargeting | Abandoned Search,Abandoned Search,41291,1185,470.72
2023-05-29,CO,Remarketing | Site Visitors,Site Visitors,35395,898,382.27
2023-05-29,UT,Retargeting | Abandoned Search,Abandoned Search,39979,1090,455.76
2023-05-29,UT,Remarketing | Site Visitors,Site Visitors,34337,871,370.84
2023-05-29,CA,Retargeting | Abandoned Search,Abandoned Search,37125,1067,423.22
2023-05-29,CA,Remarketing | Site Visitors,Site Visitors,28847,669,311.54
2023-05-29,PN,Retargeting | Abandoned Search,Abandoned Search,36842,982,420.0
2023-05-29,PN,Remarketing | Site Visitors,Site Visitors,28591,722,308.78
2023-05-29,NE,Retargeting | Abandoned Search,Abandoned Search,20963,562,238.98
2023-05-29,NE,Remarketing | Site Visitors,Site Visitors,17684,408,190.98
2023-06-05,CO,Retargeting | Abandoned Search,Abandoned Search,47799,1354,544.91
2023-06-05,CO,Remarketing | Site Visitors,Site Visitors,38602,918,416.9
2023-06-05,UT,Retargeting | Abandoned Search,Abandoned Search,29573,784,337.13
2023-06-05,UT,Remarketing | Site Visitors,Site Visitors,23532,547,254.15
2023-06-05,CA,Retargeting | Abandoned Search,Abandoned Search,29472,797,335.98
2023-06-05,CA,Remarketing | Site Visitors,Site Visitors,25747,640,278.07
2023-06-05,PN,Retargeting | Abandoned Search,Abandoned Search,28328,839,322.94
2023-06-05,PN,Remarketing | Site Visitors,Site Visitors,25360,601,273.89
2023-06-05,NE,Retargeting | Abandoned Search,Abandoned Search,22652,624,258.23
2023-06-05,NE,Remarketing | Site Visitors,Site Visitors,18802,445,203.06
2023-06-12,CO,Retargeting | Abandoned Search,Abandoned Search,39657,1067,452.08
2023-06-12,CO,Remarketing | Site Visitors,Site Visitors,28718,729,310.16
2023-06-12,UT,Retargeting | Abandoned Search,Abandoned Search,29398,780,335.14
2023-06-12,UT,Remarketing | Site Visitors,Site Visitors,23671,600,255.65
2023-06-12,CA,Retargeting | Abandoned Search,Abandoned Search,36657,1031,417.89
2023-06-12,CA,Remarketing | Site Visitors,Site Visitors,26867,683,290.17
2023-06-12,PN,Retargeting | Abandoned Search,Abandoned Search,25991,768,296.3
2023-06-12,PN,Remarketing | Site Visitors,Site Visitors,21328,532,230.35
2023-06-12,NE,Retargeting | Abandoned Search,Abandoned Search,26468,777,301.73
2023-06-12,NE,Remarketing | Site Visitors,Site Visitors,18635,457,201.26
2023-06-19,CO,Retargeting | Abandoned Search,Abandoned Search,41314,1097,470.98
2023-06-19,CO,Remarketing | Site Visitors,Site Visitors,30456,731,328.92
2023-06-19,UT,Retargeting | Abandoned Search,Abandoned Search,27328,728,311.54
2023-06-19,UT,Remarketing | Site Visitors,Site Visitors,24449,552,264.05
2023-06-19,CA,Retargeting | Abandoned Search,Abandoned Search,25587,742,291.69
2023-06-19,CA,Remarketing | Site Visitors,Site Visitors,23450,587,253.26
2023-06-19,PN,Retargeting | Abandoned Search,Abandoned Search,24548,680,279.84
2023-06-19,PN,Remarketing | Site Visitors,Site Visitors,24260,610,262.01
2023-06-19,NE,Retargeting | Abandoned Search,Abandoned Search,19651,535,224.03
2023-06-19,NE,Remarketing | Site Visitors,Site Visitors,16254,367,175.54
2023-06-26,CO,Retargeting | Abandoned Search,Abandoned Search,37494,1112,427.44
2023-06-26,CO,Remarketing | Site Visitors,Site Visitors,29703,731,320.79
2023-06-26,UT,Retargeting | Abandoned Search,Abandoned Search,29697,851,338.55
2023-06-26,UT,Remarketing | Site Visitors,Site Visitors,22706,514,245.22
2023-06-26,CA,Retargeting | Abandoned Search,Abandoned Search,30058,832,342.66
2023-06-26,CA,Remarketing | Site Visitors,Site Visitors,25988,591,280.68
2023-06-26,PN,Retargeting | Abandoned Search,Abandoned Search,27955,829,318.69
2023-06-26,PN,Remarketing | Site Visitors,Site Visitors,23673,572,255.67
2023-06-26,NE,Retargeting | Abandoned Search,Abandoned Search,22325,609,254.5
2023-06-26,NE,Remarketing | Site Visitors,Site Visitors,18879,473,203.9
2023-07-03,CO,Retargeting | Abandoned Search,Abandoned Search,43766,1289,498.93
2023-07-03,CO,Remarketing | Site Visitors,Site Visitors,35775,817,386.38
2023-07-03,UT,Retargeting | Abandoned Search,Abandoned Search,32811,960,374.04
2023-07-03,UT,Remarketing | Site Visitors,Site Visitors,26476,631,285.95
2023-07-03,CA,Retargeting | Abandoned Search,Abandoned Search,34827,995,397.03
2023-07-03,CA,Remarketing | Site Visitors,Site Visitors,27081,678,292.48
2023-07-03,PN,Retargeting | Abandoned Search,Abandoned Search,28661,791,326.74
2023-07-03,PN,Remarketing | Site Visitors,Site Visitors,22333,561,241.19
2023-07-03,NE,Retargeting | Abandoned Search,Abandoned Search,18899,536,215.44
2023-07-03,NE,Remarketing | Site Visitors,Site Visitors,15629,360,168.8
2023-07-10,CO,Retargeting | Abandoned Search,Abandoned Search,35347,994,402.96
2023-07-10,CO,Remarketing | Site Visitors,Site Visitors,27168,641,293.41
2023-07-10,UT,Retargeting | Abandoned Search,Abandoned Search,22058,605,251.47
2023-07-10,UT,Remarketing | Site Visitors,Site Visitors,19351,468,208.99
2023-07-10,CA,Retargeting | Abandoned Search,Abandoned Search,34417,1013,392.36
2023-07-10,CA,Remarketing | Site Visitors,Site Visitors,30466,736,329.04
2023-07-10,PN,Retargeting | Abandoned Search,Abandoned Search,26770,711,305.18
2023-07-10,PN,Remarketing | Site Visitors,Site Visitors,25640,630,276.92
2023-07-10,NE,Retargeting | Abandoned Search,Abandoned Search,24423,693,278.42
2023-07-10,NE,Remarketing | Site Visitors,Site Visitors,17974,417,194.12
2023-07-17,CO,Retargeting | Abandoned Search,Abandoned Search,39976,1125,455.73
2023-07-17,CO,Remarketing | Site Visitors,Site Visitors,30323,723,327.48
2023-07-17,UT,Retargeting | Abandoned Search,Abandoned Search,29852,798,340.31
2023-07-17,UT,Remarketing | Site Visitors,Site Visitors,24114,579,260.43
2023-07-17,CA,Retargeting | Abandoned Search,Abandoned Search,31983,930,364.6
2023-07-17,CA,Remarketing | Site Visitors,Site Visitors,27725,647,299.43
2023-07-17,PN,Retargeting | Abandoned Search,Abandoned Search,23625,656,269.32
2023-07-17,PN,Remarketing | Site Visitors,Site Visitors,22336,513,241.23
2023-07-17,NE,Retargeting | Abandoned Search,Abandoned Search,17238,478,196.52
2023-07-17,NE,Remarketing | Site Visitors,Site Visitors,14645,340,158.17
2023-07-24,CO,Retargeting | Abandoned Search,Abandoned Search,39099,1102,445.73
2023-07-24,CO,Remarketing | Site Visitors,Site Visitors,31099,730,335.87
2023-07-24,UT,Retargeting | Abandoned Search,Abandoned Search,33107,977,377.42
2023-07-24,UT,Remarketing | Site Visitors,Site Visitors,26384,658,284.95
2023-07-24,CA,Retargeting | Abandoned Search,Abandoned Search,29759,790,339.26
2023-07-24,CA,Remarketing | Site Visitors,Site Visitors,22974,546,248.12
2023-07-24,PN,Retargeting | Abandoned Search,Abandoned Search,23415,690,266.93
2023-07-24,PN,Remarketing | Site Visitors,Site Visitors,23107,530,249.56
2023-07-24,NE,Retargeting | Abandoned Search,Abandoned Search,17278,479,196.97
2023-07-24,NE,Remarketing | Site Visitors,Site Visitors,14808,368,159.92
2023-07-31,CO,Retargeting | Abandoned Search,Abandoned Search,31487,894,358.95
2023-07-31,CO,Remarketing | Site Visitors,Site Visitors,27545,679,297.49
2023-07-31,UT,Retargeting | Abandoned Search,Abandoned Search,28332,810,322.99
2023-07-31,UT,Remarketing | Site Visitors,Site Visitors,20937,473,226.12
2023-07-31,CA,Retargeting | Abandoned Search,Abandoned Search,29522,834,336.55
2023-07-31,CA,Remarketing | Site Visitors,Site Visitors,28940,713,312.55
2023-07-31,PN,Retargeting | Abandoned Search,Abandoned Search,23335,646,266.02
2023-07-31,PN,Remarketing | Site Visitors,Site Visitors,19709,471,212.86
2023-07-31,NE,Retargeting | Abandoned Search,Abandoned Search,18578,501,211.79
2023-07-31,NE,Remarketing | Site Visitors,Site Visitors,16518,420,178.4
2023-08-07,CO,Retargeting | Abandoned Search,Abandoned Search,39517,1152,450.49
2023-08-07,CO,Remarketing | Site Visitors,Site Visitors,31197,731,336.93
2023-08-07,UT,Retargeting | Abandoned Search,Abandoned Search,26424,769,301.23
2023-08-07,UT,Remarketing | Site Visitors,Site Visitors,22567,528,243.72
2023-08-07,CA,Retargeting | Abandoned Search,Abandoned Search,30773,847,350.81
2023-08-07,CA,Remarketing | Site Visitors,Site Visitors,21729,537,234.67
2023-08-07,PN,Retargeting | Abandoned Search,Abandoned Search,25969,749,296.04
2023-08-07,PN,Remarketing | Site Visitors,Site Visitors,19509,491,210.7
2023-08-07,NE,Retargeting | Abandoned Search,Abandoned Search,21015,581,239.57
2023-08-07,NE,Remarketing | Site Visitors,Site Visitors,17829,428,192.55
2023-08-14,CO,Retargeting | Abandoned Search,Abandoned Search,29845,790,340.23
2023-08-14,CO,Remarketing | Site Visitors,Site Visitors,26121,608,282.11
2023-08-14,UT,Retargeting | Abandoned Search,Abandoned Search,31413,868,358.11
2023-08-14,UT,Remarketing | Site Visitors,Site Visitors,23275,561,251.37
2023-08-14,CA,Retargeting | Abandoned Search,Abandoned Search,34877,1028,397.6
2023-08-14,CA,Remarketing | Site Visitors,Site Visitors,29201,676,315.37
2023-08-14,PN,Retargeting | Abandoned Search,Abandoned Search,22474,600,256.2
2023-08-14,PN,Remarketing | Site Visitors,Site Visitors,19111,469,206.4
2023-08-14,NE,Retargeting | Abandoned Search,Abandoned Search,18661,508,212.74
2023-08-14,NE,Remarketing | Site Visitors,Site Visitors,15249,377,164.68
2023-08-21,CO,Retargeting | Abandoned Search,Abandoned Search,31229,863,356.01
2023-08-21,CO,Remarketing | Site Visitors,Site Visitors,29199,674,315.35
2023-08-21,UT,Retargeting | Abandoned Search,Abandoned Search,25018,704,285.21
2023-08-21,UT,Remarketing | Site Visitors,Site Visitors,20589,507,222.37
2023-08-21,CA,Retargeting | Abandoned Search,Abandoned Search,33333,989,379.99
2023-08-21,CA,Remarketing | Site Visitors,Site Visitors,25891,622,279.62
2023-08-21,PN,Retargeting | Abandoned Search,Abandoned Search,21171,591,241.35
2023-08-21,PN,Remarketing | Site Visitors,Site Visitors,16870,381,182.19
2023-08-21,NE,Retargeting | Abandoned Search,Abandoned Search,19335,512,220.42
2023-08-21,NE,Remarketing | Site Visitors,Site Visitors,14503,327,156.63
2023-08-28,CO,Retargeting | Abandoned Search,Abandoned Search,37098,1030,422.92
2023-08-28,CO,Remarketing | Site Visitors,Site Visitors,31450,733,339.66
2023-08-28,UT,Retargeting | Abandoned Search,Abandoned Search,25983,686,296.21
2023-08-28,UT,Remarketing | Site Visitors,Site Visitors,18486,439,199.65
2023-08-28,CA,Retargeting | Abandoned Search,Abandoned Search,33736,965,384.59
2023-08-28,CA,Remarketing | Site Visitors,Site Visitors,30740,770,331.99
2023-08-28,PN,Retargeting | Abandoned Search,Abandoned Search,24245,669,276.4
2023-08-28,PN,Remarketing | Site Visitors,Site Visitors,22422,521,242.16
2023-08-28,NE,Retargeting | Abandoned Search,Abandoned Search,16996,464,193.76
2023-08-28,NE,Remarketing | Site Visitors,Site Visitors,14638,367,158.09
2023-09-04,CO,Retargeting | Abandoned Search,Abandoned Search,31880,885,363.44
2023-09-04,CO,Remarketing | Site Visitors,Site Visitors,25326,623,273.52
2023-09-04,UT,Retargeting | Abandoned Search,Abandoned Search,27856,792,317.55
2023-09-04,UT,Remarketing | Site Visitors,Site Visitors,23441,595,253.16
2023-09-04,CA,Retargeting | Abandoned Search,Abandoned Search,36684,1081,418.19
2023-09-04,CA,Remarketing | Site Visitors,Site Visitors,30180,738,325.94
2023-09-04,PN,Retargeting | Abandoned Search,Abandoned Search,26267,736,299.44
2023-09-04,PN,Remarketing | Site Visitors,Site Visitors,23503,550,253.83
2023-09-04,NE,Retargeting | Abandoned Search,Abandoned Search,16978,478,193.55
2023-09-04,NE,Remarketing | Site Visitors,Site Visitors,14193,342,153.28
2023-09-11,CO,Retargeting | Abandoned Search,Abandoned Search,32728,921,373.1
2023-09-11,CO,Remarketing | Site Visitors,Site Visitors,29316,669,316.61
2023-09-11,UT,Retargeting | Abandoned Search,Abandoned Search,32052,928,365.4
2023-09-11,UT,Remarketing | Site Visitors,Site Visitors,28182,667,304.36
2023-09-11,CA,Retargeting | Abandoned Search,Abandoned Search,28580,768,325.82
2023-09-11,CA,Remarketing | Site Visitors,Site Visitors,25666,599,277.2
2023-09-11,PN,Retargeting | Abandoned Search,Abandoned Search,22468,599,256.14
2023-09-11,PN,Remarketing | Site Visitors,Site Visitors,17700,408,191.16
2023-09-11,NE,Retargeting | Abandoned Search,Abandoned Search,21450,567,244.53
2023-09-11,NE,Remarketing | Site Visitors,Site Visitors,17778,442,192.0
2023-09-18,CO,Retargeting | Abandoned Search,Abandoned Search,33986,946,387.44
2023-09-18,CO,Remarketing | Site Visitors,Site Visitors,31189,719,336.84
2023-09-18,UT,Retargeting | Abandoned Search,Abandoned Search,27697,784,315.74
2023-09-18,UT,Remarketing | Site Visitors,Site Visitors,23940,603,258.56
2023-09-18,CA,Retargeting | Abandoned Search,Abandoned Search,31438,834,358.4
2023-09-18,CA,Remarketing | Site Visitors,Site Visitors,26182,640,282.77
2023-09-18,PN,Retargeting | Abandoned Search,Abandoned Search,21108,620,240.63
2023-09-18,PN,Remarketing | Site Visitors,Site Visitors,20604,516,222.52
2023-09-18,NE,Retargeting | Abandoned Search,Abandoned Search,17400,473,198.36
2023-09-18,NE,Remarketing | Site Visitors,Site Visitors,14717,351,158.95
2023-09-25,CO,Retargeting | Abandoned Search,Abandoned Search,31824,879,362.79
2023-09-25,CO,Remarketing | Site Visitors,Site Visitors,29786,728,321.69
2023-09-25,UT,Retargeting | Abandoned Search,Abandoned Search,30646,884,349.36
2023-09-25,UT,Remarketing | Site Visitors,Site Visitors,25876,654,279.46
2023-09-25,CA,Retargeting | Abandoned Search,Abandoned Search,29817,826,339.92
2023-09-25,CA,Remarketing | Site Visitors,Site Visitors,24778,599,267.61
2023-09-25,PN,Retargeting | Abandoned Search,Abandoned Search,21342,576,243.3
2023-09-25,PN,Remarketing | Site Visitors,Site Visitors,17894,412,193.25
2023-09-25,NE,Retargeting | Abandoned Search,Abandoned Search,18826,542,214.62
2023-09-25,NE,Remarketing | Site Visitors,Site Visitors,14749,358,159.29
2023-10-02,CO,Retargeting | Abandoned Search,Abandoned Search,32944,928,375.57
2023-10-02,CO,Remarketing | Site Visitors,Site Visitors,26924,632,290.78
2023-10-02,UT,Retargeting | Abandoned Search,Abandoned Search,29567,828,337.06
2023-10-02,UT,Remarketing | Site Visitors,Site Visitors,24861,620,268.5
2023-10-02,CA,Retargeting | Abandoned Search,Abandoned Search,25769,750,293.76
2023-10-02,CA,Remarketing | Site Visitors,Site Visitors,23021,543,248.63
2023-10-02,PN,Retargeting | Abandoned Search,Abandoned Search,25635,687,292.24
2023-10-02,PN,Remarketing | Site Visitors,Site Visitors,18543,418,200.26
2023-10-02,NE,Retargeting | Abandoned Search,Abandoned Search,17334,501,197.61
2023-10-02,NE,Remarketing | Site Visitors,Site Visitors,14273,360,154.15
2023-10-09,CO,Retargeting | Abandoned Search,Abandoned Search,35819,1016,408.34
2023-10-09,CO,Remarketing | Site Visitors,Site Visitors,26089,623,281.77
2023-10-09,UT,Retargeting | Abandoned Search,Abandoned Search,25641,726,292.31
2023-10-09,UT,Remarketing | Site Visitors,Site Visitors,21400,519,231.12
2023-10-09,CA,Retargeting | Abandoned Search,Abandoned Search,38256,1039,436.11
2023-10-09,CA,Remarketing | Site Visitors,Site Visitors,31682,785,342.17
2023-10-09,PN,Retargeting | Abandoned Search,Abandoned Search,22608,605,257.73
2023-10-09,PN,Remarketing | Site Visitors,Site Visitors,20917,531,225.9
2023-10-09,NE,Retargeting | Abandoned Search,Abandoned Search,19323,562,220.29
2023-10-09,NE,Remarketing | Site Visitors,Site Visitors,15274,363,164.95
2023-10-16,CO,Retargeting | Abandoned Search,Abandoned Search,38036,1002,433.61
2023-10-16,CO,Remarketing | Site Visitors,Site Visitors,31562,736,340.87
2023-10-16,UT,Retargeting | Abandoned Search,Abandoned Search,29397,844,335.12
2023-10-16,UT,Remarketing | Site Visitors,Site Visitors,23937,556,258.52
2023-10-16,CA,Retargeting | Abandoned Search,Abandoned Search,33547,973,382.43
2023-10-16,CA,Remarketing | Site Visitors,Site Visitors,26408,650,285.21
2023-10-16,PN,Retargeting | Abandoned Search,Abandoned Search,21569,598,245.89
2023-10-16,PN,Remarketing | Site Visitors,Site Visitors,18290,462,197.53
2023-10-16,NE,Retargeting | Abandoned Search,Abandoned Search,19114,527,217.9
2023-10-16,NE,Remarketing | Site Visitors,Site Visitors,14913,377,161.06
2023-10-23,CO,Retargeting | Abandoned Search,Abandoned Search,34231,944,390.23
2023-10-23,CO,Remarketing | Site Visitors,Site Visitors,28913,687,312.26
2023-10-23,UT,Retargeting | Abandoned Search,Abandoned Search,30136,812,343.55
2023-10-23,UT,Remarketing | Site Visitors,Site Visitors,23913,597,258.26
2023-10-23,CA,Retargeting | Abandoned Search,Abandoned Search,30694,889,349.91
2023-10-23,CA,Remarketing | Site Visitors,Site Visitors,24099,606,260.27
2023-10-23,PN,Retargeting | Abandoned Search,Abandoned Search,26236,743,299.09
2023-10-23,PN,Remarketing | Site Visitors,Site Visitors,20960,529,226.37
2023-10-23,NE,Retargeting | Abandoned Search,Abandoned Search,24336,656,277.44
2023-10-23,NE,Remarketing | Site Visitors,Site Visitors,20525,488,221.67
2023-10-30,CO,Retargeting | Abandoned Search,Abandoned Search,38608,1052,440.13
2023-10-30,CO,Remarketing | Site Visitors,Site Visitors,32556,768,351.6
2023-10-30,UT,Retargeting | Abandoned Search,Abandoned Search,29550,852,336.87
2023-10-30,UT,Remarketing | Site Visitors,Site Visitors,23588,562,254.76
2023-10-30,CA,Retargeting | Abandoned Search,Abandoned Search,34530,1002,393.64
2023-10-30,CA,Remarketing | Site Visitors,Site Visitors,27519,700,297.2
2023-10-30,PN,Retargeting | Abandoned Search,Abandoned Search,21756,592,248.02
2023-10-30,PN,Remarketing | Site Visitors,Site Visitors,18003,423,194.43
2023-10-30,NE,Retargeting | Abandoned Search,Abandoned Search,21480,575,244.87
2023-10-30,NE,Remarketing | Site Visitors,Site Visitors,18071,419,195.16
2023-11-06,CO,Retargeting | Abandoned Search,Abandoned Search,36580,995,417.02
2023-11-06,CO,Remarketing | Site Visitors,Site Visitors,27814,671,300.39
2023-11-06,UT,Retargeting | Abandoned Search,Abandoned Search,29873,840,340.56
2023-11-06,UT,Remarketing | Site Visitors,Site Visitors,23105,523,249.53
2023-11-06,CA,Retargeting | Abandoned Search,Abandoned Search,29373,824,334.85
2023-11-06,CA,Remarketing | Site Visitors,Site Visitors,28191,680,304.46
2023-11-06,PN,Retargeting | Abandoned Search,Abandoned Search,24918,692,284.06
2023-11-06,PN,Remarketing | Site Visitors,Site Visitors,22335,532,241.22
2023-11-06,NE,Retargeting | Abandoned Search,Abandoned Search,22360,619,254.91
2023-11-06,NE,Remarketing | Site Visitors,Site Visitors,17518,401,189.19
2023-11-13,CO,Retargeting | Abandoned Search,Abandoned Search,38148,1051,434.88
2023-11-13,CO,Remarketing | Site Visitors,Site Visitors,27753,669,299.74
2023-11-13,UT,Retargeting | Abandoned Search,Abandoned Search,28128,826,320.66
2023-11-13,UT,Remarketing | Site Visitors,Site Visitors,19543,470,211.07
2023-11-13,CA,Retargeting | Abandoned Search,Abandoned Search,30286,870,345.26
2023-11-13,CA,Remarketing | Site Visitors,Site Visitors,25865,585,279.34
2023-11-13,PN,Retargeting | Abandoned Search,Abandoned Search,28367,754,323.38
2023-11-13,PN,Remarketing | Site Visitors,Site Visitors,22503,542,243.03
2023-11-13,NE,Retargeting | Abandoned Search,Abandoned Search,19366,528,220.78
2023-11-13,NE,Remarketing | Site Visitors,Site Visitors,18190,456,196.46
2023-11-20,CO,Retargeting | Abandoned Search,Abandoned Search,54789,1523,624.59
2023-11-20,CO,Remarketing | Site Visitors,Site Visitors,42649,979,460.61
2023-11-20,UT,Retargeting | Abandoned Search,Abandoned Search,36356,1024,414.46
2023-11-20,UT,Remarketing | Site Visitors,Site Visitors,32197,736,347.73
2023-11-20,CA,Retargeting | Abandoned Search,Abandoned Search,38515,1103,439.08
2023-11-20,CA,Remarketing | Site Visitors,Site Visitors,31425,724,339.39
2023-11-20,PN,Retargeting | Abandoned Search,Abandoned Search,32804,931,373.96
2023-11-20,PN,Remarketing | Site Visitors,Site Visitors,26232,651,283.3
2023-11-20,NE,Retargeting | Abandoned Search,Abandoned Search,24906,724,283.93
2023-11-20,NE,Remarketing | Site Visitors,Site Visitors,21692,543,234.27
2023-11-27,CO,Retargeting | Abandoned Search,Abandoned Search,39216,1035,447.07
2023-11-27,CO,Remarketing | Site Visitors,Site Visitors,35579,904,384.25
2023-11-27,UT,Retargeting | Abandoned Search,Abandoned Search,38776,1029,442.05
2023-11-27,UT,Remarketing | Site Visitors,Site Visitors,27713,673,299.3
2023-11-27,CA,Retargeting | Abandoned Search,Abandoned Search,42865,1230,488.66
2023-11-27,CA,Remarketing | Site Visitors,Site Visitors,34850,875,376.38
2023-11-27,PN,Retargeting | Abandoned Search,Abandoned Search,27868,763,317.7
2023-11-27,PN,Remarketing | Site Visitors,Site Visitors,22705,549,245.21
2023-11-27,NE,Retargeting | Abandoned Search,Abandoned Search,23027,658,262.51
2023-11-27,NE,Remarketing | Site Visitors,Site Visitors,20844,471,225.11
2023-12-04,CO,Retargeting | Abandoned Search,Abandoned Search,45219,1265,515.49
2023-12-04,CO,Remarketing | Site Visitors,Site Visitors,36631,896,395.62
2023-12-04,UT,Retargeting | Abandoned Search,Abandoned Search,36453,1006,415.56
2023-12-04,UT,Remarketing | Site Visitors,Site Visitors,26668,676,288.02
2023-12-04,CA,Retargeting | Abandoned Search,Abandoned Search,43595,1281,496.98
2023-12-04,CA,Remarketing | Site Visitors,Site Visitors,35037,859,378.4
2023-12-04,PN,Retargeting | Abandoned Search,Abandoned Search,29284,856,333.83
2023-12-04,PN,Remarketing | Site Visitors,Site Visitors,25792,637,278.55
2023-12-04,NE,Retargeting | Abandoned Search,Abandoned Search,21178,597,241.43
2023-12-04,NE,Remarketing | Site Visitors,Site Visitors,17888,442,193.2
2023-12-11,CO,Retargeting | Abandoned Search,Abandoned Search,43325,1194,493.9
2023-12-11,CO,Remarketing | Site Visitors,Site Visitors,35333,814,381.6
2023-12-11,UT,Retargeting | Abandoned Search,Abandoned Search,31571,850,359.91
2023-12-11,UT,Remarketing | Site Visitors,Site Visitors,28412,699,306.85
2023-12-11,CA,Retargeting | Abandoned Search,Abandoned Search,32596,908,371.59
2023-12-11,CA,Remarketing | Site Visitors,Site Visitors,27829,649,300.56
2023-12-11,PN,Retargeting | Abandoned Search,Abandoned Search,33526,949,382.19
2023-12-11,PN,Remarketing | Site Visitors,Site Visitors,28942,666,312.57
2023-12-11,NE,Retargeting | Abandoned Search,Abandoned Search,21246,588,242.2
2023-12-11,NE,Remarketing | Site Visitors,Site Visitors,16764,420,181.06
2023-12-18,CO,Retargeting | Abandoned Search,Abandoned Search,40219,1155,458.49
2023-12-18,CO,Remarketing | Site Visitors,Site Visitors,31260,787,337.61
2023-12-18,UT,Retargeting | Abandoned Search,Abandoned Search,34555,946,393.93
2023-12-18,UT,Remarketing | Site Visitors,Site Visitors,28334,707,306.01
2023-12-18,CA,Retargeting | Abandoned Search,Abandoned Search,45679,1324,520.74
2023-12-18,CA,Remarketing | Site Visitors,Site Visitors,37739,888,407.58
2023-12-18,PN,Retargeting | Abandoned Search,Abandoned Search,25544,710,291.2
2023-12-18,PN,Remarketing | Site Visitors,Site Visitors,22175,555,239.49
2023-12-18,NE,Retargeting | Abandoned Search,Abandoned Search,25321,710,288.65
2023-12-18,NE,Remarketing | Site Visitors,Site Visitors,20510,499,221.51
2023-12-25,CO,Retargeting | Abandoned Search,Abandoned Search,37032,1032,422.16
2023-12-25,CO,Remarketing | Site Visitors,Site Visitors,29981,758,323.79
2023-12-25,UT,Retargeting | Abandoned Search,Abandoned Search,37142,1070,423.42
2023-12-25,UT,Remarketing | Site Visitors,Site Visitors,30181,694,325.96
2023-12-25,CA,Retargeting | Abandoned Search,Abandoned Search,45165,1231,514.88
2023-12-25,CA,Remarketing | Site Visitors,Site Visitors,42795,1033,462.19
2023-12-25,PN,Retargeting | Abandoned Search,Abandoned Search,29783,859,339.53
2023-12-25,PN,Remarketing | Site Visitors,Site Visitors,25936,653,280.11
2023-12-25,NE,Retargeting | Abandoned Search,Abandoned Search,28614,787,326.21
2023-12-25,NE,Remarketing | Site Visitors,Site Visitors,24348,590,262.96
2024-01-01,CO,Retargeting | Abandoned Search,Abandoned Search,48096,1374,548.29
2024-01-01,CO,Remarketing | Site Visitors,Site Visitors,40315,946,435.4
2024-01-01,UT,Retargeting | Abandoned Search,Abandoned Search,32553,866,371.1
2024-01-01,UT,Remarketing | Site Visitors,Site Visitors,27463,662,296.61
2024-01-01,CA,Retargeting | Abandoned Search,Abandoned Search,41669,1163,475.02
2024-01-01,CA,Remarketing | Site Visitors,Site Visitors,40155,1000,433.68
2024-01-01,PN,Retargeting | Abandoned Search,Abandoned Search,33212,962,378.62
2024-01-01,PN,Remarketing | Site Visitors,Site Visitors,29954,690,323.5
2024-01-01,NE,Retargeting | Abandoned Search,Abandoned Search,29680,798,338.35
2024-01-01,NE,Remarketing | Site Visitors,Site Visitors,24370,590,263.2
2024-01-08,CO,Retargeting | Abandoned Search,Abandoned Search,39868,1110,454.49
2024-01-08,CO,Remarketing | Site Visitors,Site Visitors,31850,752,343.98
2024-01-08,UT,Retargeting | Abandoned Search,Abandoned Search,35780,985,407.9
2024-01-08,UT,Remarketing | Site Visitors,Site Visitors,30099,700,325.07
2024-01-08,CA,Retargeting | Abandoned Search,Abandoned Search,41597,1141,474.21
2024-01-08,CA,Remarketing | Site Visitors,Site Visitors,32511,745,351.12
2024-01-08,PN,Retargeting | Abandoned Search,Abandoned Search,30091,880,343.04
2024-01-08,PN,Remarketing | Site Visitors,Site Visitors,23117,560,249.66
2024-01-08,NE,Retargeting | Abandoned Search,Abandoned Search,27376,788,312.09
2024-01-08,NE,Remarketing | Site Visitors,Site Visitors,23970,605,258.88
2024-01-15,CO,Retargeting | Abandoned Search,Abandoned Search,49380,1368,562.93
2024-01-15,CO,Remarketing | Site Visitors,Site Visitors,41479,1025,447.97
2024-01-15,UT,Retargeting | Abandoned Search,Abandoned Search,34983,1014,398.8
2024-01-15,UT,Remarketing | Site Visitors,Site Visitors,33933,805,366.47
2024-01-15,CA,Retargeting | Abandoned Search,Abandoned Search,43628,1196,497.35
2024-01-15,CA,Remarketing | Site Visitors,Site Visitors,38383,947,414.54
2024-01-15,PN,Retargeting | Abandoned Search,Abandoned Search,32423,902,369.62
2024-01-15,PN,Remarketing | Site Visitors,Site Visitors,24180,615,261.15
2024-01-15,NE,Retargeting | Abandoned Search,Abandoned Search,29481,862,336.09
2024-01-15,NE,Remarketing | Site Visitors,Site Visitors,21718,502,234.56
2024-01-22,CO,Retargeting | Abandoned Search,Abandoned Search,50289,1385,573.3
2024-01-22,CO,Remarketing | Site Visitors,Site Visitors,39583,914,427.5
2024-01-22,UT,Retargeting | Abandoned Search,Abandoned Search,34768,1004,396.35
2024-01-22,UT,Remarketing | Site Visitors,Site Visitors,28434,698,307.09
2024-01-22,CA,Retargeting | Abandoned Search,Abandoned Search,36649,981,417.8
2024-01-22,CA,Remarketing | Site Visitors,Site Visitors,29634,749,320.05
2024-01-22,PN,Retargeting | Abandoned Search,Abandoned Search,27479,791,313.26
2024-01-22,PN,Remarketing | Site Visitors,Site Visitors,24543,588,265.06
2024-01-22,NE,Retargeting | Abandoned Search,Abandoned Search,25439,710,290.0
2024-01-22,NE,Remarketing | Site Visitors,Site Visitors,20053,481,216.57
2024-01-29,CO,Retargeting | Abandoned Search,Abandoned Search,42812,1184,488.05
2024-01-29,CO,Remarketing | Site Visitors,Site Visitors,36485,924,394.04
2024-01-29,UT,Retargeting | Abandoned Search,Abandoned Search,37133,1049,423.32
2024-01-29,UT,Remarketing | Site Visitors,Site Visitors,30440,730,328.75
2024-01-29,CA,Retargeting | Abandoned Search,Abandoned Search,42758,1130,487.44
2024-01-29,CA,Remarketing | Site Visitors,Site Visitors,38955,979,420.72
2024-01-29,PN,Retargeting | Abandoned Search,Abandoned Search,33759,932,384.85
2024-01-29,PN,Remarketing | Site Visitors,Site Visitors,30916,755,333.9
2024-01-29,NE,Retargeting | Abandoned Search,Abandoned Search,22888,653,260.92
2024-01-29,NE,Remarketing | Site Visitors,Site Visitors,21908,552,236.6
2024-02-05,CO,Retargeting | Abandoned Search,Abandoned Search,45759,1354,521.65
2024-02-05,CO,Remarketing | Site Visitors,Site Visitors,41122,1043,444.12
2024-02-05,UT,Retargeting | Abandoned Search,Abandoned Search,37714,1039,429.94
2024-02-05,UT,Remarketing | Site Visitors,Site Visitors,33582,839,362.69
2024-02-05,CA,Retargeting | Abandoned Search,Abandoned Search,50310,1413,573.53
2024-02-05,CA,Remarketing | Site Visitors,Site Visitors,40803,984,440.67
2024-02-05,PN,Retargeting | Abandoned Search,Abandoned Search,30984,910,353.22
2024-02-05,PN,Remarketing | Site Visitors,Site Visitors,29894,724,322.85
2024-02-05,NE,Retargeting | Abandoned Search,Abandoned Search,27677,750,315.52
2024-02-05,NE,Remarketing | Site Visitors,Site Visitors,25638,648,276.89
2024-02-12,CO,Retargeting | Abandoned Search,Abandoned Search,53882,1525,614.25
2024-02-12,CO,Remarketing | Site Visitors,Site Visitors,49040,1121,529.63
2024-02-12,UT,Retargeting | Abandoned Search,Abandoned Search,33627,893,383.35
2024-02-12,UT,Remarketing | Site Visitors,Site Visitors,29796,716,321.79
2024-02-12,CA,Retargeting | Abandoned Search,Abandoned Search,47898,1395,546.04
2024-02-12,CA,Remarketing | Site Visitors,Site Visitors,39708,933,428.84
2024-02-12,PN,Retargeting | Abandoned Search,Abandoned Search,31994,852,364.73
2024-02-12,PN,Remarketing | Site Visitors,Site Visitors,26897,628,290.49
2024-02-12,NE,Retargeting | Abandoned Search,Abandoned Search,34395,966,392.11
2024-02-12,NE,Remarketing | Site Visitors,Site Visitors,26821,680,289.67
2024-02-19,CO,Retargeting | Abandoned Search,Abandoned Search,60444,1691,689.07
2024-02-19,CO,Remarketing | Site Visitors,Site Visitors,46385,1139,500.96
2024-02-19,UT,Retargeting | Abandoned Search,Abandoned Search,48171,1350,549.15
2024-02-19,UT,Remarketing | Site Visitors,Site Visitors,34612,842,373.81
2024-02-19,CA,Retargeting | Abandoned Search,Abandoned Search,53759,1588,612.85
2024-02-19,CA,Remarketing | Site Visitors,Site Visitors,44384,1125,479.35
2024-02-19,PN,Retargeting | Abandoned Search,Abandoned Search,39848,1081,454.26
2024-02-19,PN,Remarketing | Site Visitors,Site Visitors,31727,790,342.66
2024-02-19,NE,Retargeting | Abandoned Search,Abandoned Search,27704,800,315.83
2024-02-19,NE,Remarketing | Site Visitors,Site Visitors,25887,586,279.58
2024-02-26,CO,Retargeting | Abandoned Search,Abandoned Search,50620,1443,577.07
2024-02-26,CO,Remarketing | Site Visitors,Site Visitors,40544,964,437.88
2024-02-26,UT,Retargeting | Abandoned Search,Abandoned Search,41822,1234,476.77
2024-02-26,UT,Remarketing | Site Visitors,Site Visitors,37505,892,405.05
2024-02-26,CA,Retargeting | Abandoned Search,Abandoned Search,48058,1277,547.86
2024-02-26,CA,Remarketing | Site Visitors,Site Visitors,35938,865,388.13
2024-02-26,PN,Retargeting | Abandoned Search,Abandoned Search,31590,874,360.13
2024-02-26,PN,Remarketing | Site Visitors,Site Visitors,24601,567,265.69
2024-02-26,NE,Retargeting | Abandoned Search,Abandoned Search,22829,636,260.25
2024-02-26,NE,Remarketing | Site Visitors,Site Visitors,21496,531,232.15
2024-03-04,CO,Retargeting | Abandoned Search,Abandoned Search,40074,1068,456.84
2024-03-04,CO,Remarketing | Site Visitors,Site Visitors,36901,882,398.53
2024-03-04,UT,Retargeting | Abandoned Search,Abandoned Search,30840,853,351.57
2024-03-04,UT,Remarketing | Site Visitors,Site Visitors,26489,605,286.08
2024-03-04,CA,Retargeting | Abandoned Search,Abandoned Search,46221,1270,526.92
2024-03-04,CA,Remarketing | Site Visitors,Site Visitors,33661,844,363.53
2024-03-04,PN,Retargeting | Abandoned Search,Abandoned Search,37929,1028,432.39
2024-03-04,PN,Remarketing | Site Visitors,Site Visitors,30636,732,330.87
2024-03-04,NE,Retargeting | Abandoned Search,Abandoned Search,29291,847,333.92
2024-03-04,NE,Remarketing | Site Visitors,Site Visitors,23949,556,258.65
2024-03-11,CO,Retargeting | Abandoned Search,Abandoned Search,50417,1480,574.75
2024-03-11,CO,Remarketing | Site Visitors,Site Visitors,39478,957,426.36
2024-03-11,UT,Retargeting | Abandoned Search,Abandoned Search,42724,1185,487.06
2024-03-11,UT,Remarketing | Site Visitors,Site Visitors,31916,788,344.7
2024-03-11,CA,Retargeting | Abandoned Search,Abandoned Search,45413,1294,517.71
2024-03-11,CA,Remarketing | Site Visitors,Site Visitors,36665,873,395.98
2024-03-11,PN,Retargeting | Abandoned Search,Abandoned Search,37923,1038,432.33
2024-03-11,PN,Remarketing | Site Visitors,Site Visitors,31704,732,342.4
2024-03-11,NE,Retargeting | Abandoned Search,Abandoned Search,31166,824,355.3
2024-03-11,NE,Remarketing | Site Visitors,Site Visitors,25951,599,280.27
2024-03-18,CO,Retargeting | Abandoned Search,Abandoned Search,49388,1425,563.02
2024-03-18,CO,Remarketing | Site Visitors,Site Visitors,40057,969,432.62
2024-03-18,UT,Retargeting | Abandoned Search,Abandoned Search,35221,977,401.51
2024-03-18,UT,Remarketing | Site Visitors,Site Visitors,30367,709,327.97
2024-03-18,CA,Retargeting | Abandoned Search,Abandoned Search,37748,1046,430.33
2024-03-18,CA,Remarketing | Site Visitors,Site Visitors,33599,839,362.87
2024-03-18,PN,Retargeting | Abandoned Search,Abandoned Search,33600,903,383.04
2024-03-18,PN,Remarketing | Site Visitors,Site Visitors,28708,723,310.05
2024-03-18,NE,Retargeting | Abandoned Search,Abandoned Search,24838,654,283.16
2024-03-18,NE,Remarketing | Site Visitors,Site Visitors,20986,516,226.65
2024-03-25,CO,Retargeting | Abandoned Search,Abandoned Search,40737,1124,464.41
2024-03-25,CO,Remarketing | Site Visitors,Site Visitors,33224,790,358.82
2024-03-25,UT,Retargeting | Abandoned Search,Abandoned Search,32447,866,369.9
2024-03-25,UT,Remarketing | Site Visitors,Site Visitors,27008,653,291.69
2024-03-25,CA,Retargeting | Abandoned Search,Abandoned Search,51560,1427,587.79
2024-03-25,CA,Remarketing | Site Visitors,Site Visitors,41272,1016,445.74
2024-03-25,PN,Retargeting | Abandoned Search,Abandoned Search,31830,914,362.86
2024-03-25,PN,Remarketing | Site Visitors,Site Visitors,24283,564,262.26
2024-03-25,NE,Retargeting | Abandoned Search,Abandoned Search,28269,834,322.27
2024-03-25,NE,Remarketing | Site Visitors,Site Visitors,23445,554,253.2
2024-04-01,CO,Retargeting | Abandoned Search,Abandoned Search,47672,1379,543.46
2024-04-01,CO,Remarketing | Site Visitors,Site Visitors,37319,857,403.04
2024-04-01,UT,Retargeting | Abandoned Search,Abandoned Search,33770,961,384.98
2024-04-01,UT,Remarketing | Site Visitors,Site Visitors,33140,832,357.92
2024-04-01,CA,Retargeting | Abandoned Search,Abandoned Search,45813,1324,522.27
2024-04-01,CA,Remarketing | Site Visitors,Site Visitors,34193,833,369.28
2024-04-01,PN,Retargeting | Abandoned Search,Abandoned Search,32026,946,365.09
2024-04-01,PN,Remarketing | Site Visitors,Site Visitors,29093,736,314.2
2024-04-01,NE,Retargeting | Abandoned Search,Abandoned Search,29912,828,341.0
2024-04-01,NE,Remarketing | Site Visitors,Site Visitors,23547,544,254.31
2024-04-08,CO,Retargeting | Abandoned Search,Abandoned Search,44987,1326,512.85
2024-04-08,CO,Remarketing | Site Visitors,Site Visitors,40279,995,435.02
2024-04-08,UT,Retargeting | Abandoned Search,Abandoned Search,36934,1083,421.04
2024-04-08,UT,Remarketing | Site Visitors,Site Visitors,31996,804,345.56
2024-04-08,CA,Retargeting | Abandoned Search,Abandoned Search,40971,1150,467.06
2024-04-08,CA,Remarketing | Site Visitors,Site Visitors,40595,962,438.43
2024-04-08,PN,Retargeting | Abandoned Search,Abandoned Search,30466,802,347.32
2024-04-08,PN,Remarketing | Site Visitors,Site Visitors,28566,650,308.51
2024-04-08,NE,Retargeting | Abandoned Search,Abandoned Search,24933,713,284.24
2024-04-08,NE,Remarketing | Site Visitors,Site Visitors,22523,564,243.25
2024-04-15,CO,Retargeting | Abandoned Search,Abandoned Search,43923,1196,500.72
2024-04-15,CO,Remarketing | Site Visitors,Site Visitors,41876,1056,452.26
2024-04-15,UT,Retargeting | Abandoned Search,Abandoned Search,32743,922,373.27
2024-04-15,UT,Remarketing | Site Visitors,Site Visitors,29723,704,321.01
2024-04-15,CA,Retargeting | Abandoned Search,Abandoned Search,47052,1316,536.4
2024-04-15,CA,Remarketing | Site Visitors,Site Visitors,40768,1023,440.3
2024-04-15,PN,Retargeting | Abandoned Search,Abandoned Search,28512,836,325.03
2024-04-15,PN,Remarketing | Site Visitors,Site Visitors,21086,491,227.73
2024-04-15,NE,Retargeting | Abandoned Search,Abandoned Search,23075,624,263.05
2024-04-15,NE,Remarketing | Site Visitors,Site Visitors,20868,526,225.37
2024-04-22,CO,Retargeting | Abandoned Search,Abandoned Search,49355,1344,562.65
2024-04-22,CO,Remarketing | Site Visitors,Site Visitors,40112,1010,433.21
2024-04-22,UT,Retargeting | Abandoned Search,Abandoned Search,39093,1115,445.66
2024-04-22,UT,Remarketing | Site Visitors,Site Visitors,29041,714,313.64
2024-04-22,CA,Retargeting | Abandoned Search,Abandoned Search,37315,1040,425.39
2024-04-22,CA,Remarketing | Site Visitors,Site Visitors,27996,705,302.36
2024-04-22,PN,Retargeting | Abandoned Search,Abandoned Search,31425,829,358.24
2024-04-22,PN,Remarketing | Site Visitors,Site Visitors,24672,576,266.46
2024-04-22,NE,Retargeting | Abandoned Search,Abandoned Search,25173,685,286.97
2024-04-22,NE,Remarketing | Site Visitors,Site Visitors,21208,492,229.05
2024-04-29,CO,Retargeting | Abandoned Search,Abandoned Search,47269,1328,538.87
2024-04-29,CO,Remarketing | Site Visitors,Site Visitors,43694,1093,471.9
2024-04-29,UT,Retargeting | Abandoned Search,Abandoned Search,35517,1039,404.89
2024-04-29,UT,Remarketing | Site Visitors,Site Visitors,29184,665,315.18
2024-04-29,CA,Retargeting | Abandoned Search,Abandoned Search,47147,1305,537.48
2024-04-29,CA,Remarketing | Site Visitors,Site Visitors,35904,886,387.76
2024-04-29,PN,Retargeting | Abandoned Search,Abandoned Search,25995,685,296.34
2024-04-29,PN,Remarketing | Site Visitors,Site Visitors,24215,561,261.52
2024-04-29,NE,Retargeting | Abandoned Search,Abandoned Search,29139,787,332.19
2024-04-29,NE,Remarketing | Site Visitors,Site Visitors,23842,549,257.49
2024-05-06,CO,Retargeting | Abandoned Search,Abandoned Search,38121,1048,434.58
2024-05-06,CO,Remarketing | Site Visitors,Site Visitors,31639,736,341.7
2024-05-06,UT,Retargeting | Abandoned Search,Abandoned Search,37625,1039,428.93
2024-05-06,UT,Remarketing | Site Visitors,Site Visitors,29586,699,319.53
2024-05-06,CA,Retargeting | Abandoned Search,Abandoned Search,39104,1115,445.78
2024-05-06,CA,Remarketing | Site Visitors,Site Visitors,31779,762,343.21
2024-05-06,PN,Retargeting | Abandoned Search,Abandoned Search,29913,846,341.0
2024-05-06,PN,Remarketing | Site Visitors,Site Visitors,22992,578,248.32
2024-05-06,NE,Retargeting | Abandoned Search,Abandoned Search,24789,692,282.6
2024-05-06,NE,Remarketing | Site Visitors,Site Visitors,20040,455,216.43
2024-05-13,CO,Retargeting | Abandoned Search,Abandoned Search,41242,1194,470.16
2024-05-13,CO,Remarketing | Site Visitors,Site Visitors,32982,820,356.2
2024-05-13,UT,Retargeting | Abandoned Search,Abandoned Search,34036,973,388.01
2024-05-13,UT,Remarketing | Site Visitors,Site Visitors,26611,658,287.39
2024-05-13,CA,Retargeting | Abandoned Search,Abandoned Search,42406,1119,483.43
2024-05-13,CA,Remarketing | Site Visitors,Site Visitors,33870,767,365.79
2024-05-13,PN,Retargeting | Abandoned Search,Abandoned Search,35418,936,403.76
2024-05-13,PN,Remarketing | Site Visitors,Site Visitors,30426,747,328.6
2024-05-13,NE,Retargeting | Abandoned Search,Abandoned Search,22902,635,261.08
2024-05-13,NE,Remarketing | Site Visitors,Site Visitors,18239,452,196.98
2024-05-20,CO,Retargeting | Abandoned Search,Abandoned Search,43089,1249,491.21
2024-05-20,CO,Remarketing | Site Visitors,Site Visitors,32337,753,349.24
2024-05-20,UT,Retargeting | Abandoned Search,Abandoned Search,31821,871,362.76
2024-05-20,UT,Remarketing | Site Visitors,Site Visitors,29096,730,314.23
2024-05-20,CA,Retargeting | Abandoned Search,Abandoned Search,39694,1163,452.52
2024-05-20,CA,Remarketing | Site Visitors,Site Visitors,33259,757,359.19
2024-05-20,PN,Retargeting | Abandoned Search,Abandoned Search,30646,832,349.37
2024-05-20,PN,Remarketing | Site Visitors,Site Visitors,27445,637,296.41
2024-05-20,NE,Retargeting | Abandoned Search,Abandoned Search,23047,622,262.73
2024-05-20,NE,Remarketing | Site Visitors,Site Visitors,19635,453,212.06
2024-05-27,CO,Retargeting | Abandoned Search,Abandoned Search,42012,1159,478.94
2024-05-27,CO,Remarketing | Site Visitors,Site Visitors,39218,979,423.55
2024-05-27,UT,Retargeting | Abandoned Search,Abandoned Search,33343,906,380.11
2024-05-27,UT,Remarketing | Site Visitors,Site Visitors,30329,747,327.56
2024-05-27,CA,Retargeting | Abandoned Search,Abandoned Search,41725,1127,475.66
2024-05-27,CA,Remarketing | Site Visitors,Site Visitors,35301,888,381.25
2024-05-27,PN,Retargeting | Abandoned Search,Abandoned Search,29646,830,337.96
2024-05-27,PN,Remarketing | Site Visitors,Site Visitors,26867,678,290.16
2024-05-27,NE,Retargeting | Abandoned Search,Abandoned Search,22755,621,259.4
2024-05-27,NE,Remarketing | Site Visitors,Site Visitors,18748,428,202.48
2024-06-03,CO,Retargeting | Abandoned Search,Abandoned Search,46415,1250,529.14
2024-06-03,CO,Remarketing | Site Visitors,Site Visitors,36191,866,390.86
2024-06-03,UT,Retargeting | Abandoned Search,Abandoned Search,37161,1064,423.64
2024-06-03,UT,Remarketing | Site Visitors,Site Visitors,28688,682,309.83
2024-06-03,CA,Retargeting | Abandoned Search,Abandoned Search,38310,1122,436.73
2024-06-03,CA,Remarketing | Site Visitors,Site Visitors,33825,769,365.31
2024-06-03,PN,Retargeting | Abandoned Search,Abandoned Search,28418,778,323.96
2024-06-03,PN,Remarketing | Site Visitors,Site Visitors,26062,592,281.47
2024-06-03,NE,Retargeting | Abandoned Search,Abandoned Search,21253,624,242.28
2024-06-03,NE,Remarketing | Site Visitors,Site Visitors,15426,370,166.6
2024-06-10,CO,Retargeting | Abandoned Search,Abandoned Search,39565,1156,451.04
2024-06-10,CO,Remarketing | Site Visitors,Site Visitors,32811,754,354.36
2024-06-10,UT,Retargeting | Abandoned Search,Abandoned Search,32379,888,369.12
2024-06-10,UT,Remarketing | Site Visitors,Site Visitors,29856,703,322.45
2024-06-10,CA,Retargeting | Abandoned Search,Abandoned Search,37710,1041,429.89
2024-06-10,CA,Remarketing | Site Visitors,Site Visitors,32625,813,352.35
2024-06-10,PN,Retargeting | Abandoned Search,Abandoned Search,27674,788,315.48
2024-06-10,PN,Remarketing | Site Visitors,Site Visitors,24698,591,266.74
2024-06-10,NE,Retargeting | Abandoned Search,Abandoned Search,22285,600,254.05
2024-06-10,NE,Remarketing | Site Visitors,Site Visitors,17755,423,191.75
2024-06-17,CO,Retargeting | Abandoned Search,Abandoned Search,40924,1137,466.53
2024-06-17,CO,Remarketing | Site Visitors,Site Visitors,38593,964,416.8
2024-06-17,UT,Retargeting | Abandoned Search,Abandoned Search,39446,1078,449.69
2024-06-17,UT,Remarketing | Site Visitors,Site Visitors,31601,727,341.29
2024-06-17,CA,Retargeting | Abandoned Search,Abandoned Search,43524,1153,496.17
2024-06-17,CA,Remarketing | Site Visitors,Site Visitors,39328,962,424.74
2024-06-17,PN,Retargeting | Abandoned Search,Abandoned Search,26366,731,300.57
2024-06-17,PN,Remarketing | Site Visitors,Site Visitors,25540,584,275.83
2024-06-17,NE,Retargeting | Abandoned Search,Abandoned Search,23967,691,273.23
2024-06-17,NE,Remarketing | Site Visitors,Site Visitors,19702,476,212.78
2024-06-24,CO,Retargeting | Abandoned Search,Abandoned Search,38053,1104,433.8
2024-06-24,CO,Remarketing | Site Visitors,Site Visitors,33355,829,360.23
2024-06-24,UT,Retargeting | Abandoned Search,Abandoned Search,33148,892,377.89
2024-06-24,UT,Remarketing | Site Visitors,Site Visitors,26201,665,282.97
2024-06-24,CA,Retargeting | Abandoned Search,Abandoned Search,31245,912,356.19
2024-06-24,CA,Remarketing | Site Visitors,Site Visitors,24345,563,262.93
2024-06-24,PN,Retargeting | Abandoned Search,Abandoned Search,24240,640,276.34
2024-06-24,PN,Remarketing | Site Visitors,Site Visitors,23173,572,250.27
2024-06-24,NE,Retargeting | Abandoned Search,Abandoned Search,25143,740,286.64
2024-06-24,NE,Remarketing | Site Visitors,Site Visitors,18501,428,199.81
2024-07-01,CO,Retargeting | Abandoned Search,Abandoned Search,38047,1118,433.73
2024-07-01,CO,Remarketing | Site Visitors,Site Visitors,28493,661,307.72
2024-07-01,UT,Retargeting | Abandoned Search,Abandoned Search,32451,914,369.94
2024-07-01,UT,Remarketing | Site Visitors,Site Visitors,27711,700,299.28
2024-07-01,CA,Retargeting | Abandoned Search,Abandoned Search,34409,954,392.26
2024-07-01,CA,Remarketing | Site Visitors,Site Visitors,28289,686,305.52
2024-07-01,PN,Retargeting | Abandoned Search,Abandoned Search,24465,648,278.9
2024-07-01,PN,Remarketing | Site Visitors,Site Visitors,20130,475,217.41
2024-07-01,NE,Retargeting | Abandoned Search,Abandoned Search,19615,525,223.61
2024-07-01,NE,Remarketing | Site Visitors,Site Visitors,18233,413,196.92
2024-07-08,CO,Retargeting | Abandoned Search,Abandoned Search,36824,1012,419.8
2024-07-08,CO,Remarketing | Site Visitors,Site Visitors,33269,811,359.3
2024-07-08,UT,Retargeting | Abandoned Search,Abandoned Search,36634,1073,417.63
2024-07-08,UT,Remarketing | Site Visitors,Site Visitors,28319,660,305.84
2024-07-08,CA,Retargeting | Abandoned Search,Abandoned Search,39901,1153,454.87
2024-07-08,CA,Remarketing | Site Visitors,Site Visitors,32187,766,347.62
2024-07-08,PN,Retargeting | Abandoned Search,Abandoned Search,31280,859,356.59
2024-07-08,PN,Remarketing | Site Visitors,Site Visitors,26791,673,289.34
2024-07-08,NE,Retargeting | Abandoned Search,Abandoned Search,23222,681,264.73
2024-07-08,NE,Remarketing | Site Visitors,Site Visitors,18259,458,197.19
2024-07-15,CO,Retargeting | Abandoned Search,Abandoned Search,40529,1190,462.03
2024-07-15,CO,Remarketing | Site Visitors,Site Visitors,32642,828,352.53
2024-07-15,UT,Retargeting | Abandoned Search,Abandoned Search,32839,928,374.37
2024-07-15,UT,Remarketing | Site Visitors,Site Visitors,27801,696,300.25
2024-07-15,CA,Retargeting | Abandoned Search,Abandoned Search,34490,940,393.19
2024-07-15,CA,Remarketing | Site Visitors,Site Visitors,30067,740,324.72
2024-07-15,PN,Retargeting | Abandoned Search,Abandoned Search,23295,669,265.56
2024-07-15,PN,Remarketing | Site Visitors,Site Visitors,22539,511,243.42
2024-07-15,NE,Retargeting | Abandoned Search,Abandoned Search,16761,460,191.08
2024-07-15,NE,Remarketing | Site Visitors,Site Visitors,15326,351,165.52
2024-07-22,CO,Retargeting | Abandoned Search,Abandoned Search,40526,1096,462.0
2024-07-22,CO,Remarketing | Site Visitors,Site Visitors,35350,864,381.78
2024-07-22,UT,Retargeting | Abandoned Search,Abandoned Search,25896,760,295.21
2024-07-22,UT,Remarketing | Site Visitors,Site Visitors,23177,527,250.31
2024-07-22,CA,Retargeting | Abandoned Search,Abandoned Search,30672,858,349.66
2024-07-22,CA,Remarketing | Site Visitors,Site Visitors,27508,693,297.09
2024-07-22,PN,Retargeting | Abandoned Search,Abandoned Search,25281,727,288.2
2024-07-22,PN,Remarketing | Site Visitors,Site Visitors,21794,512,235.37
2024-07-22,NE,Retargeting | Abandoned Search,Abandoned Search,20197,564,230.24
2024-07-22,NE,Remarketing | Site Visitors,Site Visitors,15621,360,168.71
2024-07-29,CO,Retargeting | Abandoned Search,Abandoned Search,35069,1039,399.78
2024-07-29,CO,Remarketing | Site Visitors,Site Visitors,29394,708,317.46
2024-07-29,UT,Retargeting | Abandoned Search,Abandoned Search,30937,907,352.68
2024-07-29,UT,Remarketing | Site Visitors,Site Visitors,22781,553,246.03
2024-07-29,CA,Retargeting | Abandoned Search,Abandoned Search,32590,897,371.52
2024-07-29,CA,Remarketing | Site Visitors,Site Visitors,27766,629,299.87
2024-07-29,PN,Retargeting | Abandoned Search,Abandoned Search,26936,719,307.07
2024-07-29,PN,Remarketing | Site Visitors,Site Visitors,23914,544,258.27
2024-07-29,NE,Retargeting | Abandoned Search,Abandoned Search,18751,556,213.76
2024-07-29,NE,Remarketing | Site Visitors,Site Visitors,17010,419,183.71
2024-08-05,CO,Retargeting | Abandoned Search,Abandoned Search,31405,911,358.01
2024-08-05,CO,Remarketing | Site Visitors,Site Visitors,26284,605,283.87
2024-08-05,UT,Retargeting | Abandoned Search,Abandoned Search,28348,790,323.17
2024-08-05,UT,Remarketing | Site Visitors,Site Visitors,21591,524,233.18
2024-08-05,CA,Retargeting | Abandoned Search,Abandoned Search,34522,951,393.55
2024-08-05,CA,Remarketing | Site Visitors,Site Visitors,29401,732,317.53
2024-08-05,PN,Retargeting | Abandoned Search,Abandoned Search,21353,626,243.42
2024-08-05,PN,Remarketing | Site Visitors,Site Visitors,19961,483,215.58
2024-08-05,NE,Retargeting | Abandoned Search,Abandoned Search,19689,524,224.46
2024-08-05,NE,Remarketing | Site Visitors,Site Visitors,15737,359,169.96
2024-08-12,CO,Retargeting | Abandoned Search,Abandoned Search,40922,1078,466.51
2024-08-12,CO,Remarketing | Site Visitors,Site Visitors,32839,771,354.66
2024-08-12,UT,Retargeting | Abandoned Search,Abandoned Search,31842,892,363.0
2024-08-12,UT,Remarketing | Site Visitors,Site Visitors,26670,667,288.04
2024-08-12,CA,Retargeting | Abandoned Search,Abandoned Search,31669,840,361.02
2024-08-12,CA,Remarketing | Site Visitors,Site Visitors,27781,676,300.04
2024-08-12,PN,Retargeting | Abandoned Search,Abandoned Search,24131,645,275.09
2024-08-12,PN,Remarketing | Site Visitors,Site Visitors,22099,556,238.67
2024-08-12,NE,Retargeting | Abandoned Search,Abandoned Search,20291,536,231.32
2024-08-12,NE,Remarketing | Site Visitors,Site Visitors,16673,381,180.07
2024-08-19,CO,Retargeting | Abandoned Search,Abandoned Search,34170,911,389.54
2024-08-19,CO,Remarketing | Site Visitors,Site Visitors,31874,767,344.24
2024-08-19,UT,Retargeting | Abandoned Search,Abandoned Search,26255,696,299.31
2024-08-19,UT,Remarketing | Site Visitors,Site Visitors,21740,552,234.8
2024-08-19,CA,Retargeting | Abandoned Search,Abandoned Search,28168,800,321.11
2024-08-19,CA,Remarketing | Site Visitors,Site Visitors,25908,586,279.81
2024-08-19,PN,Retargeting | Abandoned Search,Abandoned Search,24749,719,282.13
2024-08-19,PN,Remarketing | Site Visitors,Site Visitors,19784,481,213.67
2024-08-19,NE,Retargeting | Abandoned Search,Abandoned Search,17109,498,195.04
2024-08-19,NE,Remarketing | Site Visitors,Site Visitors,14604,336,157.72
2024-08-26,CO,Retargeting | Abandoned Search,Abandoned Search,45891,1257,523.16
2024-08-26,CO,Remarketing | Site Visitors,Site Visitors,33349,773,360.17
2024-08-26,UT,Retargeting | Abandoned Search,Abandoned Search,27205,733,310.14
2024-08-26,UT,Remarketing | Site Visitors,Site Visitors,21754,505,234.95
2024-08-26,CA,Retargeting | Abandoned Search,Abandoned Search,34101,976,388.75
2024-08-26,CA,Remarketing | Site Visitors,Site Visitors,28787,668,310.9
2024-08-26,PN,Retargeting | Abandoned Search,Abandoned Search,27841,820,317.39
2024-08-26,PN,Remarketing | Site Visitors,Site Visitors,22444,538,242.4
2024-08-26,NE,Retargeting | Abandoned Search,Abandoned Search,21380,564,243.74
2024-08-26,NE,Remarketing | Site Visitors,Site Visitors,16369,392,176.78
2024-09-02,CO,Retargeting | Abandoned Search,Abandoned Search,33163,894,378.06
2024-09-02,CO,Remarketing | Site Visitors,Site Visitors,27841,684,300.68
2024-09-02,UT,Retargeting | Abandoned Search,Abandoned Search,35580,1001,405.62
2024-09-02,UT,Remarketing | Site Visitors,Site Visitors,27900,677,301.32
2024-09-02,CA,Retargeting | Abandoned Search,Abandoned Search,34473,940,392.99
2024-09-02,CA,Remarketing | Site Visitors,Site Visitors,30086,699,324.93
2024-09-02,PN,Retargeting | Abandoned Search,Abandoned Search,24651,674,281.02
2024-09-02,PN,Remarketing | Site Visitors,Site Visitors,20195,494,218.11
2024-09-02,NE,Retargeting | Abandoned Search,Abandoned Search,18281,488,208.4
2024-09-02,NE,Remarketing | Site Visitors,Site Visitors,16102,398,173.9
2024-09-09,CO,Retargeting | Abandoned Search,Abandoned Search,41086,1175,468.39
2024-09-09,CO,Remarketing | Site Visitors,Site Visitors,33835,797,365.42
2024-09-09,UT,Retargeting | Abandoned Search,Abandoned Search,28536,812,325.31
2024-09-09,UT,Remarketing | Site Visitors,Site Visitors,24199,599,261.35
2024-09-09,CA,Retargeting | Abandoned Search,Abandoned Search,37449,1043,426.91
2024-09-09,CA,Remarketing | Site Visitors,Site Visitors,27561,653,297.66
2024-09-09,PN,Retargeting | Abandoned Search,Abandoned Search,21178,561,241.43
2024-09-09,PN,Remarketing | Site Visitors,Site Visitors,18877,438,203.87
2024-09-09,NE,Retargeting | Abandoned Search,Abandoned Search,20098,576,229.11
2024-09-09,NE,Remarketing | Site Visitors,Site Visitors,15882,401,171.52
2024-09-16,CO,Retargeting | Abandoned Search,Abandoned Search,35307,933,402.5
2024-09-16,CO,Remarketing | Site Visitors,Site Visitors,27281,679,294.64
2024-09-16,UT,Retargeting | Abandoned Search,Abandoned Search,25884,699,295.08
2024-09-16,UT,Remarketing | Site Visitors,Site Visitors,19564,458,211.29
2024-09-16,CA,Retargeting | Abandoned Search,Abandoned Search,31558,869,359.76
2024-09-16,CA,Remarketing | Site Visitors,Site Visitors,29695,721,320.71
2024-09-16,PN,Retargeting | Abandoned Search,Abandoned Search,22898,610,261.04
2024-09-16,PN,Remarketing | Site Visitors,Site Visitors,19302,442,208.46
2024-09-16,NE,Retargeting | Abandoned Search,Abandoned Search,20164,565,229.87
2024-09-16,NE,Remarketing | Site Visitors,Site Visitors,16664,388,179.98
2024-09-23,CO,Retargeting | Abandoned Search,Abandoned Search,38354,1015,437.24
2024-09-23,CO,Remarketing | Site Visitors,Site Visitors,31629,767,341.59
2024-09-23,UT,Retargeting | Abandoned Search,Abandoned Search,29804,865,339.76
2024-09-23,UT,Remarketing | Site Visitors,Site Visitors,23923,600,258.37
2024-09-23,CA,Retargeting | Abandoned Search,Abandoned Search,30889,841,352.13
2024-09-23,CA,Remarketing | Site Visitors,Site Visitors,27251,620,294.32
2024-09-23,PN,Retargeting | Abandoned Search,Abandoned Search,24470,682,278.96
2024-09-23,PN,Remarketing | Site Visitors,Site Visitors,19135,458,206.66
2024-09-23,NE,Retargeting | Abandoned Search,Abandoned Search,18044,495,205.71
2024-09-23,NE,Remarketing | Site Visitors,Site Visitors,18080,423,195.26
2024-09-30,CO,Retargeting | Abandoned Search,Abandoned Search,30753,831,350.58
2024-09-30,CO,Remarketing | Site Visitors,Site Visitors,29372,671,317.22
2024-09-30,UT,Retargeting | Abandoned Search,Abandoned Search,30098,818,343.12
2024-09-30,UT,Remarketing | Site Visitors,Site Visitors,24152,583,260.84
2024-09-30,CA,Retargeting | Abandoned Search,Abandoned Search,31583,888,360.05
2024-09-30,CA,Remarketing | Site Visitors,Site Visitors,28310,699,305.74
2024-09-30,PN,Retargeting | Abandoned Search,Abandoned Search,24576,699,280.16
2024-09-30,PN,Remarketing | Site Visitors,Site Visitors,19799,487,213.83
2024-09-30,NE,Retargeting | Abandoned Search,Abandoned Search,17685,495,201.61
2024-09-30,NE,Remarketing | Site Visitors,Site Visitors,14244,335,153.83
2024-10-07,CO,Retargeting | Abandoned Search,Abandoned Search,36900,1045,420.65
2024-10-07,CO,Remarketing | Site Visitors,Site Visitors,34144,859,368.75
2024-10-07,UT,Retargeting | Abandoned Search,Abandoned Search,25476,751,290.43
2024-10-07,UT,Remarketing | Site Visitors,Site Visitors,20365,511,219.94
2024-10-07,CA,Retargeting | Abandoned Search,Abandoned Search,30450,876,347.13
2024-10-07,CA,Remarketing | Site Visitors,Site Visitors,25359,573,273.88
2024-10-07,PN,Retargeting | Abandoned Search,Abandoned Search,29127,767,332.04
2024-10-07,PN,Remarketing | Site Visitors,Site Visitors,24768,582,267.49
2024-10-07,NE,Retargeting | Abandoned Search,Abandoned Search,18558,504,211.56
2024-10-07,NE,Remarketing | Site Visitors,Site Visitors,17842,417,192.7
2024-10-14,CO,Retargeting | Abandoned Search,Abandoned Search,39110,1067,445.85
2024-10-14,CO,Remarketing | Site Visitors,Site Visitors,38226,964,412.84
2024-10-14,UT,Retargeting | Abandoned Search,Abandoned Search,33101,972,377.36
2024-10-14,UT,Remarketing | Site Visitors,Site Visitors,24434,587,263.89
2024-10-14,CA,Retargeting | Abandoned Search,Abandoned Search,28062,829,319.91
2024-10-14,CA,Remarketing | Site Visitors,Site Visitors,24486,601,264.45
2024-10-14,PN,Retargeting | Abandoned Search,Abandoned Search,28906,764,329.52
2024-10-14,PN,Remarketing | Site Visitors,Site Visitors,21428,538,231.42
2024-10-14,NE,Retargeting | Abandoned Search,Abandoned Search,21931,613,250.02
2024-10-14,NE,Remarketing | Site Visitors,Site Visitors,20782,494,224.45
2024-10-21,CO,Retargeting | Abandoned Search,Abandoned Search,39257,1099,447.54
2024-10-21,CO,Remarketing | Site Visitors,Site Visitors,32589,764,351.96
2024-10-21,UT,Retargeting | Abandoned Search,Abandoned Search,30598,820,348.82
2024-10-21,UT,Remarketing | Site Visitors,Site Visitors,27726,655,299.44
2024-10-21,CA,Retargeting | Abandoned Search,Abandoned Search,30489,876,347.57
2024-10-21,CA,Remarketing | Site Visitors,Site Visitors,28598,688,308.86
2024-10-21,PN,Retargeting | Abandoned Search,Abandoned Search,22982,632,261.99
2024-10-21,PN,Remarketing | Site Visitors,Site Visitors,20928,475,226.02
2024-10-21,NE,Retargeting | Abandoned Search,Abandoned Search,20547,584,234.23
2024-10-21,NE,Remarketing | Site Visitors,Site Visitors,16446,375,177.61
2024-10-28,CO,Retargeting | Abandoned Search,Abandoned Search,40132,1076,457.51
2024-10-28,CO,Remarketing | Site Visitors,Site Visitors,30172,744,325.85
2024-10-28,UT,Retargeting | Abandoned Search,Abandoned Search,30154,807,343.75
2024-10-28,UT,Remarketing | Site Visitors,Site Visitors,26985,651,291.44
2024-10-28,CA,Retargeting | Abandoned Search,Abandoned Search,34607,980,394.52
2024-10-28,CA,Remarketing | Site Visitors,Site Visitors,29893,718,322.84
2024-10-28,PN,Retargeting | Abandoned Search,Abandoned Search,24002,653,273.62
2024-10-28,PN,Remarketing | Site Visitors,Site Visitors,20340,468,219.68
2024-10-28,NE,Retargeting | Abandoned Search,Abandoned Search,22541,599,256.96
2024-10-28,NE,Remarketing | Site Visitors,Site Visitors,17455,436,188.51
2024-11-04,CO,Retargeting | Abandoned Search,Abandoned Search,44711,1221,509.71
2024-11-04,CO,Remarketing | Site Visitors,Site Visitors,34563,857,373.28
2024-11-04,UT,Retargeting | Abandoned Search,Abandoned Search,29499,797,336.29
2024-11-04,UT,Remarketing | Site Visitors,Site Visitors,26569,636,286.94
2024-11-04,CA,Retargeting | Abandoned Search,Abandoned Search,32989,911,376.07
2024-11-04,CA,Remarketing | Site Visitors,Site Visitors,26210,635,283.07
2024-11-04,PN,Retargeting | Abandoned Search,Abandoned Search,27499,786,313.48
2024-11-04,PN,Remarketing | Site Visitors,Site Visitors,19653,467,212.25
2024-11-04,NE,Retargeting | Abandoned Search,Abandoned Search,23195,619,264.43
2024-11-04,NE,Remarketing | Site Visitors,Site Visitors,18105,423,195.53
2024-11-11,CO,Retargeting | Abandoned Search,Abandoned Search,36515,1032,416.28
2024-11-11,CO,Remarketing | Site Visitors,Site Visitors,34554,836,373.19
2024-11-11,UT,Retargeting | Abandoned Search,Abandoned Search,34268,985,390.65
2024-11-11,UT,Remarketing | Site Visitors,Site Visitors,24323,557,262.69
2024-11-11,CA,Retargeting | Abandoned Search,Abandoned Search,34928,927,398.18
2024-11-11,CA,Remarketing | Site Visitors,Site Visitors,32193,781,347.69
2024-11-11,PN,Retargeting | Abandoned Search,Abandoned Search,25961,728,295.96
2024-11-11,PN,Remarketing | Site Visitors,Site Visitors,21147,512,228.38
2024-11-11,NE,Retargeting | Abandoned Search,Abandoned Search,21982,579,250.6
2024-11-11,NE,Remarketing | Site Visitors,Site Visitors,19419,445,209.73
2024-11-18,CO,Retargeting | Abandoned Search,Abandoned Search,51949,1398,592.22
2024-11-18,CO,Remarketing | Site Visitors,Site Visitors,41588,1016,449.15
2024-11-18,UT,Retargeting | Abandoned Search,Abandoned Search,36766,1043,419.14
2024-11-18,UT,Remarketing | Site Visitors,Site Visitors,28951,680,312.67
2024-11-18,CA,Retargeting | Abandoned Search,Abandoned Search,41067,1216,468.16
2024-11-18,CA,Remarketing | Site Visitors,Site Visitors,35922,902,387.96
2024-11-18,PN,Retargeting | Abandoned Search,Abandoned Search,35660,1048,406.53
2024-11-18,PN,Remarketing | Site Visitors,Site Visitors,28270,659,305.31
2024-11-18,NE,Retargeting | Abandoned Search,Abandoned Search,24805,659,282.77
2024-11-18,NE,Remarketing | Site Visitors,Site Visitors,20191,505,218.06
2024-11-25,CO,Retargeting | Abandoned Search,Abandoned Search,47219,1389,538.3
2024-11-25,CO,Remarketing | Site Visitors,Site Visitors,40281,947,435.03
2024-11-25,UT,Retargeting | Abandoned Search,Abandoned Search,34445,1010,392.68
2024-11-25,UT,Remarketing | Site Visitors,Site Visitors,29073,719,313.99
2024-11-25,CA,Retargeting | Abandoned Search,Abandoned Search,38585,1133,439.87
2024-11-25,CA,Remarketing | Site Visitors,Site Visitors,31642,786,341.73
2024-11-25,PN,Retargeting | Abandoned Search,Abandoned Search,26210,690,298.8
2024-11-25,PN,Remarketing | Site Visitors,Site Visitors,21384,533,230.95
2024-11-25,NE,Retargeting | Abandoned Search,Abandoned Search,26988,765,307.66
2024-11-25,NE,Remarketing | Site Visitors,Site Visitors,22526,566,243.28
2024-12-02,CO,Retargeting | Abandoned Search,Abandoned Search,38443,1041,438.25
2024-12-02,CO,Remarketing | Site Visitors,Site Visitors,35447,819,382.83
2024-12-02,UT,Retargeting | Abandoned Search,Abandoned Search,31829,881,362.85
2024-12-02,UT,Remarketing | Site Visitors,Site Visitors,26988,670,291.47
2024-12-02,CA,Retargeting | Abandoned Search,Abandoned Search,47953,1279,546.66
2024-12-02,CA,Remarketing | Site Visitors,Site Visitors,40983,986,442.62
2024-12-02,PN,Retargeting | Abandoned Search,Abandoned Search,28706,770,327.24
2024-12-02,PN,Remarketing | Site Visitors,Site Visitors,26267,619,283.69
2024-12-02,NE,Retargeting | Abandoned Search,Abandoned Search,22893,662,260.98
2024-12-02,NE,Remarketing | Site Visitors,Site Visitors,18887,447,203.98
2024-12-09,CO,Retargeting | Abandoned Search,Abandoned Search,48013,1373,547.34
2024-12-09,CO,Remarketing | Site Visitors,Site Visitors,36437,880,393.52
2024-12-09,UT,Retargeting | Abandoned Search,Abandoned Search,36537,968,416.53
2024-12-09,UT,Remarketing | Site Visitors,Site Visitors,31835,796,343.82
2024-12-09,CA,Retargeting | Abandoned Search,Abandoned Search,42898,1138,489.04
2024-12-09,CA,Remarketing | Site Visitors,Site Visitors,40074,920,432.8
2024-12-09,PN,Retargeting | Abandoned Search,Abandoned Search,29203,803,332.92
2024-12-09,PN,Remarketing | Site Visitors,Site Visitors,28651,689,309.43
2024-12-09,NE,Retargeting | Abandoned Search,Abandoned Search,24145,691,275.25
2024-12-09,NE,Remarketing | Site Visitors,Site Visitors,23619,577,255.08
2024-12-16,CO,Retargeting | Abandoned Search,Abandoned Search,55435,1545,631.96
2024-12-16,CO,Remarketing | Site Visitors,Site Visitors,46932,1072,506.86
2024-12-16,UT,Retargeting | Abandoned Search,Abandoned Search,40126,1071,457.44
2024-12-16,UT,Remarketing | Site Visitors,Site Visitors,36316,829,392.21
2024-12-16,CA,Retargeting | Abandoned Search,Abandoned Search,47745,1274,544.29
2024-12-16,CA,Remarketing | Site Visitors,Site Visitors,39865,951,430.54
2024-12-16,PN,Retargeting | Abandoned Search,Abandoned Search,32932,935,375.43
2024-12-16,PN,Remarketing | Site Visitors,Site Visitors,24206,612,261.43
2024-12-16,NE,Retargeting | Abandoned Search,Abandoned Search,27123,745,309.2
2024-12-16,NE,Remarketing | Site Visitors,Site Visitors,24149,610,260.81
2024-12-23,CO,Retargeting | Abandoned Search,Abandoned Search,53584,1541,610.86
2024-12-23,CO,Remarketing | Site Visitors,Site Visitors,43221,995,466.79
2024-12-23,UT,Retargeting | Abandoned Search,Abandoned Search,34326,978,391.31
2024-12-23,UT,Remarketing | Site Visitors,Site Visitors,30567,732,330.12
2024-12-23,CA,Retargeting | Abandoned Search,Abandoned Search,47127,1284,537.25
2024-12-23,CA,Remarketing | Site Visitors,Site Visitors,39480,904,426.39
2024-12-23,PN,Retargeting | Abandoned Search,Abandoned Search,35058,956,399.66
2024-12-23,PN,Remarketing | Site Visitors,Site Visitors,27494,677,296.93
2024-12-23,NE,Retargeting | Abandoned Search,Abandoned Search,25134,697,286.53
2024-12-23,NE,Remarketing | Site Visitors,Site Visitors,22686,540,245.0
2024-12-30,CO,Retargeting | Abandoned Search,Abandoned Search,60075,1607,684.86
2024-12-30,CO,Remarketing | Site Visitors,Site Visitors,46258,1080,499.59
2024-12-30,UT,Retargeting | Abandoned Search,Abandoned Search,42800,1169,487.91
2024-12-30,UT,Remarketing | Site Visitors,Site Visitors,39207,968,423.44
2024-12-30,CA,Retargeting | Abandoned Search,Abandoned Search,56076,1522,639.27
2024-12-30,CA,Remarketing | Site Visitors,Site Visitors,43565,1015,470.51
2024-12-30,PN,Retargeting | Abandoned Search,Abandoned Search,33140,896,377.79
2024-12-30,PN,Remarketing | Site Visitors,Site Visitors,29033,737,313.56
2024-12-30,NE,Retargeting | Abandoned Search,Abandoned Search,31968,885,364.44
2024-12-30,NE,Remarketing | Site Visitors,Site Visitors,25515,624,275.56
2025-01-06,CO,Retargeting | Abandoned Search,Abandoned Search,55287,1563,630.28
2025-01-06,CO,Remarketing | Site Visitors,Site Visitors,41751,1019,450.91
2025-01-06,UT,Retargeting | Abandoned Search,Abandoned Search,39200,1113,446.88
2025-01-06,UT,Remarketing | Site Visitors,Site Visitors,34283,832,370.25
2025-01-06,CA,Retargeting | Abandoned Search,Abandoned Search,41124,1105,468.82
2025-01-06,CA,Remarketing | Site Visitors,Site Visitors,35818,874,386.83
2025-01-06,PN,Retargeting | Abandoned Search,Abandoned Search,33570,993,382.7
2025-01-06,PN,Remarketing | Site Visitors,Site Visitors,26554,660,286.79
2025-01-06,NE,Retargeting | Abandoned Search,Abandoned Search,24871,724,283.53
2025-01-06,NE,Remarketing | Site Visitors,Site Visitors,21748,518,234.87
2025-01-13,CO,Retargeting | Abandoned Search,Abandoned Search,43040,1247,490.65
2025-01-13,CO,Remarketing | Site Visitors,Site Visitors,42503,1077,459.03
2025-01-13,UT,Retargeting | Abandoned Search,Abandoned Search,33779,966,385.08
2025-01-13,UT,Remarketing | Site Visitors,Site Visitors,31393,728,339.04
2025-01-13,CA,Retargeting | Abandoned Search,Abandoned Search,45961,1225,523.96
2025-01-13,CA,Remarketing | Site Visitors,Site Visitors,33435,755,361.1
2025-01-13,PN,Retargeting | Abandoned Search,Abandoned Search,35835,1006,408.51
2025-01-13,PN,Remarketing | Site Visitors,Site Visitors,27296,621,294.79
2025-01-13,NE,Retargeting | Abandoned Search,Abandoned Search,24012,649,273.73
2025-01-13,NE,Remarketing | Site Visitors,Site Visitors,19529,493,210.91
2025-01-20,CO,Retargeting | Abandoned Search,Abandoned Search,48896,1327,557.41
2025-01-20,CO,Remarketing | Site Visitors,Site Visitors,39538,975,427.01
2025-01-20,UT,Retargeting | Abandoned Search,Abandoned Search,37971,1073,432.87
2025-01-20,UT,Remarketing | Site Visitors,Site Visitors,31270,760,337.71
2025-01-20,CA,Retargeting | Abandoned Search,Abandoned Search,43712,1169,498.31
2025-01-20,CA,Remarketing | Site Visitors,Site Visitors,34091,813,368.19
2025-01-20,PN,Retargeting | Abandoned Search,Abandoned Search,30155,837,343.77
2025-01-20,PN,Remarketing | Site Visitors,Site Visitors,24927,585,269.22
2025-01-20,NE,Retargeting | Abandoned Search,Abandoned Search,30524,819,347.97
2025-01-20,NE,Remarketing | Site Visitors,Site Visitors,21906,539,236.59
2025-01-27,CO,Retargeting | Abandoned Search,Abandoned Search,47080,1359,536.71
2025-01-27,CO,Remarketing | Site Visitors,Site Visitors,38178,892,412.33
2025-01-27,UT,Retargeting | Abandoned Search,Abandoned Search,41932,1195,478.02
2025-01-27,UT,Remarketing | Site Visitors,Site Visitors,35809,885,386.74
2025-01-27,CA,Retargeting | Abandoned Search,Abandoned Search,45580,1214,519.62
2025-01-27,CA,Remarketing | Site Visitors,Site Visitors,36162,817,390.55
2025-01-27,PN,Retargeting | Abandoned Search,Abandoned Search,29194,792,332.81
2025-01-27,PN,Remarketing | Site Visitors,Site Visitors,24323,559,262.69
2025-01-27,NE,Retargeting | Abandoned Search,Abandoned Search,31626,869,360.53
2025-01-27,NE,Remarketing | Site Visitors,Site Visitors,26628,674,287.59
2025-02-03,CO,Retargeting | Abandoned Search,Abandoned Search,54471,1570,620.97
2025-02-03,CO,Remarketing | Site Visitors,Site Visitors,47344,1183,511.32
2025-02-03,UT,Retargeting | Abandoned Search,Abandoned Search,38712,1079,441.32
2025-02-03,UT,Remarketing | Site Visitors,Site Visitors,37499,925,404.99
2025-02-03,CA,Retargeting | Abandoned Search,Abandoned Search,44100,1267,502.74
2025-02-03,CA,Remarketing | Site Visitors,Site Visitors,37236,890,402.15
2025-02-03,PN,Retargeting | Abandoned Search,Abandoned Search,35930,953,409.6
2025-02-03,PN,Remarketing | Site Visitors,Site Visitors,28047,682,302.91
2025-02-03,NE,Retargeting | Abandoned Search,Abandoned Search,24888,664,283.72
2025-02-03,NE,Remarketing | Site Visitors,Site Visitors,21281,484,229.83
2025-02-10,CO,Retargeting | Abandoned Search,Abandoned Search,57187,1651,651.94
2025-02-10,CO,Remarketing | Site Visitors,Site Visitors,45628,1067,492.78
2025-02-10,UT,Retargeting | Abandoned Search,Abandoned Search,36966,1077,421.41
2025-02-10,UT,Remarketing | Site Visitors,Site Visitors,30973,719,334.51
2025-02-10,CA,Retargeting | Abandoned Search,Abandoned Search,44116,1163,502.92
2025-02-10,CA,Remarketing | Site Visitors,Site Visitors,40757,957,440.18
2025-02-10,PN,Retargeting | Abandoned Search,Abandoned Search,34510,967,393.42
2025-02-10,PN,Remarketing | Site Visitors,Site Visitors,30579,692,330.25
2025-02-10,NE,Retargeting | Abandoned Search,Abandoned Search,26235,758,299.08
2025-02-10,NE,Remarketing | Site Visitors,Site Visitors,21871,547,236.21
2025-02-17,CO,Retargeting | Abandoned Search,Abandoned Search,64809,1884,738.82
2025-02-17,CO,Remarketing | Site Visitors,Site Visitors,53912,1266,582.25
2025-02-17,UT,Retargeting | Abandoned Search,Abandoned Search,48959,1386,558.13
2025-02-17,UT,Remarketing | Site Visitors,Site Visitors,34742,799,375.21
2025-02-17,CA,Retargeting | Abandoned Search,Abandoned Search,54206,1442,617.95
2025-02-17,CA,Remarketing | Site Visitors,Site Visitors,47961,1198,517.97
2025-02-17,PN,Retargeting | Abandoned Search,Abandoned Search,42943,1214,489.55
2025-02-17,PN,Remarketing | Site Visitors,Site Visitors,36544,926,394.67
2025-02-17,NE,Retargeting | Abandoned Search,Abandoned Search,32416,856,369.54
2025-02-17,NE,Remarketing | Site Visitors,Site Visitors,26784,651,289.26
2025-02-24,CO,Retargeting | Abandoned Search,Abandoned Search,55649,1577,634.4
2025-02-24,CO,Remarketing | Site Visitors,Site Visitors,47242,1089,510.21
2025-02-24,UT,Retargeting | Abandoned Search,Abandoned Search,35801,963,408.13
2025-02-24,UT,Remarketing | Site Visitors,Site Visitors,31575,800,341.01
2025-02-24,CA,Retargeting | Abandoned Search,Abandoned Search,42022,1234,479.05
2025-02-24,CA,Remarketing | Site Visitors,Site Visitors,30837,779,333.04
2025-02-24,PN,Retargeting | Abandoned Search,Abandoned Search,36655,1045,417.87
2025-02-24,PN,Remarketing | Site Visitors,Site Visitors,28268,673,305.29
2025-02-24,NE,Retargeting | Abandoned Search,Abandoned Search,29365,871,334.77
2025-02-24,NE,Remarketing | Site Visitors,Site Visitors,26608,610,287.37
2025-03-03,CO,Retargeting | Abandoned Search,Abandoned Search,53518,1537,610.11
2025-03-03,CO,Remarketing | Site Visitors,Site Visitors,43827,1094,473.34
2025-03-03,UT,Retargeting | Abandoned Search,Abandoned Search,42589,1126,485.51
2025-03-03,UT,Remarketing | Site Visitors,Site Visitors,37979,871,410.17
2025-03-03,CA,Retargeting | Abandoned Search,Abandoned Search,48840,1444,556.77
2025-03-03,CA,Remarketing | Site Visitors,Site Visitors,39872,967,430.62
2025-03-03,PN,Retargeting | Abandoned Search,Abandoned Search,35700,1017,406.99
2025-03-03,PN,Remarketing | Site Visitors,Site Visitors,29279,673,316.21
2025-03-03,NE,Retargeting | Abandoned Search,Abandoned Search,29963,810,341.57
2025-03-03,NE,Remarketing | Site Visitors,Site Visitors,21131,520,228.22
2025-03-10,CO,Retargeting | Abandoned Search,Abandoned Search,45329,1299,516.75
2025-03-10,CO,Remarketing | Site Visitors,Site Visitors,35325,896,381.51
2025-03-10,UT,Retargeting | Abandoned Search,Abandoned Search,43640,1184,497.5
2025-03-10,UT,Remarketing | Site Visitors,Site Visitors,35701,883,385.57
2025-03-10,CA,Retargeting | Abandoned Search,Abandoned Search,46600,1269,531.24
2025-03-10,CA,Remarketing | Site Visitors,Site Visitors,39618,895,427.88
2025-03-10,PN,Retargeting | Abandoned Search,Abandoned Search,35160,1001,400.82
2025-03-10,PN,Remarketing | Site Visitors,Site Visitors,27760,681,299.8
2025-03-10,NE,Retargeting | Abandoned Search,Abandoned Search,21537,582,245.52
2025-03-10,NE,Remarketing | Site Visitors,Site Visitors,19588,489,211.55
2025-03-17,CO,Retargeting | Abandoned Search,Abandoned Search,63218,1813,720.69
2025-03-17,CO,Remarketing | Site Visitors,Site Visitors,51800,1177,559.44
2025-03-17,UT,Retargeting | Abandoned Search,Abandoned Search,38280,1095,436.39
2025-03-17,UT,Remarketing | Site Visitors,Site Visitors,31916,743,344.69
2025-03-17,CA,Retargeting | Abandoned Search,Abandoned Search,50282,1468,573.21
2025-03-17,CA,Remarketing | Site Visitors,Site Visitors,40035,961,432.38
2025-03-17,PN,Retargeting | Abandoned Search,Abandoned Search,34896,951,397.82
2025-03-17,PN,Remarketing | Site Visitors,Site Visitors,31717,732,342.55
2025-03-17,NE,Retargeting | Abandoned Search,Abandoned Search,24897,704,283.83
2025-03-17,NE,Remarketing | Site Visitors,Site Visitors,20669,502,223.22
2025-03-24,CO,Retargeting | Abandoned Search,Abandoned Search,52035,1373,593.2
2025-03-24,CO,Remarketing | Site Visitors,Site Visitors,42811,1072,462.36
2025-03-24,UT,Retargeting | Abandoned Search,Abandoned Search,35119,977,400.36
2025-03-24,UT,Remarketing | Site Visitors,Site Visitors,31964,769,345.21
2025-03-24,CA,Retargeting | Abandoned Search,Abandoned Search,44675,1182,509.29
2025-03-24,CA,Remarketing | Site Visitors,Site Visitors,35521,818,383.62
2025-03-24,PN,Retargeting | Abandoned Search,Abandoned Search,28645,846,326.55
2025-03-24,PN,Remarketing | Site Visitors,Site Visitors,27962,658,301.99
2025-03-24,NE,Retargeting | Abandoned Search,Abandoned Search,30766,896,350.73
2025-03-24,NE,Remarketing | Site Visitors,Site Visitors,24808,587,267.93
2025-03-31,CO,Retargeting | Abandoned Search,Abandoned Search,60570,1701,690.5
2025-03-31,CO,Remarketing | Site Visitors,Site Visitors,47283,1151,510.66
2025-03-31,UT,Retargeting | Abandoned Search,Abandoned Search,38793,1038,442.24
2025-03-31,UT,Remarketing | Site Visitors,Site Visitors,31742,760,342.82
2025-03-31,CA,Retargeting | Abandoned Search,Abandoned Search,47727,1316,544.09
2025-03-31,CA,Remarketing | Site Visitors,Site Visitors,42219,967,455.96
2025-03-31,PN,Retargeting | Abandoned Search,Abandoned Search,40995,1114,467.34
2025-03-31,PN,Remarketing | Site Visitors,Site Visitors,35641,825,384.92
2025-03-31,NE,Retargeting | Abandoned Search,Abandoned Search,28943,859,329.95
2025-03-31,NE,Remarketing | Site Visitors,Site Visitors,23848,600,257.56
2025-04-07,CO,Retargeting | Abandoned Search,Abandoned Search,59912,1630,683.0
2025-04-07,CO,Remarketing | Site Visitors,Site Visitors,47709,1167,515.26
2025-04-07,UT,Retargeting | Abandoned Search,Abandoned Search,45084,1276,513.96
2025-04-07,UT,Remarketing | Site Visitors,Site Visitors,31701,751,342.37
2025-04-07,CA,Retargeting | Abandoned Search,Abandoned Search,42404,1175,483.41
2025-04-07,CA,Remarketing | Site Visitors,Site Visitors,38334,948,414.0
2025-04-07,PN,Retargeting | Abandoned Search,Abandoned Search,30866,853,351.88
2025-04-07,PN,Remarketing | Site Visitors,Site Visitors,25361,643,273.9
2025-04-07,NE,Retargeting | Abandoned Search,Abandoned Search,27604,761,314.68
2025-04-07,NE,Remarketing | Site Visitors,Site Visitors,24935,571,269.3
2025-04-14,CO,Retargeting | Abandoned Search,Abandoned Search,47539,1388,541.95
2025-04-14,CO,Remarketing | Site Visitors,Site Visitors,41652,979,449.84
2025-04-14,UT,Retargeting | Abandoned Search,Abandoned Search,49281,1400,561.8
2025-04-14,UT,Remarketing | Site Visitors,Site Visitors,39561,944,427.26
2025-04-14,CA,Retargeting | Abandoned Search,Abandoned Search,42878,1204,488.81
2025-04-14,CA,Remarketing | Site Visitors,Site Visitors,37475,924,404.73
2025-04-14,PN,Retargeting | Abandoned Search,Abandoned Search,34455,954,392.79
2025-04-14,PN,Remarketing | Site Visitors,Site Visitors,24766,602,267.47
2025-04-14,NE,Retargeting | Abandoned Search,Abandoned Search,25290,720,288.3
2025-04-14,NE,Remarketing | Site Visitors,Site Visitors,20886,519,225.57
2025-04-21,CO,Retargeting | Abandoned Search,Abandoned Search,53119,1515,605.56
2025-04-21,CO,Remarketing | Site Visitors,Site Visitors,45469,1122,491.07
2025-04-21,UT,Retargeting | Abandoned Search,Abandoned Search,41949,1223,478.22
2025-04-21,UT,Remarketing | Site Visitors,Site Visitors,33247,829,359.06
2025-04-21,CA,Retargeting | Abandoned Search,Abandoned Search,44567,1254,508.07
2025-04-21,CA,Remarketing | Site Visitors,Site Visitors,38450,966,415.26
2025-04-21,PN,Retargeting | Abandoned Search,Abandoned Search,32178,911,366.83
2025-04-21,PN,Remarketing | Site Visitors,Site Visitors,28140,703,303.92
2025-04-21,NE,Retargeting | Abandoned Search,Abandoned Search,22860,638,260.6
2025-04-21,NE,Remarketing | Site Visitors,Site Visitors,20434,503,220.69
2025-04-28,CO,Retargeting | Abandoned Search,Abandoned Search,52659,1440,600.31
2025-04-28,CO,Remarketing | Site Visitors,Site Visitors,50194,1173,542.1
2025-04-28,UT,Retargeting | Abandoned Search,Abandoned Search,32165,896,366.68
2025-04-28,UT,Remarketing | Site Visitors,Site Visitors,28384,657,306.54
2025-04-28,CA,Retargeting | Abandoned Search,Abandoned Search,39549,1168,450.86
2025-04-28,CA,Remarketing | Site Visitors,Site Visitors,33516,837,361.97
2025-04-28,PN,Retargeting | Abandoned Search,Abandoned Search,30607,836,348.92
2025-04-28,PN,Remarketing | Site Visitors,Site Visitors,29276,718,316.18
2025-04-28,NE,Retargeting | Abandoned Search,Abandoned Search,22748,647,259.33
2025-04-28,NE,Remarketing | Site Visitors,Site Visitors,22865,547,246.95
2025-05-05,CO,Retargeting | Abandoned Search,Abandoned Search,51706,1450,589.44
2025-05-05,CO,Remarketing | Site Visitors,Site Visitors,43578,1026,470.64
2025-05-05,UT,Retargeting | Abandoned Search,Abandoned Search,42002,1137,478.82
2025-05-05,UT,Remarketing | Site Visitors,Site Visitors,36742,847,396.82
2025-05-05,CA,Retargeting | Abandoned Search,Abandoned Search,45925,1363,523.54
2025-05-05,CA,Remarketing | Site Visitors,Site Visitors,40660,994,439.12
2025-05-05,PN,Retargeting | Abandoned Search,Abandoned Search,32078,924,365.69
2025-05-05,PN,Remarketing | Site Visitors,Site Visitors,29767,703,321.48
2025-05-05,NE,Retargeting | Abandoned Search,Abandoned Search,24836,694,283.13
2025-05-05,NE,Remarketing | Site Visitors,Site Visitors,20069,476,216.75
2025-05-12,CO,Retargeting | Abandoned Search,Abandoned Search,39940,1143,455.32
2025-05-12,CO,Remarketing | Site Visitors,Site Visitors,35922,867,387.96
2025-05-12,UT,Retargeting | Abandoned Search,Abandoned Search,37214,995,424.24
2025-05-12,UT,Remarketing | Site Visitors,Site Visitors,27366,693,295.55
2025-05-12,CA,Retargeting | Abandoned Search,Abandoned Search,47568,1356,542.27
2025-05-12,CA,Remarketing | Site Visitors,Site Visitors,42030,1040,453.93
2025-05-12,PN,Retargeting | Abandoned Search,Abandoned Search,33294,928,379.56
2025-05-12,PN,Remarketing | Site Visitors,Site Visitors,30330,706,327.57
2025-05-12,NE,Retargeting | Abandoned Search,Abandoned Search,29632,819,337.81
2025-05-12,NE,Remarketing | Site Visitors,Site Visitors,25450,607,274.86
2025-05-19,CO,Retargeting | Abandoned Search,Abandoned Search,52336,1383,596.63
2025-05-19,CO,Remarketing | Site Visitors,Site Visitors,46330,1061,500.36
2025-05-19,UT,Retargeting | Abandoned Search,Abandoned Search,34851,922,397.3
2025-05-19,UT,Remarketing | Site Visitors,Site Visitors,32231,781,348.09
2025-05-19,CA,Retargeting | Abandoned Search,Abandoned Search,42254,1191,481.7
2025-05-19,CA,Remarketing | Site Visitors,Site Visitors,36160,825,390.53
2025-05-19,PN,Retargeting | Abandoned Search,Abandoned Search,34479,953,393.06
2025-05-19,PN,Remarketing | Site Visitors,Site Visitors,27290,651,294.73
2025-05-19,NE,Retargeting | Abandoned Search,Abandoned Search,24043,633,274.09
2025-05-19,NE,Remarketing | Site Visitors,Site Visitors,20498,464,221.38
2025-05-26,CO,Retargeting | Abandoned Search,Abandoned Search,52523,1417,598.76
2025-05-26,CO,Remarketing | Site Visitors,Site Visitors,37005,909,399.66
2025-05-26,UT,Retargeting | Abandoned Search,Abandoned Search,36016,985,410.59
2025-05-26,UT,Remarketing | Site Visitors,Site Visitors,29590,738,319.58
2025-05-26,CA,Retargeting | Abandoned Search,Abandoned Search,39669,1102,452.23
2025-05-26,CA,Remarketing | Site Visitors,Site Visitors,36834,902,397.81
2025-05-26,PN,Retargeting | Abandoned Search,Abandoned Search,27887,818,317.91
2025-05-26,PN,Remarketing | Site Visitors,Site Visitors,22606,534,244.15
2025-05-26,NE,Retargeting | Abandoned Search,Abandoned Search,25807,744,294.2
2025-05-26,NE,Remarketing | Site Visitors,Site Visitors,24832,564,268.19
2025-06-02,CO,Retargeting | Abandoned Search,Abandoned Search,47193,1287,538.0
2025-06-02,CO,Remarketing | Site Visitors,Site Visitors,38585,965,416.71
2025-06-02,UT,Retargeting | Abandoned Search,Abandoned Search,34570,951,394.1
2025-06-02,UT,Remarketing | Site Visitors,Site Visitors,29229,675,315.68
2025-06-02,CA,Retargeting | Abandoned Search,Abandoned Search,40483,1194,461.51
2025-06-02,CA,Remarketing | Site Visitors,Site Visitors,36529,886,394.52
2025-06-02,PN,Retargeting | Abandoned Search,Abandoned Search,34812,983,396.86
2025-06-02,PN,Remarketing | Site Visitors,Site Visitors,26345,665,284.53
2025-06-02,NE,Retargeting | Abandoned Search,Abandoned Search,26792,744,305.42
2025-06-02,NE,Remarketing | Site Visitors,Site Visitors,22173,562,239.47
2025-06-09,CO,Retargeting | Abandoned Search,Abandoned Search,50028,1355,570.32
2025-06-09,CO,Remarketing | Site Visitors,Site Visitors,38408,894,414.8
2025-06-09,UT,Retargeting | Abandoned Search,Abandoned Search,36240,1001,413.14
2025-06-09,UT,Remarketing | Site Visitors,Site Visitors,29722,750,320.99
2025-06-09,CA,Retargeting | Abandoned Search,Abandoned Search,33902,990,386.49
2025-06-09,CA,Remarketing | Site Visitors,Site Visitors,33359,763,360.28
2025-06-09,PN,Retargeting | Abandoned Search,Abandoned Search,27320,744,311.45
2025-06-09,PN,Remarketing | Site Visitors,Site Visitors,21694,505,234.3
2025-06-09,NE,Retargeting | Abandoned Search,Abandoned Search,26433,701,301.34
2025-06-09,NE,Remarketing | Site Visitors,Site Visitors,21681,527,234.16
2025-06-16,CO,Retargeting | Abandoned Search,Abandoned Search,37328,1042,425.54
2025-06-16,CO,Remarketing | Site Visitors,Site Visitors,32889,758,355.2
2025-06-16,UT,Retargeting | Abandoned Search,Abandoned Search,40514,1145,461.86
2025-06-16,UT,Remarketing | Site Visitors,Site Visitors,30518,719,329.6
2025-06-16,CA,Retargeting | Abandoned Search,Abandoned Search,41644,1159,474.74
2025-06-16,CA,Remarketing | Site Visitors,Site Visitors,31225,721,337.23
2025-06-16,PN,Retargeting | Abandoned Search,Abandoned Search,31926,904,363.96
2025-06-16,PN,Remarketing | Site Visitors,Site Visitors,23978,552,258.97
2025-06-16,NE,Retargeting | Abandoned Search,Abandoned Search,19710,528,224.69
2025-06-16,NE,Remarketing | Site Visitors,Site Visitors,19703,482,212.79
2025-06-23,CO,Retargeting | Abandoned Search,Abandoned Search,41994,1123,478.74
2025-06-23,CO,Remarketing | Site Visitors,Site Visitors,37812,885,408.37
2025-06-23,UT,Retargeting | Abandoned Search,Abandoned Search,35286,996,402.27
2025-06-23,UT,Remarketing | Site Visitors,Site Visitors,25462,578,274.99
2025-06-23,CA,Retargeting | Abandoned Search,Abandoned Search,39936,1156,455.27
2025-06-23,CA,Remarketing | Site Visitors,Site Visitors,30620,768,330.69
2025-06-23,PN,Retargeting | Abandoned Search,Abandoned Search,26564,758,302.83
2025-06-23,PN,Remarketing | Site Visitors,Site Visitors,23243,552,251.02
2025-06-23,NE,Retargeting | Abandoned Search,Abandoned Search,23992,706,273.51
2025-06-23,NE,Remarketing | Site Visitors,Site Visitors,20690,515,223.45
2025-06-30,CO,Retargeting | Abandoned Search,Abandoned Search,39148,1071,446.29
2025-06-30,CO,Remarketing | Site Visitors,Site Visitors,34854,840,376.42
2025-06-30,UT,Retargeting | Abandoned Search,Abandoned Search,33323,929,379.88
2025-06-30,UT,Remarketing | Site Visitors,Site Visitors,31125,746,336.15
2025-06-30,CA,Retargeting | Abandoned Search,Abandoned Search,36142,980,412.02
2025-06-30,CA,Remarketing | Site Visitors,Site Visitors,30652,740,331.04
2025-06-30,PN,Retargeting | Abandoned Search,Abandoned Search,29378,833,334.91
2025-06-30,PN,Remarketing | Site Visitors,Site Visitors,23774,551,256.75
2025-06-30,NE,Retargeting | Abandoned Search,Abandoned Search,22674,626,258.48
2025-06-30,NE,Remarketing | Site Visitors,Site Visitors,18235,426,196.94
2025-07-07,CO,Retargeting | Abandoned Search,Abandoned Search,43070,1243,491.0
2025-07-07,CO,Remarketing | Site Visitors,Site Visitors,35007,808,378.07
2025-07-07,UT,Retargeting | Abandoned Search,Abandoned Search,28113,830,320.49
2025-07-07,UT,Remarketing | Site Visitors,Site Visitors,25469,644,275.07
2025-07-07,CA,Retargeting | Abandoned Search,Abandoned Search,36703,1024,418.42
2025-07-07,CA,Remarketing | Site Visitors,Site Visitors,28731,710,310.29
2025-07-07,PN,Retargeting | Abandoned Search,Abandoned Search,23367,661,266.39
2025-07-07,PN,Remarketing | Site Visitors,Site Visitors,21704,530,234.41
2025-07-07,NE,Retargeting | Abandoned Search,Abandoned Search,18917,523,215.65
2025-07-07,NE,Remarketing | Site Visitors,Site Visitors,16083,407,173.69
2025-07-14,CO,Retargeting | Abandoned Search,Abandoned Search,48629,1352,554.37
2025-07-14,CO,Remarketing | Site Visitors,Site Visitors,38110,882,411.59
2025-07-14,UT,Retargeting | Abandoned Search,Abandoned Search,31202,838,355.71
2025-07-14,UT,Remarketing | Site Visitors,Site Visitors,22286,560,240.69
2025-07-14,CA,Retargeting | Abandoned Search,Abandoned Search,32992,882,376.11
2025-07-14,CA,Remarketing | Site Visitors,Site Visitors,27811,649,300.36
2025-07-14,PN,Retargeting | Abandoned Search,Abandoned Search,30442,893,347.03
2025-07-14,PN,Remarketing | Site Visitors,Site Visitors,22036,551,237.99
2025-07-14,NE,Retargeting | Abandoned Search,Abandoned Search,21910,608,249.77
2025-07-14,NE,Remarketing | Site Visitors,Site Visitors,18165,460,196.19
2025-07-21,CO,Retargeting | Abandoned Search,Abandoned Search,34512,973,393.44
2025-07-21,CO,Remarketing | Site Visitors,Site Visitors,32593,810,352.0
2025-07-21,UT,Retargeting | Abandoned Search,Abandoned Search,30620,818,349.07
2025-07-21,UT,Remarketing | Site Visitors,Site Visitors,29093,695,314.21
2025-07-21,CA,Retargeting | Abandoned Search,Abandoned Search,34734,1009,395.97
2025-07-21,CA,Remarketing | Site Visitors,Site Visitors,27373,679,295.63
2025-07-21,PN,Retargeting | Abandoned Search,Abandoned Search,25531,711,291.05
2025-07-21,PN,Remarketing | Site Visitors,Site Visitors,20895,520,225.67
2025-07-21,NE,Retargeting | Abandoned Search,Abandoned Search,19148,564,218.28
2025-07-21,NE,Remarketing | Site Visitors,Site Visitors,18752,463,202.52
2025-07-28,CO,Retargeting | Abandoned Search,Abandoned Search,37786,1070,430.76
2025-07-28,CO,Remarketing | Site Visitors,Site Visitors,33301,793,359.65
2025-07-28,UT,Retargeting | Abandoned Search,Abandoned Search,29336,774,334.43
2025-07-28,UT,Remarketing | Site Visitors,Site Visitors,25401,618,274.33
2025-07-28,CA,Retargeting | Abandoned Search,Abandoned Search,31158,861,355.2
2025-07-28,CA,Remarketing | Site Visitors,Site Visitors,29811,756,321.95
2025-07-28,PN,Retargeting | Abandoned Search,Abandoned Search,26271,700,299.49
2025-07-28,PN,Remarketing | Site Visitors,Site Visitors,19405,473,209.57
2025-07-28,NE,Retargeting | Abandoned Search,Abandoned Search,21575,627,245.95
2025-07-28,NE,Remarketing | Site Visitors,Site Visitors,16348,374,176.56
2025-08-04,CO,Retargeting | Abandoned Search,Abandoned Search,37742,1063,430.26
2025-08-04,CO,Remarketing | Site Visitors,Site Visitors,30819,704,332.85
2025-08-04,UT,Retargeting | Abandoned Search,Abandoned Search,30249,896,344.84
2025-08-04,UT,Remarketing | Site Visitors,Site Visitors,24490,553,264.5
2025-08-04,CA,Retargeting | Abandoned Search,Abandoned Search,37143,1095,423.43
2025-08-04,CA,Remarketing | Site Visitors,Site Visitors,31568,750,340.94
2025-08-04,PN,Retargeting | Abandoned Search,Abandoned Search,24859,728,283.39
2025-08-04,PN,Remarketing | Site Visitors,Site Visitors,21971,509,237.29
2025-08-04,NE,Retargeting | Abandoned Search,Abandoned Search,22771,603,259.59
2025-08-04,NE,Remarketing | Site Visitors,Site Visitors,17128,409,184.99
2025-08-11,CO,Retargeting | Abandoned Search,Abandoned Search,36844,1062,420.02
2025-08-11,CO,Remarketing | Site Visitors,Site Visitors,33275,802,359.37
2025-08-11,UT,Retargeting | Abandoned Search,Abandoned Search,30485,846,347.53
2025-08-11,UT,Remarketing | Site Visitors,Site Visitors,23689,541,255.84
2025-08-11,CA,Retargeting | Abandoned Search,Abandoned Search,35799,1032,408.11
2025-08-11,CA,Remarketing | Site Visitors,Site Visitors,27787,632,300.1
2025-08-11,PN,Retargeting | Abandoned Search,Abandoned Search,24159,685,275.41
2025-08-11,PN,Remarketing | Site Visitors,Site Visitors,22839,528,246.66
2025-08-11,NE,Retargeting | Abandoned Search,Abandoned Search,26206,768,298.75
2025-08-11,NE,Remarketing | Site Visitors,Site Visitors,20504,501,221.45
2025-08-18,CO,Retargeting | Abandoned Search,Abandoned Search,38916,1119,443.64
2025-08-18,CO,Remarketing | Site Visitors,Site Visitors,30591,744,330.38
2025-08-18,UT,Retargeting | Abandoned Search,Abandoned Search,27943,741,318.55
2025-08-18,UT,Remarketing | Site Visitors,Site Visitors,25251,635,272.71
2025-08-18,CA,Retargeting | Abandoned Search,Abandoned Search,35884,1063,409.07
2025-08-18,CA,Remarketing | Site Visitors,Site Visitors,28395,667,306.67
2025-08-18,PN,Retargeting | Abandoned Search,Abandoned Search,22856,611,260.56
2025-08-18,PN,Remarketing | Site Visitors,Site Visitors,17962,412,193.99
2025-08-18,NE,Retargeting | Abandoned Search,Abandoned Search,23190,633,264.37
2025-08-18,NE,Remarketing | Site Visitors,Site Visitors,17306,434,186.9
2025-08-25,CO,Retargeting | Abandoned Search,Abandoned Search,37316,1077,425.41
2025-08-25,CO,Remarketing | Site Visitors,Site Visitors,27017,653,291.78
2025-08-25,UT,Retargeting | Abandoned Search,Abandoned Search,28093,826,320.26
2025-08-25,UT,Remarketing | Site Visitors,Site Visitors,22154,532,239.26
2025-08-25,CA,Retargeting | Abandoned Search,Abandoned Search,36396,1000,414.91
2025-08-25,CA,Remarketing | Site Visitors,Site Visitors,28367,695,306.36
2025-08-25,PN,Retargeting | Abandoned Search,Abandoned Search,25923,763,295.52
2025-08-25,PN,Remarketing | Site Visitors,Site Visitors,19857,451,214.46
2025-08-25,NE,Retargeting | Abandoned Search,Abandoned Search,18608,519,212.13
2025-08-25,NE,Remarketing | Site Visitors,Site Visitors,16110,394,173.99
2025-09-01,CO,Retargeting | Abandoned Search,Abandoned Search,38063,1041,433.92
2025-09-01,CO,Remarketing | Site Visitors,Site Visitors,28304,667,305.68
2025-09-01,UT,Retargeting | Abandoned Search,Abandoned Search,26252,696,299.28
2025-09-01,UT,Remarketing | Site Visitors,Site Visitors,22797,553,246.21
2025-09-01,CA,Retargeting | Abandoned Search,Abandoned Search,36824,982,419.8
2025-09-01,CA,Remarketing | Site Visitors,Site Visitors,31929,800,344.83
2025-09-01,PN,Retargeting | Abandoned Search,Abandoned Search,30665,846,349.58
2025-09-01,PN,Remarketing | Site Visitors,Site Visitors,23276,570,251.38
2025-09-01,NE,Retargeting | Abandoned Search,Abandoned Search,20465,591,233.31
2025-09-01,NE,Remarketing | Site Visitors,Site Visitors,16383,412,176.94
2025-09-08,CO,Retargeting | Abandoned Search,Abandoned Search,37852,1114,431.51
2025-09-08,CO,Remarketing | Site Visitors,Site Visitors,32501,793,351.01
2025-09-08,UT,Retargeting | Abandoned Search,Abandoned Search,35075,953,399.85
2025-09-08,UT,Remarketing | Site Visitors,Site Visitors,27113,613,292.82
2025-09-08,CA,Retargeting | Abandoned Search,Abandoned Search,32817,933,374.12
2025-09-08,CA,Remarketing | Site Visitors,Site Visitors,24565,588,265.31
2025-09-08,PN,Retargeting | Abandoned Search,Abandoned Search,25590,759,291.73
2025-09-08,PN,Remarketing | Site Visitors,Site Visitors,21423,513,231.36
2025-09-08,NE,Retargeting | Abandoned Search,Abandoned Search,21681,582,247.17
2025-09-08,NE,Remarketing | Site Visitors,Site Visitors,16692,380,180.27
2025-09-15,CO,Retargeting | Abandoned Search,Abandoned Search,32360,953,368.9
2025-09-15,CO,Remarketing | Site Visitors,Site Visitors,31436,723,339.51
2025-09-15,UT,Retargeting | Abandoned Search,Abandoned Search,33369,916,380.4
2025-09-15,UT,Remarketing | Site Visitors,Site Visitors,27525,693,297.27
2025-09-15,CA,Retargeting | Abandoned Search,Abandoned Search,34843,1000,397.21
2025-09-15,CA,Remarketing | Site Visitors,Site Visitors,31008,711,334.89
2025-09-15,PN,Retargeting | Abandoned Search,Abandoned Search,25733,699,293.36
2025-09-15,PN,Remarketing | Site Visitors,Site Visitors,24219,561,261.56
2025-09-15,NE,Retargeting | Abandoned Search,Abandoned Search,21906,640,249.73
2025-09-15,NE,Remarketing | Site Visitors,Site Visitors,20162,482,217.75
2025-09-22,CO,Retargeting | Abandoned Search,Abandoned Search,35072,1015,399.82
2025-09-22,CO,Remarketing | Site Visitors,Site Visitors,33125,797,357.75
2025-09-22,UT,Retargeting | Abandoned Search,Abandoned Search,25396,717,289.52
2025-09-22,UT,Remarketing | Site Visitors,Site Visitors,23378,541,252.48
2025-09-22,CA,Retargeting | Abandoned Search,Abandoned Search,32158,895,366.6
2025-09-22,CA,Remarketing | Site Visitors,Site Visitors,23081,571,249.28
2025-09-22,PN,Retargeting | Abandoned Search,Abandoned Search,22306,637,254.29
2025-09-22,PN,Remarketing | Site Visitors,Site Visitors,22265,552,240.46
2025-09-22,NE,Retargeting | Abandoned Search,Abandoned Search,19174,519,218.58
2025-09-22,NE,Remarketing | Site Visitors,Site Visitors,17021,399,183.82
2025-09-29,CO,Retargeting | Abandoned Search,Abandoned Search,37241,1092,424.55
2025-09-29,CO,Remarketing | Site Visitors,Site Visitors,29894,735,322.85
2025-09-29,UT,Retargeting | Abandoned Search,Abandoned Search,35676,1025,406.71
2025-09-29,UT,Remarketing | Site Visitors,Site Visitors,29445,721,318.01
2025-09-29,CA,Retargeting | Abandoned Search,Abandoned Search,30876,814,351.98
2025-09-29,CA,Remarketing | Site Visitors,Site Visitors,25524,583,275.66
2025-09-29,PN,Retargeting | Abandoned Search,Abandoned Search,26327,751,300.13
2025-09-29,PN,Remarketing | Site Visitors,Site Visitors,22981,549,248.19
2025-09-29,NE,Retargeting | Abandoned Search,Abandoned Search,22157,599,252.59
2025-09-29,NE,Remarketing | Site Visitors,Site Visitors,18140,433,195.91
2025-10-06,CO,Retargeting | Abandoned Search,Abandoned Search,42551,1179,485.08
2025-10-06,CO,Remarketing | Site Visitors,Site Visitors,36155,876,390.48
2025-10-06,UT,Retargeting | Abandoned Search,Abandoned Search,30714,861,350.14
2025-10-06,UT,Remarketing | Site Visitors,Site Visitors,26967,643,291.24
2025-10-06,CA,Retargeting | Abandoned Search,Abandoned Search,41430,1190,472.3
2025-10-06,CA,Remarketing | Site Visitors,Site Visitors,34745,878,375.24
2025-10-06,PN,Retargeting | Abandoned Search,Abandoned Search,26901,780,306.67
2025-10-06,PN,Remarketing | Site Visitors,Site Visitors,24695,621,266.7
2025-10-06,NE,Retargeting | Abandoned Search,Abandoned Search,23309,680,265.72
2025-10-06,NE,Remarketing | Site Visitors,Site Visitors,19181,452,207.15
2025-10-13,CO,Retargeting | Abandoned Search,Abandoned Search,33687,921,384.03
2025-10-13,CO,Remarketing | Site Visitors,Site Visitors,28433,663,307.08
2025-10-13,UT,Retargeting | Abandoned Search,Abandoned Search,27413,753,312.5
2025-10-13,UT,Remarketing | Site Visitors,Site Visitors,25277,591,272.99
2025-10-13,CA,Retargeting | Abandoned Search,Abandoned Search,35569,1054,405.49
2025-10-13,CA,Remarketing | Site Visitors,Site Visitors,32568,735,351.73
2025-10-13,PN,Retargeting | Abandoned Search,Abandoned Search,28070,763,320.0
2025-10-13,PN,Remarketing | Site Visitors,Site Visitors,23826,554,257.32
2025-10-13,NE,Retargeting | Abandoned Search,Abandoned Search,22197,599,253.05
2025-10-13,NE,Remarketing | Site Visitors,Site Visitors,19595,456,211.63
2025-10-20,CO,Retargeting | Abandoned Search,Abandoned Search,47393,1346,540.28
2025-10-20,CO,Remarketing | Site Visitors,Site Visitors,40482,952,437.21
2025-10-20,UT,Retargeting | Abandoned Search,Abandoned Search,37444,1010,426.86
2025-10-20,UT,Remarketing | Site Visitors,Site Visitors,28153,715,304.05
2025-10-20,CA,Retargeting | Abandoned Search,Abandoned Search,34638,952,394.88
2025-10-20,CA,Remarketing | Site Visitors,Site Visitors,31855,794,344.03
2025-10-20,PN,Retargeting | Abandoned Search,Abandoned Search,28469,759,324.55
2025-10-20,PN,Remarketing | Site Visitors,Site Visitors,20092,488,216.99
2025-10-20,NE,Retargeting | Abandoned Search,Abandoned Search,24015,666,273.77
2025-10-20,NE,Remarketing | Site Visitors,Site Visitors,18816,447,203.21
2025-10-27,CO,Retargeting | Abandoned Search,Abandoned Search,41433,1217,472.34
2025-10-27,CO,Remarketing | Site Visitors,Site Visitors,39283,909,424.26
2025-10-27,UT,Retargeting | Abandoned Search,Abandoned Search,30327,877,345.73
2025-10-27,UT,Remarketing | Site Visitors,Site Visitors,27116,673,292.85
2025-10-27,CA,Retargeting | Abandoned Search,Abandoned Search,33793,945,385.24
2025-10-27,CA,Remarketing | Site Visitors,Site Visitors,24787,599,267.7
2025-10-27,PN,Retargeting | Abandoned Search,Abandoned Search,27170,801,309.74
2025-10-27,PN,Remarketing | Site Visitors,Site Visitors,23227,546,250.85
2025-10-27,NE,Retargeting | Abandoned Search,Abandoned Search,24605,696,280.49
2025-10-27,NE,Remarketing | Site Visitors,Site Visitors,19173,453,207.07
2024-01-08,UT,Retargeting | Abandoned Search,Abandoned Search,35780,985,407.9
