week_start,geo,campaign_name,adset_name,impressions,clicks,amount_spent
2022-11-07,CO,Prospecting | Destination,Destination,57655,845,530.42
2022-11-07,CO,Prospect | Awareness,Awareness,46712,534,401.72
2022-11-07,UT,Prospecting | Destination,Destination,50516,664,464.75
2022-11-07,UT,Prospect | Awareness,Awareness,41117,486,353.61
2022-11-07,CA,Prospecting | Destination,Destination,52466,700,482.69
2022-11-07,CA,Prospect | Awareness,Awareness,38554,458,331.56
2022-11-07,PN,Prospecting | Destination,Destination,42569,591,391.64
2022-11-07,PN,Prospect | Awareness,Awareness,29996,349,257.96
2022-11-07,NE,Prospecting | Destination,Destination,41809,579,384.64
2022-11-07,NE,Prospect | Awareness,Awareness,32634,376,280.66
2022-11-14,CO,Prospecting | Destination,Destination,46571,696,428.45
2022-11-14,CO,Prospect | Awareness,Awareness,47082,599,404.9
2022-11-14,UT,Prospecting | Destination,Destination,53322,705,490.57
2022-11-14,UT,Prospect | Awareness,Awareness,42328,480,364.02
2022-11-14,CA,Prospecting | Destination,Destination,54621,753,502.51
2022-11-14,CA,Prospect | Awareness,Awareness,45694,531,392.97
2022-11-14,PN,Prospecting | Destination,Destination,45287,622,416.64
2022-11-14,PN,Prospect | Awareness,Awareness,33574,375,288.74
2022-11-14,NE,Prospecting | Destination,Destination,44038,621,405.15
2022-11-14,NE,Prospect | Awareness,Awareness,34144,394,293.64
2022-11-21,CO,Prospecting | Destination,Destination,77732,1162,715.13
2022-11-21,CO,Prospect | Awareness,Awareness,65914,750,566.86
2022-11-21,UT,Prospecting | Destination,Destination,59972,826,551.74
2022-11-21,UT,Prospect | Awareness,Awareness,54385,685,467.71
2022-11-21,CA,Prospecting | Destination,Destination,74603,980,686.35
2022-11-21,CA,Prospect | Awareness,Awareness,56464,700,485.59
2022-11-21,PN,Prospecting | Destination,Destination,58439,865,537.64
2022-11-21,PN,Prospect | Awareness,Awareness,46727,596,401.85
2022-11-21,NE,Prospecting | Destination,Destination,50565,683,465.2
2022-11-21,NE,Prospect | Awareness,Awareness,48504,559,417.13
2022-11-28,CO,Prospecting | Destination,Destination,66218,950,609.2
2022-11-28,CO,Prospect | Awareness,Awareness,45164,525,388.41
2022-11-28,UT,Prospecting | Destination,Destination,55154,822,507.41
2022-11-28,UT,Prospect | Awareness,Awareness,46190,544,397.23
2022-11-28,CA,Prospecting | Destination,Destination,59709,867,549.32
2022-11-28,CA,Prospect | Awareness,Awareness,43565,499,374.66
2022-11-28,PN,Prospecting | Destination,Destination,51967,748,478.09
2022-11-28,PN,Prospect | Awareness,Awareness,44286,544,380.86
2022-11-28,NE,Prospecting | Destination,Destination,39297,535,361.54
2022-11-28,NE,Prospect | Awareness,Awareness,35579,416,305.98
2022-12-05,CO,Prospecting | Destination,Destination,51043,694,469.59
2022-12-05,CO,Prospect | Awareness,Awareness,47875,556,411.73
2022-12-05,UT,Prospecting | Destination,Destination,50741,712,466.82
2022-12-05,UT,Prospect | Awareness,Awareness,38327,435,329.61
2022-12-05,CA,Prospecting | Destination,Destination,49001,647,450.81
2022-12-05,CA,Prospect | Awareness,Awareness,43329,508,372.63
2022-12-05,PN,Prospecting | Destination,Destination,47951,693,441.15
2022-12-05,PN,Prospect | Awareness,Awareness,38800,493,333.68
2022-12-05,NE,Prospecting | Destination,Destination,38999,535,358.79
2022-12-05,NE,Prospect | Awareness,Awareness,37727,439,324.45
2022-12-12,CO,Prospecting | Destination,Destination,64834,926,596.48
2022-12-12,CO,Prospect | Awareness,Awareness,50353,597,433.03
2022-12-12,UT,Prospecting | Destination,Destination,52720,782,485.03
2022-12-12,UT,Prospect | Awareness,Awareness,45799,517,393.87
2022-12-12,CA,Prospecting | Destination,Destination,53899,749,495.88
2022-12-12,CA,Prospect | Awareness,Awareness,38325,454,329.59
2022-12-12,PN,Prospecting | Destination,Destination,45724,640,420.67
2022-12-12,PN,Prospect | Awareness,Awareness,38395,445,330.2
2022-12-12,NE,Prospecting | Destination,Destination,37638,547,346.27
2022-12-12,NE,Prospect | Awareness,Awareness,37889,440,325.85
2022-12-19,CO,Prospecting | Destination,Destination,51450,712,473.34
2022-12-19,CO,Prospect | Awareness,Awareness,50744,595,436.4
2022-12-19,UT,Prospecting | Destination,Destination,49144,692,452.12
2022-12-19,UT,Prospect | Awareness,Awareness,43059,512,370.31
2022-12-19,CA,Prospecting | Destination,Destination,49985,653,459.86
2022-12-19,CA,Prospect | Awareness,Awareness,45290,528,389.5
2022-12-19,PN,Prospecting | Destination,Destination,46379,635,426.69
2022-12-19,PN,Prospect | Awareness,Awareness,33856,421,291.16
2022-12-19,NE,Prospecting | Destination,Destination,44989,637,413.9
2022-12-19,NE,Prospect | Awareness,Awareness,37258,454,320.42
2022-12-26,CO,Prospecting | Destination,Destination,59148,812,544.16
2022-12-26,CO,Prospect | Awareness,Awareness,47258,594,406.42
2022-12-26,UT,Prospecting | Destination,Destination,60017,845,552.16
2022-12-26,UT,Prospect | Awareness,Awareness,39974,474,343.78
2022-12-26,CA,Prospecting | Destination,Destination,64534,900,593.71
2022-12-26,CA,Prospect | Awareness,Awareness,42770,533,367.82
2022-12-26,PN,Prospecting | Destination,Destination,50980,689,469.01
2022-12-26,PN,Prospect | Awareness,Awareness,36911,464,317.44
2022-12-26,NE,Prospecting | Destination,Destination,49754,690,457.74
2022-12-26,NE,Prospect | Awareness,Awareness,36245,434,311.71
2023-01-02,CO,Prospecting | Destination,Destination,86456,1262,795.39
2023-01-02,CO,Prospect | Awareness,Awareness,62094,728,534.01
2023-01-02,UT,Prospecting | Destination,Destination,79791,1146,734.08
2023-01-02,UT,Prospect | Awareness,Awareness,60105,717,516.9
2023-01-02,CA,Prospecting | Destination,Destination,70540,927,648.97
2023-01-02,CA,Prospect | Awareness,Awareness,57112,727,491.16
2023-01-02,PN,Prospecting | Destination,Destination,75720,1092,696.63
2023-01-02,PN,Prospect | Awareness,Awareness,54548,620,469.11
2023-01-02,NE,Prospecting | Destination,Destination,60989,910,561.1
2023-01-02,NE,Prospect | Awareness,Awareness,48349,614,415.8
2023-01-09,CO,Prospecting | Destination,Destination,54721,734,503.43
2023-01-09,CO,Prospect | Awareness,Awareness,50985,577,438.47
2023-01-09,UT,Prospecting | Destination,Destination,49215,716,452.78
2023-01-09,UT,Prospect | Awareness,Awareness,41616,472,357.9
2023-01-09,CA,Prospecting | Destination,Destination,66067,975,607.82
2023-01-09,CA,Prospect | Awareness,Awareness,48898,586,420.52
2023-01-09,PN,Prospecting | Destination,Destination,50392,661,463.61
2023-01-09,PN,Prospect | Awareness,Awareness,40860,471,351.39
2023-01-09,NE,Prospecting | Destination,Destination,46230,685,425.32
2023-01-09,NE,Prospect | Awareness,Awareness,32504,415,279.53
2023-01-16,CO,Prospecting | Destination,Destination,56371,746,518.61
2023-01-16,CO,Prospect | Awareness,Awareness,47217,579,406.06
2023-01-16,UT,Prospecting | Destination,Destination,54775,744,503.93
2023-01-16,UT,Prospect | Awareness,Awareness,44625,567,383.77
2023-01-16,CA,Prospecting | Destination,Destination,56834,796,522.87
2023-01-16,CA,Prospect | Awareness,Awareness,47650,548,409.79
2023-01-16,PN,Prospecting | Destination,Destination,55909,783,514.37
2023-01-16,PN,Prospect | Awareness,Awareness,37403,444,321.67
2023-01-16,NE,Prospecting | Destination,Destination,43525,612,400.43
2023-01-16,NE,Prospect | Awareness,Awareness,40035,468,344.3
2023-01-23,CO,Prospecting | Destination,Destination,91940,1230,845.85
2023-01-23,CO,Prospect | Awareness,Awareness,69320,774,596.15
2023-01-23,UT,Prospecting | Destination,Destination,81200,1213,747.04
2023-01-23,UT,Prospect | Awareness,Awareness,60537,720,520.62
2023-01-23,CA,Prospecting | Destination,Destination,75542,1036,694.99
2023-01-23,CA,Prospect | Awareness,Awareness,68955,842,593.01
2023-01-23,PN,Prospecting | Destination,Destination,70288,984,646.65
2023-01-23,PN,Prospect | Awareness,Awareness,54038,690,464.73
2023-01-23,NE,Prospecting | Destination,Destination,68186,894,627.31
2023-01-23,NE,Prospect | Awareness,Awareness,42359,534,364.29
2023-01-30,CO,Prospecting | Destination,Destination,59546,859,547.82
2023-01-30,CO,Prospect | Awareness,Awareness,55170,646,474.46
2023-01-30,UT,Prospecting | Destination,Destination,54645,754,502.73
2023-01-30,UT,Prospect | Awareness,Awareness,51223,587,440.52
2023-01-30,CA,Prospecting | Destination,Destination,59655,805,548.82
2023-01-30,CA,Prospect | Awareness,Awareness,48442,564,416.6
2023-01-30,PN,Prospecting | Destination,Destination,46253,639,425.53
2023-01-30,PN,Prospect | Awareness,Awareness,46290,552,398.09
2023-01-30,NE,Prospecting | Destination,Destination,43163,575,397.1
2023-01-30,NE,Prospect | Awareness,Awareness,37016,444,318.34
2023-02-06,CO,Prospecting | Destination,Destination,61431,801,565.16
2023-02-06,CO,Prospect | Awareness,Awareness,57004,692,490.23
2023-02-06,UT,Prospecting | Destination,Destination,54764,769,503.83
2023-02-06,UT,Prospect | Awareness,Awareness,51670,603,444.36
2023-02-06,CA,Prospecting | Destination,Destination,69781,933,641.99
2023-02-06,CA,Prospect | Awareness,Awareness,55047,689,473.4
2023-02-06,PN,Prospecting | Destination,Destination,53656,727,493.64
2023-02-06,PN,Prospect | Awareness,Awareness,37220,438,320.09
2023-02-06,NE,Prospecting | Destination,Destination,50433,674,463.98
2023-02-06,NE,Prospect | Awareness,Awareness,41474,501,356.68
2023-02-13,CO,Prospecting | Destination,Destination,79085,1058,727.59
2023-02-13,CO,Prospect | Awareness,Awareness,50708,628,436.09
2023-02-13,UT,Prospecting | Destination,Destination,68731,955,632.32
2023-02-13,UT,Prospect | Awareness,Awareness,47078,581,404.87
2023-02-13,CA,Prospecting | Destination,Destination,58442,875,537.67
2023-02-13,CA,Prospect | Awareness,Awareness,48282,561,415.22
2023-02-13,PN,Prospecting | Destination,Destination,56531,781,520.09
2023-02-13,PN,Prospect | Awareness,Awareness,44499,512,382.7
2023-02-13,NE,Prospecting | Destination,Destination,57819,829,531.94
2023-02-13,NE,Prospect | Awareness,Awareness,40351,483,347.02
2023-02-20,CO,Prospecting | Destination,Destination,71255,1053,655.54
2023-02-20,CO,Prospect | Awareness,Awareness,50145,636,431.25
2023-02-20,UT,Prospecting | Destination,Destination,71333,945,656.26
2023-02-20,UT,Prospect | Awareness,Awareness,52972,598,455.56
2023-02-20,CA,Prospecting | Destination,Destination,60597,884,557.5
2023-02-20,CA,Prospect | Awareness,Awareness,55642,622,478.52
2023-02-20,PN,Prospecting | Destination,Destination,54691,803,503.16
2023-02-20,PN,Prospect | Awareness,Awareness,41819,473,359.65
2023-02-20,NE,Prospecting | Destination,Destination,50742,708,466.83
2023-02-20,NE,Prospect | Awareness,Awareness,42430,530,364.9
2023-02-27,CO,Prospecting | Destination,Destination,74301,994,683.57
2023-02-27,CO,Prospect | Awareness,Awareness,49066,564,421.97
2023-02-27,UT,Prospecting | Destination,Destination,60721,896,558.63
2023-02-27,UT,Prospect | Awareness,Awareness,49448,586,425.25
2023-02-27,CA,Prospecting | Destination,Destination,60796,850,559.32
2023-02-27,CA,Prospect | Awareness,Awareness,51459,587,442.55
2023-02-27,PN,Prospecting | Destination,Destination,54192,793,498.56
2023-02-27,PN,Prospect | Awareness,Awareness,48577,581,417.76
2023-02-27,NE,Prospecting | Destination,Destination,55105,787,506.97
2023-02-27,NE,Prospect | Awareness,Awareness,43990,494,378.32
2023-03-06,CO,Prospecting | Destination,Destination,60286,900,554.63
2023-03-06,CO,Prospect | Awareness,Awareness,56719,723,487.78
2023-03-06,UT,Prospecting | Destination,Destination,58458,785,537.81
2023-03-06,UT,Prospect | Awareness,Awareness,42475,527,365.28
2023-03-06,CA,Prospecting | Destination,Destination,61162,841,562.69
2023-03-06,CA,Prospect | Awareness,Awareness,52718,612,453.37
2023-03-06,PN,Prospecting | Destination,Destination,54989,718,505.9
2023-03-06,PN,Prospect | Awareness,Awareness,44252,550,380.57
2023-03-06,NE,Prospecting | Destination,Destination,56200,817,517.04
2023-03-06,NE,Prospect | Awareness,Awareness,39267,457,337.7
2023-03-13,CO,Prospecting | Destination,Destination,70794,1059,651.3
2023-03-13,CO,Prospect | Awareness,Awareness,46512,552,400.0
2023-03-13,UT,Prospecting | Destination,Destination,65031,889,598.29
2023-03-13,UT,Prospect | Awareness,Awareness,49981,606,429.84
2023-03-13,CA,Prospecting | Destination,Destination,65714,929,604.57
2023-03-13,CA,Prospect | Awareness,Awareness,55626,699,478.38
2023-03-13,PN,Prospecting | Destination,Destination,61177,806,562.83
2023-03-13,PN,Prospect | Awareness,Awareness,47589,611,409.27
2023-03-13,NE,Prospecting | Destination,Destination,46412,687,426.99
2023-03-13,NE,Prospect | Awareness,Awareness,34308,406,295.05
2023-03-20,CO,Prospecting | Destination,Destination,74987,1012,689.88
2023-03-20,CO,Prospect | Awareness,Awareness,48163,609,414.2
2023-03-20,UT,Prospecting | Destination,Destination,58449,797,537.73
2023-03-20,UT,Prospect | Awareness,Awareness,41238,510,354.64
2023-03-20,CA,Prospecting | Destination,Destination,61771,866,568.29
2023-03-20,CA,Prospect | Awareness,Awareness,53360,671,458.89
2023-03-20,PN,Prospecting | Destination,Destination,57522,763,529.2
2023-03-20,PN,Prospect | Awareness,Awareness,48486,616,416.98
2023-03-20,NE,Prospecting | Destination,Destination,43610,612,401.21
2023-03-20,NE,Prospect | Awareness,Awareness,36569,427,314.49
2023-03-27,CO,Prospecting | Destination,Destination,87506,1152,805.05
2023-03-27,CO,Prospect | Awareness,Awareness,60535,750,520.6
2023-03-27,UT,Prospecting | Destination,Destination,69136,984,636.05
2023-03-27,UT,Prospect | Awareness,Awareness,64028,721,550.64
2023-03-27,CA,Prospecting | Destination,Destination,79704,1177,733.28
2023-03-27,CA,Prospect | Awareness,Awareness,60756,712,522.5
2023-03-27,PN,Prospecting | Destination,Destination,68983,962,634.64
2023-03-27,PN,Prospect | Awareness,Awareness,53865,645,463.24
2023-03-27,NE,Prospecting | Destination,Destination,64829,848,596.43
2023-03-27,NE,Prospect | Awareness,Awareness,56765,634,488.18
2023-04-03,CO,Prospecting | Destination,Destination,71447,1003,657.31
2023-04-03,CO,Prospect | Awareness,Awareness,46264,541,397.87
2023-04-03,UT,Prospecting | Destination,Destination,52197,708,480.21
2023-04-03,UT,Prospect | Awareness,Awareness,53378,616,459.05
2023-04-03,CA,Prospecting | Destination,Destination,69399,942,638.47
2023-04-03,CA,Prospect | Awareness,Awareness,50483,612,434.15
2023-04-03,PN,Prospecting | Destination,Destination,53950,765,496.34
2023-04-03,PN,Prospect | Awareness,Awareness,41439,509,356.38
2023-04-03,NE,Prospecting | Destination,Destination,48896,651,449.84
2023-04-03,NE,Prospect | Awareness,Awareness,38022,457,326.99
2023-04-10,CO,Prospecting | Destination,Destination,72273,1058,664.91
2023-04-10,CO,Prospect | Awareness,Awareness,50343,608,432.95
2023-04-10,UT,Prospecting | Destination,Destination,57706,839,530.89
2023-04-10,UT,Prospect | Awareness,Awareness,45880,582,394.57
2023-04-10,CA,Prospecting | Destination,Destination,69151,933,636.19
2023-04-10,CA,Prospect | Awareness,Awareness,52994,611,455.75
2023-04-10,PN,Prospecting | Destination,Destination,59502,854,547.42
2023-04-10,PN,Prospect | Awareness,Awareness,48770,571,419.42
2023-04-10,NE,Prospecting | Destination,Destination,55057,765,506.52
2023-04-10,NE,Prospect | Awareness,Awareness,41249,462,354.74
2023-04-17,CO,Prospecting | Destination,Destination,62204,882,572.28
2023-04-17,CO,Prospect | Awareness,Awareness,56028,708,481.85
2023-04-17,UT,Prospecting | Destination,Destination,63318,927,582.53
2023-04-17,UT,Prospect | Awareness,Awareness,49875,580,428.93
2023-04-17,CA,Prospecting | Destination,Destination,60934,807,560.59
2023-04-17,CA,Prospect | Awareness,Awareness,53819,680,462.85
2023-04-17,PN,Prospecting | Destination,Destination,59118,815,543.88
2023-04-17,PN,Prospect | Awareness,Awareness,43234,512,371.81
2023-04-17,NE,Prospecting | Destination,Destination,53816,792,495.1
2023-04-17,NE,Prospect | Awareness,Awareness,40954,467,352.21
2023-04-24,CO,Prospecting | Destination,Destination,56315,761,518.1
2023-04-24,CO,Prospect | Awareness,Awareness,45825,518,394.1
2023-04-24,UT,Prospecting | Destination,Destination,65248,882,600.29
2023-04-24,UT,Prospect | Awareness,Awareness,45646,514,392.56
2023-04-24,CA,Prospecting | Destination,Destination,58021,761,533.79
2023-04-24,CA,Prospect | Awareness,Awareness,41561,530,357.43
2023-04-24,PN,Prospecting | Destination,Destination,52425,735,482.31
2023-04-24,PN,Prospect | Awareness,Awareness,44748,568,384.83
2023-04-24,NE,Prospecting | Destination,Destination,50462,717,464.25
2023-04-24,NE,Prospect | Awareness,Awareness,39296,487,337.95
2023-05-01,CO,Prospecting | Destination,Destination,71283,1052,655.8
2023-05-01,CO,Prospect | Awareness,Awareness,46967,576,403.92
2023-05-01,UT,Prospecting | Destination,Destination,51123,673,470.33
2023-05-01,UT,Prospect | Awareness,Awareness,43972,517,378.16
2023-05-01,CA,Prospecting | Destination,Destination,67475,896,620.77
2023-05-01,CA,Prospect | Awareness,Awareness,46688,531,401.52
2023-05-01,PN,Prospecting | Destination,Destination,56998,749,524.39
2023-05-01,PN,Prospect | Awareness,Awareness,36648,435,315.18
2023-05-01,NE,Prospecting | Destination,Destination,53082,715,488.36
2023-05-01,NE,Prospect | Awareness,Awareness,36816,431,316.62
2023-05-08,CO,Prospecting | Destination,Destination,58185,783,535.3
2023-05-08,CO,Prospect | Awareness,Awareness,53834,673,462.98
2023-05-08,UT,Prospecting | Destination,Destination,61518,874,565.96
2023-05-08,UT,Prospect | Awareness,Awareness,39925,483,343.36
2023-05-08,CA,Prospecting | Destination,Destination,52573,739,483.67
2023-05-08,CA,Prospect | Awareness,Awareness,45806,535,393.93
2023-05-08,PN,Prospecting | Destination,Destination,56067,744,515.81
2023-05-08,PN,Prospect | Awareness,Awareness,41439,514,356.37
2023-05-08,NE,Prospecting | Destination,Destination,40818,587,375.53
2023-05-08,NE,Prospect | Awareness,Awareness,36099,407,310.45
2023-05-15,CO,Prospecting | Destination,Destination,54562,781,501.97
2023-05-15,CO,Prospect | Awareness,Awareness,42497,536,365.48
2023-05-15,UT,Prospecting | Destination,Destination,49152,714,452.2
2023-05-15,UT,Prospect | Awareness,Awareness,47797,600,411.06
2023-05-15,CA,Prospecting | Destination,Destination,55602,815,511.54
2023-05-15,CA,Prospect | Awareness,Awareness,47357,538,407.27
2023-05-15,PN,Prospecting | Destination,Destination,47859,673,440.3
2023-05-15,PN,Prospect | Awareness,Awareness,38273,482,329.15
2023-05-15,NE,Prospecting | Destination,Destination,48878,720,449.68
2023-05-15,NE,Prospect | Awareness,Awareness,39021,444,335.58
2023-05-22,CO,Prospecting | Destination,Destination,59313,834,545.68
2023-05-22,CO,Prospect | Awareness,Awareness,47083,585,404.92
2023-05-22,UT,Prospecting | Destination,Destination,60617,827,557.67
2023-05-22,UT,Prospect | Awareness,Awareness,48007,615,412.86
2023-05-22,CA,Prospecting | Destination,Destination,55027,768,506.24
2023-05-22,CA,Prospect | Awareness,Awareness,45318,574,389.74
2023-05-22,PN,Prospecting | Destination,Destination,51898,681,477.46
2023-05-22,PN,Prospect | Awareness,Awareness,38953,495,335.0
2023-05-22,NE,Prospecting | Destination,Destination,40144,585,369.33
2023-05-22,NE,Prospect | Awareness,Awareness,33206,399,285.57
2023-05-29,CO,Prospecting | Destination,Destination,70345,940,647.18
2023-05-29,CO,Prospect | Awareness,Awareness,51001,582,438.61
2023-05-29,UT,Prospecting | Destination,Destination,56883,775,523.32
2023-05-29,UT,Prospect | Awareness,Awareness,41432,492,356.32
2023-05-29,CA,Prospecting | Destination,Destination,55803,784,513.39
2023-05-29,CA,Prospect | Awareness,Awareness,44169,528,379.86
2023-05-29,PN,Prospecting | Destination,Destination,45552,650,419.08
2023-05-29,PN,Prospect | Awareness,Awareness,35918,420,308.89
2023-05-29,NE,Prospecting | Destination,Destination,41727,592,383.89
2023-05-29,NE,Prospect | Awareness,Awareness,38892,453,334.47
2023-06-05,CO,Prospecting | Destination,Destination,60353,812,555.25
2023-06-05,CO,Prospect | Awareness,Awareness,42982,502,369.65
2023-06-05,UT,Prospecting | Destination,Destination,51231,715,471.33
2023-06-05,UT,Prospect | Awareness,Awareness,44696,534,384.38
2023-06-05,CA,Prospecting | Destination,Destination,50752,730,466.92
2023-06-05,CA,Prospect | Awareness,Awareness,37800,459,325.08
2023-06-05,PN,Prospecting | Destination,Destination,47575,664,437.69
2023-06-05,PN,Prospect | Awareness,Awareness,35505,425,305.34
2023-06-05,NE,Prospecting | Destination,Destination,41188,538,378.93
2023-06-05,NE,Prospect | Awareness,Awareness,35351,418,304.02
2023-06-12,CO,Prospecting | Destination,Destination,62238,862,572.59
2023-06-12,CO,Prospect | Awareness,Awareness,48917,574,420.69
2023-06-12,UT,Prospecting | Destination,Destination,54417,761,500.64
2023-06-12,UT,Prospect | Awareness,Awareness,44360,530,381.49
2023-06-12,CA,Prospecting | Destination,Destination,50973,751,468.95
2023-06-12,CA,Prospect | Awareness,Awareness,38626,448,332.19
2023-06-12,PN,Prospecting | Destination,Destination,50237,692,462.18
2023-06-12,PN,Prospect | Awareness,Awareness,35894,440,308.69
2023-06-12,NE,Prospecting | Destination,Destination,39133,550,360.03
2023-06-12,NE,Prospect | Awareness,Awareness,36734,441,315.91
2023-06-19,CO,Prospecting | Destination,Destination,53104,793,488.55
2023-06-19,CO,Prospect | Awareness,Awareness,39795,492,342.23
2023-06-19,UT,Prospecting | Destination,Destination,52875,698,486.45
2023-06-19,UT,Prospect | Awareness,Awareness,39542,507,340.06
2023-06-19,CA,Prospecting | Destination,Destination,46445,676,427.29
2023-06-19,CA,Prospect | Awareness,Awareness,40814,485,351.0
2023-06-19,PN,Prospecting | Destination,Destination,46013,611,423.32
2023-06-19,PN,Prospect | Awareness,Awareness,41083,506,353.31
2023-06-19,NE,Prospecting | Destination,Destination,39793,529,366.1
2023-06-19,NE,Prospect | Awareness,Awareness,30355,364,261.05
2023-06-26,CO,Prospecting | Destination,Destination,61529,920,566.07
2023-06-26,CO,Prospect | Awareness,Awareness,37903,434,325.96
2023-06-26,UT,Prospecting | Destination,Destination,46486,692,427.68
2023-06-26,UT,Prospect | Awareness,Awareness,37361,433,321.31
2023-06-26,CA,Prospecting | Destination,Destination,51881,766,477.3
2023-06-26,CA,Prospect | Awareness,Awareness,44056,562,378.88
2023-06-26,PN,Prospecting | Destination,Destination,39836,586,366.49
2023-06-26,PN,Prospect | Awareness,Awareness,34995,431,300.95
2023-06-26,NE,Prospecting | Destination,Destination,39193,558,360.57
2023-06-26,NE,Prospect | Awareness,Awareness,32248,392,277.34
2023-07-03,CO,Prospecting | Destination,Destination,68249,910,627.89
2023-07-03,CO,Prospect | Awareness,Awareness,57203,657,491.95
2023-07-03,UT,Prospecting | Destination,Destination,53410,699,491.37
2023-07-03,UT,Prospect | Awareness,Awareness,41966,529,360.91
2023-07-03,CA,Prospecting | Destination,Destination,67161,943,617.88
2023-07-03,CA,Prospect | Awareness,Awareness,52964,623,455.49
2023-07-03,PN,Prospecting | Destination,Destination,50604,711,465.56
2023-07-03,PN,Prospect | Awareness,Awareness,45399,551,390.43
2023-07-03,NE,Prospecting | Destination,Destination,55972,818,514.95
2023-07-03,NE,Prospect | Awareness,Awareness,41057,458,353.09
2023-07-10,CO,Prospecting | Destination,Destination,50578,704,465.32
2023-07-10,CO,Prospect | Awareness,Awareness,39370,488,338.58
2023-07-10,UT,Prospecting | Destination,Destination,52306,687,481.22
2023-07-10,UT,Prospect | Awareness,Awareness,35789,438,307.78
2023-07-10,CA,Prospecting | Destination,Destination,48691,703,447.96
2023-07-10,CA,Prospect | Awareness,Awareness,37452,430,322.09
2023-07-10,PN,Prospecting | Destination,Destination,40128,592,369.18
2023-07-10,PN,Prospect | Awareness,Awareness,37782,477,324.93
2023-07-10,NE,Prospecting | Destination,Destination,42610,596,392.01
2023-07-10,NE,Prospect | Awareness,Awareness,29836,333,256.59
2023-07-17,CO,Prospecting | Destination,Destination,51689,684,475.54
2023-07-17,CO,Prospect | Awareness,Awareness,38698,461,332.8
2023-07-17,UT,Prospecting | Destination,Destination,45440,635,418.05
2023-07-17,UT,Prospect | Awareness,Awareness,40870,484,351.48
2023-07-17,CA,Prospecting | Destination,Destination,50268,667,462.46
2023-07-17,CA,Prospect | Awareness,Awareness,37216,465,320.06
2023-07-17,PN,Prospecting | Destination,Destination,45831,641,421.65
2023-07-17,PN,Prospect | Awareness,Awareness,35236,404,303.03
2023-07-17,NE,Prospecting | Destination,Destination,40333,564,371.07
2023-07-17,NE,Prospect | Awareness,Awareness,31048,365,267.01
2023-07-24,CO,Prospecting | Destination,Destination,55066,737,506.6
2023-07-24,CO,Prospect | Awareness,Awareness,40073,448,344.63
2023-07-24,UT,Prospecting | Destination,Destination,41246,610,379.46
2023-07-24,UT,Prospect | Awareness,Awareness,40314,479,346.7
2023-07-24,CA,Prospecting | Destination,Destination,43316,595,398.51
2023-07-24,CA,Prospect | Awareness,Awareness,36012,460,309.7
2023-07-24,PN,Prospecting | Destination,Destination,37760,507,347.39
2023-07-24,PN,Prospect | Awareness,Awareness,32935,415,283.24
2023-07-24,NE,Prospecting | Destination,Destination,37334,486,343.48
2023-07-24,NE,Prospect | Awareness,Awareness,30421,387,261.62
2023-07-31,CO,Prospecting | Destination,Destination,57472,764,528.74
2023-07-31,CO,Prospect | Awareness,Awareness,41864,488,360.03
2023-07-31,UT,Prospecting | Destination,Destination,48574,703,446.88
2023-07-31,UT,Prospect | Awareness,Awareness,34989,421,300.9
2023-07-31,CA,Prospecting | Destination,Destination,50383,733,463.52
2023-07-31,CA,Prospect | Awareness,Awareness,35690,413,306.94
2023-07-31,PN,Prospecting | Destination,Destination,43351,629,398.83
2023-07-31,PN,Prospect | Awareness,Awareness,30288,384,260.48
2023-07-31,NE,Prospecting | Destination,Destination,42525,577,391.23
2023-07-31,NE,Prospect | Awareness,Awareness,34148,416,293.67
2023-08-07,CO,Prospecting | Destination,Destination,56926,812,523.72
2023-08-07,CO,Prospect | Awareness,Awareness,38963,473,335.08
2023-08-07,UT,Prospecting | Destination,Destination,43181,623,397.26
2023-08-07,UT,Prospect | Awareness,Awareness,32945,419,283.33
2023-08-07,CA,Prospecting | Destination,Destination,45106,604,414.98
2023-08-07,CA,Prospect | Awareness,Awareness,43151,530,371.1
2023-08-07,PN,Prospecting | Destination,Destination,35963,515,330.86
2023-08-07,PN,Prospect | Awareness,Awareness,32897,372,282.91
2023-08-07,NE,Prospecting | Destination,Destination,32327,482,297.41
2023-08-07,NE,Prospect | Awareness,Awareness,29600,363,254.56
2023-08-14,CO,Prospecting | Destination,Destination,45291,660,416.67
2023-08-14,CO,Prospect | Awareness,Awareness,37896,471,325.91
2023-08-14,UT,Prospecting | Destination,Destination,45761,684,421.01
2023-08-14,UT,Prospect | Awareness,Awareness,32719,413,281.38
2023-08-14,CA,Prospecting | Destination,Destination,42264,578,388.83
2023-08-14,CA,Prospect | Awareness,Awareness,35208,430,302.79
2023-08-14,PN,Prospecting | Destination,Destination,45479,597,418.41
2023-08-14,PN,Prospect | Awareness,Awareness,36739,456,315.96
2023-08-14,NE,Prospecting | Destination,Destination,40659,549,374.07
2023-08-14,NE,Prospect | Awareness,Awareness,32736,367,281.53
2023-08-21,CO,Prospecting | Destination,Destination,53608,795,493.2
2023-08-21,CO,Prospect | Awareness,Awareness,38536,493,331.41
2023-08-21,UT,Prospecting | Destination,Destination,42974,635,395.36
2023-08-21,UT,Prospect | Awareness,Awareness,31919,401,274.5
2023-08-21,CA,Prospecting | Destination,Destination,42421,565,390.27
2023-08-21,CA,Prospect | Awareness,Awareness,37182,434,319.77
2023-08-21,PN,Prospecting | Destination,Destination,45650,605,419.98
2023-08-21,PN,Prospect | Awareness,Awareness,32011,393,275.29
2023-08-21,NE,Prospecting | Destination,Destination,34821,475,320.35
2023-08-21,NE,Prospect | Awareness,Awareness,27382,346,235.48
2023-08-28,CO,Prospecting | Destination,Destination,43792,601,402.89
2023-08-28,CO,Prospect | Awareness,Awareness,43603,513,374.99
2023-08-28,UT,Prospecting | Destination,Destination,40104,587,368.96
2023-08-28,UT,Prospect | Awareness,Awareness,30242,365,260.08
2023-08-28,CA,Prospecting | Destination,Destination,48360,721,444.91
2023-08-28,CA,Prospect | Awareness,Awareness,40780,510,350.71
2023-08-28,PN,Prospecting | Destination,Destination,36568,527,336.43
2023-08-28,PN,Prospect | Awareness,Awareness,28509,331,245.18
2023-08-28,NE,Prospecting | Destination,Destination,35489,478,326.5
2023-08-28,NE,Prospect | Awareness,Awareness,33046,370,284.2
2023-09-04,CO,Prospecting | Destination,Destination,58045,763,534.02
2023-09-04,CO,Prospect | Awareness,Awareness,45698,547,393.01
2023-09-04,UT,Prospecting | Destination,Destination,48295,635,444.31
2023-09-04,UT,Prospect | Awareness,Awareness,38512,438,331.2
2023-09-04,CA,Prospecting | Destination,Destination,52151,764,479.79
2023-09-04,CA,Prospect | Awareness,Awareness,41450,500,356.47
2023-09-04,PN,Prospecting | Destination,Destination,45308,616,416.83
2023-09-04,PN,Prospect | Awareness,Awareness,38857,459,334.17
2023-09-04,NE,Prospecting | Destination,Destination,34630,507,318.59
2023-09-04,NE,Prospect | Awareness,Awareness,33968,407,292.13
2023-09-11,CO,Prospecting | Destination,Destination,46161,676,424.68
2023-09-11,CO,Prospect | Awareness,Awareness,34093,436,293.2
2023-09-11,UT,Prospecting | Destination,Destination,41368,579,380.59
2023-09-11,UT,Prospect | Awareness,Awareness,33983,426,292.25
2023-09-11,CA,Prospecting | Destination,Destination,48547,699,446.64
2023-09-11,CA,Prospect | Awareness,Awareness,33250,385,285.95
2023-09-11,PN,Prospecting | Destination,Destination,40414,587,371.81
2023-09-11,PN,Prospect | Awareness,Awareness,33840,383,291.03
2023-09-11,NE,Prospecting | Destination,Destination,40796,608,375.32
2023-09-11,NE,Prospect | Awareness,Awareness,30028,366,258.24
2023-09-18,CO,Prospecting | Destination,Destination,52143,737,479.72
2023-09-18,CO,Prospect | Awareness,Awareness,36038,454,309.92
2023-09-18,UT,Prospecting | Destination,Destination,48057,627,442.13
2023-09-18,UT,Prospect | Awareness,Awareness,30534,382,262.59
2023-09-18,CA,Prospecting | Destination,Destination,45766,675,421.04
2023-09-18,CA,Prospect | Awareness,Awareness,38481,471,330.94
2023-09-18,PN,Prospecting | Destination,Destination,46063,654,423.78
2023-09-18,PN,Prospect | Awareness,Awareness,29154,341,250.73
2023-09-18,NE,Prospecting | Destination,Destination,35455,530,326.19
2023-09-18,NE,Prospect | Awareness,Awareness,29624,353,254.76
2023-09-25,CO,Prospecting | Destination,Destination,44120,606,405.91
2023-09-25,CO,Prospect | Awareness,Awareness,41740,527,358.96
2023-09-25,UT,Prospecting | Destination,Destination,49614,690,456.45
2023-09-25,UT,Prospect | Awareness,Awareness,33179,393,285.34
2023-09-25,CA,Prospecting | Destination,Destination,45802,638,421.38
2023-09-25,CA,Prospect | Awareness,Awareness,41241,485,354.67
2023-09-25,PN,Prospecting | Destination,Destination,47125,701,433.55
2023-09-25,PN,Prospect | Awareness,Awareness,28848,331,248.09
2023-09-25,NE,Prospecting | Destination,Destination,40833,599,375.67
2023-09-25,NE,Prospect | Awareness,Awareness,28231,345,242.79
2023-10-02,CO,Prospecting | Destination,Destination,50444,664,464.08
2023-10-02,CO,Prospect | Awareness,Awareness,45472,547,391.06
2023-10-02,UT,Prospecting | Destination,Destination,45970,614,422.92
2023-10-02,UT,Prospect | Awareness,Awareness,37612,446,323.47
2023-10-02,CA,Prospecting | Destination,Destination,49861,669,458.72
2023-10-02,CA,Prospect | Awareness,Awareness,33050,400,284.23
2023-10-02,PN,Prospecting | Destination,Destination,46093,668,424.05
2023-10-02,PN,Prospect | Awareness,Awareness,34518,408,296.86
2023-10-02,NE,Prospecting | Destination,Destination,37588,495,345.81
2023-10-02,NE,Prospect | Awareness,Awareness,31086,377,267.34
2023-10-09,CO,Prospecting | Destination,Destination,58158,832,535.05
2023-10-09,CO,Prospect | Awareness,Awareness,44798,563,385.26
2023-10-09,UT,Prospecting | Destination,Destination,39311,562,361.66
2023-10-09,UT,Prospect | Awareness,Awareness,33451,377,287.68
2023-10-09,CA,Prospecting | Destination,Destination,46812,636,430.67
2023-10-09,CA,Prospect | Awareness,Awareness,41783,503,359.33
2023-10-09,PN,Prospecting | Destination,Destination,45733,639,420.75
2023-10-09,PN,Prospect | Awareness,Awareness,32108,394,276.13
2023-10-09,NE,Prospecting | Destination,Destination,41996,596,386.36
2023-10-09,NE,Prospect | Awareness,Awareness,32778,384,281.89
2023-10-16,CO,Prospecting | Destination,Destination,54031,744,497.09
2023-10-16,CO,Prospect | Awareness,Awareness,38832,460,333.96
2023-10-16,UT,Prospecting | Destination,Destination,40843,571,375.76
2023-10-16,UT,Prospect | Awareness,Awareness,31901,382,274.35
2023-10-16,CA,Prospecting | Destination,Destination,53887,740,495.76
2023-10-16,CA,Prospect | Awareness,Awareness,42776,528,367.87
2023-10-16,PN,Prospecting | Destination,Destination,44490,659,409.3
2023-10-16,PN,Prospect | Awareness,Awareness,33717,406,289.97
2023-10-16,NE,Prospecting | Destination,Destination,42307,577,389.23
2023-10-16,NE,Prospect | Awareness,Awareness,29229,339,251.37
2023-10-23,CO,Prospecting | Destination,Destination,57590,786,529.83
2023-10-23,CO,Prospect | Awareness,Awareness,37932,452,326.21
2023-10-23,UT,Prospecting | Destination,Destination,51859,711,477.1
2023-10-23,UT,Prospect | Awareness,Awareness,42477,508,365.3
2023-10-23,CA,Prospecting | Destination,Destination,55718,746,512.61
2023-10-23,CA,Prospect | Awareness,Awareness,44613,499,383.68
2023-10-23,PN,Prospecting | Destination,Destination,44270,641,407.29
2023-10-23,PN,Prospect | Awareness,Awareness,39546,496,340.1
2023-10-23,NE,Prospecting | Destination,Destination,44580,606,410.14
2023-10-23,NE,Prospect | Awareness,Awareness,33086,388,284.54
2023-10-30,CO,Prospecting | Destination,Destination,55371,766,509.41
2023-10-30,CO,Prospect | Awareness,Awareness,45544,573,391.68
2023-10-30,UT,Prospecting | Destination,Destination,42312,605,389.27
2023-10-30,UT,Prospect | Awareness,Awareness,37377,446,321.44
2023-10-30,CA,Prospecting | Destination,Destination,57193,783,526.18
2023-10-30,CA,Prospect | Awareness,Awareness,38714,465,332.94
2023-10-30,PN,Prospecting | Destination,Destination,44424,652,408.7
2023-10-30,PN,Prospect | Awareness,Awareness,36686,432,315.5
2023-10-30,NE,Prospecting | Destination,Destination,39463,552,363.06
2023-10-30,NE,Prospect | Awareness,Awareness,30362,341,261.12
2023-11-06,CO,Prospecting | Destination,Destination,54440,783,500.85
2023-11-06,CO,Prospect | Awareness,Awareness,40427,482,347.68
2023-11-06,UT,Prospecting | Destination,Destination,54727,722,503.49
2023-11-06,UT,Prospect | Awareness,Awareness,42364,508,364.33
2023-11-06,CA,Prospecting | Destination,Destination,52211,687,480.34
2023-11-06,CA,Prospect | Awareness,Awareness,40389,491,347.34
2023-11-06,PN,Prospecting | Destination,Destination,49324,668,453.78
2023-11-06,PN,Prospect | Awareness,Awareness,32341,388,278.13
2023-11-06,NE,Prospecting | Destination,Destination,39652,592,364.8
2023-11-06,NE,Prospect | Awareness,Awareness,33806,432,290.73
2023-11-13,CO,Prospecting | Destination,Destination,51187,750,470.92
2023-11-13,CO,Prospect | Awareness,Awareness,41270,508,354.92
2023-11-13,UT,Prospecting | Destination,Destination,52811,780,485.86
2023-11-13,UT,Prospect | Awareness,Awareness,43583,507,374.81
2023-11-13,CA,Prospecting | Destination,Destination,52198,781,480.22
2023-11-13,CA,Prospect | Awareness,Awareness,46489,538,399.8
2023-11-13,PN,Prospecting | Destination,Destination,50432,714,463.97
2023-11-13,PN,Prospect | Awareness,Awareness,32764,386,281.77
2023-11-13,NE,Prospecting | Destination,Destination,36004,477,331.24
2023-11-13,NE,Prospect | Awareness,Awareness,37482,461,322.34
2023-11-20,CO,Prospecting | Destination,Destination,88512,1193,814.31
2023-11-20,CO,Prospect | Awareness,Awareness,67928,819,584.18
2023-11-20,UT,Prospecting | Destination,Destination,74731,1074,687.53
2023-11-20,UT,Prospect | Awareness,Awareness,51489,609,442.8
2023-11-20,CA,Prospecting | Destination,Destination,72394,960,666.03
2023-11-20,CA,Prospect | Awareness,Awareness,62700,766,539.22
2023-11-20,PN,Prospecting | Destination,Destination,73116,1015,672.67
2023-11-20,PN,Prospect | Awareness,Awareness,55075,681,473.64
2023-11-20,NE,Prospecting | Destination,Destination,64982,859,597.84
2023-11-20,NE,Prospect | Awareness,Awareness,52162,584,448.59
2023-11-27,CO,Prospecting | Destination,Destination,59956,863,551.6
2023-11-27,CO,Prospect | Awareness,Awareness,46275,572,397.97
2023-11-27,UT,Prospecting | Destination,Destination,51271,751,471.69
2023-11-27,UT,Prospect | Awareness,Awareness,41911,490,360.43
2023-11-27,CA,Prospecting | Destination,Destination,55186,805,507.71
2023-11-27,CA,Prospect | Awareness,Awareness,41605,516,357.8
2023-11-27,PN,Prospecting | Destination,Destination,48737,694,448.38
2023-11-27,PN,Prospect | Awareness,Awareness,38825,476,333.9
2023-11-27,NE,Prospecting | Destination,Destination,39815,565,366.3
2023-11-27,NE,Prospect | Awareness,Awareness,38086,460,327.54
2023-12-04,CO,Prospecting | Destination,Destination,83954,1119,772.38
2023-12-04,CO,Prospect | Awareness,Awareness,56521,716,486.08
2023-12-04,UT,Prospecting | Destination,Destination,62674,935,576.6
2023-12-04,UT,Prospect | Awareness,Awareness,60352,764,519.03
2023-12-04,CA,Prospecting | Destination,Destination,75187,1076,691.72
2023-12-04,CA,Prospect | Awareness,Awareness,52943,625,455.31
2023-12-04,PN,Prospecting | Destination,Destination,65089,894,598.82
2023-12-04,PN,Prospect | Awareness,Awareness,55046,698,473.4
2023-12-04,NE,Prospecting | Destination,Destination,59565,838,548.0
2023-12-04,NE,Prospect | Awareness,Awareness,45082,543,387.7
2023-12-11,CO,Prospecting | Destination,Destination,60129,811,553.18
2023-12-11,CO,Prospect | Awareness,Awareness,44038,560,378.72
2023-12-11,UT,Prospecting | Destination,Destination,54926,789,505.32
2023-12-11,UT,Prospect | Awareness,Awareness,45677,547,392.82
2023-12-11,CA,Prospecting | Destination,Destination,61803,828,568.59
2023-12-11,CA,Prospect | Awareness,Awareness,43722,504,376.01
2023-12-11,PN,Prospecting | Destination,Destination,53258,783,489.97
2023-12-11,PN,Prospect | Awareness,Awareness,40603,472,349.19
2023-12-11,NE,Prospecting | Destination,Destination,45696,649,420.4
2023-12-11,NE,Prospect | Awareness,Awareness,38912,468,334.64
2023-12-18,CO,Prospecting | Destination,Destination,63814,939,587.09
2023-12-18,CO,Prospect | Awareness,Awareness,50642,593,435.52
2023-12-18,UT,Prospecting | Destination,Destination,52951,751,487.15
2023-12-18,UT,Prospect | Awareness,Awareness,42429,532,364.89
2023-12-18,CA,Prospecting | Destination,Destination,55449,820,510.14
2023-12-18,CA,Prospect | Awareness,Awareness,44619,513,383.72
2023-12-18,PN,Prospecting | Destination,Destination,53120,692,488.7
2023-12-18,PN,Prospect | Awareness,Awareness,44216,520,380.26
2023-12-18,NE,Prospecting | Destination,Destination,50120,663,461.11
2023-12-18,NE,Prospect | Awareness,Awareness,36679,442,315.44
2023-12-25,CO,Prospecting | Destination,Destination,58742,796,540.43
2023-12-25,CO,Prospect | Awareness,Awareness,52793,596,454.02
2023-12-25,UT,Prospecting | Destination,Destination,53136,699,488.86
2023-12-25,UT,Prospect | Awareness,Awareness,50669,641,435.75
2023-12-25,CA,Prospecting | Destination,Destination,66631,915,613.01
2023-12-25,CA,Prospect | Awareness,Awareness,48361,621,415.91
2023-12-25,PN,Prospecting | Destination,Destination,48943,705,450.27
2023-12-25,PN,Prospect | Awareness,Awareness,46813,597,402.59
2023-12-25,NE,Prospecting | Destination,Destination,55915,780,514.42
2023-12-25,NE,Prospect | Awareness,Awareness,41586,527,357.64
2024-01-01,CO,Prospecting | Destination,Destination,76710,1052,705.73
2024-01-01,CO,Prospect | Awareness,Awareness,65298,814,561.57
2024-01-01,UT,Prospecting | Destination,Destination,68766,920,632.64
2024-01-01,UT,Prospect | Awareness,Awareness,61960,751,532.86
2024-01-01,CA,Prospecting | Destination,Destination,76981,1063,708.23
2024-01-01,CA,Prospect | Awareness,Awareness,70870,845,609.48
2024-01-01,PN,Prospecting | Destination,Destination,73777,1104,678.75
2024-01-01,PN,Prospect | Awareness,Awareness,57235,701,492.23
2024-01-01,NE,Prospecting | Destination,Destination,71151,995,654.59
2024-01-01,NE,Prospect | Awareness,Awareness,55124,661,474.06
2024-01-08,CO,Prospecting | Destination,Destination,65226,877,600.08
2024-01-08,CO,Prospect | Awareness,Awareness,56335,639,484.48
2024-01-08,UT,Prospecting | Destination,Destination,57583,778,529.76
2024-01-08,UT,Prospect | Awareness,Awareness,46740,590,401.97
2024-01-08,CA,Prospecting | Destination,Destination,58388,811,537.17
2024-01-08,CA,Prospect | Awareness,Awareness,52290,637,449.7
2024-01-08,PN,Prospecting | Destination,Destination,60514,866,556.73
2024-01-08,PN,Prospect | Awareness,Awareness,43891,531,377.46
2024-01-08,NE,Prospecting | Destination,Destination,42139,554,387.68
2024-01-08,NE,Prospect | Awareness,Awareness,38931,491,334.81
2024-01-15,CO,Prospecting | Destination,Destination,64821,854,596.35
2024-01-15,CO,Prospect | Awareness,Awareness,59814,681,514.4
2024-01-15,UT,Prospecting | Destination,Destination,64895,898,597.03
2024-01-15,UT,Prospect | Awareness,Awareness,53724,652,462.03
2024-01-15,CA,Prospecting | Destination,Destination,65967,971,606.9
2024-01-15,CA,Prospect | Awareness,Awareness,46658,552,401.26
2024-01-15,PN,Prospecting | Destination,Destination,48900,677,449.88
2024-01-15,PN,Prospect | Awareness,Awareness,42400,484,364.64
2024-01-15,NE,Prospecting | Destination,Destination,42811,630,393.86
2024-01-15,NE,Prospect | Awareness,Awareness,34076,398,293.06
2024-01-22,CO,Prospecting | Destination,Destination,75451,1004,694.15
2024-01-22,CO,Prospect | Awareness,Awareness,49456,617,425.32
2024-01-22,UT,Prospecting | Destination,Destination,54437,767,500.82
2024-01-22,UT,Prospect | Awareness,Awareness,44897,553,386.11
2024-01-22,CA,Prospecting | Destination,Destination,72230,958,664.52
2024-01-22,CA,Prospect | Awareness,Awareness,54558,696,469.2
2024-01-22,PN,Prospecting | Destination,Destination,57141,803,525.7
2024-01-22,PN,Prospect | Awareness,Awareness,46856,524,402.96
2024-01-22,NE,Prospecting | Destination,Destination,50254,668,462.34
2024-01-22,NE,Prospect | Awareness,Awareness,42233,523,363.21
2024-01-29,CO,Prospecting | Destination,Destination,71678,1019,659.44
2024-01-29,CO,Prospect | Awareness,Awareness,47294,529,406.72
2024-01-29,UT,Prospecting | Destination,Destination,68183,937,627.28
2024-01-29,UT,Prospect | Awareness,Awareness,51838,661,445.81
2024-01-29,CA,Prospecting | Destination,Destination,72592,954,667.85
2024-01-29,CA,Prospect | Awareness,Awareness,45150,533,388.29
2024-01-29,PN,Prospecting | Destination,Destination,64075,904,589.49
2024-01-29,PN,Prospect | Awareness,Awareness,43346,507,372.77
2024-01-29,NE,Prospecting | Destination,Destination,43670,611,401.76
2024-01-29,NE,Prospect | Awareness,Awareness,38670,487,332.56
2024-02-05,CO,Prospecting | Destination,Destination,92093,1331,847.26
2024-02-05,CO,Prospect | Awareness,Awareness,69953,798,601.6
2024-02-05,UT,Prospecting | Destination,Destination,76085,1055,699.98
2024-02-05,UT,Prospect | Awareness,Awareness,55066,659,473.56
2024-02-05,CA,Prospecting | Destination,Destination,81493,1106,749.74
2024-02-05,CA,Prospect | Awareness,Awareness,60728,745,522.26
2024-02-05,PN,Prospecting | Destination,Destination,73774,1001,678.72
2024-02-05,PN,Prospect | Awareness,Awareness,54114,664,465.38
2024-02-05,NE,Prospecting | Destination,Destination,57570,790,529.64
2024-02-05,NE,Prospect | Awareness,Awareness,49153,616,422.72
2024-02-12,CO,Prospecting | Destination,Destination,78672,1038,723.78
2024-02-12,CO,Prospect | Awareness,Awareness,58975,666,507.19
2024-02-12,UT,Prospecting | Destination,Destination,72117,966,663.48
2024-02-12,UT,Prospect | Awareness,Awareness,56675,659,487.4
2024-02-12,CA,Prospecting | Destination,Destination,76726,1139,705.88
2024-02-12,CA,Prospect | Awareness,Awareness,50181,603,431.56
2024-02-12,PN,Prospecting | Destination,Destination,56628,809,520.98
2024-02-12,PN,Prospect | Awareness,Awareness,49001,626,421.41
2024-02-12,NE,Prospecting | Destination,Destination,56852,823,523.04
2024-02-12,NE,Prospect | Awareness,Awareness,42555,490,365.97
2024-02-19,CO,Prospecting | Destination,Destination,70260,951,646.39
2024-02-19,CO,Prospect | Awareness,Awareness,63100,760,542.66
2024-02-19,UT,Prospecting | Destination,Destination,66770,960,614.28
2024-02-19,UT,Prospect | Awareness,Awareness,51243,575,440.69
2024-02-19,CA,Prospecting | Destination,Destination,65362,924,601.33
2024-02-19,CA,Prospect | Awareness,Awareness,49012,558,421.5
2024-02-19,PN,Prospecting | Destination,Destination,58615,812,539.26
2024-02-19,PN,Prospect | Awareness,Awareness,53937,649,463.86
2024-02-19,NE,Prospecting | Destination,Destination,54929,748,505.34
2024-02-19,NE,Prospect | Awareness,Awareness,48522,619,417.29
2024-02-26,CO,Prospecting | Destination,Destination,60762,830,559.01
2024-02-26,CO,Prospect | Awareness,Awareness,59263,697,509.66
2024-02-26,UT,Prospecting | Destination,Destination,56196,793,517.0
2024-02-26,UT,Prospect | Awareness,Awareness,46724,585,401.82
2024-02-26,CA,Prospecting | Destination,Destination,66931,943,615.76
2024-02-26,CA,Prospect | Awareness,Awareness,47395,563,407.59
2024-02-26,PN,Prospecting | Destination,Destination,57361,754,527.72
2024-02-26,PN,Prospect | Awareness,Awareness,41491,479,356.82
2024-02-26,NE,Prospecting | Destination,Destination,58409,771,537.36
2024-02-26,NE,Prospect | Awareness,Awareness,38548,437,331.51
2024-03-04,CO,Prospecting | Destination,Destination,62883,854,578.53
2024-03-04,CO,Prospect | Awareness,Awareness,62855,765,540.56
2024-03-04,UT,Prospecting | Destination,Destination,57686,782,530.71
2024-03-04,UT,Prospect | Awareness,Awareness,48252,553,414.97
2024-03-04,CA,Prospecting | Destination,Destination,67910,945,624.77
2024-03-04,CA,Prospect | Awareness,Awareness,58714,731,504.94
2024-03-04,PN,Prospecting | Destination,Destination,59815,797,550.3
2024-03-04,PN,Prospect | Awareness,Awareness,49902,640,429.15
2024-03-04,NE,Prospecting | Destination,Destination,48559,641,446.74
2024-03-04,NE,Prospect | Awareness,Awareness,36748,442,316.03
2024-03-11,CO,Prospecting | Destination,Destination,63726,950,586.28
2024-03-11,CO,Prospect | Awareness,Awareness,60983,711,524.45
2024-03-11,UT,Prospecting | Destination,Destination,59576,790,548.1
2024-03-11,UT,Prospect | Awareness,Awareness,48949,628,420.96
2024-03-11,CA,Prospecting | Destination,Destination,72294,1038,665.11
2024-03-11,CA,Prospect | Awareness,Awareness,47972,570,412.56
2024-03-11,PN,Prospecting | Destination,Destination,62120,905,571.51
2024-03-11,PN,Prospect | Awareness,Awareness,44272,564,380.74
2024-03-11,NE,Prospecting | Destination,Destination,47678,653,438.64
2024-03-11,NE,Prospect | Awareness,Awareness,43810,492,376.76
2024-03-18,CO,Prospecting | Destination,Destination,75717,1106,696.6
2024-03-18,CO,Prospect | Awareness,Awareness,57750,656,496.65
2024-03-18,UT,Prospecting | Destination,Destination,63641,923,585.5
2024-03-18,UT,Prospect | Awareness,Awareness,49167,582,422.84
2024-03-18,CA,Prospecting | Destination,Destination,65247,851,600.27
2024-03-18,CA,Prospect | Awareness,Awareness,50610,625,435.24
2024-03-18,PN,Prospecting | Destination,Destination,61125,895,562.35
2024-03-18,PN,Prospect | Awareness,Awareness,50288,642,432.48
2024-03-18,NE,Prospecting | Destination,Destination,52956,746,487.2
2024-03-18,NE,Prospect | Awareness,Awareness,39779,500,342.1
2024-03-25,CO,Prospecting | Destination,Destination,68065,902,626.2
2024-03-25,CO,Prospect | Awareness,Awareness,53284,625,458.24
2024-03-25,UT,Prospecting | Destination,Destination,59261,790,545.2
2024-03-25,UT,Prospect | Awareness,Awareness,49170,615,422.86
2024-03-25,CA,Prospecting | Destination,Destination,73376,1078,675.06
2024-03-25,CA,Prospect | Awareness,Awareness,53511,651,460.2
2024-03-25,PN,Prospecting | Destination,Destination,54142,735,498.11
2024-03-25,PN,Prospect | Awareness,Awareness,45589,521,392.06
2024-03-25,NE,Prospecting | Destination,Destination,52717,779,485.0
2024-03-25,NE,Prospect | Awareness,Awareness,37952,464,326.39
2024-04-01,CO,Prospecting | Destination,Destination,63989,942,588.7
2024-04-01,CO,Prospect | Awareness,Awareness,48443,559,416.61
2024-04-01,UT,Prospecting | Destination,Destination,59489,798,547.3
2024-04-01,UT,Prospect | Awareness,Awareness,51026,579,438.82
2024-04-01,CA,Prospecting | Destination,Destination,72426,1062,666.31
2024-04-01,CA,Prospect | Awareness,Awareness,44646,560,383.96
2024-04-01,NE,Prospecting | Destination,Destination,48896,724,449.84
2024-04-01,NE,Prospect | Awareness,Awareness,45620,583,392.33
2024-04-08,CO,Prospecting | Destination,Destination,73597,1085,677.09
2024-04-08,CO,Prospect | Awareness,Awareness,60858,730,523.38
2024-04-08,UT,Prospecting | Destination,Destination,63225,913,581.67
2024-04-08,UT,Prospect | Awareness,Awareness,49390,563,424.76
2024-04-08,CA,Prospecting | Destination,Destination,65617,943,603.68
2024-04-08,CA,Prospect | Awareness,Awareness,52609,623,452.44
2024-04-08,NE,Prospecting | Destination,Destination,55162,738,507.49
2024-04-08,NE,Prospect | Awareness,Awareness,45449,540,390.86
2024-04-15,CO,Prospecting | Destination,Destination,73767,1099,678.65
2024-04-15,CO,Prospect | Awareness,Awareness,51094,616,439.41
2024-04-15,UT,Prospecting | Destination,Destination,64948,957,597.52
2024-04-15,UT,Prospect | Awareness,Awareness,49686,585,427.3
2024-04-15,CA,Prospecting | Destination,Destination,67002,884,616.42
2024-04-15,CA,Prospect | Awareness,Awareness,57232,692,492.19
2024-04-15,NE,Prospecting | Destination,Destination,47786,637,439.63
2024-04-15,NE,Prospect | Awareness,Awareness,38575,443,331.75
2024-04-22,CO,Prospecting | Destination,Destination,60723,818,558.66
2024-04-22,CO,Prospect | Awareness,Awareness,50097,604,430.83
2024-04-22,UT,Prospecting | Destination,Destination,68920,981,634.06
2024-04-22,UT,Prospect | Awareness,Awareness,46656,523,401.24
2024-04-22,CA,Prospecting | Destination,Destination,65373,856,601.43
2024-04-22,CA,Prospect | Awareness,Awareness,50851,604,437.32
2024-04-22,NE,Prospecting | Destination,Destination,46205,647,425.09
2024-04-22,NE,Prospect | Awareness,Awareness,38472,475,330.86
2024-04-29,CO,Prospecting | Destination,Destination,64986,849,597.87
2024-04-29,CO,Prospect | Awareness,Awareness,49507,625,425.76
2024-04-29,UT,Prospecting | Destination,Destination,55843,773,513.76
2024-04-29,UT,Prospect | Awareness,Awareness,48872,622,420.3
2024-04-29,CA,Prospecting | Destination,Destination,59260,869,545.19
2024-04-29,CA,Prospect | Awareness,Awareness,52083,638,447.91
2024-04-29,PN,Prospecting | Destination,Destination,48934,703,450.19
2024-04-29,PN,Prospect | Awareness,Awareness,44468,528,382.43
2024-04-29,NE,Prospecting | Destination,Destination,50643,717,465.92
2024-04-29,NE,Prospect | Awareness,Awareness,44195,531,380.08
2024-05-06,CO,Prospecting | Destination,Destination,73404,1062,675.31
2024-05-06,CO,Prospect | Awareness,Awareness,56262,677,483.85
2024-05-06,UT,Prospecting | Destination,Destination,66440,978,611.25
2024-05-06,UT,Prospect | Awareness,Awareness,44734,542,384.71
2024-05-06,CA,Prospecting | Destination,Destination,56747,840,522.07
2024-05-06,CA,Prospect | Awareness,Awareness,45932,552,395.01
2024-05-06,PN,Prospecting | Destination,Destination,61507,853,565.86
2024-05-06,PN,Prospect | Awareness,Awareness,45726,586,393.24
2024-05-06,NE,Prospecting | Destination,Destination,51703,715,475.67
2024-05-06,NE,Prospect | Awareness,Awareness,40846,483,351.27
2024-05-13,CO,Prospecting | Destination,Destination,56309,797,518.04
2024-05-13,CO,Prospect | Awareness,Awareness,49443,558,425.21
2024-05-13,UT,Prospecting | Destination,Destination,51452,699,473.36
2024-05-13,UT,Prospect | Awareness,Awareness,46721,556,401.8
2024-05-13,CA,Prospecting | Destination,Destination,54800,817,504.16
2024-05-13,CA,Prospect | Awareness,Awareness,44592,568,383.49
2024-05-13,PN,Prospecting | Destination,Destination,56865,755,523.16
2024-05-13,PN,Prospect | Awareness,Awareness,45383,516,390.3
2024-05-13,NE,Prospecting | Destination,Destination,48127,653,442.76
2024-05-13,NE,Prospect | Awareness,Awareness,42653,541,366.81
2024-05-20,CO,Prospecting | Destination,Destination,62220,899,572.43
2024-05-20,CO,Prospect | Awareness,Awareness,53429,669,459.49
2024-05-20,UT,Prospecting | Destination,Destination,57060,789,524.95
2024-05-20,UT,Prospect | Awareness,Awareness,48919,561,420.7
2024-05-20,CA,Prospecting | Destination,Destination,67601,981,621.93
2024-05-20,CA,Prospect | Awareness,Awareness,53051,637,456.24
2024-05-20,PN,Prospecting | Destination,Destination,47694,642,438.78
2024-05-20,PN,Prospect | Awareness,Awareness,45414,532,390.56
2024-05-20,NE,Prospecting | Destination,Destination,52814,774,485.89
2024-05-20,NE,Prospect | Awareness,Awareness,40872,491,351.5
2024-05-27,CO,Prospecting | Destination,Destination,71838,1054,660.91
2024-05-27,CO,Prospect | Awareness,Awareness,54595,672,469.51
2024-05-27,UT,Prospecting | Destination,Destination,57958,808,533.21
2024-05-27,UT,Prospect | Awareness,Awareness,48933,612,420.83
2024-05-27,CA,Prospecting | Destination,Destination,69325,991,637.79
2024-05-27,CA,Prospect | Awareness,Awareness,52635,646,452.66
2024-05-27,PN,Prospecting | Destination,Destination,53188,746,489.33
2024-05-27,PN,Prospect | Awareness,Awareness,43954,501,378.01
2024-05-27,NE,Prospecting | Destination,Destination,47535,654,437.32
2024-05-27,NE,Prospect | Awareness,Awareness,43893,537,377.48
2024-06-03,CO,Prospecting | Destination,Destination,58107,812,534.59
2024-06-03,CO,Prospect | Awareness,Awareness,50825,643,437.1
2024-06-03,UT,Prospecting | Destination,Destination,61217,801,563.19
2024-06-03,UT,Prospect | Awareness,Awareness,46816,599,402.62
2024-06-03,CA,Prospecting | Destination,Destination,60289,859,554.66
2024-06-03,CA,Prospect | Awareness,Awareness,40307,454,346.64
2024-06-03,PN,Prospecting | Destination,Destination,54812,750,504.27
2024-06-03,PN,Prospect | Awareness,Awareness,38663,483,332.5
2024-06-03,NE,Prospecting | Destination,Destination,41996,563,386.36
2024-06-03,NE,Prospect | Awareness,Awareness,38071,478,327.41
2024-06-10,CO,Prospecting | Destination,Destination,62744,870,577.25
2024-06-10,CO,Prospect | Awareness,Awareness,52767,596,453.79
2024-06-10,UT,Prospecting | Destination,Destination,57689,848,530.74
2024-06-10,UT,Prospect | Awareness,Awareness,37584,466,323.22
2024-06-10,CA,Prospecting | Destination,Destination,56350,778,518.42
2024-06-10,CA,Prospect | Awareness,Awareness,46302,525,398.2
2024-06-10,PN,Prospecting | Destination,Destination,44434,650,408.8
2024-06-10,PN,Prospect | Awareness,Awareness,35415,415,304.57
2024-06-10,NE,Prospecting | Destination,Destination,49699,697,457.23
2024-06-10,NE,Prospect | Awareness,Awareness,33893,415,291.48
2024-06-17,CO,Prospecting | Destination,Destination,66757,1000,614.16
2024-06-17,CO,Prospect | Awareness,Awareness,64083,755,551.11
2024-06-17,UT,Prospecting | Destination,Destination,60099,836,552.91
2024-06-17,UT,Prospect | Awareness,Awareness,49766,624,427.99
2024-06-17,CA,Prospecting | Destination,Destination,72494,996,666.94
2024-06-17,CA,Prospect | Awareness,Awareness,56828,693,488.72
2024-06-17,PN,Prospecting | Destination,Destination,60217,836,553.99
2024-06-17,PN,Prospect | Awareness,Awareness,42777,523,367.88
2024-06-17,NE,Prospecting | Destination,Destination,47660,623,438.47
2024-06-17,NE,Prospect | Awareness,Awareness,43975,496,378.19
2024-06-24,CO,Prospecting | Destination,Destination,57942,862,533.07
2024-06-24,CO,Prospect | Awareness,Awareness,41745,499,359.0
2024-06-24,UT,Prospecting | Destination,Destination,56769,822,522.27
2024-06-24,UT,Prospect | Awareness,Awareness,40614,489,349.28
2024-06-24,CA,Prospecting | Destination,Destination,52635,776,484.24
2024-06-24,CA,Prospect | Awareness,Awareness,47618,552,409.52
2024-06-24,PN,Prospecting | Destination,Destination,44639,586,410.68
2024-06-24,PN,Prospect | Awareness,Awareness,33689,404,289.72
2024-06-24,NE,Prospecting | Destination,Destination,45862,670,421.93
2024-06-24,NE,Prospect | Awareness,Awareness,35144,436,302.24
2024-07-01,CO,Prospecting | Destination,Destination,56266,791,517.65
2024-07-01,CO,Prospect | Awareness,Awareness,51086,584,439.34
2024-07-01,UT,Prospecting | Destination,Destination,43628,631,401.38
2024-07-01,UT,Prospect | Awareness,Awareness,41050,525,353.03
2024-07-01,CA,Prospecting | Destination,Destination,55528,806,510.86
2024-07-01,CA,Prospect | Awareness,Awareness,46837,557,402.8
2024-07-01,PN,Prospecting | Destination,Destination,48275,673,444.13
2024-07-01,PN,Prospect | Awareness,Awareness,39293,443,337.92
2024-07-01,NE,Prospecting | Destination,Destination,37541,557,345.37
2024-07-01,NE,Prospect | Awareness,Awareness,37469,452,322.23
2024-07-08,CO,Prospecting | Destination,Destination,56058,828,515.74
2024-07-08,CO,Prospect | Awareness,Awareness,47641,609,409.72
2024-07-08,UT,Prospecting | Destination,Destination,43493,613,400.13
2024-07-08,UT,Prospect | Awareness,Awareness,34295,406,294.94
2024-07-08,CA,Prospecting | Destination,Destination,52603,746,483.94
2024-07-08,CA,Prospect | Awareness,Awareness,39808,475,342.35
2024-07-08,PN,Prospecting | Destination,Destination,40025,551,368.23
2024-07-08,PN,Prospect | Awareness,Awareness,34570,397,297.3
2024-07-08,NE,Prospecting | Destination,Destination,44032,599,405.09
2024-07-08,NE,Prospect | Awareness,Awareness,30007,373,258.06
2024-07-15,CO,Prospecting | Destination,Destination,55129,761,507.19
2024-07-15,CO,Prospect | Awareness,Awareness,37925,457,326.16
2024-07-15,UT,Prospecting | Destination,Destination,46652,619,429.19
2024-07-15,UT,Prospect | Awareness,Awareness,37139,415,319.39
2024-07-15,CA,Prospecting | Destination,Destination,50220,717,462.02
2024-07-15,CA,Prospect | Awareness,Awareness,41789,529,359.39
2024-07-15,PN,Prospecting | Destination,Destination,42552,563,391.48
2024-07-15,PN,Prospect | Awareness,Awareness,38598,456,331.94
2024-07-15,NE,Prospecting | Destination,Destination,44988,666,413.89
2024-07-15,NE,Prospect | Awareness,Awareness,30773,365,264.64
2024-07-22,CO,Prospecting | Destination,Destination,54636,813,502.65
2024-07-22,CO,Prospect | Awareness,Awareness,41982,477,361.04
2024-07-22,UT,Prospecting | Destination,Destination,53401,779,491.29
2024-07-22,UT,Prospect | Awareness,Awareness,41582,487,357.6
2024-07-22,CA,Prospecting | Destination,Destination,44894,641,413.03
2024-07-22,CA,Prospect | Awareness,Awareness,43604,492,374.99
2024-07-22,PN,Prospecting | Destination,Destination,47860,678,440.31
2024-07-22,PN,Prospect | Awareness,Awareness,35104,441,301.89
2024-07-22,NE,Prospecting | Destination,Destination,37434,530,344.39
2024-07-22,NE,Prospect | Awareness,Awareness,27516,337,236.64
2024-07-29,CO,Prospecting | Destination,Destination,54888,798,504.97
2024-07-29,CO,Prospect | Awareness,Awareness,47837,550,411.4
2024-07-29,UT,Prospecting | Destination,Destination,45526,640,418.84
2024-07-29,UT,Prospect | Awareness,Awareness,32634,409,280.65
2024-07-29,CA,Prospecting | Destination,Destination,43853,583,403.45
2024-07-29,CA,Prospect | Awareness,Awareness,43610,491,375.05
2024-07-29,PN,Prospecting | Destination,Destination,48307,641,444.42
2024-07-29,PN,Prospect | Awareness,Awareness,38643,436,332.33
2024-07-29,NE,Prospecting | Destination,Destination,34602,513,318.34
2024-07-29,NE,Prospect | Awareness,Awareness,32143,396,276.43
2024-08-05,CO,Prospecting | Destination,Destination,46411,618,426.98
2024-08-05,CO,Prospect | Awareness,Awareness,37678,437,324.03
2024-08-05,UT,Prospecting | Destination,Destination,41026,569,377.44
2024-08-05,UT,Prospect | Awareness,Awareness,37203,456,319.95
2024-08-05,CA,Prospecting | Destination,Destination,56467,796,519.5
2024-08-05,CA,Prospect | Awareness,Awareness,36265,437,311.88
2024-08-05,PN,Prospecting | Destination,Destination,38164,523,351.11
2024-08-05,PN,Prospect | Awareness,Awareness,39394,456,338.78
2024-08-05,NE,Prospecting | Destination,Destination,34487,482,317.28
2024-08-05,NE,Prospect | Awareness,Awareness,28412,334,244.35
2024-08-12,CO,Prospecting | Destination,Destination,56015,759,515.34
2024-08-12,CO,Prospect | Awareness,Awareness,41136,461,353.77
2024-08-12,UT,Prospecting | Destination,Destination,50100,745,460.92
2024-08-12,UT,Prospect | Awareness,Awareness,39317,482,338.12
2024-08-12,CA,Prospecting | Destination,Destination,42919,593,394.85
2024-08-12,CA,Prospect | Awareness,Awareness,35212,396,302.82
2024-08-12,PN,Prospecting | Destination,Destination,41105,559,378.17
2024-08-12,PN,Prospect | Awareness,Awareness,37685,455,324.09
2024-08-12,NE,Prospecting | Destination,Destination,37757,532,347.37
2024-08-12,NE,Prospect | Awareness,Awareness,27727,329,238.45
2024-08-19,CO,Prospecting | Destination,Destination,55759,775,512.98
2024-08-19,CO,Prospect | Awareness,Awareness,37126,432,319.28
2024-08-19,UT,Prospecting | Destination,Destination,40294,562,370.71
2024-08-19,UT,Prospect | Awareness,Awareness,35580,432,305.99
2024-08-19,CA,Prospecting | Destination,Destination,50776,690,467.14
2024-08-19,CA,Prospect | Awareness,Awareness,38719,442,332.98
2024-08-19,PN,Prospecting | Destination,Destination,37238,549,342.59
2024-08-19,PN,Prospect | Awareness,Awareness,31290,367,269.09
2024-08-19,NE,Prospecting | Destination,Destination,38149,522,350.97
2024-08-19,NE,Prospect | Awareness,Awareness,31750,380,273.05
2024-08-26,CO,Prospecting | Destination,Destination,62902,859,578.7
2024-08-26,CO,Prospect | Awareness,Awareness,49723,574,427.61
2024-08-26,UT,Prospecting | Destination,Destination,57583,762,529.76
2024-08-26,UT,Prospect | Awareness,Awareness,48974,561,421.17
2024-08-26,CA,Prospecting | Destination,Destination,57709,796,530.92
2024-08-26,CA,Prospect | Awareness,Awareness,55014,633,473.12
2024-08-26,PN,Prospecting | Destination,Destination,48816,684,449.11
2024-08-26,PN,Prospect | Awareness,Awareness,43770,541,376.42
2024-08-26,NE,Prospecting | Destination,Destination,44483,584,409.25
2024-08-26,NE,Prospect | Awareness,Awareness,35959,403,309.25
2024-09-02,CO,Prospecting | Destination,Destination,59915,785,551.22
2024-09-02,CO,Prospect | Awareness,Awareness,46835,598,402.78
2024-09-02,UT,Prospecting | Destination,Destination,42231,553,388.52
2024-09-02,UT,Prospect | Awareness,Awareness,37605,451,323.41
2024-09-02,CA,Prospecting | Destination,Destination,46378,651,426.68
2024-09-02,CA,Prospect | Awareness,Awareness,46137,583,396.78
2024-09-02,PN,Prospecting | Destination,Destination,46015,605,423.34
2024-09-02,PN,Prospect | Awareness,Awareness,39560,454,340.21
2024-09-02,NE,Prospecting | Destination,Destination,46051,604,423.67
2024-09-02,NE,Prospect | Awareness,Awareness,30926,349,265.96
2024-09-09,CO,Prospecting | Destination,Destination,44829,607,412.43
2024-09-09,CO,Prospect | Awareness,Awareness,44560,535,383.22
2024-09-09,UT,Prospecting | Destination,Destination,50735,682,466.76
2024-09-09,UT,Prospect | Awareness,Awareness,41353,510,355.63
2024-09-09,CA,Prospecting | Destination,Destination,45794,666,421.3
2024-09-09,CA,Prospect | Awareness,Awareness,43974,546,378.17
2024-09-09,PN,Prospecting | Destination,Destination,42753,631,393.33
2024-09-09,PN,Prospect | Awareness,Awareness,38432,470,330.52
2024-09-09,NE,Prospecting | Destination,Destination,35975,525,330.97
2024-09-09,NE,Prospect | Awareness,Awareness,27906,357,239.99
2024-09-16,CO,Prospecting | Destination,Destination,46570,695,428.45
2024-09-16,CO,Prospect | Awareness,Awareness,41629,488,358.01
2024-09-16,UT,Prospecting | Destination,Destination,44753,605,411.72
2024-09-16,UT,Prospect | Awareness,Awareness,38553,483,331.56
2024-09-16,CA,Prospecting | Destination,Destination,46135,687,424.44
2024-09-16,CA,Prospect | Awareness,Awareness,40303,457,346.6
2024-09-16,PN,Prospecting | Destination,Destination,47650,642,438.38
2024-09-16,PN,Prospect | Awareness,Awareness,31349,368,269.6
2024-09-16,NE,Prospecting | Destination,Destination,38126,515,350.76
2024-09-16,NE,Prospect | Awareness,Awareness,33453,399,287.69
2024-09-23,CO,Prospecting | Destination,Destination,50248,713,462.28
2024-09-23,CO,Prospect | Awareness,Awareness,42691,515,367.15
2024-09-23,UT,Prospecting | Destination,Destination,47361,618,435.72
2024-09-23,UT,Prospect | Awareness,Awareness,34397,432,295.81
2024-09-23,CA,Prospecting | Destination,Destination,53394,732,491.23
2024-09-23,CA,Prospect | Awareness,Awareness,44887,509,386.03
2024-09-23,PN,Prospecting | Destination,Destination,48423,673,445.49
2024-09-23,PN,Prospect | Awareness,Awareness,38586,449,331.84
2024-09-23,NE,Prospecting | Destination,Destination,40822,546,375.56
2024-09-23,NE,Prospect | Awareness,Awareness,26748,335,230.03
2024-09-30,CO,Prospecting | Destination,Destination,58716,868,540.18
2024-09-30,CO,Prospect | Awareness,Awareness,45263,513,389.26
2024-09-30,UT,Prospecting | Destination,Destination,43492,634,400.13
2024-09-30,UT,Prospect | Awareness,Awareness,32678,390,281.03
2024-09-30,CA,Prospecting | Destination,Destination,44891,596,412.99
2024-09-30,CA,Prospect | Awareness,Awareness,38047,481,327.2
2024-09-30,PN,Prospecting | Destination,Destination,41803,616,384.59
2024-09-30,PN,Prospect | Awareness,Awareness,38442,493,330.6
2024-09-30,NE,Prospecting | Destination,Destination,35793,526,329.29
2024-09-30,NE,Prospect | Awareness,Awareness,35216,399,302.86
2024-10-07,CO,Prospecting | Destination,Destination,59207,794,544.7
2024-10-07,CO,Prospect | Awareness,Awareness,39231,455,337.39
2024-10-07,UT,Prospecting | Destination,Destination,44226,605,406.88
2024-10-07,UT,Prospect | Awareness,Awareness,39994,454,343.95
2024-10-07,CA,Prospecting | Destination,Destination,50946,691,468.71
2024-10-07,CA,Prospect | Awareness,Awareness,38110,451,327.75
2024-10-07,PN,Prospecting | Destination,Destination,41209,583,379.13
2024-10-07,PN,Prospect | Awareness,Awareness,37929,441,326.19
2024-10-07,NE,Prospecting | Destination,Destination,34823,483,320.37
2024-10-07,NE,Prospect | Awareness,Awareness,30510,387,262.39
2024-10-14,CO,Prospecting | Destination,Destination,60201,828,553.85
2024-10-14,CO,Prospect | Awareness,Awareness,40015,496,344.13
2024-10-14,UT,Prospecting | Destination,Destination,42859,562,394.3
2024-10-14,UT,Prospect | Awareness,Awareness,42596,485,366.33
2024-10-14,CA,Prospecting | Destination,Destination,46193,664,424.97
2024-10-14,CA,Prospect | Awareness,Awareness,39710,471,341.51
2024-10-14,PN,Prospecting | Destination,Destination,43386,601,399.15
2024-10-14,PN,Prospect | Awareness,Awareness,33211,397,285.61
2024-10-14,NE,Prospecting | Destination,Destination,39413,563,362.6
2024-10-14,NE,Prospect | Awareness,Awareness,32490,393,279.41
2024-10-21,CO,Prospecting | Destination,Destination,61883,913,569.32
2024-10-21,CO,Prospect | Awareness,Awareness,49628,591,426.8
2024-10-21,UT,Prospecting | Destination,Destination,43809,574,403.04
2024-10-21,UT,Prospect | Awareness,Awareness,35990,434,309.51
2024-10-21,CA,Prospecting | Destination,Destination,58472,811,537.95
2024-10-21,CA,Prospect | Awareness,Awareness,38077,466,327.46
2024-10-21,PN,Prospecting | Destination,Destination,39851,523,366.63
2024-10-21,PN,Prospect | Awareness,Awareness,34362,392,295.51
2024-10-21,NE,Prospecting | Destination,Destination,42286,557,389.03
2024-10-21,NE,Prospect | Awareness,Awareness,34411,410,295.93
2024-10-28,CO,Prospecting | Destination,Destination,57899,815,532.67
2024-10-28,CO,Prospect | Awareness,Awareness,46862,586,403.02
2024-10-28,UT,Prospecting | Destination,Destination,55160,718,507.47
2024-10-28,UT,Prospect | Awareness,Awareness,37827,455,325.31
2024-10-28,CA,Prospecting | Destination,Destination,55849,740,513.81
2024-10-28,CA,Prospect | Awareness,Awareness,45427,540,390.68
2024-10-28,PN,Prospecting | Destination,Destination,51442,708,473.27
2024-10-28,PN,Prospect | Awareness,Awareness,37009,449,318.28
2024-10-28,NE,Prospecting | Destination,Destination,44975,609,413.77
2024-10-28,NE,Prospect | Awareness,Awareness,30014,382,258.12
2024-11-04,CO,Prospecting | Destination,Destination,57574,857,529.68
2024-11-04,CO,Prospect | Awareness,Awareness,43013,527,369.91
2024-11-04,UT,Prospecting | Destination,Destination,56392,786,518.81
2024-11-04,UT,Prospect | Awareness,Awareness,43935,494,377.84
2024-11-04,CA,Prospecting | Destination,Destination,48943,674,450.28
2024-11-04,CA,Prospect | Awareness,Awareness,46070,538,396.2
2024-11-04,PN,Prospecting | Destination,Destination,41041,592,377.58
2024-11-04,PN,Prospect | Awareness,Awareness,41592,486,357.7
2024-11-04,NE,Prospecting | Destination,Destination,41354,614,380.45
2024-11-04,NE,Prospect | Awareness,Awareness,36740,421,315.96
2024-11-11,CO,Prospecting | Destination,Destination,61111,821,562.22
2024-11-11,CO,Prospect | Awareness,Awareness,40592,469,349.09
2024-11-11,UT,Prospecting | Destination,Destination,55559,822,511.15
2024-11-11,UT,Prospect | Awareness,Awareness,44578,510,383.37
2024-11-11,CA,Prospecting | Destination,Destination,49790,718,458.07
2024-11-11,CA,Prospect | Awareness,Awareness,47522,584,408.69
2024-11-11,PN,Prospecting | Destination,Destination,45982,686,423.03
2024-11-11,PN,Prospect | Awareness,Awareness,33514,410,288.22
2024-11-11,NE,Prospecting | Destination,Destination,39389,571,362.38
2024-11-11,NE,Prospect | Awareness,Awareness,31760,383,273.13
2024-11-18,CO,Prospecting | Destination,Destination,89307,1221,821.62
2024-11-18,CO,Prospect | Awareness,Awareness,59807,767,514.34
2024-11-18,UT,Prospecting | Destination,Destination,65730,899,604.72
2024-11-18,UT,Prospect | Awareness,Awareness,65849,804,566.3
2024-11-18,CA,Prospecting | Destination,Destination,77388,1101,711.97
2024-11-18,CA,Prospect | Awareness,Awareness,63096,796,542.63
2024-11-18,PN,Prospecting | Destination,Destination,71234,973,655.35
2024-11-18,PN,Prospect | Awareness,Awareness,47349,543,407.2
2024-11-18,NE,Prospecting | Destination,Destination,69384,945,638.33
2024-11-18,NE,Prospect | Awareness,Awareness,50694,612,435.97
2024-11-25,CO,Prospecting | Destination,Destination,58147,818,534.95
2024-11-25,CO,Prospect | Awareness,Awareness,53864,644,463.23
2024-11-25,UT,Prospecting | Destination,Destination,52888,691,486.57
2024-11-25,UT,Prospect | Awareness,Awareness,42175,518,362.7
2024-11-25,CA,Prospecting | Destination,Destination,60980,893,561.01
2024-11-25,CA,Prospect | Awareness,Awareness,43392,550,373.17
2024-11-25,PN,Prospecting | Destination,Destination,59360,790,546.11
2024-11-25,PN,Prospect | Awareness,Awareness,44046,498,378.79
2024-11-25,NE,Prospecting | Destination,Destination,44945,608,413.49
2024-11-25,NE,Prospect | Awareness,Awareness,37680,436,324.05
2024-12-02,CO,Prospecting | Destination,Destination,68535,960,630.52
2024-12-02,CO,Prospect | Awareness,Awareness,43558,544,374.6
2024-12-02,UT,Prospecting | Destination,Destination,47754,658,439.34
2024-12-02,UT,Prospect | Awareness,Awareness,38568,456,331.68
2024-12-02,CA,Prospecting | Destination,Destination,62153,835,571.81
2024-12-02,CA,Prospect | Awareness,Awareness,52817,646,454.23
2024-12-02,PN,Prospecting | Destination,Destination,54099,747,497.71
2024-12-02,PN,Prospect | Awareness,Awareness,43369,539,372.98
2024-12-02,NE,Prospecting | Destination,Destination,51947,718,477.91
2024-12-02,NE,Prospect | Awareness,Awareness,37835,423,325.38
2024-12-09,CO,Prospecting | Destination,Destination,55415,807,509.82
2024-12-09,CO,Prospect | Awareness,Awareness,44781,524,385.11
2024-12-09,UT,Prospecting | Destination,Destination,49246,721,453.06
2024-12-09,UT,Prospect | Awareness,Awareness,43404,531,373.27
2024-12-09,CA,Prospecting | Destination,Destination,67894,921,624.63
2024-12-09,CA,Prospect | Awareness,Awareness,53453,637,459.69
2024-12-09,PN,Prospecting | Destination,Destination,56665,776,521.31
2024-12-09,PN,Prospect | Awareness,Awareness,38910,485,334.62
2024-12-09,NE,Prospecting | Destination,Destination,48341,705,444.74
2024-12-09,NE,Prospect | Awareness,Awareness,36865,421,317.04
2024-12-16,CO,Prospecting | Destination,Destination,74738,1102,687.59
2024-12-16,CO,Prospect | Awareness,Awareness,58624,669,504.17
2024-12-16,UT,Prospecting | Destination,Destination,80575,1164,741.29
2024-12-16,UT,Prospect | Awareness,Awareness,64950,747,558.57
2024-12-16,CA,Prospecting | Destination,Destination,67297,986,619.13
2024-12-16,CA,Prospect | Awareness,Awareness,65409,773,562.52
2024-12-16,PN,Prospecting | Destination,Destination,74560,1073,685.96
2024-12-16,PN,Prospect | Awareness,Awareness,59979,769,515.82
2024-12-16,NE,Prospecting | Destination,Destination,58036,778,533.93
2024-12-16,NE,Prospect | Awareness,Awareness,45907,553,394.8
2024-12-23,CO,Prospecting | Destination,Destination,64320,900,591.74
2024-12-23,CO,Prospect | Awareness,Awareness,60249,772,518.14
2024-12-23,UT,Prospecting | Destination,Destination,61616,884,566.87
2024-12-23,UT,Prospect | Awareness,Awareness,44450,557,382.27
2024-12-23,CA,Prospecting | Destination,Destination,63702,916,586.06
2024-12-23,CA,Prospect | Awareness,Awareness,54075,642,465.04
2024-12-23,PN,Prospecting | Destination,Destination,55545,778,511.01
2024-12-23,PN,Prospect | Awareness,Awareness,41309,519,355.26
2024-12-23,NE,Prospecting | Destination,Destination,45543,593,418.99
2024-12-23,NE,Prospect | Awareness,Awareness,46029,542,395.85
2024-12-30,CO,Prospecting | Destination,Destination,91401,1345,840.89
2024-12-30,CO,Prospect | Awareness,Awareness,71432,835,614.31
2024-12-30,UT,Prospecting | Destination,Destination,81150,1177,746.58
2024-12-30,UT,Prospect | Awareness,Awareness,57732,708,496.5
2024-12-30,CA,Prospecting | Destination,Destination,82821,1240,761.96
2024-12-30,CA,Prospect | Awareness,Awareness,67872,868,583.7
2024-12-30,PN,Prospecting | Destination,Destination,67519,973,621.17
2024-12-30,PN,Prospect | Awareness,Awareness,63525,775,546.31
2024-12-30,NE,Prospecting | Destination,Destination,59527,833,547.65
2024-12-30,NE,Prospect | Awareness,Awareness,52880,643,454.76
2025-01-06,CO,Prospecting | Destination,Destination,72180,1045,664.05
2025-01-06,CO,Prospect | Awareness,Awareness,50018,572,430.16
2025-01-06,UT,Prospecting | Destination,Destination,59750,827,549.7
2025-01-06,UT,Prospect | Awareness,Awareness,51055,654,439.07
2025-01-06,CA,Prospecting | Destination,Destination,67787,978,623.64
2025-01-06,CA,Prospect | Awareness,Awareness,54855,696,471.75
2025-01-06,PN,Prospecting | Destination,Destination,62991,865,579.52
2025-01-06,PN,Prospect | Awareness,Awareness,43210,546,371.61
2025-01-06,NE,Prospecting | Destination,Destination,51377,699,472.67
2025-01-06,NE,Prospect | Awareness,Awareness,41515,468,357.03
2025-01-13,CO,Prospecting | Destination,Destination,59545,799,547.81
2025-01-13,CO,Prospect | Awareness,Awareness,53919,661,463.71
2025-01-13,UT,Prospecting | Destination,Destination,69193,974,636.58
2025-01-13,UT,Prospect | Awareness,Awareness,51806,617,445.53
2025-01-13,CA,Prospecting | Destination,Destination,73399,1000,675.27
2025-01-13,CA,Prospect | Awareness,Awareness,51818,589,445.63
2025-01-13,PN,Prospecting | Destination,Destination,57916,853,532.83
2025-01-13,PN,Prospect | Awareness,Awareness,43463,534,373.78
2025-01-13,NE,Prospecting | Destination,Destination,57569,769,529.64
2025-01-13,NE,Prospect | Awareness,Awareness,42455,499,365.11
2025-01-20,CO,Prospecting | Destination,Destination,77688,1067,714.73
2025-01-20,CO,Prospect | Awareness,Awareness,56912,730,489.44
2025-01-20,UT,Prospecting | Destination,Destination,57055,850,524.91
2025-01-20,UT,Prospect | Awareness,Awareness,54771,666,471.03
2025-01-20,CA,Prospecting | Destination,Destination,71985,977,662.26
2025-01-20,CA,Prospect | Awareness,Awareness,51888,624,446.23
2025-01-20,PN,Prospecting | Destination,Destination,54931,792,505.36
2025-01-20,PN,Prospect | Awareness,Awareness,46211,577,397.41
2025-01-20,NE,Prospecting | Destination,Destination,55185,728,507.7
2025-01-20,NE,Prospect | Awareness,Awareness,47049,579,404.62
2025-01-27,CO,Prospecting | Destination,Destination,71400,992,656.88
2025-01-27,CO,Prospect | Awareness,Awareness,49851,566,428.72
2025-01-27,UT,Prospecting | Destination,Destination,71963,940,662.06
2025-01-27,UT,Prospect | Awareness,Awareness,57457,671,494.13
2025-01-27,CA,Prospecting | Destination,Destination,67591,910,621.84
2025-01-27,CA,Prospect | Awareness,Awareness,46964,573,403.89
2025-01-27,PN,Prospecting | Destination,Destination,51807,739,476.62
2025-01-27,PN,Prospect | Awareness,Awareness,40981,507,352.43
2025-01-27,NE,Prospecting | Destination,Destination,60086,886,552.79
2025-01-27,NE,Prospect | Awareness,Awareness,43952,534,377.99
2025-02-03,CO,Prospecting | Destination,Destination,71495,997,657.75
2025-02-03,CO,Prospect | Awareness,Awareness,52305,589,449.82
2025-02-03,UT,Prospecting | Destination,Destination,57504,860,529.04
2025-02-03,UT,Prospect | Awareness,Awareness,45815,553,394.01
2025-02-03,CA,Prospecting | Destination,Destination,71203,981,655.07
2025-02-03,CA,Prospect | Awareness,Awareness,57396,731,493.61
2025-02-03,PN,Prospecting | Destination,Destination,55028,777,506.25
2025-02-03,PN,Prospect | Awareness,Awareness,43224,506,371.72
2025-02-03,NE,Prospecting | Destination,Destination,55830,780,513.64
2025-02-03,NE,Prospect | Awareness,Awareness,42479,501,365.32
2025-02-10,CO,Prospecting | Destination,Destination,72346,1056,665.58
2025-02-10,CO,Prospect | Awareness,Awareness,52473,658,451.27
2025-02-10,UT,Prospecting | Destination,Destination,62236,929,572.57
2025-02-10,UT,Prospect | Awareness,Awareness,51615,600,443.89
2025-02-10,CA,Prospecting | Destination,Destination,67058,911,616.93
2025-02-10,CA,Prospect | Awareness,Awareness,54482,686,468.55
2025-02-10,PN,Prospecting | Destination,Destination,52247,715,480.68
2025-02-10,PN,Prospect | Awareness,Awareness,45354,521,390.05
2025-02-10,NE,Prospecting | Destination,Destination,58057,775,534.13
2025-02-10,NE,Prospect | Awareness,Awareness,46143,568,396.83
2025-02-17,CO,Prospecting | Destination,Destination,85084,1234,782.77
2025-02-17,CO,Prospect | Awareness,Awareness,75185,848,646.59
2025-02-17,UT,Prospecting | Destination,Destination,77044,1034,708.8
2025-02-17,UT,Prospect | Awareness,Awareness,76608,885,658.82
2025-02-17,CA,Prospecting | Destination,Destination,97660,1293,898.48
2025-02-17,CA,Prospect | Awareness,Awareness,78032,985,671.08
2025-02-17,PN,Prospecting | Destination,Destination,91699,1257,843.63
2025-02-17,PN,Prospect | Awareness,Awareness,73015,878,627.93
2025-02-17,NE,Prospecting | Destination,Destination,63524,852,584.43
2025-02-17,NE,Prospect | Awareness,Awareness,54143,652,465.63
2025-02-24,CO,Prospecting | Destination,Destination,78155,1035,719.03
2025-02-24,CO,Prospect | Awareness,Awareness,56590,712,486.68
2025-02-24,UT,Prospecting | Destination,Destination,64260,896,591.19
2025-02-24,UT,Prospect | Awareness,Awareness,51768,592,445.2
2025-02-24,CA,Prospecting | Destination,Destination,75503,1110,694.63
2025-02-24,CA,Prospect | Awareness,Awareness,59422,713,511.03
2025-02-24,PN,Prospecting | Destination,Destination,63152,896,581.0
2025-02-24,PN,Prospect | Awareness,Awareness,41249,514,354.74
2025-02-24,NE,Prospecting | Destination,Destination,46884,660,431.34
2025-02-24,NE,Prospect | Awareness,Awareness,37956,458,326.42
2025-03-03,CO,Prospecting | Destination,Destination,82084,1076,755.17
2025-03-03,CO,Prospect | Awareness,Awareness,60958,754,524.24
2025-03-03,UT,Prospecting | Destination,Destination,60457,857,556.2
2025-03-03,UT,Prospect | Awareness,Awareness,50085,642,430.73
2025-03-03,CA,Prospecting | Destination,Destination,70803,969,651.38
2025-03-03,CA,Prospect | Awareness,Awareness,51532,654,443.17
2025-03-03,PN,Prospecting | Destination,Destination,62209,899,572.32
2025-03-03,PN,Prospect | Awareness,Awareness,52061,662,447.72
2025-03-03,NE,Prospecting | Destination,Destination,47548,661,437.44
2025-03-03,NE,Prospect | Awareness,Awareness,42061,536,361.72
2025-03-10,CO,Prospecting | Destination,Destination,74997,1033,689.98
2025-03-10,CO,Prospect | Awareness,Awareness,62961,716,541.47
2025-03-10,UT,Prospecting | Destination,Destination,63888,918,587.77
2025-03-10,UT,Prospect | Awareness,Awareness,58755,663,505.29
2025-03-10,CA,Prospecting | Destination,Destination,68768,993,632.67
2025-03-10,CA,Prospect | Awareness,Awareness,60205,717,517.76
2025-03-10,PN,Prospecting | Destination,Destination,63072,887,580.26
2025-03-10,PN,Prospect | Awareness,Awareness,48934,599,420.84
2025-03-10,NE,Prospecting | Destination,Destination,58407,806,537.34
2025-03-10,NE,Prospect | Awareness,Awareness,44502,512,382.72
2025-03-17,CO,Prospecting | Destination,Destination,68014,948,625.73
2025-03-17,CO,Prospect | Awareness,Awareness,64403,813,553.86
2025-03-17,UT,Prospecting | Destination,Destination,65543,855,602.99
2025-03-17,UT,Prospect | Awareness,Awareness,50221,604,431.9
2025-03-17,CA,Prospecting | Destination,Destination,71939,1035,661.84
2025-03-17,CA,Prospect | Awareness,Awareness,52325,589,450.0
2025-03-17,PN,Prospecting | Destination,Destination,58751,870,540.51
2025-03-17,PN,Prospect | Awareness,Awareness,48311,582,415.47
2025-03-17,NE,Prospecting | Destination,Destination,51462,770,473.45
2025-03-17,NE,Prospect | Awareness,Awareness,43537,515,374.42
2025-03-24,CO,Prospecting | Destination,Destination,62399,877,574.07
2025-03-24,CO,Prospect | Awareness,Awareness,51952,655,446.79
2025-03-24,UT,Prospecting | Destination,Destination,64347,851,591.99
2025-03-24,UT,Prospect | Awareness,Awareness,54731,630,470.69
2025-03-24,CA,Prospecting | Destination,Destination,66500,917,611.8
2025-03-24,CA,Prospect | Awareness,Awareness,55509,693,477.38
2025-03-24,PN,Prospecting | Destination,Destination,67536,941,621.33
2025-03-24,PN,Prospect | Awareness,Awareness,47761,567,410.75
2025-03-24,NE,Prospecting | Destination,Destination,48766,698,448.65
2025-03-24,NE,Prospect | Awareness,Awareness,39733,510,341.71
2025-03-31,CO,Prospecting | Destination,Destination,76500,1084,703.8
2025-03-31,CO,Prospect | Awareness,Awareness,54090,614,465.17
2025-03-31,UT,Prospecting | Destination,Destination,71618,1031,658.89
2025-03-31,UT,Prospect | Awareness,Awareness,51215,644,440.45
2025-03-31,CA,Prospecting | Destination,Destination,72301,1079,665.17
2025-03-31,CA,Prospect | Awareness,Awareness,49952,609,429.58
2025-03-31,PN,Prospecting | Destination,Destination,63786,914,586.83
2025-03-31,PN,Prospect | Awareness,Awareness,41829,483,359.73
2025-03-31,NE,Prospecting | Destination,Destination,56898,833,523.46
2025-03-31,NE,Prospect | Awareness,Awareness,47251,583,406.36
2025-04-07,CO,Prospecting | Destination,Destination,74467,1040,685.1
2025-04-07,CO,Prospect | Awareness,Awareness,52422,632,450.83
2025-04-07,UT,Prospecting | Destination,Destination,67856,923,624.27
2025-04-07,UT,Prospect | Awareness,Awareness,48449,618,416.66
2025-04-07,CA,Prospecting | Destination,Destination,71324,1017,656.18
2025-04-07,CA,Prospect | Awareness,Awareness,50268,562,432.3
2025-04-07,PN,Prospecting | Destination,Destination,61752,862,568.12
2025-04-07,PN,Prospect | Awareness,Awareness,51727,607,444.85
2025-04-07,NE,Prospecting | Destination,Destination,46123,617,424.33
2025-04-07,NE,Prospect | Awareness,Awareness,44716,540,384.56
2025-04-14,CO,Prospecting | Destination,Destination,67219,968,618.41
2025-04-14,CO,Prospect | Awareness,Awareness,55016,678,473.14
2025-04-14,UT,Prospecting | Destination,Destination,65272,888,600.51
2025-04-14,UT,Prospect | Awareness,Awareness,53869,671,463.27
2025-04-14,CA,Prospecting | Destination,Destination,68543,991,630.59
2025-04-14,CA,Prospect | Awareness,Awareness,52518,637,451.65
2025-04-14,PN,Prospecting | Destination,Destination,66334,968,610.27
2025-04-14,PN,Prospect | Awareness,Awareness,50824,617,437.09
2025-04-14,NE,Prospecting | Destination,Destination,57300,838,527.16
2025-04-14,NE,Prospect | Awareness,Awareness,42051,472,361.64
2025-04-21,CO,Prospecting | Destination,Destination,66286,949,609.83
2025-04-21,CO,Prospect | Awareness,Awareness,51224,597,440.53
2025-04-21,UT,Prospecting | Destination,Destination,69561,932,639.96
2025-04-21,UT,Prospect | Awareness,Awareness,44688,520,384.32
2025-04-21,CA,Prospecting | Destination,Destination,68523,901,630.41
2025-04-21,CA,Prospect | Awareness,Awareness,46572,592,400.52
2025-04-21,PN,Prospecting | Destination,Destination,55986,816,515.07
2025-04-21,PN,Prospect | Awareness,Awareness,46646,543,401.15
2025-04-21,NE,Prospecting | Destination,Destination,54500,713,501.4
2025-04-21,NE,Prospect | Awareness,Awareness,42754,542,367.68
2025-04-28,CO,Prospecting | Destination,Destination,68983,913,634.64
2025-04-28,CO,Prospect | Awareness,Awareness,61093,710,525.4
2025-04-28,UT,Prospecting | Destination,Destination,57879,774,532.48
2025-04-28,UT,Prospect | Awareness,Awareness,54634,620,469.85
2025-04-28,CA,Prospecting | Destination,Destination,68967,911,634.5
2025-04-28,CA,Prospect | Awareness,Awareness,56011,659,481.69
2025-04-28,PN,Prospecting | Destination,Destination,53458,800,491.81
2025-04-28,PN,Prospect | Awareness,Awareness,48895,573,420.49
2025-04-28,NE,Prospecting | Destination,Destination,50114,708,461.05
2025-04-28,NE,Prospect | Awareness,Awareness,37107,418,319.12
2025-05-05,CO,Prospecting | Destination,Destination,69298,1035,637.54
2025-05-05,CO,Prospect | Awareness,Awareness,59168,668,508.84
2025-05-05,UT,Prospecting | Destination,Destination,56959,768,524.02
2025-05-05,UT,Prospect | Awareness,Awareness,46030,538,395.86
2025-05-05,CA,Prospecting | Destination,Destination,71823,1044,660.77
2025-05-05,CA,Prospect | Awareness,Awareness,44892,553,386.07
2025-05-05,PN,Prospecting | Destination,Destination,63222,871,581.64
2025-05-05,PN,Prospect | Awareness,Awareness,43664,536,375.51
2025-05-05,NE,Prospecting | Destination,Destination,56677,740,521.43
2025-05-05,NE,Prospect | Awareness,Awareness,44761,569,384.95
2025-05-12,CO,Prospecting | Destination,Destination,71625,947,658.95
2025-05-12,CO,Prospect | Awareness,Awareness,56922,647,489.53
2025-05-12,UT,Prospecting | Destination,Destination,53452,713,491.76
2025-05-12,UT,Prospect | Awareness,Awareness,43222,527,371.71
2025-05-12,CA,Prospecting | Destination,Destination,65923,878,606.5
2025-05-12,CA,Prospect | Awareness,Awareness,52354,656,450.25
2025-05-12,PN,Prospecting | Destination,Destination,54488,733,501.29
2025-05-12,PN,Prospect | Awareness,Awareness,49493,616,425.64
2025-05-12,NE,Prospecting | Destination,Destination,52621,731,484.11
2025-05-12,NE,Prospect | Awareness,Awareness,37914,432,326.06
2025-05-19,CO,Prospecting | Destination,Destination,72731,1068,669.12
2025-05-19,CO,Prospect | Awareness,Awareness,59315,671,510.1
2025-05-19,UT,Prospecting | Destination,Destination,52672,697,484.58
2025-05-19,UT,Prospect | Awareness,Awareness,48257,578,415.01
2025-05-19,CA,Prospecting | Destination,Destination,66040,940,607.57
2025-05-19,CA,Prospect | Awareness,Awareness,52885,616,454.81
2025-05-19,PN,Prospecting | Destination,Destination,56685,777,521.5
2025-05-19,PN,Prospect | Awareness,Awareness,45101,528,387.87
2025-05-19,NE,Prospecting | Destination,Destination,52476,701,482.78
2025-05-19,NE,Prospect | Awareness,Awareness,40519,487,348.46
2025-05-26,CO,Prospecting | Destination,Destination,66911,954,615.58
2025-05-26,CO,Prospect | Awareness,Awareness,48087,563,413.55
2025-05-26,UT,Prospecting | Destination,Destination,61169,826,562.75
2025-05-26,UT,Prospect | Awareness,Awareness,54279,627,466.8
2025-05-26,CA,Prospecting | Destination,Destination,65491,956,602.52
2025-05-26,CA,Prospect | Awareness,Awareness,49537,606,426.02
2025-05-26,PN,Prospecting | Destination,Destination,62190,883,572.15
2025-05-26,PN,Prospect | Awareness,Awareness,49935,619,429.44
2025-05-26,NE,Prospecting | Destination,Destination,56534,820,520.11
2025-05-26,NE,Prospect | Awareness,Awareness,36639,419,315.1
2025-06-02,CO,Prospecting | Destination,Destination,71534,934,658.12
2025-06-02,CO,Prospect | Awareness,Awareness,59080,696,508.09
2025-06-02,UT,Prospecting | Destination,Destination,74162,1095,682.29
2025-06-02,UT,Prospect | Awareness,Awareness,55130,703,474.12
2025-06-02,CA,Prospecting | Destination,Destination,80138,1058,737.27
2025-06-02,CA,Prospect | Awareness,Awareness,52988,645,455.7
2025-06-02,PN,Prospecting | Destination,Destination,73808,1006,679.04
2025-06-02,PN,Prospect | Awareness,Awareness,58968,710,507.13
2025-06-02,NE,Prospecting | Destination,Destination,65718,922,604.61
2025-06-02,NE,Prospect | Awareness,Awareness,51404,589,442.08
2025-06-09,CO,Prospecting | Destination,Destination,60412,877,555.79
2025-06-09,CO,Prospect | Awareness,Awareness,46438,574,399.37
2025-06-09,UT,Prospecting | Destination,Destination,61522,809,566.0
2025-06-09,UT,Prospect | Awareness,Awareness,44624,499,383.77
2025-06-09,CA,Prospecting | Destination,Destination,59489,867,547.3
2025-06-09,CA,Prospect | Awareness,Awareness,44045,519,378.78
2025-06-09,PN,Prospecting | Destination,Destination,45695,607,420.39
2025-06-09,PN,Prospect | Awareness,Awareness,42460,532,365.16
2025-06-09,NE,Prospecting | Destination,Destination,43471,584,399.93
2025-06-09,NE,Prospect | Awareness,Awareness,37969,482,326.53
2025-06-16,CO,Prospecting | Destination,Destination,54728,802,503.5
2025-06-16,CO,Prospect | Awareness,Awareness,48028,563,413.04
2025-06-16,UT,Prospecting | Destination,Destination,51849,728,477.01
2025-06-16,UT,Prospect | Awareness,Awareness,48138,548,413.98
2025-06-16,CA,Prospecting | Destination,Destination,58987,835,542.68
2025-06-16,CA,Prospect | Awareness,Awareness,46736,548,401.93
2025-06-16,PN,Prospecting | Destination,Destination,44134,621,406.03
2025-06-16,PN,Prospect | Awareness,Awareness,41935,480,360.64
2025-06-16,NE,Prospecting | Destination,Destination,39598,568,364.31
2025-06-16,NE,Prospect | Awareness,Awareness,33199,419,285.51
2025-06-23,CO,Prospecting | Destination,Destination,52791,768,485.68
2025-06-23,CO,Prospect | Awareness,Awareness,47789,558,410.98
2025-06-23,UT,Prospecting | Destination,Destination,57418,781,528.24
2025-06-23,UT,Prospect | Awareness,Awareness,37965,482,326.5
2025-06-23,CA,Prospecting | Destination,Destination,49167,731,452.33
2025-06-23,CA,Prospect | Awareness,Awareness,48331,592,415.65
2025-06-23,PN,Prospecting | Destination,Destination,52527,727,483.25
2025-06-23,PN,Prospect | Awareness,Awareness,39650,453,340.99
2025-06-23,NE,Prospecting | Destination,Destination,42746,596,393.27
2025-06-23,NE,Prospect | Awareness,Awareness,35025,416,301.21
2025-06-30,CO,Prospecting | Destination,Destination,53894,707,495.82
2025-06-30,CO,Prospect | Awareness,Awareness,52329,626,450.03
2025-06-30,UT,Prospecting | Destination,Destination,54002,761,496.81
2025-06-30,UT,Prospect | Awareness,Awareness,42806,541,368.14
2025-06-30,CA,Prospecting | Destination,Destination,55223,747,508.05
2025-06-30,CA,Prospect | Awareness,Awareness,44896,553,386.11
2025-06-30,PN,Prospecting | Destination,Destination,51607,709,474.78
2025-06-30,PN,Prospect | Awareness,Awareness,34593,443,297.5
2025-06-30,NE,Prospecting | Destination,Destination,41445,553,381.29
2025-06-30,NE,Prospect | Awareness,Awareness,35950,424,309.17
2025-07-07,CO,Prospecting | Destination,Destination,61291,812,563.87
2025-07-07,CO,Prospect | Awareness,Awareness,41700,467,358.62
2025-07-07,UT,Prospecting | Destination,Destination,53992,795,496.73
2025-07-07,UT,Prospect | Awareness,Awareness,37203,460,319.95
2025-07-07,CA,Prospecting | Destination,Destination,56148,733,516.57
2025-07-07,CA,Prospect | Awareness,Awareness,44497,508,382.68
2025-07-07,PN,Prospecting | Destination,Destination,48040,709,441.97
2025-07-07,PN,Prospect | Awareness,Awareness,36909,439,317.42
2025-07-07,NE,Prospecting | Destination,Destination,44739,663,411.6
2025-07-07,NE,Prospect | Awareness,Awareness,34363,431,295.52
2025-07-14,CO,Prospecting | Destination,Destination,51362,689,472.53
2025-07-14,CO,Prospect | Awareness,Awareness,41577,503,357.56
2025-07-14,UT,Prospecting | Destination,Destination,57961,776,533.24
2025-07-14,UT,Prospect | Awareness,Awareness,42500,541,365.5
2025-07-14,CA,Prospecting | Destination,Destination,61244,868,563.45
2025-07-14,CA,Prospect | Awareness,Awareness,47945,584,412.32
2025-07-14,PN,Prospecting | Destination,Destination,41751,604,384.11
2025-07-14,PN,Prospect | Awareness,Awareness,34515,415,296.83
2025-07-14,NE,Prospecting | Destination,Destination,42125,622,387.55
2025-07-14,NE,Prospect | Awareness,Awareness,37502,439,322.51
2025-07-21,CO,Prospecting | Destination,Destination,51790,675,476.47
2025-07-21,CO,Prospect | Awareness,Awareness,50267,620,432.3
2025-07-21,UT,Prospecting | Destination,Destination,46929,657,431.75
2025-07-21,UT,Prospect | Awareness,Awareness,36081,462,310.3
2025-07-21,CA,Prospecting | Destination,Destination,58733,785,540.34
2025-07-21,CA,Prospect | Awareness,Awareness,42234,536,363.22
2025-07-21,PN,Prospecting | Destination,Destination,49312,723,453.67
2025-07-21,PN,Prospect | Awareness,Awareness,35013,438,301.11
2025-07-21,NE,Prospecting | Destination,Destination,36693,488,337.57
2025-07-21,NE,Prospect | Awareness,Awareness,33080,402,284.49
2025-07-28,CO,Prospecting | Destination,Destination,49748,689,457.68
2025-07-28,CO,Prospect | Awareness,Awareness,43908,551,377.61
2025-07-28,UT,Prospecting | Destination,Destination,56185,815,516.9
2025-07-28,UT,Prospect | Awareness,Awareness,36727,432,315.85
2025-07-28,CA,Prospecting | Destination,Destination,49367,693,454.18
2025-07-28,CA,Prospect | Awareness,Awareness,37663,456,323.9
2025-07-28,PN,Prospecting | Destination,Destination,45140,665,415.28
2025-07-28,PN,Prospect | Awareness,Awareness,33432,401,287.52
2025-07-28,NE,Prospecting | Destination,Destination,44836,585,412.49
2025-07-28,NE,Prospect | Awareness,Awareness,29106,365,250.31
2025-08-04,CO,Prospecting | Destination,Destination,49004,673,450.84
2025-08-04,CO,Prospect | Awareness,Awareness,43766,555,376.39
2025-08-04,UT,Prospecting | Destination,Destination,48971,712,450.53
2025-08-04,UT,Prospect | Awareness,Awareness,38632,432,332.24
2025-08-04,CA,Prospecting | Destination,Destination,50976,664,468.98
2025-08-04,CA,Prospect | Awareness,Awareness,41517,476,357.05
2025-08-04,PN,Prospecting | Destination,Destination,39862,592,366.73
2025-08-04,PN,Prospect | Awareness,Awareness,39152,487,336.71
2025-08-04,NE,Prospecting | Destination,Destination,39684,554,365.09
2025-08-04,NE,Prospect | Awareness,Awareness,28642,365,246.32
2025-08-11,CO,Prospecting | Destination,Destination,76755,1132,706.15
2025-08-11,CO,Prospect | Awareness,Awareness,59934,744,515.43
2025-08-11,UT,Prospecting | Destination,Destination,53005,735,487.64
2025-08-11,UT,Prospect | Awareness,Awareness,42477,529,365.3
2025-08-11,CA,Prospecting | Destination,Destination,64365,954,592.16
2025-08-11,CA,Prospect | Awareness,Awareness,44303,506,381.0
2025-08-11,PN,Prospecting | Destination,Destination,55418,821,509.84
2025-08-11,PN,Prospect | Awareness,Awareness,40931,493,352.0
2025-08-11,NE,Prospecting | Destination,Destination,48729,664,448.31
2025-08-11,NE,Prospect | Awareness,Awareness,41436,482,356.35
2025-08-18,CO,Prospecting | Destination,Destination,46712,644,429.75
2025-08-18,CO,Prospect | Awareness,Awareness,47765,557,410.78
2025-08-18,UT,Prospecting | Destination,Destination,54418,752,500.65
2025-08-18,UT,Prospect | Awareness,Awareness,39971,468,343.75
2025-08-18,CA,Prospecting | Destination,Destination,44118,631,405.89
2025-08-18,CA,Prospect | Awareness,Awareness,40993,496,352.54
2025-08-18,PN,Prospecting | Destination,Destination,43284,594,398.21
2025-08-18,PN,Prospect | Awareness,Awareness,35907,419,308.8
2025-08-18,NE,Prospecting | Destination,Destination,37952,514,349.16
2025-08-18,NE,Prospect | Awareness,Awareness,28903,357,248.57
2025-08-25,CO,Prospecting | Destination,Destination,51656,678,475.24
2025-08-25,CO,Prospect | Awareness,Awareness,46155,535,396.94
2025-08-25,UT,Prospecting | Destination,Destination,52944,747,487.09
2025-08-25,UT,Prospect | Awareness,Awareness,36616,422,314.9
2025-08-25,CA,Prospecting | Destination,Destination,47877,676,440.47
2025-08-25,CA,Prospect | Awareness,Awareness,44755,548,384.9
2025-08-25,PN,Prospecting | Destination,Destination,45862,597,421.93
2025-08-25,PN,Prospect | Awareness,Awareness,35467,421,305.02
2025-08-25,NE,Prospecting | Destination,Destination,37582,542,345.76
2025-08-25,NE,Prospect | Awareness,Awareness,36245,426,311.7
2025-09-01,CO,Prospecting | Destination,Destination,54788,800,504.05
2025-09-01,CO,Prospect | Awareness,Awareness,50790,585,436.79
2025-09-01,UT,Prospecting | Destination,Destination,49646,706,456.74
2025-09-01,UT,Prospect | Awareness,Awareness,36975,422,317.98
2025-09-01,CA,Prospecting | Destination,Destination,58805,830,541.0
2025-09-01,CA,Prospect | Awareness,Awareness,48131,555,413.93
2025-09-01,PN,Prospecting | Destination,Destination,51830,725,476.84
2025-09-01,PN,Prospect | Awareness,Awareness,34253,439,294.58
2025-09-01,NE,Prospecting | Destination,Destination,43397,566,399.25
2025-09-01,NE,Prospect | Awareness,Awareness,32743,417,281.59
2025-09-08,CO,Prospecting | Destination,Destination,52845,696,486.17
2025-09-08,CO,Prospect | Awareness,Awareness,37227,444,320.15
2025-09-08,UT,Prospecting | Destination,Destination,46922,629,431.68
2025-09-08,UT,Prospect | Awareness,Awareness,38776,439,333.47
2025-09-08,CA,Prospecting | Destination,Destination,58268,868,536.07
2025-09-08,CA,Prospect | Awareness,Awareness,38017,478,326.95
2025-09-08,PN,Prospecting | Destination,Destination,45376,647,417.46
2025-09-08,PN,Prospect | Awareness,Awareness,34968,417,300.72
2025-09-08,NE,Prospecting | Destination,Destination,36562,526,336.37
2025-09-08,NE,Prospect | Awareness,Awareness,33538,428,288.43
2025-09-15,CO,Prospecting | Destination,Destination,55685,790,512.3
2025-09-15,CO,Prospect | Awareness,Awareness,51276,620,440.97
2025-09-15,UT,Prospecting | Destination,Destination,45397,626,417.66
2025-09-15,UT,Prospect | Awareness,Awareness,35878,406,308.55
2025-09-15,CA,Prospecting | Destination,Destination,48827,717,449.21
2025-09-15,CA,Prospect | Awareness,Awareness,44441,511,382.2
2025-09-15,PN,Prospecting | Destination,Destination,51835,739,476.88
2025-09-15,PN,Prospect | Awareness,Awareness,39905,493,343.18
2025-09-15,NE,Prospecting | Destination,Destination,37460,499,344.64
2025-09-15,NE,Prospect | Awareness,Awareness,33982,382,292.25
2025-09-22,CO,Prospecting | Destination,Destination,54952,823,505.56
2025-09-22,CO,Prospect | Awareness,Awareness,41797,501,359.46
2025-09-22,UT,Prospecting | Destination,Destination,42048,571,386.84
2025-09-22,UT,Prospect | Awareness,Awareness,37559,444,323.01
2025-09-22,CA,Prospecting | Destination,Destination,55279,730,508.57
2025-09-22,CA,Prospect | Awareness,Awareness,41010,479,352.68
2025-09-22,PN,Prospecting | Destination,Destination,41004,601,377.23
2025-09-22,PN,Prospect | Awareness,Awareness,39045,488,335.79
2025-09-22,NE,Prospecting | Destination,Destination,45849,617,421.81
2025-09-22,NE,Prospect | Awareness,Awareness,31135,348,267.76
2025-09-29,CO,Prospecting | Destination,Destination,61805,885,568.6
2025-09-29,CO,Prospect | Awareness,Awareness,41982,525,361.05
2025-09-29,UT,Prospecting | Destination,Destination,42473,608,390.75
2025-09-29,UT,Prospect | Awareness,Awareness,38889,449,334.45
2025-09-29,CA,Prospecting | Destination,Destination,50353,669,463.25
2025-09-29,CA,Prospect | Awareness,Awareness,39775,494,342.06
2025-09-29,PN,Prospecting | Destination,Destination,44947,592,413.51
2025-09-29,PN,Prospect | Awareness,Awareness,41105,489,353.5
2025-09-29,NE,Prospecting | Destination,Destination,36119,512,332.3
2025-09-29,NE,Prospect | Awareness,Awareness,34071,410,293.01
2025-10-06,CO,Prospecting | Destination,Destination,50440,724,464.05
2025-10-06,CO,Prospect | Awareness,Awareness,38968,451,335.13
2025-10-06,UT,Prospecting | Destination,Destination,46389,616,426.78
2025-10-06,UT,Prospect | Awareness,Awareness,44261,494,380.64
2025-10-06,CA,Prospecting | Destination,Destination,46794,664,430.5
2025-10-06,CA,Prospect | Awareness,Awareness,39552,468,340.14
2025-10-06,PN,Prospecting | Destination,Destination,48241,689,443.81
2025-10-06,PN,Prospect | Awareness,Awareness,41928,532,360.58
2025-10-06,NE,Prospecting | Destination,Destination,46404,665,426.91
2025-10-06,NE,Prospect | Awareness,Awareness,29437,331,253.16
2025-10-13,CO,Prospecting | Destination,Destination,56800,789,522.56
2025-10-13,CO,Prospect | Awareness,Awareness,49005,563,421.44
2025-10-13,UT,Prospecting | Destination,Destination,49213,648,452.76
2025-10-13,UT,Prospect | Awareness,Awareness,37989,487,326.7
2025-10-13,CA,Prospecting | Destination,Destination,52784,717,485.61
2025-10-13,CA,Prospect | Awareness,Awareness,42098,511,362.04
2025-10-13,PN,Prospecting | Destination,Destination,49423,654,454.69
2025-10-13,PN,Prospect | Awareness,Awareness,41950,533,360.77
2025-10-13,NE,Prospecting | Destination,Destination,46150,652,424.58
2025-10-13,NE,Prospect | Awareness,Awareness,31666,368,272.33
2025-10-20,CO,Prospecting | Destination,Destination,64777,896,595.94
2025-10-20,CO,Prospect | Awareness,Awareness,47363,572,407.32
2025-10-20,UT,Prospecting | Destination,Destination,52254,763,480.74
2025-10-20,UT,Prospect | Awareness,Awareness,39681,457,341.26
2025-10-20,CA,Prospecting | Destination,Destination,52829,724,486.03
2025-10-20,CA,Prospect | Awareness,Awareness,40307,477,346.64
2025-10-20,PN,Prospecting | Destination,Destination,50449,699,464.13
2025-10-20,PN,Prospect | Awareness,Awareness,35997,449,309.57
2025-10-20,NE,Prospecting | Destination,Destination,45232,646,416.14
2025-10-20,NE,Prospect | Awareness,Awareness,36866,429,317.05
2025-10-27,CO,Prospecting | Destination,Destination,56144,814,516.53
2025-10-27,CO,Prospect | Awareness,Awareness,41790,505,359.39
2025-10-27,UT,Prospecting | Destination,Destination,57306,811,527.22
2025-10-27,UT,Prospect | Awareness,Awareness,40802,507,350.89
2025-10-27,CA,Prospecting | Destination,Destination,58826,818,541.2
2025-10-27,CA,Prospect | Awareness,Awareness,44188,557,380.02
2025-10-27,PN,Prospecting | Destination,Destination,48744,673,448.44
2025-10-27,PN,Prospect | Awareness,Awareness,36530,426,314.16
2025-10-27,NE,Prospecting | Destination,Destination,39879,551,366.89
2025-10-27,NE,Prospect | Awareness,Awareness,31526,360,271.12
