date,geo,campaign_name,impressions,clicks,spend,ctr
2023-02-06,CO,Inspiration | Winter,8642,125,75.44,0.014464
2023-02-07,CO,Inspiration | Winter,8586,126,57.26,0.014675
2023-02-08,CO,Inspiration | Winter,9533,107,54.77,0.011224
2023-02-09,CO,Inspiration | Winter,10445,87,66.08,0.008329
2023-02-10,CO,Inspiration | Winter,9817,118,60.84,0.01202
2023-02-11,CO,Inspiration | Winter,9863,93,51.84,0.009429
2023-02-12,CO,Inspiration | Winter,12407,117,77.25,0.00943
2023-02-06,CO,Inspiration | Summer,9206,90,45.65,0.009776
2023-02-07,CO,Inspiration | Summer,6644,113,46.46,0.017008
2023-02-08,CO,Inspiration | Summer,6818,122,44.67,0.017894
2023-02-09,CO,Inspiration | Summer,7488,120,38.98,0.016026
2023-02-10,CO,Inspiration | Summer,6408,102,49.2,0.015918
2023-02-11,CO,Inspiration | Summer,8041,86,39.83,0.010695
2023-02-12,CO,Inspiration | Summer,9675,113,50.03,0.01168
2023-02-06,UT,Inspiration | Winter,7795,108,52.92,0.013855
2023-02-07,UT,Inspiration | Winter,8421,75,63.52,0.008906
2023-02-08,UT,Inspiration | Winter,8635,92,61.97,0.010654
2023-02-09,UT,Inspiration | Winter,10786,96,47.86,0.0089
2023-02-10,UT,Inspiration | Winter,9608,80,53.89,0.008326
2023-02-11,UT,Inspiration | Winter,9196,94,57.49,0.010222
2023-02-12,UT,Inspiration | Winter,7856,114,61.06,0.014511
2023-02-06,UT,Inspiration | Summer,8206,93,46.08,0.011333
2023-02-07,UT,Inspiration | Summer,6324,85,40.88,0.013441
2023-02-08,UT,Inspiration | Summer,7337,94,37.28,0.012812
2023-02-09,UT,Inspiration | Summer,5974,125,39.16,0.020924
2023-02-10,UT,Inspiration | Summer,7950,101,53.64,0.012704
2023-02-11,UT,Inspiration | Summer,8136,111,40.28,0.013643
2023-02-12,UT,Inspiration | Summer,7207,90,39.25,0.012488
2023-02-06,CA,Inspiration | Winter,11794,135,69.49,0.011446
2023-02-07,CA,Inspiration | Winter,10857,114,62.07,0.0105
2023-02-08,CA,Inspiration | Winter,11741,107,70.28,0.009113
2023-02-09,CA,Inspiration | Winter,10694,124,76.5,0.011595
2023-02-10,CA,Inspiration | Winter,10188,130,56.84,0.01276
2023-02-11,CA,Inspiration | Winter,10481,145,82.39,0.013835
2023-02-12,CA,Inspiration | Winter,9905,126,66.68,0.012721
2023-02-06,CA,Inspiration | Summer,9202,91,44.38,0.009889
2023-02-07,CA,Inspiration | Summer,6709,111,35.98,0.016545
2023-02-08,CA,Inspiration | Summer,6944,99,47.82,0.014257
2023-02-09,CA,Inspiration | Summer,6543,99,32.89,0.015131
2023-02-10,CA,Inspiration | Summer,7260,82,44.04,0.011295
2023-02-11,CA,Inspiration | Summer,6742,107,39.54,0.015871
2023-02-12,CA,Inspiration | Summer,7292,107,49.36,0.014674
2023-02-06,PN,Inspiration | Winter,9328,83,49.5,0.008898
2023-02-07,PN,Inspiration | Winter,8618,86,57.9,0.009979
2023-02-08,PN,Inspiration | Winter,9033,90,60.17,0.009963
2023-02-09,PN,Inspiration | Winter,7489,81,51.12,0.010816
2023-02-10,PN,Inspiration | Winter,8761,104,53.79,0.011871
2023-02-11,PN,Inspiration | Winter,6433,97,58.77,0.015079
2023-02-12,PN,Inspiration | Winter,8596,91,41.6,0.010586
2023-02-06,PN,Inspiration | Summer,7762,99,35.81,0.012754
2023-02-07,PN,Inspiration | Summer,5722,75,47.6,0.013107
2023-02-08,PN,Inspiration | Summer,7261,98,35.45,0.013497
2023-02-09,PN,Inspiration | Summer,8789,76,35.57,0.008647
2023-02-10,PN,Inspiration | Summer,6027,80,45.17,0.013274
2023-02-11,PN,Inspiration | Summer,6501,82,39.38,0.012613
2023-02-12,PN,Inspiration | Summer,5973,91,39.63,0.015235
2023-02-06,NE,Inspiration | Winter,10041,95,47.38,0.009461
2023-02-07,NE,Inspiration | Winter,7969,102,58.98,0.0128
2023-02-08,NE,Inspiration | Winter,9866,106,49.88,0.010744
2023-02-09,NE,Inspiration | Winter,8636,76,42.01,0.0088
2023-02-10,NE,Inspiration | Winter,7260,99,64.56,0.013636
2023-02-11,NE,Inspiration | Winter,7715,112,62.22,0.014517
2023-02-12,NE,Inspiration | Winter,8248,103,57.27,0.012488
2023-02-06,NE,Inspiration | Summer,4595,74,38.78,0.016104
2023-02-07,NE,Inspiration | Summer,6035,81,33.36,0.013422
2023-02-08,NE,Inspiration | Summer,4657,79,29.98,0.016964
2023-02-09,NE,Inspiration | Summer,6697,68,31.57,0.010154
2023-02-10,NE,Inspiration | Summer,5928,57,35.77,0.009615
2023-02-11,NE,Inspiration | Summer,5325,85,34.08,0.015962
2023-02-12,NE,Inspiration | Summer,6398,81,26.34,0.01266
2023-02-13,CO,Inspiration | Winter,16130,128,97.38,0.007936
2023-02-14,CO,Inspiration | Winter,10607,146,110.25,0.013764
2023-02-15,CO,Inspiration | Winter,15185,124,71.48,0.008166
2023-02-16,CO,Inspiration | Winter,10749,150,81.79,0.013955
2023-02-17,CO,Inspiration | Winter,13962,136,87.69,0.009741
2023-02-18,CO,Inspiration | Winter,11065,155,72.47,0.014008
2023-02-19,CO,Inspiration | Winter,16447,157,81.47,0.009546
2023-02-13,CO,Inspiration | Summer,11383,118,66.01,0.010366
2023-02-14,CO,Inspiration | Summer,11803,118,57.09,0.009997
2023-02-15,CO,Inspiration | Summer,7705,146,52.76,0.018949
2023-02-16,CO,Inspiration | Summer,10432,139,47.44,0.013324
2023-02-17,CO,Inspiration | Summer,8959,114,65.03,0.012725
2023-02-18,CO,Inspiration | Summer,8784,131,48.08,0.014913
2023-02-19,CO,Inspiration | Summer,9348,115,60.39,0.012302
2023-02-13,UT,Inspiration | Winter,8276,106,68.76,0.012808
2023-02-14,UT,Inspiration | Winter,8090,78,69.58,0.009642
2023-02-15,UT,Inspiration | Winter,7903,80,48.57,0.010123
2023-02-16,UT,Inspiration | Winter,11335,87,56.18,0.007675
2023-02-17,UT,Inspiration | Winter,8578,88,65.89,0.010259
2023-02-18,UT,Inspiration | Winter,10420,118,59.77,0.011324
2023-02-19,UT,Inspiration | Winter,10512,115,47.98,0.01094
2023-02-13,UT,Inspiration | Summer,7491,102,34.64,0.013616
2023-02-14,UT,Inspiration | Summer,7483,84,46.0,0.011225
2023-02-15,UT,Inspiration | Summer,7919,93,40.46,0.011744
2023-02-16,UT,Inspiration | Summer,6771,122,35.65,0.018018
2023-02-17,UT,Inspiration | Summer,8111,107,52.88,0.013192
2023-02-18,UT,Inspiration | Summer,6491,84,51.47,0.012941
2023-02-19,UT,Inspiration | Summer,8462,112,44.71,0.013236
2023-02-13,CA,Inspiration | Winter,8228,73,49.35,0.008872
2023-02-14,CA,Inspiration | Winter,8420,89,47.26,0.01057
2023-02-15,CA,Inspiration | Winter,9167,108,59.9,0.011781
2023-02-16,CA,Inspiration | Winter,7893,75,42.45,0.009502
2023-02-17,CA,Inspiration | Winter,9289,84,47.45,0.009043
2023-02-18,CA,Inspiration | Winter,6302,105,63.18,0.016661
2023-02-19,CA,Inspiration | Winter,8993,80,63.49,0.008896
2023-02-13,CA,Inspiration | Summer,9215,107,44.78,0.011612
2023-02-14,CA,Inspiration | Summer,8415,124,52.4,0.014736
2023-02-15,CA,Inspiration | Summer,8681,94,46.66,0.010828
2023-02-16,CA,Inspiration | Summer,8137,92,49.16,0.011306
2023-02-17,CA,Inspiration | Summer,7424,91,42.17,0.012258
2023-02-18,CA,Inspiration | Summer,8943,93,50.26,0.010399
2023-02-19,CA,Inspiration | Summer,6792,98,48.68,0.014429
2023-02-13,PN,Inspiration | Winter,8902,89,51.89,0.009998
2023-02-14,PN,Inspiration | Winter,9564,85,68.26,0.008887
2023-02-15,PN,Inspiration | Winter,9727,105,54.75,0.010795
2023-02-16,PN,Inspiration | Winter,8237,93,51.48,0.011291
2023-02-17,PN,Inspiration | Winter,8497,110,54.31,0.012946
2023-02-18,PN,Inspiration | Winter,7653,111,59.25,0.014504
2023-02-19,PN,Inspiration | Winter,7495,104,44.54,0.013876
2023-02-13,PN,Inspiration | Summer,6138,81,31.45,0.013196
2023-02-14,PN,Inspiration | Summer,5602,78,30.21,0.013924
2023-02-15,PN,Inspiration | Summer,6124,82,38.07,0.01339
2023-02-16,PN,Inspiration | Summer,5643,82,37.38,0.014531
2023-02-17,PN,Inspiration | Summer,6130,93,34.47,0.015171
2023-02-18,PN,Inspiration | Summer,6784,77,40.16,0.01135
2023-02-19,PN,Inspiration | Summer,5238,70,29.88,0.013364
2023-02-13,NE,Inspiration | Winter,6520,94,46.72,0.014417
2023-02-14,NE,Inspiration | Winter,6522,65,50.26,0.009966
2023-02-15,NE,Inspiration | Winter,8042,90,41.84,0.011191
2023-02-16,NE,Inspiration | Winter,7610,64,44.15,0.00841
2023-02-17,NE,Inspiration | Winter,7289,64,47.91,0.00878
2023-02-18,NE,Inspiration | Winter,7305,77,45.99,0.010541
2023-02-19,NE,Inspiration | Winter,6006,78,38.61,0.012987
2023-02-13,NE,Inspiration | Summer,4454,82,24.94,0.01841
2023-02-14,NE,Inspiration | Summer,4991,63,36.59,0.012623
2023-02-15,NE,Inspiration | Summer,6539,61,35.28,0.009329
2023-02-16,NE,Inspiration | Summer,5269,87,32.43,0.016512
2023-02-17,NE,Inspiration | Summer,6098,72,26.39,0.011807
2023-02-18,NE,Inspiration | Summer,6520,76,38.02,0.011656
2023-02-19,NE,Inspiration | Summer,5705,60,35.9,0.010517
2023-02-20,CO,Inspiration | Winter,11353,148,60.47,0.013036
2023-02-21,CO,Inspiration | Winter,11059,126,77.72,0.011393
2023-02-22,CO,Inspiration | Winter,9711,104,67.81,0.01071
2023-02-23,CO,Inspiration | Winter,8630,137,60.06,0.015875
2023-02-24,CO,Inspiration | Winter,12962,112,81.03,0.008641
2023-02-25,CO,Inspiration | Winter,11131,114,66.49,0.010242
2023-02-26,CO,Inspiration | Winter,9293,121,60.92,0.013021
2023-02-20,CO,Inspiration | Summer,8609,142,57.54,0.016494
2023-02-21,CO,Inspiration | Summer,9371,123,66.33,0.013126
2023-02-22,CO,Inspiration | Summer,9715,139,45.82,0.014308
2023-02-23,CO,Inspiration | Summer,10291,108,54.32,0.010495
2023-02-24,CO,Inspiration | Summer,10172,102,57.89,0.010028
2023-02-25,CO,Inspiration | Summer,10106,131,52.96,0.012963
2023-02-26,CO,Inspiration | Summer,7980,145,49.36,0.01817
2023-02-20,UT,Inspiration | Winter,7935,92,66.41,0.011594
2023-02-21,UT,Inspiration | Winter,7888,133,58.41,0.016861
2023-02-22,UT,Inspiration | Winter,9833,86,50.15,0.008746
2023-02-23,UT,Inspiration | Winter,7315,95,61.06,0.012987
2023-02-24,UT,Inspiration | Winter,10168,100,46.05,0.009835
2023-02-25,UT,Inspiration | Winter,9597,131,60.16,0.01365
2023-02-26,UT,Inspiration | Winter,9640,95,56.97,0.009855
2023-02-20,UT,Inspiration | Summer,5793,90,40.81,0.015536
2023-02-21,UT,Inspiration | Summer,7322,96,39.49,0.013111
2023-02-22,UT,Inspiration | Summer,7819,95,32.71,0.01215
2023-02-23,UT,Inspiration | Summer,6092,93,47.06,0.015266
2023-02-24,UT,Inspiration | Summer,8071,66,49.18,0.008177
2023-02-25,UT,Inspiration | Summer,6072,91,36.53,0.014987
2023-02-26,UT,Inspiration | Summer,8064,87,39.78,0.010789
2023-02-20,CA,Inspiration | Winter,10634,95,70.36,0.008934
2023-02-21,CA,Inspiration | Winter,9396,125,61.9,0.013304
2023-02-22,CA,Inspiration | Winter,10285,119,51.05,0.01157
2023-02-23,CA,Inspiration | Winter,8131,117,62.93,0.014389
2023-02-24,CA,Inspiration | Winter,9677,109,62.15,0.011264
2023-02-25,CA,Inspiration | Winter,8907,88,69.36,0.00988
2023-02-26,CA,Inspiration | Winter,9372,115,47.22,0.012271
2023-02-20,CA,Inspiration | Summer,7401,104,50.15,0.014052
2023-02-21,CA,Inspiration | Summer,8196,91,37.23,0.011103
2023-02-22,CA,Inspiration | Summer,6360,98,38.09,0.015409
2023-02-23,CA,Inspiration | Summer,5903,95,49.54,0.016094
2023-02-24,CA,Inspiration | Summer,8057,95,42.77,0.011791
2023-02-25,CA,Inspiration | Summer,7492,104,45.95,0.013881
2023-02-26,CA,Inspiration | Summer,8318,98,36.29,0.011782
2023-02-20,PN,Inspiration | Winter,7592,88,58.95,0.011591
2023-02-21,PN,Inspiration | Winter,7491,99,47.21,0.013216
2023-02-22,PN,Inspiration | Winter,7540,101,47.79,0.013395
2023-02-23,PN,Inspiration | Winter,8756,104,39.97,0.011878
2023-02-24,PN,Inspiration | Winter,8681,72,56.62,0.008294
2023-02-25,PN,Inspiration | Winter,7700,67,49.9,0.008701
2023-02-26,PN,Inspiration | Winter,8301,76,58.36,0.009156
2023-02-20,PN,Inspiration | Summer,7584,81,36.32,0.01068
2023-02-21,PN,Inspiration | Summer,6479,79,35.68,0.012193
2023-02-22,PN,Inspiration | Summer,7187,96,32.61,0.013357
2023-02-23,PN,Inspiration | Summer,7968,118,46.08,0.014809
2023-02-24,PN,Inspiration | Summer,7260,91,50.37,0.012534
2023-02-25,PN,Inspiration | Summer,5966,119,46.37,0.019946
2023-02-26,PN,Inspiration | Summer,6463,90,36.22,0.013925
2023-02-20,NE,Inspiration | Winter,7985,74,58.25,0.009267
2023-02-21,NE,Inspiration | Winter,8386,76,41.45,0.009063
2023-02-22,NE,Inspiration | Winter,5645,82,41.81,0.014526
2023-02-23,NE,Inspiration | Winter,7868,80,44.29,0.010168
2023-02-24,NE,Inspiration | Winter,7105,84,43.8,0.011823
2023-02-25,NE,Inspiration | Winter,6355,69,58.16,0.010858
2023-02-26,NE,Inspiration | Winter,8419,89,43.52,0.010571
2023-02-20,NE,Inspiration | Summer,7032,82,44.11,0.011661
2023-02-21,NE,Inspiration | Summer,5741,97,30.97,0.016896
2023-02-22,NE,Inspiration | Summer,5824,72,38.2,0.012363
2023-02-23,NE,Inspiration | Summer,5436,102,40.15,0.018764
2023-02-24,NE,Inspiration | Summer,5966,68,35.93,0.011398
2023-02-25,NE,Inspiration | Summer,6650,101,36.11,0.015188
2023-02-26,NE,Inspiration | Summer,7919,80,33.02,0.010102
2023-02-27,CO,Inspiration | Winter,13016,128,73.38,0.009834
2023-02-28,CO,Inspiration | Winter,14282,146,76.24,0.010223
2023-03-01,CO,Inspiration | Winter,10786,115,101.28,0.010662
2023-03-02,CO,Inspiration | Winter,14632,160,83.9,0.010935
2023-03-03,CO,Inspiration | Winter,11200,132,99.85,0.011786
2023-03-04,CO,Inspiration | Winter,10591,111,68.3,0.010481
2023-03-05,CO,Inspiration | Winter,14997,151,69.88,0.010069
2023-02-27,CO,Inspiration | Summer,10418,99,53.79,0.009503
2023-02-28,CO,Inspiration | Summer,9096,140,60.33,0.015391
2023-03-01,CO,Inspiration | Summer,10796,134,48.17,0.012412
2023-03-02,CO,Inspiration | Summer,10672,119,55.4,0.011151
2023-03-03,CO,Inspiration | Summer,8544,111,48.5,0.012992
2023-03-04,CO,Inspiration | Summer,8417,113,67.99,0.013425
2023-03-05,CO,Inspiration | Summer,8450,140,50.89,0.016568
2023-02-27,UT,Inspiration | Winter,7747,70,49.95,0.009036
2023-02-28,UT,Inspiration | Winter,9445,88,66.99,0.009317
2023-03-01,UT,Inspiration | Winter,9562,98,48.46,0.010249
2023-03-02,UT,Inspiration | Winter,9540,108,51.82,0.011321
2023-03-03,UT,Inspiration | Winter,8883,78,69.71,0.008781
2023-03-04,UT,Inspiration | Winter,8113,104,50.89,0.012819
2023-03-05,UT,Inspiration | Winter,6664,105,45.89,0.015756
2023-02-27,UT,Inspiration | Summer,5633,79,35.99,0.014024
2023-02-28,UT,Inspiration | Summer,5770,114,34.94,0.019757
2023-03-01,UT,Inspiration | Summer,7230,80,46.76,0.011065
2023-03-02,UT,Inspiration | Summer,6205,92,37.64,0.014827
2023-03-03,UT,Inspiration | Summer,6177,75,34.32,0.012142
2023-03-04,UT,Inspiration | Summer,6956,106,36.09,0.015239
2023-03-05,UT,Inspiration | Summer,7960,88,40.64,0.011055
2023-02-27,CA,Inspiration | Winter,8239,83,45.63,0.010074
2023-02-28,CA,Inspiration | Winter,7758,106,53.31,0.013663
2023-03-01,CA,Inspiration | Winter,9055,99,58.18,0.010933
2023-03-02,CA,Inspiration | Winter,7570,72,55.08,0.009511
2023-03-03,CA,Inspiration | Winter,8813,92,58.66,0.010439
2023-03-04,CA,Inspiration | Winter,6899,75,48.68,0.010871
2023-03-05,CA,Inspiration | Winter,9148,91,48.33,0.009948
2023-02-27,CA,Inspiration | Summer,8504,118,58.43,0.013876
2023-02-28,CA,Inspiration | Summer,9159,107,52.79,0.011682
2023-03-01,CA,Inspiration | Summer,9082,92,41.76,0.01013
2023-03-02,CA,Inspiration | Summer,7572,125,42.52,0.016508
2023-03-03,CA,Inspiration | Summer,8025,115,50.74,0.01433
2023-03-04,CA,Inspiration | Summer,8138,117,37.83,0.014377
2023-03-05,CA,Inspiration | Summer,7656,94,53.13,0.012278
2023-02-27,PN,Inspiration | Winter,8109,72,53.53,0.008879
2023-02-28,PN,Inspiration | Winter,6796,85,36.98,0.012507
2023-03-01,PN,Inspiration | Winter,8193,71,55.15,0.008666
2023-03-02,PN,Inspiration | Winter,6264,94,45.39,0.015006
2023-03-03,PN,Inspiration | Winter,7651,94,56.43,0.012286
2023-03-04,PN,Inspiration | Winter,6383,90,40.73,0.0141
2023-03-05,PN,Inspiration | Winter,7983,85,40.61,0.010648
2023-02-27,PN,Inspiration | Summer,5499,83,28.54,0.015094
2023-02-28,PN,Inspiration | Summer,4607,70,28.92,0.015194
2023-03-01,PN,Inspiration | Summer,5245,74,30.12,0.014109
2023-03-02,PN,Inspiration | Summer,5478,70,37.22,0.012778
2023-03-03,PN,Inspiration | Summer,6126,61,28.55,0.009958
2023-03-04,PN,Inspiration | Summer,6536,70,39.79,0.01071
2023-03-05,PN,Inspiration | Summer,6315,61,37.73,0.00966
2023-02-27,NE,Inspiration | Winter,7402,86,60.52,0.011618
2023-02-28,NE,Inspiration | Winter,8742,106,55.97,0.012125
2023-03-01,NE,Inspiration | Winter,8423,73,43.44,0.008667
2023-03-02,NE,Inspiration | Winter,6665,73,46.56,0.010953
2023-03-03,NE,Inspiration | Winter,7888,73,43.17,0.009255
2023-03-04,NE,Inspiration | Winter,8425,76,42.6,0.009021
2023-03-05,NE,Inspiration | Winter,7131,107,57.67,0.015005
2023-02-27,NE,Inspiration | Summer,6175,81,36.92,0.013117
2023-02-28,NE,Inspiration | Summer,5796,79,33.89,0.01363
2023-03-01,NE,Inspiration | Summer,8506,105,46.94,0.012344
2023-03-02,NE,Inspiration | Summer,6002,74,37.42,0.012329
2023-03-03,NE,Inspiration | Summer,6000,72,39.03,0.012
2023-03-04,NE,Inspiration | Summer,7390,82,44.85,0.011096
2023-03-05,NE,Inspiration | Summer,7306,97,34.57,0.013277
2023-03-06,CO,Inspiration | Winter,11683,115,83.64,0.009843
2023-03-07,CO,Inspiration | Winter,12689,133,69.55,0.010482
2023-03-08,CO,Inspiration | Winter,8905,131,72.71,0.014711
2023-03-09,CO,Inspiration | Winter,12173,103,70.82,0.008461
2023-03-10,CO,Inspiration | Winter,8271,117,81.2,0.014146
2023-03-11,CO,Inspiration | Winter,11806,95,59.28,0.008047
2023-03-12,CO,Inspiration | Winter,11681,97,56.92,0.008304
2023-03-06,CO,Inspiration | Summer,11421,130,45.5,0.011383
2023-03-07,CO,Inspiration | Summer,8215,132,63.26,0.016068
2023-03-08,CO,Inspiration | Summer,8852,113,64.0,0.012765
2023-03-09,CO,Inspiration | Summer,10388,128,57.1,0.012322
2023-03-10,CO,Inspiration | Summer,10835,100,51.16,0.009229
2023-03-11,CO,Inspiration | Summer,9599,118,50.28,0.012293
2023-03-12,CO,Inspiration | Summer,8852,126,64.04,0.014234
2023-03-06,UT,Inspiration | Winter,9134,97,45.98,0.01062
2023-03-07,UT,Inspiration | Winter,6613,114,44.86,0.017239
2023-03-08,UT,Inspiration | Winter,9027,93,58.94,0.010302
2023-03-09,UT,Inspiration | Winter,8506,77,61.84,0.009052
2023-03-10,UT,Inspiration | Winter,8827,103,57.78,0.011669
2023-03-11,UT,Inspiration | Winter,9109,98,58.24,0.010759
2023-03-12,UT,Inspiration | Winter,7579,107,48.64,0.014118
2023-03-06,UT,Inspiration | Summer,5809,71,39.21,0.012222
2023-03-07,UT,Inspiration | Summer,7032,93,38.15,0.013225
2023-03-08,UT,Inspiration | Summer,6444,62,33.6,0.009621
2023-03-09,UT,Inspiration | Summer,5541,73,31.95,0.013175
2023-03-10,UT,Inspiration | Summer,5346,71,32.05,0.013281
2023-03-11,UT,Inspiration | Summer,5483,81,34.57,0.014773
2023-03-12,UT,Inspiration | Summer,5684,88,30.24,0.015482
2023-03-06,CA,Inspiration | Winter,9684,103,57.72,0.010636
2023-03-07,CA,Inspiration | Winter,10433,100,47.48,0.009585
2023-03-08,CA,Inspiration | Winter,8051,96,57.83,0.011924
2023-03-09,CA,Inspiration | Winter,8870,103,59.63,0.011612
2023-03-10,CA,Inspiration | Winter,6907,85,49.96,0.012306
2023-03-11,CA,Inspiration | Winter,6776,81,60.98,0.011954
2023-03-12,CA,Inspiration | Winter,9809,73,53.79,0.007442
2023-03-06,CA,Inspiration | Summer,7233,92,47.05,0.012719
2023-03-07,CA,Inspiration | Summer,6125,80,34.3,0.013061
2023-03-08,CA,Inspiration | Summer,7157,90,46.73,0.012575
2023-03-09,CA,Inspiration | Summer,6480,87,33.68,0.013426
2023-03-10,CA,Inspiration | Summer,6234,91,40.16,0.014597
2023-03-11,CA,Inspiration | Summer,6990,113,34.66,0.016166
2023-03-12,CA,Inspiration | Summer,7240,97,38.68,0.013398
2023-03-06,PN,Inspiration | Winter,7977,69,56.04,0.00865
2023-03-07,PN,Inspiration | Winter,8886,81,50.2,0.009115
2023-03-08,PN,Inspiration | Winter,8752,97,62.51,0.011083
2023-03-09,PN,Inspiration | Winter,7265,95,45.55,0.013076
2023-03-10,PN,Inspiration | Winter,8407,98,49.41,0.011657
2023-03-11,PN,Inspiration | Winter,6069,102,41.56,0.016807
2023-03-12,PN,Inspiration | Winter,8462,73,51.98,0.008627
2023-03-06,PN,Inspiration | Summer,6097,76,37.12,0.012465
2023-03-07,PN,Inspiration | Summer,6858,82,28.17,0.011957
2023-03-08,PN,Inspiration | Summer,5472,72,35.84,0.013158
2023-03-09,PN,Inspiration | Summer,6622,103,32.93,0.015554
2023-03-10,PN,Inspiration | Summer,5058,73,36.48,0.014433
2023-03-11,PN,Inspiration | Summer,5895,74,36.38,0.012553
2023-03-12,PN,Inspiration | Summer,5534,82,33.98,0.014817
2023-03-06,NE,Inspiration | Winter,7372,83,48.45,0.011259
2023-03-07,NE,Inspiration | Winter,8929,95,59.06,0.010639
2023-03-08,NE,Inspiration | Winter,7530,90,59.65,0.011952
2023-03-09,NE,Inspiration | Winter,9807,98,60.65,0.009993
2023-03-10,NE,Inspiration | Winter,7617,103,46.61,0.013522
2023-03-11,NE,Inspiration | Winter,7969,80,55.51,0.010039
2023-03-12,NE,Inspiration | Winter,11010,74,55.57,0.006721
2023-03-06,NE,Inspiration | Summer,5741,78,34.0,0.013586
2023-03-07,NE,Inspiration | Summer,6937,86,35.59,0.012397
2023-03-08,NE,Inspiration | Summer,5744,83,32.1,0.01445
2023-03-09,NE,Inspiration | Summer,6029,63,40.0,0.010449
2023-03-10,NE,Inspiration | Summer,6918,97,36.4,0.014021
2023-03-11,NE,Inspiration | Summer,6728,92,42.06,0.013674
2023-03-12,NE,Inspiration | Summer,5842,65,34.7,0.011126
2023-03-13,CO,Inspiration | Winter,11412,159,83.99,0.013933
2023-03-14,CO,Inspiration | Winter,14334,168,84.56,0.01172
2023-03-15,CO,Inspiration | Winter,13686,133,64.4,0.009718
2023-03-16,CO,Inspiration | Winter,12987,138,67.61,0.010626
2023-03-17,CO,Inspiration | Winter,11822,127,87.26,0.010743
2023-03-18,CO,Inspiration | Winter,12819,136,81.9,0.010609
2023-03-19,CO,Inspiration | Winter,10244,157,89.02,0.015326
2023-03-13,CO,Inspiration | Summer,10868,176,67.08,0.016194
2023-03-14,CO,Inspiration | Summer,10921,144,64.82,0.013186
2023-03-15,CO,Inspiration | Summer,9611,128,59.73,0.013318
2023-03-16,CO,Inspiration | Summer,11067,139,59.98,0.01256
2023-03-17,CO,Inspiration | Summer,11587,124,64.76,0.010702
2023-03-18,CO,Inspiration | Summer,11300,134,61.13,0.011858
2023-03-19,CO,Inspiration | Summer,9481,143,56.55,0.015083
2023-03-13,UT,Inspiration | Winter,12378,111,64.43,0.008968
2023-03-14,UT,Inspiration | Winter,8665,112,71.79,0.012926
2023-03-15,UT,Inspiration | Winter,8773,109,59.62,0.012424
2023-03-16,UT,Inspiration | Winter,9395,97,56.68,0.010325
2023-03-17,UT,Inspiration | Winter,9790,133,75.12,0.013585
2023-03-18,UT,Inspiration | Winter,11035,108,76.34,0.009787
2023-03-19,UT,Inspiration | Winter,10901,104,50.02,0.00954
2023-03-13,UT,Inspiration | Summer,6923,86,37.87,0.012422
2023-03-14,UT,Inspiration | Summer,7927,81,49.65,0.010218
2023-03-15,UT,Inspiration | Summer,6510,88,35.36,0.013518
2023-03-16,UT,Inspiration | Summer,7498,108,46.62,0.014404
2023-03-17,UT,Inspiration | Summer,5272,100,34.05,0.018968
2023-03-18,UT,Inspiration | Summer,6006,104,34.59,0.017316
2023-03-19,UT,Inspiration | Summer,7922,85,40.6,0.01073
2023-03-13,CA,Inspiration | Winter,10840,114,64.27,0.010517
2023-03-14,CA,Inspiration | Winter,9503,93,71.65,0.009786
2023-03-15,CA,Inspiration | Winter,10927,89,61.37,0.008145
2023-03-16,CA,Inspiration | Winter,11081,119,56.12,0.010739
2023-03-17,CA,Inspiration | Winter,7203,117,56.86,0.016243
2023-03-18,CA,Inspiration | Winter,8011,86,56.33,0.010735
2023-03-19,CA,Inspiration | Winter,8726,85,57.67,0.009741
2023-03-13,CA,Inspiration | Summer,7626,83,40.77,0.010884
2023-03-14,CA,Inspiration | Summer,7071,80,36.0,0.011314
2023-03-15,CA,Inspiration | Summer,6554,95,42.08,0.014495
2023-03-16,CA,Inspiration | Summer,7740,96,31.81,0.012403
2023-03-17,CA,Inspiration | Summer,5964,80,41.34,0.013414
2023-03-18,CA,Inspiration | Summer,5585,95,41.53,0.01701
2023-03-19,CA,Inspiration | Summer,6703,67,40.49,0.009996
2023-03-13,PN,Inspiration | Winter,8724,92,64.13,0.010546
2023-03-14,PN,Inspiration | Winter,9163,98,63.13,0.010695
2023-03-15,PN,Inspiration | Winter,10730,108,70.49,0.010065
2023-03-16,PN,Inspiration | Winter,8269,118,55.28,0.01427
2023-03-17,PN,Inspiration | Winter,10158,107,55.39,0.010534
2023-03-18,PN,Inspiration | Winter,12135,124,68.26,0.010218
2023-03-19,PN,Inspiration | Winter,8222,104,54.66,0.012649
2023-03-13,PN,Inspiration | Summer,5957,106,51.54,0.017794
2023-03-14,PN,Inspiration | Summer,7003,90,36.28,0.012852
2023-03-15,PN,Inspiration | Summer,8822,97,41.05,0.010995
2023-03-16,PN,Inspiration | Summer,6740,79,41.78,0.011721
2023-03-17,PN,Inspiration | Summer,7420,76,50.96,0.010243
2023-03-18,PN,Inspiration | Summer,7569,96,37.51,0.012683
2023-03-19,PN,Inspiration | Summer,7076,111,34.28,0.015687
2023-03-13,NE,Inspiration | Winter,8322,78,50.76,0.009373
2023-03-14,NE,Inspiration | Winter,8929,87,55.99,0.009744
2023-03-15,NE,Inspiration | Winter,7674,103,54.74,0.013422
2023-03-16,NE,Inspiration | Winter,7715,82,42.17,0.010629
2023-03-17,NE,Inspiration | Winter,6721,89,49.01,0.013242
2023-03-18,NE,Inspiration | Winter,7843,102,44.01,0.013005
2023-03-19,NE,Inspiration | Winter,8031,85,56.83,0.010584
2023-03-13,NE,Inspiration | Summer,7498,92,48.23,0.01227
2023-03-14,NE,Inspiration | Summer,6067,89,37.72,0.01467
2023-03-15,NE,Inspiration | Summer,5607,83,32.06,0.014803
2023-03-16,NE,Inspiration | Summer,7960,78,40.06,0.009799
2023-03-17,NE,Inspiration | Summer,5604,93,39.84,0.016595
2023-03-18,NE,Inspiration | Summer,6437,69,43.21,0.010719
2023-03-19,NE,Inspiration | Summer,8428,101,34.97,0.011984
2023-03-20,CO,Inspiration | Winter,9733,128,79.75,0.013151
2023-03-21,CO,Inspiration | Winter,11252,122,67.55,0.010843
2023-03-22,CO,Inspiration | Winter,8708,120,73.44,0.01378
2023-03-23,CO,Inspiration | Winter,13002,135,59.15,0.010383
2023-03-24,CO,Inspiration | Winter,11191,110,62.91,0.009829
2023-03-25,CO,Inspiration | Winter,11996,97,81.96,0.008086
2023-03-26,CO,Inspiration | Winter,10365,138,63.23,0.013314
2023-03-20,CO,Inspiration | Summer,7592,133,43.09,0.017518
2023-03-21,CO,Inspiration | Summer,11037,137,60.82,0.012413
2023-03-22,CO,Inspiration | Summer,9048,120,51.13,0.013263
2023-03-23,CO,Inspiration | Summer,8719,99,57.38,0.011355
2023-03-24,CO,Inspiration | Summer,7344,97,43.04,0.013208
2023-03-25,CO,Inspiration | Summer,7654,110,50.35,0.014372
2023-03-26,CO,Inspiration | Summer,9595,103,47.93,0.010735
2023-03-20,UT,Inspiration | Winter,7750,72,52.57,0.00929
2023-03-21,UT,Inspiration | Winter,7433,99,54.37,0.013319
2023-03-22,UT,Inspiration | Winter,7644,104,51.9,0.013605
2023-03-23,UT,Inspiration | Winter,9051,70,58.6,0.007734
2023-03-24,UT,Inspiration | Winter,10695,80,55.72,0.00748
2023-03-25,UT,Inspiration | Winter,7358,101,48.25,0.013727
2023-03-26,UT,Inspiration | Winter,8386,82,51.83,0.009778
2023-03-20,UT,Inspiration | Summer,8002,91,52.38,0.011372
2023-03-21,UT,Inspiration | Summer,9152,99,42.51,0.010817
2023-03-22,UT,Inspiration | Summer,8972,88,52.15,0.009808
2023-03-23,UT,Inspiration | Summer,6986,91,36.97,0.013026
2023-03-24,UT,Inspiration | Summer,9004,114,47.27,0.012661
2023-03-25,UT,Inspiration | Summer,5958,109,44.14,0.018295
2023-03-26,UT,Inspiration | Summer,6366,80,40.33,0.012567
2023-03-20,CA,Inspiration | Winter,9648,124,60.22,0.012852
2023-03-21,CA,Inspiration | Winter,10477,115,57.04,0.010976
2023-03-22,CA,Inspiration | Winter,12382,98,70.86,0.007915
2023-03-23,CA,Inspiration | Winter,8972,115,66.78,0.012818
2023-03-24,CA,Inspiration | Winter,9720,84,64.45,0.008642
2023-03-25,CA,Inspiration | Winter,8755,112,54.25,0.012793
2023-03-26,CA,Inspiration | Winter,9570,100,71.35,0.010449
2023-03-20,CA,Inspiration | Summer,7212,83,42.58,0.011509
2023-03-21,CA,Inspiration | Summer,4940,81,30.65,0.016397
2023-03-22,CA,Inspiration | Summer,7525,76,42.27,0.0101
2023-03-23,CA,Inspiration | Summer,6016,90,40.53,0.01496
2023-03-24,CA,Inspiration | Summer,6591,75,43.66,0.011379
2023-03-25,CA,Inspiration | Summer,6841,88,32.89,0.012864
2023-03-26,CA,Inspiration | Summer,6937,89,34.56,0.01283
2023-03-20,PN,Inspiration | Winter,7247,80,54.66,0.011039
2023-03-21,PN,Inspiration | Winter,7751,82,58.24,0.010579
2023-03-22,PN,Inspiration | Winter,7006,103,60.62,0.014702
2023-03-23,PN,Inspiration | Winter,9401,100,40.74,0.010637
2023-03-24,PN,Inspiration | Winter,9298,73,52.9,0.007851
2023-03-25,PN,Inspiration | Winter,8525,98,50.18,0.011496
2023-03-26,PN,Inspiration | Winter,8783,97,53.92,0.011044
2023-03-20,PN,Inspiration | Summer,5422,70,37.4,0.01291
2023-03-21,PN,Inspiration | Summer,6483,94,30.36,0.014499
2023-03-22,PN,Inspiration | Summer,6334,94,43.61,0.014841
2023-03-23,PN,Inspiration | Summer,5801,80,33.98,0.013791
2023-03-24,PN,Inspiration | Summer,6600,76,37.1,0.011515
2023-03-25,PN,Inspiration | Summer,6877,92,29.67,0.013378
2023-03-26,PN,Inspiration | Summer,6332,85,42.21,0.013424
2023-03-20,NE,Inspiration | Winter,6898,97,50.07,0.014062
2023-03-21,NE,Inspiration | Winter,7271,69,56.04,0.00949
2023-03-22,NE,Inspiration | Winter,6625,93,41.49,0.014038
2023-03-23,NE,Inspiration | Winter,7663,71,50.08,0.009265
2023-03-24,NE,Inspiration | Winter,7742,88,37.19,0.011367
2023-03-25,NE,Inspiration | Winter,8388,86,55.09,0.010253
2023-03-26,NE,Inspiration | Winter,8221,78,48.01,0.009488
2023-03-20,NE,Inspiration | Summer,4404,73,29.47,0.016576
2023-03-21,NE,Inspiration | Summer,5899,85,28.1,0.014409
2023-03-22,NE,Inspiration | Summer,5913,88,28.93,0.014882
2023-03-23,NE,Inspiration | Summer,6033,58,30.38,0.009614
2023-03-24,NE,Inspiration | Summer,5236,65,27.2,0.012414
2023-03-25,NE,Inspiration | Summer,5525,62,39.62,0.011222
2023-03-26,NE,Inspiration | Summer,4175,85,31.98,0.020359
2023-03-27,CO,Inspiration | Winter,16086,140,84.57,0.008703
2023-03-28,CO,Inspiration | Winter,13235,167,107.57,0.012618
2023-03-29,CO,Inspiration | Winter,17438,151,116.72,0.008659
2023-03-30,CO,Inspiration | Winter,14876,189,94.99,0.012705
2023-03-31,CO,Inspiration | Winter,12708,164,120.73,0.012905
2023-04-01,CO,Inspiration | Winter,17468,169,83.33,0.009675
2023-04-02,CO,Inspiration | Winter,17831,169,93.78,0.009478
2023-03-27,CO,Inspiration | Summer,10256,139,68.01,0.013553
2023-03-28,CO,Inspiration | Summer,9589,137,53.68,0.014287
2023-03-29,CO,Inspiration | Summer,10144,107,51.48,0.010548
2023-03-30,CO,Inspiration | Summer,11212,98,50.85,0.008741
2023-03-31,CO,Inspiration | Summer,9944,138,52.86,0.013878
2023-04-01,CO,Inspiration | Summer,9074,136,63.71,0.014988
2023-04-02,CO,Inspiration | Summer,9804,147,65.54,0.014994
2023-03-27,UT,Inspiration | Winter,10190,98,59.53,0.009617
2023-03-28,UT,Inspiration | Winter,8375,95,54.86,0.011343
2023-03-29,UT,Inspiration | Winter,10020,85,53.07,0.008483
2023-03-30,UT,Inspiration | Winter,10745,120,53.01,0.011168
2023-03-31,UT,Inspiration | Winter,7696,98,55.72,0.012734
2023-04-01,UT,Inspiration | Winter,7461,122,60.99,0.016352
2023-04-02,UT,Inspiration | Winter,7644,80,60.46,0.010466
2023-03-27,UT,Inspiration | Summer,9260,94,38.51,0.010151
2023-03-28,UT,Inspiration | Summer,8261,116,42.93,0.014042
2023-03-29,UT,Inspiration | Summer,7951,106,45.91,0.013332
2023-03-30,UT,Inspiration | Summer,7262,124,49.18,0.017075
2023-03-31,UT,Inspiration | Summer,6883,121,42.26,0.01758
2023-04-01,UT,Inspiration | Summer,7580,95,49.08,0.012533
2023-04-02,UT,Inspiration | Summer,6893,86,45.84,0.012476
2023-03-27,CA,Inspiration | Winter,13820,121,84.96,0.008755
2023-03-28,CA,Inspiration | Winter,11424,132,72.74,0.011555
2023-03-29,CA,Inspiration | Winter,11357,112,65.66,0.009862
2023-03-30,CA,Inspiration | Winter,11491,137,74.45,0.011922
2023-03-31,CA,Inspiration | Winter,14600,118,81.3,0.008082
2023-04-01,CA,Inspiration | Winter,10514,144,86.87,0.013696
2023-04-02,CA,Inspiration | Winter,13310,144,87.72,0.010819
2023-03-27,CA,Inspiration | Summer,10336,156,49.64,0.015093
2023-03-28,CA,Inspiration | Summer,10387,136,54.68,0.013093
2023-03-29,CA,Inspiration | Summer,10463,119,68.1,0.011373
2023-03-30,CA,Inspiration | Summer,9453,167,61.79,0.017666
2023-03-31,CA,Inspiration | Summer,10673,128,66.13,0.011993
2023-04-01,CA,Inspiration | Summer,9181,141,56.74,0.015358
2023-04-02,CA,Inspiration | Summer,10604,137,55.27,0.01292
2023-03-27,PN,Inspiration | Winter,10076,86,58.44,0.008535
2023-03-28,PN,Inspiration | Winter,8451,87,64.59,0.010295
2023-03-29,PN,Inspiration | Winter,8502,114,50.0,0.013409
2023-03-30,PN,Inspiration | Winter,8691,97,63.33,0.011161
2023-03-31,PN,Inspiration | Winter,11029,93,59.35,0.008432
2023-04-01,PN,Inspiration | Winter,10604,115,64.87,0.010845
2023-04-02,PN,Inspiration | Winter,8964,112,63.85,0.012494
2023-03-27,PN,Inspiration | Summer,5610,98,33.79,0.017469
2023-03-28,PN,Inspiration | Summer,6332,84,35.03,0.013266
2023-03-29,PN,Inspiration | Summer,7151,107,47.65,0.014963
2023-03-30,PN,Inspiration | Summer,7056,83,35.02,0.011763
2023-03-31,PN,Inspiration | Summer,6589,99,40.0,0.015025
2023-04-01,PN,Inspiration | Summer,7598,81,37.78,0.010661
2023-04-02,PN,Inspiration | Summer,7768,96,49.74,0.012358
2023-03-27,NE,Inspiration | Winter,6601,104,45.97,0.015755
2023-03-28,NE,Inspiration | Winter,9390,98,58.53,0.010437
2023-03-29,NE,Inspiration | Winter,8820,97,51.98,0.010998
2023-03-30,NE,Inspiration | Winter,7903,89,42.23,0.011262
2023-03-31,NE,Inspiration | Winter,8097,81,44.26,0.010004
2023-04-01,NE,Inspiration | Winter,7305,92,52.9,0.012594
2023-04-02,NE,Inspiration | Winter,7098,67,57.5,0.009439
2023-03-27,NE,Inspiration | Summer,7765,104,45.17,0.013393
2023-03-28,NE,Inspiration | Summer,7372,104,35.93,0.014107
2023-03-29,NE,Inspiration | Summer,6545,96,45.31,0.014668
2023-03-30,NE,Inspiration | Summer,7259,113,52.27,0.015567
2023-03-31,NE,Inspiration | Summer,7388,82,47.78,0.011099
2023-04-01,NE,Inspiration | Summer,9261,83,36.72,0.008962
2023-04-02,NE,Inspiration | Summer,7942,124,47.31,0.015613
2023-04-03,CO,Inspiration | Winter,7983,114,50.29,0.01428
2023-04-04,CO,Inspiration | Winter,9825,109,56.27,0.011094
2023-04-05,CO,Inspiration | Winter,11213,85,64.29,0.00758
2023-04-06,CO,Inspiration | Winter,7423,89,50.02,0.01199
2023-04-07,CO,Inspiration | Winter,9569,109,52.94,0.011391
2023-04-08,CO,Inspiration | Winter,9075,87,66.86,0.009587
2023-04-09,CO,Inspiration | Winter,9109,84,70.18,0.009222
2023-04-03,CO,Inspiration | Summer,6708,125,33.09,0.018634
2023-04-04,CO,Inspiration | Summer,8521,92,41.0,0.010797
2023-04-05,CO,Inspiration | Summer,7776,83,44.87,0.010674
2023-04-06,CO,Inspiration | Summer,7879,107,45.3,0.01358
2023-04-07,CO,Inspiration | Summer,6957,99,49.58,0.01423
2023-04-08,CO,Inspiration | Summer,6874,104,43.1,0.015129
2023-04-09,CO,Inspiration | Summer,7576,84,46.34,0.011088
2023-04-03,UT,Inspiration | Winter,8741,116,66.2,0.013271
2023-04-04,UT,Inspiration | Winter,9462,90,61.66,0.009512
2023-04-05,UT,Inspiration | Winter,10742,94,49.88,0.008751
2023-04-06,UT,Inspiration | Winter,11343,95,62.29,0.008375
2023-04-07,UT,Inspiration | Winter,8537,120,51.04,0.014056
2023-04-08,UT,Inspiration | Winter,11381,125,74.22,0.010983
2023-04-09,UT,Inspiration | Winter,8196,115,72.47,0.014031
2023-04-03,UT,Inspiration | Summer,6669,95,36.63,0.014245
2023-04-04,UT,Inspiration | Summer,7718,71,33.93,0.009199
2023-04-05,UT,Inspiration | Summer,5805,92,40.24,0.015848
2023-04-06,UT,Inspiration | Summer,6375,103,39.75,0.016157
2023-04-07,UT,Inspiration | Summer,6659,88,35.98,0.013215
2023-04-08,UT,Inspiration | Summer,5998,89,44.62,0.014838
2023-04-09,UT,Inspiration | Summer,6872,90,36.2,0.013097
2023-04-03,CA,Inspiration | Winter,7706,97,54.8,0.012588
2023-04-04,CA,Inspiration | Winter,7824,92,40.9,0.011759
2023-04-05,CA,Inspiration | Winter,6472,97,56.23,0.014988
2023-04-06,CA,Inspiration | Winter,7132,78,50.67,0.010937
2023-04-07,CA,Inspiration | Winter,8459,77,45.64,0.009103
2023-04-08,CA,Inspiration | Winter,8866,94,49.49,0.010602
2023-04-09,CA,Inspiration | Winter,8935,77,56.78,0.008618
2023-04-03,CA,Inspiration | Summer,6501,99,45.83,0.015228
2023-04-04,CA,Inspiration | Summer,5661,72,40.39,0.012719
2023-04-05,CA,Inspiration | Summer,5341,73,43.71,0.013668
2023-04-06,CA,Inspiration | Summer,6767,69,38.69,0.010197
2023-04-07,CA,Inspiration | Summer,7901,88,34.53,0.011138
2023-04-08,CA,Inspiration | Summer,6384,97,31.55,0.015194
2023-04-09,CA,Inspiration | Summer,7245,85,30.95,0.011732
2023-04-03,PN,Inspiration | Winter,7956,75,50.69,0.009427
2023-04-04,PN,Inspiration | Winter,7346,80,64.96,0.01089
2023-04-05,PN,Inspiration | Winter,9673,113,61.46,0.011682
2023-04-06,PN,Inspiration | Winter,9210,85,43.82,0.009229
2023-04-07,PN,Inspiration | Winter,8721,82,62.1,0.009403
2023-04-08,PN,Inspiration | Winter,7309,107,45.72,0.014639
2023-04-09,PN,Inspiration | Winter,8587,110,47.57,0.01281
2023-04-03,PN,Inspiration | Summer,6459,79,42.62,0.012231
2023-04-04,PN,Inspiration | Summer,6097,81,41.82,0.013285
2023-04-05,PN,Inspiration | Summer,6752,98,28.14,0.014514
2023-04-06,PN,Inspiration | Summer,7336,87,41.53,0.011859
2023-04-07,PN,Inspiration | Summer,6684,78,41.37,0.01167
2023-04-08,PN,Inspiration | Summer,5931,113,43.09,0.019052
2023-04-09,PN,Inspiration | Summer,7470,100,32.45,0.013387
2023-04-03,NE,Inspiration | Winter,7488,76,41.76,0.01015
2023-04-04,NE,Inspiration | Winter,7012,57,40.32,0.008129
2023-04-05,NE,Inspiration | Winter,6092,66,38.26,0.010834
2023-04-06,NE,Inspiration | Winter,7531,81,43.28,0.010756
2023-04-07,NE,Inspiration | Winter,6694,67,37.84,0.010009
2023-04-08,NE,Inspiration | Winter,7243,60,53.07,0.008284
2023-04-09,NE,Inspiration | Winter,5455,79,49.57,0.014482
2023-04-03,NE,Inspiration | Summer,4823,84,27.09,0.017417
2023-04-04,NE,Inspiration | Summer,4687,82,25.51,0.017495
2023-04-05,NE,Inspiration | Summer,4518,57,26.66,0.012616
2023-04-06,NE,Inspiration | Summer,5129,79,38.7,0.015403
2023-04-07,NE,Inspiration | Summer,5783,82,27.18,0.014179
2023-04-08,NE,Inspiration | Summer,5902,61,32.42,0.010335
2023-04-09,NE,Inspiration | Summer,6106,65,36.73,0.010645
2023-04-10,CO,Inspiration | Winter,12220,111,86.17,0.009083
2023-04-11,CO,Inspiration | Winter,10639,118,82.64,0.011091
2023-04-12,CO,Inspiration | Winter,10396,131,59.91,0.012601
2023-04-13,CO,Inspiration | Winter,10687,129,62.81,0.012071
2023-04-14,CO,Inspiration | Winter,13198,132,70.64,0.010002
2023-04-15,CO,Inspiration | Winter,12440,131,66.0,0.010531
2023-04-16,CO,Inspiration | Winter,9823,90,80.02,0.009162
2023-04-10,CO,Inspiration | Summer,8688,117,43.3,0.013467
2023-04-11,CO,Inspiration | Summer,9969,110,43.53,0.011034
2023-04-12,CO,Inspiration | Summer,9053,102,47.59,0.011267
2023-04-13,CO,Inspiration | Summer,7711,130,55.33,0.016859
2023-04-14,CO,Inspiration | Summer,7107,109,56.21,0.015337
2023-04-15,CO,Inspiration | Summer,8693,114,50.32,0.013114
2023-04-16,CO,Inspiration | Summer,10168,100,59.77,0.009835
2023-04-10,UT,Inspiration | Winter,6921,79,45.65,0.011415
2023-04-11,UT,Inspiration | Winter,8841,98,63.74,0.011085
2023-04-12,UT,Inspiration | Winter,10266,69,46.32,0.006721
2023-04-13,UT,Inspiration | Winter,6745,86,56.51,0.01275
2023-04-14,UT,Inspiration | Winter,6786,90,59.23,0.013263
2023-04-15,UT,Inspiration | Winter,8555,90,42.98,0.01052
2023-04-16,UT,Inspiration | Winter,7733,100,43.01,0.012932
2023-04-10,UT,Inspiration | Summer,7936,94,47.51,0.011845
2023-04-11,UT,Inspiration | Summer,8390,91,48.55,0.010846
2023-04-12,UT,Inspiration | Summer,7802,114,48.63,0.014612
2023-04-13,UT,Inspiration | Summer,7048,100,48.64,0.014188
2023-04-14,UT,Inspiration | Summer,6712,107,41.58,0.015942
2023-04-15,UT,Inspiration | Summer,7494,78,33.66,0.010408
2023-04-16,UT,Inspiration | Summer,7567,112,38.55,0.014801
2023-04-10,CA,Inspiration | Winter,8158,101,65.06,0.01238
2023-04-11,CA,Inspiration | Winter,9835,120,49.4,0.012201
2023-04-12,CA,Inspiration | Winter,11078,87,59.88,0.007853
2023-04-13,CA,Inspiration | Winter,10724,93,74.41,0.008672
2023-04-14,CA,Inspiration | Winter,9098,119,57.26,0.01308
2023-04-15,CA,Inspiration | Winter,9316,88,60.27,0.009446
2023-04-16,CA,Inspiration | Winter,9948,93,69.92,0.009349
2023-04-10,CA,Inspiration | Summer,7945,108,52.23,0.013593
2023-04-11,CA,Inspiration | Summer,6978,129,57.3,0.018487
2023-04-12,CA,Inspiration | Summer,7532,132,55.07,0.017525
2023-04-13,CA,Inspiration | Summer,10350,119,45.21,0.011498
2023-04-14,CA,Inspiration | Summer,9446,94,51.29,0.009951
2023-04-15,CA,Inspiration | Summer,6974,114,44.56,0.016346
2023-04-16,CA,Inspiration | Summer,10380,119,40.03,0.011464
2023-04-10,PN,Inspiration | Winter,9098,98,58.08,0.010772
2023-04-11,PN,Inspiration | Winter,8673,99,61.4,0.011415
2023-04-12,PN,Inspiration | Winter,7790,81,55.45,0.010398
2023-04-13,PN,Inspiration | Winter,9981,87,58.08,0.008717
2023-04-14,PN,Inspiration | Winter,10049,75,51.02,0.007463
2023-04-15,PN,Inspiration | Winter,7345,101,62.18,0.013751
2023-04-16,PN,Inspiration | Winter,7505,94,40.61,0.012525
2023-04-10,PN,Inspiration | Summer,8442,105,45.22,0.012438
2023-04-11,PN,Inspiration | Summer,5826,78,40.22,0.013388
2023-04-12,PN,Inspiration | Summer,7001,103,45.96,0.014712
2023-04-13,PN,Inspiration | Summer,7229,108,43.66,0.01494
2023-04-14,PN,Inspiration | Summer,6506,85,33.52,0.013065
2023-04-15,PN,Inspiration | Summer,8760,85,42.07,0.009703
2023-04-16,PN,Inspiration | Summer,8033,78,49.78,0.00971
2023-04-10,NE,Inspiration | Winter,6927,93,45.39,0.013426
2023-04-11,NE,Inspiration | Winter,7209,67,42.99,0.009294
2023-04-12,NE,Inspiration | Winter,7134,91,59.31,0.012756
2023-04-13,NE,Inspiration | Winter,6681,88,49.87,0.013172
2023-04-14,NE,Inspiration | Winter,8691,68,41.22,0.007824
2023-04-15,NE,Inspiration | Winter,6723,91,54.04,0.013536
2023-04-16,NE,Inspiration | Winter,8765,92,40.82,0.010496
2023-04-10,NE,Inspiration | Summer,7714,94,37.27,0.012186
2023-04-11,NE,Inspiration | Summer,7790,96,44.81,0.012323
2023-04-12,NE,Inspiration | Summer,5148,86,36.15,0.016706
2023-04-13,NE,Inspiration | Summer,5829,76,35.77,0.013038
2023-04-14,NE,Inspiration | Summer,6949,93,43.38,0.013383
2023-04-15,NE,Inspiration | Summer,7079,80,38.14,0.011301
2023-04-16,NE,Inspiration | Summer,6153,108,35.11,0.017552
2023-04-17,CO,Inspiration | Winter,10698,135,71.47,0.012619
2023-04-18,CO,Inspiration | Winter,12790,133,62.7,0.010399
2023-04-19,CO,Inspiration | Winter,13288,112,68.56,0.008429
2023-04-20,CO,Inspiration | Winter,11733,102,93.66,0.008693
2023-04-21,CO,Inspiration | Winter,14161,141,85.99,0.009957
2023-04-22,CO,Inspiration | Winter,9847,132,67.21,0.013405
2023-04-23,CO,Inspiration | Winter,11648,118,89.08,0.01013
2023-04-17,CO,Inspiration | Summer,8608,100,53.46,0.011617
2023-04-18,CO,Inspiration | Summer,10276,102,55.92,0.009926
2023-04-19,CO,Inspiration | Summer,7952,123,47.39,0.015468
2023-04-20,CO,Inspiration | Summer,7759,103,41.42,0.013275
2023-04-21,CO,Inspiration | Summer,6687,106,48.87,0.015852
2023-04-22,CO,Inspiration | Summer,8438,90,51.14,0.010666
2023-04-23,CO,Inspiration | Summer,9552,110,45.57,0.011516
2023-04-17,UT,Inspiration | Winter,6792,84,46.72,0.012367
2023-04-18,UT,Inspiration | Winter,10209,117,50.63,0.01146
2023-04-19,UT,Inspiration | Winter,8030,108,66.93,0.01345
2023-04-20,UT,Inspiration | Winter,8493,84,45.31,0.00989
2023-04-21,UT,Inspiration | Winter,8833,85,67.05,0.009623
2023-04-22,UT,Inspiration | Winter,10466,96,64.97,0.009173
2023-04-23,UT,Inspiration | Winter,9994,122,60.42,0.012207
2023-04-17,UT,Inspiration | Summer,5466,62,30.6,0.011343
2023-04-18,UT,Inspiration | Summer,7491,86,39.05,0.01148
2023-04-19,UT,Inspiration | Summer,5843,88,30.48,0.015061
2023-04-20,UT,Inspiration | Summer,5486,83,40.76,0.015129
2023-04-21,UT,Inspiration | Summer,7344,63,35.57,0.008578
2023-04-22,UT,Inspiration | Summer,6128,81,38.2,0.013218
2023-04-23,UT,Inspiration | Summer,6751,77,43.5,0.011406
2023-04-17,CA,Inspiration | Winter,8037,109,65.5,0.013562
2023-04-18,CA,Inspiration | Winter,10643,116,55.27,0.010899
2023-04-19,CA,Inspiration | Winter,10443,112,66.1,0.010725
2023-04-20,CA,Inspiration | Winter,8073,114,56.55,0.014121
2023-04-21,CA,Inspiration | Winter,10545,125,59.12,0.011854
2023-04-22,CA,Inspiration | Winter,9671,123,74.78,0.012718
2023-04-23,CA,Inspiration | Winter,10777,100,59.1,0.009279
2023-04-17,CA,Inspiration | Summer,7916,111,36.75,0.014022
2023-04-18,CA,Inspiration | Summer,6969,98,42.88,0.014062
2023-04-19,CA,Inspiration | Summer,7021,99,40.64,0.014101
2023-04-20,CA,Inspiration | Summer,7890,85,53.27,0.010773
2023-04-21,CA,Inspiration | Summer,8582,100,39.19,0.011652
2023-04-22,CA,Inspiration | Summer,7397,108,44.52,0.014601
2023-04-23,CA,Inspiration | Summer,6400,90,45.35,0.014063
2023-04-17,PN,Inspiration | Winter,7413,79,51.68,0.010657
2023-04-18,PN,Inspiration | Winter,9153,94,48.56,0.01027
2023-04-19,PN,Inspiration | Winter,8073,77,47.67,0.009538
2023-04-20,PN,Inspiration | Winter,6142,95,50.36,0.015467
2023-04-21,PN,Inspiration | Winter,6590,89,45.24,0.013505
2023-04-22,PN,Inspiration | Winter,7531,62,50.02,0.008233
2023-04-23,PN,Inspiration | Winter,7583,83,42.39,0.010946
2023-04-17,PN,Inspiration | Summer,7475,88,38.36,0.011773
2023-04-18,PN,Inspiration | Summer,8599,95,42.3,0.011048
2023-04-19,PN,Inspiration | Summer,6160,97,34.23,0.015747
2023-04-20,PN,Inspiration | Summer,5574,102,45.89,0.018299
2023-04-21,PN,Inspiration | Summer,6323,101,44.69,0.015973
2023-04-22,PN,Inspiration | Summer,8431,80,34.09,0.009489
2023-04-23,PN,Inspiration | Summer,7295,84,49.6,0.011515
2023-04-17,NE,Inspiration | Winter,7226,94,44.88,0.013009
2023-04-18,NE,Inspiration | Winter,6413,94,55.01,0.014658
2023-04-19,NE,Inspiration | Winter,8367,86,44.19,0.010278
2023-04-20,NE,Inspiration | Winter,7828,75,59.86,0.009581
2023-04-21,NE,Inspiration | Winter,8828,75,51.14,0.008496
2023-04-22,NE,Inspiration | Winter,7265,96,51.05,0.013214
2023-04-23,NE,Inspiration | Winter,8874,104,44.6,0.01172
2023-04-17,NE,Inspiration | Summer,6259,77,31.56,0.012302
2023-04-18,NE,Inspiration | Summer,5559,65,34.34,0.011693
2023-04-19,NE,Inspiration | Summer,6120,73,31.45,0.011928
2023-04-20,NE,Inspiration | Summer,5655,66,34.52,0.011671
2023-04-21,NE,Inspiration | Summer,4852,76,42.75,0.015664
2023-04-22,NE,Inspiration | Summer,6466,94,32.68,0.014538
2023-04-23,NE,Inspiration | Summer,6732,94,34.23,0.013963
2023-04-24,CO,Inspiration | Winter,11063,143,100.53,0.012926
2023-04-25,CO,Inspiration | Winter,12080,154,66.37,0.012748
2023-04-26,CO,Inspiration | Winter,14851,125,74.94,0.008417
2023-04-27,CO,Inspiration | Winter,10864,104,76.31,0.009573
2023-04-28,CO,Inspiration | Winter,11769,116,73.93,0.009856
2023-04-29,CO,Inspiration | Winter,10201,121,75.27,0.011862
2023-04-30,CO,Inspiration | Winter,14997,125,81.92,0.008335
2023-04-24,CO,Inspiration | Summer,10164,87,46.11,0.00856
2023-04-25,CO,Inspiration | Summer,7547,108,49.98,0.01431
2023-04-26,CO,Inspiration | Summer,8577,94,46.95,0.01096
2023-04-27,CO,Inspiration | Summer,7518,113,42.72,0.015031
2023-04-28,CO,Inspiration | Summer,7345,108,48.84,0.014704
2023-04-29,CO,Inspiration | Summer,7953,120,51.62,0.015089
2023-04-30,CO,Inspiration | Summer,7319,131,41.04,0.017899
2023-04-24,UT,Inspiration | Winter,11670,127,68.15,0.010883
2023-04-25,UT,Inspiration | Winter,12312,115,66.79,0.00934
2023-04-26,UT,Inspiration | Winter,8553,124,58.38,0.014498
2023-04-27,UT,Inspiration | Winter,9615,112,60.31,0.011648
2023-04-28,UT,Inspiration | Winter,10406,111,72.99,0.010667
2023-04-29,UT,Inspiration | Winter,8341,104,71.84,0.012469
2023-04-30,UT,Inspiration | Winter,9682,104,53.26,0.010742
2023-04-24,UT,Inspiration | Summer,6116,61,29.88,0.009974
2023-04-25,UT,Inspiration | Summer,4769,68,38.74,0.014259
2023-04-26,UT,Inspiration | Summer,5919,74,37.3,0.012502
2023-04-27,UT,Inspiration | Summer,6605,85,27.32,0.012869
2023-04-28,UT,Inspiration | Summer,5643,84,38.88,0.014886
2023-04-29,UT,Inspiration | Summer,6539,91,36.93,0.013917
2023-04-30,UT,Inspiration | Summer,5336,78,28.33,0.014618
2023-04-24,CA,Inspiration | Winter,9121,94,59.48,0.010306
2023-04-25,CA,Inspiration | Winter,6893,97,52.93,0.014072
2023-04-26,CA,Inspiration | Winter,8549,98,57.13,0.011463
2023-04-27,CA,Inspiration | Winter,10232,86,44.18,0.008405
2023-04-28,CA,Inspiration | Winter,7514,100,52.15,0.013308
2023-04-29,CA,Inspiration | Winter,6838,88,56.01,0.012869
2023-04-30,CA,Inspiration | Winter,9090,75,50.84,0.008251
2023-04-24,CA,Inspiration | Summer,6445,76,31.29,0.011792
2023-04-25,CA,Inspiration | Summer,5946,75,41.33,0.012614
2023-04-26,CA,Inspiration | Summer,7506,81,45.69,0.010791
2023-04-27,CA,Inspiration | Summer,5590,82,42.37,0.014669
2023-04-28,CA,Inspiration | Summer,5625,82,31.73,0.014578
2023-04-29,CA,Inspiration | Summer,6796,62,30.6,0.009123
2023-04-30,CA,Inspiration | Summer,6346,80,33.68,0.012606
2023-04-24,PN,Inspiration | Winter,6768,84,37.92,0.012411
2023-04-25,PN,Inspiration | Winter,7244,85,49.86,0.011734
2023-04-26,PN,Inspiration | Winter,8322,93,56.28,0.011175
2023-04-27,PN,Inspiration | Winter,8397,109,58.58,0.012981
2023-04-28,PN,Inspiration | Winter,9010,94,47.73,0.010433
2023-04-29,PN,Inspiration | Winter,6780,88,58.35,0.012979
2023-04-30,PN,Inspiration | Winter,8623,73,44.21,0.008466
2023-04-24,PN,Inspiration | Summer,6850,82,42.78,0.011971
2023-04-25,PN,Inspiration | Summer,5824,106,32.38,0.018201
2023-04-26,PN,Inspiration | Summer,6166,81,42.8,0.013137
2023-04-27,PN,Inspiration | Summer,6133,77,36.01,0.012555
2023-04-28,PN,Inspiration | Summer,6286,95,38.7,0.015113
2023-04-29,PN,Inspiration | Summer,7679,76,33.16,0.009897
2023-04-30,PN,Inspiration | Summer,7408,75,42.98,0.010124
2023-04-24,NE,Inspiration | Winter,6106,64,47.52,0.010481
2023-04-25,NE,Inspiration | Winter,5665,69,52.2,0.01218
2023-04-26,NE,Inspiration | Winter,5829,81,39.0,0.013896
2023-04-27,NE,Inspiration | Winter,8551,78,37.81,0.009122
2023-04-28,NE,Inspiration | Winter,8175,87,39.73,0.010642
2023-04-29,NE,Inspiration | Winter,5860,89,36.36,0.015188
2023-04-30,NE,Inspiration | Winter,6091,67,43.57,0.011
2023-04-24,NE,Inspiration | Summer,5394,68,33.07,0.012607
2023-04-25,NE,Inspiration | Summer,5319,67,35.27,0.012596
2023-04-26,NE,Inspiration | Summer,3899,66,29.95,0.016927
2023-04-27,NE,Inspiration | Summer,5441,89,32.11,0.016357
2023-04-28,NE,Inspiration | Summer,4761,58,28.37,0.012182
2023-04-29,NE,Inspiration | Summer,5716,65,26.12,0.011372
2023-04-30,NE,Inspiration | Summer,5797,66,25.82,0.011385
2023-05-01,CO,Inspiration | Winter,11209,140,81.14,0.01249
2023-05-02,CO,Inspiration | Winter,15479,136,66.41,0.008786
2023-05-03,CO,Inspiration | Winter,12180,136,67.2,0.011166
2023-05-04,CO,Inspiration | Winter,10431,126,68.3,0.012079
2023-05-05,CO,Inspiration | Winter,12804,145,97.19,0.011325
2023-05-06,CO,Inspiration | Winter,11017,146,78.72,0.013252
2023-05-07,CO,Inspiration | Winter,13010,161,92.27,0.012375
2023-05-01,CO,Inspiration | Summer,5969,115,46.77,0.019266
2023-05-02,CO,Inspiration | Summer,7827,92,32.92,0.011754
2023-05-03,CO,Inspiration | Summer,8018,112,44.01,0.013969
2023-05-04,CO,Inspiration | Summer,8282,105,46.18,0.012678
2023-05-05,CO,Inspiration | Summer,8580,93,46.36,0.010839
2023-05-06,CO,Inspiration | Summer,6026,105,47.39,0.017424
2023-05-07,CO,Inspiration | Summer,6762,86,34.86,0.012718
2023-05-01,UT,Inspiration | Winter,8634,103,51.4,0.01193
2023-05-02,UT,Inspiration | Winter,10904,100,61.82,0.009171
2023-05-03,UT,Inspiration | Winter,8417,110,46.52,0.013069
2023-05-04,UT,Inspiration | Winter,7379,85,59.81,0.011519
2023-05-05,UT,Inspiration | Winter,10167,104,48.56,0.010229
2023-05-06,UT,Inspiration | Winter,7912,104,62.34,0.013145
2023-05-07,UT,Inspiration | Winter,8401,114,65.16,0.01357
2023-05-01,UT,Inspiration | Summer,7889,77,46.25,0.00976
2023-05-02,UT,Inspiration | Summer,5820,97,33.42,0.016667
2023-05-03,UT,Inspiration | Summer,5869,84,36.88,0.014312
2023-05-04,UT,Inspiration | Summer,8136,104,46.35,0.012783
2023-05-05,UT,Inspiration | Summer,7707,100,33.06,0.012975
2023-05-06,UT,Inspiration | Summer,5397,91,46.31,0.016861
2023-05-07,UT,Inspiration | Summer,7966,93,40.67,0.011675
2023-05-01,CA,Inspiration | Winter,10793,114,83.13,0.010562
2023-05-02,CA,Inspiration | Winter,11985,133,57.05,0.011097
2023-05-03,CA,Inspiration | Winter,9725,112,69.42,0.011517
2023-05-04,CA,Inspiration | Winter,10621,99,77.4,0.009321
2023-05-05,CA,Inspiration | Winter,12313,93,75.01,0.007553
2023-05-06,CA,Inspiration | Winter,11465,104,68.96,0.009071
2023-05-07,CA,Inspiration | Winter,9217,132,56.19,0.014321
2023-05-01,CA,Inspiration | Summer,7044,111,44.28,0.015758
2023-05-02,CA,Inspiration | Summer,6729,114,46.9,0.016942
2023-05-03,CA,Inspiration | Summer,8350,100,44.67,0.011976
2023-05-04,CA,Inspiration | Summer,8279,114,43.37,0.01377
2023-05-05,CA,Inspiration | Summer,5852,82,44.35,0.014012
2023-05-06,CA,Inspiration | Summer,8493,97,46.48,0.011421
2023-05-07,CA,Inspiration | Summer,8161,103,36.82,0.012621
2023-05-01,PN,Inspiration | Winter,6272,72,47.12,0.01148
2023-05-02,PN,Inspiration | Winter,6449,99,53.72,0.015351
2023-05-03,PN,Inspiration | Winter,7872,82,45.45,0.010417
2023-05-04,PN,Inspiration | Winter,6870,99,35.46,0.01441
2023-05-05,PN,Inspiration | Winter,7423,74,42.24,0.009969
2023-05-06,PN,Inspiration | Winter,6153,71,38.18,0.011539
2023-05-07,PN,Inspiration | Winter,8356,69,53.96,0.008258
2023-05-01,PN,Inspiration | Summer,5380,76,28.62,0.014126
2023-05-02,PN,Inspiration | Summer,6399,68,35.59,0.010627
2023-05-03,PN,Inspiration | Summer,6370,70,26.14,0.010989
2023-05-04,PN,Inspiration | Summer,5490,67,33.69,0.012204
2023-05-05,PN,Inspiration | Summer,6339,72,37.75,0.011358
2023-05-06,PN,Inspiration | Summer,4661,77,27.54,0.01652
2023-05-07,PN,Inspiration | Summer,4297,56,36.5,0.013032
2023-05-01,NE,Inspiration | Winter,8820,67,53.14,0.007596
2023-05-02,NE,Inspiration | Winter,8502,104,58.39,0.012232
2023-05-03,NE,Inspiration | Winter,8379,104,55.2,0.012412
2023-05-04,NE,Inspiration | Winter,7606,98,41.92,0.012885
2023-05-05,NE,Inspiration | Winter,7311,75,43.52,0.010259
2023-05-06,NE,Inspiration | Winter,7267,77,54.23,0.010596
2023-05-07,NE,Inspiration | Winter,6131,104,39.3,0.016963
2023-05-01,NE,Inspiration | Summer,5803,77,36.74,0.013269
2023-05-02,NE,Inspiration | Summer,5190,66,31.32,0.012717
2023-05-03,NE,Inspiration | Summer,5610,74,27.58,0.013191
2023-05-04,NE,Inspiration | Summer,5083,82,39.11,0.016132
2023-05-05,NE,Inspiration | Summer,5603,69,27.54,0.012315
2023-05-06,NE,Inspiration | Summer,5848,70,27.62,0.01197
2023-05-07,NE,Inspiration | Summer,6097,83,37.65,0.013613
2023-05-08,CO,Inspiration | Winter,10926,113,67.98,0.010342
2023-05-09,CO,Inspiration | Winter,11090,113,57.57,0.010189
2023-05-10,CO,Inspiration | Winter,12164,97,73.28,0.007974
2023-05-11,CO,Inspiration | Winter,9221,139,75.41,0.015074
2023-05-12,CO,Inspiration | Winter,10411,140,70.27,0.013447
2023-05-13,CO,Inspiration | Winter,11865,146,74.33,0.012305
2023-05-14,CO,Inspiration | Winter,10049,107,65.8,0.010648
2023-05-08,CO,Inspiration | Summer,7755,69,33.84,0.008897
2023-05-09,CO,Inspiration | Summer,5239,80,37.56,0.01527
2023-05-10,CO,Inspiration | Summer,6367,91,45.13,0.014292
2023-05-11,CO,Inspiration | Summer,7281,95,42.41,0.013048
2023-05-12,CO,Inspiration | Summer,7446,90,49.04,0.012087
2023-05-13,CO,Inspiration | Summer,7243,81,35.74,0.011183
2023-05-14,CO,Inspiration | Summer,7160,105,37.52,0.014665
2023-05-08,UT,Inspiration | Winter,10592,85,57.82,0.008025
2023-05-09,UT,Inspiration | Winter,9553,106,76.68,0.011096
2023-05-10,UT,Inspiration | Winter,10217,92,56.39,0.009005
2023-05-11,UT,Inspiration | Winter,10314,106,55.55,0.010277
2023-05-12,UT,Inspiration | Winter,9796,108,53.44,0.011025
2023-05-13,UT,Inspiration | Winter,8187,111,58.45,0.013558
2023-05-14,UT,Inspiration | Winter,7835,100,67.23,0.012763
2023-05-08,UT,Inspiration | Summer,8670,104,42.18,0.011995
2023-05-09,UT,Inspiration | Summer,7733,106,48.57,0.013707
2023-05-10,UT,Inspiration | Summer,7255,98,41.95,0.013508
2023-05-11,UT,Inspiration | Summer,7027,95,56.4,0.013519
2023-05-12,UT,Inspiration | Summer,7955,93,36.73,0.011691
2023-05-13,UT,Inspiration | Summer,8470,80,47.7,0.009445
2023-05-14,UT,Inspiration | Summer,6507,103,37.45,0.015829
2023-05-08,CA,Inspiration | Winter,6653,69,44.82,0.010371
2023-05-09,CA,Inspiration | Winter,9515,85,49.43,0.008933
2023-05-10,CA,Inspiration | Winter,8778,86,57.01,0.009797
2023-05-11,CA,Inspiration | Winter,8248,93,52.63,0.011275
2023-05-12,CA,Inspiration | Winter,8523,90,61.79,0.01056
2023-05-13,CA,Inspiration | Winter,7151,82,54.53,0.011467
2023-05-14,CA,Inspiration | Winter,8869,98,49.3,0.01105
2023-05-08,CA,Inspiration | Summer,8305,101,46.54,0.012161
2023-05-09,CA,Inspiration | Summer,9410,115,44.57,0.012221
2023-05-10,CA,Inspiration | Summer,8636,106,52.97,0.012274
2023-05-11,CA,Inspiration | Summer,7819,125,42.46,0.015987
2023-05-12,CA,Inspiration | Summer,7370,129,55.79,0.017503
2023-05-13,CA,Inspiration | Summer,8650,106,44.42,0.012254
2023-05-14,CA,Inspiration | Summer,8182,119,51.82,0.014544
2023-05-08,PN,Inspiration | Winter,7253,84,45.85,0.011581
2023-05-09,PN,Inspiration | Winter,8779,109,52.57,0.012416
2023-05-10,PN,Inspiration | Winter,8561,100,51.52,0.011681
2023-05-11,PN,Inspiration | Winter,6672,102,56.93,0.015288
2023-05-12,PN,Inspiration | Winter,8611,98,56.27,0.011381
2023-05-13,PN,Inspiration | Winter,8331,71,40.97,0.008522
2023-05-14,PN,Inspiration | Winter,7822,71,54.47,0.009077
2023-05-08,PN,Inspiration | Summer,4790,92,32.47,0.019207
2023-05-09,PN,Inspiration | Summer,5159,71,37.65,0.013762
2023-05-10,PN,Inspiration | Summer,7273,79,42.16,0.010862
2023-05-11,PN,Inspiration | Summer,6521,72,35.22,0.011041
2023-05-12,PN,Inspiration | Summer,6174,62,28.94,0.010042
2023-05-13,PN,Inspiration | Summer,5946,81,40.55,0.013623
2023-05-14,PN,Inspiration | Summer,6618,85,29.39,0.012844
2023-05-08,NE,Inspiration | Winter,7629,75,50.43,0.009831
2023-05-09,NE,Inspiration | Winter,5997,97,57.51,0.016175
2023-05-10,NE,Inspiration | Winter,8282,110,56.04,0.013282
2023-05-11,NE,Inspiration | Winter,8902,79,39.27,0.008874
2023-05-12,NE,Inspiration | Winter,6232,88,40.77,0.014121
2023-05-13,NE,Inspiration | Winter,9131,95,47.5,0.010404
2023-05-14,NE,Inspiration | Winter,7717,78,53.38,0.010108
2023-05-08,NE,Inspiration | Summer,4810,76,32.29,0.0158
2023-05-09,NE,Inspiration | Summer,5756,68,29.17,0.011814
2023-05-10,NE,Inspiration | Summer,4854,57,24.77,0.011743
2023-05-11,NE,Inspiration | Summer,5230,69,26.4,0.013193
2023-05-12,NE,Inspiration | Summer,4469,55,23.66,0.012307
2023-05-13,NE,Inspiration | Summer,5877,75,34.15,0.012762
2023-05-14,NE,Inspiration | Summer,4148,62,33.4,0.014947
2023-05-15,CO,Inspiration | Winter,7600,77,62.26,0.010132
2023-05-16,CO,Inspiration | Winter,10395,108,65.76,0.01039
2023-05-17,CO,Inspiration | Winter,9876,110,55.31,0.011138
2023-05-18,CO,Inspiration | Winter,7720,109,65.43,0.014119
2023-05-19,CO,Inspiration | Winter,10387,87,49.89,0.008376
2023-05-20,CO,Inspiration | Winter,9720,87,63.53,0.008951
2023-05-21,CO,Inspiration | Winter,8691,80,49.91,0.009205
2023-05-15,CO,Inspiration | Summer,6788,72,38.46,0.010607
2023-05-16,CO,Inspiration | Summer,8406,102,50.82,0.012134
2023-05-17,CO,Inspiration | Summer,6694,74,45.65,0.011055
2023-05-18,CO,Inspiration | Summer,8616,78,36.71,0.009053
2023-05-19,CO,Inspiration | Summer,6390,107,44.26,0.016745
2023-05-20,CO,Inspiration | Summer,8431,110,44.44,0.013047
2023-05-21,CO,Inspiration | Summer,6207,95,38.54,0.015305
2023-05-15,UT,Inspiration | Winter,12132,107,70.3,0.00882
2023-05-16,UT,Inspiration | Winter,8414,116,61.32,0.013787
2023-05-17,UT,Inspiration | Winter,8691,116,70.27,0.013347
2023-05-18,UT,Inspiration | Winter,8995,88,53.41,0.009783
2023-05-19,UT,Inspiration | Winter,9634,109,67.43,0.011314
2023-05-20,UT,Inspiration | Winter,9933,113,54.23,0.011376
2023-05-21,UT,Inspiration | Winter,10489,108,60.07,0.010297
2023-05-15,UT,Inspiration | Summer,5496,80,37.04,0.014556
2023-05-16,UT,Inspiration | Summer,6369,95,30.58,0.014916
2023-05-17,UT,Inspiration | Summer,6580,96,37.95,0.01459
2023-05-18,UT,Inspiration | Summer,7304,84,42.85,0.011501
2023-05-19,UT,Inspiration | Summer,5126,71,42.08,0.013851
2023-05-20,UT,Inspiration | Summer,6720,86,33.41,0.012798
2023-05-21,UT,Inspiration | Summer,7084,77,35.23,0.01087
2023-05-15,CA,Inspiration | Winter,8788,72,46.15,0.008193
2023-05-16,CA,Inspiration | Winter,7707,102,56.23,0.013235
2023-05-17,CA,Inspiration | Winter,8930,105,62.49,0.011758
2023-05-18,CA,Inspiration | Winter,9456,106,58.61,0.01121
2023-05-19,CA,Inspiration | Winter,8988,84,59.21,0.009346
2023-05-20,CA,Inspiration | Winter,9279,93,62.0,0.010023
2023-05-21,CA,Inspiration | Winter,11103,105,66.51,0.009457
2023-05-15,CA,Inspiration | Summer,5225,101,35.71,0.01933
2023-05-16,CA,Inspiration | Summer,6564,86,41.5,0.013102
2023-05-17,CA,Inspiration | Summer,6531,76,38.37,0.011637
2023-05-18,CA,Inspiration | Summer,6142,95,39.01,0.015467
2023-05-19,CA,Inspiration | Summer,6805,74,28.87,0.010874
2023-05-20,CA,Inspiration | Summer,6726,83,40.69,0.01234
2023-05-21,CA,Inspiration | Summer,5722,94,29.39,0.016428
2023-05-15,PN,Inspiration | Winter,6553,71,47.02,0.010835
2023-05-16,PN,Inspiration | Winter,7324,103,56.27,0.014063
2023-05-17,PN,Inspiration | Winter,7316,78,46.9,0.010662
2023-05-18,PN,Inspiration | Winter,7412,97,42.14,0.013087
2023-05-19,PN,Inspiration | Winter,7432,80,43.07,0.010764
2023-05-20,PN,Inspiration | Winter,7714,90,48.67,0.011667
2023-05-21,PN,Inspiration | Winter,7361,79,43.05,0.010732
2023-05-15,PN,Inspiration | Summer,5822,84,40.99,0.014428
2023-05-16,PN,Inspiration | Summer,7193,92,29.56,0.01279
2023-05-17,PN,Inspiration | Summer,6737,84,40.97,0.012468
2023-05-18,PN,Inspiration | Summer,5552,91,30.83,0.01639
2023-05-19,PN,Inspiration | Summer,5634,70,44.2,0.012425
2023-05-20,PN,Inspiration | Summer,6536,92,38.37,0.014076
2023-05-21,PN,Inspiration | Summer,7244,93,34.44,0.012838
2023-05-15,NE,Inspiration | Winter,9409,94,50.25,0.00999
2023-05-16,NE,Inspiration | Winter,6538,88,47.15,0.01346
2023-05-17,NE,Inspiration | Winter,8811,99,43.06,0.011236
2023-05-18,NE,Inspiration | Winter,7439,75,52.54,0.010082
2023-05-19,NE,Inspiration | Winter,8874,78,43.42,0.00879
2023-05-20,NE,Inspiration | Winter,7065,90,57.59,0.012739
2023-05-21,NE,Inspiration | Winter,7296,108,60.75,0.014803
2023-05-15,NE,Inspiration | Summer,6202,86,37.76,0.013866
2023-05-16,NE,Inspiration | Summer,7020,71,38.48,0.010114
2023-05-17,NE,Inspiration | Summer,5311,82,38.77,0.01544
2023-05-18,NE,Inspiration | Summer,6723,90,34.35,0.013387
2023-05-19,NE,Inspiration | Summer,7113,90,33.62,0.012653
2023-05-20,NE,Inspiration | Summer,5102,97,32.22,0.019012
2023-05-21,NE,Inspiration | Summer,5509,75,34.08,0.013614
2023-05-22,CO,Inspiration | Winter,10466,145,62.96,0.013854
2023-05-23,CO,Inspiration | Winter,11467,128,87.84,0.011162
2023-05-24,CO,Inspiration | Winter,14372,106,84.14,0.007375
2023-05-25,CO,Inspiration | Winter,11064,139,82.31,0.012563
2023-05-26,CO,Inspiration | Winter,10039,98,73.67,0.009762
2023-05-27,CO,Inspiration | Winter,13458,111,68.18,0.008248
2023-05-28,CO,Inspiration | Winter,12561,132,74.85,0.010509
2023-05-22,CO,Inspiration | Summer,9658,102,45.53,0.010561
2023-05-23,CO,Inspiration | Summer,8680,107,60.18,0.012327
2023-05-24,CO,Inspiration | Summer,10796,129,59.18,0.011949
2023-05-25,CO,Inspiration | Summer,8633,109,46.62,0.012626
2023-05-26,CO,Inspiration | Summer,10094,135,65.37,0.013374
2023-05-27,CO,Inspiration | Summer,8727,140,53.83,0.016042
2023-05-28,CO,Inspiration | Summer,8181,111,44.95,0.013568
2023-05-22,UT,Inspiration | Winter,7878,90,54.17,0.011424
2023-05-23,UT,Inspiration | Winter,8772,118,70.61,0.013452
2023-05-24,UT,Inspiration | Winter,10064,102,49.91,0.010135
2023-05-25,UT,Inspiration | Winter,10495,105,74.55,0.010005
2023-05-26,UT,Inspiration | Winter,8561,95,52.54,0.011097
2023-05-27,UT,Inspiration | Winter,7240,119,49.1,0.016436
2023-05-28,UT,Inspiration | Winter,10860,111,57.89,0.010221
2023-05-22,UT,Inspiration | Summer,5749,96,39.5,0.016699
2023-05-23,UT,Inspiration | Summer,7471,78,36.41,0.01044
2023-05-24,UT,Inspiration | Summer,7137,66,35.9,0.009248
2023-05-25,UT,Inspiration | Summer,7046,99,40.05,0.014051
2023-05-26,UT,Inspiration | Summer,6446,82,30.76,0.012721
2023-05-27,UT,Inspiration | Summer,5396,64,39.63,0.011861
2023-05-28,UT,Inspiration | Summer,6760,82,44.56,0.01213
2023-05-22,CA,Inspiration | Winter,8328,100,55.57,0.012008
2023-05-23,CA,Inspiration | Winter,7846,108,57.07,0.013765
2023-05-24,CA,Inspiration | Winter,11219,93,50.58,0.00829
2023-05-25,CA,Inspiration | Winter,8444,118,53.55,0.013974
2023-05-26,CA,Inspiration | Winter,8097,96,57.34,0.011856
2023-05-27,CA,Inspiration | Winter,8879,103,68.19,0.0116
2023-05-28,CA,Inspiration | Winter,10760,88,64.57,0.008178
2023-05-22,CA,Inspiration | Summer,6595,69,43.68,0.010462
2023-05-23,CA,Inspiration | Summer,5357,87,32.91,0.01624
2023-05-24,CA,Inspiration | Summer,6265,68,34.05,0.010854
2023-05-25,CA,Inspiration | Summer,5441,87,34.62,0.01599
2023-05-26,CA,Inspiration | Summer,5590,83,37.81,0.014848
2023-05-27,CA,Inspiration | Summer,7343,93,43.65,0.012665
2023-05-28,CA,Inspiration | Summer,7731,71,30.35,0.009184
2023-05-22,PN,Inspiration | Winter,8471,88,64.42,0.010388
2023-05-23,PN,Inspiration | Winter,7672,111,59.41,0.014468
2023-05-24,PN,Inspiration | Winter,8293,111,55.4,0.013385
2023-05-25,PN,Inspiration | Winter,10944,105,59.31,0.009594
2023-05-26,PN,Inspiration | Winter,10994,118,54.25,0.010733
2023-05-27,PN,Inspiration | Winter,9620,118,59.71,0.012266
2023-05-28,PN,Inspiration | Winter,9565,92,67.08,0.009618
2023-05-22,PN,Inspiration | Summer,7694,78,40.52,0.010138
2023-05-23,PN,Inspiration | Summer,6884,79,41.3,0.011476
2023-05-24,PN,Inspiration | Summer,6440,69,30.65,0.010714
2023-05-25,PN,Inspiration | Summer,5797,90,37.72,0.015525
2023-05-26,PN,Inspiration | Summer,5761,72,34.0,0.012498
2023-05-27,PN,Inspiration | Summer,6017,91,39.47,0.015124
2023-05-28,PN,Inspiration | Summer,5063,87,29.54,0.017183
2023-05-22,NE,Inspiration | Winter,5834,75,43.56,0.012856
2023-05-23,NE,Inspiration | Winter,6439,82,48.46,0.012735
2023-05-24,NE,Inspiration | Winter,7925,90,48.12,0.011356
2023-05-25,NE,Inspiration | Winter,8648,83,44.16,0.009598
2023-05-26,NE,Inspiration | Winter,6384,82,44.55,0.012845
2023-05-27,NE,Inspiration | Winter,7219,74,44.7,0.010251
2023-05-28,NE,Inspiration | Winter,7469,90,45.93,0.01205
2023-05-22,NE,Inspiration | Summer,6523,75,29.7,0.011498
2023-05-23,NE,Inspiration | Summer,5208,87,38.22,0.016705
2023-05-24,NE,Inspiration | Summer,4654,63,39.33,0.013537
2023-05-25,NE,Inspiration | Summer,4917,74,25.93,0.01505
2023-05-26,NE,Inspiration | Summer,6689,80,27.75,0.01196
2023-05-27,NE,Inspiration | Summer,6156,85,38.79,0.013808
2023-05-28,NE,Inspiration | Summer,5524,78,30.36,0.01412
2023-05-29,CO,Inspiration | Winter,11361,121,61.2,0.01065
2023-05-30,CO,Inspiration | Winter,9121,142,63.3,0.015568
2023-05-31,CO,Inspiration | Winter,8449,112,57.77,0.013256
2023-06-01,CO,Inspiration | Winter,12352,102,71.91,0.008258
2023-06-02,CO,Inspiration | Winter,9178,102,77.39,0.011114
2023-06-03,CO,Inspiration | Winter,10482,112,63.42,0.010685
2023-06-04,CO,Inspiration | Winter,10719,96,63.66,0.008956
2023-05-29,CO,Inspiration | Summer,8320,131,39.19,0.015745
2023-05-30,CO,Inspiration | Summer,9483,103,53.65,0.010862
2023-05-31,CO,Inspiration | Summer,8569,98,56.17,0.011437
2023-06-01,CO,Inspiration | Summer,8158,122,54.4,0.014955
2023-06-02,CO,Inspiration | Summer,8680,127,37.66,0.014631
2023-06-03,CO,Inspiration | Summer,7122,114,54.6,0.016007
2023-06-04,CO,Inspiration | Summer,9433,110,50.96,0.011661
2023-05-29,UT,Inspiration | Winter,10185,87,60.98,0.008542
2023-05-30,UT,Inspiration | Winter,9954,92,52.1,0.009243
2023-05-31,UT,Inspiration | Winter,10160,82,52.76,0.008071
2023-06-01,UT,Inspiration | Winter,9162,126,52.9,0.013752
2023-06-02,UT,Inspiration | Winter,9257,123,70.01,0.013287
2023-06-03,UT,Inspiration | Winter,10320,99,75.08,0.009593
2023-06-04,UT,Inspiration | Winter,9003,105,71.62,0.011663
2023-05-29,UT,Inspiration | Summer,6166,72,36.75,0.011677
2023-05-30,UT,Inspiration | Summer,5214,66,35.65,0.012658
2023-05-31,UT,Inspiration | Summer,6618,88,34.07,0.013297
2023-06-01,UT,Inspiration | Summer,5090,85,39.45,0.016699
2023-06-02,UT,Inspiration | Summer,5943,96,27.25,0.016153
2023-06-03,UT,Inspiration | Summer,5608,65,30.93,0.011591
2023-06-04,UT,Inspiration | Summer,6606,81,35.12,0.012262
2023-05-29,CA,Inspiration | Winter,9537,127,55.51,0.013317
2023-05-30,CA,Inspiration | Winter,12438,121,79.99,0.009728
2023-05-31,CA,Inspiration | Winter,8852,94,81.82,0.010619
2023-06-01,CA,Inspiration | Winter,11169,125,55.45,0.011192
2023-06-02,CA,Inspiration | Winter,10352,114,66.69,0.011012
2023-06-03,CA,Inspiration | Winter,8794,103,56.11,0.011713
2023-06-04,CA,Inspiration | Winter,12258,101,74.19,0.00824
2023-05-29,CA,Inspiration | Summer,7930,112,52.0,0.014124
2023-05-30,CA,Inspiration | Summer,9515,97,47.23,0.010194
2023-05-31,CA,Inspiration | Summer,6807,114,49.33,0.016747
2023-06-01,CA,Inspiration | Summer,9171,128,46.39,0.013957
2023-06-02,CA,Inspiration | Summer,9930,102,54.62,0.010272
2023-06-03,CA,Inspiration | Summer,9236,84,54.7,0.009095
2023-06-04,CA,Inspiration | Summer,7680,108,45.29,0.014063
2023-05-29,PN,Inspiration | Winter,6715,71,45.06,0.010573
2023-05-30,PN,Inspiration | Winter,7254,80,43.27,0.011028
2023-05-31,PN,Inspiration | Winter,7549,83,40.92,0.010995
2023-06-01,PN,Inspiration | Winter,7938,80,58.54,0.010078
2023-06-02,PN,Inspiration | Winter,7422,78,50.56,0.010509
2023-06-03,PN,Inspiration | Winter,6977,83,48.61,0.011896
2023-06-04,PN,Inspiration | Winter,7519,78,41.83,0.010374
2023-05-29,PN,Inspiration | Summer,6251,94,37.69,0.015038
2023-05-30,PN,Inspiration | Summer,7531,79,46.89,0.01049
2023-05-31,PN,Inspiration | Summer,5840,98,37.22,0.016781
2023-06-01,PN,Inspiration | Summer,7535,99,41.31,0.013139
2023-06-02,PN,Inspiration | Summer,7442,91,39.06,0.012228
2023-06-03,PN,Inspiration | Summer,6357,71,38.03,0.011169
2023-06-04,PN,Inspiration | Summer,7745,99,42.27,0.012782
2023-05-29,NE,Inspiration | Winter,6514,69,40.25,0.010593
2023-05-30,NE,Inspiration | Winter,5549,68,36.07,0.012254
2023-05-31,NE,Inspiration | Winter,7280,83,37.0,0.011401
2023-06-01,NE,Inspiration | Winter,7681,66,35.29,0.008593
2023-06-02,NE,Inspiration | Winter,5260,70,36.47,0.013308
2023-06-03,NE,Inspiration | Winter,5603,63,44.4,0.011244
2023-06-04,NE,Inspiration | Winter,5161,72,46.03,0.013951
2023-05-29,NE,Inspiration | Summer,5933,78,29.77,0.013147
2023-05-30,NE,Inspiration | Summer,5935,73,33.24,0.0123
2023-05-31,NE,Inspiration | Summer,4763,57,29.09,0.011967
2023-06-01,NE,Inspiration | Summer,5005,77,30.81,0.015385
2023-06-02,NE,Inspiration | Summer,5930,69,32.26,0.011636
2023-06-03,NE,Inspiration | Summer,5777,54,34.18,0.009347
2023-06-04,NE,Inspiration | Summer,5197,61,34.17,0.011738
2023-06-05,CO,Inspiration | Winter,9424,129,69.15,0.013688
2023-06-06,CO,Inspiration | Winter,9711,109,77.79,0.011224
2023-06-07,CO,Inspiration | Winter,14337,101,77.45,0.007045
2023-06-08,CO,Inspiration | Winter,12193,106,72.54,0.008694
2023-06-09,CO,Inspiration | Winter,14387,123,77.21,0.008549
2023-06-10,CO,Inspiration | Winter,9498,136,68.11,0.014319
2023-06-11,CO,Inspiration | Winter,9806,136,65.63,0.013869
2023-06-05,CO,Inspiration | Summer,8397,92,43.2,0.010956
2023-06-06,CO,Inspiration | Summer,8520,112,58.11,0.013146
2023-06-07,CO,Inspiration | Summer,7088,115,48.73,0.016225
2023-06-08,CO,Inspiration | Summer,7785,114,45.35,0.014644
2023-06-09,CO,Inspiration | Summer,8875,79,43.79,0.008901
2023-06-10,CO,Inspiration | Summer,7205,82,45.19,0.011381
2023-06-11,CO,Inspiration | Summer,8024,89,39.82,0.011092
2023-06-05,UT,Inspiration | Winter,8287,107,62.54,0.012912
2023-06-06,UT,Inspiration | Winter,8664,79,42.3,0.009118
2023-06-07,UT,Inspiration | Winter,8505,85,43.27,0.009994
2023-06-08,UT,Inspiration | Winter,6502,78,53.75,0.011996
2023-06-09,UT,Inspiration | Winter,7383,104,42.12,0.014086
2023-06-10,UT,Inspiration | Winter,8991,100,63.94,0.011122
2023-06-11,UT,Inspiration | Winter,8955,103,58.72,0.011502
2023-06-05,UT,Inspiration | Summer,8357,91,47.37,0.010889
2023-06-06,UT,Inspiration | Summer,8562,90,34.25,0.010512
2023-06-07,UT,Inspiration | Summer,6909,87,33.87,0.012592
2023-06-08,UT,Inspiration | Summer,6644,85,42.91,0.012793
2023-06-09,UT,Inspiration | Summer,6543,83,50.8,0.012685
2023-06-10,UT,Inspiration | Summer,6715,87,46.2,0.012956
2023-06-11,UT,Inspiration | Summer,7470,116,41.55,0.015529
2023-06-05,CA,Inspiration | Winter,8258,117,59.18,0.014168
2023-06-06,CA,Inspiration | Winter,9903,78,53.69,0.007876
2023-06-07,CA,Inspiration | Winter,11005,106,56.22,0.009632
2023-06-08,CA,Inspiration | Winter,9413,117,64.42,0.01243
2023-06-09,CA,Inspiration | Winter,7899,91,64.79,0.01152
2023-06-10,CA,Inspiration | Winter,8481,91,63.47,0.01073
2023-06-11,CA,Inspiration | Winter,8803,118,46.31,0.013405
2023-06-05,CA,Inspiration | Summer,6887,98,54.76,0.01423
2023-06-06,CA,Inspiration | Summer,7257,120,40.17,0.016536
2023-06-07,CA,Inspiration | Summer,8482,79,39.02,0.009314
2023-06-08,CA,Inspiration | Summer,8796,90,40.83,0.010232
2023-06-09,CA,Inspiration | Summer,6575,87,40.92,0.013232
2023-06-10,CA,Inspiration | Summer,8582,94,48.42,0.010953
2023-06-11,CA,Inspiration | Summer,8597,111,55.92,0.012911
2023-06-05,PN,Inspiration | Winter,7414,90,62.33,0.012139
2023-06-06,PN,Inspiration | Winter,9875,84,49.9,0.008506
2023-06-07,PN,Inspiration | Winter,8720,110,66.32,0.012615
2023-06-08,PN,Inspiration | Winter,10852,97,52.36,0.008938
2023-06-09,PN,Inspiration | Winter,10130,93,55.87,0.009181
2023-06-10,PN,Inspiration | Winter,7989,102,60.23,0.012768
2023-06-11,PN,Inspiration | Winter,7271,103,51.4,0.014166
2023-06-05,PN,Inspiration | Summer,7342,76,38.64,0.010351
2023-06-06,PN,Inspiration | Summer,5281,78,36.84,0.01477
2023-06-07,PN,Inspiration | Summer,7288,74,36.21,0.010154
2023-06-08,PN,Inspiration | Summer,7298,74,42.09,0.01014
2023-06-09,PN,Inspiration | Summer,5407,87,40.35,0.01609
2023-06-10,PN,Inspiration | Summer,5814,87,31.03,0.014964
2023-06-11,PN,Inspiration | Summer,5469,82,29.43,0.014994
2023-06-05,NE,Inspiration | Winter,7802,82,52.33,0.01051
2023-06-06,NE,Inspiration | Winter,7488,78,41.18,0.010417
2023-06-07,NE,Inspiration | Winter,7754,76,56.78,0.009801
2023-06-08,NE,Inspiration | Winter,8085,91,55.57,0.011255
2023-06-09,NE,Inspiration | Winter,8368,98,51.7,0.011711
2023-06-10,NE,Inspiration | Winter,7722,114,49.16,0.014763
2023-06-11,NE,Inspiration | Winter,7915,75,46.13,0.009476
2023-06-05,NE,Inspiration | Summer,5222,75,30.53,0.014362
2023-06-06,NE,Inspiration | Summer,5911,91,42.05,0.015395
2023-06-07,NE,Inspiration | Summer,6113,67,35.9,0.01096
2023-06-08,NE,Inspiration | Summer,6942,66,31.41,0.009507
2023-06-09,NE,Inspiration | Summer,5896,79,27.63,0.013399
2023-06-10,NE,Inspiration | Summer,4698,68,28.53,0.014474
2023-06-11,NE,Inspiration | Summer,6279,72,42.1,0.011467
2023-06-12,CO,Inspiration | Winter,12005,118,84.4,0.009829
2023-06-13,CO,Inspiration | Winter,8604,144,57.68,0.016736
2023-06-14,CO,Inspiration | Winter,9018,117,59.6,0.012974
2023-06-15,CO,Inspiration | Winter,11574,97,69.85,0.008381
2023-06-16,CO,Inspiration | Winter,12136,120,57.27,0.009888
2023-06-17,CO,Inspiration | Winter,10438,121,68.81,0.011592
2023-06-18,CO,Inspiration | Winter,10575,136,78.22,0.012861
2023-06-12,CO,Inspiration | Summer,6442,86,37.31,0.01335
2023-06-13,CO,Inspiration | Summer,5462,70,35.75,0.012816
2023-06-14,CO,Inspiration | Summer,7382,75,34.44,0.01016
2023-06-15,CO,Inspiration | Summer,7980,108,50.37,0.013534
2023-06-16,CO,Inspiration | Summer,7270,74,43.22,0.010179
2023-06-17,CO,Inspiration | Summer,7711,94,34.76,0.01219
2023-06-18,CO,Inspiration | Summer,5475,78,40.93,0.014247
2023-06-12,UT,Inspiration | Winter,10104,108,50.74,0.010689
2023-06-13,UT,Inspiration | Winter,7520,112,60.62,0.014894
2023-06-14,UT,Inspiration | Winter,10758,89,70.22,0.008273
2023-06-15,UT,Inspiration | Winter,9727,123,70.31,0.012645
2023-06-16,UT,Inspiration | Winter,10813,93,61.99,0.008601
2023-06-17,UT,Inspiration | Winter,8094,88,45.83,0.010872
2023-06-18,UT,Inspiration | Winter,8442,120,59.23,0.014215
2023-06-12,UT,Inspiration | Summer,5430,82,32.97,0.015101
2023-06-13,UT,Inspiration | Summer,7397,71,44.21,0.009598
2023-06-14,UT,Inspiration | Summer,5853,70,45.66,0.01196
2023-06-15,UT,Inspiration | Summer,5478,86,45.26,0.015699
2023-06-16,UT,Inspiration | Summer,7793,86,35.55,0.011036
2023-06-17,UT,Inspiration | Summer,6433,84,32.08,0.013058
2023-06-18,UT,Inspiration | Summer,7774,80,31.99,0.010291
2023-06-12,CA,Inspiration | Winter,10002,74,45.9,0.007399
2023-06-13,CA,Inspiration | Winter,8188,91,43.95,0.011114
2023-06-14,CA,Inspiration | Winter,7219,107,51.22,0.014822
2023-06-15,CA,Inspiration | Winter,8298,84,52.16,0.010123
2023-06-16,CA,Inspiration | Winter,8280,105,54.45,0.012681
2023-06-17,CA,Inspiration | Winter,8157,100,63.2,0.012259
2023-06-18,CA,Inspiration | Winter,7359,109,57.14,0.014812
2023-06-12,CA,Inspiration | Summer,6583,100,33.25,0.015191
2023-06-13,CA,Inspiration | Summer,5930,80,32.02,0.013491
2023-06-14,CA,Inspiration | Summer,7452,91,41.44,0.012211
2023-06-15,CA,Inspiration | Summer,5765,96,43.91,0.016652
2023-06-16,CA,Inspiration | Summer,6579,73,31.73,0.011096
2023-06-17,CA,Inspiration | Summer,5636,75,39.29,0.013307
2023-06-18,CA,Inspiration | Summer,7375,93,41.22,0.01261
2023-06-12,PN,Inspiration | Winter,10079,99,52.54,0.009822
2023-06-13,PN,Inspiration | Winter,10275,86,55.59,0.00837
2023-06-14,PN,Inspiration | Winter,11012,88,74.23,0.007991
2023-06-15,PN,Inspiration | Winter,7625,83,48.2,0.010885
2023-06-16,PN,Inspiration | Winter,8754,102,64.44,0.011652
2023-06-17,PN,Inspiration | Winter,8717,102,65.16,0.011701
2023-06-18,PN,Inspiration | Winter,7773,107,50.93,0.013766
2023-06-12,PN,Inspiration | Summer,5510,64,40.05,0.011615
2023-06-13,PN,Inspiration | Summer,6162,74,32.49,0.012009
2023-06-14,PN,Inspiration | Summer,6528,79,36.38,0.012102
2023-06-15,PN,Inspiration | Summer,6702,84,35.27,0.012534
2023-06-16,PN,Inspiration | Summer,6418,76,31.37,0.011842
2023-06-17,PN,Inspiration | Summer,5227,77,31.88,0.014731
2023-06-18,PN,Inspiration | Summer,6635,87,43.01,0.013112
2023-06-12,NE,Inspiration | Winter,6262,68,42.03,0.010859
2023-06-13,NE,Inspiration | Winter,6830,93,42.91,0.013616
2023-06-14,NE,Inspiration | Winter,6490,63,42.31,0.009707
2023-06-15,NE,Inspiration | Winter,4970,69,45.44,0.013883
2023-06-16,NE,Inspiration | Winter,7257,89,30.02,0.012264
2023-06-17,NE,Inspiration | Winter,5439,72,36.25,0.013238
2023-06-18,NE,Inspiration | Winter,7173,63,45.34,0.008783
2023-06-12,NE,Inspiration | Summer,5530,82,40.62,0.014828
2023-06-13,NE,Inspiration | Summer,7625,70,30.46,0.00918
2023-06-14,NE,Inspiration | Summer,5789,97,38.06,0.016756
2023-06-15,NE,Inspiration | Summer,7143,78,30.88,0.01092
2023-06-16,NE,Inspiration | Summer,7194,67,39.23,0.009313
2023-06-17,NE,Inspiration | Summer,5541,65,40.68,0.011731
2023-06-18,NE,Inspiration | Summer,5459,89,36.91,0.016303
2023-06-19,CO,Inspiration | Winter,9287,83,54.61,0.008937
2023-06-20,CO,Inspiration | Winter,7280,86,59.99,0.011813
2023-06-21,CO,Inspiration | Winter,10376,100,57.74,0.009638
2023-06-22,CO,Inspiration | Winter,8809,100,50.36,0.011352
2023-06-23,CO,Inspiration | Winter,7316,95,59.33,0.012985
2023-06-24,CO,Inspiration | Winter,10076,94,50.12,0.009329
2023-06-25,CO,Inspiration | Winter,8220,118,60.59,0.014355
2023-06-19,CO,Inspiration | Summer,8339,109,54.5,0.013071
2023-06-20,CO,Inspiration | Summer,9354,113,60.26,0.01208
2023-06-21,CO,Inspiration | Summer,10029,104,57.88,0.01037
2023-06-22,CO,Inspiration | Summer,10545,105,42.5,0.009957
2023-06-23,CO,Inspiration | Summer,8759,113,58.01,0.012901
2023-06-24,CO,Inspiration | Summer,9296,104,44.17,0.011188
2023-06-25,CO,Inspiration | Summer,7902,142,55.19,0.01797
2023-06-19,UT,Inspiration | Winter,8771,96,56.05,0.010945
2023-06-20,UT,Inspiration | Winter,8633,87,46.6,0.010078
2023-06-21,UT,Inspiration | Winter,9291,69,64.52,0.007427
2023-06-22,UT,Inspiration | Winter,7994,100,54.48,0.012509
2023-06-23,UT,Inspiration | Winter,8671,90,50.99,0.010379
2023-06-24,UT,Inspiration | Winter,8111,94,62.81,0.011589
2023-06-25,UT,Inspiration | Winter,8909,100,50.98,0.011225
2023-06-19,UT,Inspiration | Summer,6348,113,44.93,0.017801
2023-06-20,UT,Inspiration | Summer,8317,128,51.98,0.01539
2023-06-21,UT,Inspiration | Summer,6310,96,44.46,0.015214
2023-06-22,UT,Inspiration | Summer,8246,93,36.78,0.011278
2023-06-23,UT,Inspiration | Summer,8610,123,39.78,0.014286
2023-06-24,UT,Inspiration | Summer,8690,84,47.08,0.009666
2023-06-25,UT,Inspiration | Summer,7126,91,46.14,0.01277
2023-06-19,CA,Inspiration | Winter,9773,88,53.31,0.009004
2023-06-20,CA,Inspiration | Winter,7580,98,56.27,0.012929
2023-06-21,CA,Inspiration | Winter,7343,96,58.1,0.013074
2023-06-22,CA,Inspiration | Winter,6969,88,53.97,0.012627
2023-06-23,CA,Inspiration | Winter,9641,72,51.05,0.007468
2023-06-24,CA,Inspiration | Winter,7905,100,39.61,0.01265
2023-06-25,CA,Inspiration | Winter,7344,100,49.63,0.013617
2023-06-19,CA,Inspiration | Summer,6645,75,37.01,0.011287
2023-06-20,CA,Inspiration | Summer,5518,93,37.63,0.016854
2023-06-21,CA,Inspiration | Summer,7834,84,37.13,0.010722
2023-06-22,CA,Inspiration | Summer,6999,70,41.51,0.010001
2023-06-23,CA,Inspiration | Summer,6515,101,37.83,0.015503
2023-06-24,CA,Inspiration | Summer,5968,94,34.29,0.015751
2023-06-25,CA,Inspiration | Summer,5801,99,37.24,0.017066
2023-06-19,PN,Inspiration | Winter,9367,81,57.82,0.008647
2023-06-20,PN,Inspiration | Winter,8333,84,46.87,0.01008
2023-06-21,PN,Inspiration | Winter,7637,93,58.63,0.012178
2023-06-22,PN,Inspiration | Winter,9881,95,47.32,0.009614
2023-06-23,PN,Inspiration | Winter,6752,114,46.68,0.016884
2023-06-24,PN,Inspiration | Winter,6772,80,56.96,0.011813
2023-06-25,PN,Inspiration | Winter,8669,109,53.16,0.012574
2023-06-19,PN,Inspiration | Summer,6062,76,34.31,0.012537
2023-06-20,PN,Inspiration | Summer,6135,88,38.19,0.014344
2023-06-21,PN,Inspiration | Summer,6652,79,31.31,0.011876
2023-06-22,PN,Inspiration | Summer,4804,59,34.38,0.012281
2023-06-23,PN,Inspiration | Summer,5118,86,29.49,0.016803
2023-06-24,PN,Inspiration | Summer,6252,77,34.87,0.012316
2023-06-25,PN,Inspiration | Summer,6682,82,39.33,0.012272
2023-06-19,NE,Inspiration | Winter,6739,85,31.66,0.012613
2023-06-20,NE,Inspiration | Winter,5950,59,35.45,0.009916
2023-06-21,NE,Inspiration | Winter,6980,67,39.58,0.009599
2023-06-22,NE,Inspiration | Winter,5870,77,47.74,0.013118
2023-06-23,NE,Inspiration | Winter,4924,81,45.9,0.01645
2023-06-24,NE,Inspiration | Winter,7119,88,44.97,0.012361
2023-06-25,NE,Inspiration | Winter,6745,59,38.4,0.008747
2023-06-19,NE,Inspiration | Summer,4031,53,31.32,0.013148
2023-06-20,NE,Inspiration | Summer,4563,60,25.84,0.013149
2023-06-21,NE,Inspiration | Summer,6157,77,36.81,0.012506
2023-06-22,NE,Inspiration | Summer,5891,65,32.93,0.011034
2023-06-23,NE,Inspiration | Summer,5930,54,29.71,0.009106
2023-06-24,NE,Inspiration | Summer,5703,69,28.37,0.012099
2023-06-25,NE,Inspiration | Summer,5077,73,31.67,0.014379
2023-06-26,CO,Inspiration | Winter,12044,107,77.79,0.008884
2023-06-27,CO,Inspiration | Winter,10280,98,80.08,0.009533
2023-06-28,CO,Inspiration | Winter,9959,108,57.62,0.010844
2023-06-29,CO,Inspiration | Winter,12913,127,63.31,0.009835
2023-06-30,CO,Inspiration | Winter,9542,141,57.48,0.014777
2023-07-01,CO,Inspiration | Winter,8409,100,74.54,0.011892
2023-07-02,CO,Inspiration | Winter,11842,110,69.12,0.009289
2023-06-26,CO,Inspiration | Summer,8220,107,51.61,0.013017
2023-06-27,CO,Inspiration | Summer,7121,80,40.32,0.011234
2023-06-28,CO,Inspiration | Summer,7487,116,34.52,0.015494
2023-06-29,CO,Inspiration | Summer,7716,111,39.77,0.014386
2023-06-30,CO,Inspiration | Summer,8251,84,47.41,0.010181
2023-07-01,CO,Inspiration | Summer,6572,95,51.65,0.014455
2023-07-02,CO,Inspiration | Summer,8347,91,46.25,0.010902
2023-06-26,UT,Inspiration | Winter,9498,84,64.19,0.008844
2023-06-27,UT,Inspiration | Winter,7970,102,56.84,0.012798
2023-06-28,UT,Inspiration | Winter,8072,107,49.36,0.013256
2023-06-29,UT,Inspiration | Winter,9492,99,65.77,0.01043
2023-06-30,UT,Inspiration | Winter,9878,87,63.77,0.008807
2023-07-01,UT,Inspiration | Winter,10976,105,64.75,0.009566
2023-07-02,UT,Inspiration | Winter,10074,97,57.48,0.009629
2023-06-26,UT,Inspiration | Summer,6308,81,32.73,0.012841
2023-06-27,UT,Inspiration | Summer,5867,64,35.88,0.010908
2023-06-28,UT,Inspiration | Summer,6932,74,31.9,0.010675
2023-06-29,UT,Inspiration | Summer,6541,77,39.3,0.011772
2023-06-30,UT,Inspiration | Summer,5432,67,38.55,0.012334
2023-07-01,UT,Inspiration | Summer,4906,76,30.53,0.015491
2023-07-02,UT,Inspiration | Summer,5971,71,34.47,0.011891
2023-06-26,CA,Inspiration | Winter,10000,98,69.33,0.0098
2023-06-27,CA,Inspiration | Winter,11101,103,77.54,0.009278
2023-06-28,CA,Inspiration | Winter,11226,113,51.97,0.010066
2023-06-29,CA,Inspiration | Winter,8698,112,61.02,0.012877
2023-06-30,CA,Inspiration | Winter,9189,122,54.1,0.013277
2023-07-01,CA,Inspiration | Winter,12023,111,74.27,0.009232
2023-07-02,CA,Inspiration | Winter,10572,89,77.74,0.008418
2023-06-26,CA,Inspiration | Summer,8754,125,44.68,0.014279
2023-06-27,CA,Inspiration | Summer,7213,85,48.49,0.011784
2023-06-28,CA,Inspiration | Summer,6861,92,48.84,0.013409
2023-06-29,CA,Inspiration | Summer,7757,122,42.32,0.015728
2023-06-30,CA,Inspiration | Summer,8613,118,46.96,0.0137
2023-07-01,CA,Inspiration | Summer,9584,96,54.3,0.010017
2023-07-02,CA,Inspiration | Summer,7531,99,41.02,0.013146
2023-06-26,PN,Inspiration | Winter,8157,83,50.56,0.010175
2023-06-27,PN,Inspiration | Winter,8822,112,58.1,0.012696
2023-06-28,PN,Inspiration | Winter,9731,108,41.06,0.011099
2023-06-29,PN,Inspiration | Winter,7416,96,55.98,0.012945
2023-06-30,PN,Inspiration | Winter,7954,99,50.1,0.012447
2023-07-01,PN,Inspiration | Winter,9061,91,52.09,0.010043
2023-07-02,PN,Inspiration | Winter,6681,90,62.17,0.013471
2023-06-26,PN,Inspiration | Summer,6713,81,33.9,0.012066
2023-06-27,PN,Inspiration | Summer,6399,92,37.74,0.014377
2023-06-28,PN,Inspiration | Summer,5388,67,32.89,0.012435
2023-06-29,PN,Inspiration | Summer,7021,92,38.94,0.013104
2023-06-30,PN,Inspiration | Summer,6219,92,43.17,0.014793
2023-07-01,PN,Inspiration | Summer,7205,62,39.56,0.008605
2023-07-02,PN,Inspiration | Summer,7478,79,43.07,0.010564
2023-06-26,NE,Inspiration | Winter,6495,59,39.22,0.009084
2023-06-27,NE,Inspiration | Winter,6519,53,41.32,0.00813
2023-06-28,NE,Inspiration | Winter,5003,73,43.18,0.014591
2023-06-29,NE,Inspiration | Winter,6707,65,35.38,0.009691
2023-06-30,NE,Inspiration | Winter,6895,60,38.11,0.008702
2023-07-01,NE,Inspiration | Winter,6606,67,45.36,0.010142
2023-07-02,NE,Inspiration | Winter,5764,78,38.97,0.013532
2023-06-26,NE,Inspiration | Summer,4559,86,32.4,0.018864
2023-06-27,NE,Inspiration | Summer,6722,77,30.18,0.011455
2023-06-28,NE,Inspiration | Summer,5895,81,27.28,0.01374
2023-06-29,NE,Inspiration | Summer,5316,71,39.84,0.013356
2023-06-30,NE,Inspiration | Summer,5500,86,39.91,0.015636
2023-07-01,NE,Inspiration | Summer,6030,60,30.67,0.00995
2023-07-02,NE,Inspiration | Summer,6765,82,36.28,0.012121
2023-07-03,CO,Inspiration | Winter,11470,102,55.0,0.008893
2023-07-04,CO,Inspiration | Winter,13497,143,79.43,0.010595
2023-07-05,CO,Inspiration | Winter,9882,138,72.21,0.013965
2023-07-06,CO,Inspiration | Winter,9856,135,83.84,0.013697
2023-07-07,CO,Inspiration | Winter,8886,127,64.36,0.014292
2023-07-08,CO,Inspiration | Winter,12013,126,83.8,0.010489
2023-07-09,CO,Inspiration | Winter,11582,116,55.35,0.010016
2023-07-03,CO,Inspiration | Summer,9513,149,53.11,0.015663
2023-07-04,CO,Inspiration | Summer,10106,131,55.66,0.012963
2023-07-05,CO,Inspiration | Summer,8726,128,59.09,0.014669
2023-07-06,CO,Inspiration | Summer,13140,148,70.33,0.011263
2023-07-07,CO,Inspiration | Summer,11752,123,55.92,0.010466
2023-07-08,CO,Inspiration | Summer,9129,138,64.51,0.015117
2023-07-09,CO,Inspiration | Summer,10336,146,63.06,0.014125
2023-07-03,UT,Inspiration | Winter,10960,161,89.81,0.01469
2023-07-04,UT,Inspiration | Winter,14277,124,72.59,0.008685
2023-07-05,UT,Inspiration | Winter,11021,121,70.6,0.010979
2023-07-06,UT,Inspiration | Winter,13619,141,71.09,0.010353
2023-07-07,UT,Inspiration | Winter,13295,149,71.9,0.011207
2023-07-08,UT,Inspiration | Winter,12592,109,90.21,0.008656
2023-07-09,UT,Inspiration | Winter,10787,132,87.73,0.012237
2023-07-03,UT,Inspiration | Summer,8656,117,44.26,0.013517
2023-07-04,UT,Inspiration | Summer,11211,126,48.84,0.011239
2023-07-05,UT,Inspiration | Summer,10565,109,52.28,0.010317
2023-07-06,UT,Inspiration | Summer,8836,125,64.4,0.014147
2023-07-07,UT,Inspiration | Summer,8736,127,51.53,0.014538
2023-07-08,UT,Inspiration | Summer,9629,116,59.56,0.012047
2023-07-09,UT,Inspiration | Summer,8980,92,65.49,0.010245
2023-07-03,CA,Inspiration | Winter,14488,145,76.11,0.010008
2023-07-04,CA,Inspiration | Winter,12565,113,86.17,0.008993
2023-07-05,CA,Inspiration | Winter,12493,116,66.04,0.009285
2023-07-06,CA,Inspiration | Winter,13769,146,93.06,0.010604
2023-07-07,CA,Inspiration | Winter,13674,152,94.84,0.011116
2023-07-08,CA,Inspiration | Winter,10683,127,87.03,0.011888
2023-07-09,CA,Inspiration | Winter,11186,156,65.44,0.013946
2023-07-03,CA,Inspiration | Summer,6706,86,39.14,0.012824
2023-07-04,CA,Inspiration | Summer,7406,108,49.01,0.014583
2023-07-05,CA,Inspiration | Summer,9601,101,53.6,0.01052
2023-07-06,CA,Inspiration | Summer,8805,102,50.48,0.011584
2023-07-07,CA,Inspiration | Summer,7660,124,53.74,0.016188
2023-07-08,CA,Inspiration | Summer,9683,85,45.95,0.008778
2023-07-09,CA,Inspiration | Summer,7301,91,39.62,0.012464
2023-07-03,PN,Inspiration | Winter,10110,118,53.54,0.011672
2023-07-04,PN,Inspiration | Winter,10528,122,54.45,0.011588
2023-07-05,PN,Inspiration | Winter,10949,105,52.85,0.00959
2023-07-06,PN,Inspiration | Winter,7311,85,61.65,0.011626
2023-07-07,PN,Inspiration | Winter,8237,83,77.55,0.010076
2023-07-08,PN,Inspiration | Winter,10264,112,72.35,0.010912
2023-07-09,PN,Inspiration | Winter,10511,116,62.23,0.011036
2023-07-03,PN,Inspiration | Summer,7172,124,54.16,0.017289
2023-07-04,PN,Inspiration | Summer,9059,110,46.29,0.012143
2023-07-05,PN,Inspiration | Summer,10038,101,47.74,0.010062
2023-07-06,PN,Inspiration | Summer,9528,131,51.29,0.013749
2023-07-07,PN,Inspiration | Summer,7135,113,46.82,0.015837
2023-07-08,PN,Inspiration | Summer,6922,99,51.41,0.014302
2023-07-09,PN,Inspiration | Summer,8782,117,42.38,0.013323
2023-07-03,NE,Inspiration | Winter,8554,116,47.55,0.013561
2023-07-04,NE,Inspiration | Winter,8851,90,60.75,0.010168
2023-07-05,NE,Inspiration | Winter,7905,97,54.55,0.012271
2023-07-06,NE,Inspiration | Winter,8615,118,57.01,0.013697
2023-07-07,NE,Inspiration | Winter,7816,95,53.65,0.012155
2023-07-08,NE,Inspiration | Winter,9784,80,53.28,0.008177
2023-07-09,NE,Inspiration | Winter,9320,104,62.59,0.011159
2023-07-03,NE,Inspiration | Summer,8191,77,39.83,0.009401
2023-07-04,NE,Inspiration | Summer,8204,104,37.1,0.012677
2023-07-05,NE,Inspiration | Summer,8689,93,43.28,0.010703
2023-07-06,NE,Inspiration | Summer,5998,100,52.64,0.016672
2023-07-07,NE,Inspiration | Summer,8501,100,46.63,0.011763
2023-07-08,NE,Inspiration | Summer,8381,88,55.93,0.0105
2023-07-09,NE,Inspiration | Summer,6854,107,42.54,0.015611
2023-07-10,CO,Inspiration | Winter,11161,121,55.91,0.010841
2023-07-11,CO,Inspiration | Winter,8721,121,65.51,0.013875
2023-07-12,CO,Inspiration | Winter,11716,95,60.52,0.008109
2023-07-13,CO,Inspiration | Winter,9021,98,60.73,0.010864
2023-07-14,CO,Inspiration | Winter,8570,88,68.83,0.010268
2023-07-15,CO,Inspiration | Winter,10199,111,61.1,0.010883
2023-07-16,CO,Inspiration | Winter,10233,109,72.99,0.010652
2023-07-10,CO,Inspiration | Summer,7259,105,38.83,0.014465
2023-07-11,CO,Inspiration | Summer,8311,91,49.53,0.010949
2023-07-12,CO,Inspiration | Summer,7879,78,40.98,0.0099
2023-07-13,CO,Inspiration | Summer,7763,76,50.07,0.00979
2023-07-14,CO,Inspiration | Summer,6464,111,36.25,0.017172
2023-07-15,CO,Inspiration | Summer,6753,84,34.09,0.012439
2023-07-16,CO,Inspiration | Summer,7364,93,50.66,0.012629
2023-07-10,UT,Inspiration | Winter,7744,85,49.5,0.010976
2023-07-11,UT,Inspiration | Winter,7397,99,49.24,0.013384
2023-07-12,UT,Inspiration | Winter,6816,80,54.55,0.011737
2023-07-13,UT,Inspiration | Winter,9403,82,53.04,0.008721
2023-07-14,UT,Inspiration | Winter,7500,75,44.3,0.01
2023-07-15,UT,Inspiration | Winter,6893,66,50.52,0.009575
2023-07-16,UT,Inspiration | Winter,8475,70,45.91,0.00826
2023-07-10,UT,Inspiration | Summer,5441,90,35.36,0.016541
2023-07-11,UT,Inspiration | Summer,7391,87,39.92,0.011771
2023-07-12,UT,Inspiration | Summer,7865,77,42.1,0.00979
2023-07-13,UT,Inspiration | Summer,7567,88,34.34,0.011629
2023-07-14,UT,Inspiration | Summer,7143,87,41.15,0.01218
2023-07-15,UT,Inspiration | Summer,7205,88,46.49,0.012214
2023-07-16,UT,Inspiration | Summer,5781,71,41.32,0.012282
2023-07-10,CA,Inspiration | Winter,11390,126,69.68,0.011062
2023-07-11,CA,Inspiration | Winter,10121,103,53.37,0.010177
2023-07-12,CA,Inspiration | Winter,9333,120,64.13,0.012858
2023-07-13,CA,Inspiration | Winter,10387,105,72.87,0.010109
2023-07-14,CA,Inspiration | Winter,9974,100,48.91,0.010026
2023-07-15,CA,Inspiration | Winter,10442,127,74.26,0.012162
2023-07-16,CA,Inspiration | Winter,9980,119,75.2,0.011924
2023-07-10,CA,Inspiration | Summer,7793,98,45.52,0.012575
2023-07-11,CA,Inspiration | Summer,8569,76,35.02,0.008869
2023-07-12,CA,Inspiration | Summer,6418,93,50.22,0.01449
2023-07-13,CA,Inspiration | Summer,7646,91,49.74,0.011902
2023-07-14,CA,Inspiration | Summer,7623,80,52.75,0.010495
2023-07-15,CA,Inspiration | Summer,6744,95,37.6,0.014087
2023-07-16,CA,Inspiration | Summer,7911,105,34.84,0.013273
2023-07-10,PN,Inspiration | Winter,9636,101,45.57,0.010482
2023-07-11,PN,Inspiration | Winter,9786,97,65.7,0.009912
2023-07-12,PN,Inspiration | Winter,9554,85,55.24,0.008897
2023-07-13,PN,Inspiration | Winter,8850,110,57.99,0.012429
2023-07-14,PN,Inspiration | Winter,9330,73,67.92,0.007824
2023-07-15,PN,Inspiration | Winter,8693,103,54.94,0.011849
2023-07-16,PN,Inspiration | Winter,9164,108,68.72,0.011785
2023-07-10,PN,Inspiration | Summer,5896,102,48.12,0.0173
2023-07-11,PN,Inspiration | Summer,7329,105,37.35,0.014327
2023-07-12,PN,Inspiration | Summer,7891,92,36.13,0.011659
2023-07-13,PN,Inspiration | Summer,7046,85,34.83,0.012064
2023-07-14,PN,Inspiration | Summer,5814,85,49.71,0.01462
2023-07-15,PN,Inspiration | Summer,8638,87,37.33,0.010072
2023-07-16,PN,Inspiration | Summer,5952,105,38.22,0.017641
2023-07-10,NE,Inspiration | Winter,9937,77,52.72,0.007749
2023-07-11,NE,Inspiration | Winter,8377,78,53.74,0.009311
2023-07-12,NE,Inspiration | Winter,7539,97,50.68,0.012866
2023-07-13,NE,Inspiration | Winter,6893,88,55.46,0.012767
2023-07-14,NE,Inspiration | Winter,8709,85,45.17,0.00976
2023-07-15,NE,Inspiration | Winter,8266,99,50.11,0.011977
2023-07-16,NE,Inspiration | Winter,7210,101,56.48,0.014008
2023-07-10,NE,Inspiration | Summer,5691,64,44.62,0.011246
2023-07-11,NE,Inspiration | Summer,7033,86,33.67,0.012228
2023-07-12,NE,Inspiration | Summer,5992,99,43.63,0.016522
2023-07-13,NE,Inspiration | Summer,5718,85,41.56,0.014865
2023-07-14,NE,Inspiration | Summer,6641,78,33.36,0.011745
2023-07-15,NE,Inspiration | Summer,7091,72,33.02,0.010154
2023-07-16,NE,Inspiration | Summer,7058,79,32.44,0.011193
2023-07-17,CO,Inspiration | Winter,8816,73,51.23,0.00828
2023-07-18,CO,Inspiration | Winter,9911,90,54.12,0.009081
2023-07-19,CO,Inspiration | Winter,6758,104,63.16,0.015389
2023-07-20,CO,Inspiration | Winter,9628,106,64.03,0.01101
2023-07-21,CO,Inspiration | Winter,8199,94,49.61,0.011465
2023-07-22,CO,Inspiration | Winter,9214,90,44.31,0.009768
2023-07-23,CO,Inspiration | Winter,6954,78,54.2,0.011217
2023-07-17,CO,Inspiration | Summer,6317,95,45.04,0.015039
2023-07-18,CO,Inspiration | Summer,7899,88,44.62,0.011141
2023-07-19,CO,Inspiration | Summer,7795,96,46.05,0.012316
2023-07-20,CO,Inspiration | Summer,7656,83,29.78,0.010841
2023-07-21,CO,Inspiration | Summer,7435,94,38.96,0.012643
2023-07-22,CO,Inspiration | Summer,6508,95,38.78,0.014597
2023-07-23,CO,Inspiration | Summer,5848,84,43.62,0.014364
2023-07-17,UT,Inspiration | Winter,7163,87,51.63,0.012146
2023-07-18,UT,Inspiration | Winter,9085,97,55.24,0.010677
2023-07-19,UT,Inspiration | Winter,7295,93,63.97,0.012748
2023-07-20,UT,Inspiration | Winter,8981,98,44.94,0.010912
2023-07-21,UT,Inspiration | Winter,8428,70,51.85,0.008306
2023-07-22,UT,Inspiration | Winter,8809,104,55.41,0.011806
2023-07-23,UT,Inspiration | Winter,8568,93,50.26,0.010854
2023-07-17,UT,Inspiration | Summer,7638,80,37.35,0.010474
2023-07-18,UT,Inspiration | Summer,7766,90,38.04,0.011589
2023-07-19,UT,Inspiration | Summer,5805,79,37.22,0.013609
2023-07-20,UT,Inspiration | Summer,7309,101,51.2,0.013819
2023-07-21,UT,Inspiration | Summer,7721,112,41.23,0.014506
2023-07-22,UT,Inspiration | Summer,6953,115,38.87,0.01654
2023-07-23,UT,Inspiration | Summer,7437,101,49.74,0.013581
2023-07-17,CA,Inspiration | Winter,8312,89,67.98,0.010707
2023-07-18,CA,Inspiration | Winter,7701,103,66.03,0.013375
2023-07-19,CA,Inspiration | Winter,11096,115,51.42,0.010364
2023-07-20,CA,Inspiration | Winter,8975,94,52.76,0.010474
2023-07-21,CA,Inspiration | Winter,9607,97,64.14,0.010097
2023-07-22,CA,Inspiration | Winter,10979,96,63.99,0.008744
2023-07-23,CA,Inspiration | Winter,10650,106,64.53,0.009953
2023-07-17,CA,Inspiration | Summer,9828,112,54.62,0.011396
2023-07-18,CA,Inspiration | Summer,7115,120,56.69,0.016866
2023-07-19,CA,Inspiration | Summer,7510,114,37.94,0.01518
2023-07-20,CA,Inspiration | Summer,8124,86,41.6,0.010586
2023-07-21,CA,Inspiration | Summer,9144,101,52.21,0.011045
2023-07-22,CA,Inspiration | Summer,7992,124,48.3,0.015516
2023-07-23,CA,Inspiration | Summer,7871,96,42.63,0.012197
2023-07-17,PN,Inspiration | Winter,7886,86,38.92,0.010905
2023-07-18,PN,Inspiration | Winter,6097,82,47.66,0.013449
2023-07-19,PN,Inspiration | Winter,7514,88,51.84,0.011711
2023-07-20,PN,Inspiration | Winter,8046,72,39.41,0.008949
2023-07-21,PN,Inspiration | Winter,5952,74,40.28,0.012433
2023-07-22,PN,Inspiration | Winter,5905,71,51.54,0.012024
2023-07-23,PN,Inspiration | Winter,8866,78,52.05,0.008798
2023-07-17,PN,Inspiration | Summer,7570,87,48.92,0.011493
2023-07-18,PN,Inspiration | Summer,5503,91,43.99,0.016536
2023-07-19,PN,Inspiration | Summer,6479,105,33.54,0.016206
2023-07-20,PN,Inspiration | Summer,7789,101,35.31,0.012967
2023-07-21,PN,Inspiration | Summer,7343,102,34.87,0.013891
2023-07-22,PN,Inspiration | Summer,7786,93,46.66,0.011945
2023-07-23,PN,Inspiration | Summer,7853,99,48.58,0.012607
2023-07-17,NE,Inspiration | Winter,6387,64,46.88,0.01002
2023-07-18,NE,Inspiration | Winter,8149,71,42.44,0.008713
2023-07-19,NE,Inspiration | Winter,6603,70,43.35,0.010601
2023-07-20,NE,Inspiration | Winter,6073,80,42.8,0.013173
2023-07-21,NE,Inspiration | Winter,5531,67,44.96,0.012114
2023-07-22,NE,Inspiration | Winter,6414,84,37.76,0.013096
2023-07-23,NE,Inspiration | Winter,7421,81,39.91,0.010915
2023-07-17,NE,Inspiration | Summer,6647,96,42.63,0.014443
2023-07-18,NE,Inspiration | Summer,5776,82,45.44,0.014197
2023-07-19,NE,Inspiration | Summer,6814,74,30.41,0.01086
2023-07-20,NE,Inspiration | Summer,6534,84,31.32,0.012856
2023-07-21,NE,Inspiration | Summer,6765,103,38.94,0.015225
2023-07-22,NE,Inspiration | Summer,5524,99,30.92,0.017922
2023-07-23,NE,Inspiration | Summer,7264,90,43.23,0.01239
2023-07-24,CO,Inspiration | Winter,9383,122,76.58,0.013002
2023-07-25,CO,Inspiration | Winter,9211,98,72.86,0.010639
2023-07-26,CO,Inspiration | Winter,9920,115,51.33,0.011593
2023-07-27,CO,Inspiration | Winter,11353,98,70.13,0.008632
2023-07-28,CO,Inspiration | Winter,8654,128,56.03,0.014791
2023-07-29,CO,Inspiration | Winter,11692,131,51.0,0.011204
2023-07-30,CO,Inspiration | Winter,9448,113,67.91,0.01196
2023-07-24,CO,Inspiration | Summer,6759,97,47.93,0.014351
2023-07-25,CO,Inspiration | Summer,6614,110,33.18,0.016631
2023-07-26,CO,Inspiration | Summer,7518,90,41.23,0.011971
2023-07-27,CO,Inspiration | Summer,7785,100,38.29,0.012845
2023-07-28,CO,Inspiration | Summer,6685,101,46.58,0.015108
2023-07-29,CO,Inspiration | Summer,7710,73,40.35,0.009468
2023-07-30,CO,Inspiration | Summer,6532,86,40.14,0.013166
2023-07-24,UT,Inspiration | Winter,8140,97,54.78,0.011916
2023-07-25,UT,Inspiration | Winter,9694,94,63.89,0.009697
2023-07-26,UT,Inspiration | Winter,9520,129,64.11,0.01355
2023-07-27,UT,Inspiration | Winter,7537,98,51.16,0.013003
2023-07-28,UT,Inspiration | Winter,9635,104,61.31,0.010794
2023-07-29,UT,Inspiration | Winter,9581,110,55.49,0.011481
2023-07-30,UT,Inspiration | Winter,9619,99,57.1,0.010292
2023-07-24,UT,Inspiration | Summer,8616,89,35.28,0.01033
2023-07-25,UT,Inspiration | Summer,6261,102,34.08,0.016291
2023-07-26,UT,Inspiration | Summer,6309,91,45.23,0.014424
2023-07-27,UT,Inspiration | Summer,6350,95,46.42,0.014961
2023-07-28,UT,Inspiration | Summer,8311,99,38.08,0.011912
2023-07-29,UT,Inspiration | Summer,6783,74,47.88,0.01091
2023-07-30,UT,Inspiration | Summer,6343,76,37.06,0.011982
2023-07-24,CA,Inspiration | Winter,9191,110,48.09,0.011968
2023-07-25,CA,Inspiration | Winter,10028,106,54.48,0.01057
2023-07-26,CA,Inspiration | Winter,7316,81,53.47,0.011072
2023-07-27,CA,Inspiration | Winter,9183,109,66.91,0.01187
2023-07-28,CA,Inspiration | Winter,8550,86,60.93,0.010058
2023-07-29,CA,Inspiration | Winter,10306,84,65.5,0.008151
2023-07-30,CA,Inspiration | Winter,9185,94,58.67,0.010234
2023-07-24,CA,Inspiration | Summer,8753,91,41.84,0.010396
2023-07-25,CA,Inspiration | Summer,6745,81,39.76,0.012009
2023-07-26,CA,Inspiration | Summer,7342,96,39.42,0.013075
2023-07-27,CA,Inspiration | Summer,8070,76,41.09,0.009418
2023-07-28,CA,Inspiration | Summer,6952,106,44.38,0.015247
2023-07-29,CA,Inspiration | Summer,6603,82,45.37,0.012419
2023-07-30,CA,Inspiration | Summer,6037,100,41.05,0.016565
2023-07-24,PN,Inspiration | Winter,8280,103,59.27,0.01244
2023-07-25,PN,Inspiration | Winter,7507,74,52.92,0.009857
2023-07-26,PN,Inspiration | Winter,6476,75,51.51,0.011581
2023-07-27,PN,Inspiration | Winter,8445,110,40.76,0.013025
2023-07-28,PN,Inspiration | Winter,8169,77,46.41,0.009426
2023-07-29,PN,Inspiration | Winter,7605,79,56.87,0.010388
2023-07-30,PN,Inspiration | Winter,8177,91,42.06,0.011129
2023-07-24,PN,Inspiration | Summer,6935,93,40.52,0.01341
2023-07-25,PN,Inspiration | Summer,5852,95,28.78,0.016234
2023-07-26,PN,Inspiration | Summer,6394,67,34.0,0.010479
2023-07-27,PN,Inspiration | Summer,6405,75,38.27,0.01171
2023-07-28,PN,Inspiration | Summer,5585,75,38.09,0.013429
2023-07-29,PN,Inspiration | Summer,5065,85,30.55,0.016782
2023-07-30,PN,Inspiration | Summer,6520,93,37.78,0.014264
2023-07-24,NE,Inspiration | Winter,8577,72,42.57,0.008395
2023-07-25,NE,Inspiration | Winter,6803,72,54.68,0.010584
2023-07-26,NE,Inspiration | Winter,7822,77,46.89,0.009844
2023-07-27,NE,Inspiration | Winter,6744,104,45.93,0.015421
2023-07-28,NE,Inspiration | Winter,6920,91,54.43,0.01315
2023-07-29,NE,Inspiration | Winter,8498,85,38.61,0.010002
2023-07-30,NE,Inspiration | Winter,6217,90,47.01,0.014476
2023-07-24,NE,Inspiration | Summer,3863,72,29.89,0.018638
2023-07-25,NE,Inspiration | Summer,5574,55,28.79,0.009867
2023-07-26,NE,Inspiration | Summer,4586,55,29.69,0.011993
2023-07-27,NE,Inspiration | Summer,4769,67,31.46,0.014049
2023-07-28,NE,Inspiration | Summer,5038,62,26.21,0.012306
2023-07-29,NE,Inspiration | Summer,4232,58,22.68,0.013705
2023-07-30,NE,Inspiration | Summer,4871,55,22.28,0.011291
2023-07-31,CO,Inspiration | Winter,9027,129,81.56,0.01429
2023-08-01,CO,Inspiration | Winter,12083,144,57.94,0.011918
2023-08-02,CO,Inspiration | Winter,10253,138,68.33,0.013459
2023-08-03,CO,Inspiration | Winter,12965,136,69.16,0.01049
2023-08-04,CO,Inspiration | Winter,12036,114,58.08,0.009472
2023-08-05,CO,Inspiration | Winter,9440,115,82.4,0.012182
2023-08-06,CO,Inspiration | Winter,12775,122,85.43,0.00955
2023-07-31,CO,Inspiration | Summer,8046,115,44.33,0.014293
2023-08-01,CO,Inspiration | Summer,7141,117,43.13,0.016384
2023-08-02,CO,Inspiration | Summer,7164,107,48.76,0.014936
2023-08-03,CO,Inspiration | Summer,9737,128,43.14,0.013146
2023-08-04,CO,Inspiration | Summer,9204,126,55.81,0.01369
2023-08-05,CO,Inspiration | Summer,9151,120,59.68,0.013113
2023-08-06,CO,Inspiration | Summer,9165,100,50.88,0.010911
2023-07-31,UT,Inspiration | Winter,7321,82,50.66,0.011201
2023-08-01,UT,Inspiration | Winter,7719,84,43.91,0.010882
2023-08-02,UT,Inspiration | Winter,5857,73,46.96,0.012464
2023-08-03,UT,Inspiration | Winter,8381,87,50.69,0.010381
2023-08-04,UT,Inspiration | Winter,7349,62,37.21,0.008437
2023-08-05,UT,Inspiration | Winter,7381,89,45.02,0.012058
2023-08-06,UT,Inspiration | Winter,6620,61,49.55,0.009215
2023-07-31,UT,Inspiration | Summer,7985,87,36.06,0.010895
2023-08-01,UT,Inspiration | Summer,7810,70,46.41,0.008963
2023-08-02,UT,Inspiration | Summer,5687,80,31.76,0.014067
2023-08-03,UT,Inspiration | Summer,6428,109,36.73,0.016957
2023-08-04,UT,Inspiration | Summer,5934,80,44.1,0.013482
2023-08-05,UT,Inspiration | Summer,6537,99,39.95,0.015145
2023-08-06,UT,Inspiration | Summer,5702,102,32.27,0.017888
2023-07-31,CA,Inspiration | Winter,9959,80,51.13,0.008033
2023-08-01,CA,Inspiration | Winter,10873,87,50.11,0.008001
2023-08-02,CA,Inspiration | Winter,11213,122,57.88,0.01088
2023-08-03,CA,Inspiration | Winter,8721,104,71.04,0.011925
2023-08-04,CA,Inspiration | Winter,9427,113,65.55,0.011987
2023-08-05,CA,Inspiration | Winter,8438,97,67.22,0.011496
2023-08-06,CA,Inspiration | Winter,7908,96,62.93,0.01214
2023-07-31,CA,Inspiration | Summer,5948,89,34.74,0.014963
2023-08-01,CA,Inspiration | Summer,7482,102,36.66,0.013633
2023-08-02,CA,Inspiration | Summer,6113,93,31.68,0.015213
2023-08-03,CA,Inspiration | Summer,7144,98,44.94,0.013718
2023-08-04,CA,Inspiration | Summer,6879,70,42.14,0.010176
2023-08-05,CA,Inspiration | Summer,5860,82,33.06,0.013993
2023-08-06,CA,Inspiration | Summer,6555,96,43.47,0.014645
2023-07-31,PN,Inspiration | Winter,6401,63,39.32,0.009842
2023-08-01,PN,Inspiration | Winter,9062,65,43.83,0.007173
2023-08-02,PN,Inspiration | Winter,5908,80,53.77,0.013541
2023-08-03,PN,Inspiration | Winter,8342,82,45.61,0.00983
2023-08-04,PN,Inspiration | Winter,7267,70,42.51,0.009633
2023-08-05,PN,Inspiration | Winter,7865,92,50.38,0.011697
2023-08-06,PN,Inspiration | Winter,6282,86,51.79,0.01369
2023-07-31,PN,Inspiration | Summer,5690,80,39.27,0.01406
2023-08-01,PN,Inspiration | Summer,5940,70,27.33,0.011785
2023-08-02,PN,Inspiration | Summer,5779,65,38.05,0.011248
2023-08-03,PN,Inspiration | Summer,5371,77,26.61,0.014336
2023-08-04,PN,Inspiration | Summer,5237,65,39.31,0.012412
2023-08-05,PN,Inspiration | Summer,5979,82,25.94,0.013715
2023-08-06,PN,Inspiration | Summer,4525,62,26.92,0.013702
2023-07-31,NE,Inspiration | Winter,5582,66,39.26,0.011824
2023-08-01,NE,Inspiration | Winter,5347,60,40.85,0.011221
2023-08-02,NE,Inspiration | Winter,5109,74,38.88,0.014484
2023-08-03,NE,Inspiration | Winter,7427,68,42.29,0.009156
2023-08-04,NE,Inspiration | Winter,7467,62,41.66,0.008303
2023-08-05,NE,Inspiration | Winter,6711,66,38.88,0.009835
2023-08-06,NE,Inspiration | Winter,4973,67,30.93,0.013473
2023-07-31,NE,Inspiration | Summer,7762,95,42.38,0.012239
2023-08-01,NE,Inspiration | Summer,6507,70,35.2,0.010758
2023-08-02,NE,Inspiration | Summer,5795,79,38.37,0.013632
2023-08-03,NE,Inspiration | Summer,5680,75,29.69,0.013204
2023-08-04,NE,Inspiration | Summer,5661,79,33.13,0.013955
2023-08-05,NE,Inspiration | Summer,5062,99,34.69,0.019557
2023-08-06,NE,Inspiration | Summer,5434,67,29.58,0.01233
2023-08-07,CO,Inspiration | Winter,10868,101,80.09,0.009293
2023-08-08,CO,Inspiration | Winter,11146,118,62.21,0.010587
2023-08-09,CO,Inspiration | Winter,8879,96,57.86,0.010812
2023-08-10,CO,Inspiration | Winter,9826,142,67.92,0.014451
2023-08-11,CO,Inspiration | Winter,10671,112,76.12,0.010496
2023-08-12,CO,Inspiration | Winter,10270,118,62.08,0.01149
2023-08-13,CO,Inspiration | Winter,11718,99,63.33,0.008449
2023-08-07,CO,Inspiration | Summer,7263,104,35.76,0.014319
2023-08-08,CO,Inspiration | Summer,9149,91,40.22,0.009946
2023-08-09,CO,Inspiration | Summer,6089,78,42.09,0.01281
2023-08-10,CO,Inspiration | Summer,6748,115,47.46,0.017042
2023-08-11,CO,Inspiration | Summer,6440,98,47.54,0.015217
2023-08-12,CO,Inspiration | Summer,9174,89,39.91,0.009701
2023-08-13,CO,Inspiration | Summer,6319,85,43.88,0.013451
2023-08-07,UT,Inspiration | Winter,7777,120,53.89,0.01543
2023-08-08,UT,Inspiration | Winter,10872,112,72.53,0.010302
2023-08-09,UT,Inspiration | Winter,9397,119,68.99,0.012664
2023-08-10,UT,Inspiration | Winter,10186,114,52.7,0.011192
2023-08-11,UT,Inspiration | Winter,10271,96,70.8,0.009347
2023-08-12,UT,Inspiration | Winter,10011,113,59.45,0.011288
2023-08-13,UT,Inspiration | Winter,10367,87,62.48,0.008392
2023-08-07,UT,Inspiration | Summer,6189,83,34.22,0.013411
2023-08-08,UT,Inspiration | Summer,6799,93,39.71,0.013678
2023-08-09,UT,Inspiration | Summer,5838,89,44.38,0.015245
2023-08-10,UT,Inspiration | Summer,7524,83,42.21,0.011031
2023-08-11,UT,Inspiration | Summer,7515,84,33.96,0.011178
2023-08-12,UT,Inspiration | Summer,6854,83,42.58,0.01211
2023-08-13,UT,Inspiration | Summer,5546,105,31.28,0.018933
2023-08-07,CA,Inspiration | Winter,12236,106,61.07,0.008663
2023-08-08,CA,Inspiration | Winter,10950,115,53.85,0.010502
2023-08-09,CA,Inspiration | Winter,9367,108,52.33,0.01153
2023-08-10,CA,Inspiration | Winter,10621,111,66.74,0.010451
2023-08-11,CA,Inspiration | Winter,8561,101,69.02,0.011798
2023-08-12,CA,Inspiration | Winter,8710,132,69.66,0.015155
2023-08-13,CA,Inspiration | Winter,7968,98,65.17,0.012299
2023-08-07,CA,Inspiration | Summer,6544,85,36.5,0.012989
2023-08-08,CA,Inspiration | Summer,4766,66,32.5,0.013848
2023-08-09,CA,Inspiration | Summer,4955,87,29.3,0.017558
2023-08-10,CA,Inspiration | Summer,7036,87,36.68,0.012365
2023-08-11,CA,Inspiration | Summer,7316,85,39.21,0.011618
2023-08-12,CA,Inspiration | Summer,6774,76,31.65,0.011219
2023-08-13,CA,Inspiration | Summer,5084,90,40.5,0.017703
2023-08-07,PN,Inspiration | Winter,9231,80,50.18,0.008666
2023-08-08,PN,Inspiration | Winter,8810,82,44.63,0.009308
2023-08-09,PN,Inspiration | Winter,8450,108,43.26,0.012781
2023-08-10,PN,Inspiration | Winter,7453,89,59.56,0.011942
2023-08-11,PN,Inspiration | Winter,8238,80,51.56,0.009711
2023-08-12,PN,Inspiration | Winter,7329,114,59.16,0.015555
2023-08-13,PN,Inspiration | Winter,7359,82,55.62,0.011143
2023-08-07,PN,Inspiration | Summer,4894,85,41.73,0.017368
2023-08-08,PN,Inspiration | Summer,7372,100,35.17,0.013565
2023-08-09,PN,Inspiration | Summer,5348,71,44.41,0.013276
2023-08-10,PN,Inspiration | Summer,7154,84,42.24,0.011742
2023-08-11,PN,Inspiration | Summer,7579,85,34.59,0.011215
2023-08-12,PN,Inspiration | Summer,6232,72,34.55,0.011553
2023-08-13,PN,Inspiration | Summer,7407,108,34.03,0.014581
2023-08-07,NE,Inspiration | Winter,6550,73,55.81,0.011145
2023-08-08,NE,Inspiration | Winter,6460,91,55.59,0.014087
2023-08-09,NE,Inspiration | Winter,8492,73,52.76,0.008596
2023-08-10,NE,Inspiration | Winter,6445,92,43.45,0.014275
2023-08-11,NE,Inspiration | Winter,8143,91,40.3,0.011175
2023-08-12,NE,Inspiration | Winter,8514,93,41.82,0.010923
2023-08-13,NE,Inspiration | Winter,7049,66,40.85,0.009363
2023-08-07,NE,Inspiration | Summer,6440,73,28.71,0.011335
2023-08-08,NE,Inspiration | Summer,4299,65,36.22,0.01512
2023-08-09,NE,Inspiration | Summer,6637,79,31.0,0.011903
2023-08-10,NE,Inspiration | Summer,4450,58,26.65,0.013034
2023-08-11,NE,Inspiration | Summer,4570,77,33.71,0.016849
2023-08-12,NE,Inspiration | Summer,4725,72,25.28,0.015238
2023-08-13,NE,Inspiration | Summer,6056,61,34.06,0.010073
2023-08-14,CO,Inspiration | Winter,10555,104,78.44,0.009853
2023-08-15,CO,Inspiration | Winter,9163,126,76.21,0.013751
2023-08-16,CO,Inspiration | Winter,11406,91,63.36,0.007978
2023-08-17,CO,Inspiration | Winter,10861,97,64.1,0.008931
2023-08-18,CO,Inspiration | Winter,11645,125,54.34,0.010734
2023-08-19,CO,Inspiration | Winter,11609,116,61.71,0.009992
2023-08-20,CO,Inspiration | Winter,8620,105,74.55,0.012181
2023-08-14,CO,Inspiration | Summer,8847,120,58.12,0.013564
2023-08-15,CO,Inspiration | Summer,9633,120,54.67,0.012457
2023-08-16,CO,Inspiration | Summer,9614,101,38.27,0.010506
2023-08-17,CO,Inspiration | Summer,6534,115,55.66,0.0176
2023-08-18,CO,Inspiration | Summer,9485,133,45.21,0.014022
2023-08-19,CO,Inspiration | Summer,8233,112,51.84,0.013604
2023-08-20,CO,Inspiration | Summer,9806,88,56.72,0.008974
2023-08-14,UT,Inspiration | Winter,10319,83,52.22,0.008043
2023-08-15,UT,Inspiration | Winter,8704,97,59.21,0.011144
2023-08-16,UT,Inspiration | Winter,9074,96,57.04,0.01058
2023-08-17,UT,Inspiration | Winter,8069,86,67.53,0.010658
2023-08-18,UT,Inspiration | Winter,7956,119,49.45,0.014957
2023-08-19,UT,Inspiration | Winter,11524,95,72.34,0.008244
2023-08-20,UT,Inspiration | Winter,8356,80,51.82,0.009574
2023-08-14,UT,Inspiration | Summer,7615,95,47.39,0.012475
2023-08-15,UT,Inspiration | Summer,8139,98,49.73,0.012041
2023-08-16,UT,Inspiration | Summer,7800,106,50.36,0.01359
2023-08-17,UT,Inspiration | Summer,9386,83,43.25,0.008843
2023-08-18,UT,Inspiration | Summer,6259,99,38.68,0.015817
2023-08-19,UT,Inspiration | Summer,7131,103,34.78,0.014444
2023-08-20,UT,Inspiration | Summer,6961,76,44.89,0.010918
2023-08-14,CA,Inspiration | Winter,8232,90,51.99,0.010933
2023-08-15,CA,Inspiration | Winter,7775,92,46.76,0.011833
2023-08-16,CA,Inspiration | Winter,7222,87,49.16,0.012047
2023-08-17,CA,Inspiration | Winter,6940,65,44.39,0.009366
2023-08-18,CA,Inspiration | Winter,8260,73,53.71,0.008838
2023-08-19,CA,Inspiration | Winter,7739,60,50.45,0.007753
2023-08-20,CA,Inspiration | Winter,7454,84,46.72,0.011269
2023-08-14,CA,Inspiration | Summer,7625,106,50.04,0.013902
2023-08-15,CA,Inspiration | Summer,9838,113,49.47,0.011486
2023-08-16,CA,Inspiration | Summer,7039,103,49.41,0.014633
2023-08-17,CA,Inspiration | Summer,7748,113,44.32,0.014584
2023-08-18,CA,Inspiration | Summer,7371,102,55.25,0.013838
2023-08-19,CA,Inspiration | Summer,8197,114,38.85,0.013908
2023-08-20,CA,Inspiration | Summer,9747,90,46.54,0.009234
2023-08-14,PN,Inspiration | Winter,9753,105,58.18,0.010766
2023-08-15,PN,Inspiration | Winter,9823,103,56.59,0.010486
2023-08-16,PN,Inspiration | Winter,8555,80,54.3,0.009351
2023-08-17,PN,Inspiration | Winter,7501,74,41.72,0.009865
2023-08-18,PN,Inspiration | Winter,6786,91,44.25,0.01341
2023-08-19,PN,Inspiration | Winter,8521,93,62.08,0.010914
2023-08-20,PN,Inspiration | Winter,8319,103,62.13,0.012381
2023-08-14,PN,Inspiration | Summer,6984,94,42.37,0.013459
2023-08-15,PN,Inspiration | Summer,7608,104,35.93,0.01367
2023-08-16,PN,Inspiration | Summer,7528,91,45.61,0.012088
2023-08-17,PN,Inspiration | Summer,5891,110,31.16,0.018673
2023-08-18,PN,Inspiration | Summer,6367,82,41.61,0.012879
2023-08-19,PN,Inspiration | Summer,7360,78,44.7,0.010598
2023-08-20,PN,Inspiration | Summer,5272,84,31.27,0.015933
2023-08-14,NE,Inspiration | Winter,10004,105,63.04,0.010496
2023-08-15,NE,Inspiration | Winter,7113,97,43.14,0.013637
2023-08-16,NE,Inspiration | Winter,8957,104,56.65,0.011611
2023-08-17,NE,Inspiration | Winter,9858,95,51.76,0.009637
2023-08-18,NE,Inspiration | Winter,7341,83,50.04,0.011306
2023-08-19,NE,Inspiration | Winter,7645,80,50.61,0.010464
2023-08-20,NE,Inspiration | Winter,6808,104,54.21,0.015276
2023-08-14,NE,Inspiration | Summer,6715,72,37.56,0.010722
2023-08-15,NE,Inspiration | Summer,6671,81,34.4,0.012142
2023-08-16,NE,Inspiration | Summer,6865,88,30.5,0.012819
2023-08-17,NE,Inspiration | Summer,6281,78,36.49,0.012418
2023-08-18,NE,Inspiration | Summer,7133,76,35.93,0.010655
2023-08-19,NE,Inspiration | Summer,5879,88,39.89,0.014969
2023-08-20,NE,Inspiration | Summer,4663,88,41.63,0.018872
2023-08-21,CO,Inspiration | Winter,7845,95,67.46,0.01211
2023-08-22,CO,Inspiration | Winter,9271,128,69.98,0.013806
2023-08-23,CO,Inspiration | Winter,10635,102,51.64,0.009591
2023-08-24,CO,Inspiration | Winter,9766,108,47.43,0.011059
2023-08-25,CO,Inspiration | Winter,7300,88,46.75,0.012055
2023-08-26,CO,Inspiration | Winter,7290,93,67.5,0.012757
2023-08-27,CO,Inspiration | Winter,11042,104,53.4,0.009419
2023-08-21,CO,Inspiration | Summer,9654,93,47.49,0.009633
2023-08-22,CO,Inspiration | Summer,8918,136,55.03,0.01525
2023-08-23,CO,Inspiration | Summer,9114,114,49.35,0.012508
2023-08-24,CO,Inspiration | Summer,7478,138,65.02,0.018454
2023-08-25,CO,Inspiration | Summer,7136,132,59.93,0.018498
2023-08-26,CO,Inspiration | Summer,10838,120,42.34,0.011072
2023-08-27,CO,Inspiration | Summer,9662,118,45.09,0.012213
2023-08-21,UT,Inspiration | Winter,7603,110,46.95,0.014468
2023-08-22,UT,Inspiration | Winter,8229,103,52.0,0.012517
2023-08-23,UT,Inspiration | Winter,10694,85,66.39,0.007948
2023-08-24,UT,Inspiration | Winter,8223,107,63.09,0.013012
2023-08-25,UT,Inspiration | Winter,9309,92,67.85,0.009883
2023-08-26,UT,Inspiration | Winter,10417,103,57.21,0.009888
2023-08-27,UT,Inspiration | Winter,10551,95,62.67,0.009004
2023-08-21,UT,Inspiration | Summer,6773,86,40.15,0.012697
2023-08-22,UT,Inspiration | Summer,6037,86,35.96,0.014245
2023-08-23,UT,Inspiration | Summer,7013,56,41.63,0.007985
2023-08-24,UT,Inspiration | Summer,6641,80,29.17,0.012046
2023-08-25,UT,Inspiration | Summer,6317,85,39.59,0.013456
2023-08-26,UT,Inspiration | Summer,6161,84,29.49,0.013634
2023-08-27,UT,Inspiration | Summer,5325,73,40.75,0.013709
2023-08-21,CA,Inspiration | Winter,9165,94,52.59,0.010256
2023-08-22,CA,Inspiration | Winter,8755,96,59.25,0.010965
2023-08-23,CA,Inspiration | Winter,8965,96,56.98,0.010708
2023-08-24,CA,Inspiration | Winter,6600,79,41.51,0.01197
2023-08-25,CA,Inspiration | Winter,9002,85,46.83,0.009442
2023-08-26,CA,Inspiration | Winter,6357,92,47.68,0.014472
2023-08-27,CA,Inspiration | Winter,7901,86,58.34,0.010885
2023-08-21,CA,Inspiration | Summer,5137,73,34.4,0.014211
2023-08-22,CA,Inspiration | Summer,7342,74,33.03,0.010079
2023-08-23,CA,Inspiration | Summer,6173,88,28.21,0.014256
2023-08-24,CA,Inspiration | Summer,6242,74,32.12,0.011855
2023-08-25,CA,Inspiration | Summer,6133,106,39.5,0.017284
2023-08-26,CA,Inspiration | Summer,5321,92,35.53,0.01729
2023-08-27,CA,Inspiration | Summer,5799,71,41.67,0.012243
2023-08-21,PN,Inspiration | Winter,7412,85,54.57,0.011468
2023-08-22,PN,Inspiration | Winter,8047,98,46.37,0.012178
2023-08-23,PN,Inspiration | Winter,8834,101,44.72,0.011433
2023-08-24,PN,Inspiration | Winter,6214,91,54.19,0.014644
2023-08-25,PN,Inspiration | Winter,8016,103,51.95,0.012849
2023-08-26,PN,Inspiration | Winter,8719,69,54.41,0.007914
2023-08-27,PN,Inspiration | Winter,8447,79,50.19,0.009352
2023-08-21,PN,Inspiration | Summer,6373,97,38.39,0.01522
2023-08-22,PN,Inspiration | Summer,7593,105,40.68,0.013829
2023-08-23,PN,Inspiration | Summer,5387,78,41.33,0.014479
2023-08-24,PN,Inspiration | Summer,6856,77,36.13,0.011231
2023-08-25,PN,Inspiration | Summer,7734,80,41.53,0.010344
2023-08-26,PN,Inspiration | Summer,6336,95,32.64,0.014994
2023-08-27,PN,Inspiration | Summer,5394,85,34.21,0.015758
2023-08-21,NE,Inspiration | Winter,6724,74,48.61,0.011005
2023-08-22,NE,Inspiration | Winter,5282,62,39.3,0.011738
2023-08-23,NE,Inspiration | Winter,7291,74,36.67,0.010149
2023-08-24,NE,Inspiration | Winter,4757,63,32.16,0.013244
2023-08-25,NE,Inspiration | Winter,7145,70,32.51,0.009797
2023-08-26,NE,Inspiration | Winter,7200,65,46.92,0.009028
2023-08-27,NE,Inspiration | Winter,6008,62,48.04,0.01032
2023-08-21,NE,Inspiration | Summer,7838,95,38.57,0.01212
2023-08-22,NE,Inspiration | Summer,7724,78,40.37,0.010098
2023-08-23,NE,Inspiration | Summer,6725,67,41.44,0.009963
2023-08-24,NE,Inspiration | Summer,6057,83,30.98,0.013703
2023-08-25,NE,Inspiration | Summer,5247,92,30.38,0.017534
2023-08-26,NE,Inspiration | Summer,5391,64,43.97,0.011872
2023-08-27,NE,Inspiration | Summer,5611,92,32.94,0.016396
2023-08-28,CO,Inspiration | Winter,9019,99,49.03,0.010977
2023-08-29,CO,Inspiration | Winter,10047,88,58.24,0.008759
2023-08-30,CO,Inspiration | Winter,8463,104,58.86,0.012289
2023-08-31,CO,Inspiration | Winter,6579,71,45.16,0.010792
2023-09-01,CO,Inspiration | Winter,8450,96,54.38,0.011361
2023-09-02,CO,Inspiration | Winter,7658,74,53.65,0.009663
2023-09-03,CO,Inspiration | Winter,8852,88,58.71,0.009941
2023-08-28,CO,Inspiration | Summer,8190,115,47.85,0.014042
2023-08-29,CO,Inspiration | Summer,8912,116,46.17,0.013016
2023-08-30,CO,Inspiration | Summer,9375,113,42.29,0.012053
2023-08-31,CO,Inspiration | Summer,7037,93,52.9,0.013216
2023-09-01,CO,Inspiration | Summer,8469,95,46.15,0.011217
2023-09-02,CO,Inspiration | Summer,6190,100,47.34,0.016155
2023-09-03,CO,Inspiration | Summer,6815,115,36.23,0.016875
2023-08-28,UT,Inspiration | Winter,7298,90,51.35,0.012332
2023-08-29,UT,Inspiration | Winter,9846,84,58.27,0.008531
2023-08-30,UT,Inspiration | Winter,9951,121,56.2,0.01216
2023-08-31,UT,Inspiration | Winter,8268,85,40.42,0.010281
2023-09-01,UT,Inspiration | Winter,8823,79,59.04,0.008954
2023-09-02,UT,Inspiration | Winter,8410,85,59.4,0.010107
2023-09-03,UT,Inspiration | Winter,7572,120,60.41,0.015848
2023-08-28,UT,Inspiration | Summer,6979,88,36.71,0.012609
2023-08-29,UT,Inspiration | Summer,4863,73,28.46,0.015011
2023-08-30,UT,Inspiration | Summer,5614,73,38.45,0.013003
2023-08-31,UT,Inspiration | Summer,5840,68,28.69,0.011644
2023-09-01,UT,Inspiration | Summer,6961,90,40.4,0.012929
2023-09-02,UT,Inspiration | Summer,5233,72,43.54,0.013759
2023-09-03,UT,Inspiration | Summer,7020,82,30.32,0.011681
2023-08-28,CA,Inspiration | Winter,8516,102,58.04,0.011977
2023-08-29,CA,Inspiration | Winter,8067,87,53.7,0.010785
2023-08-30,CA,Inspiration | Winter,8292,117,50.61,0.01411
2023-08-31,CA,Inspiration | Winter,9189,94,63.07,0.01023
2023-09-01,CA,Inspiration | Winter,8946,107,71.59,0.011961
2023-09-02,CA,Inspiration | Winter,9829,95,51.67,0.009665
2023-09-03,CA,Inspiration | Winter,9918,76,52.97,0.007663
2023-08-28,CA,Inspiration | Summer,6652,121,42.37,0.01819
2023-08-29,CA,Inspiration | Summer,6415,112,46.25,0.017459
2023-08-30,CA,Inspiration | Summer,8271,88,46.93,0.01064
2023-08-31,CA,Inspiration | Summer,6623,82,39.25,0.012381
2023-09-01,CA,Inspiration | Summer,8210,121,45.4,0.014738
2023-09-02,CA,Inspiration | Summer,8237,88,34.3,0.010684
2023-09-03,CA,Inspiration | Summer,6587,84,41.28,0.012752
2023-08-28,PN,Inspiration | Winter,6859,80,51.85,0.011664
2023-08-29,PN,Inspiration | Winter,6252,95,61.77,0.015195
2023-08-30,PN,Inspiration | Winter,9288,86,48.11,0.009259
2023-08-31,PN,Inspiration | Winter,8849,105,56.3,0.011866
2023-09-01,PN,Inspiration | Winter,8389,91,61.17,0.010848
2023-09-02,PN,Inspiration | Winter,9236,96,46.93,0.010394
2023-09-03,PN,Inspiration | Winter,9203,70,45.57,0.007606
2023-08-28,PN,Inspiration | Summer,5706,92,36.76,0.016123
2023-08-29,PN,Inspiration | Summer,6136,89,34.89,0.014505
2023-08-30,PN,Inspiration | Summer,5742,78,44.42,0.013584
2023-08-31,PN,Inspiration | Summer,6236,78,36.36,0.012508
2023-09-01,PN,Inspiration | Summer,7828,92,34.92,0.011753
2023-09-02,PN,Inspiration | Summer,5916,93,43.67,0.01572
2023-09-03,PN,Inspiration | Summer,7763,96,31.89,0.012366
2023-08-28,NE,Inspiration | Winter,6946,59,44.17,0.008494
2023-08-29,NE,Inspiration | Winter,6369,62,35.31,0.009735
2023-08-30,NE,Inspiration | Winter,7413,71,30.62,0.009578
2023-08-31,NE,Inspiration | Winter,5290,59,42.38,0.011153
2023-09-01,NE,Inspiration | Winter,6153,57,39.93,0.009264
2023-09-02,NE,Inspiration | Winter,5277,79,41.59,0.014971
2023-09-03,NE,Inspiration | Winter,5108,62,38.35,0.012138
2023-08-28,NE,Inspiration | Summer,6921,76,39.72,0.010981
2023-08-29,NE,Inspiration | Summer,7389,82,39.47,0.011098
2023-08-30,NE,Inspiration | Summer,5214,98,33.6,0.018796
2023-08-31,NE,Inspiration | Summer,6959,79,35.63,0.011352
2023-09-01,NE,Inspiration | Summer,6702,71,39.79,0.010594
2023-09-02,NE,Inspiration | Summer,5442,97,30.7,0.017824
2023-09-03,NE,Inspiration | Summer,5505,94,37.06,0.017075
2023-09-04,CO,Inspiration | Winter,9943,131,67.69,0.013175
2023-09-05,CO,Inspiration | Winter,10421,97,74.53,0.009308
2023-09-06,CO,Inspiration | Winter,8740,116,65.81,0.013272
2023-09-07,CO,Inspiration | Winter,10211,108,59.91,0.010577
2023-09-08,CO,Inspiration | Winter,11364,127,58.44,0.011176
2023-09-09,CO,Inspiration | Winter,11862,117,61.16,0.009863
2023-09-10,CO,Inspiration | Winter,7893,121,63.24,0.01533
2023-09-04,CO,Inspiration | Summer,8548,106,62.41,0.012401
2023-09-05,CO,Inspiration | Summer,9701,118,42.25,0.012164
2023-09-06,CO,Inspiration | Summer,8276,108,51.96,0.01305
2023-09-07,CO,Inspiration | Summer,8589,93,61.34,0.010828
2023-09-08,CO,Inspiration | Summer,9968,109,41.59,0.010935
2023-09-09,CO,Inspiration | Summer,7687,140,42.84,0.018213
2023-09-10,CO,Inspiration | Summer,7709,112,48.38,0.014528
2023-09-04,UT,Inspiration | Winter,7493,80,49.46,0.010677
2023-09-05,UT,Inspiration | Winter,8197,85,47.48,0.01037
2023-09-06,UT,Inspiration | Winter,6933,94,40.06,0.013558
2023-09-07,UT,Inspiration | Winter,5988,83,59.42,0.013861
2023-09-08,UT,Inspiration | Winter,8482,73,40.17,0.008606
2023-09-09,UT,Inspiration | Winter,6340,80,39.8,0.012618
2023-09-10,UT,Inspiration | Winter,8621,96,56.76,0.011136
2023-09-04,UT,Inspiration | Summer,6241,85,39.48,0.01362
2023-09-05,UT,Inspiration | Summer,5360,73,42.41,0.013619
2023-09-06,UT,Inspiration | Summer,5894,88,37.64,0.01493
2023-09-07,UT,Inspiration | Summer,7545,86,38.91,0.011398
2023-09-08,UT,Inspiration | Summer,6561,90,36.91,0.013717
2023-09-09,UT,Inspiration | Summer,7796,77,37.27,0.009877
2023-09-10,UT,Inspiration | Summer,6811,66,35.39,0.00969
2023-09-04,CA,Inspiration | Winter,9873,90,60.41,0.009116
2023-09-05,CA,Inspiration | Winter,8732,116,54.18,0.013284
2023-09-06,CA,Inspiration | Winter,10831,122,70.2,0.011264
2023-09-07,CA,Inspiration | Winter,9913,92,61.42,0.009281
2023-09-08,CA,Inspiration | Winter,7462,107,67.48,0.014339
2023-09-09,CA,Inspiration | Winter,11084,102,65.46,0.009202
2023-09-10,CA,Inspiration | Winter,9887,118,54.65,0.011935
2023-09-04,CA,Inspiration | Summer,6518,77,35.98,0.011813
2023-09-05,CA,Inspiration | Summer,5912,93,41.92,0.015731
2023-09-06,CA,Inspiration | Summer,5965,75,33.93,0.012573
2023-09-07,CA,Inspiration | Summer,6269,98,44.01,0.015632
2023-09-08,CA,Inspiration | Summer,7151,98,42.17,0.013704
2023-09-09,CA,Inspiration | Summer,8283,95,39.59,0.011469
2023-09-10,CA,Inspiration | Summer,7948,78,41.07,0.009814
2023-09-04,PN,Inspiration | Winter,10526,86,66.82,0.00817
2023-09-05,PN,Inspiration | Winter,8988,105,64.5,0.011682
2023-09-06,PN,Inspiration | Winter,7696,98,53.51,0.012734
2023-09-07,PN,Inspiration | Winter,8259,101,44.46,0.012229
2023-09-08,PN,Inspiration | Winter,9479,85,68.19,0.008967
2023-09-09,PN,Inspiration | Winter,7775,126,47.34,0.016206
2023-09-10,PN,Inspiration | Winter,8269,111,45.52,0.013424
2023-09-04,PN,Inspiration | Summer,5868,91,42.19,0.015508
2023-09-05,PN,Inspiration | Summer,6202,72,34.41,0.011609
2023-09-06,PN,Inspiration | Summer,6220,78,37.53,0.01254
2023-09-07,PN,Inspiration | Summer,6292,93,32.65,0.014781
2023-09-08,PN,Inspiration | Summer,5868,96,37.74,0.01636
2023-09-09,PN,Inspiration | Summer,5554,87,35.97,0.015664
2023-09-10,PN,Inspiration | Summer,7254,78,30.4,0.010753
2023-09-04,NE,Inspiration | Winter,4731,70,41.34,0.014796
2023-09-05,NE,Inspiration | Winter,6017,67,42.24,0.011135
2023-09-06,NE,Inspiration | Winter,6828,52,32.61,0.007616
2023-09-07,NE,Inspiration | Winter,5477,60,40.15,0.010955
2023-09-08,NE,Inspiration | Winter,7121,69,34.21,0.00969
2023-09-09,NE,Inspiration | Winter,7335,52,42.31,0.007089
2023-09-10,NE,Inspiration | Winter,5210,73,40.55,0.014012
2023-09-04,NE,Inspiration | Summer,6114,80,28.35,0.013085
2023-09-05,NE,Inspiration | Summer,4878,67,37.3,0.013735
2023-09-06,NE,Inspiration | Summer,5258,75,34.75,0.014264
2023-09-07,NE,Inspiration | Summer,6508,78,37.24,0.011985
2023-09-08,NE,Inspiration | Summer,5071,55,25.48,0.010846
2023-09-09,NE,Inspiration | Summer,6709,60,32.25,0.008943
2023-09-10,NE,Inspiration | Summer,5542,74,37.09,0.013353
2023-09-11,CO,Inspiration | Winter,10948,107,72.97,0.009773
2023-09-12,CO,Inspiration | Winter,9972,82,60.44,0.008223
2023-09-13,CO,Inspiration | Winter,8788,123,68.12,0.013996
2023-09-14,CO,Inspiration | Winter,9101,88,52.34,0.009669
2023-09-15,CO,Inspiration | Winter,8588,91,54.74,0.010596
2023-09-16,CO,Inspiration | Winter,9573,100,60.76,0.010446
2023-09-17,CO,Inspiration | Winter,10557,105,62.8,0.009946
2023-09-11,CO,Inspiration | Summer,7251,97,52.42,0.013377
2023-09-12,CO,Inspiration | Summer,6560,93,44.63,0.014177
2023-09-13,CO,Inspiration | Summer,9193,130,47.38,0.014141
2023-09-14,CO,Inspiration | Summer,8521,120,44.42,0.014083
2023-09-15,CO,Inspiration | Summer,9606,98,41.36,0.010202
2023-09-16,CO,Inspiration | Summer,6959,113,50.5,0.016238
2023-09-17,CO,Inspiration | Summer,9103,121,51.0,0.013292
2023-09-11,UT,Inspiration | Winter,10326,104,59.37,0.010072
2023-09-12,UT,Inspiration | Winter,7584,106,67.75,0.013977
2023-09-13,UT,Inspiration | Winter,7733,84,53.02,0.010863
2023-09-14,UT,Inspiration | Winter,8769,107,63.42,0.012202
2023-09-15,UT,Inspiration | Winter,8378,100,53.35,0.011936
2023-09-16,UT,Inspiration | Winter,11152,91,51.69,0.00816
2023-09-17,UT,Inspiration | Winter,8266,89,49.53,0.010767
2023-09-11,UT,Inspiration | Summer,5337,90,34.32,0.016863
2023-09-12,UT,Inspiration | Summer,6603,104,42.97,0.01575
2023-09-13,UT,Inspiration | Summer,7331,83,43.89,0.011322
2023-09-14,UT,Inspiration | Summer,7357,86,33.99,0.01169
2023-09-15,UT,Inspiration | Summer,7544,83,38.71,0.011002
2023-09-16,UT,Inspiration | Summer,5373,83,32.51,0.015448
2023-09-17,UT,Inspiration | Summer,6945,100,43.25,0.014399
2023-09-11,CA,Inspiration | Winter,7588,94,46.02,0.012388
2023-09-12,CA,Inspiration | Winter,8028,90,46.17,0.011211
2023-09-13,CA,Inspiration | Winter,7271,73,56.4,0.01004
2023-09-14,CA,Inspiration | Winter,8522,98,56.49,0.0115
2023-09-15,CA,Inspiration | Winter,10527,88,44.15,0.008359
2023-09-16,CA,Inspiration | Winter,7200,77,58.24,0.010694
2023-09-17,CA,Inspiration | Winter,8268,72,59.91,0.008708
2023-09-11,CA,Inspiration | Summer,8932,116,45.87,0.012987
2023-09-12,CA,Inspiration | Summer,6827,106,52.96,0.015527
2023-09-13,CA,Inspiration | Summer,8010,124,37.56,0.015481
2023-09-14,CA,Inspiration | Summer,8248,94,51.9,0.011397
2023-09-15,CA,Inspiration | Summer,7019,124,42.18,0.017666
2023-09-16,CA,Inspiration | Summer,9291,100,51.71,0.010763
2023-09-17,CA,Inspiration | Summer,6869,99,37.97,0.014413
2023-09-11,PN,Inspiration | Winter,7996,100,54.79,0.012506
2023-09-12,PN,Inspiration | Winter,10211,108,62.1,0.010577
2023-09-13,PN,Inspiration | Winter,9438,129,60.61,0.013668
2023-09-14,PN,Inspiration | Winter,7588,122,56.25,0.016078
2023-09-15,PN,Inspiration | Winter,9283,86,67.71,0.009264
2023-09-16,PN,Inspiration | Winter,8463,105,47.39,0.012407
2023-09-17,PN,Inspiration | Winter,10710,95,58.76,0.00887
2023-09-11,PN,Inspiration | Summer,7039,87,38.32,0.01236
2023-09-12,PN,Inspiration | Summer,7303,72,35.27,0.009859
2023-09-13,PN,Inspiration | Summer,5599,66,39.35,0.011788
2023-09-14,PN,Inspiration | Summer,5117,87,35.1,0.017002
2023-09-15,PN,Inspiration | Summer,5959,71,35.01,0.011915
2023-09-16,PN,Inspiration | Summer,6945,93,35.89,0.013391
2023-09-17,PN,Inspiration | Summer,5604,92,33.76,0.016417
2023-09-11,NE,Inspiration | Winter,6662,68,41.55,0.010207
2023-09-12,NE,Inspiration | Winter,6655,86,43.92,0.012923
2023-09-13,NE,Inspiration | Winter,10160,95,54.16,0.00935
2023-09-14,NE,Inspiration | Winter,8094,87,59.45,0.010749
2023-09-15,NE,Inspiration | Winter,8717,90,56.77,0.010325
2023-09-16,NE,Inspiration | Winter,9977,98,54.73,0.009823
2023-09-17,NE,Inspiration | Winter,7081,94,56.44,0.013275
2023-09-11,NE,Inspiration | Summer,5815,78,39.17,0.013414
2023-09-12,NE,Inspiration | Summer,5504,60,32.22,0.010901
2023-09-13,NE,Inspiration | Summer,6479,86,37.22,0.013274
2023-09-14,NE,Inspiration | Summer,6282,80,27.46,0.012735
2023-09-15,NE,Inspiration | Summer,5476,70,35.74,0.012783
2023-09-16,NE,Inspiration | Summer,6273,67,28.44,0.010681
2023-09-17,NE,Inspiration | Summer,5859,69,41.54,0.011777
2023-09-18,CO,Inspiration | Winter,11457,132,71.63,0.011521
2023-09-19,CO,Inspiration | Winter,10231,125,55.62,0.012218
2023-09-20,CO,Inspiration | Winter,8723,113,69.54,0.012954
2023-09-21,CO,Inspiration | Winter,11903,96,71.9,0.008065
2023-09-22,CO,Inspiration | Winter,12174,123,82.06,0.010103
2023-09-23,CO,Inspiration | Winter,8445,126,56.37,0.01492
2023-09-24,CO,Inspiration | Winter,10659,110,63.86,0.01032
2023-09-18,CO,Inspiration | Summer,8444,113,42.18,0.013382
2023-09-19,CO,Inspiration | Summer,9097,96,50.47,0.010553
2023-09-20,CO,Inspiration | Summer,8142,101,44.37,0.012405
2023-09-21,CO,Inspiration | Summer,9151,121,53.9,0.013223
2023-09-22,CO,Inspiration | Summer,9189,99,52.04,0.010774
2023-09-23,CO,Inspiration | Summer,6554,109,49.5,0.016631
2023-09-24,CO,Inspiration | Summer,8414,116,49.68,0.013787
2023-09-18,UT,Inspiration | Winter,8376,88,49.35,0.010506
2023-09-19,UT,Inspiration | Winter,7368,81,49.74,0.010993
2023-09-20,UT,Inspiration | Winter,7274,88,54.14,0.012098
2023-09-21,UT,Inspiration | Winter,7311,84,41.09,0.01149
2023-09-22,UT,Inspiration | Winter,8418,89,45.82,0.010573
2023-09-23,UT,Inspiration | Winter,7722,97,42.98,0.012562
2023-09-24,UT,Inspiration | Winter,7295,101,60.97,0.013845
2023-09-18,UT,Inspiration | Summer,7405,86,52.55,0.011614
2023-09-19,UT,Inspiration | Summer,5800,90,41.74,0.015517
2023-09-20,UT,Inspiration | Summer,8492,93,39.52,0.010951
2023-09-21,UT,Inspiration | Summer,6820,79,38.9,0.011584
2023-09-22,UT,Inspiration | Summer,8005,104,42.06,0.012992
2023-09-23,UT,Inspiration | Summer,6125,97,41.83,0.015837
2023-09-24,UT,Inspiration | Summer,8426,90,39.6,0.010681
2023-09-18,CA,Inspiration | Winter,7347,72,68.37,0.0098
2023-09-19,CA,Inspiration | Winter,9737,104,48.58,0.010681
2023-09-20,CA,Inspiration | Winter,9292,78,58.45,0.008394
2023-09-21,CA,Inspiration | Winter,6924,110,47.83,0.015887
2023-09-22,CA,Inspiration | Winter,9521,85,48.58,0.008928
2023-09-23,CA,Inspiration | Winter,8677,105,44.9,0.012101
2023-09-24,CA,Inspiration | Winter,6642,97,55.38,0.014604
2023-09-18,CA,Inspiration | Summer,5630,75,42.66,0.013321
2023-09-19,CA,Inspiration | Summer,7438,93,29.51,0.012503
2023-09-20,CA,Inspiration | Summer,7216,102,32.88,0.014135
2023-09-21,CA,Inspiration | Summer,5345,79,35.75,0.01478
2023-09-22,CA,Inspiration | Summer,5163,72,35.78,0.013945
2023-09-23,CA,Inspiration | Summer,6283,73,31.53,0.011619
2023-09-24,CA,Inspiration | Summer,5856,83,40.89,0.014173
2023-09-18,PN,Inspiration | Winter,8322,92,45.87,0.011055
2023-09-19,PN,Inspiration | Winter,8382,109,63.9,0.013004
2023-09-20,PN,Inspiration | Winter,7486,106,59.59,0.01416
2023-09-21,PN,Inspiration | Winter,9886,119,64.76,0.012037
2023-09-22,PN,Inspiration | Winter,9680,82,52.49,0.008471
2023-09-23,PN,Inspiration | Winter,10519,86,70.06,0.008176
2023-09-24,PN,Inspiration | Winter,9447,119,51.15,0.012597
2023-09-18,PN,Inspiration | Summer,5811,78,27.44,0.013423
2023-09-19,PN,Inspiration | Summer,4510,65,35.47,0.014412
2023-09-20,PN,Inspiration | Summer,5219,84,31.38,0.016095
2023-09-21,PN,Inspiration | Summer,4998,86,29.61,0.017207
2023-09-22,PN,Inspiration | Summer,6498,62,31.24,0.009541
2023-09-23,PN,Inspiration | Summer,5158,67,37.08,0.01299
2023-09-24,PN,Inspiration | Summer,6237,66,30.68,0.010582
2023-09-18,NE,Inspiration | Winter,6180,67,41.85,0.010841
2023-09-19,NE,Inspiration | Winter,7990,86,46.02,0.010763
2023-09-20,NE,Inspiration | Winter,6435,56,33.53,0.008702
2023-09-21,NE,Inspiration | Winter,5941,69,45.76,0.011614
2023-09-22,NE,Inspiration | Winter,6015,68,35.91,0.011305
2023-09-23,NE,Inspiration | Winter,5395,74,39.25,0.013716
2023-09-24,NE,Inspiration | Winter,5602,84,36.44,0.014995
2023-09-18,NE,Inspiration | Summer,5177,80,27.5,0.015453
2023-09-19,NE,Inspiration | Summer,5982,67,29.87,0.0112
2023-09-20,NE,Inspiration | Summer,6776,65,31.91,0.009593
2023-09-21,NE,Inspiration | Summer,6503,89,38.9,0.013686
2023-09-22,NE,Inspiration | Summer,5193,88,38.48,0.016946
2023-09-23,NE,Inspiration | Summer,5025,85,28.09,0.016915
2023-09-24,NE,Inspiration | Summer,5459,69,37.91,0.01264
2023-09-25,CO,Inspiration | Winter,10517,123,71.9,0.011695
2023-09-26,CO,Inspiration | Winter,9783,135,67.63,0.013799
2023-09-27,CO,Inspiration | Winter,12543,128,79.03,0.010205
2023-09-28,CO,Inspiration | Winter,9921,88,77.93,0.00887
2023-09-29,CO,Inspiration | Winter,13797,125,60.74,0.00906
2023-09-30,CO,Inspiration | Winter,10008,97,68.81,0.009692
2023-10-01,CO,Inspiration | Winter,10405,95,66.58,0.00913
2023-09-25,CO,Inspiration | Summer,7622,73,39.45,0.009578
2023-09-26,CO,Inspiration | Summer,6683,105,37.27,0.015712
2023-09-27,CO,Inspiration | Summer,6137,88,39.07,0.014339
2023-09-28,CO,Inspiration | Summer,7526,101,42.62,0.01342
2023-09-29,CO,Inspiration | Summer,7357,96,40.51,0.013049
2023-09-30,CO,Inspiration | Summer,6161,104,40.29,0.01688
2023-10-01,CO,Inspiration | Summer,6326,93,38.09,0.014701
2023-09-25,UT,Inspiration | Winter,9511,80,56.71,0.008411
2023-09-26,UT,Inspiration | Winter,10936,117,61.01,0.010699
2023-09-27,UT,Inspiration | Winter,9552,84,62.27,0.008794
2023-09-28,UT,Inspiration | Winter,8651,89,65.91,0.010288
2023-09-29,UT,Inspiration | Winter,9237,94,62.59,0.010176
2023-09-30,UT,Inspiration | Winter,7947,109,47.28,0.013716
2023-10-01,UT,Inspiration | Winter,10069,112,66.01,0.011123
2023-09-25,UT,Inspiration | Summer,5576,89,31.07,0.015961
2023-09-26,UT,Inspiration | Summer,5996,85,32.39,0.014176
2023-09-27,UT,Inspiration | Summer,6284,91,31.54,0.014481
2023-09-28,UT,Inspiration | Summer,6934,85,38.72,0.012258
2023-09-29,UT,Inspiration | Summer,5165,69,30.22,0.013359
2023-09-30,UT,Inspiration | Summer,5496,71,42.71,0.012918
2023-10-01,UT,Inspiration | Summer,5788,82,32.52,0.014167
2023-09-25,CA,Inspiration | Winter,8202,83,45.39,0.010119
2023-09-26,CA,Inspiration | Winter,6352,81,59.18,0.012752
2023-09-27,CA,Inspiration | Winter,7693,82,52.3,0.010659
2023-09-28,CA,Inspiration | Winter,7739,78,58.32,0.010079
2023-09-29,CA,Inspiration | Winter,8718,59,42.43,0.006768
2023-09-30,CA,Inspiration | Winter,6642,80,45.64,0.012045
2023-10-01,CA,Inspiration | Winter,8226,88,39.6,0.010698
2023-09-25,CA,Inspiration | Summer,8675,126,42.11,0.014524
2023-09-26,CA,Inspiration | Summer,8682,102,46.14,0.011748
2023-09-27,CA,Inspiration | Summer,9243,130,44.51,0.014065
2023-09-28,CA,Inspiration | Summer,9077,128,50.32,0.014102
2023-09-29,CA,Inspiration | Summer,6197,91,49.87,0.014685
2023-09-30,CA,Inspiration | Summer,8790,91,56.6,0.010353
2023-10-01,CA,Inspiration | Summer,7094,97,45.44,0.013674
2023-09-25,PN,Inspiration | Winter,6304,92,36.93,0.014594
2023-09-26,PN,Inspiration | Winter,7397,61,45.27,0.008247
2023-09-27,PN,Inspiration | Winter,6156,84,48.65,0.013645
2023-09-28,PN,Inspiration | Winter,6188,77,42.67,0.012443
2023-09-29,PN,Inspiration | Winter,7077,77,39.99,0.01088
2023-09-30,PN,Inspiration | Winter,7514,73,48.11,0.009715
2023-10-01,PN,Inspiration | Winter,6981,91,43.13,0.013035
2023-09-25,PN,Inspiration | Summer,7645,93,37.81,0.012165
2023-09-26,PN,Inspiration | Summer,6529,79,38.05,0.0121
2023-09-27,PN,Inspiration | Summer,5138,92,34.63,0.017906
2023-09-28,PN,Inspiration | Summer,7465,96,32.63,0.01286
2023-09-29,PN,Inspiration | Summer,7414,80,45.51,0.01079
2023-09-30,PN,Inspiration | Summer,5965,99,38.49,0.016597
2023-10-01,PN,Inspiration | Summer,5985,75,40.51,0.012531
2023-09-25,NE,Inspiration | Winter,6600,66,44.49,0.01
2023-09-26,NE,Inspiration | Winter,6591,70,40.17,0.010621
2023-09-27,NE,Inspiration | Winter,6452,70,43.59,0.010849
2023-09-28,NE,Inspiration | Winter,6066,58,34.63,0.009561
2023-09-29,NE,Inspiration | Winter,5766,62,36.61,0.010753
2023-09-30,NE,Inspiration | Winter,6698,80,45.76,0.011944
2023-10-01,NE,Inspiration | Winter,5400,78,33.62,0.014444
2023-09-25,NE,Inspiration | Summer,5521,62,27.41,0.01123
2023-09-26,NE,Inspiration | Summer,5346,79,34.87,0.014777
2023-09-27,NE,Inspiration | Summer,5316,55,26.19,0.010346
2023-09-28,NE,Inspiration | Summer,6269,79,37.57,0.012602
2023-09-29,NE,Inspiration | Summer,4534,69,28.75,0.015218
2023-09-30,NE,Inspiration | Summer,5441,74,33.54,0.0136
2023-10-01,NE,Inspiration | Summer,6010,68,34.62,0.011314
2023-10-02,CO,Inspiration | Winter,10906,121,66.72,0.011095
2023-10-03,CO,Inspiration | Winter,11063,101,74.39,0.00913
2023-10-04,CO,Inspiration | Winter,10518,131,67.85,0.012455
2023-10-05,CO,Inspiration | Winter,10507,118,74.74,0.011231
2023-10-06,CO,Inspiration | Winter,7752,140,62.04,0.01806
2023-10-07,CO,Inspiration | Winter,9855,122,64.36,0.01238
2023-10-08,CO,Inspiration | Winter,11711,114,52.69,0.009734
2023-10-02,CO,Inspiration | Summer,9478,112,51.34,0.011817
2023-10-03,CO,Inspiration | Summer,7638,132,44.75,0.017282
2023-10-04,CO,Inspiration | Summer,7242,99,47.59,0.01367
2023-10-05,CO,Inspiration | Summer,8582,111,54.65,0.012934
2023-10-06,CO,Inspiration | Summer,7431,111,55.68,0.014937
2023-10-07,CO,Inspiration | Summer,9791,100,55.75,0.010213
2023-10-08,CO,Inspiration | Summer,9757,125,37.76,0.012811
2023-10-02,UT,Inspiration | Winter,10095,90,46.16,0.008915
2023-10-03,UT,Inspiration | Winter,9469,80,50.54,0.008449
2023-10-04,UT,Inspiration | Winter,10493,97,53.74,0.009244
2023-10-05,UT,Inspiration | Winter,8006,115,69.04,0.014364
2023-10-06,UT,Inspiration | Winter,7338,75,65.3,0.010221
2023-10-07,UT,Inspiration | Winter,9040,86,48.2,0.009513
2023-10-08,UT,Inspiration | Winter,8500,107,69.85,0.012588
2023-10-02,UT,Inspiration | Summer,8240,84,46.5,0.010194
2023-10-03,UT,Inspiration | Summer,8686,90,49.37,0.010362
2023-10-04,UT,Inspiration | Summer,7044,102,42.09,0.01448
2023-10-05,UT,Inspiration | Summer,8085,84,46.45,0.01039
2023-10-06,UT,Inspiration | Summer,8052,107,35.15,0.013289
2023-10-07,UT,Inspiration | Summer,6942,113,44.19,0.016278
2023-10-08,UT,Inspiration | Summer,7003,117,49.74,0.016707
2023-10-02,CA,Inspiration | Winter,8648,104,57.78,0.012026
2023-10-03,CA,Inspiration | Winter,8748,95,72.06,0.01086
2023-10-04,CA,Inspiration | Winter,9201,108,70.74,0.011738
2023-10-05,CA,Inspiration | Winter,11434,124,50.36,0.010845
2023-10-06,CA,Inspiration | Winter,11752,118,52.57,0.010041
2023-10-07,CA,Inspiration | Winter,10182,114,73.41,0.011196
2023-10-08,CA,Inspiration | Winter,8254,98,59.68,0.011873
2023-10-02,CA,Inspiration | Summer,6628,77,30.35,0.011617
2023-10-03,CA,Inspiration | Summer,5091,72,33.62,0.014143
2023-10-04,CA,Inspiration | Summer,6476,92,35.35,0.014206
2023-10-05,CA,Inspiration | Summer,5029,72,29.38,0.014317
2023-10-06,CA,Inspiration | Summer,6100,91,33.95,0.014918
2023-10-07,CA,Inspiration | Summer,5389,80,40.6,0.014845
2023-10-08,CA,Inspiration | Summer,7016,88,38.78,0.012543
2023-10-02,PN,Inspiration | Winter,8127,80,51.23,0.009844
2023-10-03,PN,Inspiration | Winter,7373,84,38.48,0.011393
2023-10-04,PN,Inspiration | Winter,8013,82,51.81,0.010233
2023-10-05,PN,Inspiration | Winter,7999,82,52.76,0.010251
2023-10-06,PN,Inspiration | Winter,7521,74,41.55,0.009839
2023-10-07,PN,Inspiration | Winter,6084,96,46.87,0.015779
2023-10-08,PN,Inspiration | Winter,6612,69,48.37,0.010436
2023-10-02,PN,Inspiration | Summer,5590,72,41.48,0.01288
2023-10-03,PN,Inspiration | Summer,6972,97,32.81,0.013913
2023-10-04,PN,Inspiration | Summer,7247,101,49.54,0.013937
2023-10-05,PN,Inspiration | Summer,7452,104,39.05,0.013956
2023-10-06,PN,Inspiration | Summer,7342,102,35.9,0.013893
2023-10-07,PN,Inspiration | Summer,7787,100,49.67,0.012842
2023-10-08,PN,Inspiration | Summer,6299,99,33.95,0.015717
2023-10-02,NE,Inspiration | Winter,7938,90,39.17,0.011338
2023-10-03,NE,Inspiration | Winter,7870,97,49.48,0.012325
2023-10-04,NE,Inspiration | Winter,7653,71,40.87,0.009277
2023-10-05,NE,Inspiration | Winter,7091,79,56.13,0.011141
2023-10-06,NE,Inspiration | Winter,8624,72,46.73,0.008349
2023-10-07,NE,Inspiration | Winter,6456,70,55.24,0.010843
2023-10-08,NE,Inspiration | Winter,6699,86,47.3,0.012838
2023-10-02,NE,Inspiration | Summer,4701,85,36.49,0.018081
2023-10-03,NE,Inspiration | Summer,6098,75,38.31,0.012299
2023-10-04,NE,Inspiration | Summer,6717,92,41.89,0.013697
2023-10-05,NE,Inspiration | Summer,6946,74,38.02,0.010654
2023-10-06,NE,Inspiration | Summer,6661,81,30.29,0.01216
2023-10-07,NE,Inspiration | Summer,7116,113,43.73,0.01588
2023-10-08,NE,Inspiration | Summer,6568,78,31.15,0.011876
2023-10-09,CO,Inspiration | Winter,13318,99,59.49,0.007434
2023-10-10,CO,Inspiration | Winter,9589,151,65.65,0.015747
2023-10-11,CO,Inspiration | Winter,11529,100,79.5,0.008674
2023-10-12,CO,Inspiration | Winter,10989,109,62.72,0.009919
2023-10-13,CO,Inspiration | Winter,11276,103,83.65,0.009134
2023-10-14,CO,Inspiration | Winter,11916,110,80.85,0.009231
2023-10-15,CO,Inspiration | Winter,9783,146,69.92,0.014924
2023-10-09,CO,Inspiration | Summer,8039,97,46.61,0.012066
2023-10-10,CO,Inspiration | Summer,7421,114,49.86,0.015362
2023-10-11,CO,Inspiration | Summer,7954,91,43.8,0.011441
2023-10-12,CO,Inspiration | Summer,6461,94,46.42,0.014549
2023-10-13,CO,Inspiration | Summer,7579,87,43.77,0.011479
2023-10-14,CO,Inspiration | Summer,8554,104,40.74,0.012158
2023-10-15,CO,Inspiration | Summer,8912,89,47.32,0.009987
2023-10-09,UT,Inspiration | Winter,8372,83,57.07,0.009914
2023-10-10,UT,Inspiration | Winter,7322,92,46.73,0.012565
2023-10-11,UT,Inspiration | Winter,7293,87,42.85,0.011929
2023-10-12,UT,Inspiration | Winter,6524,70,50.14,0.01073
2023-10-13,UT,Inspiration | Winter,8453,71,40.66,0.008399
2023-10-14,UT,Inspiration | Winter,6236,66,45.97,0.010584
2023-10-15,UT,Inspiration | Winter,7561,67,47.85,0.008861
2023-10-09,UT,Inspiration | Summer,6176,84,34.46,0.013601
2023-10-10,UT,Inspiration | Summer,7330,69,32.58,0.009413
2023-10-11,UT,Inspiration | Summer,5244,87,42.31,0.01659
2023-10-12,UT,Inspiration | Summer,6406,86,32.15,0.013425
2023-10-13,UT,Inspiration | Summer,7434,83,40.91,0.011165
2023-10-14,UT,Inspiration | Summer,5170,61,28.41,0.011799
2023-10-15,UT,Inspiration | Summer,6034,65,43.19,0.010772
2023-10-09,CA,Inspiration | Winter,10580,110,61.26,0.010397
2023-10-10,CA,Inspiration | Winter,10612,142,73.5,0.013381
2023-10-11,CA,Inspiration | Winter,11369,112,71.45,0.009851
2023-10-12,CA,Inspiration | Winter,10592,125,54.68,0.011801
2023-10-13,CA,Inspiration | Winter,10424,109,62.11,0.010457
2023-10-14,CA,Inspiration | Winter,9307,134,78.4,0.014398
2023-10-15,CA,Inspiration | Winter,9901,111,64.42,0.011211
2023-10-09,CA,Inspiration | Summer,8027,75,41.66,0.009343
2023-10-10,CA,Inspiration | Summer,6805,105,30.14,0.01543
2023-10-11,CA,Inspiration | Summer,6337,103,40.47,0.016254
2023-10-12,CA,Inspiration | Summer,7116,82,45.61,0.011523
2023-10-13,CA,Inspiration | Summer,7640,86,36.3,0.011257
2023-10-14,CA,Inspiration | Summer,5541,96,34.42,0.017325
2023-10-15,CA,Inspiration | Summer,5392,84,43.19,0.015579
2023-10-09,PN,Inspiration | Winter,8286,90,41.51,0.010862
2023-10-10,PN,Inspiration | Winter,8334,84,50.21,0.010079
2023-10-11,PN,Inspiration | Winter,5907,88,39.81,0.014898
2023-10-12,PN,Inspiration | Winter,7350,73,55.38,0.009932
2023-10-13,PN,Inspiration | Winter,8353,91,54.36,0.010894
2023-10-14,PN,Inspiration | Winter,7621,81,45.15,0.010629
2023-10-15,PN,Inspiration | Winter,7736,67,56.53,0.008661
2023-10-09,PN,Inspiration | Summer,6364,73,45.1,0.011471
2023-10-10,PN,Inspiration | Summer,6368,102,43.25,0.016018
2023-10-11,PN,Inspiration | Summer,8447,114,49.52,0.013496
2023-10-12,PN,Inspiration | Summer,6384,94,43.92,0.014724
2023-10-13,PN,Inspiration | Summer,6419,108,43.21,0.016825
2023-10-14,PN,Inspiration | Summer,7682,88,38.23,0.011455
2023-10-15,PN,Inspiration | Summer,9246,85,32.05,0.009193
2023-10-09,NE,Inspiration | Winter,5482,64,38.19,0.011675
2023-10-10,NE,Inspiration | Winter,7398,83,38.88,0.011219
2023-10-11,NE,Inspiration | Winter,5279,81,50.3,0.015344
2023-10-12,NE,Inspiration | Winter,6304,87,42.11,0.013801
2023-10-13,NE,Inspiration | Winter,7008,79,37.47,0.011273
2023-10-14,NE,Inspiration | Winter,6756,65,37.25,0.009621
2023-10-15,NE,Inspiration | Winter,7033,73,45.46,0.01038
2023-10-09,NE,Inspiration | Summer,5935,85,33.92,0.014322
2023-10-10,NE,Inspiration | Summer,4529,69,33.11,0.015235
2023-10-11,NE,Inspiration | Summer,5864,82,31.93,0.013984
2023-10-12,NE,Inspiration | Summer,6073,59,34.01,0.009715
2023-10-13,NE,Inspiration | Summer,5238,73,41.19,0.013937
2023-10-14,NE,Inspiration | Summer,6912,84,33.48,0.012153
2023-10-15,NE,Inspiration | Summer,6510,73,30.5,0.011214
2023-10-16,CO,Inspiration | Winter,7262,87,72.85,0.01198
2023-10-17,CO,Inspiration | Winter,11122,92,49.06,0.008272
2023-10-18,CO,Inspiration | Winter,10541,95,53.48,0.009012
2023-10-19,CO,Inspiration | Winter,7549,106,61.22,0.014042
2023-10-20,CO,Inspiration | Winter,9631,103,67.3,0.010695
2023-10-21,CO,Inspiration | Winter,10783,119,61.68,0.011036
2023-10-22,CO,Inspiration | Winter,10543,97,65.97,0.0092
2023-10-16,CO,Inspiration | Summer,7989,121,44.75,0.015146
2023-10-17,CO,Inspiration | Summer,9902,133,54.49,0.013432
2023-10-18,CO,Inspiration | Summer,8130,109,48.15,0.013407
2023-10-19,CO,Inspiration | Summer,8016,106,51.11,0.013224
2023-10-20,CO,Inspiration | Summer,8045,109,49.91,0.013549
2023-10-21,CO,Inspiration | Summer,10571,127,56.19,0.012014
2023-10-22,CO,Inspiration | Summer,7879,108,46.47,0.013707
2023-10-16,UT,Inspiration | Winter,6676,70,46.04,0.010485
2023-10-17,UT,Inspiration | Winter,7435,89,42.34,0.01197
2023-10-18,UT,Inspiration | Winter,7321,74,46.64,0.010108
2023-10-19,UT,Inspiration | Winter,9786,88,54.78,0.008992
2023-10-20,UT,Inspiration | Winter,8044,79,45.67,0.009821
2023-10-21,UT,Inspiration | Winter,6441,91,58.0,0.014128
2023-10-22,UT,Inspiration | Winter,9051,93,56.97,0.010275
2023-10-16,UT,Inspiration | Summer,8419,83,40.84,0.009859
2023-10-17,UT,Inspiration | Summer,8384,95,51.34,0.011331
2023-10-18,UT,Inspiration | Summer,7175,93,41.47,0.012962
2023-10-19,UT,Inspiration | Summer,7458,81,48.32,0.010861
2023-10-20,UT,Inspiration | Summer,6228,117,41.99,0.018786
2023-10-21,UT,Inspiration | Summer,8349,118,39.7,0.014133
2023-10-22,UT,Inspiration | Summer,5695,85,36.25,0.014925
2023-10-16,CA,Inspiration | Winter,7548,79,45.88,0.010466
2023-10-17,CA,Inspiration | Winter,8885,91,59.04,0.010242
2023-10-18,CA,Inspiration | Winter,8558,67,52.1,0.007829
2023-10-19,CA,Inspiration | Winter,7424,92,44.64,0.012392
2023-10-20,CA,Inspiration | Winter,7695,90,48.81,0.011696
2023-10-21,CA,Inspiration | Winter,7961,81,46.19,0.010175
2023-10-22,CA,Inspiration | Winter,6580,90,53.1,0.013678
2023-10-16,CA,Inspiration | Summer,5922,89,46.72,0.015029
2023-10-17,CA,Inspiration | Summer,7871,92,50.04,0.011688
2023-10-18,CA,Inspiration | Summer,8116,103,45.89,0.012691
2023-10-19,CA,Inspiration | Summer,8373,91,36.19,0.010868
2023-10-20,CA,Inspiration | Summer,6257,110,49.68,0.01758
2023-10-21,CA,Inspiration | Summer,8370,100,36.54,0.011947
2023-10-22,CA,Inspiration | Summer,8759,118,46.21,0.013472
2023-10-16,PN,Inspiration | Winter,6989,84,59.21,0.012019
2023-10-17,PN,Inspiration | Winter,8515,108,55.23,0.012683
2023-10-18,PN,Inspiration | Winter,9506,122,56.08,0.012834
2023-10-19,PN,Inspiration | Winter,7483,114,48.59,0.015235
2023-10-20,PN,Inspiration | Winter,10234,87,59.63,0.008501
2023-10-21,PN,Inspiration | Winter,8486,83,43.74,0.009781
2023-10-22,PN,Inspiration | Winter,7235,80,51.58,0.011057
2023-10-16,PN,Inspiration | Summer,8331,112,36.19,0.013444
2023-10-17,PN,Inspiration | Summer,5453,88,47.4,0.016138
2023-10-18,PN,Inspiration | Summer,7224,82,51.18,0.011351
2023-10-19,PN,Inspiration | Summer,8307,89,34.82,0.010714
2023-10-20,PN,Inspiration | Summer,6402,109,33.85,0.017026
2023-10-21,PN,Inspiration | Summer,6520,82,40.5,0.012577
2023-10-22,PN,Inspiration | Summer,6698,100,39.88,0.01493
2023-10-16,NE,Inspiration | Winter,8697,77,42.94,0.008854
2023-10-17,NE,Inspiration | Winter,8844,93,57.42,0.010516
2023-10-18,NE,Inspiration | Winter,8845,102,44.61,0.011532
2023-10-19,NE,Inspiration | Winter,8794,113,55.93,0.01285
2023-10-20,NE,Inspiration | Winter,7205,85,42.08,0.011797
2023-10-21,NE,Inspiration | Winter,7130,91,59.59,0.012763
2023-10-22,NE,Inspiration | Winter,6625,83,56.72,0.012528
2023-10-16,NE,Inspiration | Summer,4443,62,27.96,0.013955
2023-10-17,NE,Inspiration | Summer,4290,75,33.75,0.017483
2023-10-18,NE,Inspiration | Summer,6420,79,27.36,0.012305
2023-10-19,NE,Inspiration | Summer,5235,76,31.34,0.014518
2023-10-20,NE,Inspiration | Summer,5169,72,28.34,0.013929
2023-10-21,NE,Inspiration | Summer,5771,78,34.5,0.013516
2023-10-22,NE,Inspiration | Summer,6055,58,33.57,0.009579
2023-10-23,CO,Inspiration | Winter,7977,126,66.43,0.015795
2023-10-24,CO,Inspiration | Winter,10617,127,55.26,0.011962
2023-10-25,CO,Inspiration | Winter,10952,110,66.64,0.010044
2023-10-26,CO,Inspiration | Winter,8589,87,46.93,0.010129
2023-10-27,CO,Inspiration | Winter,11733,130,62.95,0.01108
2023-10-28,CO,Inspiration | Winter,10004,87,70.85,0.008697
2023-10-29,CO,Inspiration | Winter,8728,110,69.99,0.012603
2023-10-23,CO,Inspiration | Summer,8073,100,43.04,0.012387
2023-10-24,CO,Inspiration | Summer,6907,94,46.66,0.013609
2023-10-25,CO,Inspiration | Summer,6163,95,45.98,0.015415
2023-10-26,CO,Inspiration | Summer,5406,74,31.11,0.013688
2023-10-27,CO,Inspiration | Summer,7098,67,42.34,0.009439
2023-10-28,CO,Inspiration | Summer,7918,98,30.45,0.012377
2023-10-29,CO,Inspiration | Summer,5663,99,34.34,0.017482
2023-10-23,UT,Inspiration | Winter,8452,78,60.84,0.009229
2023-10-24,UT,Inspiration | Winter,10160,98,62.6,0.009646
2023-10-25,UT,Inspiration | Winter,6953,82,42.65,0.011793
2023-10-26,UT,Inspiration | Winter,8122,100,50.0,0.012312
2023-10-27,UT,Inspiration | Winter,9545,103,47.82,0.010791
2023-10-28,UT,Inspiration | Winter,7087,87,52.61,0.012276
2023-10-29,UT,Inspiration | Winter,6597,102,47.74,0.015462
2023-10-23,UT,Inspiration | Summer,7218,95,41.83,0.013162
2023-10-24,UT,Inspiration | Summer,8062,92,45.47,0.011412
2023-10-25,UT,Inspiration | Summer,7891,116,46.37,0.0147
2023-10-26,UT,Inspiration | Summer,8309,106,40.23,0.012757
2023-10-27,UT,Inspiration | Summer,6131,90,49.29,0.014679
2023-10-28,UT,Inspiration | Summer,7539,95,39.54,0.012601
2023-10-29,UT,Inspiration | Summer,7724,112,43.95,0.0145
2023-10-23,CA,Inspiration | Winter,8401,99,70.73,0.011784
2023-10-24,CA,Inspiration | Winter,10908,128,76.4,0.011735
2023-10-25,CA,Inspiration | Winter,11186,119,55.18,0.010638
2023-10-26,CA,Inspiration | Winter,11577,102,64.43,0.008811
2023-10-27,CA,Inspiration | Winter,11166,132,76.13,0.011822
2023-10-28,CA,Inspiration | Winter,10289,98,63.44,0.009525
2023-10-29,CA,Inspiration | Winter,8956,92,57.59,0.010272
2023-10-23,CA,Inspiration | Summer,9496,115,52.03,0.01211
2023-10-24,CA,Inspiration | Summer,8148,97,41.45,0.011905
2023-10-25,CA,Inspiration | Summer,7893,123,51.38,0.015583
2023-10-26,CA,Inspiration | Summer,8678,109,39.83,0.01256
2023-10-27,CA,Inspiration | Summer,7359,119,54.4,0.016171
2023-10-28,CA,Inspiration | Summer,7272,111,55.83,0.015264
2023-10-29,CA,Inspiration | Summer,9363,116,42.7,0.012389
2023-10-23,PN,Inspiration | Winter,8342,104,58.67,0.012467
2023-10-24,PN,Inspiration | Winter,9155,119,60.26,0.012998
2023-10-25,PN,Inspiration | Winter,11378,100,64.13,0.008789
2023-10-26,PN,Inspiration | Winter,8685,102,59.72,0.011744
2023-10-27,PN,Inspiration | Winter,11217,125,60.91,0.011144
2023-10-28,PN,Inspiration | Winter,8272,87,58.68,0.010517
2023-10-29,PN,Inspiration | Winter,8790,99,59.01,0.011263
2023-10-23,PN,Inspiration | Summer,5458,82,37.52,0.015024
2023-10-24,PN,Inspiration | Summer,4787,65,40.41,0.013578
2023-10-25,PN,Inspiration | Summer,5618,74,32.52,0.013172
2023-10-26,PN,Inspiration | Summer,6451,70,33.63,0.010851
2023-10-27,PN,Inspiration | Summer,6005,83,28.78,0.013822
2023-10-28,PN,Inspiration | Summer,5975,71,27.51,0.011883
2023-10-29,PN,Inspiration | Summer,5240,99,28.92,0.018893
2023-10-23,NE,Inspiration | Winter,9565,92,47.15,0.009618
2023-10-24,NE,Inspiration | Winter,6717,75,58.53,0.011166
2023-10-25,NE,Inspiration | Winter,6458,94,58.09,0.014556
2023-10-26,NE,Inspiration | Winter,9372,79,60.62,0.008429
2023-10-27,NE,Inspiration | Winter,9566,93,49.16,0.009722
2023-10-28,NE,Inspiration | Winter,7521,107,56.49,0.014227
2023-10-29,NE,Inspiration | Winter,9687,106,46.83,0.010943
2023-10-23,NE,Inspiration | Summer,6735,73,31.4,0.010839
2023-10-24,NE,Inspiration | Summer,7292,77,31.63,0.01056
2023-10-25,NE,Inspiration | Summer,6314,89,42.44,0.014096
2023-10-26,NE,Inspiration | Summer,6449,82,29.73,0.012715
2023-10-27,NE,Inspiration | Summer,5639,99,42.21,0.017556
2023-10-28,NE,Inspiration | Summer,5151,78,32.15,0.015143
2023-10-29,NE,Inspiration | Summer,5360,78,39.49,0.014552
2023-10-30,CO,Inspiration | Winter,11176,85,55.42,0.007606
2023-10-31,CO,Inspiration | Winter,9077,88,58.39,0.009695
2023-11-01,CO,Inspiration | Winter,8606,95,70.01,0.011039
2023-11-02,CO,Inspiration | Winter,11063,93,73.83,0.008406
2023-11-03,CO,Inspiration | Winter,11644,130,69.09,0.011165
2023-11-04,CO,Inspiration | Winter,9459,110,55.52,0.011629
2023-11-05,CO,Inspiration | Winter,8288,127,61.33,0.015323
2023-10-30,CO,Inspiration | Summer,7490,113,44.85,0.015087
2023-10-31,CO,Inspiration | Summer,8556,103,56.55,0.012038
2023-11-01,CO,Inspiration | Summer,7974,103,52.72,0.012917
2023-11-02,CO,Inspiration | Summer,9363,113,42.92,0.012069
2023-11-03,CO,Inspiration | Summer,9594,106,40.7,0.011049
2023-11-04,CO,Inspiration | Summer,7167,85,42.95,0.01186
2023-11-05,CO,Inspiration | Summer,6694,111,48.99,0.016582
2023-10-30,UT,Inspiration | Winter,8993,106,51.03,0.011787
2023-10-31,UT,Inspiration | Winter,9140,97,59.9,0.010613
2023-11-01,UT,Inspiration | Winter,10942,117,76.15,0.010693
2023-11-02,UT,Inspiration | Winter,8475,108,53.57,0.012743
2023-11-03,UT,Inspiration | Winter,11734,80,61.2,0.006818
2023-11-04,UT,Inspiration | Winter,8663,111,55.73,0.012813
2023-11-05,UT,Inspiration | Winter,8752,113,69.28,0.012911
2023-10-30,UT,Inspiration | Summer,5548,79,42.5,0.014239
2023-10-31,UT,Inspiration | Summer,6812,99,39.03,0.014533
2023-11-01,UT,Inspiration | Summer,6098,76,41.07,0.012463
2023-11-02,UT,Inspiration | Summer,7114,94,42.49,0.013213
2023-11-03,UT,Inspiration | Summer,7394,100,34.36,0.013524
2023-11-04,UT,Inspiration | Summer,5435,78,27.87,0.014351
2023-11-05,UT,Inspiration | Summer,6027,89,30.35,0.014767
2023-10-30,CA,Inspiration | Winter,9897,126,71.65,0.012731
2023-10-31,CA,Inspiration | Winter,11583,91,72.33,0.007856
2023-11-01,CA,Inspiration | Winter,9185,116,50.6,0.012629
2023-11-02,CA,Inspiration | Winter,8931,109,68.27,0.012205
2023-11-03,CA,Inspiration | Winter,11172,139,57.58,0.012442
2023-11-04,CA,Inspiration | Winter,9319,92,55.52,0.009872
2023-11-05,CA,Inspiration | Winter,8495,126,62.97,0.014832
2023-10-30,CA,Inspiration | Summer,5432,71,34.79,0.013071
2023-10-31,CA,Inspiration | Summer,5193,82,36.68,0.01579
2023-11-01,CA,Inspiration | Summer,5336,63,37.49,0.011807
2023-11-02,CA,Inspiration | Summer,6544,94,35.15,0.014364
2023-11-03,CA,Inspiration | Summer,5333,76,28.45,0.014251
2023-11-04,CA,Inspiration | Summer,7227,85,33.15,0.011761
2023-11-05,CA,Inspiration | Summer,7206,68,39.45,0.009437
2023-10-30,PN,Inspiration | Winter,7814,92,44.45,0.011774
2023-10-31,PN,Inspiration | Winter,7788,102,66.29,0.013097
2023-11-01,PN,Inspiration | Winter,8996,95,57.16,0.01056
2023-11-02,PN,Inspiration | Winter,11303,104,59.99,0.009201
2023-11-03,PN,Inspiration | Winter,8648,81,66.49,0.009366
2023-11-04,PN,Inspiration | Winter,10953,101,63.57,0.009221
2023-11-05,PN,Inspiration | Winter,9887,96,60.53,0.00971
2023-10-30,PN,Inspiration | Summer,5705,77,45.64,0.013497
2023-10-31,PN,Inspiration | Summer,8122,97,40.11,0.011943
2023-11-01,PN,Inspiration | Summer,6745,70,47.34,0.010378
2023-11-02,PN,Inspiration | Summer,7031,99,41.78,0.014081
2023-11-03,PN,Inspiration | Summer,6850,97,33.3,0.014161
2023-11-04,PN,Inspiration | Summer,7849,105,39.61,0.013378
2023-11-05,PN,Inspiration | Summer,7258,105,39.66,0.014467
2023-10-30,NE,Inspiration | Winter,7780,66,38.72,0.008483
2023-10-31,NE,Inspiration | Winter,6830,98,37.39,0.014348
2023-11-01,NE,Inspiration | Winter,8552,66,40.43,0.007717
2023-11-02,NE,Inspiration | Winter,7310,66,47.68,0.009029
2023-11-03,NE,Inspiration | Winter,6223,81,41.72,0.013016
2023-11-04,NE,Inspiration | Winter,6219,91,53.22,0.014633
2023-11-05,NE,Inspiration | Winter,6089,74,54.44,0.012153
2023-10-30,NE,Inspiration | Summer,5538,71,24.73,0.012821
2023-10-31,NE,Inspiration | Summer,5060,52,30.49,0.010277
2023-11-01,NE,Inspiration | Summer,4771,73,33.11,0.015301
2023-11-02,NE,Inspiration | Summer,4897,78,26.3,0.015928
2023-11-03,NE,Inspiration | Summer,4479,71,34.18,0.015852
2023-11-04,NE,Inspiration | Summer,4997,60,28.38,0.012007
2023-11-05,NE,Inspiration | Summer,4787,57,23.08,0.011907
2023-11-06,CO,Inspiration | Winter,10568,111,81.12,0.010503
2023-11-07,CO,Inspiration | Winter,12424,129,75.22,0.010383
2023-11-08,CO,Inspiration | Winter,10723,111,55.56,0.010352
2023-11-09,CO,Inspiration | Winter,8962,100,83.78,0.011158
2023-11-10,CO,Inspiration | Winter,11868,98,63.0,0.008257
2023-11-11,CO,Inspiration | Winter,9984,142,56.16,0.014223
2023-11-12,CO,Inspiration | Winter,9564,132,59.35,0.013802
2023-11-06,CO,Inspiration | Summer,8673,101,42.58,0.011645
2023-11-07,CO,Inspiration | Summer,6112,74,38.9,0.012107
2023-11-08,CO,Inspiration | Summer,6812,88,40.62,0.012918
2023-11-09,CO,Inspiration | Summer,7506,101,40.0,0.013456
2023-11-10,CO,Inspiration | Summer,9095,99,47.78,0.010885
2023-11-11,CO,Inspiration | Summer,8271,98,51.85,0.011849
2023-11-12,CO,Inspiration | Summer,6222,87,43.88,0.013983
2023-11-06,UT,Inspiration | Winter,9049,90,64.96,0.009946
2023-11-07,UT,Inspiration | Winter,10191,100,52.01,0.009813
2023-11-08,UT,Inspiration | Winter,10321,118,67.71,0.011433
2023-11-09,UT,Inspiration | Winter,9765,103,63.68,0.010548
2023-11-10,UT,Inspiration | Winter,10938,108,54.7,0.009874
2023-11-11,UT,Inspiration | Winter,8711,115,57.42,0.013202
2023-11-12,UT,Inspiration | Winter,7906,110,67.56,0.013913
2023-11-06,UT,Inspiration | Summer,6910,106,43.25,0.01534
2023-11-07,UT,Inspiration | Summer,7987,127,44.5,0.015901
2023-11-08,UT,Inspiration | Summer,8057,107,42.94,0.01328
2023-11-09,UT,Inspiration | Summer,8836,120,44.82,0.013581
2023-11-10,UT,Inspiration | Summer,6836,94,39.73,0.013751
2023-11-11,UT,Inspiration | Summer,8673,103,54.33,0.011876
2023-11-12,UT,Inspiration | Summer,8388,86,53.41,0.010253
2023-11-06,CA,Inspiration | Winter,7779,93,46.93,0.011955
2023-11-07,CA,Inspiration | Winter,9404,93,47.55,0.009889
2023-11-08,CA,Inspiration | Winter,9516,114,61.42,0.01198
2023-11-09,CA,Inspiration | Winter,9805,83,63.16,0.008465
2023-11-10,CA,Inspiration | Winter,7418,103,51.43,0.013885
2023-11-11,CA,Inspiration | Winter,9333,80,58.94,0.008572
2023-11-12,CA,Inspiration | Winter,7412,106,58.83,0.014301
2023-11-06,CA,Inspiration | Summer,7739,133,51.62,0.017186
2023-11-07,CA,Inspiration | Summer,6869,98,49.24,0.014267
2023-11-08,CA,Inspiration | Summer,9572,89,39.58,0.009298
2023-11-09,CA,Inspiration | Summer,9432,129,56.25,0.013677
2023-11-10,CA,Inspiration | Summer,8789,93,51.57,0.010581
2023-11-11,CA,Inspiration | Summer,7791,110,56.72,0.014119
2023-11-12,CA,Inspiration | Summer,8979,89,38.22,0.009912
2023-11-06,PN,Inspiration | Winter,9448,109,56.16,0.011537
2023-11-07,PN,Inspiration | Winter,7458,85,49.97,0.011397
2023-11-08,PN,Inspiration | Winter,8463,96,55.42,0.011343
2023-11-09,PN,Inspiration | Winter,9885,109,61.05,0.011027
2023-11-10,PN,Inspiration | Winter,9903,81,55.16,0.008179
2023-11-11,PN,Inspiration | Winter,8544,121,51.13,0.014162
2023-11-12,PN,Inspiration | Winter,7401,107,62.18,0.014458
2023-11-06,PN,Inspiration | Summer,4990,62,29.35,0.012425
2023-11-07,PN,Inspiration | Summer,7094,63,31.42,0.008881
2023-11-08,PN,Inspiration | Summer,6624,73,31.98,0.011021
2023-11-09,PN,Inspiration | Summer,4870,82,41.63,0.016838
2023-11-10,PN,Inspiration | Summer,4780,78,31.4,0.016318
2023-11-11,PN,Inspiration | Summer,5751,90,37.75,0.015649
2023-11-12,PN,Inspiration | Summer,6899,75,34.32,0.010871
2023-11-06,NE,Inspiration | Winter,5829,66,46.99,0.011323
2023-11-07,NE,Inspiration | Winter,7541,58,40.43,0.007691
2023-11-08,NE,Inspiration | Winter,6172,63,35.66,0.010207
2023-11-09,NE,Inspiration | Winter,5392,78,38.34,0.014466
2023-11-10,NE,Inspiration | Winter,4906,66,34.77,0.013453
2023-11-11,NE,Inspiration | Winter,5642,67,36.59,0.011875
2023-11-12,NE,Inspiration | Winter,7214,79,40.47,0.010951
2023-11-06,NE,Inspiration | Summer,4364,64,38.55,0.014665
2023-11-07,NE,Inspiration | Summer,6093,65,40.3,0.010668
2023-11-08,NE,Inspiration | Summer,5260,72,26.23,0.013688
2023-11-09,NE,Inspiration | Summer,5660,77,32.98,0.013604
2023-11-10,NE,Inspiration | Summer,6382,87,33.55,0.013632
2023-11-11,NE,Inspiration | Summer,6007,70,32.43,0.011653
2023-11-12,NE,Inspiration | Summer,6467,78,29.31,0.012061
2023-11-13,CO,Inspiration | Winter,8044,98,74.23,0.012183
2023-11-14,CO,Inspiration | Winter,11845,90,57.22,0.007598
2023-11-15,CO,Inspiration | Winter,10165,113,65.18,0.011117
2023-11-16,CO,Inspiration | Winter,10622,102,74.61,0.009603
2023-11-17,CO,Inspiration | Winter,10828,90,69.67,0.008312
2023-11-18,CO,Inspiration | Winter,9854,115,53.74,0.01167
2023-11-19,CO,Inspiration | Winter,8836,111,54.6,0.012562
2023-11-13,CO,Inspiration | Summer,7232,85,36.02,0.011753
2023-11-14,CO,Inspiration | Summer,6426,104,46.34,0.016184
2023-11-15,CO,Inspiration | Summer,7205,97,35.7,0.013463
2023-11-16,CO,Inspiration | Summer,6369,75,32.0,0.011776
2023-11-17,CO,Inspiration | Summer,8320,83,46.29,0.009976
2023-11-18,CO,Inspiration | Summer,5701,91,45.41,0.015962
2023-11-19,CO,Inspiration | Summer,7386,104,40.36,0.014081
2023-11-13,UT,Inspiration | Winter,9320,89,57.03,0.009549
2023-11-14,UT,Inspiration | Winter,8239,96,57.36,0.011652
2023-11-15,UT,Inspiration | Winter,9870,85,49.77,0.008612
2023-11-16,UT,Inspiration | Winter,9363,92,55.75,0.009826
2023-11-17,UT,Inspiration | Winter,7234,102,50.28,0.0141
2023-11-18,UT,Inspiration | Winter,8443,75,58.86,0.008883
2023-11-19,UT,Inspiration | Winter,8138,82,58.84,0.010076
2023-11-13,UT,Inspiration | Summer,8701,133,37.83,0.015286
2023-11-14,UT,Inspiration | Summer,8261,129,35.87,0.015616
2023-11-15,UT,Inspiration | Summer,6500,90,45.78,0.013846
2023-11-16,UT,Inspiration | Summer,8541,94,51.04,0.011006
2023-11-17,UT,Inspiration | Summer,8122,88,45.67,0.010835
2023-11-18,UT,Inspiration | Summer,7370,93,48.45,0.012619
2023-11-19,UT,Inspiration | Summer,6146,112,46.47,0.018223
2023-11-13,CA,Inspiration | Winter,7294,98,57.78,0.013436
2023-11-14,CA,Inspiration | Winter,9133,77,61.33,0.008431
2023-11-15,CA,Inspiration | Winter,9253,87,58.31,0.009402
2023-11-16,CA,Inspiration | Winter,6313,74,43.21,0.011722
2023-11-17,CA,Inspiration | Winter,9410,110,53.91,0.01169
2023-11-18,CA,Inspiration | Winter,9789,92,57.19,0.009398
2023-11-19,CA,Inspiration | Winter,8725,109,51.74,0.012493
2023-11-13,CA,Inspiration | Summer,6092,106,38.49,0.0174
2023-11-14,CA,Inspiration | Summer,5721,90,32.84,0.015732
2023-11-15,CA,Inspiration | Summer,5709,84,46.44,0.014714
2023-11-16,CA,Inspiration | Summer,6701,87,39.89,0.012983
2023-11-17,CA,Inspiration | Summer,8177,102,36.32,0.012474
2023-11-18,CA,Inspiration | Summer,7133,75,31.2,0.010515
2023-11-19,CA,Inspiration | Summer,6912,88,44.21,0.012731
2023-11-13,PN,Inspiration | Winter,6786,89,46.04,0.013115
2023-11-14,PN,Inspiration | Winter,9047,75,50.84,0.00829
2023-11-15,PN,Inspiration | Winter,7522,66,45.84,0.008774
2023-11-16,PN,Inspiration | Winter,7434,93,48.94,0.01251
2023-11-17,PN,Inspiration | Winter,8681,73,50.86,0.008409
2023-11-18,PN,Inspiration | Winter,7003,84,49.09,0.011995
2023-11-19,PN,Inspiration | Winter,7580,74,54.33,0.009763
2023-11-13,PN,Inspiration | Summer,6454,82,44.94,0.012705
2023-11-14,PN,Inspiration | Summer,6001,83,34.11,0.013831
2023-11-15,PN,Inspiration | Summer,5816,89,36.58,0.015303
2023-11-16,PN,Inspiration | Summer,7498,69,36.49,0.009202
2023-11-17,PN,Inspiration | Summer,6518,91,41.78,0.013961
2023-11-18,PN,Inspiration | Summer,7241,64,30.83,0.008839
2023-11-19,PN,Inspiration | Summer,6539,87,42.46,0.013305
2023-11-13,NE,Inspiration | Winter,7750,83,53.78,0.01071
2023-11-14,NE,Inspiration | Winter,8775,74,52.75,0.008433
2023-11-15,NE,Inspiration | Winter,7291,97,46.02,0.013304
2023-11-16,NE,Inspiration | Winter,7458,109,62.39,0.014615
2023-11-17,NE,Inspiration | Winter,7139,107,49.8,0.014988
2023-11-18,NE,Inspiration | Winter,8254,90,45.56,0.010904
2023-11-19,NE,Inspiration | Winter,9181,79,47.12,0.008605
2023-11-13,NE,Inspiration | Summer,4750,54,29.53,0.011368
2023-11-14,NE,Inspiration | Summer,5394,53,33.97,0.009826
2023-11-15,NE,Inspiration | Summer,4011,80,31.62,0.019945
2023-11-16,NE,Inspiration | Summer,5508,72,28.64,0.013072
2023-11-17,NE,Inspiration | Summer,5640,61,30.76,0.010816
2023-11-18,NE,Inspiration | Summer,5796,77,23.4,0.013285
2023-11-19,NE,Inspiration | Summer,4573,80,28.98,0.017494
2023-11-20,CO,Inspiration | Winter,9665,105,64.97,0.010864
2023-11-21,CO,Inspiration | Winter,11886,114,67.27,0.009591
2023-11-22,CO,Inspiration | Winter,11049,141,78.82,0.012761
2023-11-23,CO,Inspiration | Winter,11781,120,75.47,0.010186
2023-11-24,CO,Inspiration | Winter,10439,98,62.57,0.009388
2023-11-25,CO,Inspiration | Winter,11740,118,88.23,0.010051
2023-11-26,CO,Inspiration | Winter,12476,128,68.5,0.01026
2023-11-20,CO,Inspiration | Summer,11197,132,67.23,0.011789
2023-11-21,CO,Inspiration | Summer,11410,165,63.24,0.014461
2023-11-22,CO,Inspiration | Summer,10424,133,55.43,0.012759
2023-11-23,CO,Inspiration | Summer,9561,114,50.89,0.011923
2023-11-24,CO,Inspiration | Summer,10316,137,67.69,0.01328
2023-11-25,CO,Inspiration | Summer,11962,150,66.59,0.01254
2023-11-26,CO,Inspiration | Summer,11122,128,69.69,0.011509
2023-11-20,UT,Inspiration | Winter,13468,131,77.94,0.009727
2023-11-21,UT,Inspiration | Winter,11359,120,83.38,0.010564
2023-11-22,UT,Inspiration | Winter,13749,142,72.79,0.010328
2023-11-23,UT,Inspiration | Winter,10197,115,86.47,0.011278
2023-11-24,UT,Inspiration | Winter,13040,135,86.12,0.010353
2023-11-25,UT,Inspiration | Winter,10823,142,63.0,0.01312
2023-11-26,UT,Inspiration | Winter,11667,151,69.84,0.012942
2023-11-20,UT,Inspiration | Summer,10395,105,55.73,0.010101
2023-11-21,UT,Inspiration | Summer,8673,133,39.56,0.015335
2023-11-22,UT,Inspiration | Summer,8179,98,43.37,0.011982
2023-11-23,UT,Inspiration | Summer,7533,132,54.42,0.017523
2023-11-24,UT,Inspiration | Summer,7865,130,46.98,0.016529
2023-11-25,UT,Inspiration | Summer,9874,93,49.92,0.009419
2023-11-26,UT,Inspiration | Summer,7136,114,56.02,0.015975
2023-11-20,CA,Inspiration | Winter,10874,142,86.94,0.013059
2023-11-21,CA,Inspiration | Winter,10394,142,65.24,0.013662
2023-11-22,CA,Inspiration | Winter,12403,109,90.55,0.008788
2023-11-23,CA,Inspiration | Winter,12005,100,71.9,0.00833
2023-11-24,CA,Inspiration | Winter,11173,121,75.74,0.01083
2023-11-25,CA,Inspiration | Winter,13302,113,77.35,0.008495
2023-11-26,CA,Inspiration | Winter,12684,141,62.41,0.011116
2023-11-20,CA,Inspiration | Summer,8602,124,43.21,0.014415
2023-11-21,CA,Inspiration | Summer,11441,116,58.28,0.010139
2023-11-22,CA,Inspiration | Summer,8333,127,57.94,0.015241
2023-11-23,CA,Inspiration | Summer,8693,131,57.21,0.01507
2023-11-24,CA,Inspiration | Summer,10546,99,61.6,0.009387
2023-11-25,CA,Inspiration | Summer,8903,134,53.44,0.015051
2023-11-26,CA,Inspiration | Summer,9676,96,52.24,0.009921
2023-11-20,PN,Inspiration | Winter,8714,107,71.36,0.012279
2023-11-21,PN,Inspiration | Winter,6886,92,52.83,0.01336
2023-11-22,PN,Inspiration | Winter,9570,87,48.18,0.009091
2023-11-23,PN,Inspiration | Winter,10119,95,54.34,0.009388
2023-11-24,PN,Inspiration | Winter,9594,108,65.55,0.011257
2023-11-25,PN,Inspiration | Winter,7173,91,52.2,0.012686
2023-11-26,PN,Inspiration | Winter,9345,98,48.52,0.010487
2023-11-20,PN,Inspiration | Summer,9849,144,46.1,0.014621
2023-11-21,PN,Inspiration | Summer,8760,131,45.12,0.014954
2023-11-22,PN,Inspiration | Summer,9401,105,59.0,0.011169
2023-11-23,PN,Inspiration | Summer,10182,122,48.05,0.011982
2023-11-24,PN,Inspiration | Summer,8437,128,56.74,0.015171
2023-11-25,PN,Inspiration | Summer,9177,124,57.97,0.013512
2023-11-26,PN,Inspiration | Summer,8087,103,57.61,0.012736
2023-11-20,NE,Inspiration | Winter,9889,118,63.94,0.011932
2023-11-21,NE,Inspiration | Winter,8975,94,59.84,0.010474
2023-11-22,NE,Inspiration | Winter,9600,97,70.74,0.010104
2023-11-23,NE,Inspiration | Winter,8456,120,51.08,0.014191
2023-11-24,NE,Inspiration | Winter,11523,107,53.57,0.009286
2023-11-25,NE,Inspiration | Winter,9727,122,67.38,0.012542
2023-11-26,NE,Inspiration | Winter,8928,125,62.89,0.014001
2023-11-20,NE,Inspiration | Summer,6068,96,38.61,0.015821
2023-11-21,NE,Inspiration | Summer,5608,94,41.44,0.016762
2023-11-22,NE,Inspiration | Summer,7080,84,41.38,0.011864
2023-11-23,NE,Inspiration | Summer,6736,83,35.95,0.012322
2023-11-24,NE,Inspiration | Summer,6543,85,43.22,0.012991
2023-11-25,NE,Inspiration | Summer,7428,81,33.36,0.010905
2023-11-26,NE,Inspiration | Summer,6456,95,32.37,0.014715
2023-11-27,CO,Inspiration | Winter,9818,94,54.23,0.009574
2023-11-28,CO,Inspiration | Winter,9557,106,65.26,0.011091
2023-11-29,CO,Inspiration | Winter,8892,126,57.07,0.01417
2023-11-30,CO,Inspiration | Winter,9070,96,63.83,0.010584
2023-12-01,CO,Inspiration | Winter,9965,95,64.95,0.009533
2023-12-02,CO,Inspiration | Winter,6969,96,52.14,0.013775
2023-12-03,CO,Inspiration | Winter,10429,106,56.6,0.010164
2023-11-27,CO,Inspiration | Summer,8342,121,58.15,0.014505
2023-11-28,CO,Inspiration | Summer,7441,113,59.85,0.015186
2023-11-29,CO,Inspiration | Summer,8610,111,50.43,0.012892
2023-11-30,CO,Inspiration | Summer,7745,120,60.11,0.015494
2023-12-01,CO,Inspiration | Summer,10819,124,52.91,0.011461
2023-12-02,CO,Inspiration | Summer,10646,130,44.9,0.012211
2023-12-03,CO,Inspiration | Summer,11473,98,51.07,0.008542
2023-11-27,UT,Inspiration | Winter,6711,81,61.95,0.01207
2023-11-28,UT,Inspiration | Winter,9129,93,61.3,0.010187
2023-11-29,UT,Inspiration | Winter,8608,110,48.56,0.012779
2023-11-30,UT,Inspiration | Winter,9076,75,61.69,0.008264
2023-12-01,UT,Inspiration | Winter,10032,92,51.2,0.009171
2023-12-02,UT,Inspiration | Winter,9531,81,44.34,0.008499
2023-12-03,UT,Inspiration | Winter,6787,91,54.16,0.013408
2023-11-27,UT,Inspiration | Summer,7897,96,49.48,0.012157
2023-11-28,UT,Inspiration | Summer,7091,99,45.05,0.013961
2023-11-29,UT,Inspiration | Summer,9119,99,42.01,0.010856
2023-11-30,UT,Inspiration | Summer,6705,84,53.22,0.012528
2023-12-01,UT,Inspiration | Summer,6250,83,43.08,0.01328
2023-12-02,UT,Inspiration | Summer,7995,79,35.47,0.009881
2023-12-03,UT,Inspiration | Summer,7496,101,36.5,0.013474
2023-11-27,CA,Inspiration | Winter,8430,112,68.55,0.013286
2023-11-28,CA,Inspiration | Winter,11076,110,62.85,0.009931
2023-11-29,CA,Inspiration | Winter,9232,103,58.84,0.011157
2023-11-30,CA,Inspiration | Winter,10243,119,78.71,0.011618
2023-12-01,CA,Inspiration | Winter,10439,99,59.94,0.009484
2023-12-02,CA,Inspiration | Winter,10442,105,62.41,0.010056
2023-12-03,CA,Inspiration | Winter,11795,110,67.3,0.009326
2023-11-27,CA,Inspiration | Summer,7177,72,36.57,0.010032
2023-11-28,CA,Inspiration | Summer,7927,96,42.78,0.012111
2023-11-29,CA,Inspiration | Summer,7108,91,42.05,0.012802
2023-11-30,CA,Inspiration | Summer,5946,71,42.7,0.011941
2023-12-01,CA,Inspiration | Summer,6603,104,36.79,0.01575
2023-12-02,CA,Inspiration | Summer,7046,93,42.86,0.013199
2023-12-03,CA,Inspiration | Summer,5429,76,30.22,0.013999
2023-11-27,PN,Inspiration | Winter,7915,66,44.65,0.008339
2023-11-28,PN,Inspiration | Winter,6973,75,42.27,0.010756
2023-11-29,PN,Inspiration | Winter,7677,67,47.15,0.008727
2023-11-30,PN,Inspiration | Winter,6198,88,40.31,0.014198
2023-12-01,PN,Inspiration | Winter,7022,93,45.76,0.013244
2023-12-02,PN,Inspiration | Winter,7139,74,50.38,0.010366
2023-12-03,PN,Inspiration | Winter,6657,85,46.81,0.012769
2023-11-27,PN,Inspiration | Summer,5983,90,45.61,0.015043
2023-11-28,PN,Inspiration | Summer,5682,68,36.68,0.011968
2023-11-29,PN,Inspiration | Summer,6728,82,42.23,0.012188
2023-11-30,PN,Inspiration | Summer,8513,97,44.05,0.011394
2023-12-01,PN,Inspiration | Summer,7217,71,39.65,0.009838
2023-12-02,PN,Inspiration | Summer,7372,85,40.64,0.01153
2023-12-03,PN,Inspiration | Summer,7026,98,32.57,0.013948
2023-11-27,NE,Inspiration | Winter,6743,116,49.72,0.017203
2023-11-28,NE,Inspiration | Winter,9191,106,52.15,0.011533
2023-11-29,NE,Inspiration | Winter,10121,93,62.02,0.009189
2023-11-30,NE,Inspiration | Winter,6610,101,54.67,0.01528
2023-12-01,NE,Inspiration | Winter,9037,89,44.48,0.009848
2023-12-02,NE,Inspiration | Winter,8907,101,58.36,0.011339
2023-12-03,NE,Inspiration | Winter,8716,91,58.27,0.010441
2023-11-27,NE,Inspiration | Summer,6149,102,46.57,0.016588
2023-11-28,NE,Inspiration | Summer,5692,90,46.5,0.015812
2023-11-29,NE,Inspiration | Summer,8131,90,38.84,0.011069
2023-11-30,NE,Inspiration | Summer,8050,88,34.62,0.010932
2023-12-01,NE,Inspiration | Summer,7692,101,31.31,0.013131
2023-12-02,NE,Inspiration | Summer,6859,73,37.99,0.010643
2023-12-03,NE,Inspiration | Summer,5539,81,43.22,0.014624
2023-12-04,CO,Inspiration | Winter,11588,101,60.16,0.008716
2023-12-05,CO,Inspiration | Winter,10023,97,89.18,0.009678
2023-12-06,CO,Inspiration | Winter,12302,133,60.32,0.010811
2023-12-07,CO,Inspiration | Winter,11207,111,81.07,0.009905
2023-12-08,CO,Inspiration | Winter,12400,127,71.96,0.010242
2023-12-09,CO,Inspiration | Winter,10595,127,78.58,0.011987
2023-12-10,CO,Inspiration | Winter,10738,126,63.39,0.011734
2023-12-04,CO,Inspiration | Summer,11397,154,80.52,0.013512
2023-12-05,CO,Inspiration | Summer,12837,165,60.8,0.012853
2023-12-06,CO,Inspiration | Summer,11447,154,70.9,0.013453
2023-12-07,CO,Inspiration | Summer,12340,126,78.16,0.010211
2023-12-08,CO,Inspiration | Summer,11675,165,65.25,0.014133
2023-12-09,CO,Inspiration | Summer,10508,157,59.34,0.014941
2023-12-10,CO,Inspiration | Summer,13389,135,69.88,0.010083
2023-12-04,UT,Inspiration | Winter,10904,108,78.7,0.009905
2023-12-05,UT,Inspiration | Winter,10879,114,62.5,0.010479
2023-12-06,UT,Inspiration | Winter,8127,117,66.33,0.014396
2023-12-07,UT,Inspiration | Winter,11184,107,70.59,0.009567
2023-12-08,UT,Inspiration | Winter,10827,105,56.73,0.009698
2023-12-09,UT,Inspiration | Winter,11175,105,69.94,0.009396
2023-12-10,UT,Inspiration | Winter,8592,105,54.0,0.012221
2023-12-04,UT,Inspiration | Summer,6269,81,38.89,0.012921
2023-12-05,UT,Inspiration | Summer,8446,84,42.04,0.009946
2023-12-06,UT,Inspiration | Summer,7297,95,40.46,0.013019
2023-12-07,UT,Inspiration | Summer,7422,85,43.22,0.011452
2023-12-08,UT,Inspiration | Summer,6437,98,43.08,0.015224
2023-12-09,UT,Inspiration | Summer,7050,92,43.66,0.01305
2023-12-10,UT,Inspiration | Summer,7679,87,42.13,0.01133
2023-12-04,CA,Inspiration | Winter,9492,117,60.78,0.012326
2023-12-05,CA,Inspiration | Winter,12322,108,77.31,0.008765
2023-12-06,CA,Inspiration | Winter,11566,104,76.5,0.008992
2023-12-07,CA,Inspiration | Winter,8900,125,69.73,0.014045
2023-12-08,CA,Inspiration | Winter,12162,133,68.67,0.010936
2023-12-09,CA,Inspiration | Winter,10326,138,66.24,0.013364
2023-12-10,CA,Inspiration | Winter,11136,92,66.55,0.008261
2023-12-04,CA,Inspiration | Summer,8983,126,51.23,0.014026
2023-12-05,CA,Inspiration | Summer,9756,155,51.53,0.015888
2023-12-06,CA,Inspiration | Summer,12990,164,59.45,0.012625
2023-12-07,CA,Inspiration | Summer,9266,122,72.09,0.013166
2023-12-08,CA,Inspiration | Summer,10605,130,65.65,0.012258
2023-12-09,CA,Inspiration | Summer,12595,123,58.56,0.009766
2023-12-10,CA,Inspiration | Summer,9117,116,66.7,0.012723
2023-12-04,PN,Inspiration | Winter,11341,124,80.72,0.010934
2023-12-05,PN,Inspiration | Winter,13951,116,62.57,0.008315
2023-12-06,PN,Inspiration | Winter,13064,134,64.01,0.010257
2023-12-07,PN,Inspiration | Winter,9447,107,86.07,0.011326
2023-12-08,PN,Inspiration | Winter,12175,132,78.04,0.010842
2023-12-09,PN,Inspiration | Winter,10137,141,70.36,0.013909
2023-12-10,PN,Inspiration | Winter,9171,150,65.67,0.016356
2023-12-04,PN,Inspiration | Summer,7243,103,45.56,0.014221
2023-12-05,PN,Inspiration | Summer,6408,91,39.37,0.014201
2023-12-06,PN,Inspiration | Summer,6460,102,43.59,0.015789
2023-12-07,PN,Inspiration | Summer,8886,119,48.72,0.013392
2023-12-08,PN,Inspiration | Summer,6196,99,36.21,0.015978
2023-12-09,PN,Inspiration | Summer,7687,114,44.57,0.01483
2023-12-10,PN,Inspiration | Summer,8650,85,40.85,0.009827
2023-12-04,NE,Inspiration | Winter,9116,122,70.81,0.013383
2023-12-05,NE,Inspiration | Winter,9305,119,57.31,0.012789
2023-12-06,NE,Inspiration | Winter,9713,105,68.72,0.01081
2023-12-07,NE,Inspiration | Winter,11076,133,68.18,0.012008
2023-12-08,NE,Inspiration | Winter,12443,132,64.67,0.010608
2023-12-09,NE,Inspiration | Winter,11562,122,75.58,0.010552
2023-12-10,NE,Inspiration | Winter,9830,121,62.23,0.012309
2023-12-04,NE,Inspiration | Summer,9113,110,43.28,0.012071
2023-12-05,NE,Inspiration | Summer,7551,91,43.11,0.012051
2023-12-06,NE,Inspiration | Summer,7796,116,46.98,0.014879
2023-12-07,NE,Inspiration | Summer,7704,120,52.15,0.015576
2023-12-08,NE,Inspiration | Summer,8211,86,43.3,0.010474
2023-12-09,NE,Inspiration | Summer,7359,102,45.34,0.013861
2023-12-10,NE,Inspiration | Summer,8119,133,49.8,0.016381
2023-12-11,CO,Inspiration | Winter,12277,109,82.41,0.008878
2023-12-12,CO,Inspiration | Winter,12466,156,64.29,0.012514
2023-12-13,CO,Inspiration | Winter,14613,111,79.67,0.007596
2023-12-14,CO,Inspiration | Winter,10881,145,77.64,0.013326
2023-12-15,CO,Inspiration | Winter,12108,155,78.99,0.012801
2023-12-16,CO,Inspiration | Winter,12245,127,84.9,0.010372
2023-12-17,CO,Inspiration | Winter,11963,107,86.06,0.008944
2023-12-11,CO,Inspiration | Summer,7032,94,47.09,0.013367
2023-12-12,CO,Inspiration | Summer,8801,94,56.31,0.010681
2023-12-13,CO,Inspiration | Summer,7518,96,39.6,0.012769
2023-12-14,CO,Inspiration | Summer,6198,96,38.36,0.015489
2023-12-15,CO,Inspiration | Summer,8574,96,38.59,0.011197
2023-12-16,CO,Inspiration | Summer,6485,71,40.41,0.010948
2023-12-17,CO,Inspiration | Summer,7453,104,41.59,0.013954
2023-12-11,UT,Inspiration | Winter,9933,100,62.05,0.010067
2023-12-12,UT,Inspiration | Winter,10736,133,63.28,0.012388
2023-12-13,UT,Inspiration | Winter,9974,135,71.4,0.013535
2023-12-14,UT,Inspiration | Winter,9316,105,62.73,0.011271
2023-12-15,UT,Inspiration | Winter,10556,94,65.32,0.008905
2023-12-16,UT,Inspiration | Winter,10375,98,67.1,0.009446
2023-12-17,UT,Inspiration | Winter,10526,142,65.18,0.01349
2023-12-11,UT,Inspiration | Summer,5491,87,41.75,0.015844
2023-12-12,UT,Inspiration | Summer,5276,78,47.61,0.014784
2023-12-13,UT,Inspiration | Summer,6644,87,44.3,0.013095
2023-12-14,UT,Inspiration | Summer,7810,80,35.09,0.010243
2023-12-15,UT,Inspiration | Summer,7853,97,39.47,0.012352
2023-12-16,UT,Inspiration | Summer,7858,111,33.41,0.014126
2023-12-17,UT,Inspiration | Summer,6652,81,34.37,0.012177
2023-12-11,CA,Inspiration | Winter,10301,125,71.54,0.012135
2023-12-12,CA,Inspiration | Winter,7842,113,74.78,0.01441
2023-12-13,CA,Inspiration | Winter,9868,97,63.19,0.00983
2023-12-14,CA,Inspiration | Winter,8612,120,63.24,0.013934
2023-12-15,CA,Inspiration | Winter,9591,98,61.8,0.010218
2023-12-16,CA,Inspiration | Winter,11935,116,56.57,0.009719
2023-12-17,CA,Inspiration | Winter,11374,128,53.83,0.011254
2023-12-11,CA,Inspiration | Summer,8825,132,52.48,0.014958
2023-12-12,CA,Inspiration | Summer,8327,104,53.13,0.012489
2023-12-13,CA,Inspiration | Summer,7980,120,54.8,0.015038
2023-12-14,CA,Inspiration | Summer,9831,103,39.63,0.010477
2023-12-15,CA,Inspiration | Summer,8373,117,58.87,0.013973
2023-12-16,CA,Inspiration | Summer,8402,120,51.51,0.014282
2023-12-17,CA,Inspiration | Summer,8600,133,39.54,0.015465
2023-12-11,PN,Inspiration | Winter,6963,95,47.04,0.013644
2023-12-12,PN,Inspiration | Winter,8219,92,55.37,0.011194
2023-12-13,PN,Inspiration | Winter,7881,87,44.78,0.011039
2023-12-14,PN,Inspiration | Winter,8471,81,62.15,0.009562
2023-12-15,PN,Inspiration | Winter,8350,78,62.41,0.009341
2023-12-16,PN,Inspiration | Winter,7786,100,42.2,0.012844
2023-12-17,PN,Inspiration | Winter,7700,78,40.42,0.01013
2023-12-11,PN,Inspiration | Summer,5772,70,43.6,0.012128
2023-12-12,PN,Inspiration | Summer,7365,69,38.49,0.009369
2023-12-13,PN,Inspiration | Summer,6490,92,45.9,0.014176
2023-12-14,PN,Inspiration | Summer,7668,81,41.82,0.010563
2023-12-15,PN,Inspiration | Summer,6940,92,34.15,0.013256
2023-12-16,PN,Inspiration | Summer,6110,100,39.29,0.016367
2023-12-17,PN,Inspiration | Summer,7178,90,32.39,0.012538
2023-12-11,NE,Inspiration | Winter,6523,76,49.78,0.011651
2023-12-12,NE,Inspiration | Winter,6274,74,37.93,0.011795
2023-12-13,NE,Inspiration | Winter,9178,82,45.05,0.008934
2023-12-14,NE,Inspiration | Winter,7335,77,50.72,0.010498
2023-12-15,NE,Inspiration | Winter,7420,85,49.41,0.011456
2023-12-16,NE,Inspiration | Winter,7281,73,43.21,0.010026
2023-12-17,NE,Inspiration | Winter,6736,93,48.67,0.013806
2023-12-11,NE,Inspiration | Summer,7358,87,42.48,0.011824
2023-12-12,NE,Inspiration | Summer,5269,85,30.61,0.016132
2023-12-13,NE,Inspiration | Summer,6455,87,33.83,0.013478
2023-12-14,NE,Inspiration | Summer,6055,83,37.86,0.013708
2023-12-15,NE,Inspiration | Summer,6759,72,42.66,0.010652
2023-12-16,NE,Inspiration | Summer,6860,82,43.0,0.011953
2023-12-17,NE,Inspiration | Summer,6640,71,32.86,0.010693
2023-12-18,CO,Inspiration | Winter,10359,141,80.39,0.013611
2023-12-19,CO,Inspiration | Winter,13893,95,57.88,0.006838
2023-12-20,CO,Inspiration | Winter,11381,116,75.95,0.010192
2023-12-21,CO,Inspiration | Winter,10508,110,59.53,0.010468
2023-12-22,CO,Inspiration | Winter,10405,111,78.66,0.010668
2023-12-23,CO,Inspiration | Winter,10701,139,81.4,0.012989
2023-12-24,CO,Inspiration | Winter,12340,140,75.55,0.011345
2023-12-18,CO,Inspiration | Summer,7346,110,40.03,0.014974
2023-12-19,CO,Inspiration | Summer,8162,113,49.27,0.013845
2023-12-20,CO,Inspiration | Summer,8947,108,53.56,0.012071
2023-12-21,CO,Inspiration | Summer,8100,123,51.9,0.015185
2023-12-22,CO,Inspiration | Summer,8142,105,47.18,0.012896
2023-12-23,CO,Inspiration | Summer,8704,110,49.39,0.012638
2023-12-24,CO,Inspiration | Summer,9891,114,52.57,0.011526
2023-12-18,UT,Inspiration | Winter,8993,93,66.9,0.010341
2023-12-19,UT,Inspiration | Winter,11043,121,71.62,0.010957
2023-12-20,UT,Inspiration | Winter,9255,90,63.51,0.009724
2023-12-21,UT,Inspiration | Winter,8500,126,73.05,0.014824
2023-12-22,UT,Inspiration | Winter,10888,129,49.77,0.011848
2023-12-23,UT,Inspiration | Winter,10982,119,65.52,0.010836
2023-12-24,UT,Inspiration | Winter,11988,102,68.18,0.008509
2023-12-18,UT,Inspiration | Summer,9043,98,58.82,0.010837
2023-12-19,UT,Inspiration | Summer,7700,115,43.38,0.014935
2023-12-20,UT,Inspiration | Summer,7840,116,51.58,0.014796
2023-12-21,UT,Inspiration | Summer,8885,123,40.49,0.013844
2023-12-22,UT,Inspiration | Summer,9134,83,40.85,0.009087
2023-12-23,UT,Inspiration | Summer,7391,81,51.06,0.010959
2023-12-24,UT,Inspiration | Summer,6505,115,41.51,0.017679
2023-12-18,CA,Inspiration | Winter,7904,101,43.47,0.012778
2023-12-19,CA,Inspiration | Winter,8198,88,60.66,0.010734
2023-12-20,CA,Inspiration | Winter,7324,96,53.94,0.013108
2023-12-21,CA,Inspiration | Winter,10048,86,54.05,0.008559
2023-12-22,CA,Inspiration | Winter,8754,73,64.88,0.008339
2023-12-23,CA,Inspiration | Winter,9795,109,56.99,0.011128
2023-12-24,CA,Inspiration | Winter,6821,108,42.62,0.015833
2023-12-18,CA,Inspiration | Summer,6365,87,41.39,0.013668
2023-12-19,CA,Inspiration | Summer,7015,104,45.88,0.014825
2023-12-20,CA,Inspiration | Summer,5981,85,44.28,0.014212
2023-12-21,CA,Inspiration | Summer,8644,92,35.31,0.010643
2023-12-22,CA,Inspiration | Summer,6230,102,31.35,0.016372
2023-12-23,CA,Inspiration | Summer,5981,117,45.29,0.019562
2023-12-24,CA,Inspiration | Summer,8455,79,38.8,0.009344
2023-12-18,PN,Inspiration | Winter,8612,92,55.93,0.010683
2023-12-19,PN,Inspiration | Winter,7951,98,64.25,0.012325
2023-12-20,PN,Inspiration | Winter,9132,98,60.81,0.010731
2023-12-21,PN,Inspiration | Winter,9499,123,58.93,0.012949
2023-12-22,PN,Inspiration | Winter,8679,115,53.6,0.01325
2023-12-23,PN,Inspiration | Winter,7745,86,53.75,0.011104
2023-12-24,PN,Inspiration | Winter,9524,84,44.03,0.00882
2023-12-18,PN,Inspiration | Summer,5385,109,39.94,0.020241
2023-12-19,PN,Inspiration | Summer,7848,76,38.14,0.009684
2023-12-20,PN,Inspiration | Summer,6220,108,45.99,0.017363
2023-12-21,PN,Inspiration | Summer,7779,106,38.61,0.013626
2023-12-22,PN,Inspiration | Summer,7042,97,38.5,0.013774
2023-12-23,PN,Inspiration | Summer,7882,82,37.45,0.010403
2023-12-24,PN,Inspiration | Summer,7716,75,50.64,0.00972
2023-12-18,NE,Inspiration | Winter,6060,69,37.07,0.011386
2023-12-19,NE,Inspiration | Winter,7435,84,46.65,0.011298
2023-12-20,NE,Inspiration | Winter,7024,87,42.28,0.012386
2023-12-21,NE,Inspiration | Winter,5923,73,45.0,0.012325
2023-12-22,NE,Inspiration | Winter,6690,65,43.18,0.009716
2023-12-23,NE,Inspiration | Winter,5571,66,44.98,0.011847
2023-12-24,NE,Inspiration | Winter,7578,73,37.03,0.009633
2023-12-18,NE,Inspiration | Summer,5924,79,37.63,0.013336
2023-12-19,NE,Inspiration | Summer,5180,85,37.25,0.016409
2023-12-20,NE,Inspiration | Summer,6644,99,41.29,0.014901
2023-12-21,NE,Inspiration | Summer,6891,67,36.2,0.009723
2023-12-22,NE,Inspiration | Summer,7687,86,43.76,0.011188
2023-12-23,NE,Inspiration | Summer,6584,85,35.94,0.01291
2023-12-24,NE,Inspiration | Summer,7013,96,34.29,0.013689
2023-12-25,CO,Inspiration | Winter,9577,120,84.25,0.01253
2023-12-26,CO,Inspiration | Winter,14298,126,104.19,0.008812
2023-12-27,CO,Inspiration | Winter,14242,125,76.48,0.008777
2023-12-28,CO,Inspiration | Winter,12037,151,70.85,0.012545
2023-12-29,CO,Inspiration | Winter,11119,167,74.53,0.015019
2023-12-30,CO,Inspiration | Winter,14379,163,89.47,0.011336
2023-12-31,CO,Inspiration | Winter,13216,120,69.0,0.00908
2023-12-25,CO,Inspiration | Summer,9948,121,58.6,0.012163
2023-12-26,CO,Inspiration | Summer,8791,113,45.23,0.012854
2023-12-27,CO,Inspiration | Summer,7225,114,57.78,0.015779
2023-12-28,CO,Inspiration | Summer,9002,93,43.13,0.010331
2023-12-29,CO,Inspiration | Summer,9345,106,42.05,0.011343
2023-12-30,CO,Inspiration | Summer,8199,85,57.24,0.010367
2023-12-31,CO,Inspiration | Summer,6910,110,40.6,0.015919
2023-12-25,UT,Inspiration | Winter,8326,89,59.03,0.010689
2023-12-26,UT,Inspiration | Winter,8292,68,45.85,0.008201
2023-12-27,UT,Inspiration | Winter,6054,82,46.59,0.013545
2023-12-28,UT,Inspiration | Winter,7208,76,49.96,0.010544
2023-12-29,UT,Inspiration | Winter,8468,75,47.84,0.008857
2023-12-30,UT,Inspiration | Winter,7246,63,49.68,0.008694
2023-12-31,UT,Inspiration | Winter,8115,98,44.79,0.012076
2023-12-25,UT,Inspiration | Summer,7195,98,50.21,0.013621
2023-12-26,UT,Inspiration | Summer,8426,99,43.11,0.011749
2023-12-27,UT,Inspiration | Summer,7036,95,33.95,0.013502
2023-12-28,UT,Inspiration | Summer,7734,120,36.22,0.015516
2023-12-29,UT,Inspiration | Summer,8861,102,46.75,0.011511
2023-12-30,UT,Inspiration | Summer,7563,94,48.0,0.012429
2023-12-31,UT,Inspiration | Summer,6051,123,48.39,0.020327
2023-12-25,CA,Inspiration | Winter,9751,140,63.86,0.014358
2023-12-26,CA,Inspiration | Winter,10989,139,65.87,0.012649
2023-12-27,CA,Inspiration | Winter,9105,117,62.61,0.01285
2023-12-28,CA,Inspiration | Winter,12160,97,80.56,0.007977
2023-12-29,CA,Inspiration | Winter,10891,99,61.44,0.00909
2023-12-30,CA,Inspiration | Winter,12765,136,63.94,0.010654
2023-12-31,CA,Inspiration | Winter,9492,119,82.7,0.012537
2023-12-25,CA,Inspiration | Summer,8605,104,41.53,0.012086
2023-12-26,CA,Inspiration | Summer,6133,107,50.21,0.017447
2023-12-27,CA,Inspiration | Summer,8714,124,48.92,0.01423
2023-12-28,CA,Inspiration | Summer,9275,112,52.3,0.012075
2023-12-29,CA,Inspiration | Summer,6587,95,41.42,0.014422
2023-12-30,CA,Inspiration | Summer,7607,95,39.84,0.012488
2023-12-31,CA,Inspiration | Summer,7118,101,39.21,0.014189
2023-12-25,PN,Inspiration | Winter,7690,96,49.04,0.012484
2023-12-26,PN,Inspiration | Winter,9049,115,55.11,0.012709
2023-12-27,PN,Inspiration | Winter,10124,98,59.16,0.00968
2023-12-28,PN,Inspiration | Winter,6882,93,52.62,0.013514
2023-12-29,PN,Inspiration | Winter,10579,90,63.51,0.008507
2023-12-30,PN,Inspiration | Winter,10610,111,64.34,0.010462
2023-12-31,PN,Inspiration | Winter,8768,96,63.92,0.010949
2023-12-25,PN,Inspiration | Summer,7165,105,44.61,0.014655
2023-12-26,PN,Inspiration | Summer,7052,99,32.99,0.014039
2023-12-27,PN,Inspiration | Summer,6833,79,45.7,0.011562
2023-12-28,PN,Inspiration | Summer,8175,104,44.22,0.012722
2023-12-29,PN,Inspiration | Summer,7655,111,45.25,0.0145
2023-12-30,PN,Inspiration | Summer,6323,107,43.85,0.016922
2023-12-31,PN,Inspiration | Summer,6349,82,30.79,0.012915
2023-12-25,NE,Inspiration | Winter,7383,74,50.86,0.010023
2023-12-26,NE,Inspiration | Winter,6133,69,53.82,0.011251
2023-12-27,NE,Inspiration | Winter,7656,88,40.01,0.011494
2023-12-28,NE,Inspiration | Winter,7292,65,35.16,0.008914
2023-12-29,NE,Inspiration | Winter,7744,77,54.46,0.009943
2023-12-30,NE,Inspiration | Winter,7821,93,50.62,0.011891
2023-12-31,NE,Inspiration | Winter,6711,100,39.82,0.014901
2023-12-25,NE,Inspiration | Summer,6578,67,28.89,0.010185
2023-12-26,NE,Inspiration | Summer,5522,79,43.55,0.014306
2023-12-27,NE,Inspiration | Summer,7092,95,29.26,0.013395
2023-12-28,NE,Inspiration | Summer,6617,96,42.18,0.014508
2023-12-29,NE,Inspiration | Summer,7099,78,42.78,0.010987
2023-12-30,NE,Inspiration | Summer,5622,101,40.66,0.017965
2023-12-31,NE,Inspiration | Summer,7268,70,38.31,0.009631
2024-01-01,CO,Inspiration | Winter,16625,166,109.25,0.009985
2024-01-02,CO,Inspiration | Winter,16444,138,83.47,0.008392
2024-01-03,CO,Inspiration | Winter,11879,147,81.82,0.012375
2024-01-04,CO,Inspiration | Winter,13404,170,84.97,0.012683
2024-01-05,CO,Inspiration | Winter,11941,163,80.51,0.01365
2024-01-06,CO,Inspiration | Winter,12821,145,82.69,0.01131
2024-01-07,CO,Inspiration | Winter,13567,167,96.04,0.012309
2024-01-01,CO,Inspiration | Summer,14197,180,54.13,0.012679
2024-01-02,CO,Inspiration | Summer,10344,179,80.79,0.017305
2024-01-03,CO,Inspiration | Summer,10055,173,77.62,0.017205
2024-01-04,CO,Inspiration | Summer,12718,163,77.39,0.012816
2024-01-05,CO,Inspiration | Summer,12467,150,64.89,0.012032
2024-01-06,CO,Inspiration | Summer,14028,140,79.22,0.00998
2024-01-07,CO,Inspiration | Summer,12321,165,65.5,0.013392
2024-01-01,UT,Inspiration | Winter,9686,139,91.33,0.014351
2024-01-02,UT,Inspiration | Winter,14184,143,70.51,0.010082
2024-01-03,UT,Inspiration | Winter,13565,127,77.23,0.009362
2024-01-04,UT,Inspiration | Winter,9889,137,73.95,0.013854
2024-01-05,UT,Inspiration | Winter,10585,119,84.44,0.011242
2024-01-06,UT,Inspiration | Winter,14303,158,64.69,0.011047
2024-01-07,UT,Inspiration | Winter,12771,109,81.73,0.008535
2024-01-01,UT,Inspiration | Summer,8206,105,60.11,0.012796
2024-01-02,UT,Inspiration | Summer,11129,104,53.68,0.009345
2024-01-03,UT,Inspiration | Summer,9075,90,54.77,0.009917
2024-01-04,UT,Inspiration | Summer,8611,133,52.66,0.015445
2024-01-05,UT,Inspiration | Summer,8974,108,49.91,0.012035
2024-01-06,UT,Inspiration | Summer,7703,131,63.39,0.017006
2024-01-07,UT,Inspiration | Summer,11416,121,43.14,0.010599
2024-01-01,CA,Inspiration | Winter,10331,90,63.7,0.008712
2024-01-02,CA,Inspiration | Winter,10391,105,62.19,0.010105
2024-01-03,CA,Inspiration | Winter,9900,130,83.74,0.013131
2024-01-04,CA,Inspiration | Winter,11956,85,58.95,0.007109
2024-01-05,CA,Inspiration | Winter,9750,107,65.32,0.010974
2024-01-06,CA,Inspiration | Winter,8948,122,60.07,0.013634
2024-01-07,CA,Inspiration | Winter,11547,124,72.11,0.010739
2024-01-01,CA,Inspiration | Summer,9772,98,65.32,0.010029
2024-01-02,CA,Inspiration | Summer,8783,109,49.74,0.01241
2024-01-03,CA,Inspiration | Summer,9615,116,53.29,0.012064
2024-01-04,CA,Inspiration | Summer,9557,123,46.79,0.01287
2024-01-05,CA,Inspiration | Summer,9692,115,49.05,0.011865
2024-01-06,CA,Inspiration | Summer,8684,116,61.11,0.013358
2024-01-07,CA,Inspiration | Summer,8180,128,47.55,0.015648
2024-01-01,PN,Inspiration | Winter,10138,101,65.74,0.009963
2024-01-02,PN,Inspiration | Winter,9713,113,52.13,0.011634
2024-01-03,PN,Inspiration | Winter,9619,113,66.75,0.011748
2024-01-04,PN,Inspiration | Winter,10652,85,52.19,0.00798
2024-01-05,PN,Inspiration | Winter,7346,120,61.75,0.016335
2024-01-06,PN,Inspiration | Winter,7271,83,58.95,0.011415
2024-01-07,PN,Inspiration | Winter,9512,122,53.69,0.012826
2024-01-01,PN,Inspiration | Summer,6388,99,48.9,0.015498
2024-01-02,PN,Inspiration | Summer,7661,97,50.77,0.012662
2024-01-03,PN,Inspiration | Summer,8401,109,34.57,0.012975
2024-01-04,PN,Inspiration | Summer,7038,83,33.56,0.011793
2024-01-05,PN,Inspiration | Summer,6197,78,33.73,0.012587
2024-01-06,PN,Inspiration | Summer,7202,112,46.71,0.015551
2024-01-07,PN,Inspiration | Summer,8447,77,49.5,0.009116
2024-01-01,NE,Inspiration | Winter,8786,94,54.51,0.010699
2024-01-02,NE,Inspiration | Winter,9191,77,53.66,0.008378
2024-01-03,NE,Inspiration | Winter,6870,80,53.91,0.011645
2024-01-04,NE,Inspiration | Winter,6812,91,61.82,0.013359
2024-01-05,NE,Inspiration | Winter,10069,67,40.47,0.006654
2024-01-06,NE,Inspiration | Winter,6595,89,42.57,0.013495
2024-01-07,NE,Inspiration | Winter,7557,96,50.69,0.012703
2024-01-01,NE,Inspiration | Summer,6341,106,47.59,0.016717
2024-01-02,NE,Inspiration | Summer,6443,75,48.34,0.011641
2024-01-03,NE,Inspiration | Summer,7738,112,50.78,0.014474
2024-01-04,NE,Inspiration | Summer,9054,114,34.89,0.012591
2024-01-05,NE,Inspiration | Summer,7268,102,34.16,0.014034
2024-01-06,NE,Inspiration | Summer,9305,82,47.03,0.008812
2024-01-07,NE,Inspiration | Summer,7412,89,47.87,0.012008
2024-01-08,CO,Inspiration | Winter,10302,125,79.12,0.012134
2024-01-09,CO,Inspiration | Winter,11042,114,58.01,0.010324
2024-01-10,CO,Inspiration | Winter,10808,113,78.17,0.010455
2024-01-11,CO,Inspiration | Winter,8799,163,70.51,0.018525
2024-01-12,CO,Inspiration | Winter,10612,113,62.23,0.010648
2024-01-13,CO,Inspiration | Winter,11136,106,61.73,0.009519
2024-01-14,CO,Inspiration | Winter,11866,136,67.44,0.011461
2024-01-08,CO,Inspiration | Summer,7624,100,54.11,0.013116
2024-01-09,CO,Inspiration | Summer,7132,102,47.72,0.014302
2024-01-10,CO,Inspiration | Summer,8595,92,42.28,0.010704
2024-01-11,CO,Inspiration | Summer,6556,81,45.07,0.012355
2024-01-12,CO,Inspiration | Summer,6426,80,43.87,0.012449
2024-01-13,CO,Inspiration | Summer,7933,98,39.37,0.012353
2024-01-14,CO,Inspiration | Summer,9897,120,41.73,0.012125
2024-01-08,UT,Inspiration | Winter,9526,104,54.78,0.010917
2024-01-09,UT,Inspiration | Winter,11483,123,60.55,0.010711
2024-01-10,UT,Inspiration | Winter,9454,104,52.8,0.011001
2024-01-11,UT,Inspiration | Winter,10423,108,72.49,0.010362
2024-01-12,UT,Inspiration | Winter,9701,130,65.83,0.013401
2024-01-13,UT,Inspiration | Winter,9861,120,69.46,0.012169
2024-01-14,UT,Inspiration | Winter,8335,100,64.29,0.011998
2024-01-08,UT,Inspiration | Summer,7893,99,34.93,0.012543
2024-01-09,UT,Inspiration | Summer,6122,103,51.47,0.016825
2024-01-10,UT,Inspiration | Summer,5700,83,39.58,0.014561
2024-01-11,UT,Inspiration | Summer,7644,96,34.42,0.012559
2024-01-12,UT,Inspiration | Summer,7769,96,49.21,0.012357
2024-01-13,UT,Inspiration | Summer,7795,99,37.56,0.0127
2024-01-14,UT,Inspiration | Summer,6719,107,40.75,0.015925
2024-01-08,CA,Inspiration | Winter,11168,117,62.95,0.010476
2024-01-09,CA,Inspiration | Winter,7685,117,48.49,0.015224
2024-01-10,CA,Inspiration | Winter,7500,113,67.41,0.015067
2024-01-11,CA,Inspiration | Winter,9721,82,65.74,0.008435
2024-01-12,CA,Inspiration | Winter,7614,121,50.77,0.015892
2024-01-13,CA,Inspiration | Winter,9419,95,53.38,0.010086
2024-01-14,CA,Inspiration | Winter,11063,109,61.94,0.009853
2024-01-08,CA,Inspiration | Summer,6378,103,40.45,0.016149
2024-01-09,CA,Inspiration | Summer,8575,98,56.05,0.011429
2024-01-10,CA,Inspiration | Summer,7627,107,58.21,0.014029
2024-01-11,CA,Inspiration | Summer,8864,104,40.43,0.011733
2024-01-12,CA,Inspiration | Summer,8479,133,42.1,0.015686
2024-01-13,CA,Inspiration | Summer,7102,104,40.6,0.014644
2024-01-14,CA,Inspiration | Summer,9497,95,49.99,0.010003
2024-01-08,PN,Inspiration | Winter,11196,91,63.13,0.008128
2024-01-09,PN,Inspiration | Winter,10560,110,57.6,0.010417
2024-01-10,PN,Inspiration | Winter,9768,115,55.44,0.011773
2024-01-11,PN,Inspiration | Winter,8915,117,54.12,0.013124
2024-01-12,PN,Inspiration | Winter,8736,118,65.7,0.013507
2024-01-13,PN,Inspiration | Winter,7792,104,59.5,0.013347
2024-01-14,PN,Inspiration | Winter,8749,105,65.09,0.012001
2024-01-08,PN,Inspiration | Summer,7707,107,46.01,0.013883
2024-01-09,PN,Inspiration | Summer,7060,103,43.58,0.014589
2024-01-10,PN,Inspiration | Summer,6051,98,37.93,0.016196
2024-01-11,PN,Inspiration | Summer,7671,69,43.5,0.008995
2024-01-12,PN,Inspiration | Summer,6678,80,33.41,0.01198
2024-01-13,PN,Inspiration | Summer,7117,94,37.36,0.013208
2024-01-14,PN,Inspiration | Summer,5666,100,36.33,0.017649
2024-01-08,NE,Inspiration | Winter,8126,97,59.72,0.011937
2024-01-09,NE,Inspiration | Winter,6991,90,48.16,0.012874
2024-01-10,NE,Inspiration | Winter,9868,78,46.57,0.007904
2024-01-11,NE,Inspiration | Winter,8189,85,49.11,0.01038
2024-01-12,NE,Inspiration | Winter,7162,91,64.13,0.012706
2024-01-13,NE,Inspiration | Winter,6906,83,51.61,0.012019
2024-01-14,NE,Inspiration | Winter,9613,87,44.58,0.00905
2024-01-08,NE,Inspiration | Summer,5082,64,34.27,0.012593
2024-01-09,NE,Inspiration | Summer,5141,71,27.59,0.013811
2024-01-10,NE,Inspiration | Summer,5409,76,26.49,0.014051
2024-01-11,NE,Inspiration | Summer,6404,62,29.63,0.009681
2024-01-12,NE,Inspiration | Summer,5707,82,32.89,0.014368
2024-01-13,NE,Inspiration | Summer,4757,68,32.97,0.014295
2024-01-14,NE,Inspiration | Summer,4801,65,32.5,0.013539
2024-01-15,CO,Inspiration | Winter,9340,123,69.62,0.013169
2024-01-16,CO,Inspiration | Winter,10779,91,52.54,0.008442
2024-01-17,CO,Inspiration | Winter,9794,126,70.29,0.012865
2024-01-18,CO,Inspiration | Winter,11556,133,72.91,0.011509
2024-01-19,CO,Inspiration | Winter,9928,91,62.16,0.009166
2024-01-20,CO,Inspiration | Winter,8350,101,64.77,0.012096
2024-01-21,CO,Inspiration | Winter,11607,120,64.38,0.010339
2024-01-15,CO,Inspiration | Summer,7769,127,51.79,0.016347
2024-01-16,CO,Inspiration | Summer,11010,102,41.96,0.009264
2024-01-17,CO,Inspiration | Summer,9405,91,59.09,0.009676
2024-01-18,CO,Inspiration | Summer,8893,100,55.4,0.011245
2024-01-19,CO,Inspiration | Summer,7540,131,48.96,0.017374
2024-01-20,CO,Inspiration | Summer,9698,132,45.05,0.013611
2024-01-21,CO,Inspiration | Summer,7208,114,54.6,0.015816
2024-01-15,UT,Inspiration | Winter,7861,104,52.48,0.01323
2024-01-16,UT,Inspiration | Winter,8592,110,57.82,0.012803
2024-01-17,UT,Inspiration | Winter,9050,87,44.9,0.009613
2024-01-18,UT,Inspiration | Winter,9857,107,48.23,0.010855
2024-01-19,UT,Inspiration | Winter,7992,111,60.64,0.013889
2024-01-20,UT,Inspiration | Winter,7501,89,54.37,0.011865
2024-01-21,UT,Inspiration | Winter,8898,83,63.96,0.009328
2024-01-15,UT,Inspiration | Summer,5718,90,40.33,0.01574
2024-01-16,UT,Inspiration | Summer,7413,82,43.23,0.011062
2024-01-17,UT,Inspiration | Summer,6768,77,36.96,0.011377
2024-01-18,UT,Inspiration | Summer,5856,95,38.47,0.016223
2024-01-19,UT,Inspiration | Summer,6998,101,34.9,0.014433
2024-01-20,UT,Inspiration | Summer,6294,85,41.5,0.013505
2024-01-21,UT,Inspiration | Summer,7107,98,32.31,0.013789
2024-01-15,CA,Inspiration | Winter,10392,105,74.12,0.010104
2024-01-16,CA,Inspiration | Winter,8061,116,65.96,0.01439
2024-01-17,CA,Inspiration | Winter,9823,111,72.63,0.0113
2024-01-18,CA,Inspiration | Winter,10588,100,57.8,0.009445
2024-01-19,CA,Inspiration | Winter,10805,91,59.33,0.008422
2024-01-20,CA,Inspiration | Winter,8999,82,55.62,0.009112
2024-01-21,CA,Inspiration | Winter,9831,110,52.93,0.011189
2024-01-15,CA,Inspiration | Summer,6252,88,39.25,0.014075
2024-01-16,CA,Inspiration | Summer,6637,95,38.68,0.014314
2024-01-17,CA,Inspiration | Summer,6495,79,41.52,0.012163
2024-01-18,CA,Inspiration | Summer,5702,72,35.96,0.012627
2024-01-19,CA,Inspiration | Summer,8099,92,38.64,0.011359
2024-01-20,CA,Inspiration | Summer,6978,91,35.4,0.013041
2024-01-21,CA,Inspiration | Summer,6000,71,38.3,0.011833
2024-01-15,PN,Inspiration | Winter,7323,89,44.19,0.012153
2024-01-16,PN,Inspiration | Winter,7960,86,48.02,0.010804
2024-01-17,PN,Inspiration | Winter,7866,98,61.8,0.012459
2024-01-18,PN,Inspiration | Winter,7002,91,51.74,0.012996
2024-01-19,PN,Inspiration | Winter,7165,69,50.07,0.00963
2024-01-20,PN,Inspiration | Winter,8396,88,53.61,0.010481
2024-01-21,PN,Inspiration | Winter,9975,93,46.97,0.009323
2024-01-15,PN,Inspiration | Summer,5914,82,31.47,0.013865
2024-01-16,PN,Inspiration | Summer,4950,74,42.5,0.014949
2024-01-17,PN,Inspiration | Summer,6722,67,31.32,0.009967
2024-01-18,PN,Inspiration | Summer,6319,93,31.26,0.014718
2024-01-19,PN,Inspiration | Summer,6172,74,28.8,0.01199
2024-01-20,PN,Inspiration | Summer,5264,77,36.36,0.014628
2024-01-21,PN,Inspiration | Summer,4547,63,29.64,0.013855
2024-01-15,NE,Inspiration | Winter,7437,114,50.39,0.015329
2024-01-16,NE,Inspiration | Winter,8795,88,45.32,0.010006
2024-01-17,NE,Inspiration | Winter,6942,84,60.44,0.0121
2024-01-18,NE,Inspiration | Winter,9231,119,55.98,0.012891
2024-01-19,NE,Inspiration | Winter,8684,127,44.18,0.014625
2024-01-20,NE,Inspiration | Winter,9400,92,63.09,0.009787
2024-01-21,NE,Inspiration | Winter,9669,85,65.61,0.008791
2024-01-15,NE,Inspiration | Summer,7765,81,33.39,0.010431
2024-01-16,NE,Inspiration | Summer,5578,83,41.76,0.01488
2024-01-17,NE,Inspiration | Summer,5397,76,41.74,0.014082
2024-01-18,NE,Inspiration | Summer,8368,100,37.74,0.01195
2024-01-19,NE,Inspiration | Summer,5527,92,40.79,0.016646
2024-01-20,NE,Inspiration | Summer,5483,99,36.06,0.018056
2024-01-21,NE,Inspiration | Summer,7791,83,34.78,0.010653
2024-01-22,CO,Inspiration | Winter,10404,111,69.07,0.010669
2024-01-23,CO,Inspiration | Winter,11315,113,65.32,0.009987
2024-01-24,CO,Inspiration | Winter,12263,118,59.44,0.009622
2024-01-25,CO,Inspiration | Winter,9190,130,62.11,0.014146
2024-01-26,CO,Inspiration | Winter,10644,130,77.19,0.012213
2024-01-27,CO,Inspiration | Winter,9301,131,55.29,0.014085
2024-01-28,CO,Inspiration | Winter,9889,100,78.83,0.010112
2024-01-22,CO,Inspiration | Summer,8483,120,71.75,0.014146
2024-01-23,CO,Inspiration | Summer,12145,154,70.28,0.01268
2024-01-24,CO,Inspiration | Summer,9254,126,56.0,0.013616
2024-01-25,CO,Inspiration | Summer,11487,162,61.27,0.014103
2024-01-26,CO,Inspiration | Summer,11100,122,66.64,0.010991
2024-01-27,CO,Inspiration | Summer,12399,116,67.07,0.009356
2024-01-28,CO,Inspiration | Summer,11504,128,49.95,0.011127
2024-01-22,UT,Inspiration | Winter,9380,83,42.14,0.008849
2024-01-23,UT,Inspiration | Winter,8352,92,60.44,0.011015
2024-01-24,UT,Inspiration | Winter,9423,101,57.53,0.010718
2024-01-25,UT,Inspiration | Winter,8033,94,43.65,0.011702
2024-01-26,UT,Inspiration | Winter,7014,80,61.29,0.011406
2024-01-27,UT,Inspiration | Winter,7335,73,43.33,0.009952
2024-01-28,UT,Inspiration | Winter,7032,81,53.67,0.011519
2024-01-22,UT,Inspiration | Summer,8922,94,40.91,0.010536
2024-01-23,UT,Inspiration | Summer,7844,103,47.13,0.013131
2024-01-24,UT,Inspiration | Summer,5909,96,39.32,0.016246
2024-01-25,UT,Inspiration | Summer,8380,89,42.37,0.010621
2024-01-26,UT,Inspiration | Summer,8046,131,55.7,0.016281
2024-01-27,UT,Inspiration | Summer,7619,98,40.42,0.012863
2024-01-28,UT,Inspiration | Summer,8024,132,51.65,0.016451
2024-01-22,CA,Inspiration | Winter,11634,138,78.79,0.011862
2024-01-23,CA,Inspiration | Winter,10608,120,60.69,0.011312
2024-01-24,CA,Inspiration | Winter,11678,133,60.5,0.011389
2024-01-25,CA,Inspiration | Winter,9018,115,58.13,0.012752
2024-01-26,CA,Inspiration | Winter,11823,139,86.12,0.011757
2024-01-27,CA,Inspiration | Winter,11552,137,68.09,0.011859
2024-01-28,CA,Inspiration | Winter,11086,117,83.03,0.010554
2024-01-22,CA,Inspiration | Summer,7494,111,39.27,0.014812
2024-01-23,CA,Inspiration | Summer,6463,105,38.41,0.016246
2024-01-24,CA,Inspiration | Summer,7321,109,42.04,0.014889
2024-01-25,CA,Inspiration | Summer,6345,86,48.43,0.013554
2024-01-26,CA,Inspiration | Summer,6226,102,37.57,0.016383
2024-01-27,CA,Inspiration | Summer,8259,82,38.03,0.009929
2024-01-28,CA,Inspiration | Summer,9057,85,53.0,0.009385
2024-01-22,PN,Inspiration | Winter,9223,89,67.7,0.00965
2024-01-23,PN,Inspiration | Winter,10452,116,67.78,0.011098
2024-01-24,PN,Inspiration | Winter,9081,124,65.4,0.013655
2024-01-25,PN,Inspiration | Winter,11095,119,47.94,0.010726
2024-01-26,PN,Inspiration | Winter,8647,93,56.69,0.010755
2024-01-27,PN,Inspiration | Winter,10558,126,66.2,0.011934
2024-01-28,PN,Inspiration | Winter,8325,84,59.53,0.01009
2024-01-22,PN,Inspiration | Summer,6615,96,48.19,0.014512
2024-01-23,PN,Inspiration | Summer,6647,113,40.69,0.017
2024-01-24,PN,Inspiration | Summer,7090,84,44.71,0.011848
2024-01-25,PN,Inspiration | Summer,8182,101,47.82,0.012344
2024-01-26,PN,Inspiration | Summer,8795,114,40.33,0.012962
2024-01-27,PN,Inspiration | Summer,8582,107,51.35,0.012468
2024-01-28,PN,Inspiration | Summer,8321,109,41.46,0.013099
2024-01-22,NE,Inspiration | Winter,7715,62,37.96,0.008036
2024-01-23,NE,Inspiration | Winter,6715,91,44.72,0.013552
2024-01-24,NE,Inspiration | Winter,6163,84,49.01,0.01363
2024-01-25,NE,Inspiration | Winter,6648,81,42.12,0.012184
2024-01-26,NE,Inspiration | Winter,8155,80,46.48,0.00981
2024-01-27,NE,Inspiration | Winter,6882,61,46.22,0.008864
2024-01-28,NE,Inspiration | Winter,5356,62,38.34,0.011576
2024-01-22,NE,Inspiration | Summer,4449,70,25.87,0.015734
2024-01-23,NE,Inspiration | Summer,4580,66,25.51,0.01441
2024-01-24,NE,Inspiration | Summer,5827,70,31.87,0.012013
2024-01-25,NE,Inspiration | Summer,5985,72,33.32,0.01203
2024-01-26,NE,Inspiration | Summer,5865,70,35.17,0.011935
2024-01-27,NE,Inspiration | Summer,4035,57,28.59,0.014126
2024-01-28,NE,Inspiration | Summer,5572,48,30.29,0.008615
2024-01-29,CO,Inspiration | Winter,13252,162,80.27,0.012225
2024-01-30,CO,Inspiration | Winter,11656,132,69.57,0.011325
2024-01-31,CO,Inspiration | Winter,9992,117,86.15,0.011709
2024-02-01,CO,Inspiration | Winter,9473,142,77.51,0.01499
2024-02-02,CO,Inspiration | Winter,13471,112,82.74,0.008314
2024-02-03,CO,Inspiration | Winter,13311,121,67.2,0.00909
2024-02-04,CO,Inspiration | Winter,12523,155,72.11,0.012377
2024-01-29,CO,Inspiration | Summer,9466,129,50.69,0.013628
2024-01-30,CO,Inspiration | Summer,10218,131,50.94,0.012821
2024-01-31,CO,Inspiration | Summer,9193,120,52.48,0.013053
2024-02-01,CO,Inspiration | Summer,9812,94,59.78,0.00958
2024-02-02,CO,Inspiration | Summer,10316,130,63.15,0.012602
2024-02-03,CO,Inspiration | Summer,9149,130,61.77,0.014209
2024-02-04,CO,Inspiration | Summer,9139,109,51.48,0.011927
2024-01-29,UT,Inspiration | Winter,10522,79,55.41,0.007508
2024-01-30,UT,Inspiration | Winter,9503,79,55.3,0.008313
2024-01-31,UT,Inspiration | Winter,9938,106,65.87,0.010666
2024-02-01,UT,Inspiration | Winter,8169,113,49.94,0.013833
2024-02-02,UT,Inspiration | Winter,8944,110,65.43,0.012299
2024-02-03,UT,Inspiration | Winter,8850,118,68.23,0.013333
2024-02-04,UT,Inspiration | Winter,7905,100,48.35,0.01265
2024-01-29,UT,Inspiration | Summer,6111,83,33.76,0.013582
2024-01-30,UT,Inspiration | Summer,7581,94,44.01,0.012399
2024-01-31,UT,Inspiration | Summer,7177,91,40.22,0.012679
2024-02-01,UT,Inspiration | Summer,7723,97,38.98,0.01256
2024-02-02,UT,Inspiration | Summer,5943,79,39.01,0.013293
2024-02-03,UT,Inspiration | Summer,6489,120,43.18,0.018493
2024-02-04,UT,Inspiration | Summer,7941,79,44.85,0.009948
2024-01-29,CA,Inspiration | Winter,8358,109,54.63,0.013041
2024-01-30,CA,Inspiration | Winter,7636,91,49.34,0.011917
2024-01-31,CA,Inspiration | Winter,7239,111,67.1,0.015334
2024-02-01,CA,Inspiration | Winter,9634,104,46.96,0.010795
2024-02-02,CA,Inspiration | Winter,9318,86,47.55,0.009229
2024-02-03,CA,Inspiration | Winter,7950,107,57.06,0.013459
2024-02-04,CA,Inspiration | Winter,10701,79,66.71,0.007382
2024-01-29,CA,Inspiration | Summer,5906,100,38.56,0.016932
2024-01-30,CA,Inspiration | Summer,6435,67,44.58,0.010412
2024-01-31,CA,Inspiration | Summer,6028,97,31.32,0.016092
2024-02-01,CA,Inspiration | Summer,6472,94,34.27,0.014524
2024-02-02,CA,Inspiration | Summer,6733,93,33.88,0.013813
2024-02-03,CA,Inspiration | Summer,6969,92,41.15,0.013201
2024-02-04,CA,Inspiration | Summer,7477,75,43.17,0.010031
2024-01-29,PN,Inspiration | Winter,10679,115,51.2,0.010769
2024-01-30,PN,Inspiration | Winter,9371,99,59.13,0.010565
2024-01-31,PN,Inspiration | Winter,10002,85,67.39,0.008498
2024-02-01,PN,Inspiration | Winter,8374,92,70.9,0.010986
2024-02-02,PN,Inspiration | Winter,10387,96,62.31,0.009242
2024-02-03,PN,Inspiration | Winter,11105,124,66.21,0.011166
2024-02-04,PN,Inspiration | Winter,8682,117,61.89,0.013476
2024-01-29,PN,Inspiration | Summer,6469,108,44.0,0.016695
2024-01-30,PN,Inspiration | Summer,9060,107,50.08,0.01181
2024-01-31,PN,Inspiration | Summer,6997,77,48.76,0.011005
2024-02-01,PN,Inspiration | Summer,7161,88,40.68,0.012289
2024-02-02,PN,Inspiration | Summer,8061,93,49.46,0.011537
2024-02-03,PN,Inspiration | Summer,7075,99,41.94,0.013993
2024-02-04,PN,Inspiration | Summer,8694,103,35.47,0.011847
2024-01-29,NE,Inspiration | Winter,8982,81,65.59,0.009018
2024-01-30,NE,Inspiration | Winter,7828,72,50.82,0.009198
2024-01-31,NE,Inspiration | Winter,10108,103,53.82,0.01019
2024-02-01,NE,Inspiration | Winter,7300,105,59.62,0.014384
2024-02-02,NE,Inspiration | Winter,8558,104,66.13,0.012152
2024-02-03,NE,Inspiration | Winter,8860,77,44.27,0.008691
2024-02-04,NE,Inspiration | Winter,10038,104,54.48,0.010361
2024-01-29,NE,Inspiration | Summer,5666,69,35.38,0.012178
2024-01-30,NE,Inspiration | Summer,5089,68,32.37,0.013362
2024-01-31,NE,Inspiration | Summer,6130,77,34.97,0.012561
2024-02-01,NE,Inspiration | Summer,5718,87,25.94,0.015215
2024-02-02,NE,Inspiration | Summer,5927,75,36.56,0.012654
2024-02-03,NE,Inspiration | Summer,5202,81,37.78,0.015571
2024-02-04,NE,Inspiration | Summer,5843,63,26.53,0.010782
2024-02-05,CO,Inspiration | Winter,17001,183,87.78,0.010764
2024-02-06,CO,Inspiration | Winter,12649,149,110.13,0.01178
2024-02-07,CO,Inspiration | Winter,15390,177,86.06,0.011501
2024-02-08,CO,Inspiration | Winter,17068,139,109.11,0.008144
2024-02-09,CO,Inspiration | Winter,16797,153,95.89,0.009109
2024-02-10,CO,Inspiration | Winter,11902,190,96.27,0.015964
2024-02-11,CO,Inspiration | Winter,16833,156,103.66,0.009268
2024-02-05,CO,Inspiration | Summer,14114,125,71.67,0.008856
2024-02-06,CO,Inspiration | Summer,11422,161,55.02,0.014096
2024-02-07,CO,Inspiration | Summer,14230,125,79.52,0.008784
2024-02-08,CO,Inspiration | Summer,12117,179,82.14,0.014773
2024-02-09,CO,Inspiration | Summer,13309,180,76.75,0.013525
2024-02-10,CO,Inspiration | Summer,12034,176,69.18,0.014625
2024-02-11,CO,Inspiration | Summer,11083,184,77.9,0.016602
2024-02-05,UT,Inspiration | Winter,9702,107,77.19,0.011029
2024-02-06,UT,Inspiration | Winter,10209,94,58.89,0.009208
2024-02-07,UT,Inspiration | Winter,9263,117,60.11,0.012631
2024-02-08,UT,Inspiration | Winter,8479,92,53.79,0.01085
2024-02-09,UT,Inspiration | Winter,8125,109,62.35,0.013415
2024-02-10,UT,Inspiration | Winter,10952,97,61.05,0.008857
2024-02-11,UT,Inspiration | Winter,10663,96,57.93,0.009003
2024-02-05,UT,Inspiration | Summer,9395,127,44.95,0.013518
2024-02-06,UT,Inspiration | Summer,6598,85,50.48,0.012883
2024-02-07,UT,Inspiration | Summer,6893,122,43.3,0.017699
2024-02-08,UT,Inspiration | Summer,8891,99,38.02,0.011135
2024-02-09,UT,Inspiration | Summer,7234,93,39.31,0.012856
2024-02-10,UT,Inspiration | Summer,7131,93,49.02,0.013042
2024-02-11,UT,Inspiration | Summer,8457,98,51.62,0.011588
2024-02-05,CA,Inspiration | Winter,11759,137,81.34,0.011651
2024-02-06,CA,Inspiration | Winter,14137,138,93.02,0.009762
2024-02-07,CA,Inspiration | Winter,14324,154,70.92,0.010751
2024-02-08,CA,Inspiration | Winter,12493,147,66.93,0.011767
2024-02-09,CA,Inspiration | Winter,13909,123,72.82,0.008843
2024-02-10,CA,Inspiration | Winter,11553,166,87.89,0.014369
2024-02-11,CA,Inspiration | Winter,10137,150,92.29,0.014797
2024-02-05,CA,Inspiration | Summer,9659,116,52.36,0.01201
2024-02-06,CA,Inspiration | Summer,9701,126,46.37,0.012988
2024-02-07,CA,Inspiration | Summer,7988,106,54.09,0.01327
2024-02-08,CA,Inspiration | Summer,8536,103,56.82,0.012067
2024-02-09,CA,Inspiration | Summer,8558,85,56.15,0.009932
2024-02-10,CA,Inspiration | Summer,7933,101,40.42,0.012732
2024-02-11,CA,Inspiration | Summer,8534,123,47.05,0.014413
2024-02-05,PN,Inspiration | Winter,12966,124,76.23,0.009563
2024-02-06,PN,Inspiration | Winter,11182,149,66.53,0.013325
2024-02-07,PN,Inspiration | Winter,11122,120,76.05,0.010789
2024-02-08,PN,Inspiration | Winter,10035,108,86.91,0.010762
2024-02-09,PN,Inspiration | Winter,9767,124,62.34,0.012696
2024-02-10,PN,Inspiration | Winter,13728,119,76.86,0.008668
2024-02-11,PN,Inspiration | Winter,14187,140,86.18,0.009868
2024-02-05,PN,Inspiration | Summer,8828,123,56.67,0.013933
2024-02-06,PN,Inspiration | Summer,8282,101,45.13,0.012195
2024-02-07,PN,Inspiration | Summer,10125,131,49.25,0.012938
2024-02-08,PN,Inspiration | Summer,7871,133,45.99,0.016897
2024-02-09,PN,Inspiration | Summer,8943,123,68.78,0.013754
2024-02-10,PN,Inspiration | Summer,9982,128,46.52,0.012823
2024-02-11,PN,Inspiration | Summer,9377,127,55.44,0.013544
2024-02-05,NE,Inspiration | Winter,8860,95,50.3,0.010722
2024-02-06,NE,Inspiration | Winter,8417,82,66.8,0.009742
2024-02-07,NE,Inspiration | Winter,8215,105,51.78,0.012781
2024-02-08,NE,Inspiration | Winter,9526,103,51.34,0.010813
2024-02-09,NE,Inspiration | Winter,8269,108,60.46,0.013061
2024-02-10,NE,Inspiration | Winter,8930,83,57.51,0.009295
2024-02-11,NE,Inspiration | Winter,7746,77,45.57,0.009941
2024-02-05,NE,Inspiration | Summer,7429,83,29.76,0.011172
2024-02-06,NE,Inspiration | Summer,7028,82,35.88,0.011668
2024-02-07,NE,Inspiration | Summer,6932,71,37.2,0.010242
2024-02-08,NE,Inspiration | Summer,6274,86,40.37,0.013707
2024-02-09,NE,Inspiration | Summer,5499,80,35.44,0.014548
2024-02-10,NE,Inspiration | Summer,5512,74,38.94,0.013425
2024-02-11,NE,Inspiration | Summer,5800,66,40.37,0.011379
2024-02-12,CO,Inspiration | Winter,9677,127,72.84,0.013124
2024-02-13,CO,Inspiration | Winter,10020,112,56.56,0.011178
2024-02-14,CO,Inspiration | Winter,10309,101,56.28,0.009797
2024-02-15,CO,Inspiration | Winter,11540,89,76.34,0.007712
2024-02-16,CO,Inspiration | Winter,9518,121,64.49,0.012713
2024-02-17,CO,Inspiration | Winter,9349,130,73.75,0.013905
2024-02-18,CO,Inspiration | Winter,11172,128,57.89,0.011457
2024-02-12,CO,Inspiration | Summer,8725,150,61.12,0.017192
2024-02-13,CO,Inspiration | Summer,12938,174,76.59,0.013449
2024-02-14,CO,Inspiration | Summer,10081,121,51.17,0.012003
2024-02-15,CO,Inspiration | Summer,12930,154,75.18,0.01191
2024-02-16,CO,Inspiration | Summer,10268,128,74.75,0.012466
2024-02-17,CO,Inspiration | Summer,13415,147,55.69,0.010958
2024-02-18,CO,Inspiration | Summer,8818,134,53.11,0.015196
2024-02-12,UT,Inspiration | Winter,11622,131,52.39,0.011272
2024-02-13,UT,Inspiration | Winter,12086,117,62.67,0.009681
2024-02-14,UT,Inspiration | Winter,11783,131,67.03,0.011118
2024-02-15,UT,Inspiration | Winter,9581,124,79.78,0.012942
2024-02-16,UT,Inspiration | Winter,10093,110,77.27,0.010899
2024-02-17,UT,Inspiration | Winter,9102,111,72.93,0.012195
2024-02-18,UT,Inspiration | Winter,9882,115,62.49,0.011637
2024-02-12,UT,Inspiration | Summer,5339,91,30.11,0.017044
2024-02-13,UT,Inspiration | Summer,5642,88,36.45,0.015597
2024-02-14,UT,Inspiration | Summer,7198,78,33.88,0.010836
2024-02-15,UT,Inspiration | Summer,6965,76,41.65,0.010912
2024-02-16,UT,Inspiration | Summer,5945,72,34.63,0.012111
2024-02-17,UT,Inspiration | Summer,6424,93,37.42,0.014477
2024-02-18,UT,Inspiration | Summer,6288,87,39.9,0.013836
2024-02-12,CA,Inspiration | Winter,11633,133,83.6,0.011433
2024-02-13,CA,Inspiration | Winter,12653,118,72.15,0.009326
2024-02-14,CA,Inspiration | Winter,12914,122,68.73,0.009447
2024-02-15,CA,Inspiration | Winter,8350,114,55.61,0.013653
2024-02-16,CA,Inspiration | Winter,11395,131,60.39,0.011496
2024-02-17,CA,Inspiration | Winter,10408,100,75.92,0.009608
2024-02-18,CA,Inspiration | Winter,9944,116,78.31,0.011665
2024-02-12,CA,Inspiration | Summer,8035,100,53.17,0.012446
2024-02-13,CA,Inspiration | Summer,9554,134,52.42,0.014026
2024-02-14,CA,Inspiration | Summer,9367,100,40.32,0.010676
2024-02-15,CA,Inspiration | Summer,6855,125,51.77,0.018235
2024-02-16,CA,Inspiration | Summer,9413,108,52.55,0.011473
2024-02-17,CA,Inspiration | Summer,8331,103,50.51,0.012363
2024-02-18,CA,Inspiration | Summer,9661,129,54.33,0.013353
2024-02-12,PN,Inspiration | Winter,10639,102,58.34,0.009587
2024-02-13,PN,Inspiration | Winter,9107,100,64.7,0.010981
2024-02-14,PN,Inspiration | Winter,9557,108,60.35,0.011301
2024-02-15,PN,Inspiration | Winter,10798,113,62.75,0.010465
2024-02-16,PN,Inspiration | Winter,8227,85,70.09,0.010332
2024-02-17,PN,Inspiration | Winter,8754,86,56.2,0.009824
2024-02-18,PN,Inspiration | Winter,10252,115,58.52,0.011217
2024-02-12,PN,Inspiration | Summer,7657,89,43.06,0.011623
2024-02-13,PN,Inspiration | Summer,6977,92,42.37,0.013186
2024-02-14,PN,Inspiration | Summer,6633,106,36.84,0.015981
2024-02-15,PN,Inspiration | Summer,7669,86,35.0,0.011214
2024-02-16,PN,Inspiration | Summer,6282,85,38.83,0.013531
2024-02-17,PN,Inspiration | Summer,6187,87,35.58,0.014062
2024-02-18,PN,Inspiration | Summer,7081,92,49.53,0.012993
2024-02-12,NE,Inspiration | Winter,8198,77,54.06,0.009393
2024-02-13,NE,Inspiration | Winter,7202,82,46.54,0.011386
2024-02-14,NE,Inspiration | Winter,6586,80,50.41,0.012147
2024-02-15,NE,Inspiration | Winter,6409,100,45.63,0.015603
2024-02-16,NE,Inspiration | Winter,9136,80,54.72,0.008757
2024-02-17,NE,Inspiration | Winter,8505,100,50.48,0.011758
2024-02-18,NE,Inspiration | Winter,7203,106,38.89,0.014716
2024-02-12,NE,Inspiration | Summer,6728,67,36.66,0.009958
2024-02-13,NE,Inspiration | Summer,7405,87,40.56,0.011749
2024-02-14,NE,Inspiration | Summer,6218,76,31.01,0.012223
2024-02-15,NE,Inspiration | Summer,6010,86,41.76,0.014309
2024-02-16,NE,Inspiration | Summer,6695,102,33.37,0.015235
2024-02-17,NE,Inspiration | Summer,6865,75,36.42,0.010925
2024-02-18,NE,Inspiration | Summer,5449,73,43.36,0.013397
2024-02-19,CO,Inspiration | Winter,12690,129,85.86,0.010165
2024-02-20,CO,Inspiration | Winter,10352,144,99.39,0.01391
2024-02-21,CO,Inspiration | Winter,14025,148,70.07,0.010553
2024-02-22,CO,Inspiration | Winter,14123,129,65.23,0.009134
2024-02-23,CO,Inspiration | Winter,12169,159,84.9,0.013066
2024-02-24,CO,Inspiration | Winter,13559,157,84.31,0.011579
2024-02-25,CO,Inspiration | Winter,9862,146,65.62,0.014804
2024-02-19,CO,Inspiration | Summer,7537,108,39.69,0.014329
2024-02-20,CO,Inspiration | Summer,7462,107,59.76,0.014339
2024-02-21,CO,Inspiration | Summer,6835,117,56.84,0.017118
2024-02-22,CO,Inspiration | Summer,9894,134,44.78,0.013544
2024-02-23,CO,Inspiration | Summer,8322,127,41.22,0.015261
2024-02-24,CO,Inspiration | Summer,10065,91,43.3,0.009041
2024-02-25,CO,Inspiration | Summer,8322,106,53.34,0.012737
2024-02-19,UT,Inspiration | Winter,9209,105,71.85,0.011402
2024-02-20,UT,Inspiration | Winter,11132,125,59.2,0.011229
2024-02-21,UT,Inspiration | Winter,10123,131,66.54,0.012941
2024-02-22,UT,Inspiration | Winter,10986,106,63.23,0.009649
2024-02-23,UT,Inspiration | Winter,9737,112,67.4,0.011503
2024-02-24,UT,Inspiration | Winter,10677,120,75.65,0.011239
2024-02-25,UT,Inspiration | Winter,9774,125,54.61,0.012789
2024-02-19,UT,Inspiration | Summer,9122,99,47.71,0.010853
2024-02-20,UT,Inspiration | Summer,9313,110,38.47,0.011811
2024-02-21,UT,Inspiration | Summer,6428,99,49.41,0.015401
2024-02-22,UT,Inspiration | Summer,8442,106,54.72,0.012556
2024-02-23,UT,Inspiration | Summer,6532,93,35.88,0.014238
2024-02-24,UT,Inspiration | Summer,8365,93,53.05,0.011118
2024-02-25,UT,Inspiration | Summer,7558,81,44.17,0.010717
2024-02-19,CA,Inspiration | Winter,7546,81,53.13,0.010734
2024-02-20,CA,Inspiration | Winter,10898,98,59.2,0.008992
2024-02-21,CA,Inspiration | Winter,7265,100,71.7,0.013765
2024-02-22,CA,Inspiration | Winter,9939,102,49.6,0.010263
2024-02-23,CA,Inspiration | Winter,8042,104,50.89,0.012932
2024-02-24,CA,Inspiration | Winter,10477,93,65.37,0.008877
2024-02-25,CA,Inspiration | Winter,10634,85,64.83,0.007993
2024-02-19,CA,Inspiration | Summer,8048,96,42.25,0.011928
2024-02-20,CA,Inspiration | Summer,8352,88,48.27,0.010536
2024-02-21,CA,Inspiration | Summer,7884,118,51.72,0.014967
2024-02-22,CA,Inspiration | Summer,6921,100,39.08,0.014449
2024-02-23,CA,Inspiration | Summer,8381,112,43.35,0.013364
2024-02-24,CA,Inspiration | Summer,7259,91,48.59,0.012536
2024-02-25,CA,Inspiration | Summer,8816,98,49.58,0.011116
2024-02-19,PN,Inspiration | Winter,7708,88,58.73,0.011417
2024-02-20,PN,Inspiration | Winter,9750,79,41.6,0.008103
2024-02-21,PN,Inspiration | Winter,9497,76,48.08,0.008003
2024-02-22,PN,Inspiration | Winter,6815,79,57.9,0.011592
2024-02-23,PN,Inspiration | Winter,9264,94,49.26,0.010147
2024-02-24,PN,Inspiration | Winter,7455,101,59.37,0.013548
2024-02-25,PN,Inspiration | Winter,7321,101,55.03,0.013796
2024-02-19,PN,Inspiration | Summer,7499,74,35.14,0.009868
2024-02-20,PN,Inspiration | Summer,6451,102,46.15,0.015812
2024-02-21,PN,Inspiration | Summer,7586,109,42.68,0.014369
2024-02-22,PN,Inspiration | Summer,7576,105,37.9,0.01386
2024-02-23,PN,Inspiration | Summer,6545,82,47.0,0.012529
2024-02-24,PN,Inspiration | Summer,6462,99,37.07,0.01532
2024-02-25,PN,Inspiration | Summer,5811,77,32.06,0.013251
2024-02-19,NE,Inspiration | Winter,7585,72,52.95,0.009492
2024-02-20,NE,Inspiration | Winter,8014,95,48.18,0.011854
2024-02-21,NE,Inspiration | Winter,6102,69,42.47,0.011308
2024-02-22,NE,Inspiration | Winter,6478,87,54.45,0.01343
2024-02-23,NE,Inspiration | Winter,9387,70,38.26,0.007457
2024-02-24,NE,Inspiration | Winter,7530,83,55.53,0.011023
2024-02-25,NE,Inspiration | Winter,8513,90,51.27,0.010572
2024-02-19,NE,Inspiration | Summer,4564,84,29.99,0.018405
2024-02-20,NE,Inspiration | Summer,6706,61,36.93,0.009096
2024-02-21,NE,Inspiration | Summer,6007,81,36.9,0.013484
2024-02-22,NE,Inspiration | Summer,5735,70,33.41,0.012206
2024-02-23,NE,Inspiration | Summer,6348,79,27.3,0.012445
2024-02-24,NE,Inspiration | Summer,6469,80,36.29,0.012367
2024-02-25,NE,Inspiration | Summer,4688,84,34.19,0.017918
2024-02-26,CO,Inspiration | Winter,10942,120,89.45,0.010967
2024-02-27,CO,Inspiration | Winter,13362,141,84.32,0.010552
2024-02-28,CO,Inspiration | Winter,10003,122,90.67,0.012196
2024-02-29,CO,Inspiration | Winter,10849,145,62.01,0.013365
2024-03-01,CO,Inspiration | Winter,13998,112,71.47,0.008001
2024-03-02,CO,Inspiration | Winter,13254,150,74.02,0.011317
2024-03-03,CO,Inspiration | Winter,13829,161,79.99,0.011642
2024-02-26,CO,Inspiration | Summer,9163,105,54.89,0.011459
2024-02-27,CO,Inspiration | Summer,9185,147,43.33,0.016004
2024-02-28,CO,Inspiration | Summer,9688,120,61.4,0.012386
2024-02-29,CO,Inspiration | Summer,7988,125,57.13,0.015648
2024-03-01,CO,Inspiration | Summer,9707,144,60.15,0.014835
2024-03-02,CO,Inspiration | Summer,11901,132,61.68,0.011092
2024-03-03,CO,Inspiration | Summer,9880,97,52.99,0.009818
2024-02-26,UT,Inspiration | Winter,10113,112,47.57,0.011075
2024-02-27,UT,Inspiration | Winter,9461,94,64.54,0.009936
2024-02-28,UT,Inspiration | Winter,8309,97,55.46,0.011674
2024-02-29,UT,Inspiration | Winter,12353,118,68.21,0.009552
2024-03-01,UT,Inspiration | Winter,10406,105,67.67,0.01009
2024-03-02,UT,Inspiration | Winter,8525,91,68.28,0.010674
2024-03-03,UT,Inspiration | Winter,9519,94,67.86,0.009875
2024-02-26,UT,Inspiration | Summer,6508,117,41.46,0.017978
2024-02-27,UT,Inspiration | Summer,7688,85,38.49,0.011056
2024-02-28,UT,Inspiration | Summer,6318,76,36.12,0.012029
2024-02-29,UT,Inspiration | Summer,6787,103,44.64,0.015176
2024-03-01,UT,Inspiration | Summer,6344,98,33.47,0.015448
2024-03-02,UT,Inspiration | Summer,6511,94,43.75,0.014437
2024-03-03,UT,Inspiration | Summer,7036,77,35.8,0.010944
2024-02-26,CA,Inspiration | Winter,8482,79,54.86,0.009314
2024-02-27,CA,Inspiration | Winter,8218,114,49.67,0.013872
2024-02-28,CA,Inspiration | Winter,10634,90,64.76,0.008463
2024-02-29,CA,Inspiration | Winter,8189,113,72.45,0.013799
2024-03-01,CA,Inspiration | Winter,8930,90,67.28,0.010078
2024-03-02,CA,Inspiration | Winter,9888,112,52.59,0.011327
2024-03-03,CA,Inspiration | Winter,10307,77,52.14,0.007471
2024-02-26,CA,Inspiration | Summer,7256,93,45.89,0.012817
2024-02-27,CA,Inspiration | Summer,6947,113,45.64,0.016266
2024-02-28,CA,Inspiration | Summer,6693,97,43.25,0.014493
2024-02-29,CA,Inspiration | Summer,9457,118,45.45,0.012478
2024-03-01,CA,Inspiration | Summer,7140,82,36.93,0.011485
2024-03-02,CA,Inspiration | Summer,6419,100,36.64,0.015579
2024-03-03,CA,Inspiration | Summer,7455,100,44.12,0.013414
2024-02-26,PN,Inspiration | Winter,7459,107,53.56,0.014345
2024-02-27,PN,Inspiration | Winter,7966,75,56.17,0.009415
2024-02-28,PN,Inspiration | Winter,8161,80,49.99,0.009803
2024-02-29,PN,Inspiration | Winter,6669,78,50.0,0.011696
2024-03-01,PN,Inspiration | Winter,9356,82,49.6,0.008764
2024-03-02,PN,Inspiration | Winter,9288,96,52.67,0.010336
2024-03-03,PN,Inspiration | Winter,10174,94,66.07,0.009239
2024-02-26,PN,Inspiration | Summer,5818,100,33.32,0.017188
2024-02-27,PN,Inspiration | Summer,7223,79,42.81,0.010937
2024-02-28,PN,Inspiration | Summer,6208,70,41.54,0.011276
2024-02-29,PN,Inspiration | Summer,6769,84,35.73,0.01241
2024-03-01,PN,Inspiration | Summer,7698,109,34.03,0.01416
2024-03-02,PN,Inspiration | Summer,7597,100,42.02,0.013163
2024-03-03,PN,Inspiration | Summer,5879,87,44.25,0.014798
2024-02-26,NE,Inspiration | Winter,8484,89,47.16,0.01049
2024-02-27,NE,Inspiration | Winter,9230,104,62.79,0.011268
2024-02-28,NE,Inspiration | Winter,9447,117,67.74,0.012385
2024-02-29,NE,Inspiration | Winter,8132,104,47.51,0.012789
2024-03-01,NE,Inspiration | Winter,7749,95,46.89,0.01226
2024-03-02,NE,Inspiration | Winter,9423,104,55.82,0.011037
2024-03-03,NE,Inspiration | Winter,8051,82,59.38,0.010185
2024-02-26,NE,Inspiration | Summer,6875,73,34.29,0.010618
2024-02-27,NE,Inspiration | Summer,7619,77,37.29,0.010106
2024-02-28,NE,Inspiration | Summer,8339,88,49.73,0.010553
2024-02-29,NE,Inspiration | Summer,5999,95,33.95,0.015836
2024-03-01,NE,Inspiration | Summer,6474,100,40.38,0.015446
2024-03-02,NE,Inspiration | Summer,7282,77,48.7,0.010574
2024-03-03,NE,Inspiration | Summer,6180,80,38.53,0.012945
2024-03-04,CO,Inspiration | Winter,13246,128,72.06,0.009663
2024-03-05,CO,Inspiration | Winter,12862,138,78.39,0.010729
2024-03-06,CO,Inspiration | Winter,11265,120,89.06,0.010652
2024-03-07,CO,Inspiration | Winter,11273,143,74.51,0.012685
2024-03-08,CO,Inspiration | Winter,10498,113,64.7,0.010764
2024-03-09,CO,Inspiration | Winter,11156,111,82.36,0.00995
2024-03-10,CO,Inspiration | Winter,14782,144,83.45,0.009742
2024-03-04,CO,Inspiration | Summer,9874,110,52.43,0.01114
2024-03-05,CO,Inspiration | Summer,10515,137,50.27,0.013029
2024-03-06,CO,Inspiration | Summer,8491,133,45.07,0.015664
2024-03-07,CO,Inspiration | Summer,9092,128,60.99,0.014078
2024-03-08,CO,Inspiration | Summer,10171,111,59.98,0.010913
2024-03-09,CO,Inspiration | Summer,9173,122,61.84,0.0133
2024-03-10,CO,Inspiration | Summer,9274,111,55.62,0.011969
2024-03-04,UT,Inspiration | Winter,10540,115,65.03,0.010911
2024-03-05,UT,Inspiration | Winter,9063,94,67.55,0.010372
2024-03-06,UT,Inspiration | Winter,11862,106,60.49,0.008936
2024-03-07,UT,Inspiration | Winter,12282,127,56.27,0.01034
2024-03-08,UT,Inspiration | Winter,9009,103,75.69,0.011433
2024-03-09,UT,Inspiration | Winter,8958,126,78.18,0.014066
2024-03-10,UT,Inspiration | Winter,11717,111,66.75,0.009473
2024-03-04,UT,Inspiration | Summer,7560,90,44.78,0.011905
2024-03-05,UT,Inspiration | Summer,7843,122,50.25,0.015555
2024-03-06,UT,Inspiration | Summer,8705,88,48.26,0.010109
2024-03-07,UT,Inspiration | Summer,8382,126,52.73,0.015032
2024-03-08,UT,Inspiration | Summer,8853,84,35.96,0.009488
2024-03-09,UT,Inspiration | Summer,7327,91,52.25,0.01242
2024-03-10,UT,Inspiration | Summer,9609,112,53.79,0.011656
2024-03-04,CA,Inspiration | Winter,11728,118,71.49,0.010061
2024-03-05,CA,Inspiration | Winter,8677,122,65.97,0.01406
2024-03-06,CA,Inspiration | Winter,12089,113,65.17,0.009347
2024-03-07,CA,Inspiration | Winter,10026,125,83.69,0.012468
2024-03-08,CA,Inspiration | Winter,10515,101,62.83,0.009605
2024-03-09,CA,Inspiration | Winter,10498,112,63.79,0.010669
2024-03-10,CA,Inspiration | Winter,11782,109,69.08,0.009251
2024-03-04,CA,Inspiration | Summer,7225,134,43.9,0.018547
2024-03-05,CA,Inspiration | Summer,9938,90,47.53,0.009056
2024-03-06,CA,Inspiration | Summer,8370,109,43.03,0.013023
2024-03-07,CA,Inspiration | Summer,7277,89,57.45,0.01223
2024-03-08,CA,Inspiration | Summer,9061,131,56.12,0.014458
2024-03-09,CA,Inspiration | Summer,7796,129,51.48,0.016547
2024-03-10,CA,Inspiration | Summer,9640,126,44.46,0.013071
2024-03-04,PN,Inspiration | Winter,7366,76,53.12,0.010318
2024-03-05,PN,Inspiration | Winter,10179,93,59.84,0.009136
2024-03-06,PN,Inspiration | Winter,8346,115,57.19,0.013779
2024-03-07,PN,Inspiration | Winter,9783,97,57.38,0.009915
2024-03-08,PN,Inspiration | Winter,8279,115,68.79,0.013891
2024-03-09,PN,Inspiration | Winter,8269,83,48.72,0.010037
2024-03-10,PN,Inspiration | Winter,10111,99,53.88,0.009791
2024-03-04,PN,Inspiration | Summer,7943,103,40.86,0.012967
2024-03-05,PN,Inspiration | Summer,7261,93,47.88,0.012808
2024-03-06,PN,Inspiration | Summer,8064,77,47.91,0.009549
2024-03-07,PN,Inspiration | Summer,5893,99,50.82,0.0168
2024-03-08,PN,Inspiration | Summer,8337,100,38.9,0.011995
2024-03-09,PN,Inspiration | Summer,7508,100,33.37,0.013319
2024-03-10,PN,Inspiration | Summer,5760,103,34.7,0.017882
2024-03-04,NE,Inspiration | Winter,8854,84,40.06,0.009487
2024-03-05,NE,Inspiration | Winter,7008,66,45.38,0.009418
2024-03-06,NE,Inspiration | Winter,7519,90,48.83,0.01197
2024-03-07,NE,Inspiration | Winter,7105,79,42.29,0.011119
2024-03-08,NE,Inspiration | Winter,6871,78,48.97,0.011352
2024-03-09,NE,Inspiration | Winter,6666,66,56.12,0.009901
2024-03-10,NE,Inspiration | Winter,7537,86,48.34,0.01141
2024-03-04,NE,Inspiration | Summer,8209,82,37.72,0.009989
2024-03-05,NE,Inspiration | Summer,5811,93,33.84,0.016004
2024-03-06,NE,Inspiration | Summer,5745,79,34.54,0.013751
2024-03-07,NE,Inspiration | Summer,5978,88,45.7,0.014721
2024-03-08,NE,Inspiration | Summer,6301,113,31.72,0.017934
2024-03-09,NE,Inspiration | Summer,7506,116,46.88,0.015454
2024-03-10,NE,Inspiration | Summer,8054,89,45.7,0.01105
2024-03-11,CO,Inspiration | Winter,12657,124,82.78,0.009797
2024-03-12,CO,Inspiration | Winter,12117,151,88.03,0.012462
2024-03-13,CO,Inspiration | Winter,11665,99,71.23,0.008487
2024-03-14,CO,Inspiration | Winter,10646,147,66.63,0.013808
2024-03-15,CO,Inspiration | Winter,13752,150,75.48,0.010908
2024-03-16,CO,Inspiration | Winter,11027,103,87.3,0.009341
2024-03-17,CO,Inspiration | Winter,14039,150,78.33,0.010685
2024-03-11,CO,Inspiration | Summer,12926,162,73.49,0.012533
2024-03-12,CO,Inspiration | Summer,11232,129,51.04,0.011485
2024-03-13,CO,Inspiration | Summer,8438,151,57.22,0.017895
2024-03-14,CO,Inspiration | Summer,10144,125,72.88,0.012323
2024-03-15,CO,Inspiration | Summer,11306,140,54.07,0.012383
2024-03-16,CO,Inspiration | Summer,8491,114,51.68,0.013426
2024-03-17,CO,Inspiration | Summer,9176,171,55.55,0.018636
2024-03-11,UT,Inspiration | Winter,8115,103,58.79,0.012693
2024-03-12,UT,Inspiration | Winter,8846,97,50.6,0.010965
2024-03-13,UT,Inspiration | Winter,8941,80,51.4,0.008948
2024-03-14,UT,Inspiration | Winter,9299,99,58.43,0.010646
2024-03-15,UT,Inspiration | Winter,6806,93,59.53,0.013664
2024-03-16,UT,Inspiration | Winter,9431,92,43.98,0.009755
2024-03-17,UT,Inspiration | Winter,9133,97,64.92,0.010621
2024-03-11,UT,Inspiration | Summer,6997,76,47.03,0.010862
2024-03-12,UT,Inspiration | Summer,6804,100,38.09,0.014697
2024-03-13,UT,Inspiration | Summer,7535,83,40.12,0.011015
2024-03-14,UT,Inspiration | Summer,6293,106,43.45,0.016844
2024-03-15,UT,Inspiration | Summer,7588,101,42.4,0.01331
2024-03-16,UT,Inspiration | Summer,7572,72,48.6,0.009509
2024-03-17,UT,Inspiration | Summer,8118,109,35.57,0.013427
2024-03-11,CA,Inspiration | Winter,9250,78,63.7,0.008432
2024-03-12,CA,Inspiration | Winter,9776,98,42.88,0.010025
2024-03-13,CA,Inspiration | Winter,8588,117,54.95,0.013624
2024-03-14,CA,Inspiration | Winter,9468,105,46.23,0.01109
2024-03-15,CA,Inspiration | Winter,6824,87,47.5,0.012749
2024-03-16,CA,Inspiration | Winter,7208,104,63.23,0.014428
2024-03-17,CA,Inspiration | Winter,8751,102,64.65,0.011656
2024-03-11,CA,Inspiration | Summer,8171,117,52.67,0.014319
2024-03-12,CA,Inspiration | Summer,9640,120,50.12,0.012448
2024-03-13,CA,Inspiration | Summer,9590,88,52.74,0.009176
2024-03-14,CA,Inspiration | Summer,7389,106,38.86,0.014346
2024-03-15,CA,Inspiration | Summer,10046,93,50.7,0.009257
2024-03-16,CA,Inspiration | Summer,6512,96,49.24,0.014742
2024-03-17,CA,Inspiration | Summer,7050,128,44.38,0.018156
2024-03-11,PN,Inspiration | Winter,10106,96,46.22,0.009499
2024-03-12,PN,Inspiration | Winter,10298,101,62.84,0.009808
2024-03-13,PN,Inspiration | Winter,9706,114,64.96,0.011745
2024-03-14,PN,Inspiration | Winter,7991,108,67.29,0.013515
2024-03-15,PN,Inspiration | Winter,11453,93,62.82,0.00812
2024-03-16,PN,Inspiration | Winter,8648,105,58.49,0.012142
2024-03-17,PN,Inspiration | Winter,8372,92,63.44,0.010989
2024-03-11,PN,Inspiration | Summer,6507,76,39.22,0.01168
2024-03-12,PN,Inspiration | Summer,6643,76,44.99,0.011441
2024-03-13,PN,Inspiration | Summer,5643,99,46.06,0.017544
2024-03-14,PN,Inspiration | Summer,7336,88,38.81,0.011996
2024-03-15,PN,Inspiration | Summer,6475,101,33.03,0.015598
2024-03-16,PN,Inspiration | Summer,6900,85,32.27,0.012319
2024-03-17,PN,Inspiration | Summer,6202,76,30.71,0.012254
2024-03-11,NE,Inspiration | Winter,6046,64,36.34,0.010586
2024-03-12,NE,Inspiration | Winter,7931,96,53.95,0.012104
2024-03-13,NE,Inspiration | Winter,5558,87,50.6,0.015653
2024-03-14,NE,Inspiration | Winter,6755,76,44.0,0.011251
2024-03-15,NE,Inspiration | Winter,7290,66,46.56,0.009053
2024-03-16,NE,Inspiration | Winter,6396,64,34.85,0.010006
2024-03-17,NE,Inspiration | Winter,7252,79,35.96,0.010894
2024-03-11,NE,Inspiration | Summer,4615,61,25.18,0.013218
2024-03-12,NE,Inspiration | Summer,6317,70,34.78,0.011081
2024-03-13,NE,Inspiration | Summer,4411,73,34.55,0.01655
2024-03-14,NE,Inspiration | Summer,4672,69,27.58,0.014769
2024-03-15,NE,Inspiration | Summer,6509,53,34.26,0.008143
2024-03-16,NE,Inspiration | Summer,5059,69,26.69,0.013639
2024-03-17,NE,Inspiration | Summer,4990,75,29.07,0.01503
2024-03-18,CO,Inspiration | Winter,9374,129,70.44,0.013761
2024-03-19,CO,Inspiration | Winter,9477,114,70.83,0.012029
2024-03-20,CO,Inspiration | Winter,12616,95,74.57,0.00753
2024-03-21,CO,Inspiration | Winter,8389,140,52.53,0.016689
2024-03-22,CO,Inspiration | Winter,10179,112,70.37,0.011003
2024-03-23,CO,Inspiration | Winter,13078,92,64.31,0.007035
2024-03-24,CO,Inspiration | Winter,9478,133,61.54,0.014032
2024-03-18,CO,Inspiration | Summer,7331,83,39.84,0.011322
2024-03-19,CO,Inspiration | Summer,7972,108,56.32,0.013547
2024-03-20,CO,Inspiration | Summer,8604,92,42.21,0.010693
2024-03-21,CO,Inspiration | Summer,8463,94,54.76,0.011107
2024-03-22,CO,Inspiration | Summer,6526,100,56.09,0.015323
2024-03-23,CO,Inspiration | Summer,8989,125,43.7,0.013906
2024-03-24,CO,Inspiration | Summer,9535,122,40.11,0.012795
2024-03-18,UT,Inspiration | Winter,8900,120,76.75,0.013483
2024-03-19,UT,Inspiration | Winter,13197,120,54.18,0.009093
2024-03-20,UT,Inspiration | Winter,9183,96,68.53,0.010454
2024-03-21,UT,Inspiration | Winter,8748,131,76.68,0.014975
2024-03-22,UT,Inspiration | Winter,11471,123,65.22,0.010723
2024-03-23,UT,Inspiration | Winter,8849,110,70.04,0.012431
2024-03-24,UT,Inspiration | Winter,12648,130,55.8,0.010278
2024-03-18,UT,Inspiration | Summer,6948,117,58.13,0.016839
2024-03-19,UT,Inspiration | Summer,8566,121,43.79,0.014126
2024-03-20,UT,Inspiration | Summer,9204,104,58.5,0.011299
2024-03-21,UT,Inspiration | Summer,9637,119,38.53,0.012348
2024-03-22,UT,Inspiration | Summer,8331,99,50.76,0.011883
2024-03-23,UT,Inspiration | Summer,9202,95,45.35,0.010324
2024-03-24,UT,Inspiration | Summer,6759,88,45.08,0.01302
2024-03-18,CA,Inspiration | Winter,8364,108,56.65,0.012912
2024-03-19,CA,Inspiration | Winter,8300,109,75.38,0.013133
2024-03-20,CA,Inspiration | Winter,10097,121,49.58,0.011984
2024-03-21,CA,Inspiration | Winter,10296,116,51.51,0.011267
2024-03-22,CA,Inspiration | Winter,8709,91,50.65,0.010449
2024-03-23,CA,Inspiration | Winter,8053,90,57.07,0.011176
2024-03-24,CA,Inspiration | Winter,9985,82,67.5,0.008212
2024-03-18,CA,Inspiration | Summer,6439,92,38.13,0.014288
2024-03-19,CA,Inspiration | Summer,7112,92,38.23,0.012936
2024-03-20,CA,Inspiration | Summer,7760,87,37.01,0.011211
2024-03-21,CA,Inspiration | Summer,7884,121,47.73,0.015348
2024-03-22,CA,Inspiration | Summer,5574,107,47.72,0.019196
2024-03-23,CA,Inspiration | Summer,8028,88,42.98,0.010962
2024-03-24,CA,Inspiration | Summer,6874,95,36.3,0.01382
2024-03-18,PN,Inspiration | Winter,8130,117,50.26,0.014391
2024-03-19,PN,Inspiration | Winter,8824,102,55.43,0.011559
2024-03-20,PN,Inspiration | Winter,10129,118,67.9,0.01165
2024-03-21,PN,Inspiration | Winter,8427,88,67.97,0.010443
2024-03-22,PN,Inspiration | Winter,8330,90,51.81,0.010804
2024-03-23,PN,Inspiration | Winter,10237,113,50.66,0.011038
2024-03-24,PN,Inspiration | Winter,10895,129,71.79,0.01184
2024-03-18,PN,Inspiration | Summer,6070,102,41.85,0.016804
2024-03-19,PN,Inspiration | Summer,7198,89,37.13,0.012365
2024-03-20,PN,Inspiration | Summer,5992,93,46.31,0.015521
2024-03-21,PN,Inspiration | Summer,7014,74,35.47,0.01055
2024-03-22,PN,Inspiration | Summer,6624,86,40.19,0.012983
2024-03-23,PN,Inspiration | Summer,7899,103,44.78,0.01304
2024-03-24,PN,Inspiration | Summer,7442,82,34.04,0.011019
2024-03-18,NE,Inspiration | Winter,9381,114,59.81,0.012152
2024-03-19,NE,Inspiration | Winter,6680,108,54.58,0.016168
2024-03-20,NE,Inspiration | Winter,9491,77,52.71,0.008113
2024-03-21,NE,Inspiration | Winter,9323,85,59.29,0.009117
2024-03-22,NE,Inspiration | Winter,8695,91,54.2,0.010466
2024-03-23,NE,Inspiration | Winter,8877,110,57.91,0.012392
2024-03-24,NE,Inspiration | Winter,7864,99,47.5,0.012589
2024-03-18,NE,Inspiration | Summer,4402,80,33.42,0.018174
2024-03-19,NE,Inspiration | Summer,6078,78,33.37,0.012833
2024-03-20,NE,Inspiration | Summer,5140,62,28.11,0.012062
2024-03-21,NE,Inspiration | Summer,5096,61,31.24,0.01197
2024-03-22,NE,Inspiration | Summer,5353,70,28.71,0.013077
2024-03-23,NE,Inspiration | Summer,5930,73,29.47,0.01231
2024-03-24,NE,Inspiration | Summer,4790,69,29.07,0.014405
2024-03-25,CO,Inspiration | Winter,11480,144,97.68,0.012544
2024-03-26,CO,Inspiration | Winter,15508,173,84.33,0.011156
2024-03-27,CO,Inspiration | Winter,13986,145,77.32,0.010368
2024-03-28,CO,Inspiration | Winter,13878,139,92.35,0.010016
2024-03-29,CO,Inspiration | Winter,9994,187,75.78,0.018711
2024-03-30,CO,Inspiration | Winter,14090,147,78.09,0.010433
2024-03-31,CO,Inspiration | Winter,14147,148,90.18,0.010462
2024-03-25,CO,Inspiration | Summer,10299,151,61.72,0.014662
2024-03-26,CO,Inspiration | Summer,12678,165,66.62,0.013015
2024-03-27,CO,Inspiration | Summer,9193,133,78.16,0.014468
2024-03-28,CO,Inspiration | Summer,10702,115,56.64,0.010746
2024-03-29,CO,Inspiration | Summer,9549,170,54.4,0.017803
2024-03-30,CO,Inspiration | Summer,12901,123,62.52,0.009534
2024-03-31,CO,Inspiration | Summer,10546,119,59.97,0.011284
2024-03-25,UT,Inspiration | Winter,8350,95,63.89,0.011377
2024-03-26,UT,Inspiration | Winter,11312,95,68.26,0.008398
2024-03-27,UT,Inspiration | Winter,9051,105,54.83,0.011601
2024-03-28,UT,Inspiration | Winter,11492,105,62.02,0.009137
2024-03-29,UT,Inspiration | Winter,9809,87,73.55,0.008869
2024-03-30,UT,Inspiration | Winter,8375,99,59.16,0.011821
2024-03-31,UT,Inspiration | Winter,10774,123,60.94,0.011416
2024-03-25,UT,Inspiration | Summer,8291,105,39.25,0.012664
2024-03-26,UT,Inspiration | Summer,8634,83,40.45,0.009613
2024-03-27,UT,Inspiration | Summer,5840,108,43.68,0.018493
2024-03-28,UT,Inspiration | Summer,7394,103,51.79,0.01393
2024-03-29,UT,Inspiration | Summer,6687,96,45.33,0.014356
2024-03-30,UT,Inspiration | Summer,6779,73,43.69,0.010769
2024-03-31,UT,Inspiration | Summer,7960,105,35.01,0.013191
2024-03-25,CA,Inspiration | Winter,9562,108,47.54,0.011295
2024-03-26,CA,Inspiration | Winter,7109,100,59.01,0.014067
2024-03-27,CA,Inspiration | Winter,7857,104,55.1,0.013237
2024-03-28,CA,Inspiration | Winter,9112,82,51.61,0.008999
2024-03-29,CA,Inspiration | Winter,8082,77,54.98,0.009527
2024-03-30,CA,Inspiration | Winter,8631,109,48.1,0.012629
2024-03-31,CA,Inspiration | Winter,7923,98,56.62,0.012369
2024-03-25,CA,Inspiration | Summer,7721,77,40.96,0.009973
2024-03-26,CA,Inspiration | Summer,6251,78,36.33,0.012478
2024-03-27,CA,Inspiration | Summer,6136,95,42.19,0.015482
2024-03-28,CA,Inspiration | Summer,6664,96,40.95,0.014406
2024-03-29,CA,Inspiration | Summer,6722,80,31.84,0.011901
2024-03-30,CA,Inspiration | Summer,8397,92,41.75,0.010956
2024-03-31,CA,Inspiration | Summer,5620,95,41.55,0.016904
2024-03-25,PN,Inspiration | Winter,8697,98,54.32,0.011268
2024-03-26,PN,Inspiration | Winter,6777,93,60.08,0.013723
2024-03-27,PN,Inspiration | Winter,9107,95,63.59,0.010432
2024-03-28,PN,Inspiration | Winter,9089,107,51.48,0.011772
2024-03-29,PN,Inspiration | Winter,9965,124,46.87,0.012444
2024-03-30,PN,Inspiration | Winter,8810,94,62.33,0.01067
2024-03-31,PN,Inspiration | Winter,9403,91,57.15,0.009678
2024-03-25,PN,Inspiration | Summer,7894,105,42.47,0.013301
2024-03-26,PN,Inspiration | Summer,8356,91,48.39,0.01089
2024-03-27,PN,Inspiration | Summer,7804,96,37.13,0.012301
2024-03-28,PN,Inspiration | Summer,5899,94,42.16,0.015935
2024-03-29,PN,Inspiration | Summer,7620,82,55.41,0.010761
2024-03-30,PN,Inspiration | Summer,7800,101,39.96,0.012949
2024-03-31,PN,Inspiration | Summer,6556,80,35.66,0.012203
2024-03-25,NE,Inspiration | Winter,6499,60,44.21,0.009232
2024-03-26,NE,Inspiration | Winter,7685,71,36.36,0.009239
2024-03-27,NE,Inspiration | Winter,6331,65,50.98,0.010267
2024-03-28,NE,Inspiration | Winter,8072,79,41.58,0.009787
2024-03-29,NE,Inspiration | Winter,8079,80,42.42,0.009902
2024-03-30,NE,Inspiration | Winter,5593,74,49.59,0.013231
2024-03-31,NE,Inspiration | Winter,5629,76,41.34,0.013502
2024-03-25,NE,Inspiration | Summer,7036,84,35.27,0.011939
2024-03-26,NE,Inspiration | Summer,6878,113,40.01,0.016429
2024-03-27,NE,Inspiration | Summer,5412,88,46.97,0.01626
2024-03-28,NE,Inspiration | Summer,7036,92,47.27,0.013076
2024-03-29,NE,Inspiration | Summer,7777,107,37.62,0.013759
2024-03-30,NE,Inspiration | Summer,7967,79,45.63,0.009916
2024-03-31,NE,Inspiration | Summer,7879,103,37.14,0.013073
2024-04-01,CO,Inspiration | Winter,9764,105,60.59,0.010754
2024-04-02,CO,Inspiration | Winter,11410,97,62.87,0.008501
2024-04-03,CO,Inspiration | Winter,9341,90,56.49,0.009635
2024-04-04,CO,Inspiration | Winter,9629,128,70.71,0.013293
2024-04-05,CO,Inspiration | Winter,9300,120,67.91,0.012903
2024-04-06,CO,Inspiration | Winter,8520,123,57.24,0.014437
2024-04-07,CO,Inspiration | Winter,10827,106,64.47,0.00979
2024-04-01,CO,Inspiration | Summer,8541,129,61.44,0.015104
2024-04-02,CO,Inspiration | Summer,8913,100,47.17,0.01122
2024-04-03,CO,Inspiration | Summer,9713,115,53.89,0.01184
2024-04-04,CO,Inspiration | Summer,8502,114,60.39,0.013409
2024-04-05,CO,Inspiration | Summer,8910,130,43.37,0.01459
2024-04-06,CO,Inspiration | Summer,9618,117,44.39,0.012165
2024-04-07,CO,Inspiration | Summer,7594,104,47.74,0.013695
2024-04-01,UT,Inspiration | Winter,8178,106,58.78,0.012962
2024-04-02,UT,Inspiration | Winter,7046,90,57.99,0.012773
2024-04-03,UT,Inspiration | Winter,7218,94,43.56,0.013023
2024-04-04,UT,Inspiration | Winter,8344,94,54.63,0.011266
2024-04-05,UT,Inspiration | Winter,9621,83,48.58,0.008627
2024-04-06,UT,Inspiration | Winter,7656,86,49.78,0.011233
2024-04-07,UT,Inspiration | Winter,7803,105,44.22,0.013456
2024-04-01,UT,Inspiration | Summer,7722,70,32.21,0.009065
2024-04-02,UT,Inspiration | Summer,6288,90,39.33,0.014313
2024-04-03,UT,Inspiration | Summer,6537,102,40.52,0.015603
2024-04-04,UT,Inspiration | Summer,5869,86,44.35,0.014653
2024-04-05,UT,Inspiration | Summer,6271,81,44.41,0.012917
2024-04-06,UT,Inspiration | Summer,5592,93,35.69,0.016631
2024-04-07,UT,Inspiration | Summer,7808,78,30.82,0.00999
2024-04-01,CA,Inspiration | Winter,11802,129,58.53,0.01093
2024-04-02,CA,Inspiration | Winter,9447,135,68.51,0.01429
2024-04-03,CA,Inspiration | Winter,9512,100,56.57,0.010513
2024-04-04,CA,Inspiration | Winter,10223,136,79.25,0.013303
2024-04-05,CA,Inspiration | Winter,10857,94,52.69,0.008658
2024-04-06,CA,Inspiration | Winter,11235,124,77.28,0.011037
2024-04-07,CA,Inspiration | Winter,10327,120,76.96,0.01162
2024-04-01,CA,Inspiration | Summer,7177,105,55.75,0.01463
2024-04-02,CA,Inspiration | Summer,9412,112,54.38,0.0119
2024-04-03,CA,Inspiration | Summer,8643,125,41.74,0.014463
2024-04-04,CA,Inspiration | Summer,8485,129,54.34,0.015203
2024-04-05,CA,Inspiration | Summer,8356,111,47.82,0.013284
2024-04-06,CA,Inspiration | Summer,8955,102,42.18,0.01139
2024-04-07,CA,Inspiration | Summer,8543,119,49.29,0.01393
2024-04-01,PN,Inspiration | Winter,9091,86,56.67,0.00946
2024-04-02,PN,Inspiration | Winter,7300,120,66.74,0.016438
2024-04-03,PN,Inspiration | Winter,10968,78,47.27,0.007112
2024-04-04,PN,Inspiration | Winter,10692,79,54.67,0.007389
2024-04-05,PN,Inspiration | Winter,10066,103,66.39,0.010232
2024-04-06,PN,Inspiration | Winter,9155,97,67.42,0.010595
2024-04-07,PN,Inspiration | Winter,8370,119,60.94,0.014217
2024-04-01,PN,Inspiration | Summer,6037,85,30.38,0.01408
2024-04-02,PN,Inspiration | Summer,5093,83,29.39,0.016297
2024-04-03,PN,Inspiration | Summer,6878,76,39.2,0.01105
2024-04-04,PN,Inspiration | Summer,7011,73,42.3,0.010412
2024-04-05,PN,Inspiration | Summer,6393,73,31.12,0.011419
2024-04-06,PN,Inspiration | Summer,5068,81,38.83,0.015983
2024-04-07,PN,Inspiration | Summer,5164,83,30.31,0.016073
2024-04-01,NE,Inspiration | Winter,8027,96,56.61,0.01196
2024-04-02,NE,Inspiration | Winter,9109,102,59.38,0.011198
2024-04-03,NE,Inspiration | Winter,7694,93,56.94,0.012087
2024-04-04,NE,Inspiration | Winter,7323,92,51.56,0.012563
2024-04-05,NE,Inspiration | Winter,8114,83,55.85,0.010229
2024-04-06,NE,Inspiration | Winter,7870,82,47.75,0.010419
2024-04-07,NE,Inspiration | Winter,9629,107,41.61,0.011112
2024-04-01,NE,Inspiration | Summer,5290,56,39.82,0.010586
2024-04-02,NE,Inspiration | Summer,6913,68,27.09,0.009837
2024-04-03,NE,Inspiration | Summer,6095,73,32.48,0.011977
2024-04-04,NE,Inspiration | Summer,6885,75,28.35,0.010893
2024-04-05,NE,Inspiration | Summer,4681,68,34.08,0.014527
2024-04-06,NE,Inspiration | Summer,4486,76,33.77,0.016942
2024-04-07,NE,Inspiration | Summer,5106,67,33.25,0.013122
2024-04-08,CO,Inspiration | Winter,12184,127,87.77,0.010424
2024-04-09,CO,Inspiration | Winter,12709,146,68.29,0.011488
2024-04-10,CO,Inspiration | Winter,10627,111,64.61,0.010445
2024-04-11,CO,Inspiration | Winter,8927,130,65.92,0.014563
2024-04-12,CO,Inspiration | Winter,12037,113,81.14,0.009388
2024-04-13,CO,Inspiration | Winter,10732,116,61.32,0.010809
2024-04-14,CO,Inspiration | Winter,12196,109,79.19,0.008937
2024-04-08,CO,Inspiration | Summer,8206,125,56.24,0.015233
2024-04-09,CO,Inspiration | Summer,7627,129,57.3,0.016914
2024-04-10,CO,Inspiration | Summer,10659,105,60.73,0.009851
2024-04-11,CO,Inspiration | Summer,10729,106,52.0,0.00988
2024-04-12,CO,Inspiration | Summer,9716,134,45.3,0.013792
2024-04-13,CO,Inspiration | Summer,8562,132,46.34,0.015417
2024-04-14,CO,Inspiration | Summer,9207,92,57.39,0.009992
2024-04-08,UT,Inspiration | Winter,8771,103,58.06,0.011743
2024-04-09,UT,Inspiration | Winter,7632,83,52.37,0.010875
2024-04-10,UT,Inspiration | Winter,8926,110,67.31,0.012324
2024-04-11,UT,Inspiration | Winter,7879,99,52.95,0.012565
2024-04-12,UT,Inspiration | Winter,10400,98,54.91,0.009423
2024-04-13,UT,Inspiration | Winter,9232,116,58.12,0.012565
2024-04-14,UT,Inspiration | Winter,9459,94,55.01,0.009938
2024-04-08,UT,Inspiration | Summer,9002,101,49.16,0.01122
2024-04-09,UT,Inspiration | Summer,9466,112,56.42,0.011832
2024-04-10,UT,Inspiration | Summer,7995,115,40.03,0.014384
2024-04-11,UT,Inspiration | Summer,7026,98,41.9,0.013948
2024-04-12,UT,Inspiration | Summer,6929,116,59.07,0.016741
2024-04-13,UT,Inspiration | Summer,10384,115,57.3,0.011075
2024-04-14,UT,Inspiration | Summer,8200,114,38.34,0.013902
2024-04-08,CA,Inspiration | Winter,10251,124,68.13,0.012096
2024-04-09,CA,Inspiration | Winter,9997,112,66.79,0.011203
2024-04-10,CA,Inspiration | Winter,7995,128,64.15,0.01601
2024-04-11,CA,Inspiration | Winter,10579,110,77.81,0.010398
2024-04-12,CA,Inspiration | Winter,11690,106,55.14,0.009068
2024-04-13,CA,Inspiration | Winter,7797,123,54.05,0.015775
2024-04-14,CA,Inspiration | Winter,10899,98,56.86,0.008992
2024-04-08,CA,Inspiration | Summer,8832,118,44.3,0.013361
2024-04-09,CA,Inspiration | Summer,7978,92,53.64,0.011532
2024-04-10,CA,Inspiration | Summer,9669,139,44.99,0.014376
2024-04-11,CA,Inspiration | Summer,10154,103,47.54,0.010144
2024-04-12,CA,Inspiration | Summer,7591,94,64.67,0.012383
2024-04-13,CA,Inspiration | Summer,9353,137,52.29,0.014648
2024-04-14,CA,Inspiration | Summer,7958,121,49.47,0.015205
2024-04-08,PN,Inspiration | Winter,6588,94,43.7,0.014268
2024-04-09,PN,Inspiration | Winter,8256,77,40.58,0.009327
2024-04-10,PN,Inspiration | Winter,7912,71,51.31,0.008974
2024-04-11,PN,Inspiration | Winter,7578,100,54.88,0.013196
2024-04-12,PN,Inspiration | Winter,8360,71,50.5,0.008493
2024-04-13,PN,Inspiration | Winter,6803,78,44.98,0.011466
2024-04-14,PN,Inspiration | Winter,8042,86,56.69,0.010694
2024-04-08,PN,Inspiration | Summer,6633,83,37.52,0.012513
2024-04-09,PN,Inspiration | Summer,7120,82,39.03,0.011517
2024-04-10,PN,Inspiration | Summer,6932,79,50.45,0.011396
2024-04-11,PN,Inspiration | Summer,8008,95,45.12,0.011863
2024-04-12,PN,Inspiration | Summer,7077,98,38.53,0.013848
2024-04-13,PN,Inspiration | Summer,8283,83,40.72,0.010021
2024-04-14,PN,Inspiration | Summer,5939,103,38.58,0.017343
2024-04-08,NE,Inspiration | Winter,8830,99,56.35,0.011212
2024-04-09,NE,Inspiration | Winter,6689,97,59.71,0.014501
2024-04-10,NE,Inspiration | Winter,8392,68,60.89,0.008103
2024-04-11,NE,Inspiration | Winter,8669,71,49.59,0.00819
2024-04-12,NE,Inspiration | Winter,8689,91,47.11,0.010473
2024-04-13,NE,Inspiration | Winter,8479,97,56.4,0.01144
2024-04-14,NE,Inspiration | Winter,9294,84,47.81,0.009038
2024-04-08,NE,Inspiration | Summer,5490,62,34.44,0.011293
2024-04-09,NE,Inspiration | Summer,5859,76,29.26,0.012971
2024-04-10,NE,Inspiration | Summer,4937,76,26.85,0.015394
2024-04-11,NE,Inspiration | Summer,5540,57,27.84,0.010289
2024-04-12,NE,Inspiration | Summer,4610,55,25.54,0.011931
2024-04-13,NE,Inspiration | Summer,6194,72,33.82,0.011624
2024-04-14,NE,Inspiration | Summer,4201,75,35.86,0.017853
2024-04-15,CO,Inspiration | Winter,13453,127,81.93,0.00944
2024-04-16,CO,Inspiration | Winter,11192,154,68.79,0.01376
2024-04-17,CO,Inspiration | Winter,11442,145,62.86,0.012673
2024-04-18,CO,Inspiration | Winter,14910,154,84.9,0.010329
2024-04-19,CO,Inspiration | Winter,13599,135,88.43,0.009927
2024-04-20,CO,Inspiration | Winter,10514,149,79.58,0.014172
2024-04-21,CO,Inspiration | Winter,11961,139,90.75,0.011621
2024-04-15,CO,Inspiration | Summer,9072,99,33.22,0.010913
2024-04-16,CO,Inspiration | Summer,9035,94,50.98,0.010404
2024-04-17,CO,Inspiration | Summer,6007,86,43.79,0.014317
2024-04-18,CO,Inspiration | Summer,8835,102,49.38,0.011545
2024-04-19,CO,Inspiration | Summer,8023,87,47.5,0.010844
2024-04-20,CO,Inspiration | Summer,6906,111,40.36,0.016073
2024-04-21,CO,Inspiration | Summer,6068,112,47.66,0.018457
2024-04-15,UT,Inspiration | Winter,8728,129,54.1,0.01478
2024-04-16,UT,Inspiration | Winter,9079,126,57.17,0.013878
2024-04-17,UT,Inspiration | Winter,12091,105,57.49,0.008684
2024-04-18,UT,Inspiration | Winter,12402,116,73.95,0.009353
2024-04-19,UT,Inspiration | Winter,11861,119,78.84,0.010033
2024-04-20,UT,Inspiration | Winter,8673,111,75.14,0.012798
2024-04-21,UT,Inspiration | Winter,8761,114,61.51,0.013012
2024-04-15,UT,Inspiration | Summer,7800,107,38.36,0.013718
2024-04-16,UT,Inspiration | Summer,8727,109,33.92,0.01249
2024-04-17,UT,Inspiration | Summer,7162,76,49.45,0.010612
2024-04-18,UT,Inspiration | Summer,5738,95,46.09,0.016556
2024-04-19,UT,Inspiration | Summer,7145,87,50.86,0.012176
2024-04-20,UT,Inspiration | Summer,6034,97,35.33,0.016076
2024-04-21,UT,Inspiration | Summer,8700,94,43.56,0.010805
2024-04-15,CA,Inspiration | Winter,9197,107,49.0,0.011634
2024-04-16,CA,Inspiration | Winter,10012,94,63.98,0.009389
2024-04-17,CA,Inspiration | Winter,10468,118,64.27,0.011272
2024-04-18,CA,Inspiration | Winter,8757,110,66.13,0.012561
2024-04-19,CA,Inspiration | Winter,9035,106,44.27,0.011732
2024-04-20,CA,Inspiration | Winter,7453,100,65.82,0.013417
2024-04-21,CA,Inspiration | Winter,8275,90,51.0,0.010876
2024-04-15,CA,Inspiration | Summer,7938,126,46.63,0.015873
2024-04-16,CA,Inspiration | Summer,7142,110,44.56,0.015402
2024-04-17,CA,Inspiration | Summer,8968,83,48.41,0.009255
2024-04-18,CA,Inspiration | Summer,8092,83,45.65,0.010257
2024-04-19,CA,Inspiration | Summer,6236,84,36.47,0.01347
2024-04-20,CA,Inspiration | Summer,8158,100,40.93,0.012258
2024-04-21,CA,Inspiration | Summer,6833,95,46.87,0.013903
2024-04-15,PN,Inspiration | Winter,9565,97,55.13,0.010141
2024-04-16,PN,Inspiration | Winter,9089,106,62.83,0.011662
2024-04-17,PN,Inspiration | Winter,7069,90,53.98,0.012732
2024-04-18,PN,Inspiration | Winter,9777,115,57.78,0.011762
2024-04-19,PN,Inspiration | Winter,7637,106,48.72,0.01388
2024-04-20,PN,Inspiration | Winter,10019,90,57.14,0.008983
2024-04-21,PN,Inspiration | Winter,7432,106,52.18,0.014263
2024-04-15,PN,Inspiration | Summer,6820,73,32.08,0.010704
2024-04-16,PN,Inspiration | Summer,5914,67,35.7,0.011329
2024-04-17,PN,Inspiration | Summer,6809,80,35.77,0.011749
2024-04-18,PN,Inspiration | Summer,5265,88,32.4,0.016714
2024-04-19,PN,Inspiration | Summer,4728,80,38.73,0.01692
2024-04-20,PN,Inspiration | Summer,6478,71,35.69,0.01096
2024-04-21,PN,Inspiration | Summer,6134,79,34.09,0.012879
2024-04-15,NE,Inspiration | Winter,8301,73,44.29,0.008794
2024-04-16,NE,Inspiration | Winter,7541,82,50.14,0.010874
2024-04-17,NE,Inspiration | Winter,7439,97,57.32,0.013039
2024-04-18,NE,Inspiration | Winter,6395,79,51.75,0.012353
2024-04-19,NE,Inspiration | Winter,6625,74,45.59,0.01117
2024-04-20,NE,Inspiration | Winter,8923,95,53.0,0.010647
2024-04-21,NE,Inspiration | Winter,8211,64,39.91,0.007794
2024-04-15,NE,Inspiration | Summer,7265,89,36.76,0.012251
2024-04-16,NE,Inspiration | Summer,5546,70,34.5,0.012622
2024-04-17,NE,Inspiration | Summer,6916,76,38.78,0.010989
2024-04-18,NE,Inspiration | Summer,6786,95,33.88,0.013999
2024-04-19,NE,Inspiration | Summer,6342,73,36.29,0.011511
2024-04-20,NE,Inspiration | Summer,6286,80,42.72,0.012727
2024-04-21,NE,Inspiration | Summer,7102,87,45.27,0.01225
2024-04-22,CO,Inspiration | Winter,9243,99,67.01,0.010711
2024-04-23,CO,Inspiration | Winter,9273,135,68.56,0.014558
2024-04-24,CO,Inspiration | Winter,12365,105,73.85,0.008492
2024-04-25,CO,Inspiration | Winter,9412,124,79.15,0.013175
2024-04-26,CO,Inspiration | Winter,12889,129,61.98,0.010009
2024-04-27,CO,Inspiration | Winter,12324,110,85.79,0.008926
2024-04-28,CO,Inspiration | Winter,12888,117,65.38,0.009078
2024-04-22,CO,Inspiration | Summer,9514,96,62.39,0.01009
2024-04-23,CO,Inspiration | Summer,9679,100,53.82,0.010332
2024-04-24,CO,Inspiration | Summer,9368,125,65.84,0.013343
2024-04-25,CO,Inspiration | Summer,8362,100,47.85,0.011959
2024-04-26,CO,Inspiration | Summer,8521,115,46.93,0.013496
2024-04-27,CO,Inspiration | Summer,9591,134,49.31,0.013971
2024-04-28,CO,Inspiration | Summer,8959,126,45.03,0.014064
2024-04-22,UT,Inspiration | Winter,10759,73,56.21,0.006785
2024-04-23,UT,Inspiration | Winter,8343,105,53.26,0.012585
2024-04-24,UT,Inspiration | Winter,10759,102,57.83,0.00948
2024-04-25,UT,Inspiration | Winter,8881,99,66.91,0.011147
2024-04-26,UT,Inspiration | Winter,10262,101,52.54,0.009842
2024-04-27,UT,Inspiration | Winter,9660,110,78.46,0.011387
2024-04-28,UT,Inspiration | Winter,9055,103,68.18,0.011375
2024-04-22,UT,Inspiration | Summer,8432,105,38.31,0.012453
2024-04-23,UT,Inspiration | Summer,6851,94,50.36,0.013721
2024-04-24,UT,Inspiration | Summer,9237,87,44.71,0.009419
2024-04-25,UT,Inspiration | Summer,8670,114,46.45,0.013149
2024-04-26,UT,Inspiration | Summer,7593,127,43.08,0.016726
2024-04-27,UT,Inspiration | Summer,7452,84,41.58,0.011272
2024-04-28,UT,Inspiration | Summer,6325,94,51.95,0.014862
2024-04-22,CA,Inspiration | Winter,8734,97,68.88,0.011106
2024-04-23,CA,Inspiration | Winter,9799,98,56.67,0.010001
2024-04-24,CA,Inspiration | Winter,10219,95,65.88,0.009296
2024-04-25,CA,Inspiration | Winter,9904,119,66.77,0.012015
2024-04-26,CA,Inspiration | Winter,11045,120,67.65,0.010865
2024-04-27,CA,Inspiration | Winter,8905,121,65.63,0.013588
2024-04-28,CA,Inspiration | Winter,9755,103,46.03,0.010559
2024-04-22,CA,Inspiration | Summer,6193,108,38.39,0.017439
2024-04-23,CA,Inspiration | Summer,8001,88,49.09,0.010999
2024-04-24,CA,Inspiration | Summer,7891,86,34.68,0.010898
2024-04-25,CA,Inspiration | Summer,6902,114,34.04,0.016517
2024-04-26,CA,Inspiration | Summer,7359,84,41.72,0.011415
2024-04-27,CA,Inspiration | Summer,6660,104,44.39,0.015616
2024-04-28,CA,Inspiration | Summer,6362,82,44.04,0.012889
2024-04-22,PN,Inspiration | Winter,9420,107,69.07,0.011359
2024-04-23,PN,Inspiration | Winter,10147,109,67.35,0.010742
2024-04-24,PN,Inspiration | Winter,10388,80,57.41,0.007701
2024-04-25,PN,Inspiration | Winter,7290,90,59.6,0.012346
2024-04-26,PN,Inspiration | Winter,6813,90,47.21,0.01321
2024-04-27,PN,Inspiration | Winter,10082,90,47.27,0.008927
2024-04-28,PN,Inspiration | Winter,7729,111,48.05,0.014361
2024-04-22,PN,Inspiration | Summer,6509,83,40.24,0.012752
2024-04-23,PN,Inspiration | Summer,6090,75,40.73,0.012315
2024-04-24,PN,Inspiration | Summer,7138,78,31.01,0.010927
2024-04-25,PN,Inspiration | Summer,6617,96,34.16,0.014508
2024-04-26,PN,Inspiration | Summer,6414,73,33.07,0.011381
2024-04-27,PN,Inspiration | Summer,6211,104,44.97,0.016744
2024-04-28,PN,Inspiration | Summer,5496,93,33.78,0.016921
2024-04-22,NE,Inspiration | Winter,7911,77,43.05,0.009733
2024-04-23,NE,Inspiration | Winter,6866,77,42.75,0.011215
2024-04-24,NE,Inspiration | Winter,8895,81,56.72,0.009106
2024-04-25,NE,Inspiration | Winter,5824,78,60.34,0.013393
2024-04-26,NE,Inspiration | Winter,7933,75,46.29,0.009454
2024-04-27,NE,Inspiration | Winter,8383,88,43.95,0.010497
2024-04-28,NE,Inspiration | Winter,7124,74,45.7,0.010387
2024-04-22,NE,Inspiration | Summer,8015,104,35.33,0.012976
2024-04-23,NE,Inspiration | Summer,6203,101,35.62,0.016282
2024-04-24,NE,Inspiration | Summer,7137,82,40.49,0.011489
2024-04-25,NE,Inspiration | Summer,6699,83,49.55,0.01239
2024-04-26,NE,Inspiration | Summer,7271,93,36.94,0.012791
2024-04-27,NE,Inspiration | Summer,7042,103,42.35,0.014627
2024-04-28,NE,Inspiration | Summer,7343,111,48.04,0.015116
2024-04-29,CO,Inspiration | Winter,11227,106,63.19,0.009442
2024-04-30,CO,Inspiration | Winter,9461,115,55.92,0.012155
2024-05-01,CO,Inspiration | Winter,10433,96,66.13,0.009202
2024-05-02,CO,Inspiration | Winter,8494,105,58.45,0.012362
2024-05-03,CO,Inspiration | Winter,9546,107,66.94,0.011209
2024-05-04,CO,Inspiration | Winter,8354,131,57.83,0.015681
2024-05-05,CO,Inspiration | Winter,9740,121,61.96,0.012423
2024-04-29,CO,Inspiration | Summer,10818,100,57.1,0.009244
2024-04-30,CO,Inspiration | Summer,8321,149,49.7,0.017907
2024-05-01,CO,Inspiration | Summer,10716,115,64.83,0.010732
2024-05-02,CO,Inspiration | Summer,7817,110,47.59,0.014072
2024-05-03,CO,Inspiration | Summer,9970,110,68.1,0.011033
2024-05-04,CO,Inspiration | Summer,9141,150,47.99,0.01641
2024-05-05,CO,Inspiration | Summer,10781,127,56.54,0.01178
2024-04-29,UT,Inspiration | Winter,11730,100,56.86,0.008525
2024-04-30,UT,Inspiration | Winter,9128,103,60.33,0.011284
2024-05-01,UT,Inspiration | Winter,10475,108,64.22,0.01031
2024-05-02,UT,Inspiration | Winter,10996,81,65.07,0.007366
2024-05-03,UT,Inspiration | Winter,8751,112,62.53,0.012799
2024-05-04,UT,Inspiration | Winter,7941,102,70.25,0.012845
2024-05-05,UT,Inspiration | Winter,8505,121,52.89,0.014227
2024-04-29,UT,Inspiration | Summer,8728,106,41.25,0.012145
2024-04-30,UT,Inspiration | Summer,9161,117,47.6,0.012772
2024-05-01,UT,Inspiration | Summer,7022,115,45.89,0.016377
2024-05-02,UT,Inspiration | Summer,7431,109,48.33,0.014668
2024-05-03,UT,Inspiration | Summer,8237,118,49.29,0.014326
2024-05-04,UT,Inspiration | Summer,8136,104,52.13,0.012783
2024-05-05,UT,Inspiration | Summer,8936,102,49.89,0.011415
2024-04-29,CA,Inspiration | Winter,13449,119,77.44,0.008848
2024-04-30,CA,Inspiration | Winter,10330,121,55.14,0.011713
2024-05-01,CA,Inspiration | Winter,9701,96,80.75,0.009896
2024-05-02,CA,Inspiration | Winter,11672,127,62.0,0.010881
2024-05-03,CA,Inspiration | Winter,9137,121,78.24,0.013243
2024-05-04,CA,Inspiration | Winter,8953,97,66.05,0.010834
2024-05-05,CA,Inspiration | Winter,12966,128,68.12,0.009872
2024-04-29,CA,Inspiration | Summer,8528,121,56.29,0.014189
2024-04-30,CA,Inspiration | Summer,10054,115,48.32,0.011438
2024-05-01,CA,Inspiration | Summer,7533,123,52.6,0.016328
2024-05-02,CA,Inspiration | Summer,8488,123,41.64,0.014491
2024-05-03,CA,Inspiration | Summer,9909,102,60.03,0.010294
2024-05-04,CA,Inspiration | Summer,9612,117,49.0,0.012172
2024-05-05,CA,Inspiration | Summer,8349,119,54.46,0.014253
2024-04-29,PN,Inspiration | Winter,9070,93,56.87,0.010254
2024-04-30,PN,Inspiration | Winter,8818,88,57.16,0.00998
2024-05-01,PN,Inspiration | Winter,7735,114,57.31,0.014738
2024-05-02,PN,Inspiration | Winter,6884,91,48.84,0.013219
2024-05-03,PN,Inspiration | Winter,10078,81,46.4,0.008037
2024-05-04,PN,Inspiration | Winter,10243,121,46.76,0.011813
2024-05-05,PN,Inspiration | Winter,6790,86,68.2,0.012666
2024-04-29,PN,Inspiration | Summer,6313,88,38.53,0.013939
2024-04-30,PN,Inspiration | Summer,6308,116,32.51,0.018389
2024-05-01,PN,Inspiration | Summer,6430,82,43.53,0.012753
2024-05-02,PN,Inspiration | Summer,8787,80,44.25,0.009104
2024-05-03,PN,Inspiration | Summer,7473,85,41.8,0.011374
2024-05-04,PN,Inspiration | Summer,6016,113,31.66,0.018783
2024-05-05,PN,Inspiration | Summer,6322,91,44.08,0.014394
2024-04-29,NE,Inspiration | Winter,7377,108,60.32,0.01464
2024-04-30,NE,Inspiration | Winter,9981,100,48.19,0.010019
2024-05-01,NE,Inspiration | Winter,8249,86,65.04,0.010426
2024-05-02,NE,Inspiration | Winter,6860,98,60.81,0.014286
2024-05-03,NE,Inspiration | Winter,10598,79,50.08,0.007454
2024-05-04,NE,Inspiration | Winter,8926,90,42.75,0.010083
2024-05-05,NE,Inspiration | Winter,9226,95,64.6,0.010297
2024-04-29,NE,Inspiration | Summer,6912,87,36.38,0.012587
2024-04-30,NE,Inspiration | Summer,6617,83,42.15,0.012543
2024-05-01,NE,Inspiration | Summer,5730,68,34.92,0.011867
2024-05-02,NE,Inspiration | Summer,6710,91,36.11,0.013562
2024-05-03,NE,Inspiration | Summer,6643,76,34.77,0.011441
2024-05-04,NE,Inspiration | Summer,5577,81,38.89,0.014524
2024-05-05,NE,Inspiration | Summer,7227,86,40.18,0.0119
2024-05-06,CO,Inspiration | Winter,13176,159,89.9,0.012067
2024-05-07,CO,Inspiration | Winter,14209,109,71.55,0.007671
2024-05-08,CO,Inspiration | Winter,11652,144,83.32,0.012358
2024-05-09,CO,Inspiration | Winter,9287,118,79.95,0.012706
2024-05-10,CO,Inspiration | Winter,13865,153,85.23,0.011035
2024-05-11,CO,Inspiration | Winter,13576,111,69.53,0.008176
2024-05-12,CO,Inspiration | Winter,11877,112,81.45,0.00943
2024-05-06,CO,Inspiration | Summer,7663,82,51.85,0.010701
2024-05-07,CO,Inspiration | Summer,7725,108,52.72,0.013981
2024-05-08,CO,Inspiration | Summer,7610,120,54.96,0.015769
2024-05-09,CO,Inspiration | Summer,7413,103,36.53,0.013895
2024-05-10,CO,Inspiration | Summer,7898,113,47.34,0.014307
2024-05-11,CO,Inspiration | Summer,10678,111,47.94,0.010395
2024-05-12,CO,Inspiration | Summer,10546,123,53.96,0.011663
2024-05-06,UT,Inspiration | Winter,6472,95,56.35,0.014679
2024-05-07,UT,Inspiration | Winter,8719,100,37.62,0.011469
2024-05-08,UT,Inspiration | Winter,7424,84,44.01,0.011315
2024-05-09,UT,Inspiration | Winter,8068,84,55.15,0.010412
2024-05-10,UT,Inspiration | Winter,7029,73,50.3,0.010386
2024-05-11,UT,Inspiration | Winter,6884,75,55.24,0.010895
2024-05-12,UT,Inspiration | Winter,8872,75,43.51,0.008454
2024-05-06,UT,Inspiration | Summer,6389,101,40.24,0.015808
2024-05-07,UT,Inspiration | Summer,6295,76,42.58,0.012073
2024-05-08,UT,Inspiration | Summer,7339,114,48.49,0.015533
2024-05-09,UT,Inspiration | Summer,9034,114,38.63,0.012619
2024-05-10,UT,Inspiration | Summer,9237,119,56.69,0.012883
2024-05-11,UT,Inspiration | Summer,7667,111,48.03,0.014478
2024-05-12,UT,Inspiration | Summer,8461,115,40.99,0.013592
2024-05-06,CA,Inspiration | Winter,11538,141,71.22,0.01222
2024-05-07,CA,Inspiration | Winter,10886,140,72.31,0.012861
2024-05-08,CA,Inspiration | Winter,12557,112,68.96,0.008919
2024-05-09,CA,Inspiration | Winter,9384,103,80.07,0.010976
2024-05-10,CA,Inspiration | Winter,10067,108,65.91,0.010728
2024-05-11,CA,Inspiration | Winter,13100,143,74.74,0.010916
2024-05-12,CA,Inspiration | Winter,10660,141,67.22,0.013227
2024-05-06,CA,Inspiration | Summer,7095,88,38.68,0.012403
2024-05-07,CA,Inspiration | Summer,6714,102,39.74,0.015192
2024-05-08,CA,Inspiration | Summer,7459,105,34.29,0.014077
2024-05-09,CA,Inspiration | Summer,8052,81,45.69,0.01006
2024-05-10,CA,Inspiration | Summer,6369,104,35.89,0.016329
2024-05-11,CA,Inspiration | Summer,7597,102,48.81,0.013426
2024-05-12,CA,Inspiration | Summer,6014,103,42.85,0.017127
2024-05-06,PN,Inspiration | Winter,6270,68,49.37,0.010845
2024-05-07,PN,Inspiration | Winter,6305,82,44.19,0.013006
2024-05-08,PN,Inspiration | Winter,8368,74,51.83,0.008843
2024-05-09,PN,Inspiration | Winter,6907,77,38.68,0.011148
2024-05-10,PN,Inspiration | Winter,6648,75,39.01,0.011282
2024-05-11,PN,Inspiration | Winter,7282,71,54.62,0.00975
2024-05-12,PN,Inspiration | Winter,8342,79,43.08,0.00947
2024-05-06,PN,Inspiration | Summer,5969,96,43.4,0.016083
2024-05-07,PN,Inspiration | Summer,6857,94,47.45,0.013709
2024-05-08,PN,Inspiration | Summer,6410,96,37.0,0.014977
2024-05-09,PN,Inspiration | Summer,8086,85,37.64,0.010512
2024-05-10,PN,Inspiration | Summer,6111,66,34.5,0.0108
2024-05-11,PN,Inspiration | Summer,7854,96,35.6,0.012223
2024-05-12,PN,Inspiration | Summer,7602,96,47.96,0.012628
2024-05-06,NE,Inspiration | Winter,7864,94,44.06,0.011953
2024-05-07,NE,Inspiration | Winter,7140,69,47.2,0.009664
2024-05-08,NE,Inspiration | Winter,5802,78,38.3,0.013444
2024-05-09,NE,Inspiration | Winter,7142,97,43.9,0.013582
2024-05-10,NE,Inspiration | Winter,7014,67,39.66,0.009552
2024-05-11,NE,Inspiration | Winter,7505,79,50.93,0.010526
2024-05-12,NE,Inspiration | Winter,6007,78,46.2,0.012985
2024-05-06,NE,Inspiration | Summer,6521,59,28.39,0.009048
2024-05-07,NE,Inspiration | Summer,5683,80,40.81,0.014077
2024-05-08,NE,Inspiration | Summer,5899,62,35.16,0.01051
2024-05-09,NE,Inspiration | Summer,5031,76,27.11,0.015106
2024-05-10,NE,Inspiration | Summer,6688,67,36.53,0.010018
2024-05-11,NE,Inspiration | Summer,6351,76,40.83,0.011967
2024-05-12,NE,Inspiration | Summer,4704,84,28.26,0.017857
2024-05-13,CO,Inspiration | Winter,13921,124,89.12,0.008907
2024-05-14,CO,Inspiration | Winter,13150,176,77.8,0.013384
2024-05-15,CO,Inspiration | Winter,10862,152,65.07,0.013994
2024-05-16,CO,Inspiration | Winter,9665,131,58.24,0.013554
2024-05-17,CO,Inspiration | Winter,12932,132,86.39,0.010207
2024-05-18,CO,Inspiration | Winter,11395,145,76.36,0.012725
2024-05-19,CO,Inspiration | Winter,12784,129,89.16,0.010091
2024-05-13,CO,Inspiration | Summer,8506,103,41.9,0.012109
2024-05-14,CO,Inspiration | Summer,6549,119,41.53,0.018171
2024-05-15,CO,Inspiration | Summer,8650,119,47.14,0.013757
2024-05-16,CO,Inspiration | Summer,8328,102,54.39,0.012248
2024-05-17,CO,Inspiration | Summer,9795,108,58.88,0.011026
2024-05-18,CO,Inspiration | Summer,8852,123,51.92,0.013895
2024-05-19,CO,Inspiration | Summer,9831,107,55.21,0.010884
2024-05-13,UT,Inspiration | Winter,7503,77,44.9,0.010263
2024-05-14,UT,Inspiration | Winter,8645,98,43.85,0.011336
2024-05-15,UT,Inspiration | Winter,9247,72,45.16,0.007786
2024-05-16,UT,Inspiration | Winter,7681,74,53.93,0.009634
2024-05-17,UT,Inspiration | Winter,7619,105,48.53,0.013781
2024-05-18,UT,Inspiration | Winter,6508,80,44.91,0.012293
2024-05-19,UT,Inspiration | Winter,6529,88,62.61,0.013478
2024-05-13,UT,Inspiration | Summer,6424,93,41.35,0.014477
2024-05-14,UT,Inspiration | Summer,5769,82,36.64,0.014214
2024-05-15,UT,Inspiration | Summer,5847,74,42.21,0.012656
2024-05-16,UT,Inspiration | Summer,7071,77,34.26,0.01089
2024-05-17,UT,Inspiration | Summer,7765,104,37.66,0.013393
2024-05-18,UT,Inspiration | Summer,6874,83,34.05,0.012074
2024-05-19,UT,Inspiration | Summer,5762,87,37.8,0.015099
2024-05-13,CA,Inspiration | Winter,9003,128,67.67,0.014217
2024-05-14,CA,Inspiration | Winter,11194,117,59.28,0.010452
2024-05-15,CA,Inspiration | Winter,11118,91,60.97,0.008185
2024-05-16,CA,Inspiration | Winter,7819,130,57.39,0.016626
2024-05-17,CA,Inspiration | Winter,8273,95,70.81,0.011483
2024-05-18,CA,Inspiration | Winter,11423,94,58.44,0.008229
2024-05-19,CA,Inspiration | Winter,10524,115,69.29,0.010927
2024-05-13,CA,Inspiration | Summer,7849,94,41.97,0.011976
2024-05-14,CA,Inspiration | Summer,8718,106,50.18,0.012159
2024-05-15,CA,Inspiration | Summer,10080,107,35.77,0.010615
2024-05-16,CA,Inspiration | Summer,7473,103,47.61,0.013783
2024-05-17,CA,Inspiration | Summer,8428,92,55.42,0.010916
2024-05-18,CA,Inspiration | Summer,7601,120,53.69,0.015787
2024-05-19,CA,Inspiration | Summer,7739,121,51.1,0.015635
2024-05-13,PN,Inspiration | Winter,9096,87,57.26,0.009565
2024-05-14,PN,Inspiration | Winter,10270,122,54.39,0.011879
2024-05-15,PN,Inspiration | Winter,10666,94,60.24,0.008813
2024-05-16,PN,Inspiration | Winter,7894,126,68.61,0.015961
2024-05-17,PN,Inspiration | Winter,10638,119,57.72,0.011186
2024-05-18,PN,Inspiration | Winter,8827,121,59.27,0.013708
2024-05-19,PN,Inspiration | Winter,7944,86,60.65,0.010826
2024-05-13,PN,Inspiration | Summer,8018,115,37.55,0.014343
2024-05-14,PN,Inspiration | Summer,7188,102,49.11,0.01419
2024-05-15,PN,Inspiration | Summer,6611,88,50.74,0.013311
2024-05-16,PN,Inspiration | Summer,7622,93,35.67,0.012202
2024-05-17,PN,Inspiration | Summer,6616,97,36.92,0.014661
2024-05-18,PN,Inspiration | Summer,7810,123,41.94,0.015749
2024-05-19,PN,Inspiration | Summer,8728,114,53.11,0.013061
2024-05-13,NE,Inspiration | Winter,9794,95,44.17,0.0097
2024-05-14,NE,Inspiration | Winter,9280,97,53.23,0.010453
2024-05-15,NE,Inspiration | Winter,7862,98,46.73,0.012465
2024-05-16,NE,Inspiration | Winter,8127,85,63.56,0.010459
2024-05-17,NE,Inspiration | Winter,10095,70,54.63,0.006934
2024-05-18,NE,Inspiration | Winter,7428,102,53.75,0.013732
2024-05-19,NE,Inspiration | Winter,6934,75,64.86,0.010816
2024-05-13,NE,Inspiration | Summer,6511,103,29.48,0.015819
2024-05-14,NE,Inspiration | Summer,6359,79,35.98,0.012423
2024-05-15,NE,Inspiration | Summer,6554,68,38.87,0.010375
2024-05-16,NE,Inspiration | Summer,6608,83,33.94,0.012561
2024-05-17,NE,Inspiration | Summer,6052,100,37.5,0.016523
2024-05-18,NE,Inspiration | Summer,6253,81,41.99,0.012954
2024-05-19,NE,Inspiration | Summer,6678,83,43.32,0.012429
2024-05-20,CO,Inspiration | Winter,8853,129,68.29,0.014571
2024-05-21,CO,Inspiration | Winter,12351,129,68.54,0.010444
2024-05-22,CO,Inspiration | Winter,8768,89,62.77,0.010151
2024-05-23,CO,Inspiration | Winter,8856,129,68.97,0.014566
2024-05-24,CO,Inspiration | Winter,11059,85,53.07,0.007686
2024-05-25,CO,Inspiration | Winter,9591,105,72.66,0.010948
2024-05-26,CO,Inspiration | Winter,9771,115,48.9,0.01177
2024-05-20,CO,Inspiration | Summer,8873,146,53.36,0.016454
2024-05-21,CO,Inspiration | Summer,10138,141,59.55,0.013908
2024-05-22,CO,Inspiration | Summer,8859,121,45.52,0.013658
2024-05-23,CO,Inspiration | Summer,10272,112,54.15,0.010903
2024-05-24,CO,Inspiration | Summer,7341,109,55.19,0.014848
2024-05-25,CO,Inspiration | Summer,9731,108,44.64,0.011099
2024-05-26,CO,Inspiration | Summer,8886,125,59.36,0.014067
2024-05-20,UT,Inspiration | Winter,10846,115,63.26,0.010603
2024-05-21,UT,Inspiration | Winter,10591,107,61.24,0.010103
2024-05-22,UT,Inspiration | Winter,9445,93,67.21,0.009846
2024-05-23,UT,Inspiration | Winter,11221,123,63.0,0.010962
2024-05-24,UT,Inspiration | Winter,8450,113,77.68,0.013373
2024-05-25,UT,Inspiration | Winter,11380,101,66.42,0.008875
2024-05-26,UT,Inspiration | Winter,11111,122,68.67,0.01098
2024-05-20,UT,Inspiration | Summer,6391,84,38.83,0.013143
2024-05-21,UT,Inspiration | Summer,6214,68,41.27,0.010943
2024-05-22,UT,Inspiration | Summer,7815,76,36.77,0.009725
2024-05-23,UT,Inspiration | Summer,7255,80,38.21,0.011027
2024-05-24,UT,Inspiration | Summer,5547,92,30.88,0.016586
2024-05-25,UT,Inspiration | Summer,6793,89,44.59,0.013102
2024-05-26,UT,Inspiration | Summer,6321,72,38.19,0.011391
2024-05-20,CA,Inspiration | Winter,10830,129,67.25,0.011911
2024-05-21,CA,Inspiration | Winter,12115,116,54.79,0.009575
2024-05-22,CA,Inspiration | Winter,9861,107,54.51,0.010851
2024-05-23,CA,Inspiration | Winter,11035,122,64.83,0.011056
2024-05-24,CA,Inspiration | Winter,8935,129,79.48,0.014438
2024-05-25,CA,Inspiration | Winter,10041,125,72.64,0.012449
2024-05-26,CA,Inspiration | Winter,11608,134,82.83,0.011544
2024-05-20,CA,Inspiration | Summer,8750,128,40.35,0.014629
2024-05-21,CA,Inspiration | Summer,8677,102,48.44,0.011755
2024-05-22,CA,Inspiration | Summer,8735,110,54.43,0.012593
2024-05-23,CA,Inspiration | Summer,6842,104,41.45,0.0152
2024-05-24,CA,Inspiration | Summer,7432,101,48.89,0.01359
2024-05-25,CA,Inspiration | Summer,7468,107,48.05,0.014328
2024-05-26,CA,Inspiration | Summer,8429,120,45.12,0.014237
2024-05-20,PN,Inspiration | Winter,8122,78,54.32,0.009604
2024-05-21,PN,Inspiration | Winter,7903,113,59.66,0.014298
2024-05-22,PN,Inspiration | Winter,10600,112,52.41,0.010566
2024-05-23,PN,Inspiration | Winter,7845,85,58.81,0.010835
2024-05-24,PN,Inspiration | Winter,10778,103,59.39,0.009557
2024-05-25,PN,Inspiration | Winter,8173,78,59.67,0.009544
2024-05-26,PN,Inspiration | Winter,7512,77,45.71,0.01025
2024-05-20,PN,Inspiration | Summer,8761,79,46.17,0.009017
2024-05-21,PN,Inspiration | Summer,6309,104,44.77,0.016484
2024-05-22,PN,Inspiration | Summer,7770,97,40.11,0.012484
2024-05-23,PN,Inspiration | Summer,6586,90,51.04,0.013665
2024-05-24,PN,Inspiration | Summer,5947,119,33.81,0.02001
2024-05-25,PN,Inspiration | Summer,6044,79,38.09,0.013071
2024-05-26,PN,Inspiration | Summer,8540,120,35.77,0.014052
2024-05-20,NE,Inspiration | Winter,9252,108,49.42,0.011673
2024-05-21,NE,Inspiration | Winter,7699,70,44.84,0.009092
2024-05-22,NE,Inspiration | Winter,8912,94,49.63,0.010548
2024-05-23,NE,Inspiration | Winter,8336,84,57.84,0.010077
2024-05-24,NE,Inspiration | Winter,6739,82,60.23,0.012168
2024-05-25,NE,Inspiration | Winter,8919,104,54.53,0.011661
2024-05-26,NE,Inspiration | Winter,9266,102,61.9,0.011008
2024-05-20,NE,Inspiration | Summer,5743,71,31.19,0.012363
2024-05-21,NE,Inspiration | Summer,5602,61,33.01,0.010889
2024-05-22,NE,Inspiration | Summer,5306,70,36.85,0.013193
2024-05-23,NE,Inspiration | Summer,5904,66,27.57,0.011179
2024-05-24,NE,Inspiration | Summer,4757,64,29.34,0.013454
2024-05-25,NE,Inspiration | Summer,5379,73,32.02,0.013571
2024-05-26,NE,Inspiration | Summer,6217,67,35.69,0.010777
2024-05-27,CO,Inspiration | Winter,9181,95,67.97,0.010347
2024-05-28,CO,Inspiration | Winter,10009,89,47.64,0.008892
2024-05-29,CO,Inspiration | Winter,10066,95,50.25,0.009438
2024-05-30,CO,Inspiration | Winter,7762,122,66.48,0.015718
2024-05-31,CO,Inspiration | Winter,8776,93,66.77,0.010597
2024-06-01,CO,Inspiration | Winter,9448,123,56.0,0.013019
2024-06-02,CO,Inspiration | Winter,10449,89,65.32,0.008518
2024-05-27,CO,Inspiration | Summer,10327,104,57.51,0.010071
2024-05-28,CO,Inspiration | Summer,9072,110,49.62,0.012125
2024-05-29,CO,Inspiration | Summer,7240,127,46.68,0.017541
2024-05-30,CO,Inspiration | Summer,9716,119,52.15,0.012248
2024-05-31,CO,Inspiration | Summer,8950,112,44.45,0.012514
2024-06-01,CO,Inspiration | Summer,7995,133,43.06,0.016635
2024-06-02,CO,Inspiration | Summer,6828,97,55.27,0.014206
2024-05-27,UT,Inspiration | Winter,9781,113,44.79,0.011553
2024-05-28,UT,Inspiration | Winter,9796,97,67.52,0.009902
2024-05-29,UT,Inspiration | Winter,7655,94,57.33,0.01228
2024-05-30,UT,Inspiration | Winter,10030,93,62.54,0.009272
2024-05-31,UT,Inspiration | Winter,7958,123,67.46,0.015456
2024-06-01,UT,Inspiration | Winter,8893,103,56.34,0.011582
2024-06-02,UT,Inspiration | Winter,9654,103,52.13,0.010669
2024-05-27,UT,Inspiration | Summer,8081,110,47.21,0.013612
2024-05-28,UT,Inspiration | Summer,7546,112,41.55,0.014842
2024-05-29,UT,Inspiration | Summer,9282,120,48.7,0.012928
2024-05-30,UT,Inspiration | Summer,8151,87,58.3,0.010674
2024-05-31,UT,Inspiration | Summer,8943,108,54.81,0.012076
2024-06-01,UT,Inspiration | Summer,7678,98,45.04,0.012764
2024-06-02,UT,Inspiration | Summer,9363,113,46.83,0.012069
2024-05-27,CA,Inspiration | Winter,10606,124,62.73,0.011691
2024-05-28,CA,Inspiration | Winter,9182,113,76.69,0.012307
2024-05-29,CA,Inspiration | Winter,10215,99,62.12,0.009692
2024-05-30,CA,Inspiration | Winter,11525,97,51.21,0.008416
2024-05-31,CA,Inspiration | Winter,10727,118,52.55,0.011
2024-06-01,CA,Inspiration | Winter,8001,119,68.25,0.014873
2024-06-02,CA,Inspiration | Winter,9383,87,72.13,0.009272
2024-05-27,CA,Inspiration | Summer,6788,92,39.11,0.013553
2024-05-28,CA,Inspiration | Summer,6655,97,47.39,0.014576
2024-05-29,CA,Inspiration | Summer,5268,101,36.34,0.019172
2024-05-30,CA,Inspiration | Summer,7304,76,34.1,0.010405
2024-05-31,CA,Inspiration | Summer,5084,86,32.17,0.016916
2024-06-01,CA,Inspiration | Summer,7258,86,35.24,0.011849
2024-06-02,CA,Inspiration | Summer,7453,77,41.35,0.010331
2024-05-27,PN,Inspiration | Winter,9105,112,74.49,0.012301
2024-05-28,PN,Inspiration | Winter,8350,107,64.27,0.012814
2024-05-29,PN,Inspiration | Winter,9349,105,52.48,0.011231
2024-05-30,PN,Inspiration | Winter,8923,110,59.68,0.012328
2024-05-31,PN,Inspiration | Winter,11342,109,53.41,0.00961
2024-06-01,PN,Inspiration | Winter,11074,90,73.53,0.008127
2024-06-02,PN,Inspiration | Winter,11281,92,66.45,0.008155
2024-05-27,PN,Inspiration | Summer,7903,94,46.29,0.011894
2024-05-28,PN,Inspiration | Summer,6479,105,36.06,0.016206
2024-05-29,PN,Inspiration | Summer,5681,94,41.85,0.016546
2024-05-30,PN,Inspiration | Summer,7720,68,39.63,0.008808
2024-05-31,PN,Inspiration | Summer,6792,105,37.75,0.015459
2024-06-01,PN,Inspiration | Summer,8006,105,50.94,0.013115
2024-06-02,PN,Inspiration | Summer,7408,80,37.41,0.010799
2024-05-27,NE,Inspiration | Winter,9264,75,52.34,0.008096
2024-05-28,NE,Inspiration | Winter,10182,95,45.14,0.00933
2024-05-29,NE,Inspiration | Winter,7598,95,60.56,0.012503
2024-05-30,NE,Inspiration | Winter,6915,102,51.9,0.014751
2024-05-31,NE,Inspiration | Winter,9132,97,61.28,0.010622
2024-06-01,NE,Inspiration | Winter,6990,77,51.48,0.011016
2024-06-02,NE,Inspiration | Winter,9865,93,60.97,0.009427
2024-05-27,NE,Inspiration | Summer,4874,82,40.01,0.016824
2024-05-28,NE,Inspiration | Summer,6501,87,28.69,0.013383
2024-05-29,NE,Inspiration | Summer,5698,73,38.31,0.012812
2024-05-30,NE,Inspiration | Summer,7370,88,39.73,0.01194
2024-05-31,NE,Inspiration | Summer,5744,60,39.27,0.010446
2024-06-01,NE,Inspiration | Summer,6081,81,34.27,0.01332
2024-06-02,NE,Inspiration | Summer,6310,65,26.67,0.010301
2024-06-03,CO,Inspiration | Winter,10238,124,83.09,0.012112
2024-06-04,CO,Inspiration | Winter,12305,106,77.92,0.008614
2024-06-05,CO,Inspiration | Winter,10753,117,59.97,0.010881
2024-06-06,CO,Inspiration | Winter,9572,156,68.28,0.016298
2024-06-07,CO,Inspiration | Winter,14160,157,83.81,0.011088
2024-06-08,CO,Inspiration | Winter,10002,106,65.01,0.010598
2024-06-09,CO,Inspiration | Winter,12738,152,72.43,0.011933
2024-06-03,CO,Inspiration | Summer,6760,94,47.52,0.013905
2024-06-04,CO,Inspiration | Summer,6114,100,36.02,0.016356
2024-06-05,CO,Inspiration | Summer,6288,105,35.67,0.016698
2024-06-06,CO,Inspiration | Summer,8305,110,34.66,0.013245
2024-06-07,CO,Inspiration | Summer,7985,102,47.0,0.012774
2024-06-08,CO,Inspiration | Summer,8775,81,45.41,0.009231
2024-06-09,CO,Inspiration | Summer,6601,77,48.51,0.011665
2024-06-03,UT,Inspiration | Winter,7554,97,68.79,0.012841
2024-06-04,UT,Inspiration | Winter,11132,95,65.2,0.008534
2024-06-05,UT,Inspiration | Winter,9494,129,60.34,0.013588
2024-06-06,UT,Inspiration | Winter,9939,107,57.78,0.010766
2024-06-07,UT,Inspiration | Winter,10383,131,67.02,0.012617
2024-06-08,UT,Inspiration | Winter,9710,121,62.6,0.012461
2024-06-09,UT,Inspiration | Winter,10181,94,55.99,0.009233
2024-06-03,UT,Inspiration | Summer,8311,119,36.08,0.014318
2024-06-04,UT,Inspiration | Summer,8456,85,50.48,0.010052
2024-06-05,UT,Inspiration | Summer,9171,111,54.57,0.012103
2024-06-06,UT,Inspiration | Summer,7332,96,43.62,0.013093
2024-06-07,UT,Inspiration | Summer,8299,83,42.77,0.010001
2024-06-08,UT,Inspiration | Summer,7609,99,50.83,0.013011
2024-06-09,UT,Inspiration | Summer,7822,121,52.23,0.015469
2024-06-03,CA,Inspiration | Winter,8724,99,51.77,0.011348
2024-06-04,CA,Inspiration | Winter,10177,125,64.92,0.012283
2024-06-05,CA,Inspiration | Winter,7519,106,62.93,0.014098
2024-06-06,CA,Inspiration | Winter,11482,128,63.24,0.011148
2024-06-07,CA,Inspiration | Winter,9142,86,54.69,0.009407
2024-06-08,CA,Inspiration | Winter,9132,99,61.64,0.010841
2024-06-09,CA,Inspiration | Winter,10055,130,64.68,0.012929
2024-06-03,CA,Inspiration | Summer,8748,92,45.58,0.010517
2024-06-04,CA,Inspiration | Summer,9806,133,52.58,0.013563
2024-06-05,CA,Inspiration | Summer,9738,133,52.42,0.013658
2024-06-06,CA,Inspiration | Summer,6938,101,40.39,0.014558
2024-06-07,CA,Inspiration | Summer,6722,107,37.34,0.015918
2024-06-08,CA,Inspiration | Summer,7356,108,52.03,0.014682
2024-06-09,CA,Inspiration | Summer,6996,94,46.21,0.013436
2024-06-03,PN,Inspiration | Winter,6873,72,48.23,0.010476
2024-06-04,PN,Inspiration | Winter,8712,90,46.94,0.010331
2024-06-05,PN,Inspiration | Winter,7820,102,56.7,0.013043
2024-06-06,PN,Inspiration | Winter,8989,96,47.21,0.01068
2024-06-07,PN,Inspiration | Winter,7150,92,44.01,0.012867
2024-06-08,PN,Inspiration | Winter,7212,96,51.34,0.013311
2024-06-09,PN,Inspiration | Winter,7562,79,53.2,0.010447
2024-06-03,PN,Inspiration | Summer,5538,69,47.48,0.012459
2024-06-04,PN,Inspiration | Summer,6660,71,31.85,0.010661
2024-06-05,PN,Inspiration | Summer,7048,94,42.11,0.013337
2024-06-06,PN,Inspiration | Summer,5324,85,32.1,0.015965
2024-06-07,PN,Inspiration | Summer,5764,88,33.49,0.015267
2024-06-08,PN,Inspiration | Summer,7839,85,40.96,0.010843
2024-06-09,PN,Inspiration | Summer,7545,70,37.17,0.009278
2024-06-03,NE,Inspiration | Winter,9065,114,51.56,0.012576
2024-06-04,NE,Inspiration | Winter,7683,79,62.94,0.010282
2024-06-05,NE,Inspiration | Winter,10053,101,51.92,0.010047
2024-06-06,NE,Inspiration | Winter,7314,99,59.11,0.013536
2024-06-07,NE,Inspiration | Winter,8889,81,47.91,0.009112
2024-06-08,NE,Inspiration | Winter,9041,93,55.9,0.010286
2024-06-09,NE,Inspiration | Winter,7715,88,53.12,0.011406
2024-06-03,NE,Inspiration | Summer,4204,61,33.26,0.01451
2024-06-04,NE,Inspiration | Summer,5568,62,25.15,0.011135
2024-06-05,NE,Inspiration | Summer,4764,73,29.56,0.015323
2024-06-06,NE,Inspiration | Summer,5848,62,36.71,0.010602
2024-06-07,NE,Inspiration | Summer,5912,56,28.87,0.009472
2024-06-08,NE,Inspiration | Summer,5553,58,25.58,0.010445
2024-06-09,NE,Inspiration | Summer,4027,73,28.94,0.018128
2024-06-10,CO,Inspiration | Winter,9722,130,54.26,0.013372
2024-06-11,CO,Inspiration | Winter,10384,86,66.31,0.008282
2024-06-12,CO,Inspiration | Winter,9136,125,71.87,0.013682
2024-06-13,CO,Inspiration | Winter,11879,121,68.39,0.010186
2024-06-14,CO,Inspiration | Winter,8030,89,53.03,0.011083
2024-06-15,CO,Inspiration | Winter,12099,127,64.81,0.010497
2024-06-16,CO,Inspiration | Winter,9099,126,71.55,0.013848
2024-06-10,CO,Inspiration | Summer,8548,139,54.4,0.016261
2024-06-11,CO,Inspiration | Summer,9436,134,45.88,0.014201
2024-06-12,CO,Inspiration | Summer,7829,106,41.85,0.013539
2024-06-13,CO,Inspiration | Summer,8339,98,62.05,0.011752
2024-06-14,CO,Inspiration | Summer,10728,109,62.95,0.01016
2024-06-15,CO,Inspiration | Summer,7333,127,50.32,0.017319
2024-06-16,CO,Inspiration | Summer,11089,100,49.7,0.009018
2024-06-10,UT,Inspiration | Winter,7822,86,54.36,0.010995
2024-06-11,UT,Inspiration | Winter,9396,102,47.44,0.010856
2024-06-12,UT,Inspiration | Winter,6533,79,63.49,0.012092
2024-06-13,UT,Inspiration | Winter,7788,99,46.1,0.012712
2024-06-14,UT,Inspiration | Winter,7416,86,53.76,0.011597
2024-06-15,UT,Inspiration | Winter,10024,91,62.61,0.009078
2024-06-16,UT,Inspiration | Winter,9573,75,46.97,0.007835
2024-06-10,UT,Inspiration | Summer,7514,124,45.15,0.016503
2024-06-11,UT,Inspiration | Summer,6458,109,41.08,0.016878
2024-06-12,UT,Inspiration | Summer,8810,91,55.99,0.010329
2024-06-13,UT,Inspiration | Summer,8030,96,49.51,0.011955
2024-06-14,UT,Inspiration | Summer,9413,115,40.65,0.012217
2024-06-15,UT,Inspiration | Summer,7923,89,50.83,0.011233
2024-06-16,UT,Inspiration | Summer,9293,122,49.94,0.013128
2024-06-10,CA,Inspiration | Winter,9476,132,80.82,0.01393
2024-06-11,CA,Inspiration | Winter,13542,121,58.88,0.008935
2024-06-12,CA,Inspiration | Winter,11825,114,79.89,0.009641
2024-06-13,CA,Inspiration | Winter,9980,139,64.88,0.013928
2024-06-14,CA,Inspiration | Winter,12294,145,65.15,0.011794
2024-06-15,CA,Inspiration | Winter,11591,101,82.25,0.008714
2024-06-16,CA,Inspiration | Winter,9855,108,70.95,0.010959
2024-06-10,CA,Inspiration | Summer,6622,90,50.13,0.013591
2024-06-11,CA,Inspiration | Summer,9031,115,49.18,0.012734
2024-06-12,CA,Inspiration | Summer,7101,91,46.26,0.012815
2024-06-13,CA,Inspiration | Summer,8791,102,56.84,0.011603
2024-06-14,CA,Inspiration | Summer,7897,114,40.7,0.014436
2024-06-15,CA,Inspiration | Summer,9037,111,47.86,0.012283
2024-06-16,CA,Inspiration | Summer,9920,108,47.72,0.010887
2024-06-10,PN,Inspiration | Winter,7861,72,43.81,0.009159
2024-06-11,PN,Inspiration | Winter,8899,84,53.59,0.009439
2024-06-12,PN,Inspiration | Winter,5732,80,52.91,0.013957
2024-06-13,PN,Inspiration | Winter,7855,75,46.27,0.009548
2024-06-14,PN,Inspiration | Winter,7844,80,42.27,0.010199
2024-06-15,PN,Inspiration | Winter,7080,87,47.31,0.012288
2024-06-16,PN,Inspiration | Winter,7086,85,48.93,0.011995
2024-06-10,PN,Inspiration | Summer,5195,85,31.62,0.016362
2024-06-11,PN,Inspiration | Summer,6213,76,37.77,0.012232
2024-06-12,PN,Inspiration | Summer,5694,75,35.89,0.013172
2024-06-13,PN,Inspiration | Summer,6620,74,32.09,0.011178
2024-06-14,PN,Inspiration | Summer,5526,71,32.9,0.012848
2024-06-15,PN,Inspiration | Summer,5733,97,26.27,0.01692
2024-06-16,PN,Inspiration | Summer,5258,65,36.85,0.012362
2024-06-10,NE,Inspiration | Winter,7092,80,46.28,0.01128
2024-06-11,NE,Inspiration | Winter,7419,81,35.34,0.010918
2024-06-12,NE,Inspiration | Winter,6250,62,39.84,0.00992
2024-06-13,NE,Inspiration | Winter,7417,70,52.85,0.009438
2024-06-14,NE,Inspiration | Winter,6386,70,34.92,0.010961
2024-06-15,NE,Inspiration | Winter,7336,66,47.79,0.008997
2024-06-16,NE,Inspiration | Winter,5383,67,45.59,0.012447
2024-06-10,NE,Inspiration | Summer,5451,89,41.8,0.016327
2024-06-11,NE,Inspiration | Summer,6489,77,33.55,0.011866
2024-06-12,NE,Inspiration | Summer,5068,78,36.88,0.015391
2024-06-13,NE,Inspiration | Summer,5563,86,32.05,0.015459
2024-06-14,NE,Inspiration | Summer,7286,62,43.66,0.008509
2024-06-15,NE,Inspiration | Summer,7007,90,33.23,0.012844
2024-06-16,NE,Inspiration | Summer,7762,79,37.67,0.010178
2024-06-17,CO,Inspiration | Winter,12082,123,76.94,0.01018
2024-06-18,CO,Inspiration | Winter,14790,143,83.09,0.009669
2024-06-19,CO,Inspiration | Winter,12841,168,93.18,0.013083
2024-06-20,CO,Inspiration | Winter,13572,137,100.14,0.010094
2024-06-21,CO,Inspiration | Winter,11744,110,68.83,0.009366
2024-06-22,CO,Inspiration | Winter,16349,154,89.94,0.00942
2024-06-23,CO,Inspiration | Winter,13058,147,92.27,0.011257
2024-06-17,CO,Inspiration | Summer,8695,144,54.21,0.016561
2024-06-18,CO,Inspiration | Summer,10573,134,64.98,0.012674
2024-06-19,CO,Inspiration | Summer,9708,139,65.31,0.014318
2024-06-20,CO,Inspiration | Summer,11465,121,57.22,0.010554
2024-06-21,CO,Inspiration | Summer,8436,141,61.32,0.016714
2024-06-22,CO,Inspiration | Summer,11442,129,51.33,0.011274
2024-06-23,CO,Inspiration | Summer,11259,160,60.78,0.014211
2024-06-17,UT,Inspiration | Winter,11549,119,78.54,0.010304
2024-06-18,UT,Inspiration | Winter,10132,101,88.57,0.009968
2024-06-19,UT,Inspiration | Winter,12292,127,81.92,0.010332
2024-06-20,UT,Inspiration | Winter,14294,98,66.57,0.006856
2024-06-21,UT,Inspiration | Winter,9890,144,73.97,0.01456
2024-06-22,UT,Inspiration | Winter,10046,115,65.05,0.011447
2024-06-23,UT,Inspiration | Winter,13328,139,67.18,0.010429
2024-06-17,UT,Inspiration | Summer,7987,100,48.48,0.01252
2024-06-18,UT,Inspiration | Summer,9715,127,55.28,0.013073
2024-06-19,UT,Inspiration | Summer,10802,99,55.25,0.009165
2024-06-20,UT,Inspiration | Summer,9091,123,48.03,0.01353
2024-06-21,UT,Inspiration | Summer,8840,123,50.66,0.013914
2024-06-22,UT,Inspiration | Summer,9503,107,60.13,0.01126
2024-06-23,UT,Inspiration | Summer,7077,106,47.67,0.014978
2024-06-17,CA,Inspiration | Winter,8941,124,61.69,0.013869
2024-06-18,CA,Inspiration | Winter,10421,139,51.99,0.013338
2024-06-19,CA,Inspiration | Winter,11141,134,68.94,0.012028
2024-06-20,CA,Inspiration | Winter,9821,103,58.36,0.010488
2024-06-21,CA,Inspiration | Winter,11563,94,78.97,0.008129
2024-06-22,CA,Inspiration | Winter,9949,103,65.24,0.010353
2024-06-23,CA,Inspiration | Winter,9559,115,71.74,0.012031
2024-06-17,CA,Inspiration | Summer,9651,103,61.7,0.010672
2024-06-18,CA,Inspiration | Summer,8701,121,57.79,0.013906
2024-06-19,CA,Inspiration | Summer,11816,127,54.92,0.010748
2024-06-20,CA,Inspiration | Summer,9141,117,60.2,0.012799
2024-06-21,CA,Inspiration | Summer,8907,130,54.9,0.014595
2024-06-22,CA,Inspiration | Summer,10263,106,45.34,0.010328
2024-06-23,CA,Inspiration | Summer,10156,129,63.24,0.012702
2024-06-17,PN,Inspiration | Winter,8252,102,61.41,0.012361
2024-06-18,PN,Inspiration | Winter,8231,82,63.57,0.009962
2024-06-19,PN,Inspiration | Winter,9914,108,61.86,0.010894
2024-06-20,PN,Inspiration | Winter,9746,109,60.92,0.011184
2024-06-21,PN,Inspiration | Winter,9108,99,67.09,0.01087
2024-06-22,PN,Inspiration | Winter,10718,108,52.19,0.010077
2024-06-23,PN,Inspiration | Winter,10248,120,56.75,0.01171
2024-06-17,PN,Inspiration | Summer,6109,83,45.87,0.013587
2024-06-18,PN,Inspiration | Summer,8099,115,45.84,0.014199
2024-06-19,PN,Inspiration | Summer,7983,113,42.03,0.014155
2024-06-20,PN,Inspiration | Summer,7954,100,46.59,0.012572
2024-06-21,PN,Inspiration | Summer,7379,106,39.95,0.014365
2024-06-22,PN,Inspiration | Summer,7836,91,41.4,0.011613
2024-06-23,PN,Inspiration | Summer,7269,107,43.56,0.01472
2024-06-17,NE,Inspiration | Winter,9451,99,53.85,0.010475
2024-06-18,NE,Inspiration | Winter,7410,88,51.64,0.011876
2024-06-19,NE,Inspiration | Winter,8835,91,47.92,0.0103
2024-06-20,NE,Inspiration | Winter,9147,117,64.56,0.012791
2024-06-21,NE,Inspiration | Winter,7719,90,42.35,0.01166
2024-06-22,NE,Inspiration | Winter,8230,81,62.78,0.009842
2024-06-23,NE,Inspiration | Winter,7687,118,51.18,0.015351
2024-06-17,NE,Inspiration | Summer,6869,79,32.99,0.011501
2024-06-18,NE,Inspiration | Summer,6157,74,31.38,0.012019
2024-06-19,NE,Inspiration | Summer,7298,79,29.41,0.010825
2024-06-20,NE,Inspiration | Summer,5555,83,41.2,0.014941
2024-06-21,NE,Inspiration | Summer,5232,73,41.18,0.013953
2024-06-22,NE,Inspiration | Summer,6357,83,33.17,0.013056
2024-06-23,NE,Inspiration | Summer,5940,80,42.43,0.013468
2024-06-24,CO,Inspiration | Winter,10329,150,71.39,0.014522
2024-06-25,CO,Inspiration | Winter,14616,142,89.83,0.009715
2024-06-26,CO,Inspiration | Winter,11114,146,85.74,0.013137
2024-06-27,CO,Inspiration | Winter,9646,155,81.37,0.016069
2024-06-28,CO,Inspiration | Winter,12950,149,70.04,0.011506
2024-06-29,CO,Inspiration | Winter,10523,114,59.62,0.010833
2024-06-30,CO,Inspiration | Winter,14489,121,77.48,0.008351
2024-06-24,CO,Inspiration | Summer,9223,95,54.87,0.0103
2024-06-25,CO,Inspiration | Summer,9930,125,42.75,0.012588
2024-06-26,CO,Inspiration | Summer,9858,119,52.86,0.012071
2024-06-27,CO,Inspiration | Summer,8714,112,56.27,0.012853
2024-06-28,CO,Inspiration | Summer,9824,107,59.9,0.010892
2024-06-29,CO,Inspiration | Summer,7217,99,42.1,0.013718
2024-06-30,CO,Inspiration | Summer,8024,112,55.45,0.013958
2024-06-24,UT,Inspiration | Winter,8159,106,58.71,0.012992
2024-06-25,UT,Inspiration | Winter,9298,98,55.63,0.01054
2024-06-26,UT,Inspiration | Winter,7797,103,51.37,0.01321
2024-06-27,UT,Inspiration | Winter,9581,100,50.81,0.010437
2024-06-28,UT,Inspiration | Winter,7201,103,64.15,0.014304
2024-06-29,UT,Inspiration | Winter,8646,100,50.99,0.011566
2024-06-30,UT,Inspiration | Winter,8422,86,46.61,0.010211
2024-06-24,UT,Inspiration | Summer,7902,102,46.91,0.012908
2024-06-25,UT,Inspiration | Summer,6153,97,44.33,0.015765
2024-06-26,UT,Inspiration | Summer,6007,115,39.81,0.019144
2024-06-27,UT,Inspiration | Summer,7203,95,31.6,0.013189
2024-06-28,UT,Inspiration | Summer,7292,93,42.81,0.012754
2024-06-29,UT,Inspiration | Summer,6587,85,31.84,0.012904
2024-06-30,UT,Inspiration | Summer,7845,87,46.84,0.01109
2024-06-24,CA,Inspiration | Winter,9820,155,76.3,0.015784
2024-06-25,CA,Inspiration | Winter,12396,147,64.63,0.011859
2024-06-26,CA,Inspiration | Winter,11121,116,69.4,0.010431
2024-06-27,CA,Inspiration | Winter,13389,110,66.02,0.008216
2024-06-28,CA,Inspiration | Winter,10989,127,73.52,0.011557
2024-06-29,CA,Inspiration | Winter,9578,107,74.47,0.011171
2024-06-30,CA,Inspiration | Winter,10312,116,72.32,0.011249
2024-06-24,CA,Inspiration | Summer,7430,69,33.03,0.009287
2024-06-25,CA,Inspiration | Summer,6637,93,39.85,0.014012
2024-06-26,CA,Inspiration | Summer,5821,100,38.47,0.017179
2024-06-27,CA,Inspiration | Summer,7143,96,45.63,0.01344
2024-06-28,CA,Inspiration | Summer,7102,71,36.69,0.009997
2024-06-29,CA,Inspiration | Summer,7315,100,42.03,0.013671
2024-06-30,CA,Inspiration | Summer,6170,82,40.48,0.01329
2024-06-24,PN,Inspiration | Winter,7395,102,45.53,0.013793
2024-06-25,PN,Inspiration | Winter,9125,116,51.68,0.012712
2024-06-26,PN,Inspiration | Winter,7288,112,59.4,0.015368
2024-06-27,PN,Inspiration | Winter,11071,80,57.42,0.007226
2024-06-28,PN,Inspiration | Winter,7549,94,60.61,0.012452
2024-06-29,PN,Inspiration | Winter,9042,111,62.27,0.012276
2024-06-30,PN,Inspiration | Winter,10179,82,57.65,0.008056
2024-06-24,PN,Inspiration | Summer,6825,99,42.08,0.014505
2024-06-25,PN,Inspiration | Summer,6947,79,37.63,0.011372
2024-06-26,PN,Inspiration | Summer,5258,72,44.69,0.013693
2024-06-27,PN,Inspiration | Summer,7491,92,43.01,0.012281
2024-06-28,PN,Inspiration | Summer,8080,99,32.67,0.012252
2024-06-29,PN,Inspiration | Summer,7423,103,47.48,0.013876
2024-06-30,PN,Inspiration | Summer,6159,99,31.89,0.016074
2024-06-24,NE,Inspiration | Winter,7864,108,55.84,0.013733
2024-06-25,NE,Inspiration | Winter,10071,77,63.84,0.007646
2024-06-26,NE,Inspiration | Winter,7669,89,54.95,0.011605
2024-06-27,NE,Inspiration | Winter,7798,90,59.32,0.011541
2024-06-28,NE,Inspiration | Winter,10649,108,54.63,0.010142
2024-06-29,NE,Inspiration | Winter,7916,93,46.88,0.011748
2024-06-30,NE,Inspiration | Winter,8990,94,54.67,0.010456
2024-06-24,NE,Inspiration | Summer,7070,89,48.52,0.012588
2024-06-25,NE,Inspiration | Summer,8412,76,36.71,0.009035
2024-06-26,NE,Inspiration | Summer,7704,70,32.23,0.009086
2024-06-27,NE,Inspiration | Summer,6235,89,46.35,0.014274
2024-06-28,NE,Inspiration | Summer,5972,94,39.98,0.01574
2024-06-29,NE,Inspiration | Summer,6511,97,42.08,0.014898
2024-06-30,NE,Inspiration | Summer,6057,88,32.3,0.014529
2024-07-01,CO,Inspiration | Winter,8545,103,57.41,0.012054
2024-07-02,CO,Inspiration | Winter,12247,116,66.31,0.009472
2024-07-03,CO,Inspiration | Winter,8365,113,57.87,0.013509
2024-07-04,CO,Inspiration | Winter,8077,87,72.77,0.010771
2024-07-05,CO,Inspiration | Winter,9521,87,60.29,0.009138
2024-07-06,CO,Inspiration | Winter,9363,118,48.26,0.012603
2024-07-07,CO,Inspiration | Winter,10386,102,62.71,0.009821
2024-07-01,CO,Inspiration | Summer,7828,131,51.01,0.016735
2024-07-02,CO,Inspiration | Summer,8425,150,54.06,0.017804
2024-07-03,CO,Inspiration | Summer,10610,105,62.22,0.009896
2024-07-04,CO,Inspiration | Summer,8553,109,59.11,0.012744
2024-07-05,CO,Inspiration | Summer,9774,122,43.54,0.012482
2024-07-06,CO,Inspiration | Summer,8302,107,48.14,0.012888
2024-07-07,CO,Inspiration | Summer,10588,109,53.6,0.010295
2024-07-01,UT,Inspiration | Winter,10228,112,72.77,0.01095
2024-07-02,UT,Inspiration | Winter,8248,120,76.37,0.014549
2024-07-03,UT,Inspiration | Winter,10659,129,63.29,0.012102
2024-07-04,UT,Inspiration | Winter,10915,116,59.28,0.010628
2024-07-05,UT,Inspiration | Winter,11578,92,69.03,0.007946
2024-07-06,UT,Inspiration | Winter,11039,90,57.99,0.008153
2024-07-07,UT,Inspiration | Winter,9380,134,62.37,0.014286
2024-07-01,UT,Inspiration | Summer,7862,83,33.1,0.010557
2024-07-02,UT,Inspiration | Summer,6289,78,45.71,0.012403
2024-07-03,UT,Inspiration | Summer,6220,83,38.02,0.013344
2024-07-04,UT,Inspiration | Summer,6087,87,34.84,0.014293
2024-07-05,UT,Inspiration | Summer,7328,71,31.67,0.009689
2024-07-06,UT,Inspiration | Summer,6996,69,38.08,0.009863
2024-07-07,UT,Inspiration | Summer,5673,106,48.02,0.018685
2024-07-01,CA,Inspiration | Winter,10821,112,76.17,0.01035
2024-07-02,CA,Inspiration | Winter,9080,114,54.97,0.012555
2024-07-03,CA,Inspiration | Winter,9884,98,68.49,0.009915
2024-07-04,CA,Inspiration | Winter,12304,91,72.63,0.007396
2024-07-05,CA,Inspiration | Winter,10504,122,60.61,0.011615
2024-07-06,CA,Inspiration | Winter,9696,115,56.77,0.011861
2024-07-07,CA,Inspiration | Winter,10494,111,76.17,0.010577
2024-07-01,CA,Inspiration | Summer,7919,86,49.07,0.01086
2024-07-02,CA,Inspiration | Summer,7785,115,42.2,0.014772
2024-07-03,CA,Inspiration | Summer,5712,97,48.34,0.016982
2024-07-04,CA,Inspiration | Summer,6655,116,39.46,0.017431
2024-07-05,CA,Inspiration | Summer,7045,92,34.66,0.013059
2024-07-06,CA,Inspiration | Summer,8480,101,33.62,0.01191
2024-07-07,CA,Inspiration | Summer,7259,80,47.6,0.011021
2024-07-01,PN,Inspiration | Winter,10271,95,54.93,0.009249
2024-07-02,PN,Inspiration | Winter,10033,106,64.31,0.010565
2024-07-03,PN,Inspiration | Winter,8335,132,51.8,0.015837
2024-07-04,PN,Inspiration | Winter,8688,89,55.6,0.010244
2024-07-05,PN,Inspiration | Winter,9787,97,56.88,0.009911
2024-07-06,PN,Inspiration | Winter,10044,88,68.08,0.008761
2024-07-07,PN,Inspiration | Winter,8579,101,69.13,0.011773
2024-07-01,PN,Inspiration | Summer,6584,73,36.98,0.011087
2024-07-02,PN,Inspiration | Summer,6829,63,28.81,0.009225
2024-07-03,PN,Inspiration | Summer,5020,90,35.42,0.017928
2024-07-04,PN,Inspiration | Summer,6247,65,35.87,0.010405
2024-07-05,PN,Inspiration | Summer,5901,87,35.38,0.014743
2024-07-06,PN,Inspiration | Summer,4550,89,39.67,0.01956
2024-07-07,PN,Inspiration | Summer,6465,89,29.12,0.013766
2024-07-01,NE,Inspiration | Winter,8222,69,52.45,0.008392
2024-07-02,NE,Inspiration | Winter,7496,80,50.74,0.010672
2024-07-03,NE,Inspiration | Winter,8274,89,37.41,0.010757
2024-07-04,NE,Inspiration | Winter,5383,67,40.57,0.012447
2024-07-05,NE,Inspiration | Winter,6066,81,40.75,0.013353
2024-07-06,NE,Inspiration | Winter,6714,87,41.58,0.012958
2024-07-07,NE,Inspiration | Winter,7788,95,56.13,0.012198
2024-07-01,NE,Inspiration | Summer,4769,73,35.52,0.015307
2024-07-02,NE,Inspiration | Summer,6047,73,33.6,0.012072
2024-07-03,NE,Inspiration | Summer,6062,89,36.32,0.014682
2024-07-04,NE,Inspiration | Summer,5514,80,26.53,0.014509
2024-07-05,NE,Inspiration | Summer,6507,76,31.05,0.01168
2024-07-06,NE,Inspiration | Summer,5403,67,33.66,0.012401
2024-07-07,NE,Inspiration | Summer,5605,75,34.78,0.013381
2024-07-08,CO,Inspiration | Winter,13673,114,67.33,0.008338
2024-07-09,CO,Inspiration | Winter,9489,155,90.66,0.016335
2024-07-10,CO,Inspiration | Winter,13878,146,83.4,0.01052
2024-07-11,CO,Inspiration | Winter,10391,145,79.07,0.013954
2024-07-12,CO,Inspiration | Winter,12398,147,66.32,0.011857
2024-07-13,CO,Inspiration | Winter,13637,110,79.42,0.008066
2024-07-14,CO,Inspiration | Winter,9885,145,67.24,0.014669
2024-07-08,CO,Inspiration | Summer,7732,107,37.57,0.013839
2024-07-09,CO,Inspiration | Summer,5756,86,38.36,0.014941
2024-07-10,CO,Inspiration | Summer,7922,92,38.11,0.011613
2024-07-11,CO,Inspiration | Summer,6456,113,50.91,0.017503
2024-07-12,CO,Inspiration | Summer,8796,99,39.96,0.011255
2024-07-13,CO,Inspiration | Summer,6769,104,49.19,0.015364
2024-07-14,CO,Inspiration | Summer,8155,81,45.11,0.009933
2024-07-08,UT,Inspiration | Winter,7183,94,45.06,0.013086
2024-07-09,UT,Inspiration | Winter,8164,79,60.27,0.009677
2024-07-10,UT,Inspiration | Winter,6578,93,58.96,0.014138
2024-07-11,UT,Inspiration | Winter,9133,100,50.24,0.010949
2024-07-12,UT,Inspiration | Winter,9007,100,49.0,0.011102
2024-07-13,UT,Inspiration | Winter,7695,84,56.68,0.010916
2024-07-14,UT,Inspiration | Winter,8979,96,42.93,0.010692
2024-07-08,UT,Inspiration | Summer,5806,87,28.08,0.014984
2024-07-09,UT,Inspiration | Summer,6992,77,34.84,0.011013
2024-07-10,UT,Inspiration | Summer,5138,74,35.33,0.014402
2024-07-11,UT,Inspiration | Summer,4964,91,30.63,0.018332
2024-07-12,UT,Inspiration | Summer,6517,76,38.97,0.011662
2024-07-13,UT,Inspiration | Summer,6981,73,38.37,0.010457
2024-07-14,UT,Inspiration | Summer,5328,103,35.79,0.019332
2024-07-08,CA,Inspiration | Winter,9438,89,54.66,0.00943
2024-07-09,CA,Inspiration | Winter,7702,102,58.68,0.013243
2024-07-10,CA,Inspiration | Winter,6670,99,43.6,0.014843
2024-07-11,CA,Inspiration | Winter,9481,108,64.77,0.011391
2024-07-12,CA,Inspiration | Winter,8650,83,57.49,0.009595
2024-07-13,CA,Inspiration | Winter,9855,94,61.31,0.009538
2024-07-14,CA,Inspiration | Winter,8927,107,48.11,0.011986
2024-07-08,CA,Inspiration | Summer,5309,85,40.01,0.016011
2024-07-09,CA,Inspiration | Summer,6687,112,40.24,0.016749
2024-07-10,CA,Inspiration | Summer,5381,93,33.12,0.017283
2024-07-11,CA,Inspiration | Summer,7862,79,35.83,0.010048
2024-07-12,CA,Inspiration | Summer,6161,81,38.31,0.013147
2024-07-13,CA,Inspiration | Summer,7506,113,40.69,0.015055
2024-07-14,CA,Inspiration | Summer,8121,87,44.55,0.010713
2024-07-08,PN,Inspiration | Winter,9761,103,51.3,0.010552
2024-07-09,PN,Inspiration | Winter,10070,124,63.9,0.012314
2024-07-10,PN,Inspiration | Winter,10172,99,61.85,0.009733
2024-07-11,PN,Inspiration | Winter,6880,103,57.01,0.014971
2024-07-12,PN,Inspiration | Winter,8900,101,66.42,0.011348
2024-07-13,PN,Inspiration | Winter,9243,87,54.78,0.009413
2024-07-14,PN,Inspiration | Winter,9264,122,56.21,0.013169
2024-07-08,PN,Inspiration | Summer,6740,80,37.27,0.011869
2024-07-09,PN,Inspiration | Summer,4812,79,39.98,0.016417
2024-07-10,PN,Inspiration | Summer,5731,90,33.5,0.015704
2024-07-11,PN,Inspiration | Summer,6478,79,30.81,0.012195
2024-07-12,PN,Inspiration | Summer,6448,71,46.94,0.011011
2024-07-13,PN,Inspiration | Summer,6946,74,33.76,0.010654
2024-07-14,PN,Inspiration | Summer,6868,74,33.07,0.010775
2024-07-08,NE,Inspiration | Winter,6726,87,41.59,0.012935
2024-07-09,NE,Inspiration | Winter,6893,82,45.39,0.011896
2024-07-10,NE,Inspiration | Winter,6060,60,42.58,0.009901
2024-07-11,NE,Inspiration | Winter,6003,84,42.06,0.013993
2024-07-12,NE,Inspiration | Winter,7163,60,40.99,0.008376
2024-07-13,NE,Inspiration | Winter,8463,85,45.28,0.010044
2024-07-14,NE,Inspiration | Winter,7072,56,51.74,0.007919
2024-07-08,NE,Inspiration | Summer,6386,73,35.05,0.011431
2024-07-09,NE,Inspiration | Summer,6315,86,35.3,0.013618
2024-07-10,NE,Inspiration | Summer,6528,76,51.15,0.011642
2024-07-11,NE,Inspiration | Summer,7133,94,34.62,0.013178
2024-07-12,NE,Inspiration | Summer,6346,86,34.54,0.013552
2024-07-13,NE,Inspiration | Summer,7333,79,35.92,0.010773
2024-07-14,NE,Inspiration | Summer,5473,77,37.41,0.014069
2024-07-15,CO,Inspiration | Winter,9099,78,61.27,0.008572
2024-07-16,CO,Inspiration | Winter,8977,91,45.05,0.010137
2024-07-17,CO,Inspiration | Winter,8677,111,62.32,0.012792
2024-07-18,CO,Inspiration | Winter,7660,115,47.4,0.015013
2024-07-19,CO,Inspiration | Winter,10600,101,58.49,0.009528
2024-07-20,CO,Inspiration | Winter,7426,83,64.72,0.011177
2024-07-21,CO,Inspiration | Winter,10141,85,61.27,0.008382
2024-07-15,CO,Inspiration | Summer,6849,116,48.43,0.016937
2024-07-16,CO,Inspiration | Summer,8524,126,51.92,0.014782
2024-07-17,CO,Inspiration | Summer,8335,118,55.66,0.014157
2024-07-18,CO,Inspiration | Summer,9977,93,47.99,0.009321
2024-07-19,CO,Inspiration | Summer,9836,137,44.79,0.013928
2024-07-20,CO,Inspiration | Summer,9632,129,57.72,0.013393
2024-07-21,CO,Inspiration | Summer,10059,98,60.12,0.009743
2024-07-15,UT,Inspiration | Winter,9837,99,57.72,0.010064
2024-07-16,UT,Inspiration | Winter,9577,118,73.13,0.012321
2024-07-17,UT,Inspiration | Winter,7660,103,71.95,0.013446
2024-07-18,UT,Inspiration | Winter,8393,97,65.25,0.011557
2024-07-19,UT,Inspiration | Winter,10524,115,53.99,0.010927
2024-07-20,UT,Inspiration | Winter,10745,105,63.73,0.009772
2024-07-21,UT,Inspiration | Winter,10968,129,47.55,0.011761
2024-07-15,UT,Inspiration | Summer,6301,76,43.35,0.012062
2024-07-16,UT,Inspiration | Summer,5532,66,31.8,0.011931
2024-07-17,UT,Inspiration | Summer,5845,84,39.17,0.014371
2024-07-18,UT,Inspiration | Summer,5570,73,30.02,0.013106
2024-07-19,UT,Inspiration | Summer,6701,79,27.91,0.011789
2024-07-20,UT,Inspiration | Summer,6909,71,30.16,0.010276
2024-07-21,UT,Inspiration | Summer,5516,65,43.35,0.011784
2024-07-15,CA,Inspiration | Winter,9849,100,75.12,0.010153
2024-07-16,CA,Inspiration | Winter,10658,121,63.01,0.011353
2024-07-17,CA,Inspiration | Winter,10073,136,62.31,0.013501
2024-07-18,CA,Inspiration | Winter,10164,124,67.29,0.0122
2024-07-19,CA,Inspiration | Winter,12395,107,63.47,0.008633
2024-07-20,CA,Inspiration | Winter,12246,94,64.44,0.007676
2024-07-21,CA,Inspiration | Winter,8858,103,79.5,0.011628
2024-07-15,CA,Inspiration | Summer,7428,74,34.43,0.009962
2024-07-16,CA,Inspiration | Summer,5438,87,35.17,0.015999
2024-07-17,CA,Inspiration | Summer,7722,84,34.24,0.010878
2024-07-18,CA,Inspiration | Summer,5035,98,36.57,0.019464
2024-07-19,CA,Inspiration | Summer,6957,79,39.71,0.011355
2024-07-20,CA,Inspiration | Summer,6423,68,40.04,0.010587
2024-07-21,CA,Inspiration | Summer,6442,65,43.43,0.01009
2024-07-15,PN,Inspiration | Winter,7616,78,60.11,0.010242
2024-07-16,PN,Inspiration | Winter,8437,95,45.79,0.01126
2024-07-17,PN,Inspiration | Winter,9137,90,50.87,0.00985
2024-07-18,PN,Inspiration | Winter,8505,89,50.88,0.010464
2024-07-19,PN,Inspiration | Winter,8584,104,61.23,0.012116
2024-07-20,PN,Inspiration | Winter,8914,109,61.76,0.012228
2024-07-21,PN,Inspiration | Winter,8257,94,49.83,0.011384
2024-07-15,PN,Inspiration | Summer,5206,87,35.42,0.016711
2024-07-16,PN,Inspiration | Summer,6324,85,38.15,0.013441
2024-07-17,PN,Inspiration | Summer,4664,67,28.59,0.014365
2024-07-18,PN,Inspiration | Summer,5299,68,37.67,0.012833
2024-07-19,PN,Inspiration | Summer,6534,65,29.11,0.009948
2024-07-20,PN,Inspiration | Summer,6385,70,29.09,0.010963
2024-07-21,PN,Inspiration | Summer,4703,90,28.85,0.019137
2024-07-15,NE,Inspiration | Winter,7050,81,53.54,0.011489
2024-07-16,NE,Inspiration | Winter,7785,77,48.08,0.009891
2024-07-17,NE,Inspiration | Winter,8020,105,58.53,0.013092
2024-07-18,NE,Inspiration | Winter,8771,99,47.83,0.011287
2024-07-19,NE,Inspiration | Winter,7383,71,55.07,0.009617
2024-07-20,NE,Inspiration | Winter,8489,107,57.67,0.012605
2024-07-21,NE,Inspiration | Winter,9138,74,41.75,0.008098
2024-07-15,NE,Inspiration | Summer,5971,68,26.63,0.011388
2024-07-16,NE,Inspiration | Summer,4445,58,28.48,0.013048
2024-07-17,NE,Inspiration | Summer,5086,67,25.17,0.013173
2024-07-18,NE,Inspiration | Summer,4886,77,38.14,0.015759
2024-07-19,NE,Inspiration | Summer,4437,60,25.71,0.013523
2024-07-20,NE,Inspiration | Summer,5765,67,37.57,0.011622
2024-07-21,NE,Inspiration | Summer,5838,74,29.58,0.012676
2024-07-22,CO,Inspiration | Winter,10431,72,63.47,0.006903
2024-07-23,CO,Inspiration | Winter,10369,108,62.46,0.010416
2024-07-24,CO,Inspiration | Winter,7363,96,62.63,0.013038
2024-07-25,CO,Inspiration | Winter,8845,85,64.88,0.00961
2024-07-26,CO,Inspiration | Winter,9151,98,44.08,0.010709
2024-07-27,CO,Inspiration | Winter,7368,103,61.08,0.013979
2024-07-28,CO,Inspiration | Winter,9637,106,45.66,0.010999
2024-07-22,CO,Inspiration | Summer,10480,140,54.53,0.013359
2024-07-23,CO,Inspiration | Summer,8401,118,44.82,0.014046
2024-07-24,CO,Inspiration | Summer,11344,99,64.39,0.008727
2024-07-25,CO,Inspiration | Summer,9314,100,63.94,0.010737
2024-07-26,CO,Inspiration | Summer,11299,111,60.12,0.009824
2024-07-27,CO,Inspiration | Summer,7368,134,43.77,0.018187
2024-07-28,CO,Inspiration | Summer,7619,134,50.22,0.017588
2024-07-22,UT,Inspiration | Winter,10504,103,53.51,0.009806
2024-07-23,UT,Inspiration | Winter,9077,81,48.82,0.008924
2024-07-24,UT,Inspiration | Winter,8558,85,59.59,0.009932
2024-07-25,UT,Inspiration | Winter,8698,100,62.19,0.011497
2024-07-26,UT,Inspiration | Winter,7725,81,46.97,0.010485
2024-07-27,UT,Inspiration | Winter,7527,84,60.07,0.01116
2024-07-28,UT,Inspiration | Winter,7474,108,50.05,0.01445
2024-07-22,UT,Inspiration | Summer,8759,100,50.16,0.011417
2024-07-23,UT,Inspiration | Summer,9316,103,51.81,0.011056
2024-07-24,UT,Inspiration | Summer,7153,126,55.46,0.017615
2024-07-25,UT,Inspiration | Summer,7681,97,45.04,0.012629
2024-07-26,UT,Inspiration | Summer,7698,83,37.06,0.010782
2024-07-27,UT,Inspiration | Summer,7817,99,42.1,0.012665
2024-07-28,UT,Inspiration | Summer,7581,95,43.2,0.012531
2024-07-22,CA,Inspiration | Winter,9472,100,52.72,0.010557
2024-07-23,CA,Inspiration | Winter,9597,117,74.43,0.012191
2024-07-24,CA,Inspiration | Winter,10802,84,73.55,0.007776
2024-07-25,CA,Inspiration | Winter,10349,119,51.29,0.011499
2024-07-26,CA,Inspiration | Winter,9134,99,51.33,0.010839
2024-07-27,CA,Inspiration | Winter,9186,103,72.35,0.011213
2024-07-28,CA,Inspiration | Winter,9483,121,59.69,0.01276
2024-07-22,CA,Inspiration | Summer,6975,109,44.68,0.015627
2024-07-23,CA,Inspiration | Summer,7062,78,47.45,0.011045
2024-07-24,CA,Inspiration | Summer,7064,77,48.05,0.0109
2024-07-25,CA,Inspiration | Summer,8879,107,38.95,0.012051
2024-07-26,CA,Inspiration | Summer,5910,73,40.89,0.012352
2024-07-27,CA,Inspiration | Summer,8164,95,38.66,0.011636
2024-07-28,CA,Inspiration | Summer,7657,106,41.25,0.013844
2024-07-22,PN,Inspiration | Winter,8071,105,55.57,0.01301
2024-07-23,PN,Inspiration | Winter,7186,72,46.76,0.010019
2024-07-24,PN,Inspiration | Winter,6898,82,46.24,0.011888
2024-07-25,PN,Inspiration | Winter,7145,82,45.74,0.011477
2024-07-26,PN,Inspiration | Winter,7461,106,48.41,0.014207
2024-07-27,PN,Inspiration | Winter,6972,94,56.0,0.013483
2024-07-28,PN,Inspiration | Winter,9415,81,41.42,0.008603
2024-07-22,PN,Inspiration | Summer,4758,73,33.06,0.015343
2024-07-23,PN,Inspiration | Summer,5902,72,35.88,0.012199
2024-07-24,PN,Inspiration | Summer,6355,85,34.51,0.013375
2024-07-25,PN,Inspiration | Summer,5952,59,34.14,0.009913
2024-07-26,PN,Inspiration | Summer,6018,71,30.24,0.011798
2024-07-27,PN,Inspiration | Summer,4942,86,27.13,0.017402
2024-07-28,PN,Inspiration | Summer,5452,83,33.43,0.015224
2024-07-22,NE,Inspiration | Winter,6878,70,45.5,0.010177
2024-07-23,NE,Inspiration | Winter,6522,69,34.84,0.01058
2024-07-24,NE,Inspiration | Winter,6998,93,40.65,0.01329
2024-07-25,NE,Inspiration | Winter,6771,75,50.03,0.011077
2024-07-26,NE,Inspiration | Winter,6305,73,49.28,0.011578
2024-07-27,NE,Inspiration | Winter,7323,76,40.06,0.010378
2024-07-28,NE,Inspiration | Winter,6076,75,39.62,0.012344
2024-07-22,NE,Inspiration | Summer,5212,92,38.17,0.017652
2024-07-23,NE,Inspiration | Summer,5986,82,26.06,0.013699
2024-07-24,NE,Inspiration | Summer,4909,69,36.75,0.014056
2024-07-25,NE,Inspiration | Summer,6918,89,37.53,0.012865
2024-07-26,NE,Inspiration | Summer,5684,60,34.83,0.010556
2024-07-27,NE,Inspiration | Summer,5144,73,27.8,0.014191
2024-07-28,NE,Inspiration | Summer,7190,87,36.93,0.0121
2024-07-29,CO,Inspiration | Winter,11534,141,68.64,0.012225
2024-07-30,CO,Inspiration | Winter,12030,111,58.37,0.009227
2024-07-31,CO,Inspiration | Winter,10639,103,87.89,0.009681
2024-08-01,CO,Inspiration | Winter,13130,136,77.46,0.010358
2024-08-02,CO,Inspiration | Winter,12827,113,77.34,0.00881
2024-08-03,CO,Inspiration | Winter,10983,128,80.53,0.011654
2024-08-04,CO,Inspiration | Winter,11665,130,79.74,0.011144
2024-07-29,CO,Inspiration | Summer,7891,90,42.4,0.011405
2024-07-30,CO,Inspiration | Summer,7934,96,32.49,0.0121
2024-07-31,CO,Inspiration | Summer,7553,89,45.63,0.011783
2024-08-01,CO,Inspiration | Summer,6668,106,43.23,0.015897
2024-08-02,CO,Inspiration | Summer,6598,103,46.64,0.015611
2024-08-03,CO,Inspiration | Summer,5397,106,37.91,0.019641
2024-08-04,CO,Inspiration | Summer,7535,80,39.24,0.010617
2024-07-29,UT,Inspiration | Winter,8634,86,43.73,0.009961
2024-07-30,UT,Inspiration | Winter,8242,121,50.09,0.014681
2024-07-31,UT,Inspiration | Winter,9391,93,60.92,0.009903
2024-08-01,UT,Inspiration | Winter,9394,91,55.11,0.009687
2024-08-02,UT,Inspiration | Winter,9932,119,61.36,0.011981
2024-08-03,UT,Inspiration | Winter,9659,124,63.56,0.012838
2024-08-04,UT,Inspiration | Winter,7105,90,64.31,0.012667
2024-07-29,UT,Inspiration | Summer,8446,122,39.59,0.014445
2024-07-30,UT,Inspiration | Summer,7844,87,54.12,0.011091
2024-07-31,UT,Inspiration | Summer,6900,121,36.57,0.017536
2024-08-01,UT,Inspiration | Summer,7155,92,41.66,0.012858
2024-08-02,UT,Inspiration | Summer,7406,106,38.51,0.014313
2024-08-03,UT,Inspiration | Summer,8962,118,53.33,0.013167
2024-08-04,UT,Inspiration | Summer,6603,86,45.45,0.013024
2024-07-29,CA,Inspiration | Winter,12286,102,62.84,0.008302
2024-07-30,CA,Inspiration | Winter,9980,109,71.93,0.010922
2024-07-31,CA,Inspiration | Winter,8124,105,55.04,0.012925
2024-08-01,CA,Inspiration | Winter,9335,120,67.11,0.012855
2024-08-02,CA,Inspiration | Winter,9145,125,59.28,0.013669
2024-08-03,CA,Inspiration | Winter,10927,97,63.63,0.008877
2024-08-04,CA,Inspiration | Winter,10644,123,70.98,0.011556
2024-07-29,CA,Inspiration | Summer,6415,86,41.8,0.013406
2024-07-30,CA,Inspiration | Summer,8194,95,33.49,0.011594
2024-07-31,CA,Inspiration | Summer,5935,79,39.73,0.013311
2024-08-01,CA,Inspiration | Summer,6351,100,35.93,0.015746
2024-08-02,CA,Inspiration | Summer,7573,87,38.68,0.011488
2024-08-03,CA,Inspiration | Summer,6851,75,42.5,0.010947
2024-08-04,CA,Inspiration | Summer,5736,65,40.79,0.011332
2024-07-29,PN,Inspiration | Winter,9185,107,55.1,0.011649
2024-07-30,PN,Inspiration | Winter,6618,94,56.89,0.014204
2024-07-31,PN,Inspiration | Winter,9523,98,44.84,0.010291
2024-08-01,PN,Inspiration | Winter,7300,89,52.09,0.012192
2024-08-02,PN,Inspiration | Winter,7488,99,52.45,0.013221
2024-08-03,PN,Inspiration | Winter,8532,71,56.52,0.008322
2024-08-04,PN,Inspiration | Winter,8470,100,47.66,0.011806
2024-07-29,PN,Inspiration | Summer,7283,100,46.17,0.013731
2024-07-30,PN,Inspiration | Summer,8454,87,48.01,0.010291
2024-07-31,PN,Inspiration | Summer,8883,104,36.9,0.011708
2024-08-01,PN,Inspiration | Summer,6694,82,47.61,0.01225
2024-08-02,PN,Inspiration | Summer,7936,92,44.0,0.011593
2024-08-03,PN,Inspiration | Summer,6328,93,32.86,0.014697
2024-08-04,PN,Inspiration | Summer,6340,93,45.59,0.014669
2024-07-29,NE,Inspiration | Winter,6427,73,37.94,0.011358
2024-07-30,NE,Inspiration | Winter,8191,67,41.91,0.00818
2024-07-31,NE,Inspiration | Winter,5590,78,49.27,0.013953
2024-08-01,NE,Inspiration | Winter,7927,91,44.67,0.01148
2024-08-02,NE,Inspiration | Winter,6083,95,42.59,0.015617
2024-08-03,NE,Inspiration | Winter,6958,84,46.76,0.012072
2024-08-04,NE,Inspiration | Winter,7456,75,48.11,0.010059
2024-07-29,NE,Inspiration | Summer,4444,68,27.46,0.015302
2024-07-30,NE,Inspiration | Summer,5690,68,36.85,0.011951
2024-07-31,NE,Inspiration | Summer,6074,59,27.99,0.009714
2024-08-01,NE,Inspiration | Summer,5954,66,28.05,0.011085
2024-08-02,NE,Inspiration | Summer,4215,84,36.08,0.019929
2024-08-03,NE,Inspiration | Summer,5369,63,28.58,0.011734
2024-08-04,NE,Inspiration | Summer,5378,69,30.3,0.01283
2024-08-05,CO,Inspiration | Winter,7670,100,63.35,0.013038
2024-08-06,CO,Inspiration | Winter,10444,80,63.69,0.00766
2024-08-07,CO,Inspiration | Winter,9428,79,42.6,0.008379
2024-08-08,CO,Inspiration | Winter,9931,99,58.78,0.009969
2024-08-09,CO,Inspiration | Winter,7561,100,64.36,0.013226
2024-08-10,CO,Inspiration | Winter,9410,91,48.22,0.009671
2024-08-11,CO,Inspiration | Winter,7492,86,55.4,0.011479
2024-08-05,CO,Inspiration | Summer,6557,95,47.29,0.014488
2024-08-06,CO,Inspiration | Summer,6823,91,42.72,0.013337
2024-08-07,CO,Inspiration | Summer,6984,105,51.25,0.015034
2024-08-08,CO,Inspiration | Summer,9262,99,52.12,0.010689
2024-08-09,CO,Inspiration | Summer,8359,113,51.84,0.013518
2024-08-10,CO,Inspiration | Summer,8677,112,38.34,0.012908
2024-08-11,CO,Inspiration | Summer,8491,78,36.33,0.009186
2024-08-05,UT,Inspiration | Winter,10377,123,68.74,0.011853
2024-08-06,UT,Inspiration | Winter,9048,107,66.54,0.011826
2024-08-07,UT,Inspiration | Winter,8533,91,53.32,0.010664
2024-08-08,UT,Inspiration | Winter,11501,108,72.22,0.00939
2024-08-09,UT,Inspiration | Winter,11495,120,68.26,0.010439
2024-08-10,UT,Inspiration | Winter,8768,104,57.96,0.011861
2024-08-11,UT,Inspiration | Winter,11994,138,71.95,0.011506
2024-08-05,UT,Inspiration | Summer,7793,107,47.36,0.01373
2024-08-06,UT,Inspiration | Summer,7509,97,45.89,0.012918
2024-08-07,UT,Inspiration | Summer,6848,89,31.6,0.012996
2024-08-08,UT,Inspiration | Summer,6133,82,45.38,0.01337
2024-08-09,UT,Inspiration | Summer,7181,110,47.78,0.015318
2024-08-10,UT,Inspiration | Summer,8123,85,48.3,0.010464
2024-08-11,UT,Inspiration | Summer,8466,71,35.59,0.008386
2024-08-05,CA,Inspiration | Winter,7431,75,64.78,0.010093
2024-08-06,CA,Inspiration | Winter,9146,73,46.28,0.007982
2024-08-07,CA,Inspiration | Winter,9576,94,45.25,0.009816
2024-08-08,CA,Inspiration | Winter,9492,100,45.22,0.010535
2024-08-09,CA,Inspiration | Winter,6855,90,51.42,0.013129
2024-08-10,CA,Inspiration | Winter,7103,71,43.9,0.009996
2024-08-11,CA,Inspiration | Winter,6779,94,64.02,0.013866
2024-08-05,CA,Inspiration | Summer,7568,94,35.16,0.012421
2024-08-06,CA,Inspiration | Summer,7128,111,34.72,0.015572
2024-08-07,CA,Inspiration | Summer,6868,81,46.21,0.011794
2024-08-08,CA,Inspiration | Summer,8122,81,39.12,0.009973
2024-08-09,CA,Inspiration | Summer,6519,103,46.9,0.0158
2024-08-10,CA,Inspiration | Summer,6029,105,42.92,0.017416
2024-08-11,CA,Inspiration | Summer,8205,100,47.52,0.012188
2024-08-05,PN,Inspiration | Winter,8650,110,49.17,0.012717
2024-08-06,PN,Inspiration | Winter,9277,102,51.64,0.010995
2024-08-07,PN,Inspiration | Winter,11041,73,64.13,0.006612
2024-08-08,PN,Inspiration | Winter,10222,110,68.51,0.010761
2024-08-09,PN,Inspiration | Winter,7748,83,73.23,0.010712
2024-08-10,PN,Inspiration | Winter,9215,94,56.7,0.010201
2024-08-11,PN,Inspiration | Winter,9501,105,56.81,0.011051
2024-08-05,PN,Inspiration | Summer,6206,84,36.56,0.013535
2024-08-06,PN,Inspiration | Summer,5695,63,31.62,0.011062
2024-08-07,PN,Inspiration | Summer,5574,89,26.31,0.015967
2024-08-08,PN,Inspiration | Summer,5607,72,33.87,0.012841
2024-08-09,PN,Inspiration | Summer,4784,77,30.64,0.016095
2024-08-10,PN,Inspiration | Summer,4776,73,30.3,0.015285
2024-08-11,PN,Inspiration | Summer,5832,74,33.85,0.012689
2024-08-05,NE,Inspiration | Winter,8701,90,55.92,0.010344
2024-08-06,NE,Inspiration | Winter,6242,95,45.51,0.015219
2024-08-07,NE,Inspiration | Winter,6744,80,41.0,0.011862
2024-08-08,NE,Inspiration | Winter,6090,82,41.36,0.013465
2024-08-09,NE,Inspiration | Winter,7587,67,45.4,0.008831
2024-08-10,NE,Inspiration | Winter,7509,76,55.96,0.010121
2024-08-11,NE,Inspiration | Winter,8469,100,43.44,0.011808
2024-08-05,NE,Inspiration | Summer,5109,70,34.14,0.013701
2024-08-06,NE,Inspiration | Summer,6056,80,34.3,0.01321
2024-08-07,NE,Inspiration | Summer,5960,83,33.08,0.013926
2024-08-08,NE,Inspiration | Summer,5084,59,27.43,0.011605
2024-08-09,NE,Inspiration | Summer,6369,65,28.41,0.010206
2024-08-10,NE,Inspiration | Summer,4560,68,37.47,0.014912
2024-08-11,NE,Inspiration | Summer,5435,77,28.91,0.014167
2024-08-12,CO,Inspiration | Winter,7596,119,53.99,0.015666
2024-08-13,CO,Inspiration | Winter,9873,92,49.91,0.009318
2024-08-14,CO,Inspiration | Winter,7849,108,67.93,0.01376
2024-08-15,CO,Inspiration | Winter,9143,117,55.58,0.012797
2024-08-16,CO,Inspiration | Winter,8591,94,60.4,0.010942
2024-08-17,CO,Inspiration | Winter,9379,87,53.87,0.009276
2024-08-18,CO,Inspiration | Winter,8511,88,48.35,0.01034
2024-08-12,CO,Inspiration | Summer,7961,95,39.62,0.011933
2024-08-13,CO,Inspiration | Summer,9442,108,57.12,0.011438
2024-08-14,CO,Inspiration | Summer,8381,127,50.06,0.015153
2024-08-15,CO,Inspiration | Summer,7431,93,51.46,0.012515
2024-08-16,CO,Inspiration | Summer,7475,141,41.19,0.018863
2024-08-17,CO,Inspiration | Summer,10360,141,55.93,0.01361
2024-08-18,CO,Inspiration | Summer,9713,109,57.05,0.011222
2024-08-12,UT,Inspiration | Winter,7519,83,45.61,0.011039
2024-08-13,UT,Inspiration | Winter,8884,96,51.19,0.010806
2024-08-14,UT,Inspiration | Winter,9108,75,53.16,0.008235
2024-08-15,UT,Inspiration | Winter,7346,71,55.59,0.009665
2024-08-16,UT,Inspiration | Winter,8969,89,60.53,0.009923
2024-08-17,UT,Inspiration | Winter,8047,104,58.33,0.012924
2024-08-18,UT,Inspiration | Winter,7326,83,41.65,0.01133
2024-08-12,UT,Inspiration | Summer,9243,80,37.29,0.008655
2024-08-13,UT,Inspiration | Summer,7032,102,36.82,0.014505
2024-08-14,UT,Inspiration | Summer,6826,98,46.34,0.014357
2024-08-15,UT,Inspiration | Summer,6256,70,47.51,0.011189
2024-08-16,UT,Inspiration | Summer,7116,96,46.84,0.013491
2024-08-17,UT,Inspiration | Summer,7279,99,48.93,0.013601
2024-08-18,UT,Inspiration | Summer,7809,83,35.34,0.010629
2024-08-12,CA,Inspiration | Winter,9756,99,51.24,0.010148
2024-08-13,CA,Inspiration | Winter,9722,99,66.69,0.010183
2024-08-14,CA,Inspiration | Winter,9753,105,63.76,0.010766
2024-08-15,CA,Inspiration | Winter,9084,110,65.72,0.012109
2024-08-16,CA,Inspiration | Winter,9465,123,68.38,0.012995
2024-08-17,CA,Inspiration | Winter,10825,124,56.21,0.011455
2024-08-18,CA,Inspiration | Winter,8110,112,54.97,0.01381
2024-08-12,CA,Inspiration | Summer,7678,102,39.99,0.013285
2024-08-13,CA,Inspiration | Summer,6209,109,47.34,0.017555
2024-08-14,CA,Inspiration | Summer,8700,78,46.58,0.008966
2024-08-15,CA,Inspiration | Summer,9283,110,43.12,0.01185
2024-08-16,CA,Inspiration | Summer,6722,99,48.87,0.014728
2024-08-17,CA,Inspiration | Summer,8055,101,47.48,0.012539
2024-08-18,CA,Inspiration | Summer,6823,78,36.75,0.011432
2024-08-12,PN,Inspiration | Winter,6390,69,37.9,0.010798
2024-08-13,PN,Inspiration | Winter,7275,85,56.92,0.011684
2024-08-14,PN,Inspiration | Winter,8625,72,54.19,0.008348
2024-08-15,PN,Inspiration | Winter,7971,84,40.38,0.010538
2024-08-16,PN,Inspiration | Winter,6990,85,55.81,0.01216
2024-08-17,PN,Inspiration | Winter,6968,87,39.25,0.012486
2024-08-18,PN,Inspiration | Winter,6158,71,37.95,0.01153
2024-08-12,PN,Inspiration | Summer,5916,87,37.49,0.014706
2024-08-13,PN,Inspiration | Summer,7386,91,42.74,0.012321
2024-08-14,PN,Inspiration | Summer,5649,64,36.37,0.011329
2024-08-15,PN,Inspiration | Summer,5479,74,43.82,0.013506
2024-08-16,PN,Inspiration | Summer,7254,84,37.41,0.01158
2024-08-17,PN,Inspiration | Summer,7484,71,28.41,0.009487
2024-08-18,PN,Inspiration | Summer,5958,75,35.51,0.012588
2024-08-12,NE,Inspiration | Winter,7601,107,54.71,0.014077
2024-08-13,NE,Inspiration | Winter,7133,100,55.99,0.014019
2024-08-14,NE,Inspiration | Winter,8014,100,53.7,0.012478
2024-08-15,NE,Inspiration | Winter,9878,81,44.77,0.0082
2024-08-16,NE,Inspiration | Winter,8680,82,51.68,0.009447
2024-08-17,NE,Inspiration | Winter,7904,111,56.45,0.014044
2024-08-18,NE,Inspiration | Winter,7876,86,48.04,0.010919
2024-08-12,NE,Inspiration | Summer,4417,64,35.39,0.014489
2024-08-13,NE,Inspiration | Summer,4452,78,34.1,0.01752
2024-08-14,NE,Inspiration | Summer,5050,73,30.49,0.014455
2024-08-15,NE,Inspiration | Summer,6254,84,27.64,0.013431
2024-08-16,NE,Inspiration | Summer,6218,66,29.84,0.010614
2024-08-17,NE,Inspiration | Summer,5386,70,27.68,0.012997
2024-08-18,NE,Inspiration | Summer,5792,73,32.77,0.012604
2024-08-19,CO,Inspiration | Winter,10911,111,56.15,0.010173
2024-08-20,CO,Inspiration | Winter,10028,105,55.11,0.010471
2024-08-21,CO,Inspiration | Winter,8432,107,56.53,0.01269
2024-08-22,CO,Inspiration | Winter,10817,119,67.59,0.011001
2024-08-23,CO,Inspiration | Winter,8356,122,58.69,0.0146
2024-08-24,CO,Inspiration | Winter,10128,109,59.1,0.010762
2024-08-25,CO,Inspiration | Winter,8494,114,76.7,0.013421
2024-08-19,CO,Inspiration | Summer,6812,116,41.79,0.017029
2024-08-20,CO,Inspiration | Summer,8598,103,55.98,0.01198
2024-08-21,CO,Inspiration | Summer,6877,98,55.97,0.01425
2024-08-22,CO,Inspiration | Summer,9923,117,41.74,0.011791
2024-08-23,CO,Inspiration | Summer,6766,99,50.04,0.014632
2024-08-24,CO,Inspiration | Summer,9991,134,40.92,0.013412
2024-08-25,CO,Inspiration | Summer,7762,103,42.59,0.01327
2024-08-19,UT,Inspiration | Winter,8932,75,51.83,0.008397
2024-08-20,UT,Inspiration | Winter,8654,94,59.14,0.010862
2024-08-21,UT,Inspiration | Winter,8641,75,61.38,0.00868
2024-08-22,UT,Inspiration | Winter,7526,98,54.32,0.013022
2024-08-23,UT,Inspiration | Winter,7719,106,52.88,0.013732
2024-08-24,UT,Inspiration | Winter,9061,94,50.61,0.010374
2024-08-25,UT,Inspiration | Winter,8503,94,47.66,0.011055
2024-08-19,UT,Inspiration | Summer,5876,96,42.95,0.016338
2024-08-20,UT,Inspiration | Summer,6696,89,32.24,0.013292
2024-08-21,UT,Inspiration | Summer,7867,80,42.83,0.010169
2024-08-22,UT,Inspiration | Summer,6342,86,35.77,0.01356
2024-08-23,UT,Inspiration | Summer,5838,67,29.93,0.011477
2024-08-24,UT,Inspiration | Summer,5334,74,45.6,0.013873
2024-08-25,UT,Inspiration | Summer,6810,83,30.3,0.012188
2024-08-19,CA,Inspiration | Winter,11027,122,75.74,0.011064
2024-08-20,CA,Inspiration | Winter,9923,131,70.63,0.013202
2024-08-21,CA,Inspiration | Winter,12528,99,51.83,0.007902
2024-08-22,CA,Inspiration | Winter,8140,95,52.72,0.011671
2024-08-23,CA,Inspiration | Winter,8628,114,63.92,0.013213
2024-08-24,CA,Inspiration | Winter,9526,86,69.06,0.009028
2024-08-25,CA,Inspiration | Winter,10022,124,62.77,0.012373
2024-08-19,CA,Inspiration | Summer,7045,74,38.27,0.010504
2024-08-20,CA,Inspiration | Summer,5873,99,35.27,0.016857
2024-08-21,CA,Inspiration | Summer,5625,94,42.97,0.016711
2024-08-22,CA,Inspiration | Summer,6327,81,32.65,0.012802
2024-08-23,CA,Inspiration | Summer,7728,98,38.13,0.012681
2024-08-24,CA,Inspiration | Summer,5864,67,34.13,0.011426
2024-08-25,CA,Inspiration | Summer,6846,87,41.37,0.012708
2024-08-19,PN,Inspiration | Winter,6610,107,62.46,0.016188
2024-08-20,PN,Inspiration | Winter,8302,82,60.63,0.009877
2024-08-21,PN,Inspiration | Winter,7372,93,47.75,0.012615
2024-08-22,PN,Inspiration | Winter,9556,92,52.74,0.009627
2024-08-23,PN,Inspiration | Winter,9757,99,57.45,0.010147
2024-08-24,PN,Inspiration | Winter,9188,101,54.11,0.010993
2024-08-25,PN,Inspiration | Winter,9251,86,49.09,0.009296
2024-08-19,PN,Inspiration | Summer,6632,71,34.49,0.010706
2024-08-20,PN,Inspiration | Summer,5821,80,27.22,0.013743
2024-08-21,PN,Inspiration | Summer,5353,74,39.31,0.013824
2024-08-22,PN,Inspiration | Summer,5651,77,38.62,0.013626
2024-08-23,PN,Inspiration | Summer,5967,89,39.33,0.014915
2024-08-24,PN,Inspiration | Summer,6962,87,29.5,0.012496
2024-08-25,PN,Inspiration | Summer,6015,91,37.44,0.015129
2024-08-19,NE,Inspiration | Winter,8288,93,52.91,0.011221
2024-08-20,NE,Inspiration | Winter,8275,103,51.05,0.012447
2024-08-21,NE,Inspiration | Winter,10248,79,56.28,0.007709
2024-08-22,NE,Inspiration | Winter,8683,99,43.63,0.011402
2024-08-23,NE,Inspiration | Winter,8269,88,56.33,0.010642
2024-08-24,NE,Inspiration | Winter,7187,80,59.92,0.011131
2024-08-25,NE,Inspiration | Winter,7709,102,55.3,0.013231
2024-08-19,NE,Inspiration | Summer,7655,85,33.98,0.011104
2024-08-20,NE,Inspiration | Summer,6491,71,38.89,0.010938
2024-08-21,NE,Inspiration | Summer,5545,94,33.03,0.016952
2024-08-22,NE,Inspiration | Summer,5879,97,36.19,0.016499
2024-08-23,NE,Inspiration | Summer,8337,74,35.93,0.008876
2024-08-24,NE,Inspiration | Summer,6066,96,41.69,0.015826
2024-08-25,NE,Inspiration | Summer,6398,66,49.26,0.010316
2024-08-26,CO,Inspiration | Winter,16005,166,100.15,0.010372
2024-08-27,CO,Inspiration | Winter,11873,130,85.51,0.010949
2024-08-28,CO,Inspiration | Winter,12448,174,94.21,0.013978
2024-08-29,CO,Inspiration | Winter,12968,146,100.45,0.011258
2024-08-30,CO,Inspiration | Winter,17407,129,86.2,0.007411
2024-08-31,CO,Inspiration | Winter,12008,171,71.51,0.014241
2024-09-01,CO,Inspiration | Winter,11560,155,65.28,0.013408
2024-08-26,CO,Inspiration | Summer,10732,103,51.41,0.009597
2024-08-27,CO,Inspiration | Summer,8412,135,60.28,0.016049
2024-08-28,CO,Inspiration | Summer,12500,138,62.03,0.01104
2024-08-29,CO,Inspiration | Summer,11755,137,65.03,0.011655
2024-08-30,CO,Inspiration | Summer,8104,145,52.72,0.017892
2024-08-31,CO,Inspiration | Summer,9015,135,63.88,0.014975
2024-09-01,CO,Inspiration | Summer,9851,141,52.79,0.014313
2024-08-26,UT,Inspiration | Winter,12826,108,66.84,0.00842
2024-08-27,UT,Inspiration | Winter,10916,139,83.93,0.012734
2024-08-28,UT,Inspiration | Winter,9431,123,56.1,0.013042
2024-08-29,UT,Inspiration | Winter,10530,118,73.21,0.011206
2024-08-30,UT,Inspiration | Winter,10845,114,86.6,0.010512
2024-08-31,UT,Inspiration | Winter,13250,114,76.69,0.008604
2024-09-01,UT,Inspiration | Winter,13222,115,75.15,0.008698
2024-08-26,UT,Inspiration | Summer,7130,117,49.24,0.01641
2024-08-27,UT,Inspiration | Summer,9084,127,45.26,0.013981
2024-08-28,UT,Inspiration | Summer,7311,87,45.37,0.0119
2024-08-29,UT,Inspiration | Summer,7320,92,43.96,0.012568
2024-08-30,UT,Inspiration | Summer,7544,93,40.69,0.012328
2024-08-31,UT,Inspiration | Summer,10000,131,52.68,0.0131
2024-09-01,UT,Inspiration | Summer,7947,111,49.55,0.013968
2024-08-26,CA,Inspiration | Winter,13593,148,74.1,0.010888
2024-08-27,CA,Inspiration | Winter,11502,129,66.42,0.011215
2024-08-28,CA,Inspiration | Winter,12098,147,69.36,0.012151
2024-08-29,CA,Inspiration | Winter,9012,99,73.97,0.010985
2024-08-30,CA,Inspiration | Winter,13708,132,84.55,0.009629
2024-08-31,CA,Inspiration | Winter,9470,105,84.26,0.011088
2024-09-01,CA,Inspiration | Winter,12880,134,73.82,0.010404
2024-08-26,CA,Inspiration | Summer,9322,99,39.36,0.01062
2024-08-27,CA,Inspiration | Summer,8172,94,56.63,0.011503
2024-08-28,CA,Inspiration | Summer,8048,88,42.57,0.010934
2024-08-29,CA,Inspiration | Summer,8050,115,40.76,0.014286
2024-08-30,CA,Inspiration | Summer,7594,107,57.09,0.01409
2024-08-31,CA,Inspiration | Summer,7129,114,44.23,0.015991
2024-09-01,CA,Inspiration | Summer,7735,102,44.45,0.013187
2024-08-26,PN,Inspiration | Winter,12806,122,76.6,0.009527
2024-08-27,PN,Inspiration | Winter,12161,119,66.45,0.009785
2024-08-28,PN,Inspiration | Winter,12470,125,75.01,0.010024
2024-08-29,PN,Inspiration | Winter,11716,138,87.99,0.011779
2024-08-30,PN,Inspiration | Winter,12023,146,62.73,0.012143
2024-08-31,PN,Inspiration | Winter,10529,155,80.7,0.014721
2024-09-01,PN,Inspiration | Winter,9872,113,72.6,0.011447
2024-08-26,PN,Inspiration | Summer,8933,107,48.69,0.011978
2024-08-27,PN,Inspiration | Summer,8445,109,57.02,0.012907
2024-08-28,PN,Inspiration | Summer,7700,113,45.85,0.014675
2024-08-29,PN,Inspiration | Summer,7708,83,42.17,0.010768
2024-08-30,PN,Inspiration | Summer,10118,103,40.92,0.01018
2024-08-31,PN,Inspiration | Summer,7870,119,52.73,0.015121
2024-09-01,PN,Inspiration | Summer,7226,105,49.02,0.014531
2024-08-26,NE,Inspiration | Winter,11659,108,60.46,0.009263
2024-08-27,NE,Inspiration | Winter,11580,122,52.65,0.010535
2024-08-28,NE,Inspiration | Winter,7837,100,58.97,0.01276
2024-08-29,NE,Inspiration | Winter,11417,128,61.33,0.011211
2024-08-30,NE,Inspiration | Winter,8697,118,73.85,0.013568
2024-08-31,NE,Inspiration | Winter,9999,113,64.16,0.011301
2024-09-01,NE,Inspiration | Winter,7926,112,70.91,0.014131
2024-08-26,NE,Inspiration | Summer,6620,84,39.02,0.012689
2024-08-27,NE,Inspiration | Summer,7264,106,42.99,0.014593
2024-08-28,NE,Inspiration | Summer,8341,100,46.65,0.011989
2024-08-29,NE,Inspiration | Summer,7397,100,48.99,0.013519
2024-08-30,NE,Inspiration | Summer,5976,96,45.92,0.016064
2024-08-31,NE,Inspiration | Summer,8842,97,36.56,0.01097
2024-09-01,NE,Inspiration | Summer,8710,102,48.15,0.011711
2024-09-02,CO,Inspiration | Winter,10597,94,67.21,0.00887
2024-09-03,CO,Inspiration | Winter,8803,104,60.08,0.011814
2024-09-04,CO,Inspiration | Winter,8468,108,51.7,0.012754
2024-09-05,CO,Inspiration | Winter,7600,96,70.25,0.012632
2024-09-06,CO,Inspiration | Winter,8507,104,50.73,0.012225
2024-09-07,CO,Inspiration | Winter,11600,106,75.02,0.009138
2024-09-08,CO,Inspiration | Winter,11187,109,52.29,0.009743
2024-09-02,CO,Inspiration | Summer,7639,98,50.41,0.012829
2024-09-03,CO,Inspiration | Summer,8790,95,47.56,0.010808
2024-09-04,CO,Inspiration | Summer,8018,89,42.39,0.0111
2024-09-05,CO,Inspiration | Summer,8023,90,46.09,0.011218
2024-09-06,CO,Inspiration | Summer,7564,113,49.55,0.014939
2024-09-07,CO,Inspiration | Summer,8181,107,49.75,0.013079
2024-09-08,CO,Inspiration | Summer,7621,111,38.1,0.014565
2024-09-02,UT,Inspiration | Winter,7010,107,64.56,0.015264
2024-09-03,UT,Inspiration | Winter,10715,97,66.3,0.009053
2024-09-04,UT,Inspiration | Winter,10506,89,50.36,0.008471
2024-09-05,UT,Inspiration | Winter,7474,115,45.66,0.015387
2024-09-06,UT,Inspiration | Winter,10686,130,65.56,0.012165
2024-09-07,UT,Inspiration | Winter,10189,91,57.26,0.008931
2024-09-08,UT,Inspiration | Winter,8475,93,66.66,0.010973
2024-09-02,UT,Inspiration | Summer,6593,69,39.23,0.010466
2024-09-03,UT,Inspiration | Summer,7345,75,36.6,0.010211
2024-09-04,UT,Inspiration | Summer,6444,101,38.87,0.015673
2024-09-05,UT,Inspiration | Summer,7654,83,41.98,0.010844
2024-09-06,UT,Inspiration | Summer,5740,88,44.85,0.015331
2024-09-07,UT,Inspiration | Summer,7346,77,39.09,0.010482
2024-09-08,UT,Inspiration | Summer,5532,91,29.98,0.01645
2024-09-02,CA,Inspiration | Winter,8393,96,72.21,0.011438
2024-09-03,CA,Inspiration | Winter,8960,100,69.41,0.011161
2024-09-04,CA,Inspiration | Winter,12002,117,49.7,0.009748
2024-09-05,CA,Inspiration | Winter,11617,110,56.93,0.009469
2024-09-06,CA,Inspiration | Winter,9540,106,50.93,0.011111
2024-09-07,CA,Inspiration | Winter,9036,125,76.06,0.013834
2024-09-08,CA,Inspiration | Winter,8950,123,63.15,0.013743
2024-09-02,CA,Inspiration | Summer,7282,104,51.83,0.014282
2024-09-03,CA,Inspiration | Summer,9027,113,47.35,0.012518
2024-09-04,CA,Inspiration | Summer,7052,110,43.59,0.015598
2024-09-05,CA,Inspiration | Summer,8570,101,41.78,0.011785
2024-09-06,CA,Inspiration | Summer,8913,88,48.43,0.009873
2024-09-07,CA,Inspiration | Summer,7236,74,41.66,0.010227
2024-09-08,CA,Inspiration | Summer,7852,105,49.77,0.013372
2024-09-02,PN,Inspiration | Winter,8863,60,46.16,0.00677
2024-09-03,PN,Inspiration | Winter,5923,88,37.47,0.014857
2024-09-04,PN,Inspiration | Winter,6035,75,46.26,0.012428
2024-09-05,PN,Inspiration | Winter,5919,74,53.61,0.012502
2024-09-06,PN,Inspiration | Winter,6444,84,39.8,0.013035
2024-09-07,PN,Inspiration | Winter,6920,74,49.74,0.010694
2024-09-08,PN,Inspiration | Winter,9195,63,42.48,0.006852
2024-09-02,PN,Inspiration | Summer,6370,98,45.58,0.015385
2024-09-03,PN,Inspiration | Summer,6677,113,47.46,0.016924
2024-09-04,PN,Inspiration | Summer,9625,93,42.63,0.009662
2024-09-05,PN,Inspiration | Summer,8088,80,45.92,0.009891
2024-09-06,PN,Inspiration | Summer,7772,83,49.25,0.010679
2024-09-07,PN,Inspiration | Summer,8125,92,38.25,0.011323
2024-09-08,PN,Inspiration | Summer,6379,94,38.51,0.014736
2024-09-02,NE,Inspiration | Winter,8999,73,62.39,0.008112
2024-09-03,NE,Inspiration | Winter,7185,86,56.09,0.011969
2024-09-04,NE,Inspiration | Winter,9351,95,45.53,0.010159
2024-09-05,NE,Inspiration | Winter,7190,79,50.86,0.010987
2024-09-06,NE,Inspiration | Winter,7126,96,50.41,0.013472
2024-09-07,NE,Inspiration | Winter,8199,91,43.24,0.011099
2024-09-08,NE,Inspiration | Winter,9613,90,60.52,0.009362
2024-09-02,NE,Inspiration | Summer,6221,96,33.5,0.015432
2024-09-03,NE,Inspiration | Summer,6605,103,37.89,0.015594
2024-09-04,NE,Inspiration | Summer,5656,78,41.49,0.013791
2024-09-05,NE,Inspiration | Summer,7841,69,39.16,0.0088
2024-09-06,NE,Inspiration | Summer,6058,86,41.04,0.014196
2024-09-07,NE,Inspiration | Summer,7697,92,44.85,0.011953
2024-09-08,NE,Inspiration | Summer,7297,88,36.84,0.01206
2024-09-09,CO,Inspiration | Winter,9855,111,67.08,0.011263
2024-09-10,CO,Inspiration | Winter,11619,113,68.64,0.009725
2024-09-11,CO,Inspiration | Winter,13992,138,66.29,0.009863
2024-09-12,CO,Inspiration | Winter,13014,136,62.95,0.01045
2024-09-13,CO,Inspiration | Winter,10096,121,72.9,0.011985
2024-09-14,CO,Inspiration | Winter,9516,139,81.94,0.014607
2024-09-15,CO,Inspiration | Winter,10830,105,85.3,0.009695
2024-09-09,CO,Inspiration | Summer,8393,127,38.41,0.015132
2024-09-10,CO,Inspiration | Summer,7317,105,49.56,0.01435
2024-09-11,CO,Inspiration | Summer,7542,112,56.32,0.01485
2024-09-12,CO,Inspiration | Summer,7088,126,52.78,0.017777
2024-09-13,CO,Inspiration | Summer,6994,107,49.76,0.015299
2024-09-14,CO,Inspiration | Summer,9153,91,37.5,0.009942
2024-09-15,CO,Inspiration | Summer,9538,98,40.6,0.010275
2024-09-09,UT,Inspiration | Winter,9415,116,53.08,0.012321
2024-09-10,UT,Inspiration | Winter,10791,92,54.03,0.008526
2024-09-11,UT,Inspiration | Winter,8296,106,63.07,0.012777
2024-09-12,UT,Inspiration | Winter,9547,107,73.65,0.011208
2024-09-13,UT,Inspiration | Winter,8916,104,57.96,0.011664
2024-09-14,UT,Inspiration | Winter,8124,108,56.93,0.013294
2024-09-15,UT,Inspiration | Winter,9370,112,53.82,0.011953
2024-09-09,UT,Inspiration | Summer,5705,93,29.57,0.016301
2024-09-10,UT,Inspiration | Summer,5423,93,33.07,0.017149
2024-09-11,UT,Inspiration | Summer,6794,76,38.39,0.011186
2024-09-12,UT,Inspiration | Summer,6407,89,39.44,0.013891
2024-09-13,UT,Inspiration | Summer,7646,80,35.66,0.010463
2024-09-14,UT,Inspiration | Summer,5367,83,35.52,0.015465
2024-09-15,UT,Inspiration | Summer,6810,86,44.46,0.012628
2024-09-09,CA,Inspiration | Winter,8905,93,51.75,0.010444
2024-09-10,CA,Inspiration | Winter,6743,82,55.2,0.012161
2024-09-11,CA,Inspiration | Winter,9811,83,43.5,0.00846
2024-09-12,CA,Inspiration | Winter,8774,102,66.43,0.011625
2024-09-13,CA,Inspiration | Winter,8368,81,49.92,0.00968
2024-09-14,CA,Inspiration | Winter,7794,96,54.03,0.012317
2024-09-15,CA,Inspiration | Winter,8680,73,57.26,0.00841
2024-09-09,CA,Inspiration | Summer,9003,139,39.47,0.015439
2024-09-10,CA,Inspiration | Summer,7714,103,41.97,0.013352
2024-09-11,CA,Inspiration | Summer,8603,97,45.72,0.011275
2024-09-12,CA,Inspiration | Summer,6107,93,50.52,0.015228
2024-09-13,CA,Inspiration | Summer,6427,95,50.51,0.014781
2024-09-14,CA,Inspiration | Summer,7942,101,46.16,0.012717
2024-09-15,CA,Inspiration | Summer,8945,104,43.15,0.011627
2024-09-09,PN,Inspiration | Winter,7660,92,51.93,0.01201
2024-09-10,PN,Inspiration | Winter,7083,87,41.82,0.012283
2024-09-11,PN,Inspiration | Winter,7555,92,40.6,0.012177
2024-09-12,PN,Inspiration | Winter,7131,85,41.39,0.01192
2024-09-13,PN,Inspiration | Winter,6239,85,55.7,0.013624
2024-09-14,PN,Inspiration | Winter,8049,91,44.04,0.011306
2024-09-15,PN,Inspiration | Winter,8701,83,59.99,0.009539
2024-09-09,PN,Inspiration | Summer,6509,73,45.16,0.011215
2024-09-10,PN,Inspiration | Summer,6534,91,40.51,0.013927
2024-09-11,PN,Inspiration | Summer,7666,83,41.36,0.010827
2024-09-12,PN,Inspiration | Summer,5456,70,31.1,0.01283
2024-09-13,PN,Inspiration | Summer,7345,87,36.71,0.011845
2024-09-14,PN,Inspiration | Summer,6963,77,42.6,0.011058
2024-09-15,PN,Inspiration | Summer,6153,84,33.0,0.013652
2024-09-09,NE,Inspiration | Winter,7611,89,56.28,0.011694
2024-09-10,NE,Inspiration | Winter,7654,82,48.85,0.010713
2024-09-11,NE,Inspiration | Winter,9539,117,55.27,0.012265
2024-09-12,NE,Inspiration | Winter,7427,81,56.88,0.010906
2024-09-13,NE,Inspiration | Winter,8248,106,58.49,0.012852
2024-09-14,NE,Inspiration | Winter,9438,106,48.56,0.011231
2024-09-15,NE,Inspiration | Winter,8608,93,50.23,0.010804
2024-09-09,NE,Inspiration | Summer,7129,75,33.27,0.01052
2024-09-10,NE,Inspiration | Summer,6836,82,38.83,0.011995
2024-09-11,NE,Inspiration | Summer,5398,98,39.75,0.018155
2024-09-12,NE,Inspiration | Summer,7272,94,41.14,0.012926
2024-09-13,NE,Inspiration | Summer,6125,77,28.25,0.012571
2024-09-14,NE,Inspiration | Summer,5627,94,34.72,0.016705
2024-09-15,NE,Inspiration | Summer,5572,67,39.0,0.012024
2024-09-16,CO,Inspiration | Winter,10229,133,56.48,0.013002
2024-09-17,CO,Inspiration | Winter,8298,119,57.05,0.014341
2024-09-18,CO,Inspiration | Winter,11493,101,68.74,0.008788
2024-09-19,CO,Inspiration | Winter,11166,104,62.96,0.009314
2024-09-20,CO,Inspiration | Winter,9463,90,58.69,0.009511
2024-09-21,CO,Inspiration | Winter,11616,128,82.37,0.011019
2024-09-22,CO,Inspiration | Winter,11262,116,84.29,0.0103
2024-09-16,CO,Inspiration | Summer,8000,111,47.17,0.013875
2024-09-17,CO,Inspiration | Summer,7893,97,49.78,0.012289
2024-09-18,CO,Inspiration | Summer,8434,103,43.31,0.012212
2024-09-19,CO,Inspiration | Summer,9085,86,41.73,0.009466
2024-09-20,CO,Inspiration | Summer,7605,118,43.28,0.015516
2024-09-21,CO,Inspiration | Summer,7048,92,49.19,0.013053
2024-09-22,CO,Inspiration | Summer,7251,92,46.37,0.012688
2024-09-16,UT,Inspiration | Winter,8063,93,63.76,0.011534
2024-09-17,UT,Inspiration | Winter,8985,94,62.35,0.010462
2024-09-18,UT,Inspiration | Winter,8179,102,70.8,0.012471
2024-09-19,UT,Inspiration | Winter,11601,127,47.01,0.010947
2024-09-20,UT,Inspiration | Winter,10739,102,47.46,0.009498
2024-09-21,UT,Inspiration | Winter,9187,95,64.27,0.010341
2024-09-22,UT,Inspiration | Winter,8531,107,62.19,0.012542
2024-09-16,UT,Inspiration | Summer,6457,83,39.09,0.012854
2024-09-17,UT,Inspiration | Summer,6399,68,38.08,0.010627
2024-09-18,UT,Inspiration | Summer,5847,76,32.11,0.012998
2024-09-19,UT,Inspiration | Summer,5801,90,35.97,0.015515
2024-09-20,UT,Inspiration | Summer,6019,69,31.89,0.011464
2024-09-21,UT,Inspiration | Summer,4816,88,30.3,0.018272
2024-09-22,UT,Inspiration | Summer,6322,76,34.19,0.012022
2024-09-16,CA,Inspiration | Winter,8501,116,54.66,0.013645
2024-09-17,CA,Inspiration | Winter,10340,107,73.88,0.010348
2024-09-18,CA,Inspiration | Winter,10303,94,50.81,0.009124
2024-09-19,CA,Inspiration | Winter,9983,91,65.08,0.009115
2024-09-20,CA,Inspiration | Winter,7686,98,53.55,0.01275
2024-09-21,CA,Inspiration | Winter,8596,109,49.92,0.01268
2024-09-22,CA,Inspiration | Winter,7900,106,57.27,0.013418
2024-09-16,CA,Inspiration | Summer,5661,77,34.74,0.013602
2024-09-17,CA,Inspiration | Summer,7955,79,35.36,0.009931
2024-09-18,CA,Inspiration | Summer,6401,79,36.54,0.012342
2024-09-19,CA,Inspiration | Summer,7236,89,51.27,0.0123
2024-09-20,CA,Inspiration | Summer,6882,110,34.46,0.015984
2024-09-21,CA,Inspiration | Summer,6946,87,34.71,0.012525
2024-09-22,CA,Inspiration | Summer,7198,87,52.95,0.012087
2024-09-16,PN,Inspiration | Winter,6952,85,53.61,0.012227
2024-09-17,PN,Inspiration | Winter,8305,75,37.73,0.009031
2024-09-18,PN,Inspiration | Winter,8180,68,54.74,0.008313
2024-09-19,PN,Inspiration | Winter,6757,87,40.84,0.012876
2024-09-20,PN,Inspiration | Winter,7212,84,50.75,0.011647
2024-09-21,PN,Inspiration | Winter,6706,86,51.88,0.012824
2024-09-22,PN,Inspiration | Winter,8202,93,45.26,0.011339
2024-09-16,PN,Inspiration | Summer,6778,73,38.31,0.01077
2024-09-17,PN,Inspiration | Summer,6607,92,38.33,0.013925
2024-09-18,PN,Inspiration | Summer,4566,76,31.61,0.016645
2024-09-19,PN,Inspiration | Summer,5843,66,37.34,0.011296
2024-09-20,PN,Inspiration | Summer,6325,91,29.93,0.014387
2024-09-21,PN,Inspiration | Summer,6442,96,38.8,0.014902
2024-09-22,PN,Inspiration | Summer,6935,93,37.97,0.01341
2024-09-16,NE,Inspiration | Winter,10100,96,52.54,0.009505
2024-09-17,NE,Inspiration | Winter,7488,104,63.51,0.013889
2024-09-18,NE,Inspiration | Winter,7893,74,45.17,0.009375
2024-09-19,NE,Inspiration | Winter,7732,102,47.77,0.013192
2024-09-20,NE,Inspiration | Winter,7517,91,52.91,0.012106
2024-09-21,NE,Inspiration | Winter,10376,97,61.95,0.009348
2024-09-22,NE,Inspiration | Winter,8396,100,56.96,0.01191
2024-09-16,NE,Inspiration | Summer,4955,63,33.25,0.012714
2024-09-17,NE,Inspiration | Summer,4675,74,36.44,0.015829
2024-09-18,NE,Inspiration | Summer,6853,77,27.02,0.011236
2024-09-19,NE,Inspiration | Summer,4750,65,33.75,0.013684
2024-09-20,NE,Inspiration | Summer,4786,89,33.56,0.018596
2024-09-21,NE,Inspiration | Summer,6928,88,29.26,0.012702
2024-09-22,NE,Inspiration | Summer,5871,73,31.88,0.012434
2024-09-23,CO,Inspiration | Winter,8680,86,53.83,0.009908
2024-09-24,CO,Inspiration | Winter,9025,74,53.21,0.008199
2024-09-25,CO,Inspiration | Winter,8124,74,52.58,0.009109
2024-09-26,CO,Inspiration | Winter,7848,106,64.97,0.013507
2024-09-27,CO,Inspiration | Winter,10930,112,55.33,0.010247
2024-09-28,CO,Inspiration | Winter,8926,99,50.76,0.011091
2024-09-29,CO,Inspiration | Winter,9558,100,73.08,0.010462
2024-09-23,CO,Inspiration | Summer,10492,113,64.36,0.01077
2024-09-24,CO,Inspiration | Summer,9010,138,46.39,0.015316
2024-09-25,CO,Inspiration | Summer,10606,115,46.72,0.010843
2024-09-26,CO,Inspiration | Summer,9503,92,42.64,0.009681
2024-09-27,CO,Inspiration | Summer,7969,129,59.46,0.016188
2024-09-28,CO,Inspiration | Summer,7138,118,47.69,0.016531
2024-09-29,CO,Inspiration | Summer,7476,108,53.47,0.014446
2024-09-23,UT,Inspiration | Winter,7222,100,54.05,0.013847
2024-09-24,UT,Inspiration | Winter,7016,92,64.6,0.013113
2024-09-25,UT,Inspiration | Winter,9998,97,46.28,0.009702
2024-09-26,UT,Inspiration | Winter,8868,83,49.96,0.009359
2024-09-27,UT,Inspiration | Winter,9864,89,47.14,0.009023
2024-09-28,UT,Inspiration | Winter,8573,97,60.69,0.011315
2024-09-29,UT,Inspiration | Winter,8912,92,64.18,0.010323
2024-09-23,UT,Inspiration | Summer,8668,110,48.92,0.01269
2024-09-24,UT,Inspiration | Summer,8274,106,40.41,0.012811
2024-09-25,UT,Inspiration | Summer,9284,95,42.24,0.010233
2024-09-26,UT,Inspiration | Summer,7274,102,47.34,0.014023
2024-09-27,UT,Inspiration | Summer,7573,99,46.38,0.013073
2024-09-28,UT,Inspiration | Summer,6951,105,48.98,0.015106
2024-09-29,UT,Inspiration | Summer,6622,83,42.67,0.012534
2024-09-23,CA,Inspiration | Winter,11542,122,52.65,0.01057
2024-09-24,CA,Inspiration | Winter,8773,100,62.63,0.011399
2024-09-25,CA,Inspiration | Winter,8741,88,69.31,0.010067
2024-09-26,CA,Inspiration | Winter,9304,87,69.62,0.009351
2024-09-27,CA,Inspiration | Winter,11196,98,58.37,0.008753
2024-09-28,CA,Inspiration | Winter,9487,113,58.83,0.011911
2024-09-29,CA,Inspiration | Winter,9582,99,67.8,0.010332
2024-09-23,CA,Inspiration | Summer,8893,114,46.04,0.012819
2024-09-24,CA,Inspiration | Summer,8754,84,40.57,0.009596
2024-09-25,CA,Inspiration | Summer,8372,90,45.34,0.01075
2024-09-26,CA,Inspiration | Summer,6929,115,40.3,0.016597
2024-09-27,CA,Inspiration | Summer,6368,111,45.97,0.017431
2024-09-28,CA,Inspiration | Summer,6027,94,52.92,0.015596
2024-09-29,CA,Inspiration | Summer,8269,116,39.8,0.014028
2024-09-23,PN,Inspiration | Winter,10736,103,59.3,0.009594
2024-09-24,PN,Inspiration | Winter,7310,91,72.32,0.012449
2024-09-25,PN,Inspiration | Winter,8658,110,55.95,0.012705
2024-09-26,PN,Inspiration | Winter,10745,114,63.31,0.01061
2024-09-27,PN,Inspiration | Winter,8911,104,56.71,0.011671
2024-09-28,PN,Inspiration | Winter,10927,108,66.95,0.009884
2024-09-29,PN,Inspiration | Winter,10164,130,57.14,0.01279
2024-09-23,PN,Inspiration | Summer,7091,78,31.17,0.011
2024-09-24,PN,Inspiration | Summer,5901,80,30.9,0.013557
2024-09-25,PN,Inspiration | Summer,5409,73,40.4,0.013496
2024-09-26,PN,Inspiration | Summer,6318,98,36.19,0.015511
2024-09-27,PN,Inspiration | Summer,5711,93,36.59,0.016284
2024-09-28,PN,Inspiration | Summer,5846,106,39.4,0.018132
2024-09-29,PN,Inspiration | Summer,7449,73,38.95,0.0098
2024-09-23,NE,Inspiration | Winter,7000,103,47.12,0.014714
2024-09-24,NE,Inspiration | Winter,9975,81,43.61,0.00812
2024-09-25,NE,Inspiration | Winter,7982,85,59.45,0.010649
2024-09-26,NE,Inspiration | Winter,8249,115,58.86,0.013941
2024-09-27,NE,Inspiration | Winter,8636,78,51.98,0.009032
2024-09-28,NE,Inspiration | Winter,10343,96,59.1,0.009282
2024-09-29,NE,Inspiration | Winter,7039,93,58.89,0.013212
2024-09-23,NE,Inspiration | Summer,5657,69,26.4,0.012197
2024-09-24,NE,Inspiration | Summer,6116,63,36.57,0.010301
2024-09-25,NE,Inspiration | Summer,6785,90,37.7,0.013265
2024-09-26,NE,Inspiration | Summer,5805,91,32.79,0.015676
2024-09-27,NE,Inspiration | Summer,5032,77,29.22,0.015302
2024-09-28,NE,Inspiration | Summer,5376,87,31.42,0.016183
2024-09-29,NE,Inspiration | Summer,5091,64,37.09,0.012571
2024-09-30,CO,Inspiration | Winter,10312,139,53.73,0.013479
2024-10-01,CO,Inspiration | Winter,13007,107,64.74,0.008226
2024-10-02,CO,Inspiration | Winter,11609,104,71.58,0.008959
2024-10-03,CO,Inspiration | Winter,9346,96,81.04,0.010272
2024-10-04,CO,Inspiration | Winter,10332,114,63.37,0.011034
2024-10-05,CO,Inspiration | Winter,9697,128,79.8,0.0132
2024-10-06,CO,Inspiration | Winter,9574,93,58.54,0.009714
2024-09-30,CO,Inspiration | Summer,7511,104,52.27,0.013846
2024-10-01,CO,Inspiration | Summer,9759,82,37.45,0.008403
2024-10-02,CO,Inspiration | Summer,7216,84,46.42,0.011641
2024-10-03,CO,Inspiration | Summer,6948,100,53.08,0.014393
2024-10-04,CO,Inspiration | Summer,6419,118,38.62,0.018383
2024-10-05,CO,Inspiration | Summer,9776,96,38.43,0.00982
2024-10-06,CO,Inspiration | Summer,7410,96,52.97,0.012955
2024-09-30,UT,Inspiration | Winter,7436,89,50.61,0.011969
2024-10-01,UT,Inspiration | Winter,6429,102,52.58,0.015866
2024-10-02,UT,Inspiration | Winter,8112,78,51.07,0.009615
2024-10-03,UT,Inspiration | Winter,9097,77,46.09,0.008464
2024-10-04,UT,Inspiration | Winter,8744,81,58.91,0.009263
2024-10-05,UT,Inspiration | Winter,8092,100,51.48,0.012358
2024-10-06,UT,Inspiration | Winter,6841,68,39.67,0.00994
2024-09-30,UT,Inspiration | Summer,7228,116,43.2,0.016049
2024-10-01,UT,Inspiration | Summer,8349,107,44.76,0.012816
2024-10-02,UT,Inspiration | Summer,8253,97,45.33,0.011753
2024-10-03,UT,Inspiration | Summer,9064,93,53.59,0.01026
2024-10-04,UT,Inspiration | Summer,8190,140,53.21,0.017094
2024-10-05,UT,Inspiration | Summer,7399,93,40.99,0.012569
2024-10-06,UT,Inspiration | Summer,8591,112,49.95,0.013037
2024-09-30,CA,Inspiration | Winter,8359,88,48.09,0.010528
2024-10-01,CA,Inspiration | Winter,10952,84,62.74,0.00767
2024-10-02,CA,Inspiration | Winter,9461,93,48.3,0.00983
2024-10-03,CA,Inspiration | Winter,9246,95,53.12,0.010275
2024-10-04,CA,Inspiration | Winter,7538,79,62.8,0.01048
2024-10-05,CA,Inspiration | Winter,7899,103,50.0,0.01304
2024-10-06,CA,Inspiration | Winter,7352,96,64.12,0.013058
2024-09-30,CA,Inspiration | Summer,6863,76,37.86,0.011074
2024-10-01,CA,Inspiration | Summer,6678,87,33.34,0.013028
2024-10-02,CA,Inspiration | Summer,5562,92,41.62,0.016541
2024-10-03,CA,Inspiration | Summer,6552,89,45.2,0.013584
2024-10-04,CA,Inspiration | Summer,7151,63,42.64,0.00881
2024-10-05,CA,Inspiration | Summer,6816,70,31.12,0.01027
2024-10-06,CA,Inspiration | Summer,7003,90,38.65,0.012852
2024-09-30,PN,Inspiration | Winter,7610,77,45.76,0.010118
2024-10-01,PN,Inspiration | Winter,6418,111,53.53,0.017295
2024-10-02,PN,Inspiration | Winter,9238,81,53.03,0.008768
2024-10-03,PN,Inspiration | Winter,7530,86,52.1,0.011421
2024-10-04,PN,Inspiration | Winter,8634,94,50.58,0.010887
2024-10-05,PN,Inspiration | Winter,6315,99,57.66,0.015677
2024-10-06,PN,Inspiration | Winter,9230,78,39.17,0.008451
2024-09-30,PN,Inspiration | Summer,5650,75,30.32,0.013274
2024-10-01,PN,Inspiration | Summer,7429,73,44.18,0.009826
2024-10-02,PN,Inspiration | Summer,6129,109,34.92,0.017784
2024-10-03,PN,Inspiration | Summer,7424,108,45.36,0.014547
2024-10-04,PN,Inspiration | Summer,6534,73,34.85,0.011172
2024-10-05,PN,Inspiration | Summer,6696,92,40.17,0.01374
2024-10-06,PN,Inspiration | Summer,5141,90,31.22,0.017506
2024-09-30,NE,Inspiration | Winter,5815,84,41.9,0.014445
2024-10-01,NE,Inspiration | Winter,7161,74,40.27,0.010334
2024-10-02,NE,Inspiration | Winter,6336,78,41.76,0.012311
2024-10-03,NE,Inspiration | Winter,7131,70,39.99,0.009816
2024-10-04,NE,Inspiration | Winter,6646,59,45.69,0.008878
2024-10-05,NE,Inspiration | Winter,6598,58,53.08,0.008791
2024-10-06,NE,Inspiration | Winter,7444,72,38.96,0.009672
2024-09-30,NE,Inspiration | Summer,6953,76,34.49,0.010931
2024-10-01,NE,Inspiration | Summer,4965,74,27.24,0.014904
2024-10-02,NE,Inspiration | Summer,5303,64,34.38,0.012069
2024-10-03,NE,Inspiration | Summer,6785,77,35.77,0.011349
2024-10-04,NE,Inspiration | Summer,5238,66,34.3,0.0126
2024-10-05,NE,Inspiration | Summer,5782,70,35.81,0.012107
2024-10-06,NE,Inspiration | Summer,5410,69,32.55,0.012754
2024-10-07,CO,Inspiration | Winter,9313,93,57.83,0.009986
2024-10-08,CO,Inspiration | Winter,10081,99,67.72,0.00982
2024-10-09,CO,Inspiration | Winter,8775,79,51.0,0.009003
2024-10-10,CO,Inspiration | Winter,10409,91,58.93,0.008742
2024-10-11,CO,Inspiration | Winter,7666,121,48.84,0.015784
2024-10-12,CO,Inspiration | Winter,10555,113,67.37,0.010706
2024-10-13,CO,Inspiration | Winter,8038,97,63.26,0.012068
2024-10-07,CO,Inspiration | Summer,7171,95,61.01,0.013248
2024-10-08,CO,Inspiration | Summer,11173,123,45.49,0.011009
2024-10-09,CO,Inspiration | Summer,8684,126,53.66,0.014509
2024-10-10,CO,Inspiration | Summer,9526,114,52.47,0.011967
2024-10-11,CO,Inspiration | Summer,10155,117,43.54,0.011521
2024-10-12,CO,Inspiration | Summer,8373,115,62.34,0.013735
2024-10-13,CO,Inspiration | Summer,8953,111,52.89,0.012398
2024-10-07,UT,Inspiration | Winter,11532,98,67.03,0.008498
2024-10-08,UT,Inspiration | Winter,8934,89,59.69,0.009962
2024-10-09,UT,Inspiration | Winter,8566,106,53.47,0.012375
2024-10-10,UT,Inspiration | Winter,10622,113,62.99,0.010638
2024-10-11,UT,Inspiration | Winter,9105,111,48.61,0.012191
2024-10-12,UT,Inspiration | Winter,8594,106,67.24,0.012334
2024-10-13,UT,Inspiration | Winter,9811,87,70.81,0.008868
2024-10-07,UT,Inspiration | Summer,6379,74,32.08,0.011601
2024-10-08,UT,Inspiration | Summer,5122,82,32.08,0.016009
2024-10-09,UT,Inspiration | Summer,7071,68,40.03,0.009617
2024-10-10,UT,Inspiration | Summer,5317,85,27.83,0.015986
2024-10-11,UT,Inspiration | Summer,6493,80,34.69,0.012321
2024-10-12,UT,Inspiration | Summer,5841,83,39.83,0.01421
2024-10-13,UT,Inspiration | Summer,5764,57,36.96,0.009889
2024-10-07,CA,Inspiration | Winter,11779,101,82.87,0.008575
2024-10-08,CA,Inspiration | Winter,8625,110,54.73,0.012754
2024-10-09,CA,Inspiration | Winter,11923,110,74.03,0.009226
2024-10-10,CA,Inspiration | Winter,11025,113,71.93,0.010249
2024-10-11,CA,Inspiration | Winter,9098,119,66.0,0.01308
2024-10-12,CA,Inspiration | Winter,10423,105,58.19,0.010074
2024-10-13,CA,Inspiration | Winter,11668,105,69.32,0.008999
2024-10-07,CA,Inspiration | Summer,7032,79,33.38,0.011234
2024-10-08,CA,Inspiration | Summer,7050,109,40.23,0.015461
2024-10-09,CA,Inspiration | Summer,7502,93,44.19,0.012397
2024-10-10,CA,Inspiration | Summer,6813,85,36.28,0.012476
2024-10-11,CA,Inspiration | Summer,6789,109,43.58,0.016055
2024-10-12,CA,Inspiration | Summer,5811,81,36.37,0.013939
2024-10-13,CA,Inspiration | Summer,5767,77,37.2,0.013352
2024-10-07,PN,Inspiration | Winter,6934,85,47.09,0.012258
2024-10-08,PN,Inspiration | Winter,8288,97,47.98,0.011704
2024-10-09,PN,Inspiration | Winter,10043,89,62.31,0.008862
2024-10-10,PN,Inspiration | Winter,7392,99,57.04,0.013393
2024-10-11,PN,Inspiration | Winter,7350,107,54.69,0.014558
2024-10-12,PN,Inspiration | Winter,7513,82,43.42,0.010914
2024-10-13,PN,Inspiration | Winter,8727,81,47.45,0.009282
2024-10-07,PN,Inspiration | Summer,7296,97,49.65,0.013295
2024-10-08,PN,Inspiration | Summer,7688,104,36.37,0.013528
2024-10-09,PN,Inspiration | Summer,7150,95,39.94,0.013287
2024-10-10,PN,Inspiration | Summer,6914,78,39.83,0.011281
2024-10-11,PN,Inspiration | Summer,6620,78,37.53,0.011782
2024-10-12,PN,Inspiration | Summer,5847,100,37.61,0.017103
2024-10-13,PN,Inspiration | Summer,7287,74,42.12,0.010155
2024-10-07,NE,Inspiration | Winter,6794,82,50.28,0.012069
2024-10-08,NE,Inspiration | Winter,7631,91,39.7,0.011925
2024-10-09,NE,Inspiration | Winter,9141,93,53.6,0.010174
2024-10-10,NE,Inspiration | Winter,8069,94,53.9,0.01165
2024-10-11,NE,Inspiration | Winter,7175,93,50.81,0.012962
2024-10-12,NE,Inspiration | Winter,8047,86,51.08,0.010687
2024-10-13,NE,Inspiration | Winter,8366,89,54.07,0.010638
2024-10-07,NE,Inspiration | Summer,6967,75,36.45,0.010765
2024-10-08,NE,Inspiration | Summer,6193,89,36.35,0.014371
2024-10-09,NE,Inspiration | Summer,5027,71,33.13,0.014124
2024-10-10,NE,Inspiration | Summer,7011,92,29.6,0.013122
2024-10-11,NE,Inspiration | Summer,7327,78,38.34,0.010646
2024-10-12,NE,Inspiration | Summer,5978,80,41.83,0.013382
2024-10-13,NE,Inspiration | Summer,6232,94,43.77,0.015083
2024-10-14,CO,Inspiration | Winter,10663,97,47.03,0.009097
2024-10-15,CO,Inspiration | Winter,10573,105,68.01,0.009931
2024-10-16,CO,Inspiration | Winter,8010,87,60.05,0.010861
2024-10-17,CO,Inspiration | Winter,7535,84,68.52,0.011148
2024-10-18,CO,Inspiration | Winter,8551,113,57.76,0.013215
2024-10-19,CO,Inspiration | Winter,10044,106,70.57,0.010554
2024-10-20,CO,Inspiration | Winter,10543,101,49.93,0.00958
2024-10-14,CO,Inspiration | Summer,6533,109,40.94,0.016685
2024-10-15,CO,Inspiration | Summer,8136,93,46.24,0.011431
2024-10-16,CO,Inspiration | Summer,6336,77,36.43,0.012153
2024-10-17,CO,Inspiration | Summer,7330,81,34.66,0.01105
2024-10-18,CO,Inspiration | Summer,8149,76,36.16,0.009326
2024-10-19,CO,Inspiration | Summer,6141,82,40.4,0.013353
2024-10-20,CO,Inspiration | Summer,6241,99,48.61,0.015863
2024-10-14,UT,Inspiration | Winter,8553,104,53.04,0.012159
2024-10-15,UT,Inspiration | Winter,8154,79,47.34,0.009688
2024-10-16,UT,Inspiration | Winter,7663,78,45.43,0.010179
2024-10-17,UT,Inspiration | Winter,9159,72,54.36,0.007861
2024-10-18,UT,Inspiration | Winter,8140,101,55.63,0.012408
2024-10-19,UT,Inspiration | Winter,8795,83,59.17,0.009437
2024-10-20,UT,Inspiration | Winter,6992,94,52.74,0.013444
2024-10-14,UT,Inspiration | Summer,8810,105,44.72,0.011918
2024-10-15,UT,Inspiration | Summer,8306,108,45.41,0.013003
2024-10-16,UT,Inspiration | Summer,7462,93,46.07,0.012463
2024-10-17,UT,Inspiration | Summer,6983,94,47.88,0.013461
2024-10-18,UT,Inspiration | Summer,6495,101,38.88,0.01555
2024-10-19,UT,Inspiration | Summer,7298,97,46.98,0.013291
2024-10-20,UT,Inspiration | Summer,8345,76,41.5,0.009107
2024-10-14,CA,Inspiration | Winter,8208,107,60.82,0.013036
2024-10-15,CA,Inspiration | Winter,10409,116,56.32,0.011144
2024-10-16,CA,Inspiration | Winter,10132,77,51.35,0.0076
2024-10-17,CA,Inspiration | Winter,10215,117,70.01,0.011454
2024-10-18,CA,Inspiration | Winter,9214,104,60.32,0.011287
2024-10-19,CA,Inspiration | Winter,9892,105,76.17,0.010615
2024-10-20,CA,Inspiration | Winter,10469,86,63.65,0.008215
2024-10-14,CA,Inspiration | Summer,7683,90,47.8,0.011714
2024-10-15,CA,Inspiration | Summer,7015,99,36.26,0.014113
2024-10-16,CA,Inspiration | Summer,6672,90,40.13,0.013489
2024-10-17,CA,Inspiration | Summer,7322,112,40.63,0.015296
2024-10-18,CA,Inspiration | Summer,7074,105,41.27,0.014843
2024-10-19,CA,Inspiration | Summer,6378,82,48.06,0.012857
2024-10-20,CA,Inspiration | Summer,8044,87,36.95,0.010816
2024-10-14,PN,Inspiration | Winter,7868,107,49.79,0.013599
2024-10-15,PN,Inspiration | Winter,8541,122,59.04,0.014284
2024-10-16,PN,Inspiration | Winter,10508,90,61.96,0.008565
2024-10-17,PN,Inspiration | Winter,7293,105,51.28,0.014397
2024-10-18,PN,Inspiration | Winter,7169,121,56.27,0.016878
2024-10-19,PN,Inspiration | Winter,10776,84,67.17,0.007795
2024-10-20,PN,Inspiration | Winter,9706,93,50.41,0.009582
2024-10-14,PN,Inspiration | Summer,6862,78,39.07,0.011367
2024-10-15,PN,Inspiration | Summer,5461,98,38.23,0.017945
2024-10-16,PN,Inspiration | Summer,5513,76,35.93,0.013786
2024-10-17,PN,Inspiration | Summer,7729,98,33.0,0.01268
2024-10-18,PN,Inspiration | Summer,7364,88,31.98,0.01195
2024-10-19,PN,Inspiration | Summer,5925,74,40.03,0.012489
2024-10-20,PN,Inspiration | Summer,6545,103,45.08,0.015737
2024-10-14,NE,Inspiration | Winter,5459,70,41.14,0.012823
2024-10-15,NE,Inspiration | Winter,7471,55,41.68,0.007362
2024-10-16,NE,Inspiration | Winter,5753,79,43.56,0.013732
2024-10-17,NE,Inspiration | Winter,6321,55,35.53,0.008701
2024-10-18,NE,Inspiration | Winter,6027,53,32.94,0.008794
2024-10-19,NE,Inspiration | Winter,5920,67,39.5,0.011318
2024-10-20,NE,Inspiration | Winter,6949,74,46.61,0.010649
2024-10-14,NE,Inspiration | Summer,6271,96,37.84,0.015309
2024-10-15,NE,Inspiration | Summer,7102,80,40.89,0.011264
2024-10-16,NE,Inspiration | Summer,5890,95,43.93,0.016129
2024-10-17,NE,Inspiration | Summer,5971,83,34.37,0.013901
2024-10-18,NE,Inspiration | Summer,6483,71,47.7,0.010952
2024-10-19,NE,Inspiration | Summer,7930,83,40.54,0.010467
2024-10-20,NE,Inspiration | Summer,8174,72,32.08,0.008808
2024-10-21,CO,Inspiration | Winter,10382,85,57.72,0.008187
2024-10-22,CO,Inspiration | Winter,10611,116,52.98,0.010932
2024-10-23,CO,Inspiration | Winter,9759,112,54.01,0.011477
2024-10-24,CO,Inspiration | Winter,8908,79,69.28,0.008868
2024-10-25,CO,Inspiration | Winter,8666,119,54.75,0.013732
2024-10-26,CO,Inspiration | Winter,9944,94,70.52,0.009453
2024-10-27,CO,Inspiration | Winter,8737,101,69.59,0.01156
2024-10-21,CO,Inspiration | Summer,6298,97,41.43,0.015402
2024-10-22,CO,Inspiration | Summer,7347,78,45.23,0.010617
2024-10-23,CO,Inspiration | Summer,7140,98,36.47,0.013725
2024-10-24,CO,Inspiration | Summer,8260,87,37.11,0.010533
2024-10-25,CO,Inspiration | Summer,7868,68,47.17,0.008643
2024-10-26,CO,Inspiration | Summer,5782,80,35.18,0.013836
2024-10-27,CO,Inspiration | Summer,6817,92,44.59,0.013496
2024-10-21,UT,Inspiration | Winter,10576,104,56.61,0.009834
2024-10-22,UT,Inspiration | Winter,9321,100,69.27,0.010728
2024-10-23,UT,Inspiration | Winter,9686,115,45.84,0.011873
2024-10-24,UT,Inspiration | Winter,7310,92,61.98,0.012585
2024-10-25,UT,Inspiration | Winter,9924,115,52.84,0.011588
2024-10-26,UT,Inspiration | Winter,8078,79,56.43,0.00978
2024-10-27,UT,Inspiration | Winter,8265,88,61.26,0.010647
2024-10-21,UT,Inspiration | Summer,5418,98,34.97,0.018088
2024-10-22,UT,Inspiration | Summer,6073,73,36.31,0.01202
2024-10-23,UT,Inspiration | Summer,5828,67,36.9,0.011496
2024-10-24,UT,Inspiration | Summer,5523,86,34.97,0.015571
2024-10-25,UT,Inspiration | Summer,7769,84,41.91,0.010812
2024-10-26,UT,Inspiration | Summer,6260,74,32.51,0.011821
2024-10-27,UT,Inspiration | Summer,6179,75,32.13,0.012138
2024-10-21,CA,Inspiration | Winter,9423,118,62.39,0.012523
2024-10-22,CA,Inspiration | Winter,9467,105,53.3,0.011091
2024-10-23,CA,Inspiration | Winter,10499,107,62.73,0.010191
2024-10-24,CA,Inspiration | Winter,9996,125,66.08,0.012505
2024-10-25,CA,Inspiration | Winter,8688,91,55.87,0.010474
2024-10-26,CA,Inspiration | Winter,10818,93,59.75,0.008597
2024-10-27,CA,Inspiration | Winter,8482,112,71.08,0.013204
2024-10-21,CA,Inspiration | Summer,7018,94,43.64,0.013394
2024-10-22,CA,Inspiration | Summer,5745,70,41.87,0.012185
2024-10-23,CA,Inspiration | Summer,6785,81,39.63,0.011938
2024-10-24,CA,Inspiration | Summer,6707,71,38.05,0.010586
2024-10-25,CA,Inspiration | Summer,6759,78,40.99,0.01154
2024-10-26,CA,Inspiration | Summer,7307,98,32.52,0.013412
2024-10-27,CA,Inspiration | Summer,6512,80,34.94,0.012285
2024-10-21,PN,Inspiration | Winter,9930,93,45.66,0.009366
2024-10-22,PN,Inspiration | Winter,7021,70,49.82,0.00997
2024-10-23,PN,Inspiration | Winter,7225,78,45.83,0.010796
2024-10-24,PN,Inspiration | Winter,7769,102,53.39,0.013129
2024-10-25,PN,Inspiration | Winter,7930,74,48.08,0.009332
2024-10-26,PN,Inspiration | Winter,7070,69,51.05,0.00976
2024-10-27,PN,Inspiration | Winter,7668,74,55.7,0.00965
2024-10-21,PN,Inspiration | Summer,7325,78,42.61,0.010648
2024-10-22,PN,Inspiration | Summer,7453,77,41.58,0.010331
2024-10-23,PN,Inspiration | Summer,6940,91,38.34,0.013112
2024-10-24,PN,Inspiration | Summer,5540,93,41.6,0.016787
2024-10-25,PN,Inspiration | Summer,5832,88,40.37,0.015089
2024-10-26,PN,Inspiration | Summer,8063,83,44.22,0.010294
2024-10-27,PN,Inspiration | Summer,8096,87,36.94,0.010746
2024-10-21,NE,Inspiration | Winter,6050,77,42.43,0.012727
2024-10-22,NE,Inspiration | Winter,6278,74,41.75,0.011787
2024-10-23,NE,Inspiration | Winter,6617,55,44.01,0.008312
2024-10-24,NE,Inspiration | Winter,6589,65,42.38,0.009865
2024-10-25,NE,Inspiration | Winter,6197,69,34.27,0.011134
2024-10-26,NE,Inspiration | Winter,7477,77,43.74,0.010298
2024-10-27,NE,Inspiration | Winter,6327,69,42.84,0.010906
2024-10-21,NE,Inspiration | Summer,7379,71,43.7,0.009622
2024-10-22,NE,Inspiration | Summer,7342,77,34.07,0.010488
2024-10-23,NE,Inspiration | Summer,6955,105,39.03,0.015097
2024-10-24,NE,Inspiration | Summer,7216,92,45.15,0.012749
2024-10-25,NE,Inspiration | Summer,5236,88,41.71,0.016807
2024-10-26,NE,Inspiration | Summer,7296,97,31.35,0.013295
2024-10-27,NE,Inspiration | Summer,5864,105,39.25,0.017906
2024-10-28,CO,Inspiration | Winter,11156,92,75.36,0.008247
2024-10-29,CO,Inspiration | Winter,9649,98,57.46,0.010156
2024-10-30,CO,Inspiration | Winter,9506,129,63.56,0.01357
2024-10-31,CO,Inspiration | Winter,10513,90,67.42,0.008561
2024-11-01,CO,Inspiration | Winter,9277,138,69.78,0.014875
2024-11-02,CO,Inspiration | Winter,11504,118,70.7,0.010257
2024-11-03,CO,Inspiration | Winter,12912,111,72.63,0.008597
2024-10-28,CO,Inspiration | Summer,8368,135,55.45,0.016133
2024-10-29,CO,Inspiration | Summer,10142,136,52.34,0.01341
2024-10-30,CO,Inspiration | Summer,7640,105,67.14,0.013743
2024-10-31,CO,Inspiration | Summer,10443,130,45.23,0.012449
2024-11-01,CO,Inspiration | Summer,9940,115,56.46,0.011569
2024-11-02,CO,Inspiration | Summer,8806,157,43.37,0.017829
2024-11-03,CO,Inspiration | Summer,8251,105,48.84,0.012726
2024-10-28,UT,Inspiration | Winter,8099,79,56.03,0.009754
2024-10-29,UT,Inspiration | Winter,8119,71,41.44,0.008745
2024-10-30,UT,Inspiration | Winter,6976,98,52.87,0.014048
2024-10-31,UT,Inspiration | Winter,6475,86,43.65,0.013282
2024-11-01,UT,Inspiration | Winter,6925,92,57.55,0.013285
2024-11-02,UT,Inspiration | Winter,7454,80,40.33,0.010732
2024-11-03,UT,Inspiration | Winter,8603,85,45.09,0.00988
2024-10-28,UT,Inspiration | Summer,7724,75,41.71,0.00971
2024-10-29,UT,Inspiration | Summer,5534,73,36.79,0.013191
2024-10-30,UT,Inspiration | Summer,7204,107,34.59,0.014853
2024-10-31,UT,Inspiration | Summer,7206,94,40.97,0.013045
2024-11-01,UT,Inspiration | Summer,5925,73,37.58,0.012321
2024-11-02,UT,Inspiration | Summer,7979,97,48.62,0.012157
2024-11-03,UT,Inspiration | Summer,7088,84,41.97,0.011851
2024-10-28,CA,Inspiration | Winter,8686,127,63.11,0.014621
2024-10-29,CA,Inspiration | Winter,10501,116,66.57,0.011047
2024-10-30,CA,Inspiration | Winter,9283,134,69.79,0.014435
2024-10-31,CA,Inspiration | Winter,11649,120,79.2,0.010301
2024-11-01,CA,Inspiration | Winter,11658,111,58.02,0.009521
2024-11-02,CA,Inspiration | Winter,9382,122,63.33,0.013004
2024-11-03,CA,Inspiration | Winter,11359,90,64.09,0.007923
2024-10-28,CA,Inspiration | Summer,8047,109,56.99,0.013545
2024-10-29,CA,Inspiration | Summer,9020,101,44.56,0.011197
2024-10-30,CA,Inspiration | Summer,7323,131,51.05,0.017889
2024-10-31,CA,Inspiration | Summer,7335,104,53.84,0.014179
2024-11-01,CA,Inspiration | Summer,9395,127,58.45,0.013518
2024-11-02,CA,Inspiration | Summer,8318,120,39.21,0.014427
2024-11-03,CA,Inspiration | Summer,10198,92,41.8,0.009021
2024-10-28,PN,Inspiration | Winter,9166,93,56.85,0.010146
2024-10-29,PN,Inspiration | Winter,11652,113,66.38,0.009698
2024-10-30,PN,Inspiration | Winter,8614,102,62.91,0.011841
2024-10-31,PN,Inspiration | Winter,10803,105,58.33,0.00972
2024-11-01,PN,Inspiration | Winter,8145,86,47.1,0.010559
2024-11-02,PN,Inspiration | Winter,8509,101,63.81,0.01187
2024-11-03,PN,Inspiration | Winter,9116,85,67.05,0.009324
2024-10-28,PN,Inspiration | Summer,7569,98,47.96,0.012948
2024-10-29,PN,Inspiration | Summer,9307,88,37.99,0.009455
2024-10-30,PN,Inspiration | Summer,7323,90,57.13,0.01229
2024-10-31,PN,Inspiration | Summer,6987,99,40.84,0.014169
2024-11-01,PN,Inspiration | Summer,9083,111,41.14,0.012221
2024-11-02,PN,Inspiration | Summer,7113,92,41.04,0.012934
2024-11-03,PN,Inspiration | Summer,6093,98,44.06,0.016084
2024-10-28,NE,Inspiration | Winter,7940,71,46.5,0.008942
2024-10-29,NE,Inspiration | Winter,7567,79,39.23,0.01044
2024-10-30,NE,Inspiration | Winter,7542,77,51.35,0.010209
2024-10-31,NE,Inspiration | Winter,5479,73,38.18,0.013324
2024-11-01,NE,Inspiration | Winter,7826,70,43.48,0.008945
2024-11-02,NE,Inspiration | Winter,5553,69,51.58,0.012426
2024-11-03,NE,Inspiration | Winter,6954,70,42.38,0.010066
2024-10-28,NE,Inspiration | Summer,4523,72,31.82,0.015919
2024-10-29,NE,Inspiration | Summer,5318,64,26.91,0.012035
2024-10-30,NE,Inspiration | Summer,6014,59,24.51,0.00981
2024-10-31,NE,Inspiration | Summer,4342,80,31.86,0.018425
2024-11-01,NE,Inspiration | Summer,5108,66,29.78,0.012921
2024-11-02,NE,Inspiration | Summer,4340,66,33.67,0.015207
2024-11-03,NE,Inspiration | Summer,5518,61,25.41,0.011055
2024-11-04,CO,Inspiration | Winter,9622,127,69.41,0.013199
2024-11-05,CO,Inspiration | Winter,10999,92,66.37,0.008364
2024-11-06,CO,Inspiration | Winter,9694,121,60.74,0.012482
2024-11-07,CO,Inspiration | Winter,9685,140,63.78,0.014455
2024-11-08,CO,Inspiration | Winter,10274,133,61.62,0.012945
2024-11-09,CO,Inspiration | Winter,10423,100,81.05,0.009594
2024-11-10,CO,Inspiration | Winter,12627,126,66.32,0.009979
2024-11-04,CO,Inspiration | Summer,9282,129,50.28,0.013898
2024-11-05,CO,Inspiration | Summer,9472,95,43.23,0.01003
2024-11-06,CO,Inspiration | Summer,7291,138,47.99,0.018927
2024-11-07,CO,Inspiration | Summer,7135,122,51.49,0.017099
2024-11-08,CO,Inspiration | Summer,9999,120,51.73,0.012001
2024-11-09,CO,Inspiration | Summer,8192,99,45.28,0.012085
2024-11-10,CO,Inspiration | Summer,8175,122,55.36,0.014924
2024-11-04,UT,Inspiration | Winter,10503,132,69.0,0.012568
2024-11-05,UT,Inspiration | Winter,11781,132,67.98,0.011204
2024-11-06,UT,Inspiration | Winter,10867,147,62.72,0.013527
2024-11-07,UT,Inspiration | Winter,10655,118,65.76,0.011075
2024-11-08,UT,Inspiration | Winter,9188,114,61.83,0.012407
2024-11-09,UT,Inspiration | Winter,10924,105,63.97,0.009612
2024-11-10,UT,Inspiration | Winter,10106,122,82.49,0.012072
2024-11-04,UT,Inspiration | Summer,7607,84,36.91,0.011042
2024-11-05,UT,Inspiration | Summer,5826,91,39.17,0.01562
2024-11-06,UT,Inspiration | Summer,6702,86,43.47,0.012832
2024-11-07,UT,Inspiration | Summer,7932,99,37.11,0.012481
2024-11-08,UT,Inspiration | Summer,7819,103,44.01,0.013173
2024-11-09,UT,Inspiration | Summer,6322,86,36.61,0.013603
2024-11-10,UT,Inspiration | Summer,5918,94,41.86,0.015884
2024-11-04,CA,Inspiration | Winter,7989,106,70.62,0.013268
2024-11-05,CA,Inspiration | Winter,8864,107,52.3,0.012071
2024-11-06,CA,Inspiration | Winter,12113,91,66.19,0.007513
2024-11-07,CA,Inspiration | Winter,9441,126,70.22,0.013346
2024-11-08,CA,Inspiration | Winter,11402,125,60.57,0.010963
2024-11-09,CA,Inspiration | Winter,8486,115,53.18,0.013552
2024-11-10,CA,Inspiration | Winter,10157,128,65.02,0.012602
2024-11-04,CA,Inspiration | Summer,7466,119,48.02,0.015939
2024-11-05,CA,Inspiration | Summer,6794,104,39.23,0.015308
2024-11-06,CA,Inspiration | Summer,6725,78,44.27,0.011599
2024-11-07,CA,Inspiration | Summer,8835,85,37.17,0.009621
2024-11-08,CA,Inspiration | Summer,7742,104,46.69,0.013433
2024-11-09,CA,Inspiration | Summer,6840,114,48.13,0.016667
2024-11-10,CA,Inspiration | Summer,8184,79,41.49,0.009653
2024-11-04,PN,Inspiration | Winter,8254,101,53.44,0.012236
2024-11-05,PN,Inspiration | Winter,12018,93,57.92,0.007738
2024-11-06,PN,Inspiration | Winter,8587,96,68.88,0.01118
2024-11-07,PN,Inspiration | Winter,8232,109,61.7,0.013241
2024-11-08,PN,Inspiration | Winter,9447,100,58.14,0.010585
2024-11-09,PN,Inspiration | Winter,9278,80,62.75,0.008623
2024-11-10,PN,Inspiration | Winter,10197,96,59.64,0.009415
2024-11-04,PN,Inspiration | Summer,8153,108,38.43,0.013247
2024-11-05,PN,Inspiration | Summer,6082,95,47.46,0.01562
2024-11-06,PN,Inspiration | Summer,7555,94,40.26,0.012442
2024-11-07,PN,Inspiration | Summer,6353,101,33.99,0.015898
2024-11-08,PN,Inspiration | Summer,7644,86,39.61,0.011251
2024-11-09,PN,Inspiration | Summer,6667,87,41.4,0.013049
2024-11-10,PN,Inspiration | Summer,5749,85,38.43,0.014785
2024-11-04,NE,Inspiration | Winter,6734,75,60.48,0.011138
2024-11-05,NE,Inspiration | Winter,6309,84,56.81,0.013314
2024-11-06,NE,Inspiration | Winter,7714,69,43.31,0.008945
2024-11-07,NE,Inspiration | Winter,9304,69,41.03,0.007416
2024-11-08,NE,Inspiration | Winter,8302,84,45.78,0.010118
2024-11-09,NE,Inspiration | Winter,7122,99,42.6,0.013901
2024-11-10,NE,Inspiration | Winter,7384,78,48.33,0.010563
2024-11-04,NE,Inspiration | Summer,5080,77,40.26,0.015157
2024-11-05,NE,Inspiration | Summer,5410,72,39.08,0.013309
2024-11-06,NE,Inspiration | Summer,7323,70,33.5,0.009559
2024-11-07,NE,Inspiration | Summer,6873,79,32.85,0.011494
2024-11-08,NE,Inspiration | Summer,5663,77,39.35,0.013597
2024-11-09,NE,Inspiration | Summer,6363,57,31.32,0.008958
2024-11-10,NE,Inspiration | Summer,5943,83,31.03,0.013966
2024-11-11,CO,Inspiration | Winter,7781,109,75.79,0.014008
2024-11-12,CO,Inspiration | Winter,11861,86,74.93,0.007251
2024-11-13,CO,Inspiration | Winter,11268,91,61.71,0.008076
2024-11-14,CO,Inspiration | Winter,9764,113,52.79,0.011573
2024-11-15,CO,Inspiration | Winter,7986,109,55.64,0.013649
2024-11-16,CO,Inspiration | Winter,9759,122,59.39,0.012501
2024-11-17,CO,Inspiration | Winter,11429,104,66.77,0.0091
2024-11-11,CO,Inspiration | Summer,8870,118,50.28,0.013303
2024-11-12,CO,Inspiration | Summer,7927,103,39.39,0.012994
2024-11-13,CO,Inspiration | Summer,9677,125,55.36,0.012917
2024-11-14,CO,Inspiration | Summer,7187,115,42.73,0.016001
2024-11-15,CO,Inspiration | Summer,8857,111,55.4,0.012532
2024-11-16,CO,Inspiration | Summer,7866,92,39.98,0.011696
2024-11-17,CO,Inspiration | Summer,7984,103,55.39,0.012901
2024-11-11,UT,Inspiration | Winter,8655,66,61.6,0.007626
2024-11-12,UT,Inspiration | Winter,9080,92,45.72,0.010132
2024-11-13,UT,Inspiration | Winter,6901,76,50.75,0.011013
2024-11-14,UT,Inspiration | Winter,9039,92,43.06,0.010178
2024-11-15,UT,Inspiration | Winter,5983,93,44.39,0.015544
2024-11-16,UT,Inspiration | Winter,7968,89,53.05,0.01117
2024-11-17,UT,Inspiration | Winter,6366,79,46.98,0.01241
2024-11-11,UT,Inspiration | Summer,8261,92,41.82,0.011137
2024-11-12,UT,Inspiration | Summer,7887,109,36.79,0.01382
2024-11-13,UT,Inspiration | Summer,5646,85,37.96,0.015055
2024-11-14,UT,Inspiration | Summer,6448,79,39.08,0.012252
2024-11-15,UT,Inspiration | Summer,6712,79,34.7,0.01177
2024-11-16,UT,Inspiration | Summer,8093,89,48.65,0.010997
2024-11-17,UT,Inspiration | Summer,5836,99,44.54,0.016964
2024-11-11,CA,Inspiration | Winter,9782,106,56.01,0.010836
2024-11-12,CA,Inspiration | Winter,8459,118,74.5,0.01395
2024-11-13,CA,Inspiration | Winter,9222,137,61.19,0.014856
2024-11-14,CA,Inspiration | Winter,11973,115,70.13,0.009605
2024-11-15,CA,Inspiration | Winter,11160,107,54.7,0.009588
2024-11-16,CA,Inspiration | Winter,11901,117,73.12,0.009831
2024-11-17,CA,Inspiration | Winter,9069,122,68.37,0.013452
2024-11-11,CA,Inspiration | Summer,7734,114,48.09,0.01474
2024-11-12,CA,Inspiration | Summer,9040,120,53.23,0.013274
2024-11-13,CA,Inspiration | Summer,9997,127,43.82,0.012704
2024-11-14,CA,Inspiration | Summer,6502,115,50.13,0.017687
2024-11-15,CA,Inspiration | Summer,8886,136,48.67,0.015305
2024-11-16,CA,Inspiration | Summer,8761,96,54.36,0.010958
2024-11-17,CA,Inspiration | Summer,7426,91,40.11,0.012254
2024-11-11,PN,Inspiration | Winter,11554,132,68.53,0.011425
2024-11-12,PN,Inspiration | Winter,10387,116,61.18,0.011168
2024-11-13,PN,Inspiration | Winter,8310,114,49.73,0.013718
2024-11-14,PN,Inspiration | Winter,8652,104,67.03,0.01202
2024-11-15,PN,Inspiration | Winter,8369,90,60.47,0.010754
2024-11-16,PN,Inspiration | Winter,8440,88,55.0,0.010427
2024-11-17,PN,Inspiration | Winter,8481,97,48.89,0.011437
2024-11-11,PN,Inspiration | Summer,6635,94,39.02,0.014167
2024-11-12,PN,Inspiration | Summer,5751,80,30.38,0.013911
2024-11-13,PN,Inspiration | Summer,6793,82,33.59,0.012071
2024-11-14,PN,Inspiration | Summer,6228,78,37.91,0.012524
2024-11-15,PN,Inspiration | Summer,5593,101,33.42,0.018058
2024-11-16,PN,Inspiration | Summer,5739,78,36.15,0.013591
2024-11-17,PN,Inspiration | Summer,5298,70,33.35,0.013213
2024-11-11,NE,Inspiration | Winter,9430,101,43.85,0.01071
2024-11-12,NE,Inspiration | Winter,7155,78,56.08,0.010901
2024-11-13,NE,Inspiration | Winter,6521,78,59.32,0.011961
2024-11-14,NE,Inspiration | Winter,9393,93,42.74,0.009901
2024-11-15,NE,Inspiration | Winter,6420,104,50.26,0.016199
2024-11-16,NE,Inspiration | Winter,8197,83,39.74,0.010126
2024-11-17,NE,Inspiration | Winter,7623,99,58.34,0.012987
2024-11-11,NE,Inspiration | Summer,5014,67,33.95,0.013363
2024-11-12,NE,Inspiration | Summer,4658,57,25.67,0.012237
2024-11-13,NE,Inspiration | Summer,4448,67,25.93,0.015063
2024-11-14,NE,Inspiration | Summer,4145,72,32.19,0.01737
2024-11-15,NE,Inspiration | Summer,5440,52,29.03,0.009559
2024-11-16,NE,Inspiration | Summer,5980,71,31.7,0.011873
2024-11-17,NE,Inspiration | Summer,5420,68,25.14,0.012546
2024-11-18,CO,Inspiration | Winter,14743,145,75.61,0.009835
2024-11-19,CO,Inspiration | Winter,14656,164,94.05,0.01119
2024-11-20,CO,Inspiration | Winter,11262,131,73.11,0.011632
2024-11-21,CO,Inspiration | Winter,15707,192,75.96,0.012224
2024-11-22,CO,Inspiration | Winter,13625,150,107.63,0.011009
2024-11-23,CO,Inspiration | Winter,12067,163,96.78,0.013508
2024-11-24,CO,Inspiration | Winter,11978,131,78.71,0.010937
2024-11-18,CO,Inspiration | Summer,9598,105,55.74,0.01094
2024-11-19,CO,Inspiration | Summer,8851,121,59.63,0.013671
2024-11-20,CO,Inspiration | Summer,8059,124,50.47,0.015387
2024-11-21,CO,Inspiration | Summer,10464,111,58.01,0.010608
2024-11-22,CO,Inspiration | Summer,11419,113,59.34,0.009896
2024-11-23,CO,Inspiration | Summer,9257,112,44.28,0.012099
2024-11-24,CO,Inspiration | Summer,8508,118,56.23,0.013869
2024-11-18,UT,Inspiration | Winter,10949,132,82.19,0.012056
2024-11-19,UT,Inspiration | Winter,10072,156,84.83,0.015488
2024-11-20,UT,Inspiration | Winter,14874,128,75.58,0.008606
2024-11-21,UT,Inspiration | Winter,11374,148,61.81,0.013012
2024-11-22,UT,Inspiration | Winter,12617,142,81.48,0.011255
2024-11-23,UT,Inspiration | Winter,11625,128,70.79,0.011011
2024-11-24,UT,Inspiration | Winter,12746,148,82.58,0.011611
2024-11-18,UT,Inspiration | Summer,11051,125,61.47,0.011311
2024-11-19,UT,Inspiration | Summer,7336,106,49.16,0.014449
2024-11-20,UT,Inspiration | Summer,11329,117,52.54,0.010327
2024-11-21,UT,Inspiration | Summer,8996,110,65.86,0.012228
2024-11-22,UT,Inspiration | Summer,8694,102,49.11,0.011732
2024-11-23,UT,Inspiration | Summer,7746,116,46.19,0.014975
2024-11-24,UT,Inspiration | Summer,9544,117,50.9,0.012259
2024-11-18,CA,Inspiration | Winter,11848,111,94.29,0.009369
2024-11-19,CA,Inspiration | Winter,13889,133,83.52,0.009576
2024-11-20,CA,Inspiration | Winter,13572,114,68.18,0.0084
2024-11-21,CA,Inspiration | Winter,13965,136,70.1,0.009739
2024-11-22,CA,Inspiration | Winter,11893,162,76.03,0.013621
2024-11-23,CA,Inspiration | Winter,14234,132,82.43,0.009274
2024-11-24,CA,Inspiration | Winter,9768,143,96.13,0.01464
2024-11-18,CA,Inspiration | Summer,8757,108,61.75,0.012333
2024-11-19,CA,Inspiration | Summer,11913,135,60.22,0.011332
2024-11-20,CA,Inspiration | Summer,9635,139,58.47,0.014427
2024-11-21,CA,Inspiration | Summer,9936,118,53.81,0.011876
2024-11-22,CA,Inspiration | Summer,9841,157,56.65,0.015954
2024-11-23,CA,Inspiration | Summer,9159,163,67.03,0.017797
2024-11-24,CA,Inspiration | Summer,12281,161,56.91,0.01311
2024-11-18,PN,Inspiration | Winter,13437,141,79.1,0.010493
2024-11-19,PN,Inspiration | Winter,10830,138,83.26,0.012742
2024-11-20,PN,Inspiration | Winter,10861,131,61.54,0.012062
2024-11-21,PN,Inspiration | Winter,9998,125,65.79,0.012503
2024-11-22,PN,Inspiration | Winter,13288,121,82.47,0.009106
2024-11-23,PN,Inspiration | Winter,11896,120,80.18,0.010087
2024-11-24,PN,Inspiration | Winter,9722,133,59.88,0.01368
2024-11-18,PN,Inspiration | Summer,10135,109,47.78,0.010755
2024-11-19,PN,Inspiration | Summer,8264,89,39.87,0.01077
2024-11-20,PN,Inspiration | Summer,7543,119,46.33,0.015776
2024-11-21,PN,Inspiration | Summer,8321,103,50.68,0.012378
2024-11-22,PN,Inspiration | Summer,10195,101,61.55,0.009907
2024-11-23,PN,Inspiration | Summer,7172,135,54.15,0.018823
2024-11-24,PN,Inspiration | Summer,10517,118,60.11,0.01122
2024-11-18,NE,Inspiration | Winter,8632,111,57.19,0.012859
2024-11-19,NE,Inspiration | Winter,8861,105,58.47,0.01185
2024-11-20,NE,Inspiration | Winter,12411,140,80.85,0.01128
2024-11-21,NE,Inspiration | Winter,9920,105,70.91,0.010585
2024-11-22,NE,Inspiration | Winter,11341,104,75.66,0.00917
2024-11-23,NE,Inspiration | Winter,10407,128,61.19,0.012299
2024-11-24,NE,Inspiration | Winter,10990,113,60.11,0.010282
2024-11-18,NE,Inspiration | Summer,7044,115,51.6,0.016326
2024-11-19,NE,Inspiration | Summer,7262,113,46.93,0.01556
2024-11-20,NE,Inspiration | Summer,7092,85,51.89,0.011985
2024-11-21,NE,Inspiration | Summer,7461,124,48.17,0.01662
2024-11-22,NE,Inspiration | Summer,7705,115,39.62,0.014925
2024-11-23,NE,Inspiration | Summer,10540,101,39.76,0.009583
2024-11-24,NE,Inspiration | Summer,9792,95,52.02,0.009702
2024-11-25,CO,Inspiration | Winter,9803,122,71.93,0.012445
2024-11-26,CO,Inspiration | Winter,12122,137,62.1,0.011302
2024-11-27,CO,Inspiration | Winter,9024,98,66.84,0.01086
2024-11-28,CO,Inspiration | Winter,11583,105,69.12,0.009065
2024-11-29,CO,Inspiration | Winter,11871,133,77.56,0.011204
2024-11-30,CO,Inspiration | Winter,10471,127,77.05,0.012129
2024-12-01,CO,Inspiration | Winter,12187,132,68.6,0.010831
2024-11-25,CO,Inspiration | Summer,8384,101,49.65,0.012047
2024-11-26,CO,Inspiration | Summer,6667,95,44.04,0.014249
2024-11-27,CO,Inspiration | Summer,6940,109,42.17,0.015706
2024-11-28,CO,Inspiration | Summer,8813,100,38.64,0.011347
2024-11-29,CO,Inspiration | Summer,9494,82,51.7,0.008637
2024-11-30,CO,Inspiration | Summer,6869,110,46.71,0.016014
2024-12-01,CO,Inspiration | Summer,8894,91,52.24,0.010232
2024-11-25,UT,Inspiration | Winter,7410,105,56.6,0.01417
2024-11-26,UT,Inspiration | Winter,7514,85,63.38,0.011312
2024-11-27,UT,Inspiration | Winter,10527,98,69.86,0.009309
2024-11-28,UT,Inspiration | Winter,9274,100,61.56,0.010783
2024-11-29,UT,Inspiration | Winter,10022,79,49.95,0.007883
2024-11-30,UT,Inspiration | Winter,10481,107,56.47,0.010209
2024-12-01,UT,Inspiration | Winter,8875,113,52.44,0.012732
2024-11-25,UT,Inspiration | Summer,5907,83,48.02,0.014051
2024-11-26,UT,Inspiration | Summer,5763,110,46.07,0.019087
2024-11-27,UT,Inspiration | Summer,7346,78,32.57,0.010618
2024-11-28,UT,Inspiration | Summer,6130,100,34.51,0.016313
2024-11-29,UT,Inspiration | Summer,7600,100,36.4,0.013158
2024-11-30,UT,Inspiration | Summer,6990,76,32.61,0.010873
2024-12-01,UT,Inspiration | Summer,6894,78,40.27,0.011314
2024-11-25,CA,Inspiration | Winter,8710,93,61.02,0.010677
2024-11-26,CA,Inspiration | Winter,7556,97,45.39,0.012837
2024-11-27,CA,Inspiration | Winter,7423,109,52.79,0.014684
2024-11-28,CA,Inspiration | Winter,9818,73,66.46,0.007435
2024-11-29,CA,Inspiration | Winter,9284,94,52.97,0.010125
2024-11-30,CA,Inspiration | Winter,9578,83,45.24,0.008666
2024-12-01,CA,Inspiration | Winter,7157,74,57.09,0.01034
2024-11-25,CA,Inspiration | Summer,6025,73,34.53,0.012116
2024-11-26,CA,Inspiration | Summer,7540,93,32.09,0.012334
2024-11-27,CA,Inspiration | Summer,8065,103,42.39,0.012771
2024-11-28,CA,Inspiration | Summer,5423,75,35.69,0.01383
2024-11-29,CA,Inspiration | Summer,7475,86,30.93,0.011505
2024-11-30,CA,Inspiration | Summer,5669,81,45.16,0.014288
2024-12-01,CA,Inspiration | Summer,5769,87,45.81,0.015081
2024-11-25,PN,Inspiration | Winter,9721,111,63.17,0.011419
2024-11-26,PN,Inspiration | Winter,11520,121,64.53,0.010503
2024-11-27,PN,Inspiration | Winter,9172,115,49.65,0.012538
2024-11-28,PN,Inspiration | Winter,8278,122,57.25,0.014738
2024-11-29,PN,Inspiration | Winter,10857,89,62.62,0.008197
2024-11-30,PN,Inspiration | Winter,8584,99,66.53,0.011533
2024-12-01,PN,Inspiration | Winter,8889,88,65.18,0.0099
2024-11-25,PN,Inspiration | Summer,7066,79,38.46,0.01118
2024-11-26,PN,Inspiration | Summer,6442,92,41.25,0.014281
2024-11-27,PN,Inspiration | Summer,5736,106,34.12,0.01848
2024-11-28,PN,Inspiration | Summer,5723,79,35.63,0.013804
2024-11-29,PN,Inspiration | Summer,6930,90,48.53,0.012987
2024-11-30,PN,Inspiration | Summer,8153,87,31.38,0.010671
2024-12-01,PN,Inspiration | Summer,7450,101,46.13,0.013557
2024-11-25,NE,Inspiration | Winter,7570,96,51.6,0.012682
2024-11-26,NE,Inspiration | Winter,7313,90,43.93,0.012307
2024-11-27,NE,Inspiration | Winter,6418,92,49.51,0.014335
2024-11-28,NE,Inspiration | Winter,5976,78,49.87,0.013052
2024-11-29,NE,Inspiration | Winter,8215,79,42.44,0.009617
2024-11-30,NE,Inspiration | Winter,7515,71,47.62,0.009448
2024-12-01,NE,Inspiration | Winter,8288,71,43.32,0.008567
2024-11-25,NE,Inspiration | Summer,6115,89,47.42,0.014554
2024-11-26,NE,Inspiration | Summer,8775,101,33.56,0.01151
2024-11-27,NE,Inspiration | Summer,7433,111,39.27,0.014933
2024-11-28,NE,Inspiration | Summer,7265,111,43.05,0.015279
2024-11-29,NE,Inspiration | Summer,6575,106,40.16,0.016122
2024-11-30,NE,Inspiration | Summer,6330,84,49.35,0.01327
2024-12-01,NE,Inspiration | Summer,6876,83,33.54,0.012071
2024-12-02,CO,Inspiration | Winter,10794,122,53.93,0.011303
2024-12-03,CO,Inspiration | Winter,12414,127,73.21,0.01023
2024-12-04,CO,Inspiration | Winter,11052,132,79.86,0.011944
2024-12-05,CO,Inspiration | Winter,11783,111,83.56,0.00942
2024-12-06,CO,Inspiration | Winter,10986,94,64.98,0.008556
2024-12-07,CO,Inspiration | Winter,9628,133,77.62,0.013814
2024-12-08,CO,Inspiration | Winter,10132,113,58.3,0.011153
2024-12-02,CO,Inspiration | Summer,10043,144,67.4,0.014338
2024-12-03,CO,Inspiration | Summer,11477,132,52.29,0.011501
2024-12-04,CO,Inspiration | Summer,8580,116,64.61,0.01352
2024-12-05,CO,Inspiration | Summer,10109,104,46.52,0.010288
2024-12-06,CO,Inspiration | Summer,9124,147,63.01,0.016111
2024-12-07,CO,Inspiration | Summer,10143,111,46.59,0.010944
2024-12-08,CO,Inspiration | Summer,10568,112,65.83,0.010598
2024-12-02,UT,Inspiration | Winter,12735,125,68.51,0.009815
2024-12-03,UT,Inspiration | Winter,10904,139,59.29,0.012748
2024-12-04,UT,Inspiration | Winter,9592,138,62.49,0.014387
2024-12-05,UT,Inspiration | Winter,10412,98,86.94,0.009412
2024-12-06,UT,Inspiration | Winter,10555,120,60.68,0.011369
2024-12-07,UT,Inspiration | Winter,8839,141,74.99,0.015952
2024-12-08,UT,Inspiration | Winter,11961,112,67.08,0.009364
2024-12-02,UT,Inspiration | Summer,7562,95,49.45,0.012563
2024-12-03,UT,Inspiration | Summer,5939,101,37.65,0.017006
2024-12-04,UT,Inspiration | Summer,6462,91,49.62,0.014082
2024-12-05,UT,Inspiration | Summer,7600,122,32.87,0.016053
2024-12-06,UT,Inspiration | Summer,6406,97,45.45,0.015142
2024-12-07,UT,Inspiration | Summer,8358,120,45.27,0.014358
2024-12-08,UT,Inspiration | Summer,8734,84,35.85,0.009618
2024-12-02,CA,Inspiration | Winter,8927,85,70.72,0.009522
2024-12-03,CA,Inspiration | Winter,10532,104,61.41,0.009875
2024-12-04,CA,Inspiration | Winter,10494,99,52.4,0.009434
2024-12-05,CA,Inspiration | Winter,8755,82,53.31,0.009366
2024-12-06,CA,Inspiration | Winter,9291,113,73.45,0.012162
2024-12-07,CA,Inspiration | Winter,10581,107,62.5,0.010112
2024-12-08,CA,Inspiration | Winter,9109,115,59.43,0.012625
2024-12-02,CA,Inspiration | Summer,7241,113,45.53,0.015606
2024-12-03,CA,Inspiration | Summer,8084,86,37.48,0.010638
2024-12-04,CA,Inspiration | Summer,7286,99,36.09,0.013588
2024-12-05,CA,Inspiration | Summer,7922,88,46.79,0.011108
2024-12-06,CA,Inspiration | Summer,7177,95,51.02,0.013237
2024-12-07,CA,Inspiration | Summer,8077,78,52.26,0.009657
2024-12-08,CA,Inspiration | Summer,7485,90,39.79,0.012024
2024-12-02,PN,Inspiration | Winter,7746,87,60.69,0.011232
2024-12-03,PN,Inspiration | Winter,7659,110,54.47,0.014362
2024-12-04,PN,Inspiration | Winter,9781,106,51.96,0.010837
2024-12-05,PN,Inspiration | Winter,8805,99,51.33,0.011244
2024-12-06,PN,Inspiration | Winter,10122,107,53.15,0.010571
2024-12-07,PN,Inspiration | Winter,8166,93,65.48,0.011389
2024-12-08,PN,Inspiration | Winter,10064,98,61.93,0.009738
2024-12-02,PN,Inspiration | Summer,7461,88,45.75,0.011795
2024-12-03,PN,Inspiration | Summer,7805,78,34.0,0.009994
2024-12-04,PN,Inspiration | Summer,6473,110,46.3,0.016994
2024-12-05,PN,Inspiration | Summer,8386,102,52.39,0.012163
2024-12-06,PN,Inspiration | Summer,6404,86,36.87,0.013429
2024-12-07,PN,Inspiration | Summer,8028,106,39.62,0.013204
2024-12-08,PN,Inspiration | Summer,6003,116,38.31,0.019324
2024-12-02,NE,Inspiration | Winter,8568,96,52.09,0.011204
2024-12-03,NE,Inspiration | Winter,9479,117,39.95,0.012343
2024-12-04,NE,Inspiration | Winter,7247,78,57.66,0.010763
2024-12-05,NE,Inspiration | Winter,6914,95,56.06,0.01374
2024-12-06,NE,Inspiration | Winter,8888,77,51.99,0.008663
2024-12-07,NE,Inspiration | Winter,8246,81,54.81,0.009823
2024-12-08,NE,Inspiration | Winter,6507,98,44.89,0.015061
2024-12-02,NE,Inspiration | Summer,5310,101,44.62,0.019021
2024-12-03,NE,Inspiration | Summer,7576,80,37.12,0.01056
2024-12-04,NE,Inspiration | Summer,5905,78,31.11,0.013209
2024-12-05,NE,Inspiration | Summer,6347,74,30.94,0.011659
2024-12-06,NE,Inspiration | Summer,7375,82,39.52,0.011119
2024-12-07,NE,Inspiration | Summer,5281,87,34.02,0.016474
2024-12-08,NE,Inspiration | Summer,5642,74,34.59,0.013116
2024-12-09,CO,Inspiration | Winter,12173,126,67.21,0.010351
2024-12-10,CO,Inspiration | Winter,10649,145,78.25,0.013616
2024-12-11,CO,Inspiration | Winter,13513,146,66.86,0.010804
2024-12-12,CO,Inspiration | Winter,10453,123,90.4,0.011767
2024-12-13,CO,Inspiration | Winter,10975,126,71.48,0.011481
2024-12-14,CO,Inspiration | Winter,13152,152,69.0,0.011557
2024-12-15,CO,Inspiration | Winter,11909,111,86.88,0.009321
2024-12-09,CO,Inspiration | Summer,8785,88,50.89,0.010017
2024-12-10,CO,Inspiration | Summer,8452,90,50.03,0.010648
2024-12-11,CO,Inspiration | Summer,7759,99,39.78,0.012759
2024-12-12,CO,Inspiration | Summer,7385,99,39.87,0.013406
2024-12-13,CO,Inspiration | Summer,7997,104,51.66,0.013005
2024-12-14,CO,Inspiration | Summer,6849,97,40.13,0.014163
2024-12-15,CO,Inspiration | Summer,7098,105,42.71,0.014793
2024-12-09,UT,Inspiration | Winter,7332,100,55.74,0.013639
2024-12-10,UT,Inspiration | Winter,7503,94,61.12,0.012528
2024-12-11,UT,Inspiration | Winter,7948,74,50.52,0.009311
2024-12-12,UT,Inspiration | Winter,9333,93,46.05,0.009965
2024-12-13,UT,Inspiration | Winter,8209,111,53.51,0.013522
2024-12-14,UT,Inspiration | Winter,10131,100,44.08,0.009871
2024-12-15,UT,Inspiration | Winter,7981,109,62.99,0.013657
2024-12-09,UT,Inspiration | Summer,7403,108,48.16,0.014589
2024-12-10,UT,Inspiration | Summer,7395,92,46.19,0.012441
2024-12-11,UT,Inspiration | Summer,7113,97,36.35,0.013637
2024-12-12,UT,Inspiration | Summer,6756,84,41.1,0.012433
2024-12-13,UT,Inspiration | Summer,7143,97,44.18,0.01358
2024-12-14,UT,Inspiration | Summer,8573,110,41.4,0.012831
2024-12-15,UT,Inspiration | Summer,7984,115,46.36,0.014404
2024-12-09,CA,Inspiration | Winter,11189,141,66.61,0.012602
2024-12-10,CA,Inspiration | Winter,11602,141,58.84,0.012153
2024-12-11,CA,Inspiration | Winter,9754,133,79.6,0.013635
2024-12-12,CA,Inspiration | Winter,10768,112,57.3,0.010401
2024-12-13,CA,Inspiration | Winter,9929,98,73.13,0.00987
2024-12-14,CA,Inspiration | Winter,9958,138,57.47,0.013858
2024-12-15,CA,Inspiration | Winter,10585,104,79.27,0.009825
2024-12-09,CA,Inspiration | Summer,7972,112,47.14,0.014049
2024-12-10,CA,Inspiration | Summer,8824,79,41.22,0.008953
2024-12-11,CA,Inspiration | Summer,8255,80,52.65,0.009691
2024-12-12,CA,Inspiration | Summer,7541,82,44.98,0.010874
2024-12-13,CA,Inspiration | Summer,6404,108,37.93,0.016864
2024-12-14,CA,Inspiration | Summer,8670,107,42.51,0.012341
2024-12-15,CA,Inspiration | Summer,6825,94,49.62,0.013773
2024-12-09,PN,Inspiration | Winter,10367,99,69.84,0.00955
2024-12-10,PN,Inspiration | Winter,10103,75,58.54,0.007424
2024-12-11,PN,Inspiration | Winter,8247,100,55.3,0.012126
2024-12-12,PN,Inspiration | Winter,7896,96,53.79,0.012158
2024-12-13,PN,Inspiration | Winter,9658,103,45.14,0.010665
2024-12-14,PN,Inspiration | Winter,8141,103,66.6,0.012652
2024-12-15,PN,Inspiration | Winter,9234,87,58.12,0.009422
2024-12-09,PN,Inspiration | Summer,7601,95,31.31,0.012498
2024-12-10,PN,Inspiration | Summer,5879,104,39.99,0.01769
2024-12-11,PN,Inspiration | Summer,7775,85,46.62,0.010932
2024-12-12,PN,Inspiration | Summer,7339,91,41.74,0.0124
2024-12-13,PN,Inspiration | Summer,6108,99,34.59,0.016208
2024-12-14,PN,Inspiration | Summer,6319,73,39.04,0.011552
2024-12-15,PN,Inspiration | Summer,6383,92,41.66,0.014413
2024-12-09,NE,Inspiration | Winter,8732,93,61.87,0.01065
2024-12-10,NE,Inspiration | Winter,8925,78,48.1,0.008739
2024-12-11,NE,Inspiration | Winter,7210,100,45.13,0.01387
2024-12-12,NE,Inspiration | Winter,6702,109,50.7,0.016264
2024-12-13,NE,Inspiration | Winter,6797,87,49.16,0.0128
2024-12-14,NE,Inspiration | Winter,9326,109,58.94,0.011688
2024-12-15,NE,Inspiration | Winter,9386,88,51.39,0.009376
2024-12-09,NE,Inspiration | Summer,4775,64,30.07,0.013403
2024-12-10,NE,Inspiration | Summer,4960,95,33.08,0.019153
2024-12-11,NE,Inspiration | Summer,4857,64,30.68,0.013177
2024-12-12,NE,Inspiration | Summer,6491,78,32.92,0.012017
2024-12-13,NE,Inspiration | Summer,5212,68,26.3,0.013047
2024-12-14,NE,Inspiration | Summer,6175,76,32.27,0.012308
2024-12-15,NE,Inspiration | Summer,5079,72,32.46,0.014176
2024-12-16,CO,Inspiration | Winter,11700,169,98.02,0.014444
2024-12-17,CO,Inspiration | Winter,14767,128,108.21,0.008668
2024-12-18,CO,Inspiration | Winter,17311,164,84.04,0.009474
2024-12-19,CO,Inspiration | Winter,13042,143,77.2,0.010965
2024-12-20,CO,Inspiration | Winter,12107,171,80.43,0.014124
2024-12-21,CO,Inspiration | Winter,15029,167,91.91,0.011112
2024-12-22,CO,Inspiration | Winter,15737,142,98.22,0.009023
2024-12-16,CO,Inspiration | Summer,10370,144,53.69,0.013886
2024-12-17,CO,Inspiration | Summer,11539,161,64.43,0.013953
2024-12-18,CO,Inspiration | Summer,12731,143,69.38,0.011232
2024-12-19,CO,Inspiration | Summer,9056,137,61.46,0.015128
2024-12-20,CO,Inspiration | Summer,12268,105,78.1,0.008559
2024-12-21,CO,Inspiration | Summer,11548,159,61.58,0.013769
2024-12-22,CO,Inspiration | Summer,12254,116,74.01,0.009466
2024-12-16,UT,Inspiration | Winter,8709,128,69.14,0.014697
2024-12-17,UT,Inspiration | Winter,11899,123,64.79,0.010337
2024-12-18,UT,Inspiration | Winter,10970,89,88.99,0.008113
2024-12-19,UT,Inspiration | Winter,12499,128,58.74,0.010241
2024-12-20,UT,Inspiration | Winter,9314,117,61.19,0.012562
2024-12-21,UT,Inspiration | Winter,10004,97,60.89,0.009696
2024-12-22,UT,Inspiration | Winter,8657,86,57.39,0.009934
2024-12-16,UT,Inspiration | Summer,7841,122,46.09,0.015559
2024-12-17,UT,Inspiration | Summer,10176,113,49.31,0.011105
2024-12-18,UT,Inspiration | Summer,7696,123,60.96,0.015982
2024-12-19,UT,Inspiration | Summer,11271,101,64.33,0.008961
2024-12-20,UT,Inspiration | Summer,9083,133,48.12,0.014643
2024-12-21,UT,Inspiration | Summer,7882,101,51.05,0.012814
2024-12-22,UT,Inspiration | Summer,9698,140,49.28,0.014436
2024-12-16,CA,Inspiration | Winter,12766,104,72.58,0.008147
2024-12-17,CA,Inspiration | Winter,11775,140,79.44,0.01189
2024-12-18,CA,Inspiration | Winter,12526,117,84.42,0.009341
2024-12-19,CA,Inspiration | Winter,11325,109,77.08,0.009625
2024-12-20,CA,Inspiration | Winter,9051,141,58.71,0.015578
2024-12-21,CA,Inspiration | Winter,11364,138,66.34,0.012144
2024-12-22,CA,Inspiration | Winter,9354,139,61.67,0.01486
2024-12-16,CA,Inspiration | Summer,8269,108,57.55,0.013061
2024-12-17,CA,Inspiration | Summer,10181,121,45.33,0.011885
2024-12-18,CA,Inspiration | Summer,9761,126,57.2,0.012909
2024-12-19,CA,Inspiration | Summer,7075,117,49.65,0.016537
2024-12-20,CA,Inspiration | Summer,8886,134,58.45,0.01508
2024-12-21,CA,Inspiration | Summer,10085,135,44.33,0.013386
2024-12-22,CA,Inspiration | Summer,8334,123,50.5,0.014759
2024-12-16,PN,Inspiration | Winter,12396,140,71.77,0.011294
2024-12-17,PN,Inspiration | Winter,12511,138,83.88,0.01103
2024-12-18,PN,Inspiration | Winter,9883,123,56.88,0.012446
2024-12-19,PN,Inspiration | Winter,12275,117,68.39,0.009532
2024-12-20,PN,Inspiration | Winter,12632,124,57.67,0.009816
2024-12-21,PN,Inspiration | Winter,9924,134,86.79,0.013503
2024-12-22,PN,Inspiration | Winter,10169,163,85.28,0.016029
2024-12-16,PN,Inspiration | Summer,10037,121,54.92,0.012055
2024-12-17,PN,Inspiration | Summer,7912,116,56.32,0.014661
2024-12-18,PN,Inspiration | Summer,7715,140,40.91,0.018146
2024-12-19,PN,Inspiration | Summer,9000,120,48.52,0.013333
2024-12-20,PN,Inspiration | Summer,7138,112,59.02,0.015691
2024-12-21,PN,Inspiration | Summer,10520,126,48.78,0.011977
2024-12-22,PN,Inspiration | Summer,9304,114,48.95,0.012253
2024-12-16,NE,Inspiration | Winter,8845,100,60.43,0.011306
2024-12-17,NE,Inspiration | Winter,10014,116,59.69,0.011584
2024-12-18,NE,Inspiration | Winter,8901,117,65.77,0.013145
2024-12-19,NE,Inspiration | Winter,10179,122,78.24,0.011985
2024-12-20,NE,Inspiration | Winter,8962,124,61.87,0.013836
2024-12-21,NE,Inspiration | Winter,11143,123,65.75,0.011038
2024-12-22,NE,Inspiration | Winter,11788,107,55.18,0.009077
2024-12-16,NE,Inspiration | Summer,7867,101,40.05,0.012838
2024-12-17,NE,Inspiration | Summer,7794,103,49.55,0.013215
2024-12-18,NE,Inspiration | Summer,8361,76,42.65,0.00909
2024-12-19,NE,Inspiration | Summer,8651,78,57.22,0.009016
2024-12-20,NE,Inspiration | Summer,7294,109,47.66,0.014944
2024-12-21,NE,Inspiration | Summer,8452,114,37.23,0.013488
2024-12-22,NE,Inspiration | Summer,6805,90,45.95,0.013226
2024-12-23,CO,Inspiration | Winter,9814,129,84.39,0.013144
2024-12-24,CO,Inspiration | Winter,14659,147,91.65,0.010028
2024-12-25,CO,Inspiration | Winter,12628,147,84.49,0.011641
2024-12-26,CO,Inspiration | Winter,13546,135,73.91,0.009966
2024-12-27,CO,Inspiration | Winter,12147,134,64.1,0.011032
2024-12-28,CO,Inspiration | Winter,11761,139,63.26,0.011819
2024-12-29,CO,Inspiration | Winter,11025,105,85.9,0.009524
2024-12-23,CO,Inspiration | Summer,9860,99,61.85,0.010041
2024-12-24,CO,Inspiration | Summer,7413,106,49.16,0.014299
2024-12-25,CO,Inspiration | Summer,10312,131,59.68,0.012704
2024-12-26,CO,Inspiration | Summer,7777,135,60.06,0.017359
2024-12-27,CO,Inspiration | Summer,9336,111,44.42,0.011889
2024-12-28,CO,Inspiration | Summer,10837,123,62.64,0.01135
2024-12-29,CO,Inspiration | Summer,10189,131,43.4,0.012857
2024-12-23,UT,Inspiration | Winter,11982,95,62.0,0.007929
2024-12-24,UT,Inspiration | Winter,8889,88,70.59,0.0099
2024-12-25,UT,Inspiration | Winter,10962,122,55.26,0.011129
2024-12-26,UT,Inspiration | Winter,9662,122,71.0,0.012627
2024-12-27,UT,Inspiration | Winter,9590,99,77.02,0.010323
2024-12-28,UT,Inspiration | Winter,11159,94,58.34,0.008424
2024-12-29,UT,Inspiration | Winter,8715,118,59.94,0.01354
2024-12-23,UT,Inspiration | Summer,7996,132,42.35,0.016508
2024-12-24,UT,Inspiration | Summer,8529,86,47.22,0.010083
2024-12-25,UT,Inspiration | Summer,9007,130,51.55,0.014433
2024-12-26,UT,Inspiration | Summer,8573,91,41.1,0.010615
2024-12-27,UT,Inspiration | Summer,9319,110,47.01,0.011804
2024-12-28,UT,Inspiration | Summer,6847,133,56.94,0.019425
2024-12-29,UT,Inspiration | Summer,7784,123,50.56,0.015802
2024-12-23,CA,Inspiration | Winter,11337,101,60.94,0.008909
2024-12-24,CA,Inspiration | Winter,9753,108,68.37,0.011074
2024-12-25,CA,Inspiration | Winter,8253,102,65.57,0.012359
2024-12-26,CA,Inspiration | Winter,8853,86,48.45,0.009714
2024-12-27,CA,Inspiration | Winter,7928,97,52.42,0.012235
2024-12-28,CA,Inspiration | Winter,8960,120,60.28,0.013393
2024-12-29,CA,Inspiration | Winter,10873,81,66.09,0.00745
2024-12-23,CA,Inspiration | Summer,8975,119,47.38,0.013259
2024-12-24,CA,Inspiration | Summer,7296,87,51.29,0.011924
2024-12-25,CA,Inspiration | Summer,8311,94,49.72,0.01131
2024-12-26,CA,Inspiration | Summer,8024,130,42.42,0.016201
2024-12-27,CA,Inspiration | Summer,7781,132,47.86,0.016964
2024-12-28,CA,Inspiration | Summer,7537,95,39.63,0.012604
2024-12-29,CA,Inspiration | Summer,7193,106,41.38,0.014737
2024-12-23,PN,Inspiration | Winter,9261,98,53.68,0.010582
2024-12-24,PN,Inspiration | Winter,10638,109,53.52,0.010246
2024-12-25,PN,Inspiration | Winter,9025,104,80.91,0.011524
2024-12-26,PN,Inspiration | Winter,8942,118,70.01,0.013196
2024-12-27,PN,Inspiration | Winter,11075,103,55.72,0.0093
2024-12-28,PN,Inspiration | Winter,9902,88,65.96,0.008887
2024-12-29,PN,Inspiration | Winter,9044,85,54.67,0.009398
2024-12-23,PN,Inspiration | Summer,6925,112,38.56,0.016173
2024-12-24,PN,Inspiration | Summer,7750,78,37.22,0.010065
2024-12-25,PN,Inspiration | Summer,6420,79,38.38,0.012305
2024-12-26,PN,Inspiration | Summer,6859,102,42.12,0.014871
2024-12-27,PN,Inspiration | Summer,6142,101,42.01,0.016444
2024-12-28,PN,Inspiration | Summer,6204,89,36.7,0.014346
2024-12-29,PN,Inspiration | Summer,7520,101,42.37,0.013431
2024-12-23,NE,Inspiration | Winter,6537,99,50.3,0.015145
2024-12-24,NE,Inspiration | Winter,8957,111,51.0,0.012393
2024-12-25,NE,Inspiration | Winter,9028,74,63.29,0.008197
2024-12-26,NE,Inspiration | Winter,9861,110,65.82,0.011155
2024-12-27,NE,Inspiration | Winter,8171,110,51.53,0.013462
2024-12-28,NE,Inspiration | Winter,8980,105,55.69,0.011693
2024-12-29,NE,Inspiration | Winter,8185,75,44.56,0.009163
2024-12-23,NE,Inspiration | Summer,7901,81,43.16,0.010252
2024-12-24,NE,Inspiration | Summer,7527,90,34.17,0.011957
2024-12-25,NE,Inspiration | Summer,6920,95,50.46,0.013728
2024-12-26,NE,Inspiration | Summer,5278,116,44.53,0.021978
2024-12-27,NE,Inspiration | Summer,7022,75,33.56,0.010681
2024-12-28,NE,Inspiration | Summer,7304,109,46.96,0.014923
2024-12-29,NE,Inspiration | Summer,7320,98,32.94,0.013388
2024-12-30,CO,Inspiration | Winter,14748,143,70.45,0.009696
2024-12-31,CO,Inspiration | Winter,10002,112,72.22,0.011198
2025-01-01,CO,Inspiration | Winter,14131,143,89.45,0.01012
2025-01-02,CO,Inspiration | Winter,10596,152,69.27,0.014345
2025-01-03,CO,Inspiration | Winter,10723,106,81.86,0.009885
2025-01-04,CO,Inspiration | Winter,12946,157,73.39,0.012127
2025-01-05,CO,Inspiration | Winter,12641,120,92.41,0.009493
2024-12-30,CO,Inspiration | Summer,10165,145,73.82,0.014265
2024-12-31,CO,Inspiration | Summer,10947,142,58.07,0.012972
2025-01-01,CO,Inspiration | Summer,11120,120,52.96,0.010791
2025-01-02,CO,Inspiration | Summer,9612,118,52.88,0.012276
2025-01-03,CO,Inspiration | Summer,12334,161,72.17,0.013053
2025-01-04,CO,Inspiration | Summer,8559,125,61.43,0.014605
2025-01-05,CO,Inspiration | Summer,10488,158,53.38,0.015065
2024-12-30,UT,Inspiration | Winter,10498,144,85.39,0.013717
2024-12-31,UT,Inspiration | Winter,10334,130,90.27,0.01258
2025-01-01,UT,Inspiration | Winter,13748,122,67.72,0.008874
2025-01-02,UT,Inspiration | Winter,12544,118,94.77,0.009407
2025-01-03,UT,Inspiration | Winter,14357,135,88.4,0.009403
2025-01-04,UT,Inspiration | Winter,14535,131,78.08,0.009013
2025-01-05,UT,Inspiration | Winter,13867,147,70.61,0.010601
2024-12-30,UT,Inspiration | Summer,10222,144,43.95,0.014087
2024-12-31,UT,Inspiration | Summer,8515,121,42.79,0.01421
2025-01-01,UT,Inspiration | Summer,9807,133,57.65,0.013562
2025-01-02,UT,Inspiration | Summer,8193,101,61.91,0.012328
2025-01-03,UT,Inspiration | Summer,7477,108,47.6,0.014444
2025-01-04,UT,Inspiration | Summer,8300,125,55.81,0.01506
2025-01-05,UT,Inspiration | Summer,9316,126,48.89,0.013525
2024-12-30,CA,Inspiration | Winter,10768,119,66.64,0.011051
2024-12-31,CA,Inspiration | Winter,10445,137,86.32,0.013116
2025-01-01,CA,Inspiration | Winter,12549,121,59.3,0.009642
2025-01-02,CA,Inspiration | Winter,12191,125,85.78,0.010253
2025-01-03,CA,Inspiration | Winter,10881,148,77.82,0.013602
2025-01-04,CA,Inspiration | Winter,10032,137,76.86,0.013656
2025-01-05,CA,Inspiration | Winter,14408,100,67.44,0.006941
2024-12-30,CA,Inspiration | Summer,7896,103,43.04,0.013045
2024-12-31,CA,Inspiration | Summer,7343,102,39.7,0.013891
2025-01-01,CA,Inspiration | Summer,10498,98,61.75,0.009335
2025-01-02,CA,Inspiration | Summer,7410,95,41.98,0.012821
2025-01-03,CA,Inspiration | Summer,9349,106,47.37,0.011338
2025-01-04,CA,Inspiration | Summer,8622,106,46.59,0.012294
2025-01-05,CA,Inspiration | Summer,7296,109,58.37,0.01494
2024-12-30,PN,Inspiration | Winter,9397,113,62.7,0.012025
2024-12-31,PN,Inspiration | Winter,8259,105,50.33,0.012713
2025-01-01,PN,Inspiration | Winter,9883,120,61.34,0.012142
2025-01-02,PN,Inspiration | Winter,8441,118,73.45,0.013979
2025-01-03,PN,Inspiration | Winter,7630,120,51.01,0.015727
2025-01-04,PN,Inspiration | Winter,11325,90,60.82,0.007947
2025-01-05,PN,Inspiration | Winter,10280,87,57.74,0.008463
2024-12-30,PN,Inspiration | Summer,9404,106,48.91,0.011272
2024-12-31,PN,Inspiration | Summer,8546,123,47.17,0.014393
2025-01-01,PN,Inspiration | Summer,7124,90,48.51,0.012633
2025-01-02,PN,Inspiration | Summer,9439,112,54.58,0.011866
2025-01-03,PN,Inspiration | Summer,9939,123,55.8,0.012375
2025-01-04,PN,Inspiration | Summer,9313,121,55.86,0.012993
2025-01-05,PN,Inspiration | Summer,8830,127,52.22,0.014383
2024-12-30,NE,Inspiration | Winter,8188,110,59.61,0.013434
2024-12-31,NE,Inspiration | Winter,11695,96,60.7,0.008209
2025-01-01,NE,Inspiration | Winter,9168,107,71.73,0.011671
2025-01-02,NE,Inspiration | Winter,9432,114,52.64,0.012087
2025-01-03,NE,Inspiration | Winter,11517,114,64.47,0.009898
2025-01-04,NE,Inspiration | Winter,9343,136,76.53,0.014556
2025-01-05,NE,Inspiration | Winter,10407,130,60.72,0.012492
2024-12-30,NE,Inspiration | Summer,6699,77,47.2,0.011494
2024-12-31,NE,Inspiration | Summer,6465,90,50.58,0.013921
2025-01-01,NE,Inspiration | Summer,7015,100,41.88,0.014255
2025-01-02,NE,Inspiration | Summer,9421,100,38.38,0.010615
2025-01-03,NE,Inspiration | Summer,6670,104,43.82,0.015592
2025-01-04,NE,Inspiration | Summer,9373,79,52.22,0.008428
2025-01-05,NE,Inspiration | Summer,8012,99,37.11,0.012356
2025-01-06,CO,Inspiration | Winter,11954,166,66.46,0.013887
2025-01-07,CO,Inspiration | Winter,12144,136,78.33,0.011199
2025-01-08,CO,Inspiration | Winter,13790,123,92.52,0.00892
2025-01-09,CO,Inspiration | Winter,14646,155,63.19,0.010583
2025-01-10,CO,Inspiration | Winter,14011,156,94.67,0.011134
2025-01-11,CO,Inspiration | Winter,12905,147,89.95,0.011391
2025-01-12,CO,Inspiration | Winter,10689,126,91.77,0.011788
2025-01-06,CO,Inspiration | Summer,9296,145,60.2,0.015598
2025-01-07,CO,Inspiration | Summer,9344,126,77.48,0.013485
2025-01-08,CO,Inspiration | Summer,11674,155,62.47,0.013277
2025-01-09,CO,Inspiration | Summer,13098,133,57.27,0.010154
2025-01-10,CO,Inspiration | Summer,10464,125,56.98,0.011946
2025-01-11,CO,Inspiration | Summer,12123,174,77.79,0.014353
2025-01-12,CO,Inspiration | Summer,11169,113,55.39,0.010117
2025-01-06,UT,Inspiration | Winter,8647,93,57.85,0.010755
2025-01-07,UT,Inspiration | Winter,9687,119,56.41,0.012285
2025-01-08,UT,Inspiration | Winter,7421,77,57.86,0.010376
2025-01-09,UT,Inspiration | Winter,10229,111,57.25,0.010852
2025-01-10,UT,Inspiration | Winter,8905,76,68.23,0.008535
2025-01-11,UT,Inspiration | Winter,7794,100,59.51,0.01283
2025-01-12,UT,Inspiration | Winter,10498,107,47.24,0.010192
2025-01-06,UT,Inspiration | Summer,8548,105,54.75,0.012284
2025-01-07,UT,Inspiration | Summer,7527,100,37.89,0.013286
2025-01-08,UT,Inspiration | Summer,8717,76,37.48,0.008719
2025-01-09,UT,Inspiration | Summer,6172,101,44.04,0.016364
2025-01-10,UT,Inspiration | Summer,8364,77,52.07,0.009206
2025-01-11,UT,Inspiration | Summer,7120,109,36.9,0.015309
2025-01-12,UT,Inspiration | Summer,7642,99,50.59,0.012955
2025-01-06,CA,Inspiration | Winter,9786,145,79.19,0.014817
2025-01-07,CA,Inspiration | Winter,11897,159,71.64,0.013365
2025-01-08,CA,Inspiration | Winter,14176,161,81.63,0.011357
2025-01-09,CA,Inspiration | Winter,13135,130,85.21,0.009897
2025-01-10,CA,Inspiration | Winter,10952,124,75.83,0.011322
2025-01-11,CA,Inspiration | Winter,12140,114,68.01,0.00939
2025-01-12,CA,Inspiration | Winter,10528,129,67.21,0.012253
2025-01-06,CA,Inspiration | Summer,11314,95,51.78,0.008397
2025-01-07,CA,Inspiration | Summer,7631,121,53.87,0.015856
2025-01-08,CA,Inspiration | Summer,9829,94,53.77,0.009564
2025-01-09,CA,Inspiration | Summer,8615,129,45.62,0.014974
2025-01-10,CA,Inspiration | Summer,7633,103,46.29,0.013494
2025-01-11,CA,Inspiration | Summer,7920,121,46.82,0.015278
2025-01-12,CA,Inspiration | Summer,8243,126,56.72,0.015286
2025-01-06,PN,Inspiration | Winter,8664,84,56.48,0.009695
2025-01-07,PN,Inspiration | Winter,8571,81,43.26,0.00945
2025-01-08,PN,Inspiration | Winter,6459,76,55.4,0.011767
2025-01-09,PN,Inspiration | Winter,8812,107,59.87,0.012143
2025-01-10,PN,Inspiration | Winter,8166,93,56.3,0.011389
2025-01-11,PN,Inspiration | Winter,9016,106,44.53,0.011757
2025-01-12,PN,Inspiration | Winter,7925,76,52.89,0.00959
2025-01-06,PN,Inspiration | Summer,6841,98,46.96,0.014325
2025-01-07,PN,Inspiration | Summer,7030,77,45.42,0.010953
2025-01-08,PN,Inspiration | Summer,5834,95,40.54,0.016284
2025-01-09,PN,Inspiration | Summer,6285,77,32.42,0.012251
2025-01-10,PN,Inspiration | Summer,6693,81,32.44,0.012102
2025-01-11,PN,Inspiration | Summer,6038,76,36.98,0.012587
2025-01-12,PN,Inspiration | Summer,7880,100,35.51,0.01269
2025-01-06,NE,Inspiration | Winter,7508,87,43.26,0.011588
2025-01-07,NE,Inspiration | Winter,6595,82,50.92,0.012434
2025-01-08,NE,Inspiration | Winter,7856,78,42.47,0.009929
2025-01-09,NE,Inspiration | Winter,5884,67,47.21,0.011387
2025-01-10,NE,Inspiration | Winter,7637,78,35.04,0.010213
2025-01-11,NE,Inspiration | Winter,6620,85,37.89,0.01284
2025-01-12,NE,Inspiration | Winter,5777,77,49.61,0.013329
2025-01-06,NE,Inspiration | Summer,6651,72,50.95,0.010825
2025-01-07,NE,Inspiration | Summer,7937,90,37.5,0.011339
2025-01-08,NE,Inspiration | Summer,8056,69,37.27,0.008565
2025-01-09,NE,Inspiration | Summer,7243,84,45.6,0.011597
2025-01-10,NE,Inspiration | Summer,6572,107,35.92,0.016281
2025-01-11,NE,Inspiration | Summer,5584,107,40.16,0.019162
2025-01-12,NE,Inspiration | Summer,6964,87,36.84,0.012493
2025-01-13,CO,Inspiration | Winter,14054,137,73.65,0.009748
2025-01-14,CO,Inspiration | Winter,14406,128,89.74,0.008885
2025-01-15,CO,Inspiration | Winter,13595,165,99.63,0.012137
2025-01-16,CO,Inspiration | Winter,15578,127,79.86,0.008153
2025-01-17,CO,Inspiration | Winter,11897,151,76.2,0.012692
2025-01-18,CO,Inspiration | Winter,10854,168,94.7,0.015478
2025-01-19,CO,Inspiration | Winter,13365,136,86.21,0.010176
2025-01-13,CO,Inspiration | Summer,9367,96,52.93,0.010249
2025-01-14,CO,Inspiration | Summer,9591,124,50.88,0.012929
2025-01-15,CO,Inspiration | Summer,8918,128,50.89,0.014353
2025-01-16,CO,Inspiration | Summer,9684,113,53.19,0.011669
2025-01-17,CO,Inspiration | Summer,8872,102,50.58,0.011497
2025-01-18,CO,Inspiration | Summer,6885,110,53.95,0.015977
2025-01-19,CO,Inspiration | Summer,7936,133,42.85,0.016759
2025-01-13,UT,Inspiration | Winter,9905,109,71.33,0.011005
2025-01-14,UT,Inspiration | Winter,12299,100,53.97,0.008131
2025-01-15,UT,Inspiration | Winter,10723,109,77.77,0.010165
2025-01-16,UT,Inspiration | Winter,9534,137,63.55,0.01437
2025-01-17,UT,Inspiration | Winter,9577,124,75.02,0.012948
2025-01-18,UT,Inspiration | Winter,10933,148,69.19,0.013537
2025-01-19,UT,Inspiration | Winter,11995,119,68.95,0.009921
2025-01-13,UT,Inspiration | Summer,8022,114,54.83,0.014211
2025-01-14,UT,Inspiration | Summer,7944,131,47.53,0.01649
2025-01-15,UT,Inspiration | Summer,8692,102,43.91,0.011735
2025-01-16,UT,Inspiration | Summer,9828,105,55.95,0.010684
2025-01-17,UT,Inspiration | Summer,8437,130,54.07,0.015408
2025-01-18,UT,Inspiration | Summer,8189,112,42.49,0.013677
2025-01-19,UT,Inspiration | Summer,8930,125,49.47,0.013998
2025-01-13,CA,Inspiration | Winter,13279,144,73.57,0.010844
2025-01-14,CA,Inspiration | Winter,9881,102,70.59,0.010323
2025-01-15,CA,Inspiration | Winter,11222,156,70.82,0.013901
2025-01-16,CA,Inspiration | Winter,13040,108,99.65,0.008282
2025-01-17,CA,Inspiration | Winter,9374,111,71.15,0.011841
2025-01-18,CA,Inspiration | Winter,11160,104,66.17,0.009319
2025-01-19,CA,Inspiration | Winter,13007,130,66.22,0.009995
2025-01-13,CA,Inspiration | Summer,7909,117,43.63,0.014793
2025-01-14,CA,Inspiration | Summer,7114,97,47.07,0.013635
2025-01-15,CA,Inspiration | Summer,6530,98,48.81,0.015008
2025-01-16,CA,Inspiration | Summer,5999,80,48.4,0.013336
2025-01-17,CA,Inspiration | Summer,6538,79,34.26,0.012083
2025-01-18,CA,Inspiration | Summer,8528,77,34.11,0.009029
2025-01-19,CA,Inspiration | Summer,7143,111,32.32,0.01554
2025-01-13,PN,Inspiration | Winter,9192,83,45.76,0.00903
2025-01-14,PN,Inspiration | Winter,9297,112,59.54,0.012047
2025-01-15,PN,Inspiration | Winter,8367,91,60.99,0.010876
2025-01-16,PN,Inspiration | Winter,8234,101,46.89,0.012266
2025-01-17,PN,Inspiration | Winter,8209,81,67.4,0.009867
2025-01-18,PN,Inspiration | Winter,7122,88,45.76,0.012356
2025-01-19,PN,Inspiration | Winter,10290,92,62.22,0.008941
2025-01-13,PN,Inspiration | Summer,6700,77,32.01,0.011493
2025-01-14,PN,Inspiration | Summer,5059,94,33.7,0.018581
2025-01-15,PN,Inspiration | Summer,6592,68,36.07,0.010316
2025-01-16,PN,Inspiration | Summer,5167,78,35.95,0.015096
2025-01-17,PN,Inspiration | Summer,5943,74,33.35,0.012452
2025-01-18,PN,Inspiration | Summer,6184,89,34.41,0.014392
2025-01-19,PN,Inspiration | Summer,5141,80,31.07,0.015561
2025-01-13,NE,Inspiration | Winter,8158,65,44.2,0.007968
2025-01-14,NE,Inspiration | Winter,6083,69,41.42,0.011343
2025-01-15,NE,Inspiration | Winter,7303,65,35.62,0.0089
2025-01-16,NE,Inspiration | Winter,6273,93,46.97,0.014825
2025-01-17,NE,Inspiration | Winter,6518,81,42.23,0.012427
2025-01-18,NE,Inspiration | Winter,8034,94,49.78,0.0117
2025-01-19,NE,Inspiration | Winter,5720,69,47.55,0.012063
2025-01-13,NE,Inspiration | Summer,6516,79,34.27,0.012124
2025-01-14,NE,Inspiration | Summer,7545,84,39.78,0.011133
2025-01-15,NE,Inspiration | Summer,6273,69,31.27,0.011
2025-01-16,NE,Inspiration | Summer,5701,74,42.31,0.01298
2025-01-17,NE,Inspiration | Summer,5831,80,37.04,0.01372
2025-01-18,NE,Inspiration | Summer,6794,83,37.16,0.012217
2025-01-19,NE,Inspiration | Summer,6064,88,37.57,0.014512
2025-01-20,CO,Inspiration | Winter,12933,134,106.92,0.010361
2025-01-21,CO,Inspiration | Winter,14772,118,71.85,0.007988
2025-01-22,CO,Inspiration | Winter,13594,159,81.38,0.011696
2025-01-23,CO,Inspiration | Winter,15418,168,83.83,0.010896
2025-01-24,CO,Inspiration | Winter,12128,134,75.42,0.011049
2025-01-25,CO,Inspiration | Winter,10289,177,83.36,0.017203
2025-01-26,CO,Inspiration | Winter,15506,171,102.93,0.011028
2025-01-20,CO,Inspiration | Summer,9075,142,52.73,0.015647
2025-01-21,CO,Inspiration | Summer,11731,149,65.2,0.012701
2025-01-22,CO,Inspiration | Summer,9770,145,48.25,0.014841
2025-01-23,CO,Inspiration | Summer,8924,125,60.39,0.014007
2025-01-24,CO,Inspiration | Summer,9939,140,63.71,0.014086
2025-01-25,CO,Inspiration | Summer,13359,148,65.43,0.011079
2025-01-26,CO,Inspiration | Summer,10384,161,68.74,0.015505
2025-01-20,UT,Inspiration | Winter,13449,99,62.82,0.007361
2025-01-21,UT,Inspiration | Winter,8931,125,67.58,0.013996
2025-01-22,UT,Inspiration | Winter,9302,104,80.23,0.01118
2025-01-23,UT,Inspiration | Winter,10642,94,64.64,0.008833
2025-01-24,UT,Inspiration | Winter,10963,115,66.65,0.01049
2025-01-25,UT,Inspiration | Winter,11101,127,70.59,0.01144
2025-01-26,UT,Inspiration | Winter,9974,119,63.43,0.011931
2025-01-20,UT,Inspiration | Summer,6141,91,40.78,0.014818
2025-01-21,UT,Inspiration | Summer,6208,76,36.77,0.012242
2025-01-22,UT,Inspiration | Summer,6162,95,33.42,0.015417
2025-01-23,UT,Inspiration | Summer,6206,97,36.94,0.01563
2025-01-24,UT,Inspiration | Summer,6496,87,35.1,0.013393
2025-01-25,UT,Inspiration | Summer,5200,71,34.71,0.013654
2025-01-26,UT,Inspiration | Summer,7430,70,36.57,0.009421
2025-01-20,CA,Inspiration | Winter,9229,91,48.33,0.00986
2025-01-21,CA,Inspiration | Winter,7894,102,47.1,0.012921
2025-01-22,CA,Inspiration | Winter,10367,106,65.39,0.010225
2025-01-23,CA,Inspiration | Winter,9212,86,65.65,0.009336
2025-01-24,CA,Inspiration | Winter,8781,98,60.79,0.01116
2025-01-25,CA,Inspiration | Winter,10439,91,68.21,0.008717
2025-01-26,CA,Inspiration | Winter,9539,97,63.48,0.010169
2025-01-20,CA,Inspiration | Summer,6352,106,35.31,0.016688
2025-01-21,CA,Inspiration | Summer,7073,79,34.47,0.011169
2025-01-22,CA,Inspiration | Summer,7963,70,45.65,0.008791
2025-01-23,CA,Inspiration | Summer,7644,104,44.3,0.013605
2025-01-24,CA,Inspiration | Summer,7505,106,49.79,0.014124
2025-01-25,CA,Inspiration | Summer,8203,90,36.46,0.010972
2025-01-26,CA,Inspiration | Summer,5402,83,44.83,0.015365
2025-01-20,PN,Inspiration | Winter,8334,107,66.51,0.012839
2025-01-21,PN,Inspiration | Winter,12084,114,69.6,0.009434
2025-01-22,PN,Inspiration | Winter,11328,92,56.23,0.008121
2025-01-23,PN,Inspiration | Winter,12642,116,62.23,0.009176
2025-01-24,PN,Inspiration | Winter,10825,125,57.74,0.011547
2025-01-25,PN,Inspiration | Winter,9073,107,82.55,0.011793
2025-01-26,PN,Inspiration | Winter,8336,86,69.92,0.010317
2025-01-20,PN,Inspiration | Summer,7115,79,37.93,0.011103
2025-01-21,PN,Inspiration | Summer,7850,78,37.42,0.009936
2025-01-22,PN,Inspiration | Summer,7010,110,38.81,0.015692
2025-01-23,PN,Inspiration | Summer,5849,76,46.78,0.012994
2025-01-24,PN,Inspiration | Summer,5727,97,41.77,0.016937
2025-01-25,PN,Inspiration | Summer,8188,111,36.16,0.013556
2025-01-26,PN,Inspiration | Summer,6085,95,38.51,0.015612
2025-01-20,NE,Inspiration | Winter,9028,88,58.57,0.009747
2025-01-21,NE,Inspiration | Winter,9830,94,45.44,0.009563
2025-01-22,NE,Inspiration | Winter,7675,100,60.57,0.013029
2025-01-23,NE,Inspiration | Winter,9599,76,49.83,0.007917
2025-01-24,NE,Inspiration | Winter,7611,89,39.42,0.011694
2025-01-25,NE,Inspiration | Winter,6477,80,56.61,0.012351
2025-01-26,NE,Inspiration | Winter,6959,81,55.5,0.01164
2025-01-20,NE,Inspiration | Summer,4809,88,39.04,0.018299
2025-01-21,NE,Inspiration | Summer,6879,92,37.65,0.013374
2025-01-22,NE,Inspiration | Summer,4943,64,28.3,0.012948
2025-01-23,NE,Inspiration | Summer,5847,89,29.13,0.015221
2025-01-24,NE,Inspiration | Summer,4942,68,40.67,0.01376
2025-01-25,NE,Inspiration | Summer,6102,60,33.03,0.009833
2025-01-26,NE,Inspiration | Summer,6936,70,26.83,0.010092
2025-01-27,CO,Inspiration | Winter,13170,143,71.86,0.010858
2025-01-28,CO,Inspiration | Winter,12008,167,89.42,0.013907
2025-01-29,CO,Inspiration | Winter,12417,111,76.4,0.008939
2025-01-30,CO,Inspiration | Winter,13362,148,92.2,0.011076
2025-01-31,CO,Inspiration | Winter,14795,156,70.91,0.010544
2025-02-01,CO,Inspiration | Winter,14117,161,94.88,0.011405
2025-02-02,CO,Inspiration | Winter,10831,113,84.82,0.010433
2025-01-27,CO,Inspiration | Summer,8150,133,50.3,0.016319
2025-01-28,CO,Inspiration | Summer,7238,104,40.5,0.014369
2025-01-29,CO,Inspiration | Summer,8394,117,44.18,0.013939
2025-01-30,CO,Inspiration | Summer,7849,113,59.46,0.014397
2025-01-31,CO,Inspiration | Summer,10854,89,45.09,0.0082
2025-02-01,CO,Inspiration | Summer,7856,89,56.3,0.011329
2025-02-02,CO,Inspiration | Summer,7936,128,42.18,0.016129
2025-01-27,UT,Inspiration | Winter,8249,97,52.04,0.011759
2025-01-28,UT,Inspiration | Winter,6232,84,40.32,0.013479
2025-01-29,UT,Inspiration | Winter,9412,103,53.73,0.010943
2025-01-30,UT,Inspiration | Winter,8879,109,58.9,0.012276
2025-01-31,UT,Inspiration | Winter,9324,81,42.28,0.008687
2025-02-01,UT,Inspiration | Winter,6296,90,60.23,0.014295
2025-02-02,UT,Inspiration | Winter,8471,86,56.41,0.010152
2025-01-27,UT,Inspiration | Summer,10343,96,51.59,0.009282
2025-01-28,UT,Inspiration | Summer,8704,121,51.55,0.013902
2025-01-29,UT,Inspiration | Summer,8155,117,52.14,0.014347
2025-01-30,UT,Inspiration | Summer,8389,131,44.45,0.015616
2025-01-31,UT,Inspiration | Summer,9708,110,43.91,0.011331
2025-02-01,UT,Inspiration | Summer,8879,97,48.23,0.010925
2025-02-02,UT,Inspiration | Summer,6847,128,62.1,0.018694
2025-01-27,CA,Inspiration | Winter,10873,122,59.66,0.01122
2025-01-28,CA,Inspiration | Winter,10034,100,70.69,0.009966
2025-01-29,CA,Inspiration | Winter,12176,90,55.26,0.007392
2025-01-30,CA,Inspiration | Winter,10255,89,68.66,0.008679
2025-01-31,CA,Inspiration | Winter,8549,110,54.75,0.012867
2025-02-01,CA,Inspiration | Winter,9453,112,70.59,0.011848
2025-02-02,CA,Inspiration | Winter,9936,107,76.55,0.010769
2025-01-27,CA,Inspiration | Summer,8320,123,49.94,0.014784
2025-01-28,CA,Inspiration | Summer,7229,84,50.09,0.01162
2025-01-29,CA,Inspiration | Summer,9604,81,51.75,0.008434
2025-01-30,CA,Inspiration | Summer,8339,123,54.51,0.01475
2025-01-31,CA,Inspiration | Summer,8141,102,51.84,0.012529
2025-02-01,CA,Inspiration | Summer,9918,114,43.72,0.011494
2025-02-02,CA,Inspiration | Summer,8445,122,46.14,0.014446
2025-01-27,PN,Inspiration | Winter,8348,104,59.12,0.012458
2025-01-28,PN,Inspiration | Winter,6478,98,41.4,0.015128
2025-01-29,PN,Inspiration | Winter,8189,77,50.72,0.009403
2025-01-30,PN,Inspiration | Winter,6381,86,46.8,0.013478
2025-01-31,PN,Inspiration | Winter,7431,96,39.59,0.012919
2025-02-01,PN,Inspiration | Winter,9169,84,59.02,0.009161
2025-02-02,PN,Inspiration | Winter,9302,77,57.27,0.008278
2025-01-27,PN,Inspiration | Summer,6889,108,37.24,0.015677
2025-01-28,PN,Inspiration | Summer,6448,101,38.99,0.015664
2025-01-29,PN,Inspiration | Summer,6346,88,46.95,0.013867
2025-01-30,PN,Inspiration | Summer,8454,113,38.26,0.013366
2025-01-31,PN,Inspiration | Summer,8847,81,40.0,0.009156
2025-02-01,PN,Inspiration | Summer,7146,99,48.08,0.013854
2025-02-02,PN,Inspiration | Summer,6276,85,42.84,0.013544
2025-01-27,NE,Inspiration | Winter,6262,74,43.78,0.011817
2025-01-28,NE,Inspiration | Winter,7076,60,40.02,0.008479
2025-01-29,NE,Inspiration | Winter,6236,78,44.95,0.012508
2025-01-30,NE,Inspiration | Winter,5756,74,40.71,0.012856
2025-01-31,NE,Inspiration | Winter,6556,78,42.18,0.011897
2025-02-01,NE,Inspiration | Winter,8408,88,45.36,0.010466
2025-02-02,NE,Inspiration | Winter,6876,62,44.91,0.009017
2025-01-27,NE,Inspiration | Summer,5253,80,32.15,0.015229
2025-01-28,NE,Inspiration | Summer,6392,83,29.38,0.012985
2025-01-29,NE,Inspiration | Summer,5161,95,34.12,0.018407
2025-01-30,NE,Inspiration | Summer,7436,79,38.9,0.010624
2025-01-31,NE,Inspiration | Summer,4927,63,33.67,0.012787
2025-02-01,NE,Inspiration | Summer,7120,93,38.19,0.013062
2025-02-02,NE,Inspiration | Summer,5906,72,38.3,0.012191
2025-02-03,CO,Inspiration | Winter,9964,137,78.27,0.013749
2025-02-04,CO,Inspiration | Winter,13217,103,81.32,0.007793
2025-02-05,CO,Inspiration | Winter,9704,146,67.66,0.015045
2025-02-06,CO,Inspiration | Winter,13188,141,79.56,0.010692
2025-02-07,CO,Inspiration | Winter,12499,106,81.87,0.008481
2025-02-08,CO,Inspiration | Winter,14065,146,72.37,0.01038
2025-02-09,CO,Inspiration | Winter,14513,133,96.72,0.009164
2025-02-03,CO,Inspiration | Summer,10699,100,56.7,0.009347
2025-02-04,CO,Inspiration | Summer,10420,103,53.75,0.009885
2025-02-05,CO,Inspiration | Summer,10932,110,50.41,0.010062
2025-02-06,CO,Inspiration | Summer,8806,152,47.38,0.017261
2025-02-07,CO,Inspiration | Summer,9202,117,59.36,0.012715
2025-02-08,CO,Inspiration | Summer,8693,123,56.52,0.014149
2025-02-09,CO,Inspiration | Summer,7921,145,62.58,0.018306
2025-02-03,UT,Inspiration | Winter,10679,115,63.92,0.010769
2025-02-04,UT,Inspiration | Winter,10329,100,47.4,0.009681
2025-02-05,UT,Inspiration | Winter,7193,75,63.5,0.010427
2025-02-06,UT,Inspiration | Winter,9338,97,45.79,0.010388
2025-02-07,UT,Inspiration | Winter,7285,113,63.41,0.015511
2025-02-08,UT,Inspiration | Winter,9076,107,48.54,0.011789
2025-02-09,UT,Inspiration | Winter,7336,99,59.34,0.013495
2025-02-03,UT,Inspiration | Summer,7553,96,41.49,0.01271
2025-02-04,UT,Inspiration | Summer,7492,108,49.92,0.014415
2025-02-05,UT,Inspiration | Summer,9270,116,40.01,0.012513
2025-02-06,UT,Inspiration | Summer,7800,118,38.54,0.015128
2025-02-07,UT,Inspiration | Summer,8435,92,57.79,0.010907
2025-02-08,UT,Inspiration | Summer,7303,92,45.21,0.012598
2025-02-09,UT,Inspiration | Summer,7069,108,45.58,0.015278
2025-02-03,CA,Inspiration | Winter,9474,103,66.28,0.010872
2025-02-04,CA,Inspiration | Winter,8153,90,72.27,0.011039
2025-02-05,CA,Inspiration | Winter,8746,119,70.61,0.013606
2025-02-06,CA,Inspiration | Winter,12043,127,76.34,0.010546
2025-02-07,CA,Inspiration | Winter,12071,98,55.13,0.008119
2025-02-08,CA,Inspiration | Winter,10412,120,52.73,0.011525
2025-02-09,CA,Inspiration | Winter,11251,94,68.4,0.008355
2025-02-03,CA,Inspiration | Summer,9223,114,47.61,0.01236
2025-02-04,CA,Inspiration | Summer,9593,126,52.3,0.013135
2025-02-05,CA,Inspiration | Summer,8385,105,54.03,0.012522
2025-02-06,CA,Inspiration | Summer,7660,99,50.63,0.012924
2025-02-07,CA,Inspiration | Summer,9469,105,51.58,0.011089
2025-02-08,CA,Inspiration | Summer,7975,123,43.55,0.015423
2025-02-09,CA,Inspiration | Summer,8556,104,53.3,0.012155
2025-02-03,PN,Inspiration | Winter,8891,83,58.41,0.009335
2025-02-04,PN,Inspiration | Winter,8371,122,67.7,0.014574
2025-02-05,PN,Inspiration | Winter,11171,93,75.26,0.008325
2025-02-06,PN,Inspiration | Winter,11780,114,64.83,0.009677
2025-02-07,PN,Inspiration | Winter,9031,92,57.48,0.010187
2025-02-08,PN,Inspiration | Winter,9871,93,58.27,0.009422
2025-02-09,PN,Inspiration | Winter,9633,117,58.04,0.012146
2025-02-03,PN,Inspiration | Summer,7289,115,49.89,0.015777
2025-02-04,PN,Inspiration | Summer,9015,90,51.27,0.009983
2025-02-05,PN,Inspiration | Summer,9164,85,44.74,0.009275
2025-02-06,PN,Inspiration | Summer,7226,105,37.53,0.014531
2025-02-07,PN,Inspiration | Summer,8053,96,49.75,0.011921
2025-02-08,PN,Inspiration | Summer,8538,115,44.2,0.013469
2025-02-09,PN,Inspiration | Summer,7970,105,54.69,0.013174
2025-02-03,NE,Inspiration | Winter,7979,75,42.46,0.0094
2025-02-04,NE,Inspiration | Winter,7635,88,43.11,0.011526
2025-02-05,NE,Inspiration | Winter,7223,88,52.7,0.012183
2025-02-06,NE,Inspiration | Winter,7047,77,46.93,0.010927
2025-02-07,NE,Inspiration | Winter,7260,71,45.83,0.00978
2025-02-08,NE,Inspiration | Winter,7289,87,44.6,0.011936
2025-02-09,NE,Inspiration | Winter,7513,70,56.81,0.009317
2025-02-03,NE,Inspiration | Summer,5068,69,27.88,0.013615
2025-02-04,NE,Inspiration | Summer,6595,86,29.5,0.01304
2025-02-05,NE,Inspiration | Summer,4831,77,33.68,0.015939
2025-02-06,NE,Inspiration | Summer,4766,60,26.38,0.012589
2025-02-07,NE,Inspiration | Summer,6148,66,30.92,0.010735
2025-02-08,NE,Inspiration | Summer,5473,86,34.09,0.015714
2025-02-09,NE,Inspiration | Summer,4892,59,36.62,0.012061
2025-02-10,CO,Inspiration | Winter,12085,109,53.69,0.009019
2025-02-11,CO,Inspiration | Winter,12092,128,72.63,0.010586
2025-02-12,CO,Inspiration | Winter,11621,97,65.51,0.008347
2025-02-13,CO,Inspiration | Winter,9095,112,71.9,0.012314
2025-02-14,CO,Inspiration | Winter,8174,114,80.55,0.013947
2025-02-15,CO,Inspiration | Winter,9006,101,57.61,0.011215
2025-02-16,CO,Inspiration | Winter,11366,115,68.13,0.010118
2025-02-10,CO,Inspiration | Summer,9587,129,46.92,0.013456
2025-02-11,CO,Inspiration | Summer,9669,139,51.44,0.014376
2025-02-12,CO,Inspiration | Summer,9340,118,58.86,0.012634
2025-02-13,CO,Inspiration | Summer,10247,135,45.14,0.013175
2025-02-14,CO,Inspiration | Summer,8547,119,61.95,0.013923
2025-02-15,CO,Inspiration | Summer,10913,145,65.03,0.013287
2025-02-16,CO,Inspiration | Summer,8257,119,56.71,0.014412
2025-02-10,UT,Inspiration | Winter,8820,92,50.07,0.010431
2025-02-11,UT,Inspiration | Winter,7713,83,49.41,0.010761
2025-02-12,UT,Inspiration | Winter,10443,92,54.18,0.00881
2025-02-13,UT,Inspiration | Winter,10167,88,60.27,0.008655
2025-02-14,UT,Inspiration | Winter,7816,104,54.11,0.013306
2025-02-15,UT,Inspiration | Winter,7426,96,63.31,0.012928
2025-02-16,UT,Inspiration | Winter,8922,76,61.02,0.008518
2025-02-10,UT,Inspiration | Summer,7171,99,40.07,0.013806
2025-02-11,UT,Inspiration | Summer,8580,128,47.59,0.014918
2025-02-12,UT,Inspiration | Summer,8499,96,47.06,0.011295
2025-02-13,UT,Inspiration | Summer,6925,90,42.5,0.012996
2025-02-14,UT,Inspiration | Summer,7844,112,44.66,0.014278
2025-02-15,UT,Inspiration | Summer,8572,88,55.37,0.010266
2025-02-16,UT,Inspiration | Summer,8571,111,48.49,0.012951
2025-02-10,CA,Inspiration | Winter,10265,115,68.32,0.011203
2025-02-11,CA,Inspiration | Winter,12807,112,58.3,0.008745
2025-02-12,CA,Inspiration | Winter,11008,98,76.76,0.008903
2025-02-13,CA,Inspiration | Winter,9624,139,57.96,0.014443
2025-02-14,CA,Inspiration | Winter,9894,93,63.28,0.0094
2025-02-15,CA,Inspiration | Winter,11857,96,81.26,0.008096
2025-02-16,CA,Inspiration | Winter,9305,119,72.58,0.012789
2025-02-10,CA,Inspiration | Summer,10228,119,45.92,0.011635
2025-02-11,CA,Inspiration | Summer,7408,121,57.69,0.016334
2025-02-12,CA,Inspiration | Summer,9961,100,47.02,0.010039
2025-02-13,CA,Inspiration | Summer,8986,124,49.6,0.013799
2025-02-14,CA,Inspiration | Summer,9099,133,46.52,0.014617
2025-02-15,CA,Inspiration | Summer,9941,135,64.47,0.01358
2025-02-16,CA,Inspiration | Summer,9499,122,66.49,0.012843
2025-02-10,PN,Inspiration | Winter,8351,111,63.85,0.013292
2025-02-11,PN,Inspiration | Winter,9023,83,54.53,0.009199
2025-02-12,PN,Inspiration | Winter,8526,79,55.45,0.009266
2025-02-13,PN,Inspiration | Winter,9378,102,51.8,0.010877
2025-02-14,PN,Inspiration | Winter,8352,82,50.02,0.009818
2025-02-15,PN,Inspiration | Winter,8076,105,62.37,0.013001
2025-02-16,PN,Inspiration | Winter,9159,80,51.53,0.008735
2025-02-10,PN,Inspiration | Summer,6712,115,43.99,0.017133
2025-02-11,PN,Inspiration | Summer,6798,90,33.47,0.013239
2025-02-12,PN,Inspiration | Summer,6547,83,45.25,0.012678
2025-02-13,PN,Inspiration | Summer,8832,113,49.38,0.012794
2025-02-14,PN,Inspiration | Summer,9005,102,40.37,0.011327
2025-02-15,PN,Inspiration | Summer,7117,81,47.27,0.011381
2025-02-16,PN,Inspiration | Summer,8069,95,48.13,0.011773
2025-02-10,NE,Inspiration | Winter,8364,73,49.98,0.008728
2025-02-11,NE,Inspiration | Winter,7541,102,53.39,0.013526
2025-02-12,NE,Inspiration | Winter,6295,90,35.54,0.014297
2025-02-13,NE,Inspiration | Winter,8230,87,55.07,0.010571
2025-02-14,NE,Inspiration | Winter,8293,81,53.77,0.009767
2025-02-15,NE,Inspiration | Winter,6257,67,43.85,0.010708
2025-02-16,NE,Inspiration | Winter,6802,100,39.82,0.014702
2025-02-10,NE,Inspiration | Summer,6402,71,35.91,0.01109
2025-02-11,NE,Inspiration | Summer,5982,80,27.75,0.013373
2025-02-12,NE,Inspiration | Summer,4685,64,36.7,0.013661
2025-02-13,NE,Inspiration | Summer,5749,61,35.22,0.010611
2025-02-14,NE,Inspiration | Summer,7002,78,37.97,0.01114
2025-02-15,NE,Inspiration | Summer,4713,80,36.76,0.016974
2025-02-16,NE,Inspiration | Summer,7143,74,31.4,0.01036
2025-02-17,CO,Inspiration | Winter,11959,118,80.93,0.009867
2025-02-18,CO,Inspiration | Winter,12447,134,70.68,0.010766
2025-02-19,CO,Inspiration | Winter,12350,119,78.46,0.009636
2025-02-20,CO,Inspiration | Winter,15058,135,102.84,0.008965
2025-02-21,CO,Inspiration | Winter,12899,124,89.29,0.009613
2025-02-22,CO,Inspiration | Winter,11812,127,74.75,0.010752
2025-02-23,CO,Inspiration | Winter,11905,160,68.98,0.01344
2025-02-17,CO,Inspiration | Summer,11234,157,56.97,0.013975
2025-02-18,CO,Inspiration | Summer,10734,154,77.44,0.014347
2025-02-19,CO,Inspiration | Summer,10992,130,66.17,0.011827
2025-02-20,CO,Inspiration | Summer,15404,126,75.28,0.00818
2025-02-21,CO,Inspiration | Summer,10577,156,79.62,0.014749
2025-02-22,CO,Inspiration | Summer,11434,155,84.95,0.013556
2025-02-23,CO,Inspiration | Summer,15400,161,57.06,0.010455
2025-02-17,UT,Inspiration | Winter,15256,135,92.82,0.008849
2025-02-18,UT,Inspiration | Winter,12743,170,78.29,0.013341
2025-02-19,UT,Inspiration | Winter,14313,158,75.34,0.011039
2025-02-20,UT,Inspiration | Winter,14796,118,100.65,0.007975
2025-02-21,UT,Inspiration | Winter,10864,139,68.6,0.012795
2025-02-22,UT,Inspiration | Winter,10212,119,99.34,0.011653
2025-02-23,UT,Inspiration | Winter,13618,173,72.49,0.012704
2025-02-17,UT,Inspiration | Summer,10528,111,61.03,0.010543
2025-02-18,UT,Inspiration | Summer,8028,122,56.31,0.015197
2025-02-19,UT,Inspiration | Summer,8204,111,51.09,0.01353
2025-02-20,UT,Inspiration | Summer,9244,102,52.21,0.011034
2025-02-21,UT,Inspiration | Summer,9958,139,45.37,0.013959
2025-02-22,UT,Inspiration | Summer,6782,122,45.66,0.017989
2025-02-23,UT,Inspiration | Summer,10234,127,53.58,0.01241
2025-02-17,CA,Inspiration | Winter,12664,133,67.57,0.010502
2025-02-18,CA,Inspiration | Winter,10681,147,89.7,0.013763
2025-02-19,CA,Inspiration | Winter,15509,167,88.84,0.010768
2025-02-20,CA,Inspiration | Winter,13002,132,83.63,0.010152
2025-02-21,CA,Inspiration | Winter,14258,187,91.81,0.013115
2025-02-22,CA,Inspiration | Winter,15286,154,93.27,0.010075
2025-02-23,CA,Inspiration | Winter,12500,148,86.14,0.01184
2025-02-17,CA,Inspiration | Summer,7900,104,58.25,0.013165
2025-02-18,CA,Inspiration | Summer,8556,143,49.74,0.016713
2025-02-19,CA,Inspiration | Summer,10478,131,48.82,0.012502
2025-02-20,CA,Inspiration | Summer,9940,98,46.04,0.009859
2025-02-21,CA,Inspiration | Summer,8487,134,64.71,0.015789
2025-02-22,CA,Inspiration | Summer,8882,96,46.05,0.010808
2025-02-23,CA,Inspiration | Summer,8640,106,51.11,0.012269
2025-02-17,PN,Inspiration | Winter,9483,101,62.25,0.010651
2025-02-18,PN,Inspiration | Winter,10646,92,69.93,0.008642
2025-02-19,PN,Inspiration | Winter,12448,124,70.15,0.009961
2025-02-20,PN,Inspiration | Winter,9126,105,71.73,0.011506
2025-02-21,PN,Inspiration | Winter,8972,131,57.55,0.014601
2025-02-22,PN,Inspiration | Winter,12745,106,79.19,0.008317
2025-02-23,PN,Inspiration | Winter,10211,126,60.43,0.01234
2025-02-17,PN,Inspiration | Summer,10092,140,57.18,0.013872
2025-02-18,PN,Inspiration | Summer,10806,148,48.73,0.013696
2025-02-19,PN,Inspiration | Summer,9248,148,50.93,0.016003
2025-02-20,PN,Inspiration | Summer,9171,111,50.6,0.012103
2025-02-21,PN,Inspiration | Summer,9441,108,63.19,0.011439
2025-02-22,PN,Inspiration | Summer,10268,142,58.39,0.013829
2025-02-23,PN,Inspiration | Summer,8028,135,59.89,0.016816
2025-02-17,NE,Inspiration | Winter,9142,103,55.27,0.011267
2025-02-18,NE,Inspiration | Winter,10440,93,75.93,0.008908
2025-02-19,NE,Inspiration | Winter,9334,98,50.35,0.010499
2025-02-20,NE,Inspiration | Winter,7386,103,59.67,0.013945
2025-02-21,NE,Inspiration | Winter,9611,111,67.04,0.011549
2025-02-22,NE,Inspiration | Winter,10587,101,62.62,0.00954
2025-02-23,NE,Inspiration | Winter,10007,103,54.76,0.010293
2025-02-17,NE,Inspiration | Summer,6155,88,34.08,0.014297
2025-02-18,NE,Inspiration | Summer,6431,85,49.67,0.013217
2025-02-19,NE,Inspiration | Summer,6941,83,40.97,0.011958
2025-02-20,NE,Inspiration | Summer,7040,90,33.61,0.012784
2025-02-21,NE,Inspiration | Summer,7094,82,43.4,0.011559
2025-02-22,NE,Inspiration | Summer,7954,99,40.38,0.012447
2025-02-23,NE,Inspiration | Summer,7843,92,44.75,0.01173
2025-02-24,CO,Inspiration | Winter,9075,133,62.42,0.014656
2025-02-25,CO,Inspiration | Winter,11977,138,74.91,0.011522
2025-02-26,CO,Inspiration | Winter,11582,103,82.09,0.008893
2025-02-27,CO,Inspiration | Winter,9551,121,64.54,0.012669
2025-02-28,CO,Inspiration | Winter,13890,94,80.2,0.006767
2025-03-01,CO,Inspiration | Winter,13444,119,62.19,0.008852
2025-03-02,CO,Inspiration | Winter,9736,109,80.88,0.011196
2025-02-24,CO,Inspiration | Summer,9888,136,58.45,0.013754
2025-02-25,CO,Inspiration | Summer,9680,152,64.43,0.015702
2025-02-26,CO,Inspiration | Summer,8703,116,62.47,0.013329
2025-02-27,CO,Inspiration | Summer,10800,141,65.53,0.013056
2025-02-28,CO,Inspiration | Summer,11547,121,65.01,0.010479
2025-03-01,CO,Inspiration | Summer,11758,109,45.5,0.00927
2025-03-02,CO,Inspiration | Summer,8646,145,50.55,0.016771
2025-02-24,UT,Inspiration | Winter,8431,105,64.02,0.012454
2025-02-25,UT,Inspiration | Winter,7040,118,52.33,0.016761
2025-02-26,UT,Inspiration | Winter,10631,100,62.55,0.009406
2025-02-27,UT,Inspiration | Winter,8885,114,46.69,0.012831
2025-02-28,UT,Inspiration | Winter,8108,89,55.3,0.010977
2025-03-01,UT,Inspiration | Winter,9592,89,62.1,0.009279
2025-03-02,UT,Inspiration | Winter,10009,113,58.27,0.01129
2025-02-24,UT,Inspiration | Summer,8388,91,32.69,0.010849
2025-02-25,UT,Inspiration | Summer,6285,101,45.2,0.01607
2025-02-26,UT,Inspiration | Summer,5606,82,44.8,0.014627
2025-02-27,UT,Inspiration | Summer,5731,104,46.59,0.018147
2025-02-28,UT,Inspiration | Summer,7981,87,38.85,0.010901
2025-03-01,UT,Inspiration | Summer,7283,103,38.6,0.014143
2025-03-02,UT,Inspiration | Summer,7240,86,34.65,0.011878
2025-02-24,CA,Inspiration | Winter,11201,141,69.56,0.012588
2025-02-25,CA,Inspiration | Winter,11480,157,77.2,0.013676
2025-02-26,CA,Inspiration | Winter,13666,131,60.56,0.009586
2025-02-27,CA,Inspiration | Winter,13483,107,82.94,0.007936
2025-02-28,CA,Inspiration | Winter,10131,113,82.34,0.011154
2025-03-01,CA,Inspiration | Winter,10291,142,70.19,0.013798
2025-03-02,CA,Inspiration | Winter,11091,140,77.79,0.012623
2025-02-24,CA,Inspiration | Summer,6318,101,51.65,0.015986
2025-02-25,CA,Inspiration | Summer,6744,70,50.85,0.01038
2025-02-26,CA,Inspiration | Summer,6615,102,33.95,0.01542
2025-02-27,CA,Inspiration | Summer,7862,103,48.26,0.013101
2025-02-28,CA,Inspiration | Summer,8036,81,33.82,0.01008
2025-03-01,CA,Inspiration | Summer,7767,97,37.3,0.012489
2025-03-02,CA,Inspiration | Summer,8581,85,45.33,0.009906
2025-02-24,PN,Inspiration | Winter,9367,99,43.67,0.010569
2025-02-25,PN,Inspiration | Winter,8244,93,62.66,0.011281
2025-02-26,PN,Inspiration | Winter,8106,69,47.39,0.008512
2025-02-27,PN,Inspiration | Winter,8056,97,61.96,0.012041
2025-02-28,PN,Inspiration | Winter,7007,104,49.81,0.014842
2025-03-01,PN,Inspiration | Winter,9090,80,63.25,0.008801
2025-03-02,PN,Inspiration | Winter,8630,70,45.66,0.008111
2025-02-24,PN,Inspiration | Summer,5638,99,37.19,0.017559
2025-02-25,PN,Inspiration | Summer,6076,70,34.49,0.011521
2025-02-26,PN,Inspiration | Summer,5264,87,27.27,0.016527
2025-02-27,PN,Inspiration | Summer,5543,75,29.45,0.013531
2025-02-28,PN,Inspiration | Summer,6561,73,41.9,0.011126
2025-03-01,PN,Inspiration | Summer,6199,90,39.8,0.014518
2025-03-02,PN,Inspiration | Summer,6547,85,32.5,0.012983
2025-02-24,NE,Inspiration | Winter,7224,82,40.7,0.011351
2025-02-25,NE,Inspiration | Winter,6160,70,52.0,0.011364
2025-02-26,NE,Inspiration | Winter,7523,79,51.57,0.010501
2025-02-27,NE,Inspiration | Winter,7131,77,36.77,0.010798
2025-02-28,NE,Inspiration | Winter,7413,86,47.24,0.011601
2025-03-01,NE,Inspiration | Winter,6288,86,35.74,0.013677
2025-03-02,NE,Inspiration | Winter,5563,76,38.72,0.013662
2025-02-24,NE,Inspiration | Summer,7948,84,42.45,0.010569
2025-02-25,NE,Inspiration | Summer,6470,81,50.78,0.012519
2025-02-26,NE,Inspiration | Summer,7766,74,33.2,0.009529
2025-02-27,NE,Inspiration | Summer,7333,93,36.96,0.012682
2025-02-28,NE,Inspiration | Summer,5971,74,39.84,0.012393
2025-03-01,NE,Inspiration | Summer,7934,91,46.16,0.01147
2025-03-02,NE,Inspiration | Summer,6073,103,37.7,0.01696
2025-03-03,CO,Inspiration | Winter,13775,128,72.57,0.009292
2025-03-04,CO,Inspiration | Winter,11152,121,76.96,0.01085
2025-03-05,CO,Inspiration | Winter,13492,117,95.09,0.008672
2025-03-06,CO,Inspiration | Winter,14280,157,79.55,0.010994
2025-03-07,CO,Inspiration | Winter,11015,177,70.71,0.016069
2025-03-08,CO,Inspiration | Winter,13878,129,97.47,0.009295
2025-03-09,CO,Inspiration | Winter,10865,146,73.76,0.013438
2025-03-03,CO,Inspiration | Summer,9156,156,73.57,0.017038
2025-03-04,CO,Inspiration | Summer,12878,160,74.33,0.012424
2025-03-05,CO,Inspiration | Summer,9517,148,68.5,0.015551
2025-03-06,CO,Inspiration | Summer,12710,140,67.98,0.011015
2025-03-07,CO,Inspiration | Summer,12958,140,69.11,0.010804
2025-03-08,CO,Inspiration | Summer,12166,153,53.87,0.012576
2025-03-09,CO,Inspiration | Summer,11718,140,63.03,0.011947
2025-03-03,UT,Inspiration | Winter,10534,91,77.35,0.008639
2025-03-04,UT,Inspiration | Winter,9197,89,58.0,0.009677
2025-03-05,UT,Inspiration | Winter,10059,103,53.04,0.01024
2025-03-06,UT,Inspiration | Winter,9450,117,74.95,0.012381
2025-03-07,UT,Inspiration | Winter,12361,121,60.63,0.009789
2025-03-08,UT,Inspiration | Winter,10228,108,67.01,0.010559
2025-03-09,UT,Inspiration | Winter,9332,102,64.46,0.01093
2025-03-03,UT,Inspiration | Summer,6223,109,46.16,0.017516
2025-03-04,UT,Inspiration | Summer,9223,81,38.87,0.008782
2025-03-05,UT,Inspiration | Summer,6903,116,45.28,0.016804
2025-03-06,UT,Inspiration | Summer,9569,90,47.18,0.009405
2025-03-07,UT,Inspiration | Summer,6366,109,43.48,0.017122
2025-03-08,UT,Inspiration | Summer,7933,84,43.21,0.010589
2025-03-09,UT,Inspiration | Summer,7042,108,44.71,0.015337
2025-03-03,CA,Inspiration | Winter,7512,85,52.44,0.011315
2025-03-04,CA,Inspiration | Winter,10972,100,63.48,0.009114
2025-03-05,CA,Inspiration | Winter,7825,89,53.52,0.011374
2025-03-06,CA,Inspiration | Winter,8945,108,59.35,0.012074
2025-03-07,CA,Inspiration | Winter,9206,97,48.9,0.010537
2025-03-08,CA,Inspiration | Winter,10251,97,48.35,0.009462
2025-03-09,CA,Inspiration | Winter,7169,115,69.99,0.016041
2025-03-03,CA,Inspiration | Summer,7011,115,54.14,0.016403
2025-03-04,CA,Inspiration | Summer,10364,121,44.46,0.011675
2025-03-05,CA,Inspiration | Summer,9339,127,66.28,0.013599
2025-03-06,CA,Inspiration | Summer,10170,91,55.1,0.008948
2025-03-07,CA,Inspiration | Summer,9611,107,44.41,0.011133
2025-03-08,CA,Inspiration | Summer,6960,122,52.7,0.017529
2025-03-09,CA,Inspiration | Summer,10287,132,52.61,0.012832
2025-03-03,PN,Inspiration | Winter,9102,88,46.55,0.009668
2025-03-04,PN,Inspiration | Winter,8449,90,54.64,0.010652
2025-03-05,PN,Inspiration | Winter,8639,90,47.24,0.010418
2025-03-06,PN,Inspiration | Winter,7865,104,54.8,0.013223
2025-03-07,PN,Inspiration | Winter,8113,101,47.8,0.012449
2025-03-08,PN,Inspiration | Winter,6891,94,58.63,0.013641
2025-03-09,PN,Inspiration | Winter,8302,99,57.46,0.011925
2025-03-03,PN,Inspiration | Summer,7162,93,40.71,0.012985
2025-03-04,PN,Inspiration | Summer,5035,69,40.75,0.013704
2025-03-05,PN,Inspiration | Summer,5415,87,30.65,0.016066
2025-03-06,PN,Inspiration | Summer,5630,80,42.61,0.01421
2025-03-07,PN,Inspiration | Summer,7162,76,33.01,0.010612
2025-03-08,PN,Inspiration | Summer,6565,67,31.75,0.010206
2025-03-09,PN,Inspiration | Summer,5989,95,29.67,0.015862
2025-03-03,NE,Inspiration | Winter,9106,95,47.22,0.010433
2025-03-04,NE,Inspiration | Winter,7534,100,47.62,0.013273
2025-03-05,NE,Inspiration | Winter,7977,87,62.31,0.010906
2025-03-06,NE,Inspiration | Winter,7190,86,44.38,0.011961
2025-03-07,NE,Inspiration | Winter,9319,91,57.04,0.009765
2025-03-08,NE,Inspiration | Winter,9291,72,51.39,0.007749
2025-03-09,NE,Inspiration | Winter,8612,96,67.81,0.011147
2025-03-03,NE,Inspiration | Summer,5943,71,38.88,0.011947
2025-03-04,NE,Inspiration | Summer,6585,71,36.65,0.010782
2025-03-05,NE,Inspiration | Summer,5996,87,37.71,0.01451
2025-03-06,NE,Inspiration | Summer,5817,100,33.31,0.017191
2025-03-07,NE,Inspiration | Summer,4816,67,30.53,0.013912
2025-03-08,NE,Inspiration | Summer,6690,88,25.68,0.013154
2025-03-09,NE,Inspiration | Summer,4498,69,31.23,0.01534
2025-03-10,CO,Inspiration | Winter,10948,91,69.21,0.008312
2025-03-11,CO,Inspiration | Winter,11876,121,84.17,0.010189
2025-03-12,CO,Inspiration | Winter,11718,131,84.66,0.011179
2025-03-13,CO,Inspiration | Winter,13291,127,54.97,0.009555
2025-03-14,CO,Inspiration | Winter,11723,118,78.55,0.010066
2025-03-15,CO,Inspiration | Winter,10708,117,65.48,0.010926
2025-03-16,CO,Inspiration | Winter,8759,111,68.7,0.012673
2025-03-10,CO,Inspiration | Summer,10974,166,65.1,0.015127
2025-03-11,CO,Inspiration | Summer,12784,126,74.04,0.009856
2025-03-12,CO,Inspiration | Summer,9093,127,73.59,0.013967
2025-03-13,CO,Inspiration | Summer,9884,124,54.6,0.012546
2025-03-14,CO,Inspiration | Summer,10250,144,75.93,0.014049
2025-03-15,CO,Inspiration | Summer,13279,182,50.16,0.013706
2025-03-16,CO,Inspiration | Summer,10416,178,51.33,0.017089
2025-03-10,UT,Inspiration | Winter,10112,80,67.36,0.007911
2025-03-11,UT,Inspiration | Winter,6999,99,61.82,0.014145
2025-03-12,UT,Inspiration | Winter,9422,89,62.07,0.009446
2025-03-13,UT,Inspiration | Winter,8993,96,48.85,0.010675
2025-03-14,UT,Inspiration | Winter,6869,101,51.68,0.014704
2025-03-15,UT,Inspiration | Winter,10075,121,62.22,0.01201
2025-03-16,UT,Inspiration | Winter,10246,112,47.37,0.010931
2025-03-10,UT,Inspiration | Summer,6702,98,44.77,0.014623
2025-03-11,UT,Inspiration | Summer,9112,98,39.73,0.010755
2025-03-12,UT,Inspiration | Summer,7323,97,44.41,0.013246
2025-03-13,UT,Inspiration | Summer,8454,127,60.16,0.015022
2025-03-14,UT,Inspiration | Summer,8608,111,49.73,0.012895
2025-03-15,UT,Inspiration | Summer,9705,120,40.44,0.012365
2025-03-16,UT,Inspiration | Summer,6535,95,48.12,0.014537
2025-03-10,CA,Inspiration | Winter,8296,101,65.21,0.012175
2025-03-11,CA,Inspiration | Winter,9113,102,52.67,0.011193
2025-03-12,CA,Inspiration | Winter,7592,94,55.31,0.012381
2025-03-13,CA,Inspiration | Winter,8758,107,64.77,0.012217
2025-03-14,CA,Inspiration | Winter,9695,98,60.25,0.010108
2025-03-15,CA,Inspiration | Winter,9675,88,57.49,0.009096
2025-03-16,CA,Inspiration | Winter,9541,81,45.4,0.00849
2025-03-10,CA,Inspiration | Summer,7431,101,43.82,0.013592
2025-03-11,CA,Inspiration | Summer,9617,91,40.45,0.009462
2025-03-12,CA,Inspiration | Summer,7327,135,60.04,0.018425
2025-03-13,CA,Inspiration | Summer,6896,107,50.12,0.015516
2025-03-14,CA,Inspiration | Summer,7996,97,49.69,0.012131
2025-03-15,CA,Inspiration | Summer,9520,121,41.78,0.01271
2025-03-16,CA,Inspiration | Summer,9558,133,52.5,0.013915
2025-03-10,PN,Inspiration | Winter,9109,107,70.18,0.011747
2025-03-11,PN,Inspiration | Winter,11438,114,73.42,0.009967
2025-03-12,PN,Inspiration | Winter,10536,99,72.75,0.009396
2025-03-13,PN,Inspiration | Winter,12583,125,54.8,0.009934
2025-03-14,PN,Inspiration | Winter,8433,125,69.92,0.014823
2025-03-15,PN,Inspiration | Winter,9992,97,64.58,0.009708
2025-03-16,PN,Inspiration | Winter,9902,105,55.1,0.010604
2025-03-10,PN,Inspiration | Summer,8256,106,54.52,0.012839
2025-03-11,PN,Inspiration | Summer,8721,130,46.31,0.014907
2025-03-12,PN,Inspiration | Summer,8191,104,43.8,0.012697
2025-03-13,PN,Inspiration | Summer,7048,95,42.58,0.013479
2025-03-14,PN,Inspiration | Summer,8514,102,51.78,0.01198
2025-03-15,PN,Inspiration | Summer,8878,101,39.48,0.011376
2025-03-16,PN,Inspiration | Summer,7848,117,54.78,0.014908
2025-03-10,NE,Inspiration | Winter,9821,99,57.38,0.01008
2025-03-11,NE,Inspiration | Winter,6895,91,56.3,0.013198
2025-03-12,NE,Inspiration | Winter,8408,85,42.8,0.010109
2025-03-13,NE,Inspiration | Winter,6658,94,52.02,0.014118
2025-03-14,NE,Inspiration | Winter,8366,66,54.48,0.007889
2025-03-15,NE,Inspiration | Winter,8804,78,43.46,0.00886
2025-03-16,NE,Inspiration | Winter,7208,97,52.98,0.013457
2025-03-10,NE,Inspiration | Summer,6463,75,38.59,0.011605
2025-03-11,NE,Inspiration | Summer,5349,88,35.68,0.016452
2025-03-12,NE,Inspiration | Summer,6584,70,29.16,0.010632
2025-03-13,NE,Inspiration | Summer,5807,61,41.48,0.010505
2025-03-14,NE,Inspiration | Summer,6573,70,36.06,0.01065
2025-03-15,NE,Inspiration | Summer,6177,86,32.67,0.013923
2025-03-16,NE,Inspiration | Summer,4993,58,29.65,0.011616
2025-03-17,CO,Inspiration | Winter,8976,121,75.34,0.01348
2025-03-18,CO,Inspiration | Winter,11963,119,69.93,0.009947
2025-03-19,CO,Inspiration | Winter,10583,112,77.81,0.010583
2025-03-20,CO,Inspiration | Winter,13222,107,56.85,0.008093
2025-03-21,CO,Inspiration | Winter,10164,128,66.7,0.012593
2025-03-22,CO,Inspiration | Winter,8954,142,81.17,0.015859
2025-03-23,CO,Inspiration | Winter,12745,149,62.48,0.011691
2025-03-17,CO,Inspiration | Summer,9470,132,56.69,0.013939
2025-03-18,CO,Inspiration | Summer,10194,130,60.58,0.012753
2025-03-19,CO,Inspiration | Summer,8891,122,55.56,0.013722
2025-03-20,CO,Inspiration | Summer,8175,98,49.63,0.011988
2025-03-21,CO,Inspiration | Summer,9324,109,50.81,0.01169
2025-03-22,CO,Inspiration | Summer,8222,105,51.37,0.012771
2025-03-23,CO,Inspiration | Summer,10622,128,51.76,0.01205
2025-03-17,UT,Inspiration | Winter,9796,111,63.62,0.011331
2025-03-18,UT,Inspiration | Winter,11590,96,68.47,0.008283
2025-03-19,UT,Inspiration | Winter,8539,140,59.87,0.016395
2025-03-20,UT,Inspiration | Winter,12633,94,62.51,0.007441
2025-03-21,UT,Inspiration | Winter,10189,133,81.46,0.013053
2025-03-22,UT,Inspiration | Winter,13099,123,79.17,0.00939
2025-03-23,UT,Inspiration | Winter,11661,121,80.94,0.010376
2025-03-17,UT,Inspiration | Summer,7164,99,40.9,0.013819
2025-03-18,UT,Inspiration | Summer,7151,96,36.3,0.013425
2025-03-19,UT,Inspiration | Summer,7901,103,33.47,0.013036
2025-03-20,UT,Inspiration | Summer,6411,106,39.15,0.016534
2025-03-21,UT,Inspiration | Summer,6181,81,42.94,0.013105
2025-03-22,UT,Inspiration | Summer,8024,104,48.14,0.012961
2025-03-23,UT,Inspiration | Summer,6899,102,47.54,0.014785
2025-03-17,CA,Inspiration | Winter,10153,101,53.46,0.009948
2025-03-18,CA,Inspiration | Winter,7529,97,62.46,0.012884
2025-03-19,CA,Inspiration | Winter,9914,95,57.76,0.009582
2025-03-20,CA,Inspiration | Winter,11256,100,72.19,0.008884
2025-03-21,CA,Inspiration | Winter,8288,105,57.23,0.012669
2025-03-22,CA,Inspiration | Winter,8634,101,52.53,0.011698
2025-03-23,CA,Inspiration | Winter,7651,124,50.28,0.016207
2025-03-17,CA,Inspiration | Summer,7562,78,49.28,0.010315
2025-03-18,CA,Inspiration | Summer,7472,97,36.14,0.012982
2025-03-19,CA,Inspiration | Summer,6099,110,48.44,0.018036
2025-03-20,CA,Inspiration | Summer,8433,76,35.91,0.009012
2025-03-21,CA,Inspiration | Summer,7491,77,41.39,0.010279
2025-03-22,CA,Inspiration | Summer,8115,108,47.67,0.013309
2025-03-23,CA,Inspiration | Summer,6364,103,40.06,0.016185
2025-03-17,PN,Inspiration | Winter,7837,95,55.03,0.012122
2025-03-18,PN,Inspiration | Winter,10133,83,57.45,0.008191
2025-03-19,PN,Inspiration | Winter,9434,82,61.85,0.008692
2025-03-20,PN,Inspiration | Winter,7564,121,50.5,0.015997
2025-03-21,PN,Inspiration | Winter,9213,116,49.82,0.012591
2025-03-22,PN,Inspiration | Winter,9733,108,67.75,0.011096
2025-03-23,PN,Inspiration | Winter,8706,109,58.38,0.01252
2025-03-17,PN,Inspiration | Summer,7472,83,31.97,0.011108
2025-03-18,PN,Inspiration | Summer,7580,90,35.87,0.011873
2025-03-19,PN,Inspiration | Summer,5812,93,38.33,0.016001
2025-03-20,PN,Inspiration | Summer,6909,87,44.7,0.012592
2025-03-21,PN,Inspiration | Summer,5250,74,47.88,0.014095
2025-03-22,PN,Inspiration | Summer,6086,61,32.77,0.010023
2025-03-23,PN,Inspiration | Summer,7923,80,41.27,0.010097
2025-03-17,NE,Inspiration | Winter,6544,78,46.86,0.011919
2025-03-18,NE,Inspiration | Winter,6189,77,38.61,0.012441
2025-03-19,NE,Inspiration | Winter,6202,82,39.58,0.013222
2025-03-20,NE,Inspiration | Winter,6414,73,45.02,0.011381
2025-03-21,NE,Inspiration | Winter,9062,64,51.18,0.007062
2025-03-22,NE,Inspiration | Winter,7537,75,42.16,0.009951
2025-03-23,NE,Inspiration | Winter,7516,92,53.15,0.012241
2025-03-17,NE,Inspiration | Summer,6023,74,35.31,0.012286
2025-03-18,NE,Inspiration | Summer,7446,66,33.14,0.008864
2025-03-19,NE,Inspiration | Summer,5662,76,38.01,0.013423
2025-03-20,NE,Inspiration | Summer,5254,96,41.17,0.018272
2025-03-21,NE,Inspiration | Summer,5124,72,37.5,0.014052
2025-03-22,NE,Inspiration | Summer,6740,79,34.88,0.011721
2025-03-23,NE,Inspiration | Summer,7755,83,35.21,0.010703
2025-03-24,CO,Inspiration | Winter,12899,157,58.97,0.012171
2025-03-25,CO,Inspiration | Winter,9607,151,79.47,0.015718
2025-03-26,CO,Inspiration | Winter,14232,137,87.57,0.009626
2025-03-27,CO,Inspiration | Winter,12253,154,86.44,0.012568
2025-03-28,CO,Inspiration | Winter,14188,115,81.88,0.008105
2025-03-29,CO,Inspiration | Winter,14066,111,77.26,0.007891
2025-03-30,CO,Inspiration | Winter,10338,150,88.94,0.01451
2025-03-24,CO,Inspiration | Summer,10386,168,68.37,0.016176
2025-03-25,CO,Inspiration | Summer,14901,154,73.54,0.010335
2025-03-26,CO,Inspiration | Summer,10657,123,64.9,0.011542
2025-03-27,CO,Inspiration | Summer,10744,133,56.67,0.012379
2025-03-28,CO,Inspiration | Summer,11684,138,62.38,0.011811
2025-03-29,CO,Inspiration | Summer,10187,157,58.79,0.015412
2025-03-30,CO,Inspiration | Summer,10241,128,72.39,0.012499
2025-03-24,UT,Inspiration | Winter,11604,126,62.81,0.010858
2025-03-25,UT,Inspiration | Winter,8307,109,77.24,0.013121
2025-03-26,UT,Inspiration | Winter,9340,113,66.05,0.012099
2025-03-27,UT,Inspiration | Winter,11741,124,63.14,0.010561
2025-03-28,UT,Inspiration | Winter,12685,119,74.84,0.009381
2025-03-29,UT,Inspiration | Winter,11216,115,67.5,0.010253
2025-03-30,UT,Inspiration | Winter,11545,86,77.63,0.007449
2025-03-24,UT,Inspiration | Summer,8510,134,44.95,0.015746
2025-03-25,UT,Inspiration | Summer,7319,114,53.14,0.015576
2025-03-26,UT,Inspiration | Summer,8963,102,56.11,0.01138
2025-03-27,UT,Inspiration | Summer,9077,125,41.2,0.013771
2025-03-28,UT,Inspiration | Summer,9095,100,45.39,0.010995
2025-03-29,UT,Inspiration | Summer,7122,98,42.23,0.01376
2025-03-30,UT,Inspiration | Summer,8048,107,54.16,0.013295
2025-03-24,CA,Inspiration | Winter,10244,103,49.48,0.010055
2025-03-25,CA,Inspiration | Winter,8971,90,51.38,0.010032
2025-03-26,CA,Inspiration | Winter,9862,96,53.02,0.009734
2025-03-27,CA,Inspiration | Winter,7783,95,52.08,0.012206
2025-03-28,CA,Inspiration | Winter,7897,86,67.71,0.01089
2025-03-29,CA,Inspiration | Winter,7563,92,54.96,0.012164
2025-03-30,CA,Inspiration | Winter,9229,116,65.27,0.012569
2025-03-24,CA,Inspiration | Summer,8372,107,32.99,0.012781
2025-03-25,CA,Inspiration | Summer,6614,98,45.22,0.014817
2025-03-26,CA,Inspiration | Summer,6892,102,48.51,0.0148
2025-03-27,CA,Inspiration | Summer,7636,86,38.9,0.011262
2025-03-28,CA,Inspiration | Summer,8114,106,40.19,0.013064
2025-03-29,CA,Inspiration | Summer,7612,103,49.64,0.013531
2025-03-30,CA,Inspiration | Summer,7251,92,49.0,0.012688
2025-03-24,PN,Inspiration | Winter,9033,93,66.25,0.010296
2025-03-25,PN,Inspiration | Winter,9165,105,45.07,0.011457
2025-03-26,PN,Inspiration | Winter,9898,133,64.62,0.013437
2025-03-27,PN,Inspiration | Winter,11165,138,49.3,0.01236
2025-03-28,PN,Inspiration | Winter,9591,96,68.96,0.010009
2025-03-29,PN,Inspiration | Winter,8413,112,68.19,0.013313
2025-03-30,PN,Inspiration | Winter,9929,111,67.65,0.011179
2025-03-24,PN,Inspiration | Summer,8209,88,44.29,0.01072
2025-03-25,PN,Inspiration | Summer,7492,94,47.15,0.012547
2025-03-26,PN,Inspiration | Summer,7795,109,46.08,0.013983
2025-03-27,PN,Inspiration | Summer,8033,114,42.86,0.014191
2025-03-28,PN,Inspiration | Summer,6656,111,46.47,0.016677
2025-03-29,PN,Inspiration | Summer,8136,86,49.85,0.01057
2025-03-30,PN,Inspiration | Summer,8143,115,39.19,0.014123
2025-03-24,NE,Inspiration | Winter,10298,96,59.09,0.009322
2025-03-25,NE,Inspiration | Winter,10365,87,50.49,0.008394
2025-03-26,NE,Inspiration | Winter,8547,125,61.38,0.014625
2025-03-27,NE,Inspiration | Winter,7983,112,67.66,0.01403
2025-03-28,NE,Inspiration | Winter,9676,115,52.0,0.011885
2025-03-29,NE,Inspiration | Winter,11307,120,59.83,0.010613
2025-03-30,NE,Inspiration | Winter,7860,108,72.19,0.01374
2025-03-24,NE,Inspiration | Summer,6153,94,39.7,0.015277
2025-03-25,NE,Inspiration | Summer,8184,89,43.87,0.010875
2025-03-26,NE,Inspiration | Summer,8090,87,43.77,0.010754
2025-03-27,NE,Inspiration | Summer,8272,69,41.39,0.008341
2025-03-28,NE,Inspiration | Summer,7016,93,34.66,0.013255
2025-03-29,NE,Inspiration | Summer,6036,97,45.25,0.01607
2025-03-30,NE,Inspiration | Summer,6383,102,42.14,0.01598
2025-03-31,CO,Inspiration | Winter,15294,118,85.67,0.007715
2025-04-01,CO,Inspiration | Winter,10250,151,72.91,0.014732
2025-04-02,CO,Inspiration | Winter,14668,150,83.62,0.010226
2025-04-03,CO,Inspiration | Winter,10621,111,75.1,0.010451
2025-04-04,CO,Inspiration | Winter,12307,159,71.67,0.012919
2025-04-05,CO,Inspiration | Winter,12538,163,83.2,0.013
2025-04-06,CO,Inspiration | Winter,11744,137,87.32,0.011666
2025-03-31,CO,Inspiration | Summer,7662,94,46.54,0.012268
2025-04-01,CO,Inspiration | Summer,10098,119,50.2,0.011785
2025-04-02,CO,Inspiration | Summer,9201,119,53.09,0.012933
2025-04-03,CO,Inspiration | Summer,7744,96,40.0,0.012397
2025-04-04,CO,Inspiration | Summer,9457,110,54.17,0.011632
2025-04-05,CO,Inspiration | Summer,7384,110,48.14,0.014897
2025-04-06,CO,Inspiration | Summer,7291,108,49.11,0.014813
2025-03-31,UT,Inspiration | Winter,8454,121,76.77,0.014313
2025-04-01,UT,Inspiration | Winter,9660,84,82.64,0.008696
2025-04-02,UT,Inspiration | Winter,12969,123,60.21,0.009484
2025-04-03,UT,Inspiration | Winter,10198,128,61.43,0.012551
2025-04-04,UT,Inspiration | Winter,11685,87,61.14,0.007445
2025-04-05,UT,Inspiration | Winter,10689,128,58.15,0.011975
2025-04-06,UT,Inspiration | Winter,9277,85,66.44,0.009162
2025-03-31,UT,Inspiration | Summer,6554,71,42.59,0.010833
2025-04-01,UT,Inspiration | Summer,7394,91,47.09,0.012307
2025-04-02,UT,Inspiration | Summer,8815,107,38.21,0.012138
2025-04-03,UT,Inspiration | Summer,6343,89,40.62,0.014031
2025-04-04,UT,Inspiration | Summer,6929,104,41.55,0.015009
2025-04-05,UT,Inspiration | Summer,7252,90,39.96,0.01241
2025-04-06,UT,Inspiration | Summer,6751,96,40.19,0.01422
2025-03-31,CA,Inspiration | Winter,10258,96,67.71,0.009359
2025-04-01,CA,Inspiration | Winter,7054,104,52.99,0.014743
2025-04-02,CA,Inspiration | Winter,9807,85,49.31,0.008667
2025-04-03,CA,Inspiration | Winter,9918,93,60.2,0.009377
2025-04-04,CA,Inspiration | Winter,9530,91,66.13,0.009549
2025-04-05,CA,Inspiration | Winter,10638,113,51.95,0.010622
2025-04-06,CA,Inspiration | Winter,7720,92,67.22,0.011917
2025-03-31,CA,Inspiration | Summer,8206,106,45.16,0.012917
2025-04-01,CA,Inspiration | Summer,7765,121,52.02,0.015583
2025-04-02,CA,Inspiration | Summer,8092,94,58.0,0.011616
2025-04-03,CA,Inspiration | Summer,8146,124,39.4,0.015222
2025-04-04,CA,Inspiration | Summer,9415,89,53.29,0.009453
2025-04-05,CA,Inspiration | Summer,10024,114,52.99,0.011373
2025-04-06,CA,Inspiration | Summer,7311,93,41.1,0.012721
2025-03-31,PN,Inspiration | Winter,9892,83,59.86,0.008391
2025-04-01,PN,Inspiration | Winter,7145,83,48.84,0.011617
2025-04-02,PN,Inspiration | Winter,7205,100,64.27,0.013879
2025-04-03,PN,Inspiration | Winter,9679,101,62.11,0.010435
2025-04-04,PN,Inspiration | Winter,8579,86,56.24,0.010024
2025-04-05,PN,Inspiration | Winter,9580,94,48.78,0.009812
2025-04-06,PN,Inspiration | Winter,9681,105,55.19,0.010846
2025-03-31,PN,Inspiration | Summer,8046,93,41.58,0.011559
2025-04-01,PN,Inspiration | Summer,6786,74,41.98,0.010905
2025-04-02,PN,Inspiration | Summer,6351,106,45.75,0.01669
2025-04-03,PN,Inspiration | Summer,6357,99,43.54,0.015573
2025-04-04,PN,Inspiration | Summer,6107,106,32.75,0.017357
2025-04-05,PN,Inspiration | Summer,6261,72,37.35,0.0115
2025-04-06,PN,Inspiration | Summer,8119,76,35.59,0.009361
2025-03-31,NE,Inspiration | Winter,7760,90,42.54,0.011598
2025-04-01,NE,Inspiration | Winter,8184,79,42.77,0.009653
2025-04-02,NE,Inspiration | Winter,5850,63,59.41,0.010769
2025-04-03,NE,Inspiration | Winter,8254,79,55.55,0.009571
2025-04-04,NE,Inspiration | Winter,8159,75,49.75,0.009192
2025-04-05,NE,Inspiration | Winter,7488,95,45.58,0.012687
2025-04-06,NE,Inspiration | Winter,7318,69,43.67,0.009429
2025-03-31,NE,Inspiration | Summer,6393,65,41.45,0.010167
2025-04-01,NE,Inspiration | Summer,6465,93,33.89,0.014385
2025-04-02,NE,Inspiration | Summer,5602,88,40.12,0.015709
2025-04-03,NE,Inspiration | Summer,7254,74,34.52,0.010201
2025-04-04,NE,Inspiration | Summer,6097,84,42.02,0.013777
2025-04-05,NE,Inspiration | Summer,6638,93,30.07,0.01401
2025-04-06,NE,Inspiration | Summer,5664,89,33.79,0.015713
2025-04-07,CO,Inspiration | Winter,11083,150,64.7,0.013534
2025-04-08,CO,Inspiration | Winter,10164,113,82.72,0.011118
2025-04-09,CO,Inspiration | Winter,12584,126,68.91,0.010013
2025-04-10,CO,Inspiration | Winter,11010,100,67.23,0.009083
2025-04-11,CO,Inspiration | Winter,12146,132,73.28,0.010868
2025-04-12,CO,Inspiration | Winter,11565,119,77.32,0.01029
2025-04-13,CO,Inspiration | Winter,10297,151,70.48,0.014664
2025-04-07,CO,Inspiration | Summer,10740,124,60.98,0.011546
2025-04-08,CO,Inspiration | Summer,10051,152,64.16,0.015123
2025-04-09,CO,Inspiration | Summer,9999,129,59.91,0.012901
2025-04-10,CO,Inspiration | Summer,9569,120,45.8,0.01254
2025-04-11,CO,Inspiration | Summer,11304,118,51.71,0.010439
2025-04-12,CO,Inspiration | Summer,9658,120,59.39,0.012425
2025-04-13,CO,Inspiration | Summer,9320,166,67.77,0.017811
2025-04-07,UT,Inspiration | Winter,9513,98,50.76,0.010302
2025-04-08,UT,Inspiration | Winter,8239,81,53.66,0.009831
2025-04-09,UT,Inspiration | Winter,8358,83,46.72,0.009931
2025-04-10,UT,Inspiration | Winter,9395,82,50.95,0.008728
2025-04-11,UT,Inspiration | Winter,9761,80,58.28,0.008196
2025-04-12,UT,Inspiration | Winter,6882,93,64.48,0.013514
2025-04-13,UT,Inspiration | Winter,7809,102,58.86,0.013062
2025-04-07,UT,Inspiration | Summer,8655,91,48.52,0.010514
2025-04-08,UT,Inspiration | Summer,6491,92,42.96,0.014173
2025-04-09,UT,Inspiration | Summer,8054,110,47.86,0.013658
2025-04-10,UT,Inspiration | Summer,8687,107,39.85,0.012317
2025-04-11,UT,Inspiration | Summer,8338,106,44.36,0.012713
2025-04-12,UT,Inspiration | Summer,6770,94,43.69,0.013885
2025-04-13,UT,Inspiration | Summer,7178,78,46.96,0.010867
2025-04-07,CA,Inspiration | Winter,10616,98,61.68,0.009231
2025-04-08,CA,Inspiration | Winter,7872,107,43.62,0.013592
2025-04-09,CA,Inspiration | Winter,8680,111,56.46,0.012788
2025-04-10,CA,Inspiration | Winter,9298,95,62.81,0.010217
2025-04-11,CA,Inspiration | Winter,7098,87,61.39,0.012257
2025-04-12,CA,Inspiration | Winter,9116,89,49.86,0.009763
2025-04-13,CA,Inspiration | Winter,8119,99,53.29,0.012194
2025-04-07,CA,Inspiration | Summer,9372,113,49.98,0.012057
2025-04-08,CA,Inspiration | Summer,7829,123,49.75,0.015711
2025-04-09,CA,Inspiration | Summer,9811,119,58.74,0.012129
2025-04-10,CA,Inspiration | Summer,9426,93,42.96,0.009866
2025-04-11,CA,Inspiration | Summer,7759,97,48.04,0.012502
2025-04-12,CA,Inspiration | Summer,10116,124,58.5,0.012258
2025-04-13,CA,Inspiration | Summer,8979,100,59.12,0.011137
2025-04-07,PN,Inspiration | Winter,7822,75,47.85,0.009588
2025-04-08,PN,Inspiration | Winter,7006,82,54.97,0.011704
2025-04-09,PN,Inspiration | Winter,8015,79,42.76,0.009857
2025-04-10,PN,Inspiration | Winter,8843,105,45.17,0.011874
2025-04-11,PN,Inspiration | Winter,8067,103,57.34,0.012768
2025-04-12,PN,Inspiration | Winter,8366,97,51.56,0.011595
2025-04-13,PN,Inspiration | Winter,8439,95,62.33,0.011257
2025-04-07,PN,Inspiration | Summer,7118,101,46.15,0.014189
2025-04-08,PN,Inspiration | Summer,7642,117,47.63,0.01531
2025-04-09,PN,Inspiration | Summer,6811,88,49.66,0.01292
2025-04-10,PN,Inspiration | Summer,8218,93,34.19,0.011317
2025-04-11,PN,Inspiration | Summer,6693,85,35.86,0.0127
2025-04-12,PN,Inspiration | Summer,8476,126,35.74,0.014866
2025-04-13,PN,Inspiration | Summer,7147,109,52.98,0.015251
2025-04-07,NE,Inspiration | Winter,6635,86,47.03,0.012962
2025-04-08,NE,Inspiration | Winter,5850,60,55.29,0.010256
2025-04-09,NE,Inspiration | Winter,7727,73,47.94,0.009447
2025-04-10,NE,Inspiration | Winter,8728,77,46.86,0.008822
2025-04-11,NE,Inspiration | Winter,6904,76,44.51,0.011008
2025-04-12,NE,Inspiration | Winter,9074,75,52.93,0.008265
2025-04-13,NE,Inspiration | Winter,7447,94,40.57,0.012623
2025-04-07,NE,Inspiration | Summer,5694,91,33.83,0.015982
2025-04-08,NE,Inspiration | Summer,8028,93,39.93,0.011584
2025-04-09,NE,Inspiration | Summer,7973,109,37.12,0.013671
2025-04-10,NE,Inspiration | Summer,6433,112,50.82,0.01741
2025-04-11,NE,Inspiration | Summer,6808,93,35.33,0.01366
2025-04-12,NE,Inspiration | Summer,6316,88,46.29,0.013933
2025-04-13,NE,Inspiration | Summer,8193,98,43.46,0.011961
2025-04-14,CO,Inspiration | Winter,10017,94,72.64,0.009384
2025-04-15,CO,Inspiration | Winter,14080,128,67.28,0.009091
2025-04-16,CO,Inspiration | Winter,13579,117,70.08,0.008616
2025-04-17,CO,Inspiration | Winter,10798,106,83.35,0.009817
2025-04-18,CO,Inspiration | Winter,9862,130,64.94,0.013182
2025-04-19,CO,Inspiration | Winter,9650,125,74.96,0.012953
2025-04-20,CO,Inspiration | Winter,10825,129,71.13,0.011917
2025-04-14,CO,Inspiration | Summer,9000,93,38.31,0.010333
2025-04-15,CO,Inspiration | Summer,7672,117,47.98,0.01525
2025-04-16,CO,Inspiration | Summer,8548,82,53.94,0.009593
2025-04-17,CO,Inspiration | Summer,8036,99,42.16,0.01232
2025-04-18,CO,Inspiration | Summer,6847,110,42.49,0.016065
2025-04-19,CO,Inspiration | Summer,7548,99,56.43,0.013116
2025-04-20,CO,Inspiration | Summer,8599,105,44.95,0.012211
2025-04-14,UT,Inspiration | Winter,8889,94,66.34,0.010575
2025-04-15,UT,Inspiration | Winter,8928,110,67.63,0.012321
2025-04-16,UT,Inspiration | Winter,9809,119,51.06,0.012132
2025-04-17,UT,Inspiration | Winter,10589,111,53.27,0.010483
2025-04-18,UT,Inspiration | Winter,8561,101,70.82,0.011798
2025-04-19,UT,Inspiration | Winter,8459,114,59.46,0.013477
2025-04-20,UT,Inspiration | Winter,10762,83,53.79,0.007712
2025-04-14,UT,Inspiration | Summer,8440,81,50.11,0.009597
2025-04-15,UT,Inspiration | Summer,7209,113,42.14,0.015675
2025-04-16,UT,Inspiration | Summer,8220,78,46.59,0.009489
2025-04-17,UT,Inspiration | Summer,9779,113,53.27,0.011555
2025-04-18,UT,Inspiration | Summer,7546,121,40.02,0.016035
2025-04-19,UT,Inspiration | Summer,7558,119,47.78,0.015745
2025-04-20,UT,Inspiration | Summer,8505,96,52.16,0.011287
2025-04-14,CA,Inspiration | Winter,9414,130,50.81,0.013809
2025-04-15,CA,Inspiration | Winter,11496,118,75.87,0.010264
2025-04-16,CA,Inspiration | Winter,11881,113,72.61,0.009511
2025-04-17,CA,Inspiration | Winter,7783,132,72.54,0.01696
2025-04-18,CA,Inspiration | Winter,9869,101,53.84,0.010234
2025-04-19,CA,Inspiration | Winter,9733,104,54.58,0.010685
2025-04-20,CA,Inspiration | Winter,8562,99,59.67,0.011563
2025-04-14,CA,Inspiration | Summer,7168,78,45.01,0.010882
2025-04-15,CA,Inspiration | Summer,6773,110,35.17,0.016241
2025-04-16,CA,Inspiration | Summer,6850,111,34.89,0.016204
2025-04-17,CA,Inspiration | Summer,7952,100,43.39,0.012575
2025-04-18,CA,Inspiration | Summer,7921,96,43.47,0.01212
2025-04-19,CA,Inspiration | Summer,6612,83,45.0,0.012553
2025-04-20,CA,Inspiration | Summer,6284,88,40.51,0.014004
2025-04-14,PN,Inspiration | Winter,8980,85,42.27,0.009465
2025-04-15,PN,Inspiration | Winter,8921,94,52.34,0.010537
2025-04-16,PN,Inspiration | Winter,6978,100,46.33,0.014331
2025-04-17,PN,Inspiration | Winter,6685,106,56.45,0.015856
2025-04-18,PN,Inspiration | Winter,7567,79,44.96,0.01044
2025-04-19,PN,Inspiration | Winter,8873,75,57.19,0.008453
2025-04-20,PN,Inspiration | Winter,7790,99,57.54,0.012709
2025-04-14,PN,Inspiration | Summer,5613,85,43.88,0.015143
2025-04-15,PN,Inspiration | Summer,6671,64,34.92,0.009594
2025-04-16,PN,Inspiration | Summer,5662,79,36.67,0.013953
2025-04-17,PN,Inspiration | Summer,5955,80,38.36,0.013434
2025-04-18,PN,Inspiration | Summer,7391,95,33.5,0.012853
2025-04-19,PN,Inspiration | Summer,7408,97,33.98,0.013094
2025-04-20,PN,Inspiration | Summer,5572,90,35.46,0.016152
2025-04-14,NE,Inspiration | Winter,6339,86,47.12,0.013567
2025-04-15,NE,Inspiration | Winter,7962,83,47.46,0.010425
2025-04-16,NE,Inspiration | Winter,7424,85,39.69,0.011449
2025-04-17,NE,Inspiration | Winter,6993,71,47.44,0.010153
2025-04-18,NE,Inspiration | Winter,6566,83,47.51,0.012641
2025-04-19,NE,Inspiration | Winter,6715,61,45.25,0.009084
2025-04-20,NE,Inspiration | Winter,6487,67,35.85,0.010328
2025-04-14,NE,Inspiration | Summer,4459,77,29.1,0.017268
2025-04-15,NE,Inspiration | Summer,4902,74,28.65,0.015096
2025-04-16,NE,Inspiration | Summer,6586,70,38.52,0.010629
2025-04-17,NE,Inspiration | Summer,5750,62,28.74,0.010783
2025-04-18,NE,Inspiration | Summer,4722,85,31.6,0.018001
2025-04-19,NE,Inspiration | Summer,5218,61,32.15,0.01169
2025-04-20,NE,Inspiration | Summer,6100,69,30.11,0.011311
2025-04-21,CO,Inspiration | Winter,10824,110,77.05,0.010163
2025-04-22,CO,Inspiration | Winter,9437,134,72.94,0.014199
2025-04-23,CO,Inspiration | Winter,14118,120,73.74,0.0085
2025-04-24,CO,Inspiration | Winter,13768,118,70.36,0.008571
2025-04-25,CO,Inspiration | Winter,11186,112,55.87,0.010013
2025-04-26,CO,Inspiration | Winter,9518,118,72.21,0.012398
2025-04-27,CO,Inspiration | Winter,9614,103,79.99,0.010714
2025-04-21,CO,Inspiration | Summer,8550,105,41.77,0.012281
2025-04-22,CO,Inspiration | Summer,8739,94,57.12,0.010756
2025-04-23,CO,Inspiration | Summer,8186,126,55.06,0.015392
2025-04-24,CO,Inspiration | Summer,8030,111,39.01,0.013823
2025-04-25,CO,Inspiration | Summer,6840,98,49.97,0.014327
2025-04-26,CO,Inspiration | Summer,8425,135,37.79,0.016024
2025-04-27,CO,Inspiration | Summer,8062,98,48.91,0.012156
2025-04-21,UT,Inspiration | Winter,10639,107,66.56,0.010057
2025-04-22,UT,Inspiration | Winter,10966,109,63.18,0.00994
2025-04-23,UT,Inspiration | Winter,9008,122,53.9,0.013544
2025-04-24,UT,Inspiration | Winter,9850,123,50.93,0.012487
2025-04-25,UT,Inspiration | Winter,10018,119,69.99,0.011879
2025-04-26,UT,Inspiration | Winter,10480,94,68.95,0.008969
2025-04-27,UT,Inspiration | Winter,7802,84,66.57,0.010766
2025-04-21,UT,Inspiration | Summer,7050,113,43.7,0.016028
2025-04-22,UT,Inspiration | Summer,8887,94,40.86,0.010577
2025-04-23,UT,Inspiration | Summer,8423,99,50.11,0.011754
2025-04-24,UT,Inspiration | Summer,5822,92,50.16,0.015802
2025-04-25,UT,Inspiration | Summer,7997,127,40.62,0.015881
2025-04-26,UT,Inspiration | Summer,6745,111,37.39,0.016457
2025-04-27,UT,Inspiration | Summer,8039,98,44.35,0.012191
2025-04-21,CA,Inspiration | Winter,11601,119,64.98,0.010258
2025-04-22,CA,Inspiration | Winter,9593,111,62.87,0.011571
2025-04-23,CA,Inspiration | Winter,11427,130,77.23,0.011377
2025-04-24,CA,Inspiration | Winter,10372,106,70.11,0.01022
2025-04-25,CA,Inspiration | Winter,9884,121,57.94,0.012242
2025-04-26,CA,Inspiration | Winter,10944,99,87.27,0.009046
2025-04-27,CA,Inspiration | Winter,13351,147,73.49,0.01101
2025-04-21,CA,Inspiration | Summer,11751,110,62.36,0.009361
2025-04-22,CA,Inspiration | Summer,9117,133,63.84,0.014588
2025-04-23,CA,Inspiration | Summer,9315,106,55.42,0.011379
2025-04-24,CA,Inspiration | Summer,8107,115,54.62,0.014185
2025-04-25,CA,Inspiration | Summer,8193,132,52.74,0.016111
2025-04-26,CA,Inspiration | Summer,8429,126,44.39,0.014948
2025-04-27,CA,Inspiration | Summer,9789,138,41.89,0.014097
2025-04-21,PN,Inspiration | Winter,7046,81,54.08,0.011496
2025-04-22,PN,Inspiration | Winter,8538,76,47.99,0.008901
2025-04-23,PN,Inspiration | Winter,9107,75,53.28,0.008235
2025-04-24,PN,Inspiration | Winter,7020,87,52.35,0.012393
2025-04-25,PN,Inspiration | Winter,7785,102,50.92,0.013102
2025-04-26,PN,Inspiration | Winter,7120,82,53.5,0.011517
2025-04-27,PN,Inspiration | Winter,8949,79,43.5,0.008828
2025-04-21,PN,Inspiration | Summer,7389,73,37.12,0.00988
2025-04-22,PN,Inspiration | Summer,7369,76,37.23,0.010313
2025-04-23,PN,Inspiration | Summer,6016,85,32.44,0.014129
2025-04-24,PN,Inspiration | Summer,7753,85,47.91,0.010963
2025-04-25,PN,Inspiration | Summer,5870,99,36.44,0.016865
2025-04-26,PN,Inspiration | Summer,6046,91,40.34,0.015051
2025-04-27,PN,Inspiration | Summer,7296,111,45.4,0.015214
2025-04-21,NE,Inspiration | Winter,8469,119,56.84,0.014051
2025-04-22,NE,Inspiration | Winter,10505,119,56.31,0.011328
2025-04-23,NE,Inspiration | Winter,7308,96,57.82,0.013136
2025-04-24,NE,Inspiration | Winter,8754,122,63.41,0.013936
2025-04-25,NE,Inspiration | Winter,10141,102,56.19,0.010058
2025-04-26,NE,Inspiration | Winter,8603,113,66.38,0.013135
2025-04-27,NE,Inspiration | Winter,10744,83,56.0,0.007725
2025-04-21,NE,Inspiration | Summer,6139,65,27.68,0.010588
2025-04-22,NE,Inspiration | Summer,6069,71,34.07,0.011699
2025-04-23,NE,Inspiration | Summer,5079,89,35.14,0.017523
2025-04-24,NE,Inspiration | Summer,6146,60,28.83,0.009762
2025-04-25,NE,Inspiration | Summer,5361,84,36.27,0.015669
2025-04-26,NE,Inspiration | Summer,4168,87,25.2,0.020873
2025-04-27,NE,Inspiration | Summer,5907,80,38.24,0.013543
2025-04-28,CO,Inspiration | Winter,11782,103,65.94,0.008742
2025-04-29,CO,Inspiration | Winter,8226,93,73.51,0.011306
2025-04-30,CO,Inspiration | Winter,10497,92,53.95,0.008764
2025-05-01,CO,Inspiration | Winter,9266,106,67.27,0.01144
2025-05-02,CO,Inspiration | Winter,10613,112,65.13,0.010553
2025-05-03,CO,Inspiration | Winter,9394,126,56.92,0.013413
2025-05-04,CO,Inspiration | Winter,8988,119,57.38,0.01324
2025-04-28,CO,Inspiration | Summer,11864,141,66.83,0.011885
2025-04-29,CO,Inspiration | Summer,10366,153,60.09,0.01476
2025-04-30,CO,Inspiration | Summer,11838,124,51.54,0.010475
2025-05-01,CO,Inspiration | Summer,8472,155,71.27,0.018296
2025-05-02,CO,Inspiration | Summer,8760,125,51.11,0.014269
2025-05-03,CO,Inspiration | Summer,9491,130,53.68,0.013697
2025-05-04,CO,Inspiration | Summer,9552,135,53.48,0.014133
2025-04-28,UT,Inspiration | Winter,10642,93,58.34,0.008739
2025-04-29,UT,Inspiration | Winter,9401,104,64.49,0.011063
2025-04-30,UT,Inspiration | Winter,7855,82,43.95,0.010439
2025-05-01,UT,Inspiration | Winter,8787,105,59.16,0.011949
2025-05-02,UT,Inspiration | Winter,7331,86,47.11,0.011731
2025-05-03,UT,Inspiration | Winter,8336,105,60.52,0.012596
2025-05-04,UT,Inspiration | Winter,8812,110,57.89,0.012483
2025-04-28,UT,Inspiration | Summer,7317,129,52.27,0.01763
2025-04-29,UT,Inspiration | Summer,7786,94,46.84,0.012073
2025-04-30,UT,Inspiration | Summer,7419,98,43.16,0.013209
2025-05-01,UT,Inspiration | Summer,9710,100,47.85,0.010299
2025-05-02,UT,Inspiration | Summer,9087,109,57.33,0.011995
2025-05-03,UT,Inspiration | Summer,8896,107,48.82,0.012028
2025-05-04,UT,Inspiration | Summer,10047,128,53.25,0.01274
2025-04-28,CA,Inspiration | Winter,12268,98,66.72,0.007988
2025-04-29,CA,Inspiration | Winter,8791,143,66.43,0.016267
2025-04-30,CA,Inspiration | Winter,12533,140,62.85,0.011171
2025-05-01,CA,Inspiration | Winter,12484,119,64.04,0.009532
2025-05-02,CA,Inspiration | Winter,8623,111,64.06,0.012873
2025-05-03,CA,Inspiration | Winter,10567,118,85.05,0.011167
2025-05-04,CA,Inspiration | Winter,9264,142,67.84,0.015328
2025-04-28,CA,Inspiration | Summer,6156,81,44.29,0.013158
2025-04-29,CA,Inspiration | Summer,7359,87,31.36,0.011822
2025-04-30,CA,Inspiration | Summer,5389,96,41.99,0.017814
2025-05-01,CA,Inspiration | Summer,6834,81,31.85,0.011853
2025-05-02,CA,Inspiration | Summer,7320,89,44.43,0.012158
2025-05-03,CA,Inspiration | Summer,7069,100,31.62,0.014146
2025-05-04,CA,Inspiration | Summer,6907,108,47.26,0.015636
2025-04-28,PN,Inspiration | Winter,9855,84,61.4,0.008524
2025-04-29,PN,Inspiration | Winter,9007,86,55.32,0.009548
2025-04-30,PN,Inspiration | Winter,9505,80,48.31,0.008417
2025-05-01,PN,Inspiration | Winter,8666,88,63.99,0.010155
2025-05-02,PN,Inspiration | Winter,8194,83,62.82,0.010129
2025-05-03,PN,Inspiration | Winter,8297,103,49.21,0.012414
2025-05-04,PN,Inspiration | Winter,7736,119,51.02,0.015383
2025-04-28,PN,Inspiration | Summer,5304,85,29.78,0.016026
2025-04-29,PN,Inspiration | Summer,6848,80,38.29,0.011682
2025-04-30,PN,Inspiration | Summer,6939,68,39.76,0.0098
2025-05-01,PN,Inspiration | Summer,6957,98,31.96,0.014087
2025-05-02,PN,Inspiration | Summer,6377,71,29.68,0.011134
2025-05-03,PN,Inspiration | Summer,5148,81,39.49,0.015734
2025-05-04,PN,Inspiration | Summer,4636,82,35.85,0.017688
2025-04-28,NE,Inspiration | Winter,6826,92,58.97,0.013478
2025-04-29,NE,Inspiration | Winter,7996,88,45.7,0.011006
2025-04-30,NE,Inspiration | Winter,9674,68,41.33,0.007029
2025-05-01,NE,Inspiration | Winter,6635,101,41.95,0.015222
2025-05-02,NE,Inspiration | Winter,7463,84,44.75,0.011256
2025-05-03,NE,Inspiration | Winter,6378,87,55.61,0.013641
2025-05-04,NE,Inspiration | Winter,7397,71,46.85,0.009598
2025-04-28,NE,Inspiration | Summer,9045,111,40.27,0.012272
2025-04-29,NE,Inspiration | Summer,6563,106,39.88,0.016151
2025-04-30,NE,Inspiration | Summer,6819,81,36.05,0.011879
2025-05-01,NE,Inspiration | Summer,6295,82,49.92,0.013026
2025-05-02,NE,Inspiration | Summer,7611,102,40.99,0.013402
2025-05-03,NE,Inspiration | Summer,6764,86,38.77,0.012714
2025-05-04,NE,Inspiration | Summer,7931,91,50.07,0.011474
2025-05-05,CO,Inspiration | Winter,12154,135,81.82,0.011107
2025-05-06,CO,Inspiration | Winter,10856,115,68.6,0.010593
2025-05-07,CO,Inspiration | Winter,9687,124,71.12,0.012801
2025-05-08,CO,Inspiration | Winter,11147,131,57.93,0.011752
2025-05-09,CO,Inspiration | Winter,12635,121,71.8,0.009577
2025-05-10,CO,Inspiration | Winter,11015,105,72.76,0.009532
2025-05-11,CO,Inspiration | Winter,11627,132,82.34,0.011353
2025-05-05,CO,Inspiration | Summer,8186,89,46.87,0.010872
2025-05-06,CO,Inspiration | Summer,9519,122,52.97,0.012816
2025-05-07,CO,Inspiration | Summer,10734,110,57.6,0.010248
2025-05-08,CO,Inspiration | Summer,7623,99,50.47,0.012987
2025-05-09,CO,Inspiration | Summer,7848,124,53.48,0.0158
2025-05-10,CO,Inspiration | Summer,8013,133,42.2,0.016598
2025-05-11,CO,Inspiration | Summer,7612,102,41.71,0.0134
2025-05-05,UT,Inspiration | Winter,12109,134,73.16,0.011066
2025-05-06,UT,Inspiration | Winter,12621,99,74.35,0.007844
2025-05-07,UT,Inspiration | Winter,9031,106,57.07,0.011737
2025-05-08,UT,Inspiration | Winter,10636,105,74.42,0.009872
2025-05-09,UT,Inspiration | Winter,10001,147,81.04,0.014699
2025-05-10,UT,Inspiration | Winter,11960,142,60.08,0.011873
2025-05-11,UT,Inspiration | Winter,9885,147,67.84,0.014871
2025-05-05,UT,Inspiration | Summer,8949,81,50.11,0.009051
2025-05-06,UT,Inspiration | Summer,6862,91,35.93,0.013261
2025-05-07,UT,Inspiration | Summer,5898,89,41.49,0.01509
2025-05-08,UT,Inspiration | Summer,6542,84,45.0,0.01284
2025-05-09,UT,Inspiration | Summer,6204,94,44.55,0.015152
2025-05-10,UT,Inspiration | Summer,7511,96,38.18,0.012781
2025-05-11,UT,Inspiration | Summer,7878,69,33.85,0.008759
2025-05-05,CA,Inspiration | Winter,11749,105,63.07,0.008937
2025-05-06,CA,Inspiration | Winter,11489,128,69.14,0.011141
2025-05-07,CA,Inspiration | Winter,13085,129,73.62,0.009859
2025-05-08,CA,Inspiration | Winter,9314,104,77.53,0.011166
2025-05-09,CA,Inspiration | Winter,10803,134,84.12,0.012404
2025-05-10,CA,Inspiration | Winter,9856,130,69.48,0.01319
2025-05-11,CA,Inspiration | Winter,11224,134,59.17,0.011939
2025-05-05,CA,Inspiration | Summer,7905,111,46.21,0.014042
2025-05-06,CA,Inspiration | Summer,7945,82,52.7,0.010321
2025-05-07,CA,Inspiration | Summer,7942,76,50.63,0.009569
2025-05-08,CA,Inspiration | Summer,7785,102,41.03,0.013102
2025-05-09,CA,Inspiration | Summer,7667,101,40.13,0.013173
2025-05-10,CA,Inspiration | Summer,8447,115,47.98,0.013614
2025-05-11,CA,Inspiration | Summer,8440,94,46.89,0.011137
2025-05-05,PN,Inspiration | Winter,8565,98,49.68,0.011442
2025-05-06,PN,Inspiration | Winter,6003,88,56.7,0.014659
2025-05-07,PN,Inspiration | Winter,8196,84,48.98,0.010249
2025-05-08,PN,Inspiration | Winter,7552,85,42.11,0.011255
2025-05-09,PN,Inspiration | Winter,6501,96,51.9,0.014767
2025-05-10,PN,Inspiration | Winter,8531,69,47.82,0.008088
2025-05-11,PN,Inspiration | Winter,8649,71,48.4,0.008209
2025-05-05,PN,Inspiration | Summer,7012,102,53.18,0.014546
2025-05-06,PN,Inspiration | Summer,7131,102,35.39,0.014304
2025-05-07,PN,Inspiration | Summer,7220,80,38.39,0.01108
2025-05-08,PN,Inspiration | Summer,5613,88,37.1,0.015678
2025-05-09,PN,Inspiration | Summer,7911,89,48.41,0.01125
2025-05-10,PN,Inspiration | Summer,7929,86,35.64,0.010846
2025-05-11,PN,Inspiration | Summer,7333,98,42.75,0.013364
2025-05-05,NE,Inspiration | Winter,6291,92,41.37,0.014624
2025-05-06,NE,Inspiration | Winter,7557,71,39.19,0.009395
2025-05-07,NE,Inspiration | Winter,6983,76,40.39,0.010884
2025-05-08,NE,Inspiration | Winter,8012,82,52.2,0.010235
2025-05-09,NE,Inspiration | Winter,6182,67,41.46,0.010838
2025-05-10,NE,Inspiration | Winter,7998,96,53.04,0.012003
2025-05-11,NE,Inspiration | Winter,5439,66,42.5,0.012135
2025-05-05,NE,Inspiration | Summer,5571,72,31.58,0.012924
2025-05-06,NE,Inspiration | Summer,5843,79,43.75,0.01352
2025-05-07,NE,Inspiration | Summer,6555,70,36.73,0.010679
2025-05-08,NE,Inspiration | Summer,6383,64,35.5,0.010027
2025-05-09,NE,Inspiration | Summer,6159,83,29.32,0.013476
2025-05-10,NE,Inspiration | Summer,6321,87,36.75,0.013764
2025-05-11,NE,Inspiration | Summer,5107,85,29.62,0.016644
2025-05-12,CO,Inspiration | Winter,15315,131,79.56,0.008554
2025-05-13,CO,Inspiration | Winter,12738,147,91.2,0.01154
2025-05-14,CO,Inspiration | Winter,12621,154,73.98,0.012202
2025-05-15,CO,Inspiration | Winter,11231,166,74.79,0.014781
2025-05-16,CO,Inspiration | Winter,13063,122,75.29,0.009339
2025-05-17,CO,Inspiration | Winter,13307,152,83.34,0.011423
2025-05-18,CO,Inspiration | Winter,10081,152,87.33,0.015078
2025-05-12,CO,Inspiration | Summer,11893,110,61.04,0.009249
2025-05-13,CO,Inspiration | Summer,11524,109,61.31,0.009459
2025-05-14,CO,Inspiration | Summer,9951,116,60.29,0.011657
2025-05-15,CO,Inspiration | Summer,9549,132,46.02,0.013823
2025-05-16,CO,Inspiration | Summer,9924,126,61.45,0.012696
2025-05-17,CO,Inspiration | Summer,8487,137,51.65,0.016142
2025-05-18,CO,Inspiration | Summer,7940,142,60.0,0.017884
2025-05-12,UT,Inspiration | Winter,10132,89,52.59,0.008784
2025-05-13,UT,Inspiration | Winter,7694,67,51.37,0.008708
2025-05-14,UT,Inspiration | Winter,9424,95,63.74,0.010081
2025-05-15,UT,Inspiration | Winter,8122,103,61.86,0.012682
2025-05-16,UT,Inspiration | Winter,6684,103,48.51,0.01541
2025-05-17,UT,Inspiration | Winter,7917,93,46.17,0.011747
2025-05-18,UT,Inspiration | Winter,10218,92,60.98,0.009004
2025-05-12,UT,Inspiration | Summer,9903,129,46.15,0.013026
2025-05-13,UT,Inspiration | Summer,7617,90,57.47,0.011816
2025-05-14,UT,Inspiration | Summer,9769,98,45.9,0.010032
2025-05-15,UT,Inspiration | Summer,7122,116,46.07,0.016288
2025-05-16,UT,Inspiration | Summer,6574,130,48.7,0.019775
2025-05-17,UT,Inspiration | Summer,9773,106,44.89,0.010846
2025-05-18,UT,Inspiration | Summer,7987,92,51.54,0.011519
2025-05-12,CA,Inspiration | Winter,11628,117,74.68,0.010062
2025-05-13,CA,Inspiration | Winter,10824,135,67.48,0.012472
2025-05-14,CA,Inspiration | Winter,9877,100,75.68,0.010125
2025-05-15,CA,Inspiration | Winter,10394,135,73.24,0.012988
2025-05-16,CA,Inspiration | Winter,11564,133,70.05,0.011501
2025-05-17,CA,Inspiration | Winter,11331,98,68.42,0.008649
2025-05-18,CA,Inspiration | Winter,11722,115,65.43,0.009811
2025-05-12,CA,Inspiration | Summer,9524,100,49.52,0.0105
2025-05-13,CA,Inspiration | Summer,7999,122,68.85,0.015252
2025-05-14,CA,Inspiration | Summer,10390,96,60.14,0.00924
2025-05-15,CA,Inspiration | Summer,8946,113,45.55,0.012631
2025-05-16,CA,Inspiration | Summer,8776,125,46.3,0.014243
2025-05-17,CA,Inspiration | Summer,7882,107,47.26,0.013575
2025-05-18,CA,Inspiration | Summer,9013,94,45.05,0.010429
2025-05-12,PN,Inspiration | Winter,7611,92,59.6,0.012088
2025-05-13,PN,Inspiration | Winter,10732,116,62.72,0.010809
2025-05-14,PN,Inspiration | Winter,9451,98,69.23,0.010369
2025-05-15,PN,Inspiration | Winter,10587,117,63.54,0.011051
2025-05-16,PN,Inspiration | Winter,8461,108,46.77,0.012764
2025-05-17,PN,Inspiration | Winter,10694,113,64.79,0.010567
2025-05-18,PN,Inspiration | Winter,6988,93,46.3,0.013309
2025-05-12,PN,Inspiration | Summer,7402,100,47.05,0.01351
2025-05-13,PN,Inspiration | Summer,7516,105,33.8,0.01397
2025-05-14,PN,Inspiration | Summer,6039,91,40.08,0.015069
2025-05-15,PN,Inspiration | Summer,7525,83,33.96,0.01103
2025-05-16,PN,Inspiration | Summer,6179,94,33.6,0.015213
2025-05-17,PN,Inspiration | Summer,7136,75,35.47,0.01051
2025-05-18,PN,Inspiration | Summer,5565,74,50.74,0.013297
2025-05-12,NE,Inspiration | Winter,8631,89,64.81,0.010312
2025-05-13,NE,Inspiration | Winter,9893,96,56.74,0.009704
2025-05-14,NE,Inspiration | Winter,9050,94,56.05,0.010387
2025-05-15,NE,Inspiration | Winter,8844,93,47.47,0.010516
2025-05-16,NE,Inspiration | Winter,9056,88,63.74,0.009717
2025-05-17,NE,Inspiration | Winter,7582,91,52.98,0.012002
2025-05-18,NE,Inspiration | Winter,9072,90,55.83,0.009921
2025-05-12,NE,Inspiration | Summer,6025,92,38.71,0.01527
2025-05-13,NE,Inspiration | Summer,5898,97,40.6,0.016446
2025-05-14,NE,Inspiration | Summer,6866,96,49.43,0.013982
2025-05-15,NE,Inspiration | Summer,8625,83,34.88,0.009623
2025-05-16,NE,Inspiration | Summer,6470,79,32.72,0.01221
2025-05-17,NE,Inspiration | Summer,6605,78,37.17,0.011809
2025-05-18,NE,Inspiration | Summer,8348,102,49.75,0.012218
2025-05-19,CO,Inspiration | Winter,11026,116,74.76,0.010521
2025-05-20,CO,Inspiration | Winter,13817,125,84.01,0.009047
2025-05-21,CO,Inspiration | Winter,10132,118,80.62,0.011646
2025-05-22,CO,Inspiration | Winter,13345,113,60.08,0.008468
2025-05-23,CO,Inspiration | Winter,12915,133,81.12,0.010298
2025-05-24,CO,Inspiration | Winter,10573,143,74.24,0.013525
2025-05-25,CO,Inspiration | Winter,10461,149,71.68,0.014243
2025-05-19,CO,Inspiration | Summer,10305,133,53.33,0.012906
2025-05-20,CO,Inspiration | Summer,7588,145,56.79,0.019109
2025-05-21,CO,Inspiration | Summer,9882,124,60.49,0.012548
2025-05-22,CO,Inspiration | Summer,7665,94,42.72,0.012264
2025-05-23,CO,Inspiration | Summer,10791,110,60.59,0.010194
2025-05-24,CO,Inspiration | Summer,8479,142,56.35,0.016747
2025-05-25,CO,Inspiration | Summer,9945,105,44.73,0.010558
2025-05-19,UT,Inspiration | Winter,9511,111,64.08,0.011671
2025-05-20,UT,Inspiration | Winter,11222,130,77.54,0.011584
2025-05-21,UT,Inspiration | Winter,11578,107,70.27,0.009242
2025-05-22,UT,Inspiration | Winter,9784,124,79.72,0.012674
2025-05-23,UT,Inspiration | Winter,12176,146,74.64,0.011991
2025-05-24,UT,Inspiration | Winter,11159,96,56.97,0.008603
2025-05-25,UT,Inspiration | Winter,12066,111,72.76,0.009199
2025-05-19,UT,Inspiration | Summer,7046,137,55.77,0.019444
2025-05-20,UT,Inspiration | Summer,8193,102,55.58,0.01245
2025-05-21,UT,Inspiration | Summer,8921,127,45.91,0.014236
2025-05-22,UT,Inspiration | Summer,9941,117,55.06,0.011769
2025-05-23,UT,Inspiration | Summer,9458,89,45.34,0.00941
2025-05-24,UT,Inspiration | Summer,6983,131,39.99,0.01876
2025-05-25,UT,Inspiration | Summer,9212,111,48.93,0.01205
2025-05-19,CA,Inspiration | Winter,9540,106,65.28,0.011111
2025-05-20,CA,Inspiration | Winter,7797,97,55.44,0.012441
2025-05-21,CA,Inspiration | Winter,9598,87,51.04,0.009064
2025-05-22,CA,Inspiration | Winter,8304,116,56.81,0.013969
2025-05-23,CA,Inspiration | Winter,8810,98,51.43,0.011124
2025-05-24,CA,Inspiration | Winter,9902,123,60.75,0.012422
2025-05-25,CA,Inspiration | Winter,9676,103,66.46,0.010645
2025-05-19,CA,Inspiration | Summer,10039,125,53.12,0.012451
2025-05-20,CA,Inspiration | Summer,8950,119,51.54,0.013296
2025-05-21,CA,Inspiration | Summer,10065,97,45.99,0.009637
2025-05-22,CA,Inspiration | Summer,7003,92,59.94,0.013137
2025-05-23,CA,Inspiration | Summer,7029,90,52.21,0.012804
2025-05-24,CA,Inspiration | Summer,9953,116,42.3,0.011655
2025-05-25,CA,Inspiration | Summer,8352,119,50.97,0.014248
2025-05-19,PN,Inspiration | Winter,8521,109,53.69,0.012792
2025-05-20,PN,Inspiration | Winter,8297,114,63.43,0.01374
2025-05-21,PN,Inspiration | Winter,9141,91,52.62,0.009955
2025-05-22,PN,Inspiration | Winter,11012,124,73.56,0.01126
2025-05-23,PN,Inspiration | Winter,9174,88,60.57,0.009592
2025-05-24,PN,Inspiration | Winter,9349,95,53.11,0.010162
2025-05-25,PN,Inspiration | Winter,8655,93,53.57,0.010745
2025-05-19,PN,Inspiration | Summer,7667,88,33.97,0.011478
2025-05-20,PN,Inspiration | Summer,7469,96,47.7,0.012853
2025-05-21,PN,Inspiration | Summer,7485,95,42.83,0.012692
2025-05-22,PN,Inspiration | Summer,6733,103,41.98,0.015298
2025-05-23,PN,Inspiration | Summer,6830,84,42.2,0.012299
2025-05-24,PN,Inspiration | Summer,6873,80,41.55,0.01164
2025-05-25,PN,Inspiration | Summer,7758,97,44.49,0.012503
2025-05-19,NE,Inspiration | Winter,5646,67,50.06,0.011867
2025-05-20,NE,Inspiration | Winter,7703,82,41.84,0.010645
2025-05-21,NE,Inspiration | Winter,7233,73,44.33,0.010093
2025-05-22,NE,Inspiration | Winter,6740,75,42.01,0.011128
2025-05-23,NE,Inspiration | Winter,7517,59,47.04,0.007849
2025-05-24,NE,Inspiration | Winter,5427,75,41.03,0.01382
2025-05-25,NE,Inspiration | Winter,7104,73,36.86,0.010276
2025-05-19,NE,Inspiration | Summer,5566,85,33.71,0.015271
2025-05-20,NE,Inspiration | Summer,5998,84,29.87,0.014005
2025-05-21,NE,Inspiration | Summer,4931,72,38.05,0.014602
2025-05-22,NE,Inspiration | Summer,6649,60,36.56,0.009024
2025-05-23,NE,Inspiration | Summer,6424,63,32.97,0.009807
2025-05-24,NE,Inspiration | Summer,5356,63,35.65,0.011763
2025-05-25,NE,Inspiration | Summer,5351,76,26.78,0.014203
2025-05-26,CO,Inspiration | Winter,11312,106,62.44,0.009371
2025-05-27,CO,Inspiration | Winter,10773,109,60.98,0.010118
2025-05-28,CO,Inspiration | Winter,11686,120,76.25,0.010269
2025-05-29,CO,Inspiration | Winter,10412,115,58.13,0.011045
2025-05-30,CO,Inspiration | Winter,10344,105,82.36,0.010151
2025-05-31,CO,Inspiration | Winter,8490,112,67.46,0.013192
2025-06-01,CO,Inspiration | Winter,10344,133,61.9,0.012858
2025-05-26,CO,Inspiration | Summer,10098,105,54.81,0.010398
2025-05-27,CO,Inspiration | Summer,7342,122,53.83,0.016617
2025-05-28,CO,Inspiration | Summer,8913,95,43.31,0.010659
2025-05-29,CO,Inspiration | Summer,8440,118,54.18,0.013981
2025-05-30,CO,Inspiration | Summer,9134,117,46.45,0.012809
2025-05-31,CO,Inspiration | Summer,7657,122,45.36,0.015933
2025-06-01,CO,Inspiration | Summer,9736,91,57.73,0.009347
2025-05-26,UT,Inspiration | Winter,10764,94,73.35,0.008733
2025-05-27,UT,Inspiration | Winter,9771,96,63.17,0.009825
2025-05-28,UT,Inspiration | Winter,10622,110,72.97,0.010356
2025-05-29,UT,Inspiration | Winter,11061,116,64.62,0.010487
2025-05-30,UT,Inspiration | Winter,10425,135,81.05,0.01295
2025-05-31,UT,Inspiration | Winter,11936,124,80.67,0.010389
2025-06-01,UT,Inspiration | Winter,12856,132,59.77,0.010268
2025-05-26,UT,Inspiration | Summer,9919,93,55.56,0.009376
2025-05-27,UT,Inspiration | Summer,9478,120,57.24,0.012661
2025-05-28,UT,Inspiration | Summer,9044,100,48.77,0.011057
2025-05-29,UT,Inspiration | Summer,7560,108,51.52,0.014286
2025-05-30,UT,Inspiration | Summer,9244,97,45.95,0.010493
2025-05-31,UT,Inspiration | Summer,7480,126,54.57,0.016845
2025-06-01,UT,Inspiration | Summer,9042,132,44.64,0.014599
2025-05-26,CA,Inspiration | Winter,8964,116,60.48,0.012941
2025-05-27,CA,Inspiration | Winter,9722,100,57.06,0.010286
2025-05-28,CA,Inspiration | Winter,10538,117,60.55,0.011103
2025-05-29,CA,Inspiration | Winter,11359,104,60.77,0.009156
2025-05-30,CA,Inspiration | Winter,9380,90,75.59,0.009595
2025-05-31,CA,Inspiration | Winter,9919,90,59.63,0.009073
2025-06-01,CA,Inspiration | Winter,8792,104,65.43,0.011829
2025-05-26,CA,Inspiration | Summer,6512,83,46.41,0.012746
2025-05-27,CA,Inspiration | Summer,5571,103,48.46,0.018489
2025-05-28,CA,Inspiration | Summer,7515,80,36.65,0.010645
2025-05-29,CA,Inspiration | Summer,6661,84,36.45,0.012611
2025-05-30,CA,Inspiration | Summer,8161,89,34.97,0.010906
2025-05-31,CA,Inspiration | Summer,7679,90,35.74,0.01172
2025-06-01,CA,Inspiration | Summer,7952,105,51.62,0.013204
2025-05-26,PN,Inspiration | Winter,8929,99,48.94,0.011087
2025-05-27,PN,Inspiration | Winter,6472,72,63.89,0.011125
2025-05-28,PN,Inspiration | Winter,9846,93,63.83,0.009445
2025-05-29,PN,Inspiration | Winter,8431,71,42.06,0.008421
2025-05-30,PN,Inspiration | Winter,6531,99,42.73,0.015158
2025-05-31,PN,Inspiration | Winter,6720,74,42.38,0.011012
2025-06-01,PN,Inspiration | Winter,8735,104,52.43,0.011906
2025-05-26,PN,Inspiration | Summer,6844,94,40.33,0.013735
2025-05-27,PN,Inspiration | Summer,6647,64,42.5,0.009628
2025-05-28,PN,Inspiration | Summer,6969,77,32.67,0.011049
2025-05-29,PN,Inspiration | Summer,7290,89,44.72,0.012209
2025-05-30,PN,Inspiration | Summer,7205,94,36.1,0.013046
2025-05-31,PN,Inspiration | Summer,6790,90,37.05,0.013255
2025-06-01,PN,Inspiration | Summer,5001,77,37.78,0.015397
2025-05-26,NE,Inspiration | Winter,7741,107,58.96,0.013823
2025-05-27,NE,Inspiration | Winter,9110,118,45.58,0.012953
2025-05-28,NE,Inspiration | Winter,8323,80,62.96,0.009612
2025-05-29,NE,Inspiration | Winter,7747,92,43.01,0.011876
2025-05-30,NE,Inspiration | Winter,9075,95,50.98,0.010468
2025-05-31,NE,Inspiration | Winter,7420,79,55.92,0.010647
2025-06-01,NE,Inspiration | Winter,8728,108,54.71,0.012374
2025-05-26,NE,Inspiration | Summer,5485,73,39.5,0.013309
2025-05-27,NE,Inspiration | Summer,5330,63,30.06,0.01182
2025-05-28,NE,Inspiration | Summer,6912,62,39.09,0.00897
2025-05-29,NE,Inspiration | Summer,5376,92,36.39,0.017113
2025-05-30,NE,Inspiration | Summer,5276,65,36.72,0.01232
2025-05-31,NE,Inspiration | Summer,6330,87,27.4,0.013744
2025-06-01,NE,Inspiration | Summer,6315,90,28.77,0.014252
2025-06-02,CO,Inspiration | Winter,14967,166,73.42,0.011091
2025-06-03,CO,Inspiration | Winter,15091,161,93.79,0.010669
2025-06-04,CO,Inspiration | Winter,12347,142,103.62,0.011501
2025-06-05,CO,Inspiration | Winter,12037,173,79.47,0.014372
2025-06-06,CO,Inspiration | Winter,11833,121,90.4,0.010226
2025-06-07,CO,Inspiration | Winter,16842,150,90.01,0.008906
2025-06-08,CO,Inspiration | Winter,16247,116,105.21,0.00714
2025-06-02,CO,Inspiration | Summer,9228,154,74.04,0.016688
2025-06-03,CO,Inspiration | Summer,9279,134,65.96,0.014441
2025-06-04,CO,Inspiration | Summer,11281,115,58.43,0.010194
2025-06-05,CO,Inspiration | Summer,9362,162,56.97,0.017304
2025-06-06,CO,Inspiration | Summer,10835,132,50.72,0.012183
2025-06-07,CO,Inspiration | Summer,12802,112,67.14,0.008749
2025-06-08,CO,Inspiration | Summer,13257,148,67.79,0.011164
2025-06-02,UT,Inspiration | Winter,12733,140,93.94,0.010995
2025-06-03,UT,Inspiration | Winter,12564,121,71.27,0.009631
2025-06-04,UT,Inspiration | Winter,12620,139,81.42,0.011014
2025-06-05,UT,Inspiration | Winter,13049,148,78.1,0.011342
2025-06-06,UT,Inspiration | Winter,10105,140,95.12,0.013855
2025-06-07,UT,Inspiration | Winter,10584,140,70.09,0.013228
2025-06-08,UT,Inspiration | Winter,14687,161,62.66,0.010962
2025-06-02,UT,Inspiration | Summer,8436,108,62.17,0.012802
2025-06-03,UT,Inspiration | Summer,8225,113,44.74,0.013739
2025-06-04,UT,Inspiration | Summer,8030,114,53.17,0.014197
2025-06-05,UT,Inspiration | Summer,8124,105,59.65,0.012925
2025-06-06,UT,Inspiration | Summer,9059,87,44.7,0.009604
2025-06-07,UT,Inspiration | Summer,11165,115,44.88,0.0103
2025-06-08,UT,Inspiration | Summer,9524,115,53.56,0.012075
2025-06-02,CA,Inspiration | Winter,16126,175,78.18,0.010852
2025-06-03,CA,Inspiration | Winter,11566,184,67.27,0.015909
2025-06-04,CA,Inspiration | Winter,14751,182,98.54,0.012338
2025-06-05,CA,Inspiration | Winter,11299,156,84.93,0.013807
2025-06-06,CA,Inspiration | Winter,13344,124,96.47,0.009293
2025-06-07,CA,Inspiration | Winter,13386,138,77.81,0.010309
2025-06-08,CA,Inspiration | Winter,13305,135,96.97,0.010147
2025-06-02,CA,Inspiration | Summer,8271,93,50.8,0.011244
2025-06-03,CA,Inspiration | Summer,10949,127,49.09,0.011599
2025-06-04,CA,Inspiration | Summer,8516,124,44.49,0.014561
2025-06-05,CA,Inspiration | Summer,8290,125,62.04,0.015078
2025-06-06,CA,Inspiration | Summer,7797,103,46.02,0.01321
2025-06-07,CA,Inspiration | Summer,7506,134,61.5,0.017852
2025-06-08,CA,Inspiration | Summer,10379,111,43.97,0.010695
2025-06-02,PN,Inspiration | Winter,7975,86,68.44,0.010784
2025-06-03,PN,Inspiration | Winter,11345,106,63.09,0.009343
2025-06-04,PN,Inspiration | Winter,9191,108,57.0,0.011751
2025-06-05,PN,Inspiration | Winter,8421,75,55.17,0.008906
2025-06-06,PN,Inspiration | Winter,10474,81,59.6,0.007733
2025-06-07,PN,Inspiration | Winter,8630,116,61.85,0.013441
2025-06-08,PN,Inspiration | Winter,9725,101,55.72,0.010386
2025-06-02,PN,Inspiration | Summer,7260,132,56.29,0.018182
2025-06-03,PN,Inspiration | Summer,8485,101,66.25,0.011903
2025-06-04,PN,Inspiration | Summer,10071,126,50.79,0.012511
2025-06-05,PN,Inspiration | Summer,8195,97,45.11,0.011836
2025-06-06,PN,Inspiration | Summer,10178,116,49.17,0.011397
2025-06-07,PN,Inspiration | Summer,7995,115,47.56,0.014384
2025-06-08,PN,Inspiration | Summer,9810,89,44.4,0.009072
2025-06-02,NE,Inspiration | Winter,10674,128,64.38,0.011992
2025-06-03,NE,Inspiration | Winter,11291,129,61.59,0.011425
2025-06-04,NE,Inspiration | Winter,11422,116,56.24,0.010156
2025-06-05,NE,Inspiration | Winter,10489,123,68.76,0.011727
2025-06-06,NE,Inspiration | Winter,8828,121,72.06,0.013706
2025-06-07,NE,Inspiration | Winter,8575,89,74.34,0.010379
2025-06-08,NE,Inspiration | Winter,12633,102,75.67,0.008074
2025-06-02,NE,Inspiration | Summer,7286,71,33.75,0.009745
2025-06-03,NE,Inspiration | Summer,6073,82,43.32,0.013502
2025-06-04,NE,Inspiration | Summer,7592,103,40.83,0.013567
2025-06-05,NE,Inspiration | Summer,5251,78,45.67,0.014854
2025-06-06,NE,Inspiration | Summer,7489,83,34.73,0.011083
2025-06-07,NE,Inspiration | Summer,7298,96,46.74,0.013154
2025-06-08,NE,Inspiration | Summer,6458,103,30.16,0.015949
2025-06-09,CO,Inspiration | Winter,12661,127,58.75,0.010031
2025-06-10,CO,Inspiration | Winter,10194,90,66.4,0.008829
2025-06-11,CO,Inspiration | Winter,8906,122,85.56,0.013699
2025-06-12,CO,Inspiration | Winter,10065,99,61.7,0.009836
2025-06-13,CO,Inspiration | Winter,9167,129,63.27,0.014072
2025-06-14,CO,Inspiration | Winter,12275,117,84.14,0.009532
2025-06-15,CO,Inspiration | Winter,11746,94,60.28,0.008003
2025-06-09,CO,Inspiration | Summer,10373,136,48.94,0.013111
2025-06-10,CO,Inspiration | Summer,10193,128,57.82,0.012558
2025-06-11,CO,Inspiration | Summer,7388,116,60.5,0.015701
2025-06-12,CO,Inspiration | Summer,9554,126,59.28,0.013188
2025-06-13,CO,Inspiration | Summer,10066,100,51.84,0.009934
2025-06-14,CO,Inspiration | Summer,7754,108,41.04,0.013928
2025-06-15,CO,Inspiration | Summer,9439,115,56.23,0.012183
2025-06-09,UT,Inspiration | Winter,10115,137,63.59,0.013544
2025-06-10,UT,Inspiration | Winter,11191,130,66.62,0.011616
2025-06-11,UT,Inspiration | Winter,12293,110,63.98,0.008948
2025-06-12,UT,Inspiration | Winter,11614,93,86.94,0.008008
2025-06-13,UT,Inspiration | Winter,10318,103,66.5,0.009983
2025-06-14,UT,Inspiration | Winter,9836,125,78.5,0.012708
2025-06-15,UT,Inspiration | Winter,10918,109,62.08,0.009984
2025-06-09,UT,Inspiration | Summer,9168,117,44.57,0.012762
2025-06-10,UT,Inspiration | Summer,9852,90,52.89,0.009135
2025-06-11,UT,Inspiration | Summer,7530,109,57.38,0.014475
2025-06-12,UT,Inspiration | Summer,8016,119,42.8,0.014845
2025-06-13,UT,Inspiration | Summer,9525,126,39.42,0.013228
2025-06-14,UT,Inspiration | Summer,6467,86,49.18,0.013298
2025-06-15,UT,Inspiration | Summer,7806,120,52.25,0.015373
2025-06-09,CA,Inspiration | Winter,8820,97,58.63,0.010998
2025-06-10,CA,Inspiration | Winter,7784,83,50.55,0.010663
2025-06-11,CA,Inspiration | Winter,7945,73,49.94,0.009188
2025-06-12,CA,Inspiration | Winter,8411,94,60.18,0.011176
2025-06-13,CA,Inspiration | Winter,7643,96,57.51,0.012561
2025-06-14,CA,Inspiration | Winter,7531,99,41.06,0.013146
2025-06-15,CA,Inspiration | Winter,10788,114,59.21,0.010567
2025-06-09,CA,Inspiration | Summer,9761,98,52.09,0.01004
2025-06-10,CA,Inspiration | Summer,7560,121,52.59,0.016005
2025-06-11,CA,Inspiration | Summer,9068,105,53.68,0.011579
2025-06-12,CA,Inspiration | Summer,8125,119,48.59,0.014646
2025-06-13,CA,Inspiration | Summer,7616,105,51.91,0.013787
2025-06-14,CA,Inspiration | Summer,7490,112,42.37,0.014953
2025-06-15,CA,Inspiration | Summer,11169,90,51.35,0.008058
2025-06-09,PN,Inspiration | Winter,7750,91,40.67,0.011742
2025-06-10,PN,Inspiration | Winter,8611,89,60.13,0.010336
2025-06-11,PN,Inspiration | Winter,7916,105,56.39,0.013264
2025-06-12,PN,Inspiration | Winter,9019,84,46.64,0.009314
2025-06-13,PN,Inspiration | Winter,7443,100,45.94,0.013435
2025-06-14,PN,Inspiration | Winter,9742,102,59.81,0.01047
2025-06-15,PN,Inspiration | Winter,6952,103,58.0,0.014816
2025-06-09,PN,Inspiration | Summer,5863,67,32.47,0.011428
2025-06-10,PN,Inspiration | Summer,7142,90,31.35,0.012602
2025-06-11,PN,Inspiration | Summer,7562,87,40.83,0.011505
2025-06-12,PN,Inspiration | Summer,6230,85,43.82,0.013644
2025-06-13,PN,Inspiration | Summer,5537,67,32.54,0.0121
2025-06-14,PN,Inspiration | Summer,7564,99,42.08,0.013088
2025-06-15,PN,Inspiration | Summer,5044,65,37.58,0.012887
2025-06-09,NE,Inspiration | Winter,9121,102,43.01,0.011183
2025-06-10,NE,Inspiration | Winter,7939,79,53.54,0.009951
2025-06-11,NE,Inspiration | Winter,8900,92,57.53,0.010337
2025-06-12,NE,Inspiration | Winter,6194,81,54.35,0.013077
2025-06-13,NE,Inspiration | Winter,8283,77,61.95,0.009296
2025-06-14,NE,Inspiration | Winter,7406,89,45.5,0.012017
2025-06-15,NE,Inspiration | Winter,8136,78,42.38,0.009587
2025-06-09,NE,Inspiration | Summer,6335,94,43.68,0.014838
2025-06-10,NE,Inspiration | Summer,7133,94,47.2,0.013178
2025-06-11,NE,Inspiration | Summer,6244,79,46.92,0.012652
2025-06-12,NE,Inspiration | Summer,8502,87,34.07,0.010233
2025-06-13,NE,Inspiration | Summer,7776,114,41.95,0.01466
2025-06-14,NE,Inspiration | Summer,6533,77,34.36,0.011786
2025-06-15,NE,Inspiration | Summer,6598,80,36.73,0.012125
2025-06-16,CO,Inspiration | Winter,8096,111,50.39,0.01371
2025-06-17,CO,Inspiration | Winter,9837,104,63.09,0.010572
2025-06-18,CO,Inspiration | Winter,10275,112,44.94,0.0109
2025-06-19,CO,Inspiration | Winter,7889,131,67.45,0.016605
2025-06-20,CO,Inspiration | Winter,8863,106,65.32,0.01196
2025-06-21,CO,Inspiration | Winter,10356,106,64.14,0.010236
2025-06-22,CO,Inspiration | Winter,10092,93,63.26,0.009215
2025-06-16,CO,Inspiration | Summer,8830,102,65.0,0.011552
2025-06-17,CO,Inspiration | Summer,8651,104,55.6,0.012022
2025-06-18,CO,Inspiration | Summer,10727,137,70.72,0.012772
2025-06-19,CO,Inspiration | Summer,10994,112,59.59,0.010187
2025-06-20,CO,Inspiration | Summer,12017,144,48.03,0.011983
2025-06-21,CO,Inspiration | Summer,9411,133,50.84,0.014132
2025-06-22,CO,Inspiration | Summer,10251,142,61.33,0.013852
2025-06-16,UT,Inspiration | Winter,9488,105,71.47,0.011067
2025-06-17,UT,Inspiration | Winter,8845,107,58.04,0.012097
2025-06-18,UT,Inspiration | Winter,12639,104,59.72,0.008228
2025-06-19,UT,Inspiration | Winter,10619,138,65.85,0.012996
2025-06-20,UT,Inspiration | Winter,9559,123,76.81,0.012867
2025-06-21,UT,Inspiration | Winter,12685,134,77.61,0.010564
2025-06-22,UT,Inspiration | Winter,11386,145,71.92,0.012735
2025-06-16,UT,Inspiration | Summer,7494,95,38.89,0.012677
2025-06-17,UT,Inspiration | Summer,7123,79,35.16,0.011091
2025-06-18,UT,Inspiration | Summer,6833,96,39.42,0.014049
2025-06-19,UT,Inspiration | Summer,6756,85,48.76,0.012581
2025-06-20,UT,Inspiration | Summer,7671,109,40.84,0.014209
2025-06-21,UT,Inspiration | Summer,7840,87,52.69,0.011097
2025-06-22,UT,Inspiration | Summer,7519,97,41.42,0.012901
2025-06-16,CA,Inspiration | Winter,10418,114,65.62,0.010943
2025-06-17,CA,Inspiration | Winter,9069,121,80.52,0.013342
2025-06-18,CA,Inspiration | Winter,11093,106,54.34,0.009556
2025-06-19,CA,Inspiration | Winter,10621,130,63.48,0.01224
2025-06-20,CA,Inspiration | Winter,10471,110,68.27,0.010505
2025-06-21,CA,Inspiration | Winter,8637,99,69.99,0.011462
2025-06-22,CA,Inspiration | Winter,11608,132,58.04,0.011371
2025-06-16,CA,Inspiration | Summer,10598,116,60.66,0.010945
2025-06-17,CA,Inspiration | Summer,8514,126,51.56,0.014799
2025-06-18,CA,Inspiration | Summer,8398,107,57.09,0.012741
2025-06-19,CA,Inspiration | Summer,8833,124,57.76,0.014038
2025-06-20,CA,Inspiration | Summer,10794,127,48.31,0.011766
2025-06-21,CA,Inspiration | Summer,9464,117,50.13,0.012363
2025-06-22,CA,Inspiration | Summer,7839,103,48.24,0.013139
2025-06-16,PN,Inspiration | Winter,6633,77,40.37,0.011609
2025-06-17,PN,Inspiration | Winter,7371,80,52.93,0.010853
2025-06-18,PN,Inspiration | Winter,6118,84,52.27,0.01373
2025-06-19,PN,Inspiration | Winter,6775,81,50.96,0.011956
2025-06-20,PN,Inspiration | Winter,7009,81,37.92,0.011557
2025-06-21,PN,Inspiration | Winter,9037,80,51.74,0.008852
2025-06-22,PN,Inspiration | Winter,9007,79,46.28,0.008771
2025-06-16,PN,Inspiration | Summer,5799,98,36.94,0.016899
2025-06-17,PN,Inspiration | Summer,7196,79,42.06,0.010978
2025-06-18,PN,Inspiration | Summer,6370,98,27.29,0.015385
2025-06-19,PN,Inspiration | Summer,6522,79,38.01,0.012113
2025-06-20,PN,Inspiration | Summer,6428,79,33.71,0.01229
2025-06-21,PN,Inspiration | Summer,4790,68,39.32,0.014196
2025-06-22,PN,Inspiration | Summer,5873,80,31.93,0.013622
2025-06-16,NE,Inspiration | Winter,6839,81,41.11,0.011844
2025-06-17,NE,Inspiration | Winter,7269,78,35.74,0.01073
2025-06-18,NE,Inspiration | Winter,6051,78,35.91,0.01289
2025-06-19,NE,Inspiration | Winter,6010,56,42.79,0.009318
2025-06-20,NE,Inspiration | Winter,6445,63,48.69,0.009775
2025-06-21,NE,Inspiration | Winter,7207,64,42.09,0.00888
2025-06-22,NE,Inspiration | Winter,6962,67,53.07,0.009624
2025-06-16,NE,Inspiration | Summer,4776,77,36.09,0.016122
2025-06-17,NE,Inspiration | Summer,5295,66,30.8,0.012465
2025-06-18,NE,Inspiration | Summer,6170,59,33.48,0.009562
2025-06-19,NE,Inspiration | Summer,6065,58,32.44,0.009563
2025-06-20,NE,Inspiration | Summer,6628,75,36.54,0.011316
2025-06-21,NE,Inspiration | Summer,4746,87,27.5,0.018331
2025-06-22,NE,Inspiration | Summer,4480,74,24.47,0.016518
2025-06-23,CO,Inspiration | Winter,9898,126,84.13,0.01273
2025-06-24,CO,Inspiration | Winter,10691,108,67.08,0.010102
2025-06-25,CO,Inspiration | Winter,13042,116,56.16,0.008894
2025-06-26,CO,Inspiration | Winter,9789,127,65.99,0.012974
2025-06-27,CO,Inspiration | Winter,11264,89,68.52,0.007901
2025-06-28,CO,Inspiration | Winter,9395,135,59.32,0.014369
2025-06-29,CO,Inspiration | Winter,8920,89,65.99,0.009978
2025-06-23,CO,Inspiration | Summer,8784,94,43.65,0.010701
2025-06-24,CO,Inspiration | Summer,8159,128,45.28,0.015688
2025-06-25,CO,Inspiration | Summer,7220,112,43.08,0.015512
2025-06-26,CO,Inspiration | Summer,7721,114,41.09,0.014765
2025-06-27,CO,Inspiration | Summer,8147,100,52.61,0.012274
2025-06-28,CO,Inspiration | Summer,7207,117,51.34,0.016234
2025-06-29,CO,Inspiration | Summer,8372,86,45.5,0.010272
2025-06-23,UT,Inspiration | Winter,8764,123,67.67,0.014035
2025-06-24,UT,Inspiration | Winter,11823,119,62.89,0.010065
2025-06-25,UT,Inspiration | Winter,8422,116,63.33,0.013773
2025-06-26,UT,Inspiration | Winter,7632,106,68.38,0.013889
2025-06-27,UT,Inspiration | Winter,10323,92,69.76,0.008912
2025-06-28,UT,Inspiration | Winter,9970,102,48.36,0.010231
2025-06-29,UT,Inspiration | Winter,9955,81,47.7,0.008137
2025-06-23,UT,Inspiration | Summer,6911,103,44.44,0.014904
2025-06-24,UT,Inspiration | Summer,8614,123,50.51,0.014279
2025-06-25,UT,Inspiration | Summer,8321,114,47.68,0.0137
2025-06-26,UT,Inspiration | Summer,6754,111,39.69,0.016435
2025-06-27,UT,Inspiration | Summer,8676,110,45.95,0.012679
2025-06-28,UT,Inspiration | Summer,7255,96,43.61,0.013232
2025-06-29,UT,Inspiration | Summer,8871,91,49.45,0.010258
2025-06-23,CA,Inspiration | Winter,9699,104,70.16,0.010723
2025-06-24,CA,Inspiration | Winter,10749,127,85.54,0.011815
2025-06-25,CA,Inspiration | Winter,12413,114,71.7,0.009184
2025-06-26,CA,Inspiration | Winter,12868,133,74.28,0.010336
2025-06-27,CA,Inspiration | Winter,11856,135,75.82,0.011387
2025-06-28,CA,Inspiration | Winter,13053,107,80.01,0.008197
2025-06-29,CA,Inspiration | Winter,10274,109,60.33,0.010609
2025-06-23,CA,Inspiration | Summer,9924,97,48.68,0.009774
2025-06-24,CA,Inspiration | Summer,9231,112,47.57,0.012133
2025-06-25,CA,Inspiration | Summer,9936,125,48.41,0.012581
2025-06-26,CA,Inspiration | Summer,8254,113,59.74,0.01369
2025-06-27,CA,Inspiration | Summer,7805,125,45.59,0.016015
2025-06-28,CA,Inspiration | Summer,7048,109,40.73,0.015465
2025-06-29,CA,Inspiration | Summer,8396,104,60.72,0.012387
2025-06-23,PN,Inspiration | Winter,10227,113,74.73,0.011049
2025-06-24,PN,Inspiration | Winter,9397,90,59.24,0.009578
2025-06-25,PN,Inspiration | Winter,8869,93,63.86,0.010486
2025-06-26,PN,Inspiration | Winter,12120,112,67.69,0.009241
2025-06-27,PN,Inspiration | Winter,10064,131,63.77,0.013017
2025-06-28,PN,Inspiration | Winter,11435,101,60.73,0.008833
2025-06-29,PN,Inspiration | Winter,9076,125,65.6,0.013773
2025-06-23,PN,Inspiration | Summer,7543,75,35.76,0.009943
2025-06-24,PN,Inspiration | Summer,6372,85,31.92,0.01334
2025-06-25,PN,Inspiration | Summer,7767,94,47.87,0.012102
2025-06-26,PN,Inspiration | Summer,7390,111,39.57,0.01502
2025-06-27,PN,Inspiration | Summer,5892,82,41.32,0.013917
2025-06-28,PN,Inspiration | Summer,6890,74,41.71,0.01074
2025-06-29,PN,Inspiration | Summer,5923,75,38.95,0.012663
2025-06-23,NE,Inspiration | Winter,8831,94,51.09,0.010644
2025-06-24,NE,Inspiration | Winter,8917,100,64.67,0.011215
2025-06-25,NE,Inspiration | Winter,6412,95,44.99,0.014816
2025-06-26,NE,Inspiration | Winter,9798,99,48.5,0.010104
2025-06-27,NE,Inspiration | Winter,9580,96,45.44,0.010021
2025-06-28,NE,Inspiration | Winter,7140,93,70.24,0.013025
2025-06-29,NE,Inspiration | Winter,8734,87,55.29,0.009961
2025-06-23,NE,Inspiration | Summer,6584,78,30.49,0.011847
2025-06-24,NE,Inspiration | Summer,5688,76,37.51,0.013361
2025-06-25,NE,Inspiration | Summer,5257,77,41.69,0.014647
2025-06-26,NE,Inspiration | Summer,5917,70,28.8,0.01183
2025-06-27,NE,Inspiration | Summer,5019,64,28.85,0.012752
2025-06-28,NE,Inspiration | Summer,6083,61,29.88,0.010028
2025-06-29,NE,Inspiration | Summer,4854,77,31.31,0.015863
2025-06-30,CO,Inspiration | Winter,9568,130,54.09,0.013587
2025-07-01,CO,Inspiration | Winter,9784,139,74.78,0.014207
2025-07-02,CO,Inspiration | Winter,13207,111,72.01,0.008405
2025-07-03,CO,Inspiration | Winter,10167,113,83.23,0.011114
2025-07-04,CO,Inspiration | Winter,13976,123,83.03,0.008801
2025-07-05,CO,Inspiration | Winter,9031,125,75.06,0.013841
2025-07-06,CO,Inspiration | Winter,13567,118,65.32,0.008698
2025-06-30,CO,Inspiration | Summer,9052,152,60.52,0.016792
2025-07-01,CO,Inspiration | Summer,9982,148,52.31,0.014827
2025-07-02,CO,Inspiration | Summer,8617,127,51.74,0.014738
2025-07-03,CO,Inspiration | Summer,10466,110,56.09,0.01051
2025-07-04,CO,Inspiration | Summer,8120,126,45.68,0.015517
2025-07-05,CO,Inspiration | Summer,9958,117,59.4,0.011749
2025-07-06,CO,Inspiration | Summer,10315,111,60.01,0.010761
2025-06-30,UT,Inspiration | Winter,9230,98,45.09,0.010618
2025-07-01,UT,Inspiration | Winter,7693,105,55.93,0.013649
2025-07-02,UT,Inspiration | Winter,7749,100,52.65,0.012905
2025-07-03,UT,Inspiration | Winter,8597,84,47.58,0.009771
2025-07-04,UT,Inspiration | Winter,7181,89,59.5,0.012394
2025-07-05,UT,Inspiration | Winter,8664,87,50.71,0.010042
2025-07-06,UT,Inspiration | Winter,6769,73,46.18,0.010784
2025-06-30,UT,Inspiration | Summer,5940,83,40.64,0.013973
2025-07-01,UT,Inspiration | Summer,8166,90,48.3,0.011021
2025-07-02,UT,Inspiration | Summer,6535,125,38.33,0.019128
2025-07-03,UT,Inspiration | Summer,7404,115,44.77,0.015532
2025-07-04,UT,Inspiration | Summer,6609,94,35.35,0.014223
2025-07-05,UT,Inspiration | Summer,7623,86,47.01,0.011282
2025-07-06,UT,Inspiration | Summer,7716,98,35.58,0.012701
2025-06-30,CA,Inspiration | Winter,9132,87,47.15,0.009527
2025-07-01,CA,Inspiration | Winter,9857,122,54.16,0.012377
2025-07-02,CA,Inspiration | Winter,10234,96,57.54,0.00938
2025-07-03,CA,Inspiration | Winter,8248,95,64.61,0.011518
2025-07-04,CA,Inspiration | Winter,7547,85,63.33,0.011263
2025-07-05,CA,Inspiration | Winter,11078,117,66.32,0.010561
2025-07-06,CA,Inspiration | Winter,8111,92,57.8,0.011343
2025-06-30,CA,Inspiration | Summer,8997,112,49.82,0.012449
2025-07-01,CA,Inspiration | Summer,8326,105,43.07,0.012611
2025-07-02,CA,Inspiration | Summer,7797,94,48.8,0.012056
2025-07-03,CA,Inspiration | Summer,8371,107,53.54,0.012782
2025-07-04,CA,Inspiration | Summer,6594,113,54.01,0.017137
2025-07-05,CA,Inspiration | Summer,8729,113,45.6,0.012945
2025-07-06,CA,Inspiration | Summer,8554,74,37.89,0.008651
2025-06-30,PN,Inspiration | Winter,11995,86,52.13,0.00717
2025-07-01,PN,Inspiration | Winter,9974,97,61.64,0.009725
2025-07-02,PN,Inspiration | Winter,8993,101,58.09,0.011231
2025-07-03,PN,Inspiration | Winter,11139,107,75.53,0.009606
2025-07-04,PN,Inspiration | Winter,9015,120,54.3,0.013311
2025-07-05,PN,Inspiration | Winter,9513,127,69.11,0.01335
2025-07-06,PN,Inspiration | Winter,9238,121,76.35,0.013098
2025-06-30,PN,Inspiration | Summer,7551,79,32.29,0.010462
2025-07-01,PN,Inspiration | Summer,6902,93,37.19,0.013474
2025-07-02,PN,Inspiration | Summer,5155,92,40.98,0.017847
2025-07-03,PN,Inspiration | Summer,6941,89,32.44,0.012822
2025-07-04,PN,Inspiration | Summer,6405,73,47.58,0.011397
2025-07-05,PN,Inspiration | Summer,6670,63,44.39,0.009445
2025-07-06,PN,Inspiration | Summer,6574,89,33.08,0.013538
2025-06-30,NE,Inspiration | Winter,7572,61,48.24,0.008056
2025-07-01,NE,Inspiration | Winter,6316,67,47.62,0.010608
2025-07-02,NE,Inspiration | Winter,7849,75,49.48,0.009555
2025-07-03,NE,Inspiration | Winter,6986,88,42.14,0.012597
2025-07-04,NE,Inspiration | Winter,6785,90,47.28,0.013265
2025-07-05,NE,Inspiration | Winter,5479,60,43.5,0.010951
2025-07-06,NE,Inspiration | Winter,8280,76,37.06,0.009179
2025-06-30,NE,Inspiration | Summer,4718,67,29.84,0.014201
2025-07-01,NE,Inspiration | Summer,6196,65,27.99,0.010491
2025-07-02,NE,Inspiration | Summer,6282,83,34.46,0.013212
2025-07-03,NE,Inspiration | Summer,6040,80,34.7,0.013245
2025-07-04,NE,Inspiration | Summer,5031,60,34.13,0.011926
2025-07-05,NE,Inspiration | Summer,6189,74,29.39,0.011957
2025-07-06,NE,Inspiration | Summer,5452,84,40.96,0.015407
2025-07-07,CO,Inspiration | Winter,10720,112,68.62,0.010448
2025-07-08,CO,Inspiration | Winter,7901,91,71.0,0.011518
2025-07-09,CO,Inspiration | Winter,11084,93,69.9,0.00839
2025-07-10,CO,Inspiration | Winter,9673,126,53.03,0.013026
2025-07-11,CO,Inspiration | Winter,9008,126,53.8,0.013988
2025-07-12,CO,Inspiration | Winter,10899,92,59.15,0.008441
2025-07-13,CO,Inspiration | Winter,11022,98,74.46,0.008891
2025-07-07,CO,Inspiration | Summer,9807,118,43.91,0.012032
2025-07-08,CO,Inspiration | Summer,9364,116,47.03,0.012388
2025-07-09,CO,Inspiration | Summer,8157,108,56.57,0.01324
2025-07-10,CO,Inspiration | Summer,8325,124,54.4,0.014895
2025-07-11,CO,Inspiration | Summer,8539,82,38.27,0.009603
2025-07-12,CO,Inspiration | Summer,8584,98,53.84,0.011417
2025-07-13,CO,Inspiration | Summer,7482,88,55.47,0.011762
2025-07-07,UT,Inspiration | Winter,10171,108,70.82,0.010618
2025-07-08,UT,Inspiration | Winter,10638,144,51.83,0.013536
2025-07-09,UT,Inspiration | Winter,10390,102,71.97,0.009817
2025-07-10,UT,Inspiration | Winter,11157,147,73.26,0.013176
2025-07-11,UT,Inspiration | Winter,9483,98,72.49,0.010334
2025-07-12,UT,Inspiration | Winter,10390,127,49.53,0.012223
2025-07-13,UT,Inspiration | Winter,9996,105,72.34,0.010504
2025-07-07,UT,Inspiration | Summer,6540,88,33.94,0.013456
2025-07-08,UT,Inspiration | Summer,6446,95,35.49,0.014738
2025-07-09,UT,Inspiration | Summer,7205,82,43.65,0.011381
2025-07-10,UT,Inspiration | Summer,7223,75,39.62,0.010383
2025-07-11,UT,Inspiration | Summer,5711,87,36.03,0.015234
2025-07-12,UT,Inspiration | Summer,6246,83,28.6,0.013289
2025-07-13,UT,Inspiration | Summer,5763,87,44.44,0.015096
2025-07-07,CA,Inspiration | Winter,11057,126,70.54,0.011395
2025-07-08,CA,Inspiration | Winter,11634,126,79.49,0.01083
2025-07-09,CA,Inspiration | Winter,13176,128,81.64,0.009715
2025-07-10,CA,Inspiration | Winter,9069,107,63.57,0.011798
2025-07-11,CA,Inspiration | Winter,11701,127,61.87,0.010854
2025-07-12,CA,Inspiration | Winter,11492,139,64.63,0.012095
2025-07-13,CA,Inspiration | Winter,11050,132,85.0,0.011946
2025-07-07,CA,Inspiration | Summer,5914,108,43.27,0.018262
2025-07-08,CA,Inspiration | Summer,6523,91,43.91,0.013951
2025-07-09,CA,Inspiration | Summer,7075,77,35.34,0.010883
2025-07-10,CA,Inspiration | Summer,7617,103,33.74,0.013522
2025-07-11,CA,Inspiration | Summer,6987,106,38.75,0.015171
2025-07-12,CA,Inspiration | Summer,6302,72,29.98,0.011425
2025-07-13,CA,Inspiration | Summer,5934,83,43.83,0.013987
2025-07-07,PN,Inspiration | Winter,7420,102,49.81,0.013747
2025-07-08,PN,Inspiration | Winter,8724,121,61.2,0.01387
2025-07-09,PN,Inspiration | Winter,7400,92,48.67,0.012432
2025-07-10,PN,Inspiration | Winter,9032,110,48.27,0.012179
2025-07-11,PN,Inspiration | Winter,7649,111,72.9,0.014512
2025-07-12,PN,Inspiration | Winter,10635,87,52.9,0.008181
2025-07-13,PN,Inspiration | Winter,8975,81,49.19,0.009025
2025-07-07,PN,Inspiration | Summer,7967,86,41.27,0.010795
2025-07-08,PN,Inspiration | Summer,7997,100,40.89,0.012505
2025-07-09,PN,Inspiration | Summer,7521,92,48.1,0.012232
2025-07-10,PN,Inspiration | Summer,6666,83,53.02,0.012451
2025-07-11,PN,Inspiration | Summer,7409,115,46.19,0.015522
2025-07-12,PN,Inspiration | Summer,9643,93,36.15,0.009644
2025-07-13,PN,Inspiration | Summer,6671,103,46.84,0.01544
2025-07-07,NE,Inspiration | Winter,6783,99,56.74,0.014595
2025-07-08,NE,Inspiration | Winter,9134,77,50.85,0.00843
2025-07-09,NE,Inspiration | Winter,7199,94,51.0,0.013057
2025-07-10,NE,Inspiration | Winter,7314,100,57.16,0.013672
2025-07-11,NE,Inspiration | Winter,9590,86,42.26,0.008968
2025-07-12,NE,Inspiration | Winter,7157,78,53.81,0.010898
2025-07-13,NE,Inspiration | Winter,9412,81,50.35,0.008606
2025-07-07,NE,Inspiration | Summer,6348,78,48.54,0.012287
2025-07-08,NE,Inspiration | Summer,6920,87,38.18,0.012572
2025-07-09,NE,Inspiration | Summer,6757,100,36.24,0.014799
2025-07-10,NE,Inspiration | Summer,7594,85,48.07,0.011193
2025-07-11,NE,Inspiration | Summer,6920,85,32.43,0.012283
2025-07-12,NE,Inspiration | Summer,6445,74,32.76,0.011482
2025-07-13,NE,Inspiration | Summer,7730,100,46.31,0.012937
2025-07-14,CO,Inspiration | Winter,12873,137,66.66,0.010642
2025-07-15,CO,Inspiration | Winter,11942,152,69.2,0.012728
2025-07-16,CO,Inspiration | Winter,12707,106,86.89,0.008342
2025-07-17,CO,Inspiration | Winter,14139,145,85.29,0.010255
2025-07-18,CO,Inspiration | Winter,11017,141,90.19,0.012798
2025-07-19,CO,Inspiration | Winter,14754,141,74.04,0.009557
2025-07-20,CO,Inspiration | Winter,9879,142,86.52,0.014374
2025-07-14,CO,Inspiration | Summer,6295,108,44.03,0.017156
2025-07-15,CO,Inspiration | Summer,6664,80,43.47,0.012005
2025-07-16,CO,Inspiration | Summer,7998,91,34.52,0.011378
2025-07-17,CO,Inspiration | Summer,8752,114,45.77,0.013026
2025-07-18,CO,Inspiration | Summer,7355,80,46.86,0.010877
2025-07-19,CO,Inspiration | Summer,6715,103,48.93,0.015339
2025-07-20,CO,Inspiration | Summer,8933,105,42.16,0.011754
2025-07-14,UT,Inspiration | Winter,10308,121,54.15,0.011738
2025-07-15,UT,Inspiration | Winter,9730,128,66.11,0.013155
2025-07-16,UT,Inspiration | Winter,11171,120,63.34,0.010742
2025-07-17,UT,Inspiration | Winter,8717,96,68.63,0.011013
2025-07-18,UT,Inspiration | Winter,10470,106,65.91,0.010124
2025-07-19,UT,Inspiration | Winter,8511,104,67.49,0.012219
2025-07-20,UT,Inspiration | Winter,9958,120,55.11,0.012051
2025-07-14,UT,Inspiration | Summer,6495,85,40.01,0.013087
2025-07-15,UT,Inspiration | Summer,6419,103,41.34,0.016046
2025-07-16,UT,Inspiration | Summer,8564,99,45.37,0.01156
2025-07-17,UT,Inspiration | Summer,6868,81,39.68,0.011794
2025-07-18,UT,Inspiration | Summer,7564,112,34.87,0.014807
2025-07-19,UT,Inspiration | Summer,7991,111,49.52,0.013891
2025-07-20,UT,Inspiration | Summer,8169,108,51.21,0.013221
2025-07-14,CA,Inspiration | Winter,9331,115,65.74,0.012325
2025-07-15,CA,Inspiration | Winter,9430,123,61.56,0.013043
2025-07-16,CA,Inspiration | Winter,11225,102,67.37,0.009087
2025-07-17,CA,Inspiration | Winter,9973,121,48.01,0.012133
2025-07-18,CA,Inspiration | Winter,8343,115,62.91,0.013784
2025-07-19,CA,Inspiration | Winter,9988,96,55.99,0.009612
2025-07-20,CA,Inspiration | Winter,8608,107,66.57,0.01243
2025-07-14,CA,Inspiration | Summer,8075,104,48.4,0.012879
2025-07-15,CA,Inspiration | Summer,6618,82,45.3,0.01239
2025-07-16,CA,Inspiration | Summer,8377,87,43.17,0.010386
2025-07-17,CA,Inspiration | Summer,8286,89,40.35,0.010741
2025-07-18,CA,Inspiration | Summer,6922,113,36.82,0.016325
2025-07-19,CA,Inspiration | Summer,8647,121,52.52,0.013993
2025-07-20,CA,Inspiration | Summer,6797,93,45.04,0.013683
2025-07-14,PN,Inspiration | Winter,6517,88,43.44,0.013503
2025-07-15,PN,Inspiration | Winter,7728,77,56.99,0.009964
2025-07-16,PN,Inspiration | Winter,7873,86,47.57,0.010923
2025-07-17,PN,Inspiration | Winter,9190,77,46.65,0.008379
2025-07-18,PN,Inspiration | Winter,7189,65,54.58,0.009042
2025-07-19,PN,Inspiration | Winter,8028,93,45.4,0.011584
2025-07-20,PN,Inspiration | Winter,8022,73,54.47,0.0091
2025-07-14,PN,Inspiration | Summer,7382,80,49.88,0.010837
2025-07-15,PN,Inspiration | Summer,8702,93,47.93,0.010687
2025-07-16,PN,Inspiration | Summer,6719,118,48.43,0.017562
2025-07-17,PN,Inspiration | Summer,6151,88,35.47,0.014307
2025-07-18,PN,Inspiration | Summer,7154,112,36.7,0.015656
2025-07-19,PN,Inspiration | Summer,8379,81,38.55,0.009667
2025-07-20,PN,Inspiration | Summer,7759,119,46.06,0.015337
2025-07-14,NE,Inspiration | Winter,9463,97,51.03,0.01025
2025-07-15,NE,Inspiration | Winter,9960,97,64.44,0.009739
2025-07-16,NE,Inspiration | Winter,7027,118,59.82,0.016792
2025-07-17,NE,Inspiration | Winter,8710,107,62.03,0.012285
2025-07-18,NE,Inspiration | Winter,9179,93,59.69,0.010132
2025-07-19,NE,Inspiration | Winter,8579,118,53.13,0.013755
2025-07-20,NE,Inspiration | Winter,9425,93,48.88,0.009867
2025-07-14,NE,Inspiration | Summer,6596,69,37.79,0.010461
2025-07-15,NE,Inspiration | Summer,5711,101,41.14,0.017685
2025-07-16,NE,Inspiration | Summer,7709,97,34.24,0.012583
2025-07-17,NE,Inspiration | Summer,7294,85,38.81,0.011653
2025-07-18,NE,Inspiration | Summer,6370,101,34.86,0.015856
2025-07-19,NE,Inspiration | Summer,7908,82,49.3,0.010369
2025-07-20,NE,Inspiration | Summer,7766,92,50.11,0.011847
2025-07-21,CO,Inspiration | Winter,8656,133,72.17,0.015365
2025-07-22,CO,Inspiration | Winter,9571,146,61.17,0.015254
2025-07-23,CO,Inspiration | Winter,10989,117,78.04,0.010647
2025-07-24,CO,Inspiration | Winter,11707,110,76.29,0.009396
2025-07-25,CO,Inspiration | Winter,12348,118,64.25,0.009556
2025-07-26,CO,Inspiration | Winter,11699,132,76.95,0.011283
2025-07-27,CO,Inspiration | Winter,12393,122,66.25,0.009844
2025-07-21,CO,Inspiration | Summer,8755,83,37.04,0.00948
2025-07-22,CO,Inspiration | Summer,5822,78,34.67,0.013397
2025-07-23,CO,Inspiration | Summer,7040,117,52.49,0.016619
2025-07-24,CO,Inspiration | Summer,6709,105,38.94,0.015651
2025-07-25,CO,Inspiration | Summer,6808,107,48.93,0.015717
2025-07-26,CO,Inspiration | Summer,8449,110,46.88,0.013019
2025-07-27,CO,Inspiration | Summer,8417,89,42.64,0.010574
2025-07-21,UT,Inspiration | Winter,8130,80,51.94,0.00984
2025-07-22,UT,Inspiration | Winter,9710,78,44.12,0.008033
2025-07-23,UT,Inspiration | Winter,8634,98,55.43,0.01135
2025-07-24,UT,Inspiration | Winter,7422,109,48.24,0.014686
2025-07-25,UT,Inspiration | Winter,6860,102,53.6,0.014869
2025-07-26,UT,Inspiration | Winter,6603,85,53.71,0.012873
2025-07-27,UT,Inspiration | Winter,9333,96,55.78,0.010286
2025-07-21,UT,Inspiration | Summer,8795,109,50.17,0.012393
2025-07-22,UT,Inspiration | Summer,6451,97,47.95,0.015036
2025-07-23,UT,Inspiration | Summer,9016,85,45.16,0.009428
2025-07-24,UT,Inspiration | Summer,8853,86,37.09,0.009714
2025-07-25,UT,Inspiration | Summer,6274,119,40.24,0.018967
2025-07-26,UT,Inspiration | Summer,7161,97,51.63,0.013546
2025-07-27,UT,Inspiration | Summer,9119,94,50.63,0.010308
2025-07-21,CA,Inspiration | Winter,13426,132,68.59,0.009832
2025-07-22,CA,Inspiration | Winter,9685,117,84.64,0.012081
2025-07-23,CA,Inspiration | Winter,9650,127,60.71,0.013161
2025-07-24,CA,Inspiration | Winter,11264,123,59.95,0.01092
2025-07-25,CA,Inspiration | Winter,13870,148,68.25,0.010671
2025-07-26,CA,Inspiration | Winter,10658,106,75.03,0.009946
2025-07-27,CA,Inspiration | Winter,9464,116,82.14,0.012257
2025-07-21,CA,Inspiration | Summer,7530,122,45.33,0.016202
2025-07-22,CA,Inspiration | Summer,8900,87,55.99,0.009775
2025-07-23,CA,Inspiration | Summer,9147,119,41.45,0.01301
2025-07-24,CA,Inspiration | Summer,9487,98,47.84,0.01033
2025-07-25,CA,Inspiration | Summer,7907,100,51.47,0.012647
2025-07-26,CA,Inspiration | Summer,8461,113,42.28,0.013355
2025-07-27,CA,Inspiration | Summer,6636,87,52.42,0.01311
2025-07-21,PN,Inspiration | Winter,9773,89,61.49,0.009107
2025-07-22,PN,Inspiration | Winter,8282,131,70.52,0.015817
2025-07-23,PN,Inspiration | Winter,8644,132,57.33,0.015271
2025-07-24,PN,Inspiration | Winter,9619,104,53.48,0.010812
2025-07-25,PN,Inspiration | Winter,11944,90,52.51,0.007535
2025-07-26,PN,Inspiration | Winter,7906,111,63.1,0.01404
2025-07-27,PN,Inspiration | Winter,8477,98,55.29,0.011561
2025-07-21,PN,Inspiration | Summer,7335,84,39.46,0.011452
2025-07-22,PN,Inspiration | Summer,5870,72,40.68,0.012266
2025-07-23,PN,Inspiration | Summer,5309,79,32.71,0.01488
2025-07-24,PN,Inspiration | Summer,6779,85,29.9,0.012539
2025-07-25,PN,Inspiration | Summer,5694,82,36.57,0.014401
2025-07-26,PN,Inspiration | Summer,6222,84,37.63,0.0135
2025-07-27,PN,Inspiration | Summer,6630,72,37.32,0.01086
2025-07-21,NE,Inspiration | Winter,6217,96,46.51,0.015442
2025-07-22,NE,Inspiration | Winter,8033,94,49.75,0.011702
2025-07-23,NE,Inspiration | Winter,7381,69,48.62,0.009348
2025-07-24,NE,Inspiration | Winter,7558,87,50.49,0.011511
2025-07-25,NE,Inspiration | Winter,6405,66,55.16,0.010304
2025-07-26,NE,Inspiration | Winter,9172,95,47.0,0.010358
2025-07-27,NE,Inspiration | Winter,9395,91,49.08,0.009686
2025-07-21,NE,Inspiration | Summer,5512,78,25.22,0.014151
2025-07-22,NE,Inspiration | Summer,5997,67,30.49,0.011172
2025-07-23,NE,Inspiration | Summer,4654,70,31.27,0.015041
2025-07-24,NE,Inspiration | Summer,4423,77,31.02,0.017409
2025-07-25,NE,Inspiration | Summer,4668,64,25.32,0.01371
2025-07-26,NE,Inspiration | Summer,4443,71,30.86,0.01598
2025-07-27,NE,Inspiration | Summer,6011,60,32.92,0.009982
2025-07-28,CO,Inspiration | Winter,10418,129,76.95,0.012382
2025-07-29,CO,Inspiration | Winter,12853,131,84.56,0.010192
2025-07-30,CO,Inspiration | Winter,10652,160,75.31,0.015021
2025-07-31,CO,Inspiration | Winter,10171,119,71.64,0.0117
2025-08-01,CO,Inspiration | Winter,11768,124,65.1,0.010537
2025-08-02,CO,Inspiration | Winter,12165,113,73.62,0.009289
2025-08-03,CO,Inspiration | Winter,11944,122,64.64,0.010214
2025-07-28,CO,Inspiration | Summer,8562,119,47.69,0.013899
2025-07-29,CO,Inspiration | Summer,9900,122,56.91,0.012323
2025-07-30,CO,Inspiration | Summer,7491,136,52.72,0.018155
2025-07-31,CO,Inspiration | Summer,10955,116,55.45,0.010589
2025-08-01,CO,Inspiration | Summer,10613,132,50.5,0.012438
2025-08-02,CO,Inspiration | Summer,7607,135,47.23,0.017747
2025-08-03,CO,Inspiration | Summer,7764,91,54.27,0.011721
2025-07-28,UT,Inspiration | Winter,8085,94,56.23,0.011626
2025-07-29,UT,Inspiration | Winter,10895,97,62.05,0.008903
2025-07-30,UT,Inspiration | Winter,9158,109,69.4,0.011902
2025-07-31,UT,Inspiration | Winter,11880,105,63.53,0.008838
2025-08-01,UT,Inspiration | Winter,9663,108,64.08,0.011177
2025-08-02,UT,Inspiration | Winter,11294,92,72.92,0.008146
2025-08-03,UT,Inspiration | Winter,9022,132,59.77,0.014631
2025-07-28,UT,Inspiration | Summer,6317,93,42.92,0.014722
2025-07-29,UT,Inspiration | Summer,6229,112,38.04,0.01798
2025-07-30,UT,Inspiration | Summer,8088,89,42.35,0.011004
2025-07-31,UT,Inspiration | Summer,7971,113,43.64,0.014176
2025-08-01,UT,Inspiration | Summer,8387,104,49.31,0.0124
2025-08-02,UT,Inspiration | Summer,7030,113,45.59,0.016074
2025-08-03,UT,Inspiration | Summer,9518,109,48.69,0.011452
2025-07-28,CA,Inspiration | Winter,11419,127,62.57,0.011122
2025-07-29,CA,Inspiration | Winter,11458,107,68.89,0.009338
2025-07-30,CA,Inspiration | Winter,10606,108,73.05,0.010183
2025-07-31,CA,Inspiration | Winter,12475,125,68.87,0.01002
2025-08-01,CA,Inspiration | Winter,10366,130,64.26,0.012541
2025-08-02,CA,Inspiration | Winter,10991,133,74.35,0.012101
2025-08-03,CA,Inspiration | Winter,10304,120,84.78,0.011646
2025-07-28,CA,Inspiration | Summer,7164,72,49.16,0.01005
2025-07-29,CA,Inspiration | Summer,6405,90,36.94,0.014052
2025-07-30,CA,Inspiration | Summer,7819,95,42.7,0.01215
2025-07-31,CA,Inspiration | Summer,7901,81,34.27,0.010252
2025-08-01,CA,Inspiration | Summer,6535,84,37.71,0.012854
2025-08-02,CA,Inspiration | Summer,5859,106,42.15,0.018092
2025-08-03,CA,Inspiration | Summer,5920,105,33.16,0.017736
2025-07-28,PN,Inspiration | Winter,9676,108,51.8,0.011162
2025-07-29,PN,Inspiration | Winter,8697,122,69.3,0.014028
2025-07-30,PN,Inspiration | Winter,9533,96,59.53,0.01007
2025-07-31,PN,Inspiration | Winter,8528,101,62.8,0.011843
2025-08-01,PN,Inspiration | Winter,9961,86,61.11,0.008634
2025-08-02,PN,Inspiration | Winter,7148,103,48.91,0.01441
2025-08-03,PN,Inspiration | Winter,9197,116,48.08,0.012613
2025-07-28,PN,Inspiration | Summer,5215,90,33.59,0.017258
2025-07-29,PN,Inspiration | Summer,5352,89,39.14,0.016629
2025-07-30,PN,Inspiration | Summer,5741,88,28.17,0.015328
2025-07-31,PN,Inspiration | Summer,6996,71,37.97,0.010149
2025-08-01,PN,Inspiration | Summer,7350,86,33.41,0.011701
2025-08-02,PN,Inspiration | Summer,6484,66,36.86,0.010179
2025-08-03,PN,Inspiration | Summer,5181,78,36.3,0.015055
2025-07-28,NE,Inspiration | Winter,8227,110,50.38,0.013371
2025-07-29,NE,Inspiration | Winter,8603,82,57.97,0.009532
2025-07-30,NE,Inspiration | Winter,9453,107,44.02,0.011319
2025-07-31,NE,Inspiration | Winter,9738,81,58.09,0.008318
2025-08-01,NE,Inspiration | Winter,9259,95,59.45,0.01026
2025-08-02,NE,Inspiration | Winter,7907,75,58.91,0.009485
2025-08-03,NE,Inspiration | Winter,8332,110,64.91,0.013202
2025-07-28,NE,Inspiration | Summer,6867,92,36.07,0.013397
2025-07-29,NE,Inspiration | Summer,6665,86,37.14,0.012903
2025-07-30,NE,Inspiration | Summer,5263,64,39.15,0.01216
2025-07-31,NE,Inspiration | Summer,6502,94,42.11,0.014457
2025-08-01,NE,Inspiration | Summer,6971,89,28.27,0.012767
2025-08-02,NE,Inspiration | Summer,6630,91,31.85,0.013725
2025-08-03,NE,Inspiration | Summer,4894,69,39.41,0.014099
2025-08-04,CO,Inspiration | Winter,11104,134,83.9,0.012068
2025-08-05,CO,Inspiration | Winter,9628,110,75.31,0.011425
2025-08-06,CO,Inspiration | Winter,11926,124,66.53,0.010397
2025-08-07,CO,Inspiration | Winter,11771,138,59.81,0.011724
2025-08-08,CO,Inspiration | Winter,12260,94,62.72,0.007667
2025-08-09,CO,Inspiration | Winter,7994,133,60.0,0.016637
2025-08-10,CO,Inspiration | Winter,8718,118,61.49,0.013535
2025-08-04,CO,Inspiration | Summer,6581,105,45.68,0.015955
2025-08-05,CO,Inspiration | Summer,9382,111,40.71,0.011831
2025-08-06,CO,Inspiration | Summer,7465,111,43.84,0.014869
2025-08-07,CO,Inspiration | Summer,8522,131,51.19,0.015372
2025-08-08,CO,Inspiration | Summer,7795,91,51.07,0.011674
2025-08-09,CO,Inspiration | Summer,9234,117,46.66,0.012671
2025-08-10,CO,Inspiration | Summer,6665,94,43.57,0.014104
2025-08-04,UT,Inspiration | Winter,8277,82,54.96,0.009907
2025-08-05,UT,Inspiration | Winter,8817,103,46.17,0.011682
2025-08-06,UT,Inspiration | Winter,8526,72,67.77,0.008445
2025-08-07,UT,Inspiration | Winter,9463,74,48.77,0.00782
2025-08-08,UT,Inspiration | Winter,8186,105,51.0,0.012827
2025-08-09,UT,Inspiration | Winter,7998,95,47.19,0.011878
2025-08-10,UT,Inspiration | Winter,8015,107,63.54,0.01335
2025-08-04,UT,Inspiration | Summer,10311,129,50.34,0.012511
2025-08-05,UT,Inspiration | Summer,8279,111,45.19,0.013407
2025-08-06,UT,Inspiration | Summer,8052,99,43.03,0.012295
2025-08-07,UT,Inspiration | Summer,9668,125,46.81,0.012929
2025-08-08,UT,Inspiration | Summer,6921,104,45.99,0.015027
2025-08-09,UT,Inspiration | Summer,8989,110,54.13,0.012237
2025-08-10,UT,Inspiration | Summer,6912,87,57.47,0.012587
2025-08-04,CA,Inspiration | Winter,9867,134,65.4,0.013581
2025-08-05,CA,Inspiration | Winter,11781,126,62.94,0.010695
2025-08-06,CA,Inspiration | Winter,12218,106,80.65,0.008676
2025-08-07,CA,Inspiration | Winter,9547,149,85.52,0.015607
2025-08-08,CA,Inspiration | Winter,11977,152,78.69,0.012691
2025-08-09,CA,Inspiration | Winter,12158,122,63.25,0.010035
2025-08-10,CA,Inspiration | Winter,11896,124,72.0,0.010424
2025-08-04,CA,Inspiration | Summer,7001,93,37.96,0.013284
2025-08-05,CA,Inspiration | Summer,6269,90,48.64,0.014356
2025-08-06,CA,Inspiration | Summer,5707,108,34.59,0.018924
2025-08-07,CA,Inspiration | Summer,8067,73,43.93,0.009049
2025-08-08,CA,Inspiration | Summer,8078,111,38.41,0.013741
2025-08-09,CA,Inspiration | Summer,7564,109,36.46,0.01441
2025-08-10,CA,Inspiration | Summer,7737,81,52.47,0.010469
2025-08-04,PN,Inspiration | Winter,6381,95,41.76,0.014888
2025-08-05,PN,Inspiration | Winter,8948,90,53.58,0.010058
2025-08-06,PN,Inspiration | Winter,7794,69,55.25,0.008853
2025-08-07,PN,Inspiration | Winter,6610,73,38.04,0.011044
2025-08-08,PN,Inspiration | Winter,6345,81,41.52,0.012766
2025-08-09,PN,Inspiration | Winter,5878,67,56.79,0.011398
2025-08-10,PN,Inspiration | Winter,8860,82,38.28,0.009255
2025-08-04,PN,Inspiration | Summer,5493,83,35.36,0.01511
2025-08-05,PN,Inspiration | Summer,5643,75,34.46,0.013291
2025-08-06,PN,Inspiration | Summer,6653,81,34.52,0.012175
2025-08-07,PN,Inspiration | Summer,5338,60,35.15,0.01124
2025-08-08,PN,Inspiration | Summer,7512,58,35.33,0.007721
2025-08-09,PN,Inspiration | Summer,6052,70,32.06,0.011566
2025-08-10,PN,Inspiration | Summer,5418,89,37.36,0.016427
2025-08-04,NE,Inspiration | Winter,9748,98,49.65,0.010053
2025-08-05,NE,Inspiration | Winter,8221,89,52.08,0.010826
2025-08-06,NE,Inspiration | Winter,8402,95,57.7,0.011307
2025-08-07,NE,Inspiration | Winter,8877,110,48.83,0.012392
2025-08-08,NE,Inspiration | Winter,8288,103,51.08,0.012428
2025-08-09,NE,Inspiration | Winter,10284,84,65.99,0.008168
2025-08-10,NE,Inspiration | Winter,7404,75,66.51,0.01013
2025-08-04,NE,Inspiration | Summer,6565,83,38.41,0.012643
2025-08-05,NE,Inspiration | Summer,6018,110,29.37,0.018278
2025-08-06,NE,Inspiration | Summer,7223,81,43.68,0.011214
2025-08-07,NE,Inspiration | Summer,6162,75,42.94,0.012171
2025-08-08,NE,Inspiration | Summer,6238,105,41.72,0.016832
2025-08-09,NE,Inspiration | Summer,7802,77,42.78,0.009869
2025-08-10,NE,Inspiration | Summer,6387,109,30.19,0.017066
2025-08-11,CO,Inspiration | Winter,12279,143,91.24,0.011646
2025-08-12,CO,Inspiration | Winter,11268,134,87.55,0.011892
2025-08-13,CO,Inspiration | Winter,16130,186,74.14,0.011531
2025-08-14,CO,Inspiration | Winter,15029,128,99.71,0.008517
2025-08-15,CO,Inspiration | Winter,12647,150,75.51,0.011861
2025-08-16,CO,Inspiration | Winter,13028,167,100.2,0.012819
2025-08-17,CO,Inspiration | Winter,14202,127,76.99,0.008942
2025-08-11,CO,Inspiration | Summer,13434,152,70.21,0.011315
2025-08-12,CO,Inspiration | Summer,11417,127,63.37,0.011124
2025-08-13,CO,Inspiration | Summer,12071,183,73.61,0.01516
2025-08-14,CO,Inspiration | Summer,14655,148,86.3,0.010099
2025-08-15,CO,Inspiration | Summer,11198,174,70.77,0.015538
2025-08-16,CO,Inspiration | Summer,11705,166,75.5,0.014182
2025-08-17,CO,Inspiration | Summer,12144,161,62.67,0.013258
2025-08-11,UT,Inspiration | Winter,13750,144,102.57,0.010473
2025-08-12,UT,Inspiration | Winter,12648,126,86.94,0.009962
2025-08-13,UT,Inspiration | Winter,11301,131,99.06,0.011592
2025-08-14,UT,Inspiration | Winter,15077,169,66.88,0.011209
2025-08-15,UT,Inspiration | Winter,12208,132,90.38,0.010813
2025-08-16,UT,Inspiration | Winter,13675,144,86.16,0.01053
2025-08-17,UT,Inspiration | Winter,15209,134,68.78,0.008811
2025-08-11,UT,Inspiration | Summer,7342,110,45.73,0.014982
2025-08-12,UT,Inspiration | Summer,7689,103,41.83,0.013396
2025-08-13,UT,Inspiration | Summer,8088,112,44.1,0.013848
2025-08-14,UT,Inspiration | Summer,9387,110,42.99,0.011718
2025-08-15,UT,Inspiration | Summer,9104,117,53.3,0.012851
2025-08-16,UT,Inspiration | Summer,7574,119,56.92,0.015712
2025-08-17,UT,Inspiration | Summer,7085,92,41.49,0.012985
2025-08-11,CA,Inspiration | Winter,12109,174,73.42,0.014369
2025-08-12,CA,Inspiration | Winter,13704,136,86.91,0.009924
2025-08-13,CA,Inspiration | Winter,14530,147,74.25,0.010117
2025-08-14,CA,Inspiration | Winter,14260,118,91.86,0.008275
2025-08-15,CA,Inspiration | Winter,14114,180,90.13,0.012753
2025-08-16,CA,Inspiration | Winter,12319,147,87.35,0.011933
2025-08-17,CA,Inspiration | Winter,14757,120,109.15,0.008132
2025-08-11,CA,Inspiration | Summer,9613,148,50.53,0.015396
2025-08-12,CA,Inspiration | Summer,8280,135,50.64,0.016304
2025-08-13,CA,Inspiration | Summer,11596,124,70.19,0.010693
2025-08-14,CA,Inspiration | Summer,11260,136,71.67,0.012078
2025-08-15,CA,Inspiration | Summer,9989,128,51.07,0.012814
2025-08-16,CA,Inspiration | Summer,8657,112,51.53,0.012938
2025-08-17,CA,Inspiration | Summer,9706,140,55.15,0.014424
2025-08-11,PN,Inspiration | Winter,9716,110,81.22,0.011322
2025-08-12,PN,Inspiration | Winter,13020,137,73.57,0.010522
2025-08-13,PN,Inspiration | Winter,12374,152,71.36,0.012284
2025-08-14,PN,Inspiration | Winter,9764,148,85.12,0.015158
2025-08-15,PN,Inspiration | Winter,10597,144,78.78,0.013589
2025-08-16,PN,Inspiration | Winter,14587,127,74.91,0.008706
2025-08-17,PN,Inspiration | Winter,13295,108,68.5,0.008123
2025-08-11,PN,Inspiration | Summer,7303,74,44.2,0.010133
2025-08-12,PN,Inspiration | Summer,8303,103,40.97,0.012405
2025-08-13,PN,Inspiration | Summer,6008,103,46.86,0.017144
2025-08-14,PN,Inspiration | Summer,6849,105,40.68,0.015331
2025-08-15,PN,Inspiration | Summer,6811,89,48.94,0.013067
2025-08-16,PN,Inspiration | Summer,8300,80,37.51,0.009639
2025-08-17,PN,Inspiration | Summer,8501,90,42.89,0.010587
2025-08-11,NE,Inspiration | Winter,10253,94,54.38,0.009168
2025-08-12,NE,Inspiration | Winter,7595,121,53.23,0.015932
2025-08-13,NE,Inspiration | Winter,8224,94,51.65,0.01143
2025-08-14,NE,Inspiration | Winter,8600,114,63.57,0.013256
2025-08-15,NE,Inspiration | Winter,10067,96,68.62,0.009536
2025-08-16,NE,Inspiration | Winter,7651,117,65.19,0.015292
2025-08-17,NE,Inspiration | Winter,11273,87,50.8,0.007718
2025-08-11,NE,Inspiration | Summer,7468,111,51.96,0.014863
2025-08-12,NE,Inspiration | Summer,10012,121,51.19,0.012085
2025-08-13,NE,Inspiration | Summer,8835,103,56.2,0.011658
2025-08-14,NE,Inspiration | Summer,11088,122,43.59,0.011003
2025-08-15,NE,Inspiration | Summer,8023,127,52.87,0.015829
2025-08-16,NE,Inspiration | Summer,8293,146,46.1,0.017605
2025-08-17,NE,Inspiration | Summer,8477,116,58.82,0.013684
2025-08-18,CO,Inspiration | Winter,8738,101,56.92,0.011559
2025-08-19,CO,Inspiration | Winter,9082,110,49.82,0.012112
2025-08-20,CO,Inspiration | Winter,9453,109,58.46,0.011531
2025-08-21,CO,Inspiration | Winter,10532,89,74.19,0.00845
2025-08-22,CO,Inspiration | Winter,9968,106,67.4,0.010634
2025-08-23,CO,Inspiration | Winter,8895,104,50.64,0.011692
2025-08-24,CO,Inspiration | Winter,9579,97,66.55,0.010126
2025-08-18,CO,Inspiration | Summer,7808,102,46.23,0.013064
2025-08-19,CO,Inspiration | Summer,7928,102,43.96,0.012866
2025-08-20,CO,Inspiration | Summer,6690,80,42.43,0.011958
2025-08-21,CO,Inspiration | Summer,8003,117,45.15,0.01462
2025-08-22,CO,Inspiration | Summer,6775,82,52.54,0.012103
2025-08-23,CO,Inspiration | Summer,8118,106,35.21,0.013057
2025-08-24,CO,Inspiration | Summer,7229,92,39.27,0.012727
2025-08-18,UT,Inspiration | Winter,10435,96,72.98,0.0092
2025-08-19,UT,Inspiration | Winter,11632,118,63.24,0.010144
2025-08-20,UT,Inspiration | Winter,7699,92,65.44,0.01195
2025-08-21,UT,Inspiration | Winter,7979,128,54.47,0.016042
2025-08-22,UT,Inspiration | Winter,9589,116,50.62,0.012097
2025-08-23,UT,Inspiration | Winter,10586,87,47.75,0.008218
2025-08-24,UT,Inspiration | Winter,8307,133,69.36,0.016011
2025-08-18,UT,Inspiration | Summer,6517,80,39.37,0.012276
2025-08-19,UT,Inspiration | Summer,6228,85,27.44,0.013648
2025-08-20,UT,Inspiration | Summer,6181,71,36.91,0.011487
2025-08-21,UT,Inspiration | Summer,5958,63,40.4,0.010574
2025-08-22,UT,Inspiration | Summer,6896,86,33.79,0.012471
2025-08-23,UT,Inspiration | Summer,4540,70,32.2,0.015419
2025-08-24,UT,Inspiration | Summer,6178,78,36.4,0.012625
2025-08-18,CA,Inspiration | Winter,7711,99,67.06,0.012839
2025-08-19,CA,Inspiration | Winter,9570,90,49.71,0.009404
2025-08-20,CA,Inspiration | Winter,6929,85,43.78,0.012267
2025-08-21,CA,Inspiration | Winter,9588,112,55.09,0.011681
2025-08-22,CA,Inspiration | Winter,9806,89,54.32,0.009076
2025-08-23,CA,Inspiration | Winter,8258,102,61.12,0.012352
2025-08-24,CA,Inspiration | Winter,6870,107,44.82,0.015575
2025-08-18,CA,Inspiration | Summer,8140,100,37.6,0.012285
2025-08-19,CA,Inspiration | Summer,7808,97,45.24,0.012423
2025-08-20,CA,Inspiration | Summer,6357,74,42.27,0.011641
2025-08-21,CA,Inspiration | Summer,6110,100,41.41,0.016367
2025-08-22,CA,Inspiration | Summer,7768,81,39.95,0.010427
2025-08-23,CA,Inspiration | Summer,7796,92,40.96,0.011801
2025-08-24,CA,Inspiration | Summer,5924,104,42.0,0.017556
2025-08-18,PN,Inspiration | Winter,11993,125,51.95,0.010423
2025-08-19,PN,Inspiration | Winter,8065,94,65.01,0.011655
2025-08-20,PN,Inspiration | Winter,8983,103,68.02,0.011466
2025-08-21,PN,Inspiration | Winter,8327,88,57.09,0.010568
2025-08-22,PN,Inspiration | Winter,10738,126,67.81,0.011734
2025-08-23,PN,Inspiration | Winter,11664,95,60.14,0.008145
2025-08-24,PN,Inspiration | Winter,9368,110,72.46,0.011742
2025-08-18,PN,Inspiration | Summer,5664,83,36.68,0.014654
2025-08-19,PN,Inspiration | Summer,8241,90,48.2,0.010921
2025-08-20,PN,Inspiration | Summer,7179,69,49.8,0.009611
2025-08-21,PN,Inspiration | Summer,7326,98,35.96,0.013377
2025-08-22,PN,Inspiration | Summer,6340,95,37.4,0.014984
2025-08-23,PN,Inspiration | Summer,6502,69,39.19,0.010612
2025-08-24,PN,Inspiration | Summer,7790,96,37.21,0.012323
2025-08-18,NE,Inspiration | Winter,8037,72,36.93,0.008959
2025-08-19,NE,Inspiration | Winter,5538,66,50.18,0.011918
2025-08-20,NE,Inspiration | Winter,5876,69,47.11,0.011743
2025-08-21,NE,Inspiration | Winter,8403,90,41.56,0.01071
2025-08-22,NE,Inspiration | Winter,5927,92,46.17,0.015522
2025-08-23,NE,Inspiration | Winter,6682,73,42.52,0.010925
2025-08-24,NE,Inspiration | Winter,6573,85,36.56,0.012932
2025-08-18,NE,Inspiration | Summer,4609,63,26.33,0.013669
2025-08-19,NE,Inspiration | Summer,5102,75,35.94,0.0147
2025-08-20,NE,Inspiration | Summer,5133,58,26.82,0.011299
2025-08-21,NE,Inspiration | Summer,4262,68,28.44,0.015955
2025-08-22,NE,Inspiration | Summer,5689,62,23.73,0.010898
2025-08-23,NE,Inspiration | Summer,5987,67,31.13,0.011191
2025-08-24,NE,Inspiration | Summer,4753,78,33.72,0.016411
2025-08-25,CO,Inspiration | Winter,11386,135,80.65,0.011857
2025-08-26,CO,Inspiration | Winter,12565,117,75.54,0.009312
2025-08-27,CO,Inspiration | Winter,12363,138,85.24,0.011162
2025-08-28,CO,Inspiration | Winter,12300,110,83.46,0.008943
2025-08-29,CO,Inspiration | Winter,12450,166,70.13,0.013333
2025-08-30,CO,Inspiration | Winter,14712,164,73.41,0.011147
2025-08-31,CO,Inspiration | Winter,10637,122,84.61,0.011469
2025-08-25,CO,Inspiration | Summer,7190,91,48.55,0.012656
2025-08-26,CO,Inspiration | Summer,9182,113,39.99,0.012307
2025-08-27,CO,Inspiration | Summer,8263,109,54.82,0.013191
2025-08-28,CO,Inspiration | Summer,8270,126,55.88,0.015236
2025-08-29,CO,Inspiration | Summer,7747,87,51.64,0.01123
2025-08-30,CO,Inspiration | Summer,10361,98,45.12,0.009459
2025-08-31,CO,Inspiration | Summer,7718,98,44.65,0.012698
2025-08-25,UT,Inspiration | Winter,10973,101,55.37,0.009204
2025-08-26,UT,Inspiration | Winter,7163,93,59.24,0.012983
2025-08-27,UT,Inspiration | Winter,8275,94,45.63,0.01136
2025-08-28,UT,Inspiration | Winter,8611,102,64.86,0.011845
2025-08-29,UT,Inspiration | Winter,7251,91,46.21,0.01255
2025-08-30,UT,Inspiration | Winter,8521,92,62.07,0.010797
2025-08-31,UT,Inspiration | Winter,8567,96,46.54,0.011206
2025-08-25,UT,Inspiration | Summer,7998,113,44.51,0.014129
2025-08-26,UT,Inspiration | Summer,7308,124,52.41,0.016968
2025-08-27,UT,Inspiration | Summer,9851,127,60.22,0.012892
2025-08-28,UT,Inspiration | Summer,9782,108,46.47,0.011041
2025-08-29,UT,Inspiration | Summer,8435,117,41.35,0.013871
2025-08-30,UT,Inspiration | Summer,6947,88,48.03,0.012667
2025-08-31,UT,Inspiration | Summer,8368,108,47.4,0.012906
2025-08-25,CA,Inspiration | Winter,10411,134,75.33,0.012871
2025-08-26,CA,Inspiration | Winter,9192,118,63.73,0.012837
2025-08-27,CA,Inspiration | Winter,11710,106,66.05,0.009052
2025-08-28,CA,Inspiration | Winter,9498,140,72.71,0.01474
2025-08-29,CA,Inspiration | Winter,13953,102,63.04,0.00731
2025-08-30,CA,Inspiration | Winter,9928,123,76.57,0.012389
2025-08-31,CA,Inspiration | Winter,11103,117,67.66,0.010538
2025-08-25,CA,Inspiration | Summer,7104,91,37.27,0.01281
2025-08-26,CA,Inspiration | Summer,6119,107,47.3,0.017487
2025-08-27,CA,Inspiration | Summer,8566,100,40.36,0.011674
2025-08-28,CA,Inspiration | Summer,6476,97,46.03,0.014978
2025-08-29,CA,Inspiration | Summer,7500,90,42.73,0.012
2025-08-30,CA,Inspiration | Summer,7537,122,40.79,0.016187
2025-08-31,CA,Inspiration | Summer,7887,82,42.42,0.010397
2025-08-25,PN,Inspiration | Winter,9408,84,62.69,0.008929
2025-08-26,PN,Inspiration | Winter,8075,82,51.88,0.010155
2025-08-27,PN,Inspiration | Winter,8525,103,60.48,0.012082
2025-08-28,PN,Inspiration | Winter,9613,103,60.64,0.010715
2025-08-29,PN,Inspiration | Winter,10152,90,55.36,0.008865
2025-08-30,PN,Inspiration | Winter,8464,106,45.34,0.012524
2025-08-31,PN,Inspiration | Winter,8095,90,62.53,0.011118
2025-08-25,PN,Inspiration | Summer,6343,108,53.22,0.017027
2025-08-26,PN,Inspiration | Summer,7601,105,42.26,0.013814
2025-08-27,PN,Inspiration | Summer,8967,113,43.61,0.012602
2025-08-28,PN,Inspiration | Summer,8887,97,42.63,0.010915
2025-08-29,PN,Inspiration | Summer,6404,78,40.65,0.01218
2025-08-30,PN,Inspiration | Summer,8672,116,53.4,0.013376
2025-08-31,PN,Inspiration | Summer,7991,105,42.46,0.01314
2025-08-25,NE,Inspiration | Winter,10362,88,52.16,0.008493
2025-08-26,NE,Inspiration | Winter,8879,101,57.65,0.011375
2025-08-27,NE,Inspiration | Winter,8674,93,56.92,0.010722
2025-08-28,NE,Inspiration | Winter,6917,118,53.8,0.017059
2025-08-29,NE,Inspiration | Winter,9491,121,66.79,0.012749
2025-08-30,NE,Inspiration | Winter,9750,112,47.62,0.011487
2025-08-31,NE,Inspiration | Winter,7962,79,62.08,0.009922
2025-08-25,NE,Inspiration | Summer,5731,73,39.57,0.012738
2025-08-26,NE,Inspiration | Summer,5511,71,31.17,0.012883
2025-08-27,NE,Inspiration | Summer,4432,69,27.88,0.015569
2025-08-28,NE,Inspiration | Summer,4822,66,25.94,0.013687
2025-08-29,NE,Inspiration | Summer,5882,67,28.28,0.011391
2025-08-30,NE,Inspiration | Summer,4546,72,29.74,0.015838
2025-08-31,NE,Inspiration | Summer,5220,69,27.07,0.013218
2025-09-01,CO,Inspiration | Winter,12074,134,71.44,0.011098
2025-09-02,CO,Inspiration | Winter,9963,124,54.53,0.012446
2025-09-03,CO,Inspiration | Winter,9754,116,57.64,0.011893
2025-09-04,CO,Inspiration | Winter,9146,105,56.07,0.01148
2025-09-05,CO,Inspiration | Winter,8880,116,71.39,0.013063
2025-09-06,CO,Inspiration | Winter,8588,97,67.84,0.011295
2025-09-07,CO,Inspiration | Winter,10339,110,61.04,0.010639
2025-09-01,CO,Inspiration | Summer,7580,80,45.28,0.010554
2025-09-02,CO,Inspiration | Summer,6452,107,53.6,0.016584
2025-09-03,CO,Inspiration | Summer,7389,93,44.27,0.012586
2025-09-04,CO,Inspiration | Summer,8928,107,40.79,0.011985
2025-09-05,CO,Inspiration | Summer,8152,95,36.01,0.011654
2025-09-06,CO,Inspiration | Summer,7182,90,47.45,0.012531
2025-09-07,CO,Inspiration | Summer,8593,114,47.4,0.013267
2025-09-01,UT,Inspiration | Winter,9605,99,60.96,0.010307
2025-09-02,UT,Inspiration | Winter,9453,90,72.52,0.009521
2025-09-03,UT,Inspiration | Winter,10319,110,76.71,0.01066
2025-09-04,UT,Inspiration | Winter,9921,111,62.74,0.011188
2025-09-05,UT,Inspiration | Winter,11032,95,61.5,0.008611
2025-09-06,UT,Inspiration | Winter,10038,109,53.86,0.010859
2025-09-07,UT,Inspiration | Winter,8608,120,53.17,0.013941
2025-09-01,UT,Inspiration | Summer,6286,110,40.18,0.017499
2025-09-02,UT,Inspiration | Summer,8776,105,45.18,0.011964
2025-09-03,UT,Inspiration | Summer,7479,103,43.28,0.013772
2025-09-04,UT,Inspiration | Summer,7202,109,47.0,0.015135
2025-09-05,UT,Inspiration | Summer,7620,102,51.75,0.013386
2025-09-06,UT,Inspiration | Summer,9419,96,49.61,0.010192
2025-09-07,UT,Inspiration | Summer,7726,104,39.14,0.013461
2025-09-01,CA,Inspiration | Winter,10244,102,63.34,0.009957
2025-09-02,CA,Inspiration | Winter,7232,86,46.29,0.011892
2025-09-03,CA,Inspiration | Winter,8780,94,57.22,0.010706
2025-09-04,CA,Inspiration | Winter,10122,98,48.42,0.009682
2025-09-05,CA,Inspiration | Winter,7160,104,55.01,0.014525
2025-09-06,CA,Inspiration | Winter,7111,110,59.08,0.015469
2025-09-07,CA,Inspiration | Winter,8962,81,52.14,0.009038
2025-09-01,CA,Inspiration | Summer,8226,98,36.23,0.011913
2025-09-02,CA,Inspiration | Summer,6631,84,39.28,0.012668
2025-09-03,CA,Inspiration | Summer,7808,81,39.58,0.010374
2025-09-04,CA,Inspiration | Summer,7966,117,44.24,0.014687
2025-09-05,CA,Inspiration | Summer,5522,103,45.6,0.018653
2025-09-06,CA,Inspiration | Summer,7336,89,48.46,0.012132
2025-09-07,CA,Inspiration | Summer,7566,92,42.72,0.01216
2025-09-01,PN,Inspiration | Winter,8841,135,57.64,0.01527
2025-09-02,PN,Inspiration | Winter,10095,121,59.8,0.011986
2025-09-03,PN,Inspiration | Winter,9558,117,49.01,0.012241
2025-09-04,PN,Inspiration | Winter,9767,121,73.36,0.012389
2025-09-05,PN,Inspiration | Winter,10277,99,72.23,0.009633
2025-09-06,PN,Inspiration | Winter,10336,100,65.32,0.009675
2025-09-07,PN,Inspiration | Winter,10409,120,66.05,0.011528
2025-09-01,PN,Inspiration | Summer,6479,88,41.9,0.013582
2025-09-02,PN,Inspiration | Summer,7607,83,42.59,0.010911
2025-09-03,PN,Inspiration | Summer,6174,101,36.94,0.016359
2025-09-04,PN,Inspiration | Summer,7451,110,46.6,0.014763
2025-09-05,PN,Inspiration | Summer,7683,90,50.9,0.011714
2025-09-06,PN,Inspiration | Summer,8746,114,38.6,0.013035
2025-09-07,PN,Inspiration | Summer,7321,82,40.96,0.011201
2025-09-01,NE,Inspiration | Winter,8280,66,44.82,0.007971
2025-09-02,NE,Inspiration | Winter,5997,75,39.58,0.012506
2025-09-03,NE,Inspiration | Winter,6593,70,40.1,0.010617
2025-09-04,NE,Inspiration | Winter,6868,69,56.14,0.010047
2025-09-05,NE,Inspiration | Winter,6961,84,45.76,0.012067
2025-09-06,NE,Inspiration | Winter,8450,77,44.63,0.009112
2025-09-07,NE,Inspiration | Winter,6761,81,48.39,0.01198
2025-09-01,NE,Inspiration | Summer,7639,68,32.83,0.008902
2025-09-02,NE,Inspiration | Summer,7377,66,43.31,0.008947
2025-09-03,NE,Inspiration | Summer,7886,88,33.21,0.011159
2025-09-04,NE,Inspiration | Summer,5758,69,34.11,0.011983
2025-09-05,NE,Inspiration | Summer,5257,95,44.03,0.018071
2025-09-06,NE,Inspiration | Summer,6134,93,42.63,0.015161
2025-09-07,NE,Inspiration | Summer,5134,87,31.95,0.016946
2025-09-08,CO,Inspiration | Winter,13518,136,68.44,0.010061
2025-09-09,CO,Inspiration | Winter,11991,141,96.09,0.011759
2025-09-10,CO,Inspiration | Winter,9656,154,74.68,0.015949
2025-09-11,CO,Inspiration | Winter,13880,147,65.05,0.010591
2025-09-12,CO,Inspiration | Winter,11101,124,83.75,0.01117
2025-09-13,CO,Inspiration | Winter,11592,129,64.57,0.011128
2025-09-14,CO,Inspiration | Winter,9175,121,65.28,0.013188
2025-09-08,CO,Inspiration | Summer,6845,105,58.0,0.01534
2025-09-09,CO,Inspiration | Summer,9906,105,44.11,0.0106
2025-09-10,CO,Inspiration | Summer,7747,110,51.07,0.014199
2025-09-11,CO,Inspiration | Summer,6617,85,42.72,0.012846
2025-09-12,CO,Inspiration | Summer,8422,103,43.57,0.01223
2025-09-13,CO,Inspiration | Summer,8820,73,48.1,0.008277
2025-09-14,CO,Inspiration | Summer,8338,109,41.26,0.013073
2025-09-08,UT,Inspiration | Winter,6483,86,53.59,0.013265
2025-09-09,UT,Inspiration | Winter,7711,87,54.74,0.011283
2025-09-10,UT,Inspiration | Winter,8864,88,48.88,0.009928
2025-09-11,UT,Inspiration | Winter,9357,91,53.68,0.009725
2025-09-12,UT,Inspiration | Winter,6261,88,53.01,0.014055
2025-09-13,UT,Inspiration | Winter,8040,85,47.37,0.010572
2025-09-14,UT,Inspiration | Winter,8467,111,41.91,0.01311
2025-09-08,UT,Inspiration | Summer,9128,103,48.6,0.011284
2025-09-09,UT,Inspiration | Summer,8703,119,42.41,0.013673
2025-09-10,UT,Inspiration | Summer,8068,97,42.71,0.012023
2025-09-11,UT,Inspiration | Summer,7556,123,39.57,0.016278
2025-09-12,UT,Inspiration | Summer,9171,129,48.5,0.014066
2025-09-13,UT,Inspiration | Summer,7724,105,51.25,0.013594
2025-09-14,UT,Inspiration | Summer,6061,98,54.14,0.016169
2025-09-08,CA,Inspiration | Winter,10647,115,75.51,0.010801
2025-09-09,CA,Inspiration | Winter,12385,132,70.66,0.010658
2025-09-10,CA,Inspiration | Winter,9188,131,67.1,0.014258
2025-09-11,CA,Inspiration | Winter,10865,119,57.7,0.010953
2025-09-12,CA,Inspiration | Winter,11304,108,60.96,0.009554
2025-09-13,CA,Inspiration | Winter,10197,90,80.39,0.008826
2025-09-14,CA,Inspiration | Winter,11651,138,75.61,0.011844
2025-09-08,CA,Inspiration | Summer,6458,89,36.11,0.013781
2025-09-09,CA,Inspiration | Summer,6280,81,34.48,0.012898
2025-09-10,CA,Inspiration | Summer,6803,100,41.24,0.014699
2025-09-11,CA,Inspiration | Summer,7038,75,42.19,0.010656
2025-09-12,CA,Inspiration | Summer,6179,98,34.39,0.01586
2025-09-13,CA,Inspiration | Summer,5848,79,40.8,0.013509
2025-09-14,CA,Inspiration | Summer,7271,93,36.88,0.012791
2025-09-08,PN,Inspiration | Winter,8489,87,50.61,0.010249
2025-09-09,PN,Inspiration | Winter,9011,126,51.2,0.013983
2025-09-10,PN,Inspiration | Winter,9808,114,78.87,0.011623
2025-09-11,PN,Inspiration | Winter,9426,92,69.64,0.00976
2025-09-12,PN,Inspiration | Winter,11145,85,66.27,0.007627
2025-09-13,PN,Inspiration | Winter,8959,104,51.9,0.011608
2025-09-14,PN,Inspiration | Winter,11032,101,65.87,0.009155
2025-09-08,PN,Inspiration | Summer,6216,102,45.23,0.016409
2025-09-09,PN,Inspiration | Summer,6092,107,34.22,0.017564
2025-09-10,PN,Inspiration | Summer,8387,100,48.32,0.011923
2025-09-11,PN,Inspiration | Summer,7158,75,37.99,0.010478
2025-09-12,PN,Inspiration | Summer,6694,93,34.98,0.013893
2025-09-13,PN,Inspiration | Summer,7433,95,38.27,0.012781
2025-09-14,PN,Inspiration | Summer,6924,76,44.64,0.010976
2025-09-08,NE,Inspiration | Winter,7927,94,42.51,0.011858
2025-09-09,NE,Inspiration | Winter,10109,77,50.52,0.007617
2025-09-10,NE,Inspiration | Winter,7136,96,51.65,0.013453
2025-09-11,NE,Inspiration | Winter,9892,97,61.29,0.009806
2025-09-12,NE,Inspiration | Winter,7817,91,49.04,0.011641
2025-09-13,NE,Inspiration | Winter,8582,76,58.47,0.008856
2025-09-14,NE,Inspiration | Winter,7164,75,61.73,0.010469
2025-09-08,NE,Inspiration | Summer,5327,91,31.06,0.017083
2025-09-09,NE,Inspiration | Summer,6254,102,40.81,0.01631
2025-09-10,NE,Inspiration | Summer,6168,77,44.86,0.012484
2025-09-11,NE,Inspiration | Summer,7289,86,34.96,0.011799
2025-09-12,NE,Inspiration | Summer,7299,84,38.12,0.011508
2025-09-13,NE,Inspiration | Summer,6786,96,34.65,0.014147
2025-09-14,NE,Inspiration | Summer,7019,102,43.15,0.014532
2025-09-15,CO,Inspiration | Winter,9309,109,65.15,0.011709
2025-09-16,CO,Inspiration | Winter,10878,112,55.22,0.010296
2025-09-17,CO,Inspiration | Winter,11640,120,74.45,0.010309
2025-09-18,CO,Inspiration | Winter,11614,119,72.58,0.010246
2025-09-19,CO,Inspiration | Winter,8860,116,62.36,0.013093
2025-09-20,CO,Inspiration | Winter,10649,126,62.19,0.011832
2025-09-21,CO,Inspiration | Winter,8804,126,67.27,0.014312
2025-09-15,CO,Inspiration | Summer,7963,149,62.13,0.018712
2025-09-16,CO,Inspiration | Summer,9801,103,53.05,0.010509
2025-09-17,CO,Inspiration | Summer,10931,150,56.84,0.013722
2025-09-18,CO,Inspiration | Summer,11828,139,60.33,0.011752
2025-09-19,CO,Inspiration | Summer,10525,106,63.5,0.010071
2025-09-20,CO,Inspiration | Summer,8287,119,44.21,0.01436
2025-09-21,CO,Inspiration | Summer,10451,151,64.7,0.014448
2025-09-15,UT,Inspiration | Winter,7641,78,47.95,0.010208
2025-09-16,UT,Inspiration | Winter,8752,96,54.38,0.010969
2025-09-17,UT,Inspiration | Winter,8863,102,38.64,0.011509
2025-09-18,UT,Inspiration | Winter,6413,114,54.04,0.017776
2025-09-19,UT,Inspiration | Winter,7587,78,56.49,0.010281
2025-09-20,UT,Inspiration | Winter,8509,83,49.64,0.009754
2025-09-21,UT,Inspiration | Winter,7081,92,49.88,0.012993
2025-09-15,UT,Inspiration | Summer,7705,113,52.67,0.014666
2025-09-16,UT,Inspiration | Summer,7171,100,41.91,0.013945
2025-09-17,UT,Inspiration | Summer,6426,84,36.98,0.013072
2025-09-18,UT,Inspiration | Summer,7804,99,51.32,0.012686
2025-09-19,UT,Inspiration | Summer,9729,113,55.59,0.011615
2025-09-20,UT,Inspiration | Summer,9425,103,38.01,0.010928
2025-09-21,UT,Inspiration | Summer,9033,98,55.81,0.010849
2025-09-15,CA,Inspiration | Winter,6533,93,64.01,0.014235
2025-09-16,CA,Inspiration | Winter,8920,106,49.53,0.011883
2025-09-17,CA,Inspiration | Winter,9072,87,43.47,0.00959
2025-09-18,CA,Inspiration | Winter,8770,86,60.95,0.009806
2025-09-19,CA,Inspiration | Winter,7472,87,43.32,0.011643
2025-09-20,CA,Inspiration | Winter,7678,109,65.03,0.014196
2025-09-21,CA,Inspiration | Winter,9937,98,47.34,0.009862
2025-09-15,CA,Inspiration | Summer,8667,111,42.18,0.012807
2025-09-16,CA,Inspiration | Summer,7455,128,49.46,0.01717
2025-09-17,CA,Inspiration | Summer,8776,110,54.79,0.012534
2025-09-18,CA,Inspiration | Summer,10283,121,57.78,0.011767
2025-09-19,CA,Inspiration | Summer,8231,104,55.24,0.012635
2025-09-20,CA,Inspiration | Summer,7695,127,40.7,0.016504
2025-09-21,CA,Inspiration | Summer,9312,104,50.27,0.011168
2025-09-15,PN,Inspiration | Winter,8937,112,52.33,0.012532
2025-09-16,PN,Inspiration | Winter,7572,106,57.2,0.013999
2025-09-17,PN,Inspiration | Winter,9080,111,58.23,0.012225
2025-09-18,PN,Inspiration | Winter,8450,95,59.54,0.011243
2025-09-19,PN,Inspiration | Winter,7544,105,55.77,0.013918
2025-09-20,PN,Inspiration | Winter,11240,84,51.88,0.007473
2025-09-21,PN,Inspiration | Winter,9056,94,61.08,0.01038
2025-09-15,PN,Inspiration | Summer,7322,87,37.15,0.011882
2025-09-16,PN,Inspiration | Summer,7330,98,30.87,0.01337
2025-09-17,PN,Inspiration | Summer,5142,89,37.06,0.017308
2025-09-18,PN,Inspiration | Summer,5516,72,36.6,0.013053
2025-09-19,PN,Inspiration | Summer,7263,81,34.29,0.011152
2025-09-20,PN,Inspiration | Summer,5525,83,43.48,0.015023
2025-09-21,PN,Inspiration | Summer,5812,98,35.24,0.016862
2025-09-15,NE,Inspiration | Winter,7740,71,51.21,0.009173
2025-09-16,NE,Inspiration | Winter,6185,98,53.22,0.015845
2025-09-17,NE,Inspiration | Winter,7392,84,45.45,0.011364
2025-09-18,NE,Inspiration | Winter,7989,69,35.53,0.008637
2025-09-19,NE,Inspiration | Winter,7354,98,45.17,0.013326
2025-09-20,NE,Inspiration | Winter,7065,73,41.78,0.010333
2025-09-21,NE,Inspiration | Winter,5404,83,42.07,0.015359
2025-09-15,NE,Inspiration | Summer,5442,87,32.62,0.015987
2025-09-16,NE,Inspiration | Summer,6705,97,35.62,0.014467
2025-09-17,NE,Inspiration | Summer,7532,82,42.52,0.010887
2025-09-18,NE,Inspiration | Summer,5801,84,45.39,0.01448
2025-09-19,NE,Inspiration | Summer,7423,95,44.04,0.012798
2025-09-20,NE,Inspiration | Summer,8202,82,45.14,0.009998
2025-09-21,NE,Inspiration | Summer,7003,89,33.69,0.012709
2025-09-22,CO,Inspiration | Winter,11740,138,85.38,0.011755
2025-09-23,CO,Inspiration | Winter,9180,118,66.16,0.012854
2025-09-24,CO,Inspiration | Winter,12772,124,86.55,0.009709
2025-09-25,CO,Inspiration | Winter,12580,119,86.82,0.009459
2025-09-26,CO,Inspiration | Winter,12773,138,68.82,0.010804
2025-09-27,CO,Inspiration | Winter,12129,108,71.25,0.008904
2025-09-28,CO,Inspiration | Winter,11170,114,62.03,0.010206
2025-09-22,CO,Inspiration | Summer,7914,89,49.88,0.011246
2025-09-23,CO,Inspiration | Summer,7722,103,45.61,0.013339
2025-09-24,CO,Inspiration | Summer,6942,89,39.85,0.012821
2025-09-25,CO,Inspiration | Summer,6850,110,46.67,0.016058
2025-09-26,CO,Inspiration | Summer,7791,112,36.78,0.014376
2025-09-27,CO,Inspiration | Summer,6412,91,50.53,0.014192
2025-09-28,CO,Inspiration | Summer,9362,107,38.05,0.011429
2025-09-22,UT,Inspiration | Winter,9829,109,58.03,0.01109
2025-09-23,UT,Inspiration | Winter,7629,101,52.21,0.013239
2025-09-24,UT,Inspiration | Winter,8867,81,63.2,0.009135
2025-09-25,UT,Inspiration | Winter,7410,109,52.94,0.01471
2025-09-26,UT,Inspiration | Winter,8936,107,58.48,0.011974
2025-09-27,UT,Inspiration | Winter,10079,109,55.59,0.010815
2025-09-28,UT,Inspiration | Winter,10518,116,64.47,0.011029
2025-09-22,UT,Inspiration | Summer,9025,99,47.18,0.01097
2025-09-23,UT,Inspiration | Summer,6456,85,42.89,0.013166
2025-09-24,UT,Inspiration | Summer,7716,102,42.77,0.013219
2025-09-25,UT,Inspiration | Summer,6610,123,52.28,0.018608
2025-09-26,UT,Inspiration | Summer,8298,104,40.28,0.012533
2025-09-27,UT,Inspiration | Summer,6401,107,39.21,0.016716
2025-09-28,UT,Inspiration | Summer,8831,102,44.74,0.01155
2025-09-22,CA,Inspiration | Winter,11223,119,75.38,0.010603
2025-09-23,CA,Inspiration | Winter,8006,85,57.04,0.010617
2025-09-24,CA,Inspiration | Winter,8599,129,62.21,0.015002
2025-09-25,CA,Inspiration | Winter,11989,129,62.55,0.01076
2025-09-26,CA,Inspiration | Winter,9677,86,53.58,0.008887
2025-09-27,CA,Inspiration | Winter,9510,108,57.5,0.011356
2025-09-28,CA,Inspiration | Winter,10139,110,74.27,0.010849
2025-09-22,CA,Inspiration | Summer,9224,97,47.9,0.010516
2025-09-23,CA,Inspiration | Summer,8399,88,38.61,0.010477
2025-09-24,CA,Inspiration | Summer,7383,86,46.58,0.011648
2025-09-25,CA,Inspiration | Summer,7501,102,53.07,0.013598
2025-09-26,CA,Inspiration | Summer,6804,106,49.02,0.015579
2025-09-27,CA,Inspiration | Summer,8628,119,43.46,0.013792
2025-09-28,CA,Inspiration | Summer,8668,117,49.69,0.013498
2025-09-22,PN,Inspiration | Winter,11506,112,72.55,0.009734
2025-09-23,PN,Inspiration | Winter,10859,119,50.04,0.010959
2025-09-24,PN,Inspiration | Winter,7471,121,65.85,0.016196
2025-09-25,PN,Inspiration | Winter,9852,86,62.7,0.008729
2025-09-26,PN,Inspiration | Winter,10813,103,55.39,0.009526
2025-09-27,PN,Inspiration | Winter,8441,107,59.67,0.012676
2025-09-28,PN,Inspiration | Winter,9439,93,71.44,0.009853
2025-09-22,PN,Inspiration | Summer,6225,100,29.49,0.016064
2025-09-23,PN,Inspiration | Summer,5763,108,33.47,0.01874
2025-09-24,PN,Inspiration | Summer,6885,91,39.3,0.013217
2025-09-25,PN,Inspiration | Summer,5840,74,45.36,0.012671
2025-09-26,PN,Inspiration | Summer,6595,70,41.85,0.010614
2025-09-27,PN,Inspiration | Summer,5214,77,30.24,0.014768
2025-09-28,PN,Inspiration | Summer,7476,88,35.47,0.011771
2025-09-22,NE,Inspiration | Winter,7350,101,60.47,0.013741
2025-09-23,NE,Inspiration | Winter,8680,80,50.89,0.009217
2025-09-24,NE,Inspiration | Winter,10064,100,63.68,0.009936
2025-09-25,NE,Inspiration | Winter,10246,95,54.79,0.009272
2025-09-26,NE,Inspiration | Winter,8417,104,55.65,0.012356
2025-09-27,NE,Inspiration | Winter,9838,102,65.79,0.010368
2025-09-28,NE,Inspiration | Winter,8115,73,50.06,0.008996
2025-09-22,NE,Inspiration | Summer,5167,94,40.75,0.018192
2025-09-23,NE,Inspiration | Summer,6333,65,37.26,0.010264
2025-09-24,NE,Inspiration | Summer,6437,83,31.37,0.012894
2025-09-25,NE,Inspiration | Summer,6076,75,33.81,0.012344
2025-09-26,NE,Inspiration | Summer,6256,72,32.41,0.011509
2025-09-27,NE,Inspiration | Summer,5865,64,34.89,0.010912
2025-09-28,NE,Inspiration | Summer,5935,98,33.5,0.016512
2025-09-29,CO,Inspiration | Winter,12094,116,81.2,0.009592
2025-09-30,CO,Inspiration | Winter,10133,126,80.79,0.012435
2025-10-01,CO,Inspiration | Winter,10715,133,65.3,0.012413
2025-10-02,CO,Inspiration | Winter,10476,121,65.17,0.01155
2025-10-03,CO,Inspiration | Winter,10014,148,83.79,0.014779
2025-10-04,CO,Inspiration | Winter,11682,109,63.22,0.009331
2025-10-05,CO,Inspiration | Winter,12306,152,56.01,0.012352
2025-09-29,CO,Inspiration | Summer,9468,144,59.87,0.015209
2025-09-30,CO,Inspiration | Summer,8067,108,61.84,0.013388
2025-10-01,CO,Inspiration | Summer,11216,148,54.55,0.013195
2025-10-02,CO,Inspiration | Summer,10800,154,63.56,0.014259
2025-10-03,CO,Inspiration | Summer,8562,128,49.58,0.01495
2025-10-04,CO,Inspiration | Summer,11906,115,52.01,0.009659
2025-10-05,CO,Inspiration | Summer,8449,120,55.73,0.014203
2025-09-29,UT,Inspiration | Winter,9212,105,44.52,0.011398
2025-09-30,UT,Inspiration | Winter,9220,94,47.81,0.010195
2025-10-01,UT,Inspiration | Winter,7078,83,58.86,0.011726
2025-10-02,UT,Inspiration | Winter,7510,73,61.18,0.00972
2025-10-03,UT,Inspiration | Winter,6717,92,51.01,0.013697
2025-10-04,UT,Inspiration | Winter,8833,79,55.71,0.008944
2025-10-05,UT,Inspiration | Winter,9168,75,50.43,0.008181
2025-09-29,UT,Inspiration | Summer,7210,105,32.34,0.014563
2025-09-30,UT,Inspiration | Summer,7462,86,43.6,0.011525
2025-10-01,UT,Inspiration | Summer,5785,107,38.98,0.018496
2025-10-02,UT,Inspiration | Summer,6033,106,45.64,0.01757
2025-10-03,UT,Inspiration | Summer,6888,72,39.11,0.010453
2025-10-04,UT,Inspiration | Summer,8150,74,46.22,0.00908
2025-10-05,UT,Inspiration | Summer,6943,95,35.24,0.013683
2025-09-29,CA,Inspiration | Winter,11317,113,75.53,0.009985
2025-09-30,CA,Inspiration | Winter,9951,100,60.23,0.010049
2025-10-01,CA,Inspiration | Winter,10419,106,63.56,0.010174
2025-10-02,CA,Inspiration | Winter,7687,105,60.06,0.013659
2025-10-03,CA,Inspiration | Winter,9748,90,49.69,0.009233
2025-10-04,CA,Inspiration | Winter,9205,121,68.73,0.013145
2025-10-05,CA,Inspiration | Winter,10012,91,59.57,0.009089
2025-09-29,CA,Inspiration | Summer,8285,112,47.45,0.013518
2025-09-30,CA,Inspiration | Summer,9358,98,44.51,0.010472
2025-10-01,CA,Inspiration | Summer,9941,126,51.63,0.012675
2025-10-02,CA,Inspiration | Summer,9316,113,54.01,0.01213
2025-10-03,CA,Inspiration | Summer,7921,92,53.05,0.011615
2025-10-04,CA,Inspiration | Summer,7569,91,44.67,0.012023
2025-10-05,CA,Inspiration | Summer,8015,101,55.03,0.012601
2025-09-29,PN,Inspiration | Winter,6952,80,43.63,0.011507
2025-09-30,PN,Inspiration | Winter,7318,67,51.16,0.009156
2025-10-01,PN,Inspiration | Winter,5944,70,54.04,0.011777
2025-10-02,PN,Inspiration | Winter,8195,78,34.88,0.009518
2025-10-03,PN,Inspiration | Winter,6629,80,47.54,0.012068
2025-10-04,PN,Inspiration | Winter,8183,74,48.56,0.009043
2025-10-05,PN,Inspiration | Winter,8577,83,51.7,0.009677
2025-09-29,PN,Inspiration | Summer,8233,89,49.78,0.01081
2025-09-30,PN,Inspiration | Summer,8454,110,35.73,0.013012
2025-10-01,PN,Inspiration | Summer,6569,88,40.35,0.013396
2025-10-02,PN,Inspiration | Summer,8460,104,50.76,0.012293
2025-10-03,PN,Inspiration | Summer,6704,120,40.29,0.0179
2025-10-04,PN,Inspiration | Summer,8793,98,48.19,0.011145
2025-10-05,PN,Inspiration | Summer,6824,98,48.32,0.014361
2025-09-29,NE,Inspiration | Winter,8675,97,47.72,0.011182
2025-09-30,NE,Inspiration | Winter,7480,87,66.28,0.011631
2025-10-01,NE,Inspiration | Winter,8572,85,58.26,0.009916
2025-10-02,NE,Inspiration | Winter,8931,82,57.37,0.009182
2025-10-03,NE,Inspiration | Winter,8902,102,43.38,0.011458
2025-10-04,NE,Inspiration | Winter,8784,114,52.56,0.012978
2025-10-05,NE,Inspiration | Winter,7113,103,48.54,0.014481
2025-09-29,NE,Inspiration | Summer,7526,90,42.07,0.011959
2025-09-30,NE,Inspiration | Summer,5025,93,37.97,0.018507
2025-10-01,NE,Inspiration | Summer,6103,93,31.66,0.015238
2025-10-02,NE,Inspiration | Summer,5008,68,31.94,0.013578
2025-10-03,NE,Inspiration | Summer,5839,81,32.41,0.013872
2025-10-04,NE,Inspiration | Summer,7380,91,38.4,0.012331
2025-10-05,NE,Inspiration | Summer,7204,64,41.23,0.008884
2025-10-06,CO,Inspiration | Winter,10277,133,57.02,0.012942
2025-10-07,CO,Inspiration | Winter,9463,133,77.37,0.014055
2025-10-08,CO,Inspiration | Winter,10664,132,70.6,0.012378
2025-10-09,CO,Inspiration | Winter,10678,120,73.13,0.011238
2025-10-10,CO,Inspiration | Winter,11176,104,54.51,0.009306
2025-10-11,CO,Inspiration | Winter,10671,112,58.27,0.010496
2025-10-12,CO,Inspiration | Winter,9618,96,73.4,0.009981
2025-10-06,CO,Inspiration | Summer,10409,127,61.53,0.012201
2025-10-07,CO,Inspiration | Summer,8265,103,57.57,0.012462
2025-10-08,CO,Inspiration | Summer,8224,109,64.07,0.013254
2025-10-09,CO,Inspiration | Summer,9086,128,63.07,0.014088
2025-10-10,CO,Inspiration | Summer,10457,133,48.44,0.012719
2025-10-11,CO,Inspiration | Summer,11564,121,53.73,0.010464
2025-10-12,CO,Inspiration | Summer,9630,138,43.87,0.01433
2025-10-06,UT,Inspiration | Winter,8035,86,49.58,0.010703
2025-10-07,UT,Inspiration | Winter,10821,108,53.9,0.009981
2025-10-08,UT,Inspiration | Winter,7695,95,55.32,0.012346
2025-10-09,UT,Inspiration | Winter,7253,102,54.26,0.014063
2025-10-10,UT,Inspiration | Winter,8044,101,60.0,0.012556
2025-10-11,UT,Inspiration | Winter,10371,99,58.26,0.009546
2025-10-12,UT,Inspiration | Winter,8576,91,57.78,0.010611
2025-10-06,UT,Inspiration | Summer,8147,123,39.45,0.015098
2025-10-07,UT,Inspiration | Summer,8277,116,43.03,0.014015
2025-10-08,UT,Inspiration | Summer,8859,97,52.23,0.010949
2025-10-09,UT,Inspiration | Summer,6857,113,52.94,0.01648
2025-10-10,UT,Inspiration | Summer,9439,85,56.76,0.009005
2025-10-11,UT,Inspiration | Summer,8865,118,57.79,0.013311
2025-10-12,UT,Inspiration | Summer,8660,116,40.61,0.013395
2025-10-06,CA,Inspiration | Winter,10326,83,56.93,0.008038
2025-10-07,CA,Inspiration | Winter,7027,113,53.02,0.016081
2025-10-08,CA,Inspiration | Winter,10048,76,57.96,0.007564
2025-10-09,CA,Inspiration | Winter,7640,95,52.35,0.012435
2025-10-10,CA,Inspiration | Winter,9643,111,49.93,0.011511
2025-10-11,CA,Inspiration | Winter,8499,81,62.87,0.009531
2025-10-12,CA,Inspiration | Winter,7297,94,54.02,0.012882
2025-10-06,CA,Inspiration | Summer,7529,101,42.94,0.013415
2025-10-07,CA,Inspiration | Summer,6193,82,39.08,0.013241
2025-10-08,CA,Inspiration | Summer,6087,79,39.99,0.012978
2025-10-09,CA,Inspiration | Summer,5599,91,38.79,0.016253
2025-10-10,CA,Inspiration | Summer,8168,78,35.87,0.009549
2025-10-11,CA,Inspiration | Summer,6689,106,43.22,0.015847
2025-10-12,CA,Inspiration | Summer,7973,72,39.89,0.00903
2025-10-06,PN,Inspiration | Winter,9336,100,57.57,0.010711
2025-10-07,PN,Inspiration | Winter,11152,83,68.4,0.007443
2025-10-08,PN,Inspiration | Winter,9773,105,73.42,0.010744
2025-10-09,PN,Inspiration | Winter,8851,115,67.91,0.012993
2025-10-10,PN,Inspiration | Winter,11154,109,58.11,0.009772
2025-10-11,PN,Inspiration | Winter,10903,114,72.51,0.010456
2025-10-12,PN,Inspiration | Winter,9685,116,55.54,0.011977
2025-10-06,PN,Inspiration | Summer,6681,86,39.91,0.012872
2025-10-07,PN,Inspiration | Summer,6919,89,37.84,0.012863
2025-10-08,PN,Inspiration | Summer,8468,87,45.57,0.010274
2025-10-09,PN,Inspiration | Summer,6682,87,37.58,0.01302
2025-10-10,PN,Inspiration | Summer,8394,108,51.57,0.012866
2025-10-11,PN,Inspiration | Summer,6749,127,40.23,0.018818
2025-10-12,PN,Inspiration | Summer,6443,110,39.25,0.017073
2025-10-06,NE,Inspiration | Winter,8838,66,46.07,0.007468
2025-10-07,NE,Inspiration | Winter,6492,86,42.37,0.013247
2025-10-08,NE,Inspiration | Winter,6561,77,45.88,0.011736
2025-10-09,NE,Inspiration | Winter,7359,78,51.87,0.010599
2025-10-10,NE,Inspiration | Winter,7987,79,48.9,0.009891
2025-10-11,NE,Inspiration | Winter,6817,83,53.32,0.012175
2025-10-12,NE,Inspiration | Winter,9522,93,54.48,0.009767
2025-10-06,NE,Inspiration | Summer,6094,81,33.96,0.013292
2025-10-07,NE,Inspiration | Summer,8084,77,47.43,0.009525
2025-10-08,NE,Inspiration | Summer,7712,86,43.85,0.011151
2025-10-09,NE,Inspiration | Summer,8136,109,46.17,0.013397
2025-10-10,NE,Inspiration | Summer,6055,115,39.68,0.018993
2025-10-11,NE,Inspiration | Summer,6171,76,40.6,0.012316
2025-10-12,NE,Inspiration | Summer,7886,88,39.13,0.011159
2025-10-13,CO,Inspiration | Winter,10305,126,72.51,0.012227
2025-10-14,CO,Inspiration | Winter,11061,94,77.47,0.008498
2025-10-15,CO,Inspiration | Winter,10079,112,62.41,0.011112
2025-10-16,CO,Inspiration | Winter,10411,114,74.21,0.01095
2025-10-17,CO,Inspiration | Winter,10813,110,54.55,0.010173
2025-10-18,CO,Inspiration | Winter,10830,95,59.14,0.008772
2025-10-19,CO,Inspiration | Winter,8595,139,61.12,0.016172
2025-10-13,CO,Inspiration | Summer,6391,94,45.61,0.014708
2025-10-14,CO,Inspiration | Summer,8764,98,38.39,0.011182
2025-10-15,CO,Inspiration | Summer,8611,104,53.06,0.012078
2025-10-16,CO,Inspiration | Summer,8814,100,49.36,0.011346
2025-10-17,CO,Inspiration | Summer,7801,102,45.11,0.013075
2025-10-18,CO,Inspiration | Summer,6459,106,42.82,0.016411
2025-10-19,CO,Inspiration | Summer,8568,74,47.02,0.008637
2025-10-13,UT,Inspiration | Winter,6598,86,56.14,0.013034
2025-10-14,UT,Inspiration | Winter,8320,72,40.57,0.008654
2025-10-15,UT,Inspiration | Winter,8612,77,46.6,0.008941
2025-10-16,UT,Inspiration | Winter,8436,104,55.0,0.012328
2025-10-17,UT,Inspiration | Winter,6523,103,58.22,0.01579
2025-10-18,UT,Inspiration | Winter,9476,99,42.55,0.010447
2025-10-19,UT,Inspiration | Winter,6511,84,49.58,0.012901
2025-10-13,UT,Inspiration | Summer,7156,80,36.61,0.011179
2025-10-14,UT,Inspiration | Summer,5965,79,34.33,0.013244
2025-10-15,UT,Inspiration | Summer,7402,91,37.35,0.012294
2025-10-16,UT,Inspiration | Summer,6466,61,34.87,0.009434
2025-10-17,UT,Inspiration | Summer,4967,62,37.45,0.012482
2025-10-18,UT,Inspiration | Summer,6729,71,36.2,0.010551
2025-10-19,UT,Inspiration | Summer,5453,89,39.2,0.016321
2025-10-13,CA,Inspiration | Winter,11288,135,76.01,0.01196
2025-10-14,CA,Inspiration | Winter,11961,133,63.93,0.011119
2025-10-15,CA,Inspiration | Winter,9450,102,79.51,0.010794
2025-10-16,CA,Inspiration | Winter,11632,112,80.11,0.009629
2025-10-17,CA,Inspiration | Winter,10395,125,54.41,0.012025
2025-10-18,CA,Inspiration | Winter,8819,116,61.35,0.013153
2025-10-19,CA,Inspiration | Winter,11622,98,65.74,0.008432
2025-10-13,CA,Inspiration | Summer,7427,77,50.11,0.010368
2025-10-14,CA,Inspiration | Summer,10159,114,53.09,0.011222
2025-10-15,CA,Inspiration | Summer,8129,81,44.93,0.009964
2025-10-16,CA,Inspiration | Summer,7863,110,45.01,0.01399
2025-10-17,CA,Inspiration | Summer,8005,108,48.86,0.013492
2025-10-18,CA,Inspiration | Summer,8850,96,38.38,0.010847
2025-10-19,CA,Inspiration | Summer,7279,114,54.33,0.015661
2025-10-13,PN,Inspiration | Winter,10060,81,60.54,0.008052
2025-10-14,PN,Inspiration | Winter,8357,89,52.49,0.01065
2025-10-15,PN,Inspiration | Winter,11475,93,69.13,0.008105
2025-10-16,PN,Inspiration | Winter,7807,107,61.44,0.013706
2025-10-17,PN,Inspiration | Winter,7654,104,52.77,0.013588
2025-10-18,PN,Inspiration | Winter,9721,108,62.93,0.01111
2025-10-19,PN,Inspiration | Winter,9696,119,55.22,0.012273
2025-10-13,PN,Inspiration | Summer,8594,102,46.99,0.011869
2025-10-14,PN,Inspiration | Summer,8221,103,47.0,0.012529
2025-10-15,PN,Inspiration | Summer,8545,85,39.95,0.009947
2025-10-16,PN,Inspiration | Summer,8727,120,48.0,0.01375
2025-10-17,PN,Inspiration | Summer,6425,86,38.75,0.013385
2025-10-18,PN,Inspiration | Summer,5929,95,39.86,0.016023
2025-10-19,PN,Inspiration | Summer,6565,118,46.88,0.017974
2025-10-13,NE,Inspiration | Winter,7773,66,51.25,0.008491
2025-10-14,NE,Inspiration | Winter,8127,82,58.95,0.01009
2025-10-15,NE,Inspiration | Winter,6886,87,47.21,0.012634
2025-10-16,NE,Inspiration | Winter,7013,75,57.62,0.010694
2025-10-17,NE,Inspiration | Winter,8127,86,42.1,0.010582
2025-10-18,NE,Inspiration | Winter,8630,72,48.24,0.008343
2025-10-19,NE,Inspiration | Winter,7744,90,42.16,0.011622
2025-10-13,NE,Inspiration | Summer,6491,70,35.36,0.010784
2025-10-14,NE,Inspiration | Summer,6790,71,45.11,0.010457
2025-10-15,NE,Inspiration | Summer,6848,99,45.8,0.014457
2025-10-16,NE,Inspiration | Summer,6367,77,35.3,0.012094
2025-10-17,NE,Inspiration | Summer,5974,74,30.78,0.012387
2025-10-18,NE,Inspiration | Summer,6576,95,36.43,0.014446
2025-10-19,NE,Inspiration | Summer,6754,82,36.86,0.012141
2025-10-20,CO,Inspiration | Winter,12726,102,62.15,0.008015
2025-10-21,CO,Inspiration | Winter,9904,115,84.27,0.011611
2025-10-22,CO,Inspiration | Winter,11498,112,60.54,0.009741
2025-10-23,CO,Inspiration | Winter,8993,109,81.32,0.012121
2025-10-24,CO,Inspiration | Winter,11808,117,77.89,0.009909
2025-10-25,CO,Inspiration | Winter,10736,116,57.41,0.010805
2025-10-26,CO,Inspiration | Winter,9338,104,56.44,0.011137
2025-10-20,CO,Inspiration | Summer,7322,107,46.56,0.014613
2025-10-21,CO,Inspiration | Summer,7911,90,45.43,0.011377
2025-10-22,CO,Inspiration | Summer,8076,90,43.12,0.011144
2025-10-23,CO,Inspiration | Summer,5596,88,39.04,0.015726
2025-10-24,CO,Inspiration | Summer,8731,106,43.05,0.012141
2025-10-25,CO,Inspiration | Summer,6601,91,51.03,0.013786
2025-10-26,CO,Inspiration | Summer,8647,96,38.5,0.011102
2025-10-20,UT,Inspiration | Winter,11388,89,76.68,0.007815
2025-10-21,UT,Inspiration | Winter,9452,132,79.05,0.013965
2025-10-22,UT,Inspiration | Winter,10902,109,70.85,0.009998
2025-10-23,UT,Inspiration | Winter,11215,128,66.39,0.011413
2025-10-24,UT,Inspiration | Winter,10001,127,56.95,0.012699
2025-10-25,UT,Inspiration | Winter,9697,134,55.74,0.013819
2025-10-26,UT,Inspiration | Winter,9978,103,59.19,0.010323
2025-10-20,UT,Inspiration | Summer,8831,99,37.74,0.011211
2025-10-21,UT,Inspiration | Summer,6925,99,41.31,0.014296
2025-10-22,UT,Inspiration | Summer,7024,101,51.01,0.014379
2025-10-23,UT,Inspiration | Summer,6891,94,47.54,0.013641
2025-10-24,UT,Inspiration | Summer,7470,91,35.1,0.012182
2025-10-25,UT,Inspiration | Summer,7765,87,45.46,0.011204
2025-10-26,UT,Inspiration | Summer,7514,98,45.89,0.013042
2025-10-20,CA,Inspiration | Winter,7732,99,52.61,0.012804
2025-10-21,CA,Inspiration | Winter,7473,114,52.86,0.015255
2025-10-22,CA,Inspiration | Winter,10389,81,62.12,0.007797
2025-10-23,CA,Inspiration | Winter,9027,102,67.09,0.011299
2025-10-24,CA,Inspiration | Winter,8338,103,46.84,0.012353
2025-10-25,CA,Inspiration | Winter,9313,98,53.52,0.010523
2025-10-26,CA,Inspiration | Winter,8426,81,53.43,0.009613
2025-10-20,CA,Inspiration | Summer,6995,114,41.67,0.016297
2025-10-21,CA,Inspiration | Summer,8228,94,55.07,0.011424
2025-10-22,CA,Inspiration | Summer,7535,100,45.09,0.013271
2025-10-23,CA,Inspiration | Summer,7238,97,38.96,0.013401
2025-10-24,CA,Inspiration | Summer,7354,88,50.75,0.011966
2025-10-25,CA,Inspiration | Summer,7071,118,47.08,0.016688
2025-10-26,CA,Inspiration | Summer,10055,90,37.35,0.008951
2025-10-20,PN,Inspiration | Winter,8671,119,58.69,0.013724
2025-10-21,PN,Inspiration | Winter,7094,92,67.08,0.012969
2025-10-22,PN,Inspiration | Winter,8982,92,49.83,0.010243
2025-10-23,PN,Inspiration | Winter,8866,122,56.0,0.01376
2025-10-24,PN,Inspiration | Winter,9006,115,51.35,0.012769
2025-10-25,PN,Inspiration | Winter,9784,101,66.65,0.010323
2025-10-26,PN,Inspiration | Winter,10359,84,52.08,0.008109
2025-10-20,PN,Inspiration | Summer,5088,86,32.31,0.016903
2025-10-21,PN,Inspiration | Summer,4980,71,33.88,0.014257
2025-10-22,PN,Inspiration | Summer,5855,60,36.99,0.010248
2025-10-23,PN,Inspiration | Summer,5435,61,29.59,0.011224
2025-10-24,PN,Inspiration | Summer,6694,77,36.9,0.011503
2025-10-25,PN,Inspiration | Summer,6686,86,27.22,0.012863
2025-10-26,PN,Inspiration | Summer,5468,80,36.31,0.014631
2025-10-20,NE,Inspiration | Winter,8461,100,52.04,0.011819
2025-10-21,NE,Inspiration | Winter,7134,93,47.68,0.013036
2025-10-22,NE,Inspiration | Winter,8146,102,58.05,0.012521
2025-10-23,NE,Inspiration | Winter,7830,110,46.98,0.014049
2025-10-24,NE,Inspiration | Winter,8034,88,44.8,0.010953
2025-10-25,NE,Inspiration | Winter,8030,79,58.07,0.009838
2025-10-26,NE,Inspiration | Winter,8293,81,50.32,0.009767
2025-10-20,NE,Inspiration | Summer,6088,84,36.17,0.013798
2025-10-21,NE,Inspiration | Summer,4845,86,28.95,0.01775
2025-10-22,NE,Inspiration | Summer,6244,84,37.47,0.013453
2025-10-23,NE,Inspiration | Summer,6246,88,34.82,0.014089
2025-10-24,NE,Inspiration | Summer,6898,66,38.2,0.009568
2025-10-25,NE,Inspiration | Summer,5785,63,28.87,0.01089
2025-10-26,NE,Inspiration | Summer,5349,76,35.96,0.014208
2025-10-27,CO,Inspiration | Winter,13393,121,82.22,0.009035
2025-10-28,CO,Inspiration | Winter,10223,142,88.28,0.01389
2025-10-29,CO,Inspiration | Winter,11853,127,80.11,0.010715
2025-10-30,CO,Inspiration | Winter,9769,96,63.67,0.009827
2025-10-31,CO,Inspiration | Winter,9868,122,62.83,0.012363
2025-11-01,CO,Inspiration | Winter,13133,121,77.3,0.009213
2025-11-02,CO,Inspiration | Winter,13169,117,66.6,0.008885
2025-10-27,CO,Inspiration | Summer,7064,87,48.87,0.012316
2025-10-28,CO,Inspiration | Summer,7102,89,43.86,0.012532
2025-10-29,CO,Inspiration | Summer,6983,130,47.42,0.018617
2025-10-30,CO,Inspiration | Summer,8428,126,43.1,0.01495
2025-10-31,CO,Inspiration | Summer,10236,118,40.93,0.011528
2025-11-01,CO,Inspiration | Summer,7392,97,50.74,0.013122
2025-11-02,CO,Inspiration | Summer,6892,91,38.83,0.013204
2025-10-27,UT,Inspiration | Winter,8007,111,72.77,0.013863
2025-10-28,UT,Inspiration | Winter,8455,112,74.37,0.013247
2025-10-29,UT,Inspiration | Winter,9197,104,64.21,0.011308
2025-10-30,UT,Inspiration | Winter,11350,93,50.54,0.008194
2025-10-31,UT,Inspiration | Winter,10666,112,56.8,0.010501
2025-11-01,UT,Inspiration | Winter,11471,112,72.94,0.009764
2025-11-02,UT,Inspiration | Winter,11932,98,63.26,0.008213
2025-10-27,UT,Inspiration | Summer,8246,84,40.79,0.010187
2025-10-28,UT,Inspiration | Summer,7865,116,41.24,0.014749
2025-10-29,UT,Inspiration | Summer,5746,104,44.22,0.0181
2025-10-30,UT,Inspiration | Summer,7310,81,47.47,0.011081
2025-10-31,UT,Inspiration | Summer,7097,106,34.38,0.014936
2025-11-01,UT,Inspiration | Summer,8285,86,49.4,0.01038
2025-11-02,UT,Inspiration | Summer,6687,93,39.67,0.013908
2025-10-27,CA,Inspiration | Winter,8525,106,78.55,0.012434
2025-10-28,CA,Inspiration | Winter,10868,113,60.31,0.010397
2025-10-29,CA,Inspiration | Winter,11485,108,73.43,0.009404
2025-10-30,CA,Inspiration | Winter,10631,135,62.02,0.012699
2025-10-31,CA,Inspiration | Winter,9999,109,61.07,0.010901
2025-11-01,CA,Inspiration | Winter,10166,151,66.83,0.014853
2025-11-02,CA,Inspiration | Winter,12796,101,74.39,0.007893
2025-10-27,CA,Inspiration | Summer,5831,82,40.88,0.014063
2025-10-28,CA,Inspiration | Summer,6565,101,36.31,0.015385
2025-10-29,CA,Inspiration | Summer,7906,76,37.87,0.009613
2025-10-30,CA,Inspiration | Summer,7206,78,42.36,0.010824
2025-10-31,CA,Inspiration | Summer,6071,89,34.64,0.01466
2025-11-01,CA,Inspiration | Summer,6537,96,45.17,0.014686
2025-11-02,CA,Inspiration | Summer,6656,85,34.04,0.01277
2025-10-27,PN,Inspiration | Winter,7598,93,57.1,0.01224
2025-10-28,PN,Inspiration | Winter,9734,99,62.15,0.010171
2025-10-29,PN,Inspiration | Winter,8024,72,67.3,0.008973
2025-10-30,PN,Inspiration | Winter,9736,82,51.85,0.008422
2025-10-31,PN,Inspiration | Winter,9185,109,47.79,0.011867
2025-11-01,PN,Inspiration | Winter,8343,102,47.57,0.012226
2025-11-02,PN,Inspiration | Winter,9784,92,65.63,0.009403
2025-10-27,PN,Inspiration | Summer,6816,94,42.57,0.013791
2025-10-28,PN,Inspiration | Summer,7163,97,42.17,0.013542
2025-10-29,PN,Inspiration | Summer,7612,95,51.61,0.01248
2025-10-30,PN,Inspiration | Summer,6975,103,46.46,0.014767
2025-10-31,PN,Inspiration | Summer,6819,88,48.43,0.012905
2025-11-01,PN,Inspiration | Summer,8231,107,41.42,0.013
2025-11-02,PN,Inspiration | Summer,10230,82,39.66,0.008016
2025-10-27,NE,Inspiration | Winter,6618,70,48.55,0.010577
2025-10-28,NE,Inspiration | Winter,5834,88,44.06,0.015084
2025-10-29,NE,Inspiration | Winter,5664,71,35.48,0.012535
2025-10-30,NE,Inspiration | Winter,6500,88,48.07,0.013538
2025-10-31,NE,Inspiration | Winter,8324,68,47.76,0.008169
2025-11-01,NE,Inspiration | Winter,5497,71,39.16,0.012916
2025-11-02,NE,Inspiration | Winter,8027,87,34.28,0.010838
2025-10-27,NE,Inspiration | Summer,7171,81,42.07,0.011295
2025-10-28,NE,Inspiration | Summer,6264,87,39.0,0.013889
2025-10-29,NE,Inspiration | Summer,6056,64,39.76,0.010568
2025-10-30,NE,Inspiration | Summer,6518,86,40.07,0.013194
2025-10-31,NE,Inspiration | Summer,5940,73,34.33,0.01229
2025-11-01,NE,Inspiration | Summer,7613,87,33.0,0.011428
2025-11-02,NE,Inspiration | Summer,5810,92,34.94,0.015835
