time,geo,kpi_orders,kpi_revenue,revenue_per_kpi,population,paid_search_impressions,paid_search_spend,paid_social_video_impressions,paid_social_video_spend,retail_media_impressions,retail_media_spend,organic_sessions,email_sends,weather_index,competitor_price_index,promotional_event,holiday_flag
2023-01-02,NE,466,55686.98,119.5,55200000,227685,1846.43,89163,924.76,0.0,0.0,4274,10109,31.786,110.022,0,0
2023-01-02,MA,475,57866.26,121.82,31800000,207642,1664.37,102622,1056.28,0.0,0.0,3958,8972,31.19,108.322,0,0
2023-01-02,SE,397,48537.49,122.26,47400000,181233,1470.35,73633,763.31,0.0,0.0,3573,8109,30.183,109.815,0,0
2023-01-02,MW,443,54346.66,122.68,40100000,202883,1632.99,87051,902.76,0.0,0.0,3977,8497,33.672,110.359,0,0
2023-01-02,MT,338,40205.17,118.95,17600000,169752,1372.31,59025,610.59,0.0,0.0,2945,7176,35.121,110.539,0,0
2023-01-02,WE,517,60056.49,116.16,51900000,249011,2018.73,108771,1124.94,0.0,0.0,4279,10332,29.238,109.987,0,0
2023-01-09,NE,464,54710.21,117.91,55200000,235647,1898.79,108675,1119.87,0.0,0.0,4704,10127,32.944,109.543,0,0
2023-01-09,MA,448,51778.19,115.58,31800000,223828,1805.38,94520,986.44,0.0,0.0,4051,8759,32.165,109.861,0,0
2023-01-09,SE,414,51023.76,123.25,47400000,178734,1443.58,82133,856.77,0.0,0.0,3732,7778,30.999,108.426,0,0
2023-01-09,MW,432,50537.25,116.98,40100000,204363,1656.63,95764,992.94,0.0,0.0,3581,8303,31.77,111.084,0,0
2023-01-09,MT,380,45981.21,121.0,17600000,167890,1362.21,72790,755.18,0.0,0.0,3120,6901,36.036,109.922,0,0
2023-01-09,WE,488,59392.43,121.71,51900000,243005,1982.35,115990,1203.35,0.0,0.0,4542,10798,30.34,110.228,0,0
2023-01-16,NE,496,59337.33,119.63,55200000,241717,1971.8,102596,1069.15,0.0,0.0,4731,9944,36.207,111.4,0,0
2023-01-16,MA,447,54450.11,121.81,31800000,216946,1761.52,100796,1035.92,0.0,0.0,4158,9035,33.578,111.162,0,0
2023-01-16,SE,398,47853.33,120.23,47400000,193598,1558.3,94117,972.47,0.0,0.0,3953,8480,31.952,109.634,0,0
2023-01-16,MW,456,55120.48,120.88,40100000,195843,1582.52,86903,905.47,0.0,0.0,4124,8423,34.748,109.001,0,0
2023-01-16,MT,330,38543.17,116.8,17600000,157703,1277.89,73306,754.03,0.0,0.0,3124,7403,38.47,110.101,0,0
2023-01-16,WE,522,64211.82,123.01,51900000,260975,2104.46,97710,1009.1,0.0,0.0,4932,10783,31.777,110.29,0,0
2023-01-23,NE,582,71166.75,122.28,55200000,264213,2151.53,142945,1471.88,0.0,0.0,4557,13506,33.997,111.953,1,0
2023-01-23,MA,543,63713.78,117.34,31800000,233753,1886.17,136044,1405.85,0.0,0.0,4529,11761,36.709,111.988,1,0
2023-01-23,SE,495,60022.41,121.26,47400000,224595,1814.44,126040,1291.99,0.0,0.0,3935,11373,36.158,111.907,1,0
2023-01-23,MW,506,60506.46,119.58,40100000,222266,1810.03,127963,1317.22,0.0,0.0,4195,11380,33.687,111.574,1,0
2023-01-23,MT,441,53669.78,121.7,17600000,202751,1638.01,101561,1048.5,0.0,0.0,3789,9693,38.773,111.131,1,0
2023-01-23,WE,615,75170.03,122.23,51900000,247473,2004.23,166281,1710.78,0.0,0.0,5401,13231,34.355,110.337,1,0
2023-01-30,NE,470,57447.56,122.23,55200000,221699,1798.43,108550,1118.06,0.0,0.0,4579,10100,38.644,110.977,0,0
2023-01-30,MA,450,53815.65,119.59,31800000,216712,1749.1,92686,959.81,0.0,0.0,4115,9868,37.34,110.003,0,0
2023-01-30,SE,408,50865.43,124.67,47400000,214415,1742.29,82797,854.28,0.0,0.0,4053,8557,38.899,110.432,0,0
2023-01-30,MW,424,49998.08,117.92,40100000,214598,1730.52,88581,922.87,0.0,0.0,4104,9477,38.193,111.849,0,0
2023-01-30,MT,353,43787.23,124.04,17600000,166055,1354.98,71657,742.71,0.0,0.0,3312,7313,41.666,109.803,0,0
2023-01-30,WE,517,63676.33,123.17,51900000,251629,2034.31,121928,1257.61,0.0,0.0,4699,10395,39.2,111.902,0,0
2023-02-06,NE,500,62362.4,124.72,55200000,235637,1881.56,118283,1224.08,0.0,0.0,4351,10487,40.169,111.235,0,0
2023-02-06,MA,454,55740.83,122.78,31800000,225393,1816.98,105758,1085.52,0.0,0.0,4186,9449,37.359,111.699,0,0
2023-02-06,SE,403,49746.74,123.44,47400000,185014,1499.62,91804,955.56,0.0,0.0,4085,8777,40.355,110.215,0,0
2023-02-06,MW,451,54517.63,120.88,40100000,211955,1723.62,97614,1008.62,0.0,0.0,3947,8771,41.364,110.3,0,0
2023-02-06,MT,349,41470.2,118.83,17600000,171388,1393.85,70221,732.2,0.0,0.0,3502,7462,40.831,110.252,0,0
2023-02-06,WE,558,69647.81,124.82,51900000,240449,1931.24,106766,1113.7,0.0,0.0,5230,11622,39.103,109.718,0,0
2023-02-13,NE,506,61881.93,122.3,55200000,235756,1917.8,107814,1115.15,0.0,0.0,4622,10396,43.928,111.268,0,0
2023-02-13,MA,472,56525.64,119.76,31800000,220351,1769.92,100849,1038.91,0.0,0.0,4434,9797,42.231,110.18,0,0
2023-02-13,SE,429,52113.73,121.48,47400000,202066,1622.7,87390,910.78,0.0,0.0,3868,8347,44.105,110.283,0,0
2023-02-13,MW,445,54229.05,121.86,40100000,213552,1721.93,88611,925.5,0.0,0.0,3878,8740,40.421,111.542,0,0
2023-02-13,MT,361,44761.77,123.99,17600000,171245,1377.33,80147,831.27,0.0,0.0,3445,7455,44.004,110.0,0,0
2023-02-13,WE,499,59382.62,119.0,51900000,256908,2092.78,119329,1227.92,0.0,0.0,5224,10914,41.384,110.354,0,0
2023-02-20,NE,574,71007.07,123.71,55200000,259285,2111.39,118492,1225.37,0.0,0.0,4730,12010,46.241,112.056,1,0
2023-02-20,MA,536,67576.6,126.08,31800000,226882,1843.39,101948,1050.11,0.0,0.0,4679,11826,44.65,112.227,1,0
2023-02-20,SE,491,61823.26,125.91,47400000,203201,1643.38,98956,1017.67,0.0,0.0,4228,10533,44.689,110.732,1,0
2023-02-20,MW,520,64114.95,123.3,40100000,209042,1694.02,103991,1079.44,0.0,0.0,4255,11592,42.429,111.501,1,0
2023-02-20,MT,413,50101.32,121.31,17600000,174040,1418.58,72647,754.39,0.0,0.0,3529,8747,45.675,110.19,1,0
2023-02-20,WE,615,76093.41,123.73,51900000,243916,1962.67,121965,1260.46,0.0,0.0,4649,14035,42.087,111.092,1,0
2023-02-27,NE,514,64222.65,124.95,55200000,254883,2069.64,114549,1179.58,0.0,0.0,5013,11445,45.055,111.969,0,0
2023-02-27,MA,493,61664.42,125.08,31800000,241767,1968.18,117898,1219.89,0.0,0.0,4159,10682,46.719,112.601,0,0
2023-02-27,SE,447,53948.72,120.69,47400000,202257,1640.96,105510,1092.61,0.0,0.0,3817,9361,48.189,111.63,0,0
2023-02-27,MW,453,54389.37,120.06,40100000,205018,1661.42,103015,1061.07,0.0,0.0,4054,9887,47.234,111.966,0,0
2023-02-27,MT,369,44180.63,119.73,17600000,182309,1464.99,83083,854.2,0.0,0.0,3466,8077,51.454,111.143,0,0
2023-02-27,WE,541,65925.64,121.86,51900000,267467,2162.32,119179,1231.33,0.0,0.0,5346,11342,48.496,110.659,0,0
2023-03-06,NE,578,70898.57,122.66,55200000,262425,2129.04,129943,1343.08,65874.0,1135.66,5313,11834,48.82,111.592,0,0
2023-03-06,MA,585,70618.93,120.72,31800000,274250,2211.31,109616,1129.51,65699.0,1138.17,4868,11267,47.077,111.967,0,0
2023-03-06,SE,487,61233.72,125.74,47400000,223451,1804.91,102505,1057.06,55218.0,958.7,4314,9815,51.432,112.082,0,0
2023-03-06,MW,496,60281.75,121.54,40100000,238035,1926.6,116264,1196.57,58010.0,1007.91,4602,10671,50.404,112.471,0,0
2023-03-06,MT,450,53983.87,119.96,17600000,199096,1620.88,85999,888.04,52324.0,904.95,3967,8846,52.181,111.322,0,0
2023-03-06,WE,640,76836.19,120.06,51900000,284725,2304.02,128585,1339.71,76600.0,1326.31,5713,11877,50.742,112.982,0,0
2023-03-13,NE,592,69188.15,116.87,55200000,282829,2309.21,120933,1260.77,66991.0,1158.6,4983,11827,52.609,112.667,0,0
2023-03-13,MA,528,63966.38,121.15,31800000,246759,2005.68,118734,1226.43,62754.0,1085.99,5031,11410,50.272,111.81,0,0
2023-03-13,SE,500,59953.32,119.91,47400000,235417,1924.53,98432,1013.54,56567.0,978.48,4309,9720,52.297,111.205,0,0
2023-03-13,MW,513,61024.58,118.96,40100000,257118,2096.41,121287,1253.22,58300.0,1010.84,4272,10665,51.684,112.896,0,0
2023-03-13,MT,441,52201.19,118.37,17600000,203136,1643.75,96312,989.41,47021.0,815.77,4144,9028,58.123,110.961,0,0
2023-03-13,WE,639,76971.65,120.46,51900000,309919,2516.53,132543,1372.26,70507.0,1217.65,5599,13059,53.963,111.902,0,0
2023-03-20,NE,602,73172.62,121.55,55200000,262547,2131.95,137860,1429.82,64219.0,1112.89,5035,11314,56.114,112.326,0,0
2023-03-20,MA,549,65464.75,119.24,31800000,275172,2234.71,112778,1177.55,66780.0,1156.41,4768,11728,54.171,112.89,0,0
2023-03-20,SE,518,63966.91,123.49,47400000,241951,1960.24,98043,1023.06,61092.0,1057.2,4477,9720,56.487,111.63,0,0
2023-03-20,MW,556,67638.61,121.65,40100000,264625,2143.75,103270,1077.52,59904.0,1038.45,4473,10609,53.781,111.918,0,0
2023-03-20,MT,414,48894.82,118.1,17600000,189524,1531.01,101735,1054.43,50970.0,884.69,4188,8230,59.335,111.404,0,0
2023-03-20,WE,641,74720.88,116.57,51900000,292057,2372.66,136554,1408.56,79470.0,1375.73,5896,12775,56.732,111.769,0,0
2023-03-27,NE,612,73370.11,119.89,55200000,293114,2364.41,133303,1380.45,67596.0,1171.81,5423,12313,59.409,112.469,0,0
2023-03-27,MA,569,66467.1,116.81,31800000,283759,2304.62,113807,1188.06,65144.0,1130.79,4819,10951,57.043,111.66,0,0
2023-03-27,SE,501,59352.36,118.47,47400000,246886,1993.79,102697,1069.91,60599.0,1047.1,4314,9978,59.556,111.887,0,0
2023-03-27,MW,545,66787.07,122.55,40100000,229175,1858.14,105799,1096.7,61234.0,1057.98,4682,10048,59.272,111.563,0,0
2023-03-27,MT,473,56284.91,119.0,17600000,196078,1580.06,89163,924.45,48899.0,844.57,4239,8990,58.979,111.254,0,0
2023-03-27,WE,641,74895.02,116.84,51900000,288046,2313.69,120546,1248.02,75928.0,1311.57,5722,12233,59.108,112.217,0,0
2023-04-03,NE,749,86362.39,115.3,55200000,334493,2704.12,177809,1837.52,71253.0,1233.21,6357,15431,60.434,113.012,1,0
2023-04-03,MA,685,82212.28,120.02,31800000,283650,2292.56,176986,1819.78,71390.0,1231.67,5402,15235,59.988,112.263,1,0
2023-04-03,SE,617,72216.18,117.04,47400000,271061,2187.43,141737,1465.7,60565.0,1047.55,5318,13014,58.817,111.634,1,0
2023-04-03,MW,620,71489.17,115.31,40100000,276160,2234.75,158033,1626.21,65396.0,1132.84,5552,14179,59.542,112.517,1,0
2023-04-03,MT,560,64778.04,115.68,17600000,231744,1880.24,145852,1502.32,58102.0,1006.98,4293,11937,67.622,112.09,1,0
2023-04-03,WE,770,94216.54,122.36,51900000,335292,2698.44,175194,1809.97,81808.0,1411.04,6270,16094,58.931,111.788,1,0
2023-04-10,NE,637,73789.48,115.84,55200000,307861,2492.18,120234,1243.22,70155.0,1218.9,5768,12122,62.488,110.559,0,0
2023-04-10,MA,562,64438.54,114.66,31800000,265253,2130.37,117860,1214.3,64960.0,1125.96,5372,12007,59.951,110.849,0,0
2023-04-10,SE,524,60272.66,115.02,47400000,239106,1920.95,103579,1072.91,58893.0,1023.72,4453,10144,61.496,111.792,0,0
2023-04-10,MW,547,66244.51,121.11,40100000,240019,1939.71,119626,1241.45,60362.0,1042.5,4552,10141,64.281,110.994,0,0
2023-04-10,MT,447,54301.54,121.48,17600000,203387,1652.39,86413,891.45,52269.0,901.61,4163,8886,66.904,110.506,0,0
2023-04-10,WE,618,71215.82,115.24,51900000,296358,2399.26,127639,1321.98,72976.0,1265.62,6060,12871,63.928,111.23,0,0
2023-04-17,NE,610,73370.92,120.28,55200000,275415,2238.05,124489,1290.33,71749.0,1241.56,5584,12032,66.088,109.507,0,0
2023-04-17,MA,584,67299.22,115.24,31800000,265896,2168.23,130693,1348.58,70735.0,1224.78,5542,12254,63.3,109.835,0,0
2023-04-17,SE,530,60090.78,113.38,47400000,235171,1919.8,96040,996.45,58171.0,1006.5,4411,11058,62.202,110.963,0,0
2023-04-17,MW,500,59587.92,119.18,40100000,244340,1973.86,109838,1136.13,63182.0,1091.16,5084,11523,65.319,110.385,0,0
2023-04-17,MT,459,52889.3,115.23,17600000,216677,1748.83,93951,978.18,51702.0,891.05,4283,9412,69.802,111.74,0,0
2023-04-17,WE,676,77251.59,114.28,51900000,309540,2528.21,138366,1432.99,74721.0,1288.54,6206,12979,64.436,111.501,0,0
2023-04-24,NE,599,68682.75,114.66,55200000,300683,2454.8,128273,1338.63,70792.0,1221.16,5542,13155,65.048,109.996,0,0
2023-04-24,MA,559,66007.7,118.08,31800000,288357,2361.92,129174,1331.95,67429.0,1167.06,4964,11253,65.44,110.494,0,0
2023-04-24,SE,545,62913.68,115.44,47400000,256864,2100.24,107575,1111.67,59326.0,1022.44,4521,10205,65.096,111.907,0,0
2023-04-24,MW,546,64905.7,118.87,40100000,243422,1958.23,103200,1069.17,62350.0,1075.88,4917,10639,68.357,109.412,0,0
2023-04-24,MT,490,55781.18,113.84,17600000,212813,1704.61,92807,964.68,54732.0,947.74,4413,9033,68.848,110.612,0,0
2023-04-24,WE,666,78546.31,117.94,51900000,321476,2618.45,145471,1508.24,70431.0,1218.57,6028,13726,67.312,110.216,0,0
2023-05-01,NE,637,71350.26,112.01,55200000,296521,2376.79,130947,1349.86,72858.0,1265.18,6045,12195,69.127,110.951,0,0
2023-05-01,MA,613,71930.93,117.34,31800000,287908,2351.22,122273,1257.01,69844.0,1208.5,4941,12811,69.272,110.48,0,0
2023-05-01,SE,582,67083.73,115.26,47400000,264590,2131.1,110495,1139.12,56421.0,974.85,4561,11174,69.8,111.214,0,0
2023-05-01,MW,556,62720.03,112.81,40100000,262498,2114.95,123477,1279.56,63221.0,1098.16,5141,10408,70.674,109.024,0,0
2023-05-01,MT,473,55098.23,116.49,17600000,223391,1795.1,98388,1009.16,51983.0,901.6,4100,9735,73.989,109.582,0,0
2023-05-01,WE,711,82037.44,115.38,51900000,331781,2687.37,145158,1499.88,73327.0,1271.05,5592,12691,69.773,111.373,0,0
2023-05-08,NE,652,72861.54,111.75,55200000,280128,2280.29,127670,1332.41,73110.0,1269.28,6039,16102,71.696,109.568,1,0
2023-05-08,MA,659,76964.31,116.79,31800000,266320,2137.46,125302,1296.6,66557.0,1152.68,5468,15175,72.162,109.877,1,0
2023-05-08,SE,588,66410.84,112.94,47400000,235693,1909.37,117471,1210.41,63979.0,1109.1,5014,12722,71.368,108.674,1,0
2023-05-08,MW,607,70922.58,116.84,40100000,249141,2015.58,113757,1178.24,57897.0,1001.89,4979,12742,67.756,108.226,1,0
2023-05-08,MT,507,59875.64,118.1,17600000,206782,1662.0,109827,1135.88,56074.0,968.88,4308,11674,75.014,108.785,1,0
2023-05-08,WE,727,83579.35,114.96,51900000,308380,2514.3,128743,1338.5,74686.0,1290.64,5833,16725,68.662,108.319,1,0
2023-05-15,NE,588,69181.37,117.66,55200000,298836,2403.88,126709,1323.1,71244.0,1228.53,6076,13647,73.355,108.856,0,0
2023-05-15,MA,605,71424.14,118.06,31800000,282571,2309.0,128147,1316.73,65683.0,1136.23,5753,12553,72.739,108.935,0,0
2023-05-15,SE,566,64337.8,113.67,47400000,238375,1910.54,107799,1112.06,59031.0,1018.26,5103,10247,70.492,107.976,0,0
2023-05-15,MW,569,63302.77,111.25,40100000,263035,2148.66,116472,1203.6,60299.0,1044.98,4956,11328,72.842,108.487,0,0
2023-05-15,MT,494,54992.28,111.32,17600000,221239,1802.39,102729,1058.68,55383.0,957.74,4373,9321,75.716,109.549,0,0
2023-05-15,WE,671,79093.49,117.87,51900000,312286,2510.55,133003,1377.41,75587.0,1304.66,6150,14520,71.137,108.093,0,0
2023-05-22,NE,648,72160.71,111.36,55200000,298715,2391.46,135929,1403.6,72182.0,1248.72,6043,13200,70.244,107.64,0,0
2023-05-22,MA,601,67763.09,112.75,31800000,280811,2252.79,127774,1316.43,72180.0,1251.88,5789,11895,72.244,109.414,0,0
2023-05-22,SE,559,65744.13,117.61,47400000,259269,2096.82,121331,1249.58,64663.0,1121.07,4757,11265,74.694,109.251,0,0
2023-05-22,MW,542,64263.31,118.57,40100000,263530,2118.05,113914,1189.09,61728.0,1065.91,5010,11976,72.377,108.261,0,0
2023-05-22,MT,456,52883.96,115.97,17600000,231368,1865.69,99225,1019.07,53070.0,918.26,4296,9464,74.684,109.685,0,0
2023-05-22,WE,678,75699.3,111.65,51900000,337491,2759.08,140221,1461.17,78510.0,1358.14,6466,12904,72.657,109.496,0,0
2023-05-29,NE,636,75315.01,118.42,55200000,307411,2469.46,120249,1250.55,74880.0,1294.81,5857,13876,71.732,107.876,0,0
2023-05-29,MA,640,72845.7,113.82,31800000,280226,2281.53,128715,1324.08,65715.0,1137.15,5354,11379,71.528,107.289,0,0
2023-05-29,SE,531,59770.03,112.56,47400000,248894,2027.72,124084,1281.86,61204.0,1061.46,5166,10955,74.875,108.043,0,0
2023-05-29,MW,578,66876.47,115.7,40100000,270320,2189.21,123999,1288.37,58666.0,1015.87,4679,11991,74.531,107.781,0,0
2023-05-29,MT,468,53534.63,114.39,17600000,213213,1721.89,88461,912.79,57377.0,993.38,4390,10073,75.707,107.868,0,0
2023-05-29,WE,674,78885.97,117.04,51900000,310702,2531.32,157471,1630.0,78029.0,1353.06,6136,14210,73.351,106.715,0,0
2023-06-05,NE,625,73725.07,117.96,55200000,285713,2295.23,117414,1212.91,64634.0,1120.99,5488,12421,73.532,106.175,0,0
2023-06-05,MA,539,62402.94,115.78,31800000,247451,2001.64,124007,1275.63,63327.0,1100.12,4714,10836,76.139,105.417,0,0
2023-06-05,SE,521,58596.73,112.47,47400000,237553,1936.52,113073,1172.61,56494.0,980.19,4542,10726,72.562,106.165,0,0
2023-06-05,MW,550,64383.55,117.06,40100000,251899,2035.2,112155,1151.87,59634.0,1031.42,4951,10290,73.51,106.447,0,0
2023-06-05,MT,434,49489.4,114.03,17600000,207020,1655.88,97126,1006.21,47161.0,818.21,3772,8613,78.857,105.801,0,0
2023-06-05,WE,674,75835.97,112.52,51900000,300222,2427.91,117221,1213.99,74897.0,1298.54,5423,13049,75.549,106.71,0,0
2023-06-12,NE,762,86991.38,114.16,55200000,294773,2376.29,167363,1725.64,79386.0,1374.56,5982,14952,74.106,107.178,1,0
2023-06-12,MA,669,77758.69,116.23,31800000,300715,2431.86,171033,1755.35,67079.0,1161.75,5781,14527,73.233,107.333,1,0
2023-06-12,SE,600,72068.97,120.11,47400000,228277,1848.23,143855,1487.21,61879.0,1073.33,4492,12817,72.686,105.806,1,0
2023-06-12,MW,624,73994.8,118.58,40100000,275826,2230.67,164612,1692.12,62558.0,1083.37,5054,12628,72.285,106.81,1,0
2023-06-12,MT,536,61417.29,114.58,17600000,211692,1706.31,137465,1416.18,54014.0,935.85,3949,11027,78.652,106.862,1,0
2023-06-12,WE,727,83306.23,114.59,51900000,311200,2525.5,190914,1962.63,78074.0,1356.48,5932,16259,73.174,106.92,1,0
2023-06-19,NE,598,68091.86,113.87,55200000,290939,2346.12,118684,1241.29,66182.0,1149.24,4932,11859,75.155,105.226,0,0
2023-06-19,MA,597,70069.14,117.37,31800000,269519,2186.3,127100,1311.79,64459.0,1115.34,4944,11167,74.207,107.067,0,0
2023-06-19,SE,494,58242.23,117.9,47400000,234880,1911.88,109123,1118.37,56877.0,988.9,4172,9826,74.887,105.72,0,0
2023-06-19,MW,474,56418.22,119.03,40100000,234848,1886.53,117972,1217.88,59889.0,1035.0,4633,9924,74.628,104.719,0,0
2023-06-19,MT,433,52324.61,120.84,17600000,194208,1575.6,86247,895.83,50210.0,872.35,3650,9276,76.934,105.166,0,0
2023-06-19,WE,619,74195.74,119.86,51900000,296202,2402.2,145874,1511.77,73662.0,1274.59,5264,12764,75.03,106.161,0,0
2023-06-26,NE,539,63564.61,117.93,55200000,276444,2215.04,119013,1236.19,63030.0,1089.18,5152,11894,74.261,104.122,0,0
2023-06-26,MA,567,65125.27,114.86,31800000,259618,2082.22,117083,1218.67,63942.0,1111.0,5242,11281,71.489,104.356,0,0
2023-06-26,SE,514,60520.44,117.74,47400000,245868,1994.69,96471,1000.62,52906.0,916.42,4454,10445,75.422,106.696,0,0
2023-06-26,MW,501,60662.13,121.08,40100000,247887,1989.66,110818,1146.78,55729.0,966.35,4707,11054,73.702,104.575,0,0
2023-06-26,MT,444,53108.77,119.61,17600000,210407,1702.42,76825,795.07,46405.0,804.54,3861,8669,78.329,105.548,0,0
2023-06-26,WE,598,72554.75,121.33,51900000,274390,2221.39,134657,1387.61,72887.0,1263.87,5468,12546,71.858,104.945,0,0
2023-07-03,NE,585,68098.61,116.41,55200000,268959,2165.27,111444,1158.65,73219.0,1267.63,5067,11956,74.708,104.812,0,0
2023-07-03,MA,523,61780.9,118.13,31800000,262241,2140.27,117616,1216.17,62667.0,1082.99,4740,11137,72.883,105.592,0,0
2023-07-03,SE,455,52256.79,114.85,47400000,212078,1707.03,106719,1104.35,55610.0,958.21,4167,9557,73.497,103.192,0,0
2023-07-03,MW,488,57217.84,117.25,40100000,227425,1834.61,96635,1005.81,55250.0,955.98,4262,9998,73.421,103.67,0,0
2023-07-03,MT,462,55180.74,119.44,17600000,187794,1506.66,87488,906.12,45865.0,795.45,3759,8517,78.14,104.54,0,0
2023-07-03,WE,680,80004.67,117.65,51900000,296880,2392.63,120717,1252.13,65133.0,1128.51,5626,12533,73.155,105.079,0,0
2023-07-10,NE,581,69113.83,118.96,55200000,269404,2183.42,116336,1213.36,69966.0,1211.03,5091,11727,70.228,104.551,0,0
2023-07-10,MA,585,68998.79,117.95,31800000,273652,2216.16,111738,1162.45,59776.0,1037.19,4571,11786,71.406,104.993,0,0
2023-07-10,SE,540,63379.78,117.37,47400000,231704,1861.21,107055,1100.72,53745.0,932.45,4654,9557,71.295,104.369,0,0
2023-07-10,MW,509,59221.95,116.35,40100000,244431,1979.21,98767,1018.65,54881.0,948.15,4893,9866,72.169,104.669,0,0
2023-07-10,MT,433,51032.1,117.86,17600000,185985,1503.21,85076,881.8,49388.0,853.03,3979,8654,76.299,103.333,0,0
2023-07-10,WE,635,76389.58,120.3,51900000,292875,2361.14,138680,1424.17,70572.0,1217.87,5977,13025,71.718,104.127,0,0
2023-07-17,NE,551,68059.21,123.52,55200000,280450,2258.61,118830,1240.11,61303.0,1060.44,5255,11681,70.47,103.629,0,0
2023-07-17,MA,580,70469.99,121.5,31800000,244181,1993.43,119126,1238.93,60963.0,1054.69,4905,10992,70.792,103.938,0,0
2023-07-17,SE,479,57337.96,119.7,47400000,222342,1795.22,92101,951.01,55920.0,966.0,4096,9490,70.098,103.079,0,0
2023-07-17,MW,500,61023.85,122.05,40100000,241907,1976.49,107850,1122.3,55608.0,961.38,4855,10727,68.403,104.243,0,0
2023-07-17,MT,425,52453.24,123.42,17600000,192363,1550.25,71523,741.95,52292.0,905.3,3911,8966,74.968,104.13,0,0
2023-07-17,WE,642,76999.25,119.94,51900000,296782,2388.94,128088,1328.07,70894.0,1228.58,5602,13110,70.387,104.411,0,0
2023-07-24,NE,606,71010.0,117.18,55200000,269261,2178.72,127203,1322.12,64831.0,1122.42,4802,14542,66.189,104.278,1,0
2023-07-24,MA,562,69648.49,123.93,31800000,232706,1872.52,126380,1305.04,62084.0,1071.86,5138,13709,68.117,101.954,1,0
2023-07-24,SE,528,64673.16,122.49,47400000,218639,1774.4,93569,972.76,53332.0,923.76,4079,11758,67.762,102.746,1,0
2023-07-24,MW,541,66640.87,123.18,40100000,230231,1858.99,111422,1156.96,56519.0,975.72,4778,12362,70.667,104.354,1,0
2023-07-24,MT,493,57960.2,117.57,17600000,208286,1678.7,79515,818.31,44218.0,766.09,3550,9494,73.61,105.023,1,0
2023-07-24,WE,674,83689.79,124.17,51900000,294738,2371.05,136123,1412.15,65531.0,1135.82,5743,13838,68.694,103.272,1,0
2023-07-31,NE,562,67833.03,120.7,55200000,254721,2032.84,113832,1179.99,65673.0,1139.16,5315,11521,68.302,101.864,0,0
2023-07-31,MA,544,65612.23,120.61,31800000,242223,1939.76,104886,1087.12,62963.0,1093.1,5164,10849,67.93,102.23,0,0
2023-07-31,SE,492,58127.47,118.15,47400000,221518,1781.6,91399,948.96,53540.0,929.79,4290,8977,68.263,102.179,0,0
2023-07-31,MW,499,59286.57,118.81,40100000,228915,1851.83,117352,1211.82,57546.0,995.85,4719,10400,66.149,103.197,0,0
2023-07-31,MT,444,52996.42,119.36,17600000,176115,1425.46,70365,729.84,48151.0,833.93,3709,8930,68.061,102.41,0,0
2023-07-31,WE,604,72617.86,120.23,51900000,293552,2371.74,124415,1292.78,68854.0,1190.46,5495,13067,67.643,104.425,0,0
2023-08-07,NE,566,69506.18,122.8,55200000,264506,2146.31,126845,1307.95,64388.0,1114.99,5365,10769,62.434,102.938,0,0
2023-08-07,MA,556,69784.37,125.51,31800000,256603,2067.42,105555,1096.46,57474.0,993.49,4739,10566,66.845,103.532,0,0
2023-08-07,SE,488,58070.25,119.0,47400000,222664,1808.22,97149,1008.22,51278.0,888.77,4014,10125,62.392,103.943,0,0
2023-08-07,MW,467,56496.31,120.98,40100000,236080,1923.31,90749,938.4,58924.0,1022.1,4303,9738,62.703,104.093,0,0
2023-08-07,MT,406,51100.51,125.86,17600000,198887,1600.15,77566,798.19,47508.0,825.51,3577,8916,67.853,103.658,0,0
2023-08-07,WE,596,74400.2,124.83,51900000,279090,2238.34,110692,1147.78,71053.0,1228.3,5300,11498,66.663,102.336,0,0
2023-08-14,NE,573,70785.56,123.54,55200000,251855,2042.33,108691,1127.31,59185.0,1022.95,5384,11246,63.128,102.15,0,0
2023-08-14,MA,496,59721.13,120.41,31800000,252979,2062.11,117684,1218.07,60772.0,1055.36,4500,10417,62.2,102.409,0,0
2023-08-14,SE,466,58614.56,125.78,47400000,208488,1690.37,99570,1025.03,54161.0,935.45,4117,9829,63.209,103.589,0,0
2023-08-14,MW,506,62693.91,123.9,40100000,217262,1742.49,100684,1039.03,56194.0,974.14,4484,10366,61.472,102.624,0,0
2023-08-14,MT,420,50455.02,120.13,17600000,182649,1482.75,67492,702.22,44477.0,771.76,3466,8185,66.429,102.935,0,0
2023-08-14,WE,595,74446.37,125.12,51900000,261809,2104.54,129460,1335.6,69783.0,1207.3,5349,12707,61.621,103.268,0,0
2023-08-21,NE,667,78999.13,118.44,55200000,302389,2445.77,177968,1829.11,70808.0,1229.82,5053,14323,60.598,103.442,1,0
2023-08-21,MA,601,73405.69,122.14,31800000,248592,2013.58,145704,1508.32,63688.0,1102.18,4890,13563,58.255,103.24,1,0
2023-08-21,SE,547,65687.76,120.09,47400000,227039,1842.89,146814,1505.37,51737.0,895.69,4850,11519,57.64,103.613,1,0
2023-08-21,MW,574,69384.34,120.88,40100000,245930,1983.19,147340,1510.31,56029.0,970.71,4867,11785,59.684,103.86,1,0
2023-08-21,MT,485,59341.12,122.35,17600000,215573,1738.56,108711,1122.15,52709.0,911.23,3986,10785,65.8,104.762,1,0
2023-08-21,WE,698,84584.05,121.18,51900000,303401,2438.05,150430,1551.44,76081.0,1317.82,5522,15021,58.44,104.338,1,0
2023-08-28,NE,550,66804.41,121.46,55200000,269327,2194.17,118646,1225.22,60731.0,1053.78,4844,10417,56.336,102.239,0,0
2023-08-28,MA,529,62898.8,118.9,31800000,242833,1948.96,105412,1092.13,56457.0,974.48,4615,10517,58.642,103.776,0,0
2023-08-28,SE,483,59567.87,123.33,47400000,214251,1719.2,102322,1058.15,50954.0,882.97,4189,8950,59.219,103.259,0,0
2023-08-28,MW,449,54092.24,120.47,40100000,218505,1783.81,89600,927.07,55629.0,965.01,4445,9695,58.469,103.627,0,0
2023-08-28,MT,405,48373.48,119.44,17600000,173040,1397.5,76714,791.46,47115.0,815.13,3750,7595,62.592,102.34,0,0
2023-08-28,WE,617,76359.22,123.76,51900000,297912,2408.43,129527,1343.79,67387.0,1165.22,5503,12454,58.548,103.943,0,0
2023-09-04,NE,585,70484.58,120.49,55200000,269738,2158.85,128363,1320.54,70405.0,1218.26,5138,12169,52.653,103.764,0,0
2023-09-04,MA,526,65392.25,124.32,31800000,258534,2102.34,115892,1205.18,57074.0,987.84,4814,11046,55.677,103.675,0,0
2023-09-04,SE,493,59516.88,120.72,47400000,225827,1816.31,106387,1105.77,53120.0,918.32,4160,10227,54.764,103.919,0,0
2023-09-04,MW,517,60647.63,117.31,40100000,249976,2017.01,112087,1153.62,61808.0,1071.19,4848,10358,54.274,103.899,0,0
2023-09-04,MT,434,53702.62,123.74,17600000,190800,1535.59,68245,708.63,47609.0,822.59,3715,9244,57.642,103.877,0,0
2023-09-04,WE,662,81715.2,123.44,51900000,314321,2551.75,142790,1480.37,71880.0,1244.09,5684,13380,55.032,103.672,0,0
2023-09-11,NE,592,70774.85,119.55,55200000,265399,2149.75,115552,1198.47,61006.0,1055.98,5403,10927,50.606,103.477,0,0
2023-09-11,MA,566,70344.88,124.28,31800000,257038,2071.02,103992,1076.23,66612.0,1152.29,4847,10519,51.508,103.115,0,0
2023-09-11,SE,469,58548.13,124.84,47400000,215413,1756.31,98934,1021.29,57886.0,1000.15,4389,9408,53.441,104.087,0,0
2023-09-11,MW,497,58219.2,117.14,40100000,232805,1891.8,96037,997.2,60939.0,1054.04,4633,10016,52.641,103.773,0,0
2023-09-11,MT,422,52172.15,123.63,17600000,212696,1715.21,79894,826.39,47996.0,833.22,3902,8773,57.348,103.846,0,0
2023-09-11,WE,599,70125.96,117.07,51900000,279771,2269.24,111344,1153.45,70525.0,1222.11,5169,13079,53.193,103.433,0,0
2023-09-18,NE,573,70147.91,122.42,55200000,256481,2073.1,126280,1312.41,66659.0,1155.88,5339,11949,49.971,102.551,0,0
2023-09-18,MA,533,62424.92,117.12,31800000,253795,2051.18,118000,1221.58,63987.0,1107.96,4861,10544,47.902,104.653,0,0
2023-09-18,SE,470,54882.2,116.77,47400000,220838,1772.83,99229,1022.48,50760.0,877.43,4122,9240,47.158,104.335,0,0
2023-09-18,MW,502,61854.27,123.22,40100000,233923,1903.41,116961,1209.01,55473.0,956.8,4348,9451,47.8,103.714,0,0
2023-09-18,MT,433,53361.49,123.24,17600000,204880,1651.2,78689,808.7,47533.0,822.91,3877,8210,50.336,104.53,0,0
2023-09-18,WE,635,76199.21,120.0,51900000,287421,2326.4,136253,1399.12,69018.0,1192.59,5442,12286,49.195,103.808,0,0
2023-09-25,NE,590,69858.1,118.4,55200000,276116,2259.36,109338,1135.34,63337.0,1095.08,5004,11744,46.917,103.543,0,0
2023-09-25,MA,530,64618.59,121.92,31800000,254090,2062.94,106980,1109.52,54726.0,947.46,4452,10481,47.27,104.815,0,0
2023-09-25,SE,441,50914.98,115.45,47400000,214341,1730.51,95933,989.16,50261.0,869.47,4226,9564,48.288,103.459,0,0
2023-09-25,MW,500,61029.84,122.06,40100000,227991,1855.61,109379,1129.43,57874.0,1004.88,4477,10123,47.266,102.965,0,0
2023-09-25,MT,423,49610.13,117.28,17600000,202872,1636.69,70113,729.95,43595.0,754.14,3956,8380,48.678,103.603,0,0
2023-09-25,WE,616,74769.4,121.38,51900000,273807,2237.23,122598,1275.71,68526.0,1182.94,5291,12025,45.168,104.495,0,0
2023-10-02,NE,556,67341.62,121.12,55200000,272133,2194.32,116329,1210.8,64256.0,1111.28,5309,10716,42.746,103.865,0,0
2023-10-02,MA,536,63832.21,119.09,31800000,258340,2079.64,102827,1060.3,57333.0,991.13,4926,11380,45.989,105.388,0,0
2023-10-02,SE,489,58425.17,119.48,47400000,241141,1947.46,92871,966.43,53640.0,931.11,4014,10111,44.919,105.084,0,0
2023-10-02,MW,492,59224.36,120.37,40100000,229941,1853.14,99991,1044.28,58260.0,1010.2,4307,10019,44.502,104.305,0,0
2023-10-02,MT,393,47995.95,122.13,17600000,177305,1434.34,75140,779.13,50080.0,866.22,3703,8142,45.937,103.271,0,0
2023-10-02,WE,576,67162.43,116.6,51900000,276713,2234.03,137633,1422.75,69283.0,1200.59,5040,12161,42.898,104.037,0,0
2023-10-09,NE,621,71884.9,115.76,55200000,267652,2178.05,121161,1248.61,66484.0,1148.87,4893,13273,40.252,103.791,1,0
2023-10-09,MA,591,68669.8,116.19,31800000,254389,2043.75,98784,1025.94,60420.0,1042.5,4365,11735,43.878,104.402,1,0
2023-10-09,SE,527,60341.88,114.5,47400000,222493,1787.34,92454,960.16,50646.0,874.07,4187,10352,42.566,104.348,1,0
2023-10-09,MW,509,60696.07,119.25,40100000,239870,1952.84,111783,1155.8,57230.0,990.23,4014,11133,40.163,105.246,1,0
2023-10-09,MT,468,56751.55,121.26,17600000,189735,1530.67,77013,797.79,46565.0,808.91,3840,9367,44.926,104.296,1,0
2023-10-09,WE,632,75697.22,119.77,51900000,265355,2148.13,124294,1278.76,62715.0,1083.44,5093,13557,40.836,104.568,1,0
2023-10-16,NE,531,60923.9,114.73,55200000,246108,1991.48,111307,1163.1,64484.0,1118.96,4817,11123,38.615,103.556,0,0
2023-10-16,MA,495,59198.03,119.59,31800000,231702,1855.53,101181,1049.24,55889.0,965.83,4433,10986,41.72,104.97,0,0
2023-10-16,SE,443,51732.69,116.78,47400000,210971,1704.01,87936,912.48,54905.0,952.52,4145,8958,37.644,103.452,0,0
2023-10-16,MW,501,60125.86,120.01,40100000,231480,1876.13,96403,1007.72,54415.0,938.87,4537,10077,38.322,105.496,0,0
2023-10-16,MT,399,47913.98,120.09,17600000,194618,1572.91,70954,733.04,43674.0,757.08,3589,7958,40.812,104.482,0,0
2023-10-16,WE,580,67254.65,115.96,51900000,266370,2140.94,126419,1312.63,63491.0,1096.37,5489,11219,37.306,103.507,0,0
2023-10-23,NE,574,67398.19,117.42,55200000,264354,2123.02,119431,1235.76,58333.0,1007.7,5151,11181,38.471,104.709,0,0
2023-10-23,MA,518,62188.42,120.05,31800000,233042,1898.12,106997,1111.92,60034.0,1041.44,4947,11034,36.314,104.982,0,0
2023-10-23,SE,447,50182.6,112.27,47400000,217169,1746.67,94587,985.82,47193.0,817.42,4314,9435,38.821,105.218,0,0
2023-10-23,MW,465,55400.55,119.14,40100000,217639,1749.12,99444,1029.56,50826.0,880.1,4102,9406,36.917,104.801,0,0
2023-10-23,MT,383,45379.38,118.48,17600000,202446,1636.82,68211,711.81,46647.0,806.09,3723,7739,42.321,106.423,0,0
2023-10-23,WE,554,66555.04,120.14,51900000,266877,2146.59,113879,1176.29,64760.0,1119.44,5237,12126,39.537,104.975,0,0
2023-10-30,NE,654,76700.97,117.28,55200000,280145,2263.96,160208,1652.95,70853.0,1229.21,5341,13397,37.868,106.603,1,0
2023-10-30,MA,632,71335.11,112.87,31800000,249650,2022.81,161806,1660.35,66347.0,1148.43,5183,13702,36.761,105.411,1,0
2023-10-30,SE,556,64447.01,115.91,47400000,215919,1746.82,141127,1456.88,56112.0,972.26,4608,11271,37.138,105.041,1,0
2023-10-30,MW,580,65469.45,112.88,40100000,243828,1967.64,132603,1369.08,55517.0,962.35,4615,11623,34.762,107.084,1,0
2023-10-30,MT,455,50985.21,112.06,17600000,215793,1743.36,90739,936.68,51250.0,884.98,3875,10530,40.921,106.02,1,0
2023-10-30,WE,684,77420.37,113.19,51900000,313485,2532.24,171549,1768.86,66168.0,1146.35,5788,14415,35.337,106.365,1,0
2023-11-06,NE,603,70614.93,117.11,55200000,273818,2191.04,136712,1416.22,64211.0,1112.43,5746,12103,32.724,109.918,0,1
2023-11-06,MA,583,68835.48,118.07,31800000,268629,2179.49,109419,1130.43,68688.0,1188.35,5032,11176,35.206,109.221,0,1
2023-11-06,SE,518,61655.99,119.03,47400000,247164,1988.92,103249,1067.55,52952.0,916.26,4564,10626,36.192,111.504,0,1
2023-11-06,MW,510,58557.11,114.82,40100000,238927,1915.69,110422,1136.98,55413.0,958.23,4519,11152,33.246,109.82,0,1
2023-11-06,MT,452,50410.92,111.53,17600000,201487,1636.31,75352,776.05,53932.0,933.97,4109,8615,37.55,109.304,0,1
2023-11-06,WE,684,78977.5,115.46,51900000,298676,2405.01,145881,1506.53,72395.0,1256.45,5930,12945,31.742,109.748,0,1
2023-11-13,NE,614,71017.34,115.66,55200000,295644,2419.86,119144,1230.15,69288.0,1195.21,5602,12513,30.524,111.506,0,1
2023-11-13,MA,603,68772.8,114.05,31800000,265685,2158.72,123449,1279.32,64091.0,1110.39,4895,11637,32.933,110.1,0,1
2023-11-13,SE,528,62228.73,117.86,47400000,228919,1829.78,119790,1240.86,58756.0,1015.47,4470,10016,31.059,111.333,0,1
2023-11-13,MW,562,65214.13,116.04,40100000,270346,2188.31,105131,1087.26,60021.0,1034.96,4797,10875,31.876,110.35,0,1
2023-11-13,MT,458,53328.06,116.44,17600000,215956,1743.28,83387,862.36,52448.0,908.17,4029,8561,35.11,111.979,0,1
2023-11-13,WE,644,73448.33,114.05,51900000,305281,2486.48,137011,1407.77,80147.0,1388.61,5545,13399,34.723,111.909,0,1
2023-11-20,NE,732,85458.17,116.75,55200000,307024,2468.77,186423,1914.06,71588.0,1241.61,5543,15653,30.993,112.24,1,1
2023-11-20,MA,680,78261.6,115.09,31800000,277510,2244.84,161435,1663.77,72711.0,1259.7,5562,15759,29.26,111.483,1,1
2023-11-20,SE,641,75594.82,117.93,47400000,259371,2085.37,145193,1507.07,65650.0,1134.81,5223,13852,30.546,111.631,1,1
2023-11-20,MW,623,72070.23,115.68,40100000,246465,1992.75,162856,1685.11,67605.0,1171.08,5558,13299,29.865,110.438,1,1
2023-11-20,MT,504,57821.05,114.72,17600000,231076,1874.83,112410,1161.03,53137.0,917.84,4655,11918,35.351,111.243,1,1
2023-11-20,WE,780,92604.99,118.72,51900000,330880,2687.04,200766,2076.44,80868.0,1405.05,6124,16244,31.952,111.22,1,1
2023-11-27,NE,728,85605.42,117.59,55200000,299013,2384.03,185018,1905.83,74629.0,1286.65,5662,14994,31.537,111.885,1,1
2023-11-27,MA,692,81536.58,117.83,31800000,318012,2566.81,162179,1670.52,76740.0,1329.78,5743,15836,32.06,114.304,1,1
2023-11-27,SE,626,72349.23,115.57,47400000,266381,2161.3,139215,1446.49,63646.0,1102.91,4996,12765,30.861,113.349,1,1
2023-11-27,MW,646,76885.23,119.02,40100000,288140,2321.77,161326,1660.3,66157.0,1144.71,5569,14666,28.885,113.57,1,1
2023-11-27,MT,517,59515.5,115.12,17600000,219599,1755.99,116323,1197.06,56586.0,978.46,4431,11569,36.013,112.346,1,1
2023-11-27,WE,754,84506.38,112.08,51900000,330770,2662.01,200664,2071.86,75583.0,1308.02,6767,16502,29.663,112.358,1,1
2023-12-04,NE,664,77243.26,116.33,55200000,318022,2590.97,132974,1379.0,73172.0,1269.17,5919,12817,30.371,112.536,0,1
2023-12-04,MA,637,74631.37,117.16,31800000,282405,2254.33,126328,1312.69,75211.0,1302.17,5564,13154,30.534,112.222,0,1
2023-12-04,SE,561,65578.75,116.9,47400000,249334,2033.1,102751,1061.32,61719.0,1066.5,5153,10797,31.379,112.297,0,1
2023-12-04,MW,623,71481.77,114.74,40100000,272386,2202.68,128229,1319.29,64462.0,1115.08,5007,11588,31.266,113.677,0,1
2023-12-04,MT,484,54445.8,112.49,17600000,218332,1774.08,92754,959.78,55555.0,959.77,4536,9111,35.59,113.235,0,1
2023-12-04,WE,701,78522.99,112.02,51900000,324289,2601.08,133362,1379.59,82604.0,1428.46,6422,14897,30.02,112.745,0,1
2023-12-11,NE,648,74018.22,114.23,55200000,327095,2636.51,131563,1357.93,79127.0,1372.3,6270,13042,30.945,114.871,0,1
2023-12-11,MA,622,71214.45,114.49,31800000,316271,2567.1,120357,1248.67,70563.0,1219.48,5731,12058,31.169,113.589,0,1
2023-12-11,SE,535,62785.41,117.36,47400000,252982,2048.39,101344,1050.16,62129.0,1073.75,5086,11571,30.426,114.383,0,1
2023-12-11,MW,589,66110.48,112.24,40100000,256420,2077.17,106203,1097.57,64839.0,1120.94,5254,12005,29.629,112.671,0,1
2023-12-11,MT,474,53553.16,112.98,17600000,233485,1907.5,84482,874.75,54797.0,944.37,4457,9585,31.653,113.362,0,1
2023-12-11,WE,699,83096.23,118.88,51900000,332743,2674.22,153835,1585.18,86584.0,1498.73,6061,14325,32.036,112.655,0,1
2023-12-18,NE,656,77066.96,117.48,55200000,305314,2444.36,137087,1413.44,69458.0,1201.93,5817,14023,30.314,113.887,0,1
2023-12-18,MA,640,76633.36,119.74,31800000,278004,2263.45,137141,1418.07,75650.0,1308.64,5278,12448,32.449,113.945,0,1
2023-12-18,SE,576,66844.38,116.05,47400000,272098,2202.77,101610,1053.66,65488.0,1134.6,4859,11563,30.997,114.944,0,1
2023-12-18,MW,592,66849.54,112.92,40100000,269761,2192.8,124333,1286.39,64855.0,1120.95,5590,11888,32.237,113.234,0,1
2023-12-18,MT,518,59426.96,114.72,17600000,206436,1668.9,98048,1015.15,54963.0,953.52,4407,9440,34.476,113.121,0,1
2023-12-18,WE,695,80488.52,115.81,51900000,330945,2694.26,149753,1539.78,82919.0,1436.3,6583,15141,30.052,114.806,0,1
2023-12-25,NE,755,90167.73,119.43,55200000,316745,2564.58,151872,1561.16,76725.0,1333.59,5653,17076,32.891,113.986,1,1
2023-12-25,MA,650,77285.09,118.9,31800000,281554,2282.37,144295,1484.33,73698.0,1272.96,5394,15007,31.999,114.164,1,1
2023-12-25,SE,592,68490.01,115.69,47400000,275184,2232.17,124839,1280.79,60197.0,1043.62,5381,13662,29.225,115.456,1,1
2023-12-25,MW,671,76965.57,114.7,40100000,265874,2143.63,124709,1286.21,72784.0,1259.84,5044,14187,28.999,113.956,1,1
2023-12-25,MT,547,64056.25,117.1,17600000,214128,1730.9,99263,1029.56,54280.0,936.71,4473,11524,37.073,113.855,1,1
2023-12-25,WE,771,89725.56,116.38,51900000,308015,2487.76,157695,1625.87,81984.0,1425.24,6391,16891,31.212,113.362,1,1
2024-01-01,NE,525,61004.56,116.2,55200000,254796,2057.93,106542,1099.62,57483.0,995.46,4371,10659,31.194,110.207,0,0
2024-01-01,MA,477,55349.41,116.04,31800000,220007,1770.8,100251,1029.67,54596.0,945.76,4204,9372,30.671,109.326,0,0
2024-01-01,SE,427,49057.31,114.89,47400000,200448,1626.51,79347,819.62,51220.0,885.7,3848,8221,32.507,110.444,0,0
2024-01-01,MW,462,54830.71,118.68,40100000,204786,1650.59,85969,893.17,50266.0,870.39,4265,8986,29.4,110.504,0,0
2024-01-01,MT,381,44690.82,117.3,17600000,166324,1351.45,0,0.0,45914.0,794.06,3159,7636,29.991,109.434,0,0
2024-01-01,WE,538,65952.61,122.59,51900000,264598,2135.76,121575,1247.07,56642.0,981.19,4891,11700,32.967,109.255,0,0
2024-01-08,NE,620,75298.74,121.45,55200000,258303,2107.58,152327,1570.18,64274.0,1117.04,5163,13421,33.37,111.623,1,0
2024-01-08,MA,582,70998.4,121.99,31800000,252797,2051.13,140020,1453.08,62701.0,1086.67,4980,13405,31.4,110.507,1,0
2024-01-08,SE,516,63228.22,122.54,47400000,223724,1810.93,135231,1385.68,53105.0,919.42,3994,11814,31.848,110.872,1,0
2024-01-08,MW,497,57591.49,115.88,40100000,218368,1760.14,136618,1410.69,58494.0,1012.34,4119,11912,32.074,111.15,1,0
2024-01-08,MT,412,49270.31,119.59,17600000,189857,1537.02,0,0.0,50132.0,869.11,3891,9230,30.298,110.663,1,0
2024-01-08,WE,688,79670.09,115.8,51900000,283496,2302.16,161666,1666.49,61222.0,1059.4,5110,14768,31.039,111.491,1,0
2024-01-15,NE,508,63016.92,124.05,55200000,238235,1920.71,98900,1027.96,61365.0,1062.72,4744,10507,35.304,110.576,0,0
2024-01-15,MA,489,60264.56,123.24,31800000,232866,1893.53,106221,1095.63,51111.0,884.18,4564,9993,35.124,111.305,0,0
2024-01-15,SE,439,52091.53,118.66,47400000,210378,1700.95,91517,944.44,46011.0,795.86,3852,8833,34.042,110.674,0,0
2024-01-15,MW,440,52727.15,119.83,40100000,214133,1732.18,101838,1050.4,51934.0,900.54,4051,8994,35.041,111.672,0,0
2024-01-15,MT,378,46558.3,123.17,17600000,177608,1429.43,0,0.0,46457.0,804.22,3403,7948,35.203,111.093,0,0
2024-01-15,WE,557,68531.11,123.04,51900000,263574,2125.84,124971,1297.39,59911.0,1035.17,5067,10540,33.282,110.454,0,0
2024-01-22,NE,512,60367.57,117.91,55200000,247741,2010.5,115915,1195.54,54334.0,940.92,4620,10879,37.916,110.084,0,0
2024-01-22,MA,462,54302.36,117.54,31800000,234213,1906.41,93555,965.58,57508.0,999.4,4664,9895,37.926,111.626,0,0
2024-01-22,SE,468,56754.2,121.27,47400000,192404,1557.12,85318,880.74,49361.0,857.5,3926,8515,33.723,109.452,0,0
2024-01-22,MW,483,56671.18,117.33,40100000,204825,1651.0,104299,1079.61,50996.0,884.07,4066,9322,36.104,111.227,0,0
2024-01-22,MT,364,44980.77,123.57,17600000,173845,1394.88,0,0.0,42163.0,728.96,3452,8310,34.918,110.12,0,0
2024-01-22,WE,519,61557.13,118.61,51900000,262783,2108.66,125426,1291.44,62108.0,1071.26,4834,10720,34.114,111.671,0,0
2024-01-29,NE,505,60021.76,118.85,55200000,253454,2056.16,119186,1229.88,63532.0,1102.36,4894,10749,38.525,110.926,0,0
2024-01-29,MA,505,61333.8,121.45,31800000,254952,2056.85,110091,1137.0,62300.0,1078.45,4217,10072,39.217,111.027,0,0
2024-01-29,SE,464,58245.02,125.53,47400000,223035,1798.39,98153,1006.54,46893.0,812.54,3893,9591,35.5,110.613,0,0
2024-01-29,MW,454,55682.06,122.65,40100000,227954,1835.6,91671,955.93,52471.0,909.2,4286,8898,38.926,111.216,0,0
2024-01-29,MT,397,49752.76,125.32,17600000,172033,1395.85,88341,914.29,44843.0,777.19,3267,8060,39.744,110.06,0,0
2024-01-29,WE,576,71483.98,124.1,51900000,258324,2102.59,110714,1142.39,69065.0,1195.03,5452,11974,37.308,111.314,0,0
2024-02-05,NE,541,63800.53,117.93,55200000,243903,1961.98,111668,1150.7,61116.0,1061.39,4794,10699,38.486,112.291,0,0
2024-02-05,MA,538,67020.58,124.57,31800000,226485,1838.66,98850,1031.33,56663.0,976.85,4792,10106,40.723,110.328,0,0
2024-02-05,SE,439,53175.7,121.13,47400000,223736,1801.7,94941,983.52,47439.0,822.16,3981,8593,41.125,111.375,0,0
2024-02-05,MW,473,56606.31,119.68,40100000,215805,1761.23,104599,1082.69,49276.0,853.51,4439,9683,41.458,111.737,0,0
2024-02-05,MT,378,45284.56,119.8,17600000,187676,1521.17,84085,867.63,45773.0,792.07,3326,8096,45.015,112.031,0,0
2024-02-05,WE,565,68310.59,120.9,51900000,269731,2198.85,116043,1204.84,69425.0,1200.82,5168,11753,41.084,111.341,0,0
2024-02-12,NE,559,70104.49,125.41,55200000,239863,1946.88,116967,1212.55,64028.0,1111.38,5073,11459,39.941,110.251,0,0
2024-02-12,MA,540,64109.79,118.72,31800000,236496,1923.03,100276,1042.01,58691.0,1012.97,4342,9698,39.782,110.99,0,0
2024-02-12,SE,464,57240.36,123.36,47400000,210506,1715.6,85841,892.33,52421.0,909.73,4112,9590,42.575,110.977,0,0
2024-02-12,MW,500,60363.17,120.73,40100000,217047,1751.86,112656,1164.55,57654.0,996.18,4488,9348,44.016,111.183,0,0
2024-02-12,MT,405,50059.22,123.6,17600000,182680,1463.29,88048,907.21,49159.0,850.51,3580,8063,46.701,112.051,0,0
2024-02-12,WE,597,72029.09,120.65,51900000,263559,2129.7,114752,1197.36,71539.0,1239.26,5578,11085,43.082,111.092,0,0
2024-02-19,NE,568,67163.86,118.25,55200000,266584,2150.9,122741,1270.93,62521.0,1082.77,5210,11246,42.86,111.179,0,0
2024-02-19,MA,520,62753.47,120.68,31800000,251687,2034.3,98811,1020.33,57957.0,1004.46,4525,10659,45.286,112.62,0,0
2024-02-19,SE,469,56589.4,120.66,47400000,214853,1736.58,96924,1010.62,53993.0,934.91,3998,9918,41.917,111.234,0,0
2024-02-19,MW,468,57601.41,123.08,40100000,229315,1868.14,105217,1085.31,54360.0,937.28,4283,9283,45.585,111.645,0,0
2024-02-19,MT,401,49297.02,122.94,17600000,187498,1509.43,72685,752.71,44826.0,775.1,3731,8648,46.263,110.733,0,0
2024-02-19,WE,611,75951.32,124.31,51900000,286428,2307.81,117371,1216.37,67187.0,1159.91,4995,11948,42.996,112.625,0,0
2024-02-26,NE,578,69269.38,119.84,55200000,273624,2200.19,132328,1370.11,70350.0,1218.02,4750,10668,48.334,112.547,0,0
2024-02-26,MA,531,66749.4,125.71,31800000,247929,1997.96,102497,1059.05,58752.0,1013.3,4613,10597,44.612,112.71,0,0
2024-02-26,SE,454,56570.5,124.6,47400000,202887,1644.22,101489,1051.17,53578.0,924.19,4010,9485,45.245,111.733,0,0
2024-02-26,MW,502,59093.82,117.72,40100000,230569,1877.91,105663,1099.05,57605.0,995.56,4678,9453,45.649,112.123,0,0
2024-02-26,MT,423,53113.86,125.56,17600000,191391,1547.62,87231,899.73,47929.0,831.41,3505,7848,51.724,111.243,0,0
2024-02-26,WE,618,76944.96,124.51,51900000,267971,2175.29,124088,1289.05,65391.0,1129.34,5025,12506,47.983,111.584,0,0
2024-03-04,NE,633,79546.76,125.67,55200000,287800,2304.48,137149,1411.68,67258.0,1166.64,5677,12610,49.361,113.221,0,0
2024-03-04,MA,593,70374.26,118.67,31800000,273903,2211.9,122254,1262.65,65417.0,1131.15,4874,12279,48.235,112.478,0,0
2024-03-04,SE,544,65152.72,119.77,47400000,256509,2069.34,108736,1122.41,58082.0,1004.83,4834,10465,51.673,113.516,0,0
2024-03-04,MW,539,65486.54,121.5,40100000,259883,2108.12,119504,1234.77,59460.0,1029.19,4449,11091,48.918,112.636,0,0
2024-03-04,MT,443,53490.14,120.75,17600000,195617,1578.63,84937,882.69,54498.0,944.17,3932,9679,52.418,111.991,0,0
2024-03-04,WE,660,79230.93,120.05,51900000,293922,2347.52,141751,1471.68,68047.0,1178.68,5556,14050,49.466,111.593,0,0
2024-03-11,NE,687,80426.14,117.07,55200000,285782,2312.76,140931,1460.33,75386.0,1304.48,5881,15257,53.988,112.316,1,0
2024-03-11,MA,687,84515.89,123.02,31800000,270066,2175.93,127337,1315.7,63345.0,1098.83,5624,14433,49.631,111.191,1,0
2024-03-11,SE,543,67208.56,123.77,47400000,247252,2020.26,100095,1032.14,57534.0,998.62,4728,12457,53.598,113.05,1,0
2024-03-11,MW,573,68401.39,119.37,40100000,252770,2035.89,107960,1115.4,60898.0,1053.83,4810,13135,50.776,111.904,1,0
2024-03-11,MT,498,61423.97,123.34,17600000,216802,1764.49,84597,876.81,48595.0,839.97,3987,11307,56.487,113.58,1,0
2024-03-11,WE,693,83058.6,119.85,51900000,304841,2443.18,136704,1408.0,74819.0,1290.04,5949,16716,51.713,111.688,1,0
2024-03-18,NE,740,91952.68,124.26,55200000,323707,2620.93,178028,1834.43,77874.0,1343.27,6576,17354,56.83,113.098,1,0
2024-03-18,MA,705,87574.81,124.22,31800000,304630,2469.37,168556,1748.79,78525.0,1360.63,5879,15567,55.74,113.114,1,0
2024-03-18,SE,633,74259.36,117.31,47400000,270554,2186.4,171757,1773.59,68431.0,1181.88,5075,13552,56.204,112.822,1,0
2024-03-18,MW,659,81570.29,123.78,40100000,308727,2498.91,153609,1594.71,69043.0,1192.17,5648,13859,53.055,113.112,1,0
2024-03-18,MT,560,66844.86,119.37,17600000,245657,1978.27,137829,1414.88,56776.0,979.42,4584,11419,60.802,112.956,1,0
2024-03-18,WE,769,92687.34,120.53,51900000,352201,2866.78,180836,1862.11,80895.0,1399.51,6467,17465,55.542,113.349,1,0
2024-03-25,NE,633,75371.09,119.07,55200000,296333,2420.56,133571,1388.89,74117.0,1284.28,5758,12358,59.472,111.731,0,0
2024-03-25,MA,598,73182.87,122.38,31800000,288244,2313.93,122953,1277.43,67942.0,1171.76,5103,12582,59.152,111.633,0,0
2024-03-25,SE,532,62058.91,116.65,47400000,258223,2083.88,120597,1243.64,56831.0,985.51,4449,10908,56.51,113.231,0,0
2024-03-25,MW,549,65484.19,119.28,40100000,264502,2152.06,108079,1117.54,65044.0,1126.11,5101,11610,55.094,113.376,0,0
2024-03-25,MT,461,56616.62,122.81,17600000,218880,1778.8,103229,1066.88,52885.0,913.08,3960,8835,60.186,112.729,0,0
2024-03-25,WE,653,79011.19,121.0,51900000,291190,2350.95,142357,1469.66,76168.0,1315.45,6483,12996,57.913,111.965,0,0
2024-04-01,NE,629,74659.03,118.69,55200000,308175,2470.86,124606,1288.47,77662.0,1342.3,5447,12868,57.667,111.778,0,0
2024-04-01,MA,642,77443.56,120.63,31800000,293121,2367.79,123348,1281.67,72374.0,1256.19,5723,12524,57.982,112.709,0,0
2024-04-01,SE,528,63211.19,119.72,47400000,255277,2070.34,117570,1211.47,58573.0,1016.4,4542,10256,61.841,112.954,0,0
2024-04-01,MW,567,65033.34,114.7,40100000,272328,2191.94,108226,1118.17,61406.0,1065.93,4944,11671,61.574,112.12,0,0
2024-04-01,MT,489,58966.65,120.59,17600000,218541,1755.76,99000,1018.28,52640.0,908.14,4342,10060,62.769,110.644,0,0
2024-04-01,WE,718,84651.83,117.9,51900000,335065,2726.33,147815,1534.08,78720.0,1361.35,6135,14322,61.713,112.58,0,0
2024-04-08,NE,664,79366.59,119.53,55200000,305465,2469.75,134152,1383.84,75973.0,1314.71,5954,13033,64.154,111.016,0,0
2024-04-08,MA,611,69817.95,114.27,31800000,278075,2253.48,134464,1398.2,70204.0,1211.85,5176,13254,60.985,111.269,0,0
2024-04-08,SE,543,63162.08,116.32,47400000,260179,2101.09,126393,1304.85,61400.0,1062.79,5246,10640,64.045,110.886,0,0
2024-04-08,MW,527,63294.59,120.1,40100000,268249,2170.36,134220,1389.17,66449.0,1148.23,5214,12223,61.243,111.899,0,0
2024-04-08,MT,498,57579.22,115.62,17600000,215397,1755.01,100744,1049.9,56759.0,981.81,4480,9126,68.443,112.19,0,0
2024-04-08,WE,688,80754.19,117.38,51900000,322064,2620.35,132838,1384.37,78066.0,1353.06,5929,13900,63.537,111.011,0,0
2024-04-15,NE,668,79572.77,119.12,55200000,316802,2576.8,149368,1535.75,78996.0,1365.87,5494,13190,64.105,111.649,0,0
2024-04-15,MA,615,70287.62,114.29,31800000,268661,2162.44,137536,1410.4,77396.0,1339.48,5891,12124,62.788,110.327,0,0
2024-04-15,SE,529,60407.14,114.19,47400000,262831,2145.12,111417,1154.43,60131.0,1040.22,4676,11780,63.697,111.803,0,0
2024-04-15,MW,578,67548.34,116.87,40100000,272474,2185.84,114110,1177.32,63870.0,1105.55,5057,12157,64.14,110.737,0,0
2024-04-15,MT,496,56545.59,114.0,17600000,237655,1940.51,92269,956.03,51783.0,898.15,4333,9665,68.906,110.998,0,0
2024-04-15,WE,695,79037.94,113.72,51900000,321941,2612.38,139292,1454.74,80749.0,1398.76,6640,13412,63.608,112.115,0,0
2024-04-22,NE,665,76578.01,115.15,55200000,289969,2346.63,135878,1397.95,77330.0,1339.13,6252,13014,68.432,110.055,0,0
2024-04-22,MA,624,73622.91,117.99,31800000,312184,2531.01,137123,1419.77,66288.0,1148.61,5690,12419,66.374,111.557,0,0
2024-04-22,SE,574,64511.97,112.39,47400000,245213,1993.16,119414,1241.37,59271.0,1023.77,5331,11014,68.717,111.093,0,0
2024-04-22,MW,565,64527.49,114.21,40100000,251691,2037.2,117317,1208.26,68625.0,1187.35,5252,12469,67.267,110.495,0,0
2024-04-22,MT,494,59304.88,120.05,17600000,234947,1919.06,97645,1011.91,55545.0,962.2,4139,10294,72.824,110.483,0,0
2024-04-22,WE,700,79912.72,114.16,51900000,333421,2705.77,140224,1453.18,79956.0,1387.09,6649,14023,64.358,111.131,0,0
2024-04-29,NE,684,80289.78,117.38,55200000,334559,2693.28,133354,1379.09,72359.0,1251.98,5576,13623,68.743,111.356,0,0
2024-04-29,MA,612,73083.55,119.42,31800000,284820,2323.38,128330,1334.0,71836.0,1241.68,5913,12633,68.626,109.25,0,0
2024-04-29,SE,562,63417.85,112.84,47400000,262963,2118.17,123526,1271.2,60413.0,1047.43,4994,12053,66.454,110.029,0,0
2024-04-29,MW,584,65934.78,112.9,40100000,288479,2334.51,118155,1217.11,65488.0,1133.52,5522,11753,70.368,110.08,0,0
2024-04-29,MT,515,61426.3,119.27,17600000,226579,1840.64,97454,1009.77,56412.0,979.28,4143,10487,73.278,110.238,0,0
2024-04-29,WE,730,84881.39,116.28,51900000,326636,2641.71,153222,1574.58,83536.0,1447.77,6408,13869,70.001,109.789,0,0
2024-05-06,NE,644,75610.01,117.41,55200000,290068,2347.22,152183,1566.73,75956.0,1318.96,6430,13317,71.438,108.678,0,0
2024-05-06,MA,671,79783.13,118.9,31800000,313859,2529.1,130489,1350.46,73116.0,1269.01,5594,12249,72.005,111.492,0,0
2024-05-06,SE,528,60087.83,113.8,47400000,246007,1999.74,116056,1197.93,65811.0,1139.25,5272,10720,71.177,108.684,0,0
2024-05-06,MW,593,67154.76,113.25,40100000,283778,2296.66,125082,1284.73,70981.0,1228.32,5575,12472,69.841,111.029,0,0
2024-05-06,MT,501,56100.91,111.98,17600000,240997,1936.27,109119,1128.33,54067.0,933.65,4659,9425,76.912,109.873,0,0
2024-05-06,WE,754,86341.08,114.51,51900000,347038,2798.0,137137,1423.59,79880.0,1382.47,6532,15250,71.101,110.448,0,0
2024-05-13,NE,717,83736.47,116.79,55200000,338873,2740.52,136949,1417.65,78951.0,1366.5,6050,14268,70.647,109.921,0,0
2024-05-13,MA,647,76059.53,117.56,31800000,284831,2279.94,115674,1195.69,68475.0,1185.07,5620,13243,73.452,108.112,0,0
2024-05-13,SE,543,64572.42,118.92,47400000,263329,2137.81,114341,1193.66,64292.0,1110.8,5199,11792,72.54,109.516,0,0
2024-05-13,MW,633,73826.96,116.63,40100000,276026,2216.76,118346,1217.48,63990.0,1108.17,5402,12277,70.796,109.094,0,0
2024-05-13,MT,520,58659.25,112.81,17600000,240744,1937.67,97728,1008.52,57274.0,995.4,4511,10164,76.36,109.43,0,0
2024-05-13,WE,742,84680.29,114.12,51900000,343099,2776.92,151002,1558.01,86666.0,1503.28,6683,14311,70.584,110.188,0,0
2024-05-20,NE,697,78989.28,113.33,55200000,331289,2702.07,149046,1533.84,75988.0,1319.72,6004,13256,70.612,109.027,0,0
2024-05-20,MA,651,75865.72,116.54,31800000,290106,2337.42,142064,1464.32,75340.0,1306.92,5932,13217,71.106,109.318,0,0
2024-05-20,SE,540,63591.31,117.76,47400000,253487,2035.56,119298,1235.37,65670.0,1133.93,4768,11995,72.072,107.939,0,0
2024-05-20,MW,601,67115.12,111.67,40100000,271575,2188.37,140316,1451.12,63407.0,1095.0,5513,12320,71.858,108.531,0,0
2024-05-20,MT,471,53727.3,114.07,17600000,225444,1813.46,92539,955.21,58700.0,1015.67,4739,9764,77.117,109.082,0,0
2024-05-20,WE,745,87051.43,116.85,51900000,347809,2826.58,165227,1702.38,84302.0,1461.61,6641,14687,74.289,109.396,0,0
2024-05-27,NE,826,98093.49,118.76,55200000,375349,3039.97,190016,1958.99,78832.0,1364.14,6450,17746,75.037,109.87,1,0
2024-05-27,MA,779,88938.36,114.17,31800000,334554,2717.0,194572,2010.77,79985.0,1389.7,6233,16185,74.325,109.951,1,0
2024-05-27,SE,681,77217.35,113.39,47400000,304234,2474.22,161319,1663.82,71219.0,1235.84,5519,15342,73.427,110.043,1,0
2024-05-27,MW,699,80089.36,114.58,40100000,290158,2358.5,178494,1833.2,77595.0,1343.23,6131,15418,73.501,109.772,1,0
2024-05-27,MT,543,63339.47,116.65,17600000,248165,2003.22,134535,1388.17,62794.0,1084.1,4710,13668,79.066,108.767,1,0
2024-05-27,WE,845,100165.56,118.54,51900000,348816,2788.73,228259,2353.88,87286.0,1515.83,7016,17923,72.094,108.025,1,0
2024-06-03,NE,627,70902.8,113.08,55200000,302113,2452.99,130526,1355.63,74798.0,1291.87,5949,12033,74.084,107.688,0,0
2024-06-03,MA,601,70016.12,116.5,31800000,279034,2241.61,113313,1178.78,60482.0,1046.58,4929,12511,73.453,107.047,0,0
2024-06-03,SE,489,54604.87,111.67,47400000,229930,1851.2,109959,1134.72,60116.0,1043.73,4398,11223,73.126,105.811,0,0
2024-06-03,MW,518,57928.83,111.83,40100000,256331,2069.1,113054,1171.27,61228.0,1062.48,5240,11578,75.643,107.908,0,0
2024-06-03,MT,462,55029.18,119.11,17600000,211232,1705.44,91743,952.78,51646.0,890.9,4280,9530,76.756,106.295,0,0
2024-06-03,WE,684,77167.41,112.82,51900000,318214,2582.86,139543,1438.82,76716.0,1330.29,6404,13025,75.016,108.25,0,0
2024-06-10,NE,663,76200.25,114.93,55200000,316564,2569.33,128750,1325.21,73527.0,1271.03,5538,12145,75.644,108.073,0,0
2024-06-10,MA,601,69958.52,116.4,31800000,249308,2008.3,126206,1304.93,65807.0,1140.65,5589,12107,72.209,106.475,0,0
2024-06-10,SE,550,62813.51,114.21,47400000,257627,2095.08,109148,1131.22,55134.0,955.35,4577,10632,75.49,106.8,0,0
2024-06-10,MW,492,55642.15,113.09,40100000,233359,1887.19,103779,1071.5,59465.0,1028.56,4712,11281,73.331,106.349,0,0
2024-06-10,MT,484,56397.23,116.52,17600000,223234,1803.62,100723,1042.75,54079.0,934.41,4371,8951,78.301,107.081,0,0
2024-06-10,WE,638,73984.79,115.96,51900000,321381,2622.29,134636,1385.14,77374.0,1340.79,5804,13184,76.216,107.218,0,0
2024-06-17,NE,594,69697.01,117.34,55200000,275487,2223.7,129845,1339.49,70914.0,1225.16,6009,12245,73.34,106.714,0,0
2024-06-17,MA,622,73889.92,118.79,31800000,291292,2347.48,138690,1435.3,64962.0,1127.66,5088,12558,72.553,107.357,0,0
2024-06-17,SE,537,63938.44,119.07,47400000,236830,1889.41,120588,1244.22,57069.0,988.51,4564,10072,74.101,104.897,0,0
2024-06-17,MW,573,67446.75,117.71,40100000,263398,2144.17,116862,1204.21,60953.0,1050.62,5019,10856,72.959,105.94,0,0
2024-06-17,MT,466,55063.92,118.16,17600000,194876,1569.22,86356,892.62,57251.0,990.88,4094,8922,75.641,104.377,0,0
2024-06-17,WE,699,80683.8,115.43,51900000,341586,2764.8,133280,1373.31,79176.0,1373.13,5916,13322,74.801,107.016,0,0
2024-06-24,NE,615,70365.86,114.42,55200000,285343,2310.98,120157,1240.73,70285.0,1215.03,5735,13372,71.104,105.088,0,0
2024-06-24,MA,579,69686.6,120.36,31800000,274211,2227.59,131210,1355.44,63075.0,1094.17,5600,11721,72.692,106.734,0,0
2024-06-24,SE,532,62654.08,117.77,47400000,255928,2067.2,108353,1127.88,58689.0,1017.48,4582,11210,75.015,105.117,0,0
2024-06-24,MW,522,61851.69,118.49,40100000,271050,2188.86,104730,1088.32,61285.0,1058.05,4654,11227,74.581,106.369,0,0
2024-06-24,MT,467,55877.31,119.65,17600000,208422,1686.98,92981,953.79,54308.0,939.42,4286,9014,79.053,106.446,0,0
2024-06-24,WE,671,77997.46,116.24,51900000,318529,2607.2,137064,1424.61,73853.0,1273.47,5494,14259,75.714,105.682,0,0
2024-07-01,NE,653,76372.71,116.96,55200000,286070,2331.64,136551,1403.44,72324.0,1253.53,5838,12642,70.961,105.486,0,0
2024-07-01,MA,612,72296.87,118.13,31800000,281505,2271.35,113421,1179.51,61642.0,1068.39,4871,11606,74.805,104.879,0,0
2024-07-01,SE,510,59608.25,116.88,47400000,258773,2089.32,105989,1103.97,58470.0,1007.64,4386,10594,72.957,106.711,0,0
2024-07-01,MW,582,68542.79,117.77,40100000,264687,2144.26,108740,1136.6,56416.0,976.54,4800,10857,72.317,105.562,0,0
2024-07-01,MT,460,54653.25,118.81,17600000,213874,1723.05,94279,968.39,48940.0,845.23,3874,9073,,105.687,0,0
2024-07-01,WE,647,77721.38,120.13,51900000,322050,2601.95,145155,1489.39,75927.0,1315.85,6159,13872,73.865,105.993,0,0
2024-07-08,NE,618,72297.64,116.99,55200000,286017,2291.91,125253,1294.22,69537.0,1202.46,5866,12036,71.172,105.437,0,0
2024-07-08,MA,570,68824.91,120.75,31800000,270767,2201.47,121375,1246.92,62390.0,1081.85,5435,12223,71.385,105.515,0,0
2024-07-08,SE,522,63504.54,121.66,47400000,236521,1920.31,100871,1042.1,54174.0,938.84,4963,10649,70.258,104.741,0,0
2024-07-08,MW,546,66757.75,122.27,40100000,248108,1989.53,102220,1060.99,64257.0,1114.55,4810,11179,73.653,105.552,0,0
2024-07-08,MT,468,56799.86,121.37,17600000,203366,1630.7,84825,881.3,50919.0,878.22,3974,9404,76.613,105.454,0,0
2024-07-08,WE,673,82429.26,122.48,51900000,291935,2364.98,140380,1460.38,74423.0,1283.08,5816,12942,71.009,104.382,0,0
2024-07-15,NE,606,71185.87,117.47,55200000,296226,2393.18,126261,1312.78,70684.0,1221.5,5336,11583,70.034,104.616,0,0
2024-07-15,MA,569,66909.2,117.59,31800000,272778,2203.83,119298,1241.73,70539.0,1222.09,5163,11814,69.024,104.165,0,0
2024-07-15,SE,536,66467.19,124.01,47400000,237672,1908.94,104760,1080.27,54786.0,950.23,4677,10532,71.733,104.744,0,0
2024-07-15,MW,502,61983.51,123.47,40100000,252069,2046.2,113681,1166.5,66897.0,1158.24,4896,10203,67.879,104.647,0,0
2024-07-15,MT,441,53160.8,120.55,17600000,210070,1693.39,86745,899.74,51484.0,893.17,3880,9399,72.596,104.293,0,0
2024-07-15,WE,640,77118.49,120.5,51900000,330190,2672.06,131176,1357.72,74178.0,1287.16,5505,13818,68.353,105.125,0,0
2024-07-22,NE,614,71903.77,117.11,55200000,291430,2344.19,116880,1213.24,64523.0,1115.87,5560,11894,69.864,104.977,0,0
2024-07-22,MA,571,69503.54,121.72,31800000,273516,2237.63,122152,1259.2,67851.0,1173.1,4816,11198,66.334,103.53,0,0
2024-07-22,SE,493,60797.67,123.32,47400000,250478,2014.79,101763,1049.42,57284.0,990.35,4500,10808,68.523,104.627,0,0
2024-07-22,MW,533,64751.83,121.49,40100000,257277,2106.61,111278,1147.94,58030.0,1002.44,4833,10803,68.983,103.423,0,0
2024-07-22,MT,411,50625.2,123.18,17600000,188201,1518.73,85470,887.75,47517.0,821.25,4237,8663,69.94,103.082,0,0
2024-07-22,WE,651,76667.85,117.77,51900000,275688,2233.18,122706,1275.79,71868.0,1242.59,5461,13308,67.959,103.066,0,0
2024-07-29,NE,597,70551.93,118.18,55200000,287532,2327.3,129867,1332.68,70039.0,1210.53,5193,11372,65.705,103.894,0,0
2024-07-29,MA,543,66976.22,123.34,31800000,274446,2241.74,124964,1281.6,62625.0,1083.09,5382,11597,68.885,104.801,0,0
2024-07-29,SE,486,58362.85,120.09,47400000,228580,1852.38,118709,1229.71,54965.0,952.1,4323,9943,66.253,103.886,0,0
2024-07-29,MW,531,65231.55,122.85,40100000,233467,1886.63,116507,1196.5,61417.0,1065.49,4792,9959,66.344,103.348,0,0
2024-07-29,MT,470,57568.61,122.49,17600000,206961,1680.87,86245,890.9,47871.0,827.41,3976,8732,68.222,104.382,0,0
2024-07-29,WE,603,74669.09,123.83,51900000,285479,2305.72,138886,1435.86,73084.0,1270.04,5795,13124,68.884,103.795,0,0
2024-08-05,NE,716,87774.22,122.59,55200000,308555,2470.37,167912,1737.41,72576.0,1255.24,5533,16342,63.947,103.292,1,0
2024-08-05,MA,646,76621.69,118.61,31800000,271776,2198.16,158497,1633.98,66747.0,1155.79,5241,14047,66.574,104.247,1,0
2024-08-05,SE,565,67859.51,120.11,47400000,251155,2041.19,160540,1648.84,63170.0,1096.48,4530,12858,62.891,105.095,1,0
2024-08-05,MW,652,79155.96,121.4,40100000,259085,2097.3,138548,1426.67,67875.0,1173.88,5159,13692,64.254,104.962,1,0
2024-08-05,MT,503,61789.38,122.84,17600000,229434,1848.06,114967,1185.16,55057.0,956.51,4327,11476,69.35,105.455,1,0
2024-08-05,WE,769,92863.74,120.76,51900000,340209,2775.13,176951,1838.12,82343.0,1426.35,6059,16435,63.35,105.003,1,0
2024-08-12,NE,653,80400.37,123.12,55200000,275802,2212.36,110772,1145.41,67675.0,1169.88,5531,13391,63.941,103.733,1,0
2024-08-12,MA,612,72901.19,119.12,31800000,271658,2200.52,104484,1084.05,60161.0,1041.1,5171,13212,60.665,102.726,1,0
2024-08-12,SE,568,69551.38,122.45,47400000,222006,1797.53,99162,1024.05,54046.0,935.18,4697,11380,61.181,102.555,1,0
2024-08-12,MW,569,68848.11,121.0,40100000,237764,1918.9,99696,1032.55,58553.0,1016.34,4425,12436,64.554,104.304,1,0
2024-08-12,MT,479,56840.65,118.67,17600000,208306,1689.69,81660,841.55,46566.0,807.24,4025,10181,66.142,103.118,1,0
2024-08-12,WE,671,79569.24,118.58,51900000,306218,2480.55,124938,1298.66,72140.0,1245.18,5878,14226,64.445,104.723,1,0
2024-08-19,NE,540,67272.88,124.58,55200000,252862,2044.94,115273,1192.98,61321.0,1061.1,4932,11897,57.924,101.92,0,0
2024-08-19,MA,597,73481.0,123.08,31800000,264120,2138.36,124564,1286.6,66057.0,1143.16,5076,11209,60.112,103.048,0,0
2024-08-19,SE,488,59200.8,121.31,47400000,212496,1722.98,92394,955.86,57616.0,995.79,4502,9612,60.76,102.181,0,0
2024-08-19,MW,473,58150.52,122.94,40100000,235101,1901.26,103428,1077.08,57122.0,988.87,4354,9986,58.46,102.627,0,0
2024-08-19,MT,441,53452.44,121.21,17600000,197938,1617.87,79658,822.17,49603.0,858.33,3556,8187,61.793,102.527,0,0
2024-08-19,WE,643,76960.45,119.69,51900000,298865,2428.07,115318,1193.66,73749.0,1278.9,5483,12157,60.883,104.307,0,0
2024-08-26,NE,543,67871.39,124.99,55200000,275199,2245.26,113105,1181.49,66278.0,1144.85,5261,11878,56.802,102.524,0,0
2024-08-26,MA,557,68306.72,122.63,31800000,258008,2063.06,118604,1232.62,57772.0,997.99,5167,11332,58.46,102.522,0,0
2024-08-26,SE,488,59101.89,121.11,47400000,237614,1925.19,109473,1131.68,55303.0,958.77,4022,9499,59.429,103.688,0,0
2024-08-26,MW,501,60744.07,121.25,40100000,252117,2035.66,105336,1096.71,55399.0,960.84,4369,10346,54.905,102.598,0,0
2024-08-26,MT,432,52609.89,121.78,17600000,191868,1553.58,75251,773.6,50143.0,867.14,3910,8503,61.212,102.082,0,0
2024-08-26,WE,608,75578.65,124.31,51900000,279743,2250.78,126565,1308.26,67174.0,1163.62,5708,12597,57.733,103.912,0,0
2024-09-02,NE,616,72397.02,117.53,55200000,306595,2471.47,129015,1332.66,67551.0,1171.43,5814,12363,55.85,103.664,0,0
2024-09-02,MA,555,65344.81,117.74,31800000,263700,2141.13,131368,1357.02,69280.0,1196.99,5290,12063,55.472,102.833,0,0
2024-09-02,SE,514,61136.65,118.94,47400000,239476,1928.77,120051,1242.1,,,4329,10026,57.028,102.896,0,0
2024-09-02,MW,561,66386.76,118.34,40100000,261733,2116.8,119551,1237.92,66429.0,1150.47,5161,10903,55.249,105.052,0,0
2024-09-02,MT,451,54740.35,121.38,17600000,210430,1680.63,77816,804.69,50071.0,864.98,4080,8897,58.117,103.805,0,0
2024-09-02,WE,661,80318.17,121.51,51900000,310221,2522.12,148136,1526.7,79756.0,1379.5,5455,13570,55.786,103.85,0,0
2024-09-09,NE,626,76340.87,121.95,55200000,293366,2369.3,131767,1356.1,72780.0,1259.41,5779,12259,49.926,103.802,0,0
2024-09-09,MA,576,70088.14,121.68,31800000,265701,2166.66,112325,1165.06,65592.0,1135.58,5391,12288,54.272,103.275,0,0
2024-09-09,SE,459,55387.21,120.67,47400000,235376,1924.27,111397,1147.15,,,4750,10104,49.952,103.601,0,0
2024-09-09,MW,508,63466.98,124.94,40100000,245961,1980.9,110483,1141.56,59086.0,1025.34,4930,11079,50.796,104.444,0,0
2024-09-09,MT,448,53439.89,119.29,17600000,205227,1658.05,83200,854.87,51052.0,883.97,4169,8505,56.298,102.964,0,0
2024-09-09,WE,655,81837.0,124.94,51900000,287339,2304.33,136755,1411.46,67424.0,1166.77,5528,13947,50.705,102.899,0,0
2024-09-16,NE,570,66243.39,116.22,55200000,278417,2265.81,119049,1229.87,63998.0,1106.79,5714,12240,50.003,103.51,0,0
2024-09-16,MA,564,67302.55,119.33,31800000,254884,2055.46,126083,1301.3,62331.0,1075.43,5355,11637,48.964,104.679,0,0
2024-09-16,SE,480,57747.41,120.31,47400000,230673,1867.58,111201,1142.27,,,4697,10433,49.122,104.455,0,0
2024-09-16,MW,523,63619.45,121.64,40100000,231659,1876.31,102117,1061.24,57199.0,992.07,4879,10675,49.2,104.487,0,0
2024-09-16,MT,507,61561.33,121.42,17600000,207641,1670.3,83768,864.05,48166.0,834.15,3732,9276,53.18,103.96,0,0
2024-09-16,WE,619,75463.71,121.91,51900000,302234,2419.14,124313,1297.03,76281.0,1322.38,5937,13495,48.3,103.927,0,0
2024-09-23,NE,614,72188.48,117.57,55200000,298260,2418.99,124462,1281.75,73006.0,1262.03,5199,11632,46.662,104.81,0,0
2024-09-23,MA,583,68276.21,117.11,31800000,277356,2252.86,113107,1174.95,65285.0,1128.12,4795,11060,47.215,105.464,0,0
2024-09-23,SE,521,62898.78,120.73,47400000,229860,1851.62,107493,1107.32,55467.0,958.06,4368,10026,47.396,104.143,0,0
2024-09-23,MW,502,61039.77,121.59,40100000,246090,1987.65,112137,1161.14,56088.0,968.87,4437,10543,46.973,103.743,0,0
2024-09-23,MT,456,54843.71,120.27,17600000,215584,1751.21,85602,886.19,49826.0,860.67,3874,9302,50.005,105.526,0,0
2024-09-23,WE,623,73619.74,118.17,51900000,294116,2361.13,121371,1262.92,66523.0,1151.21,6107,12121,45.703,103.286,0,0
2024-09-30,NE,578,69279.99,119.86,55200000,277557,2234.01,114901,1186.69,63226.0,1093.1,5248,12309,44.185,103.326,0,0
2024-09-30,MA,574,66625.52,116.07,31800000,281505,2273.18,108375,1130.86,65363.0,1133.89,4897,11897,43.236,104.821,0,0
2024-09-30,SE,470,57601.31,122.56,47400000,226377,1815.73,99531,1027.1,52592.0,911.69,4541,10458,42.877,103.845,0,0
2024-09-30,MW,514,62234.06,121.08,40100000,238970,1945.07,103965,1075.37,61850.0,1069.87,4816,10993,44.742,103.982,0,0
2024-09-30,MT,449,54367.6,121.09,17600000,193376,1554.01,82504,855.3,52504.0,909.87,3686,8620,45.243,103.501,0,0
2024-09-30,WE,645,75868.02,117.62,51900000,281232,2274.73,123628,1288.51,71511.0,1236.01,5321,12126,43.1,103.745,0,0
2024-10-07,NE,585,70270.93,120.12,55200000,289158,2361.55,128359,1322.41,68188.0,1176.42,5320,11092,40.004,104.903,0,0
2024-10-07,MA,558,67316.17,120.64,31800000,245324,1965.26,120935,1251.74,66279.0,1147.2,4608,11754,40.671,105.015,0,0
2024-10-07,SE,479,55150.65,115.14,47400000,209322,1692.07,100162,1036.55,54149.0,940.02,4500,9730,43.422,103.606,0,0
2024-10-07,MW,537,64762.72,120.6,40100000,237165,1902.57,114534,1175.5,60441.0,1047.52,4495,10090,41.423,104.706,0,0
2024-10-07,MT,451,54723.71,121.34,17600000,198408,1594.82,78657,817.96,53033.0,917.97,3582,8655,46.725,105.099,0,0
2024-10-07,WE,639,75733.61,118.52,51900000,291120,2334.24,131499,1351.91,69195.0,1195.0,5773,12317,43.369,105.586,0,0
2024-10-14,NE,671,78301.59,116.69,55200000,299705,2431.19,180034,1853.63,69631.0,1207.61,5755,15289,37.89,104.861,1,0
2024-10-14,MA,660,76801.31,116.37,31800000,284963,2308.84,159751,1653.67,69865.0,1205.9,5086,14805,40.065,107.021,1,0
2024-10-14,SE,580,66049.81,113.88,47400000,254898,2060.44,155677,1607.47,61611.0,1064.86,4782,12507,39.871,105.261,1,0
2024-10-14,MW,597,69272.52,116.03,40100000,266609,2168.69,155135,1602.02,60046.0,1041.67,4623,13615,40.829,106.876,1,0
2024-10-14,MT,482,58266.25,120.88,17600000,216486,1741.92,110584,1139.13,51354.0,890.51,4294,10750,45.742,104.824,1,0
2024-10-14,WE,700,80027.55,114.33,51900000,315896,2555.89,189757,1960.83,75242.0,1297.73,6107,15334,39.555,105.944,1,0
2024-10-21,NE,595,71493.52,120.16,55200000,269573,2187.46,132395,1366.11,66231.0,1143.24,4836,11902,36.943,106.031,0,0
2024-10-21,MA,547,63029.01,115.23,31800000,244585,1996.69,109890,1142.48,60257.0,1045.83,5225,11451,38.802,106.123,0,0
2024-10-21,SE,497,58480.65,117.67,47400000,224694,1819.06,105837,1095.06,59310.0,1027.32,4498,10427,39.283,104.881,0,0
2024-10-21,MW,538,61844.67,114.95,40100000,241981,1947.31,102099,1059.65,55272.0,958.94,4840,10262,35.047,104.599,0,0
2024-10-21,MT,404,46071.87,114.04,17600000,190750,1547.54,82358,848.31,46765.0,811.48,3728,8798,40.718,104.427,0,0
2024-10-21,WE,627,70579.57,112.57,51900000,294354,2361.04,135737,1404.55,65458.0,1131.54,5122,12870,39.652,104.889,0,0
2024-10-28,NE,640,73119.48,114.25,55200000,274819,2221.62,130019,1344.23,63962.0,1110.51,5373,13653,36.615,105.919,1,0
2024-10-28,MA,594,67504.55,113.64,31800000,257123,2081.89,103491,1072.47,61521.0,1069.15,4842,12271,37.182,105.526,1,0
2024-10-28,SE,533,59670.84,111.95,47400000,219934,1780.65,107448,1114.24,58450.0,1013.02,4240,11817,36.411,105.227,1,0
2024-10-28,MW,572,64201.71,112.24,40100000,227099,1840.08,111086,1150.84,54854.0,947.73,4373,11853,35.478,104.732,1,0
2024-10-28,MT,449,52545.34,117.03,17600000,191461,1541.9,77438,802.21,44763.0,773.81,3888,10439,40.186,106.244,1,0
2024-10-28,WE,698,82619.8,118.37,51900000,289475,2319.72,119935,1241.74,69877.0,1214.29,5150,15486,34.74,105.945,1,0
2024-11-04,NE,649,75331.8,116.07,55200000,298102,2422.05,123634,1277.39,78664.0,1361.45,6127,13837,33.903,110.244,0,1
2024-11-04,MA,641,71922.42,112.2,31800000,299195,2420.06,137741,1418.87,70922.0,1232.03,5370,12765,35.22,111.394,0,1
2024-11-04,SE,540,62981.74,116.63,47400000,236008,1895.27,100373,1039.02,66617.0,1152.89,5078,11257,36.036,109.201,0,1
2024-11-04,MW,559,62516.51,111.84,40100000,272100,2218.97,122734,1262.78,66927.0,1161.08,4739,11275,35.617,111.287,0,1
2024-11-04,MT,452,52297.19,115.7,17600000,227694,1847.47,78649,816.91,49561.0,858.2,4040,9735,38.248,111.622,0,1
2024-11-04,WE,696,78357.79,112.58,51900000,335353,2713.1,141343,1465.28,75535.0,1308.12,6538,13951,35.614,110.806,0,1
2024-11-11,NE,652,76931.9,117.99,55200000,284936,2320.43,135410,1392.91,72232.0,1254.69,5837,12559,32.999,110.778,0,1
2024-11-11,MA,611,69948.4,114.48,31800000,270491,2183.02,133362,1385.8,73688.0,1276.5,5399,11713,32.252,110.151,0,1
2024-11-11,SE,550,62822.44,114.22,47400000,248896,1988.3,108600,1128.9,62286.0,1080.18,4666,10548,32.784,111.262,0,1
2024-11-11,MW,515,60717.15,117.9,40100000,251277,2045.36,126247,1308.09,64617.0,1119.88,4673,11628,32.096,110.01,0,1
2024-11-11,MT,454,52341.94,115.29,17600000,219337,1765.01,87072,901.59,56277.0,974.92,4041,8920,34.964,110.199,0,1
2024-11-11,WE,708,81902.02,115.68,51900000,317735,2582.75,140983,1452.94,76885.0,1326.03,5859,13968,32.679,111.724,0,1
2024-11-18,NE,731,85087.61,116.4,55200000,320733,2615.37,174361,1801.45,82715.0,1435.06,6543,16821,32.318,111.907,1,1
2024-11-18,MA,751,87127.5,116.02,31800000,315617,2573.96,163981,1691.5,75042.0,1299.65,5469,16055,30.2,111.814,1,1
2024-11-18,SE,619,71310.31,115.2,47400000,274578,2213.33,148941,1531.97,68123.0,1181.12,5184,13401,31.717,112.994,1,1
2024-11-18,MW,680,79265.46,116.57,40100000,281625,2259.04,156180,1606.8,68185.0,1176.45,5095,14493,29.582,111.837,1,1
2024-11-18,MT,573,64706.03,112.93,17600000,232494,1859.23,110665,1141.05,56190.0,969.85,4931,11619,37.323,111.676,1,1
2024-11-18,WE,814,94891.69,116.57,51900000,373990,3010.87,206663,2136.13,86939.0,1505.07,6234,18840,31.386,112.466,1,1
2024-11-25,NE,770,85892.48,111.55,55200000,304233,2447.17,193793,2004.62,73657.0,1274.51,6653,16978,30.596,112.156,1,1
2024-11-25,MA,703,81066.16,115.31,31800000,315311,2530.97,178154,1844.33,73566.0,1277.38,5540,15824,31.325,113.023,1,1
2024-11-25,SE,610,70601.61,115.74,47400000,280856,2288.61,166975,1719.1,70127.0,1214.53,5277,13060,31.06,113.329,1,1
2024-11-25,MW,682,80627.28,118.22,40100000,280202,2272.52,160291,1648.21,75600.0,1309.41,5707,14270,28.535,112.701,1,1
2024-11-25,MT,569,64786.56,113.86,17600000,257326,2073.52,116441,1203.69,60529.0,1047.38,4834,13019,35.892,112.526,1,1
2024-11-25,WE,824,96189.97,116.74,51900000,348167,2794.99,212154,2185.35,86235.0,1494.94,6655,17588,28.377,113.386,1,1
2024-12-02,NE,723,81523.38,112.76,55200000,349888,2833.44,143907,1484.68,77339.0,1340.68,5876,14115,31.725,114.494,0,1
2024-12-02,MA,694,83025.87,119.63,31800000,336834,2731.84,136941,1423.78,74729.0,1298.62,5478,13186,28.678,113.6,0,1
2024-12-02,SE,595,67569.93,113.56,47400000,265232,2134.4,111680,1151.93,66809.0,1160.57,4901,11107,32.273,112.544,0,1
2024-12-02,MW,606,72112.91,119.0,40100000,278679,2258.09,130843,1345.53,75453.0,1305.37,5328,11654,27.845,114.053,0,1
2024-12-02,MT,523,59959.94,114.65,17600000,239517,1925.95,100701,1043.67,59409.0,1029.97,4682,10454,35.705,113.991,0,1
2024-12-02,WE,761,90609.46,119.07,51900000,367159,2980.19,156783,1609.06,82330.0,1428.03,6308,15288,32.04,114.551,0,1
2024-12-09,NE,734,83233.46,113.4,55200000,345971,2814.2,159833,1656.51,81480.0,1409.6,6493,14350,30.12,114.502,0,1
2024-12-09,MA,654,75923.74,116.09,31800000,316531,2557.96,145827,1513.42,80823.0,1398.68,5648,12475,31.003,113.477,0,1
2024-12-09,SE,609,72703.61,119.38,47400000,292137,2366.77,128369,1317.7,62839.0,1087.83,5299,11106,27.884,113.619,0,1
2024-12-09,MW,620,73484.96,118.52,40100000,278934,2240.27,135926,1403.88,71385.0,1235.67,5131,11925,31.11,113.222,0,1
2024-12-09,MT,499,56284.66,112.79,17600000,221297,1784.81,100101,1040.0,59373.0,1029.95,4870,9867,32.119,113.923,0,1
2024-12-09,WE,757,88871.09,117.4,51900000,347120,2781.57,145721,1513.15,84434.0,1461.7,6206,14306,31.765,114.114,0,1
2024-12-16,NE,703,82994.93,118.06,55200000,318771,2574.25,136400,1406.93,84081.0,1458.44,6308,14417,28.894,113.942,0,1
2024-12-16,MA,665,78104.62,117.45,31800000,324604,2606.52,142589,1469.49,70822.0,1224.11,5884,13495,30.833,114.448,0,1
2024-12-16,SE,583,69763.42,119.66,47400000,273237,2227.01,116312,1200.26,66999.0,1157.75,5008,11222,30.241,115.389,0,1
2024-12-16,MW,622,71659.28,115.21,40100000,304171,2447.97,132373,1376.68,69587.0,1204.13,5187,12377,28.838,114.696,0,1
2024-12-16,MT,520,59629.59,114.67,17600000,230852,1854.64,99256,1019.69,61035.0,1056.8,4928,10171,33.561,113.891,0,1
2024-12-16,WE,775,92703.87,119.62,51900000,351139,2845.9,167735,1724.86,85801.0,1488.14,6634,14427,31.491,115.399,0,1
2024-12-23,NE,833,101069.2,121.33,55200000,378287,3054.57,217161,2230.98,84056.0,1452.53,6921,17283,32.579,115.698,1,1
2024-12-23,MA,775,93058.9,120.08,31800000,350683,2847.03,209153,2163.2,84691.0,1465.42,6167,17603,31.272,115.779,1,1
2024-12-23,SE,693,79802.52,115.16,47400000,301900,2449.4,173511,1799.03,68896.0,1192.77,5674,15839,30.297,116.931,1,1
2024-12-23,MW,691,83115.52,120.28,40100000,331567,2680.7,179498,1858.52,71726.0,1241.09,6311,15733,32.33,116.651,1,1
2024-12-23,MT,610,71516.38,117.24,17600000,282435,2281.53,145421,1496.15,59464.0,1029.81,5222,14356,37.303,116.793,1,1
2024-12-23,WE,915,106150.51,116.01,51900000,402733,3255.34,215474,2217.69,98630.0,1709.31,7275,20237,30.535,115.622,1,1
2024-12-30,NE,694,80329.78,115.75,55200000,328441,2646.29,140301,1461.84,80700.0,1401.09,6534,13798,29.847,114.71,0,1
2024-12-30,MA,668,79959.23,119.7,31800000,321021,2593.99,146452,1502.09,82710.0,1430.74,5707,13564,32.907,115.238,0,1
2024-12-30,SE,567,68262.2,120.39,47400000,261898,2103.62,111943,1164.6,73784.0,1276.29,5508,12217,32.148,115.149,0,1
2024-12-30,MW,638,77353.62,121.24,40100000,266948,2163.98,126296,1313.39,73497.0,1276.13,5286,11817,30.38,113.899,0,1
2024-12-30,MT,536,63357.77,118.2,17600000,252995,2050.21,95366,984.81,60785.0,1052.34,4418,10892,37.443,115.107,0,1
2024-12-30,WE,777,91219.55,117.4,51900000,373814,3026.32,164969,1709.92,84710.0,1471.71,6500,14273,31.94,115.954,0,1
2025-01-06,NE,567,68175.26,120.24,55200000,263067,2117.1,109130,1131.52,57038.0,986.23,4700,11422,31.436,110.495,0,0
2025-01-06,MA,517,62278.87,120.46,31800000,250040,2016.5,103806,1070.38,63586.0,1101.58,4448,9884,32.695,111.147,0,0
2025-01-06,SE,496,59625.61,120.21,47400000,232864,1891.07,94830,982.94,53136.0,918.35,4382,9298,,111.465,0,0
2025-01-06,MW,457,52691.73,115.3,40100000,231734,1882.46,111624,1156.11,54747.0,949.01,3960,9984,34.238,110.623,0,0
2025-01-06,MT,432,52394.16,121.28,17600000,191563,1546.92,84475,875.42,44264.0,768.29,3420,8586,37.913,109.929,0,0
2025-01-06,WE,608,74395.8,122.36,51900000,287480,2308.81,112416,1159.6,62990.0,1091.17,4956,11028,31.448,110.18,0,0
2025-01-13,NE,589,69173.02,117.44,55200000,244486,1986.04,118204,1230.75,61520.0,1061.24,4610,12298,31.629,110.999,1,0
2025-01-13,MA,552,68595.24,124.27,31800000,238206,1907.96,103580,1079.06,58373.0,1009.49,4868,13067,35.527,110.48,1,0
2025-01-13,SE,502,62416.6,124.34,47400000,209887,1706.78,100125,1032.39,51889.0,899.05,4209,11638,34.616,110.435,1,0
2025-01-13,MW,537,64546.76,120.2,40100000,221575,1797.35,109639,1129.18,52056.0,898.88,4097,11674,33.375,110.868,1,0
2025-01-13,MT,445,51682.01,116.14,17600000,197682,1599.41,81600,845.6,42802.0,741.04,3517,9339,34.889,112.388,1,0
2025-01-13,WE,645,77571.46,120.27,51900000,258416,2082.8,122549,1266.52,68727.0,1190.73,5012,13852,31.601,110.098,1,0
2025-01-20,NE,586,69262.46,118.2,55200000,269080,2164.11,116738,1211.67,66419.0,1150.9,5136,11189,34.476,110.548,0,0
2025-01-20,MA,514,61199.84,119.07,31800000,243533,1979.55,95503,988.64,57772.0,998.48,4682,10968,33.577,110.824,0,0
2025-01-20,SE,475,56310.23,118.55,47400000,206673,1654.37,94892,983.15,56851.0,982.98,3965,8819,34.633,110.676,0,0
2025-01-20,MW,508,61203.2,120.48,40100000,248618,2014.68,109511,1129.88,54062.0,935.45,4494,10133,36.068,112.223,0,0
2025-01-20,MT,405,49135.36,121.32,17600000,194592,1573.25,78870,818.55,47541.0,825.16,3435,8775,38.663,112.27,0,0
2025-01-20,WE,585,69514.55,118.83,51900000,293889,2399.92,133933,1376.35,66976.0,1155.64,5183,11433,36.437,111.318,0,0
2025-01-27,NE,608,73847.43,121.46,55200000,271400,2203.78,113073,1169.2,70518.0,1221.08,5251,11079,35.303,111.955,0,0
2025-01-27,MA,515,60724.67,117.91,31800000,257457,2095.63,117650,1214.23,60082.0,1043.38,4983,11445,38.145,112.456,0,0
2025-01-27,SE,470,58547.81,124.57,47400000,220069,1786.43,95025,981.42,58413.0,1011.32,3913,9417,39.441,112.419,0,0
2025-01-27,MW,498,59264.02,119.0,40100000,249254,2020.8,92774,958.04,57218.0,992.56,4451,9816,35.425,111.637,0,0
2025-01-27,MT,435,53343.4,122.63,17600000,195289,1568.77,76911,799.56,46976.0,815.23,3882,8365,38.241,112.467,0,0
2025-01-27,WE,577,69404.09,120.28,51900000,277960,2227.74,135624,1406.09,72001.0,1245.19,5432,11960,36.669,111.861,0,0
2025-02-03,NE,562,68532.06,121.94,55200000,274056,2212.15,124709,1291.06,64222.0,1114.33,4826,11131,40.618,111.278,0,0
2025-02-03,MA,536,67301.23,125.56,31800000,260207,2101.75,119834,1232.43,59951.0,1037.17,4658,10350,37.541,112.11,0,0
2025-02-03,SE,491,61924.1,126.12,47400000,223169,1786.78,103346,1070.86,57711.0,1000.16,4208,9017,39.46,111.424,0,0
2025-02-03,MW,475,57011.93,120.03,40100000,239096,1930.5,97860,1017.01,55879.0,967.9,4578,10098,40.63,112.943,0,0
2025-02-03,MT,421,52491.28,124.68,17600000,200290,1622.79,83427,857.18,47991.0,827.54,3928,7947,43.255,112.595,0,0
2025-02-03,WE,581,70321.52,121.04,51900000,279904,2253.65,117312,1218.07,74558.0,1291.22,5202,12812,41.721,110.751,0,0
2025-02-10,NE,565,66681.2,118.02,55200000,261708,2122.32,120170,1235.25,69588.0,1207.06,5379,12489,41.446,110.803,0,0
2025-02-10,MA,551,69469.91,126.08,31800000,255702,2070.44,106569,1107.4,59012.0,1021.56,4518,10884,41.585,112.437,0,0
2025-02-10,SE,470,57992.84,123.39,47400000,225203,1830.6,107182,1113.76,52623.0,909.55,4341,10049,44.143,112.8,0,0
2025-02-10,MW,493,61233.08,124.21,40100000,222366,1808.4,116371,1205.38,53502.0,924.28,4728,10225,40.062,111.638,0,0
2025-02-10,MT,425,50238.41,118.21,17600000,194331,1584.11,91934,953.13,47034.0,815.13,3791,8076,44.676,112.052,0,0
2025-02-10,WE,603,75956.17,125.96,51900000,278151,2236.24,117994,1219.95,70839.0,1228.43,5321,12365,41.085,112.636,0,0
2025-02-17,NE,609,76880.89,126.24,55200000,295342,2383.41,123631,1278.9,61351.0,1060.58,5398,11260,46.204,112.813,0,0
2025-02-17,MA,579,71793.51,124.0,31800000,255525,2049.42,113789,1178.11,60325.0,1042.86,4640,11381,44.736,112.201,0,0
2025-02-17,SE,450,53574.69,119.05,47400000,228991,1868.97,92097,956.87,53877.0,932.04,4390,10559,41.995,112.856,0,0
2025-02-17,MW,528,65730.13,124.49,40100000,251837,2023.29,109949,1129.95,57579.0,994.75,4377,9857,46.338,112.146,0,0
2025-02-17,MT,451,53685.5,119.04,17600000,207735,1693.53,93445,960.88,46657.0,808.41,3555,8920,49.438,112.121,0,0
2025-02-17,WE,633,75533.78,119.33,51900000,290059,2348.56,129435,1344.11,74597.0,1288.97,5570,12043,45.881,111.943,0,0
2025-02-24,NE,617,77265.45,125.23,55200000,281723,2284.05,134486,1395.73,63383.0,1095.54,5299,12601,47.478,111.357,0,0
2025-02-24,MA,559,68756.41,123.0,31800000,260258,2121.3,123705,1274.38,58203.0,1007.31,4686,10763,44.535,112.894,0,0
2025-02-24,SE,541,67906.63,125.52,47400000,240719,1932.8,104743,1077.79,54779.0,949.83,4523,9838,48.485,112.642,0,0
2025-02-24,MW,493,59108.27,119.9,40100000,232971,1885.49,104182,1088.56,62457.0,1082.86,4664,10533,48.846,111.183,0,0
2025-02-24,MT,420,52296.91,124.52,17600000,198489,1604.54,92728,959.57,48983.0,849.83,3635,8613,49.724,111.336,0,0
2025-02-24,WE,643,80573.61,125.31,51900000,298888,2426.95,141775,1462.11,77906.0,1348.09,5776,12453,47.287,112.857,0,0
2025-03-03,NE,728,89734.48,123.26,55200000,314598,2531.35,181160,1866.79,81373.0,1407.45,6577,16409,48.152,113.039,1,0
2025-03-03,MA,697,82353.06,118.15,31800000,314649,2533.7,188545,1932.71,75440.0,1301.01,5742,16127,51.103,113.954,1,0
2025-03-03,SE,674,84268.4,125.03,47400000,287175,2314.28,140489,1452.07,65277.0,1126.48,5102,14387,50.164,112.932,1,0
2025-03-03,MW,668,80021.11,119.79,40100000,286824,2312.36,166290,1722.63,69493.0,1204.9,5534,14191,48.031,114.025,1,0
2025-03-03,MT,545,66751.6,122.48,17600000,245722,1987.45,132452,1368.49,60794.0,1054.48,4630,11540,53.466,113.144,1,0
2025-03-03,WE,854,104263.13,122.09,51900000,360271,2880.97,205828,2127.93,85839.0,1489.48,6456,17326,47.769,113.112,1,0
2025-03-10,NE,677,82513.89,121.88,55200000,303604,2453.95,134525,1397.69,72676.0,1257.3,5967,13898,49.634,112.869,0,0
2025-03-10,MA,602,71254.3,118.36,31800000,288126,2334.95,134371,1386.8,76868.0,1330.96,5785,13221,50.233,112.186,0,0
2025-03-10,SE,546,65954.7,120.8,47400000,255589,2074.54,123439,1278.17,58758.0,1017.82,5070,11694,50.768,112.42,0,0
2025-03-10,MW,594,73457.52,123.67,40100000,257875,2085.93,122625,1264.87,62160.0,1073.67,4813,11910,49.965,112.878,0,0
2025-03-10,MT,496,59800.82,120.57,17600000,220150,1777.03,102374,1060.37,54343.0,941.85,4480,9842,54.628,113.149,0,0
2025-03-10,WE,695,82065.51,118.08,51900000,336713,2752.84,143270,1489.74,79768.0,1377.48,6197,14309,53.908,112.312,0,0
2025-03-17,NE,657,81325.85,123.78,55200000,313927,2542.97,154319,1590.43,78258.0,1354.56,5904,14192,52.869,112.131,0,0
2025-03-17,MA,631,75230.26,119.22,31800000,297931,2420.76,137354,1410.91,74379.0,1284.34,5380,11984,56.548,112.653,0,0
2025-03-17,SE,543,63442.18,116.84,47400000,265004,2165.62,120008,1233.33,65830.0,1139.95,4906,11228,55.014,112.305,0,0
2025-03-17,MW,591,72143.98,122.07,40100000,268374,2166.28,126831,1313.95,69081.0,1194.2,5039,11562,55.209,112.016,0,0
2025-03-17,MT,500,59078.48,118.16,17600000,227813,1821.0,111393,1151.86,58907.0,1018.35,4380,9767,58.991,113.717,0,0
2025-03-17,WE,750,92936.62,123.92,51900000,347840,2811.74,147179,1517.48,88480.0,1532.18,6169,14273,53.087,112.252,0,0
2025-03-24,NE,663,81831.83,123.43,55200000,324088,2634.92,132387,1368.68,76961.0,1329.06,6339,14316,57.823,111.981,0,0
2025-03-24,MA,648,79513.66,122.71,31800000,293958,2381.99,142400,1470.69,70378.0,1213.71,5534,12623,58.768,113.101,0,0
2025-03-24,SE,590,68646.57,116.35,47400000,290770,2349.4,115671,1191.41,58918.0,1018.98,4993,10709,56.633,113.858,0,0
2025-03-24,MW,568,65738.74,115.74,40100000,262568,2107.79,114924,1184.0,69492.0,1201.08,4949,12076,57.128,112.25,0,0
2025-03-24,MT,454,54388.97,119.8,17600000,234661,1899.4,111274,1146.11,55074.0,950.52,4330,10007,61.431,112.045,0,0
2025-03-24,WE,701,86263.83,123.06,51900000,340740,2781.99,146991,1520.74,76653.0,1328.4,6129,15232,58.422,113.885,0,0
2025-03-31,NE,736,85911.4,116.73,55200000,293571,2383.94,135883,1402.16,82743.0,1432.28,6507,16203,57.79,112.338,1,0
2025-03-31,MA,682,78164.5,114.61,31800000,287530,2337.35,142929,1483.06,67343.0,1165.56,5988,14826,59.138,111.963,1,0
2025-03-31,SE,601,73329.08,122.01,47400000,253527,2041.24,124390,1282.82,64145.0,1113.63,4989,12779,58.372,112.852,1,0
2025-03-31,MW,676,78685.42,116.4,40100000,279235,2255.1,120446,1254.98,67209.0,1161.44,5438,13600,61.596,113.176,1,0
2025-03-31,MT,559,64500.14,115.38,17600000,225176,1833.96,92534,958.44,56307.0,972.74,4269,12286,65.537,111.015,1,0
2025-03-31,WE,788,94875.68,120.4,51900000,336179,2695.38,167959,1739.61,84885.0,1472.41,6035,16264,58.87,113.052,1,0
2025-04-07,NE,680,77561.16,114.06,55200000,320845,2573.58,134940,1393.43,76236.0,1321.53,6403,13179,61.257,111.962,0,0
2025-04-07,MA,669,76304.43,114.06,31800000,310756,2497.74,131976,1367.16,75785.0,1316.16,6069,12962,62.07,112.151,0,0
2025-04-07,SE,578,70141.68,121.35,47400000,273763,2194.38,117222,1214.8,65123.0,1126.87,5488,10829,62.253,111.347,0,0
2025-04-07,MW,639,75768.43,118.57,40100000,285588,2317.35,131259,1354.45,72149.0,1250.06,5266,11412,60.808,112.888,0,0
2025-04-07,MT,517,60614.29,117.24,17600000,247906,2005.29,105695,1094.09,52755.0,913.49,4604,10140,65.061,112.438,0,0
2025-04-07,WE,723,87935.63,121.63,51900000,347492,2792.44,153794,1600.91,80422.0,1395.69,6139,15289,62.837,113.123,0,0
2025-04-14,NE,650,75078.41,115.51,55200000,322313,2591.13,148677,1531.51,79010.0,1372.98,6619,14456,62.674,111.501,0,0
2025-04-14,MA,663,76426.76,115.27,31800000,329005,2658.77,141213,1464.65,73029.0,1266.47,5569,12892,64.823,113.212,0,0
2025-04-14,SE,577,66735.76,115.66,47400000,259229,2098.8,116209,1211.68,65840.0,1137.47,5443,11184,63.84,111.307,0,0
2025-04-14,MW,616,73979.75,120.1,40100000,285255,2310.27,128736,1334.48,68196.0,1184.76,5261,12676,64.406,112.789,0,0
2025-04-14,MT,473,55247.69,116.8,17600000,234370,1893.72,104037,1073.23,53648.0,927.79,4415,9718,68.099,112.214,0,0
2025-04-14,WE,752,85308.55,113.44,51900000,319713,2588.51,139877,1445.01,84035.0,1455.77,6512,14723,65.419,110.971,0,0
2025-04-21,NE,710,84893.15,119.57,55200000,315921,2552.71,152256,1576.62,82056.0,1425.21,6490,13914,67.013,111.726,0,0
2025-04-21,MA,636,73307.23,115.26,31800000,293337,2386.37,144544,1502.44,79302.0,1372.6,5475,12823,66.08,110.098,0,0
2025-04-21,SE,612,69809.75,114.07,47400000,267044,2159.71,116638,1203.66,61967.0,1071.81,5599,12585,64.967,110.892,0,0
2025-04-21,MW,640,73402.45,114.69,40100000,282101,2288.4,117522,1213.68,69277.0,1197.88,5538,11634,67.599,111.279,0,0
2025-04-21,MT,508,59804.61,117.73,17600000,245478,1982.59,111197,1153.5,56869.0,982.14,4564,10236,69.671,110.923,0,0
2025-04-21,WE,723,85591.13,118.38,51900000,340271,2774.59,153367,1598.16,82811.0,1430.64,6265,15677,67.296,110.334,0,0
2025-04-28,NE,719,85209.53,118.51,55200000,319367,2549.75,154107,1583.54,78420.0,1361.51,6169,13730,69.498,111.506,0,0
2025-04-28,MA,713,80518.96,112.93,31800000,313365,2506.33,129192,1336.49,71871.0,1244.17,6078,12569,66.959,110.533,0,0
2025-04-28,SE,616,70324.43,114.16,47400000,283387,2270.65,123187,1279.52,68352.0,1186.81,5652,12553,66.223,111.339,0,0
2025-04-28,MW,609,72191.86,118.54,40100000,270401,2168.73,118625,1234.05,67451.0,1165.7,5687,12640,69.514,109.531,0,0
2025-04-28,MT,491,58706.35,119.56,17600000,248056,1993.03,114913,1185.86,59492.0,1028.11,4494,10109,74.971,110.284,0,0
2025-04-28,WE,774,88390.01,114.2,51900000,328268,2657.6,147218,1537.79,84720.0,1466.75,6563,15333,67.54,111.066,0,0
2025-05-05,NE,735,84343.11,114.75,55200000,326175,2626.56,142274,1478.6,75100.0,1301.79,6566,14278,71.727,109.711,0,0
2025-05-05,MA,654,75609.42,115.61,31800000,315743,2574.92,141372,1466.74,74863.0,1294.54,5889,12763,68.694,110.928,0,0
2025-05-05,SE,621,72549.04,116.83,47400000,259232,2089.16,136419,1404.7,69305.0,1203.88,5474,12501,67.817,108.823,0,0
2025-05-05,MW,608,68947.89,113.4,40100000,295786,2381.04,117073,1211.4,74337.0,1288.83,5430,13237,68.313,110.853,0,0
2025-05-05,MT,513,59964.43,116.89,17600000,248878,2008.84,112215,1150.82,58471.0,1009.25,4877,9918,73.201,110.498,0,0
2025-05-05,WE,767,89621.78,116.85,51900000,344675,2764.59,161627,1680.98,91577.0,1584.27,6618,14515,71.678,109.941,0,0
2025-05-12,NE,849,96410.13,113.56,55200000,369218,2989.67,219814,2264.28,84768.0,1466.78,7344,17852,70.428,110.99,1,0
2025-05-12,MA,738,83102.16,112.6,31800000,324821,2636.63,195636,2027.25,84582.0,1466.04,6925,18518,71.918,111.385,1,0
2025-05-12,SE,700,82270.08,117.53,47400000,330251,2674.04,174654,1788.91,71461.0,1232.87,5970,14880,72.773,111.411,1,0
2025-05-12,MW,696,79521.07,114.25,40100000,322361,2632.72,192828,1988.4,77081.0,1334.27,5736,16124,70.797,110.286,1,0
2025-05-12,MT,597,67976.83,113.86,17600000,244787,1983.03,149465,1540.93,62374.0,1079.83,4823,14436,77.504,110.036,1,0
2025-05-12,WE,927,104133.58,112.33,51900000,394518,3193.95,208396,2151.06,97548.0,1692.42,6958,19802,69.52,110.44,1,0
2025-05-19,NE,717,84321.94,117.6,55200000,357985,2916.98,167699,1731.64,85118.0,1476.83,6469,15039,73.826,109.505,0,0
2025-05-19,MA,695,77365.76,111.32,31800000,320642,2610.62,141406,1468.57,79613.0,1377.5,5691,13523,74.68,109.045,0,0
2025-05-19,SE,637,72955.82,114.53,47400000,268887,2181.89,128983,1336.99,68907.0,1197.07,5387,12723,70.361,109.243,0,0
2025-05-19,MW,597,68782.03,115.21,40100000,286069,2319.54,116380,1205.27,74860.0,1296.19,5683,11853,73.921,109.512,0,0
2025-05-19,MT,539,62430.2,115.83,17600000,266849,2163.97,112511,1168.75,59244.0,1022.22,4922,10127,76.883,111.094,0,0
2025-05-19,WE,767,85376.74,111.31,51900000,349152,2835.06,151117,1563.83,89760.0,1553.71,6898,14987,74.138,109.836,0,0
2025-05-26,NE,743,88358.96,118.92,55200000,338067,2733.23,148321,1535.75,82336.0,1419.99,5973,13668,71.539,108.699,0,0
2025-05-26,MA,694,80370.35,115.81,31800000,327592,2647.91,147383,1523.11,75930.0,1310.85,5599,13329,74.531,108.801,0,0
2025-05-26,SE,621,71765.26,115.56,47400000,273991,2233.15,115844,1199.91,67501.0,1169.21,5382,11770,74.784,109.065,0,0
2025-05-26,MW,630,71754.51,113.9,40100000,287171,2328.23,142562,1470.96,69987.0,1213.37,5610,12213,74.064,109.715,0,0
2025-05-26,MT,539,61117.5,113.39,17600000,248086,2012.52,105875,1088.51,56153.0,973.62,4497,10496,76.958,108.24,0,0
2025-05-26,WE,744,83203.89,111.83,51900000,352046,2853.08,166433,1706.36,90587.0,1571.68,6871,14875,75.312,107.838,0,0
2025-06-02,NE,668,75073.72,112.39,55200000,330097,2682.15,138160,1429.99,79140.0,1373.16,5665,12984,73.138,108.894,0,0
2025-06-02,MA,624,72952.89,116.91,31800000,285692,2292.55,127022,1318.44,71571.0,1240.79,5305,13008,72.323,108.169,0,0
2025-06-02,SE,538,64172.61,119.28,47400000,268960,2174.19,122257,1267.64,66179.0,1143.19,5288,10493,72.46,107.809,0,0
2025-06-02,MW,564,67080.79,118.94,40100000,289664,2342.31,130784,1353.26,62422.0,1080.49,5422,12078,74.832,108.683,0,0
2025-06-02,MT,498,55949.87,112.35,17600000,230322,1863.29,92130,953.65,55095.0,955.52,4604,9135,79.133,108.117,0,0
2025-06-02,WE,712,81164.65,114.0,51900000,333721,2693.73,154327,1585.22,79200.0,1375.7,5901,14610,73.693,108.238,0,0
2025-06-09,NE,691,77901.32,112.74,55200000,309445,2522.98,139479,1453.54,80835.0,1401.35,5600,13047,75.183,106.844,0,0
2025-06-09,MA,639,73626.42,115.22,31800000,296516,2400.47,116025,1197.98,66375.0,1150.45,5886,12199,75.031,107.584,0,0
2025-06-09,SE,549,61972.33,112.88,47400000,247240,2002.6,117427,1216.73,62238.0,1081.44,4823,10514,73.538,106.873,0,0
2025-06-09,MW,546,61557.99,112.74,40100000,262318,2144.15,133643,1382.94,66577.0,1150.45,5480,12159,73.34,106.327,0,0
2025-06-09,MT,513,60972.38,118.85,17600000,238955,1940.11,92939,965.09,59121.0,1024.51,4163,9491,78.794,107.213,0,0
2025-06-09,WE,672,78827.67,117.3,51900000,329366,2664.87,156913,1625.97,74643.0,1290.69,6447,13631,73.825,106.082,0,0
2025-06-16,NE,729,84804.79,116.33,55200000,321333,2622.05,133160,1371.86,74210.0,1280.36,5826,14997,74.033,106.274,1,0
2025-06-16,MA,668,80317.72,120.24,31800000,295462,2390.23,139120,1438.74,71951.0,1245.92,5462,14984,73.512,106.634,1,0
2025-06-16,SE,590,71316.36,120.88,47400000,243282,1970.08,108147,1121.59,65100.0,1129.03,5026,14040,75.889,105.504,1,0
2025-06-16,MW,636,75152.93,118.16,40100000,274752,2246.3,113948,1190.35,65026.0,1129.74,4848,13276,71.836,106.366,1,0
2025-06-16,MT,527,60720.98,115.22,17600000,212270,1717.44,98152,1008.94,55748.0,961.58,4591,11701,76.451,107.094,1,0
2025-06-16,WE,804,97244.81,120.95,51900000,343328,2765.58,150713,1568.68,83252.0,1439.28,6372,17006,73.926,106.088,1,0
2025-06-23,NE,676,81733.87,120.91,55200000,308553,2484.64,148424,1532.7,70519.0,1222.96,5502,13838,73.612,106.123,0,0
2025-06-23,MA,636,76194.72,119.8,31800000,295756,2380.53,140564,1449.25,76408.0,1322.89,5634,12332,72.881,106.944,0,0
2025-06-23,SE,530,60627.3,114.39,47400000,264515,2148.24,102685,1065.26,61230.0,1055.62,4703,10738,73.089,107.26,0,0
2025-06-23,MW,574,68426.25,119.21,40100000,282785,2293.41,116347,1215.51,63902.0,1105.95,5106,10767,71.004,106.008,0,0
2025-06-23,MT,474,54718.3,115.44,17600000,212873,1714.05,106244,1099.4,51252.0,887.2,4385,9304,78.934,106.185,0,0
2025-06-23,WE,704,83807.07,119.04,51900000,335171,2702.05,149549,1544.21,75780.0,1314.29,6415,13977,72.604,105.929,0,0
2025-06-30,NE,656,79944.79,121.87,55200000,281178,2278.59,148746,1541.02,67268.0,1163.89,6223,13641,72.199,105.678,0,0
2025-06-30,MA,635,76531.51,120.52,31800000,285387,2330.38,134500,1379.02,72058.0,1244.95,5314,13214,70.474,105.731,0,0
2025-06-30,SE,540,65374.46,121.06,47400000,244151,1989.43,118745,1221.07,64041.0,1111.01,4962,10469,70.651,105.395,0,0
2025-06-30,MW,563,67202.0,119.36,40100000,256849,2085.53,128944,1333.79,67398.0,1166.38,5391,11662,74.154,104.827,0,0
2025-06-30,MT,506,58387.04,115.39,17600000,225913,1807.81,87036,899.75,55117.0,957.18,4232,10217,78.461,105.664,0,0
2025-06-30,WE,682,82332.02,120.72,51900000,333451,2684.65,152050,1579.79,85491.0,1480.94,5814,13703,73.605,105.478,0,0
2025-07-07,NE,639,76688.05,120.01,55200000,309555,2498.24,126513,1305.51,72705.0,1260.07,6192,13728,73.53,104.431,0,0
2025-07-07,MA,643,74514.27,115.89,31800000,295081,2374.34,139571,1440.61,69270.0,1202.5,5374,11932,70.962,105.289,0,0
2025-07-07,SE,544,66903.39,122.98,47400000,250581,2021.85,112635,1174.81,65376.0,1132.0,4844,11177,69.668,105.845,0,0
2025-07-07,MW,574,66403.74,115.69,40100000,266139,2154.04,122735,1273.24,66751.0,1154.87,5271,10639,70.552,106.184,0,0
2025-07-07,MT,454,55851.35,123.02,17600000,222734,1796.14,93205,964.93,55105.0,953.78,3980,9170,73.788,106.215,0,0
2025-07-07,WE,680,80204.87,117.95,51900000,325841,2619.2,153779,1591.81,77123.0,1333.67,6263,14084,72.181,105.221,0,0
2025-07-14,NE,644,75524.89,117.27,55200000,306095,2479.3,131622,1367.97,75679.0,1309.51,5781,12267,69.893,104.939,0,0
2025-07-14,MA,645,77825.7,120.66,31800000,294460,2390.9,122604,1262.49,67213.0,1163.0,5328,11471,67.848,104.937,0,0
2025-07-14,SE,576,68067.74,118.17,47400000,263828,2129.61,120374,1235.74,60874.0,1054.13,5088,10771,71.435,105.683,0,0
2025-07-14,MW,551,64427.8,116.93,40100000,278697,2274.22,101872,1054.64,65454.0,1133.6,5115,11740,72.45,106.353,0,0
2025-07-14,MT,456,54714.87,119.99,17600000,221972,1800.53,96513,998.51,53546.0,930.22,4174,9550,72.505,104.141,0,0
2025-07-14,WE,686,80620.02,117.52,51900000,335126,2694.89,140237,1452.13,71449.0,1237.97,5710,12932,71.12,104.64,0,0
2025-07-21,NE,771,90495.51,117.37,55200000,311067,2496.02,197570,2024.24,77871.0,1344.76,6440,16068,70.699,105.146,1,0
2025-07-21,MA,678,82259.47,121.33,31800000,311825,2516.79,191983,1967.65,70343.0,1216.49,5665,15650,66.097,105.843,1,0
2025-07-21,SE,614,74057.89,120.62,47400000,279297,2251.64,167597,1731.04,67504.0,1172.17,5030,13262,70.467,106.325,1,0
2025-07-21,MW,635,74420.66,117.2,40100000,284077,2318.09,161238,1659.08,65680.0,1135.56,5291,14204,66.964,105.059,1,0
2025-07-21,MT,558,67368.86,120.73,17600000,242022,1954.23,114331,1177.97,56428.0,978.6,4698,12811,73.879,105.802,1,0
2025-07-21,WE,780,97479.52,124.97,51900000,319274,2585.19,211952,2190.1,87116.0,1505.52,6191,16540,70.244,105.135,1,0
2025-07-28,NE,648,78130.25,120.57,55200000,306112,2469.41,143207,1480.81,77589.0,1344.06,5443,12252,65.509,103.382,0,0
2025-07-28,MA,621,72904.95,117.4,31800000,291026,2335.5,132019,1369.83,66644.0,1148.64,5508,11486,67.166,105.408,0,0
2025-07-28,SE,524,65202.39,124.43,47400000,247639,2018.91,107050,1113.97,58367.0,1011.71,4483,10970,67.086,103.466,0,0
2025-07-28,MW,572,69988.86,122.36,40100000,273077,2195.26,110320,1136.35,60801.0,1052.26,5045,10401,66.437,105.225,0,0
2025-07-28,MT,443,53572.34,120.93,17600000,228383,1842.82,78153,810.74,54801.0,950.47,4424,8773,67.733,103.866,0,0
2025-07-28,WE,658,82410.56,125.24,51900000,321907,2624.45,155268,1604.2,81971.0,1417.4,6129,14178,68.854,103.904,0,0
2025-08-04,NE,625,74140.67,118.63,55200000,290432,2353.13,141716,1464.28,72506.0,1251.09,5881,12061,63.421,104.019,0,0
2025-08-04,MA,607,72589.28,119.59,31800000,277824,2252.0,120011,1245.5,65402.0,1133.75,4914,12099,62.91,104.78,0,0
2025-08-04,SE,540,64469.52,119.39,47400000,237052,1909.64,124815,1289.83,59615.0,1034.92,4465,9883,65.152,102.758,0,0
2025-08-04,MW,573,71520.5,124.82,40100000,251586,2017.48,115796,1198.66,59456.0,1031.64,4829,11376,62.514,104.612,0,0
2025-08-04,MT,455,56396.27,123.95,17600000,221535,1782.34,80993,842.24,51073.0,884.09,4020,8739,69.058,103.361,0,0
2025-08-04,WE,690,85926.65,124.53,51900000,312121,2508.56,126576,1308.19,78725.0,1360.7,5594,14192,64.697,103.635,0,0
2025-08-11,NE,642,79552.9,123.91,55200000,298553,2403.17,118842,1234.4,73678.0,1278.88,5943,12680,60.026,104.233,0,0
2025-08-11,MA,592,70299.51,118.75,31800000,275142,2221.71,118905,1234.65,69731.0,1209.93,5132,12146,61.716,104.843,0,0
2025-08-11,SE,506,61834.81,122.2,47400000,247225,1995.8,105735,1095.04,58378.0,1009.65,4402,10575,61.54,104.062,0,0
2025-08-11,MW,539,67582.14,125.38,40100000,265870,2151.92,115071,1188.84,63564.0,1102.14,5110,10714,60.777,103.653,0,0
2025-08-11,MT,481,56771.66,118.03,17600000,216628,1753.09,77420,806.74,52367.0,906.49,3879,8642,63.399,104.918,0,0
2025-08-11,WE,637,79208.44,124.35,51900000,300111,2428.58,136482,1409.28,71697.0,1243.36,6326,12863,63.695,102.514,0,0
2025-08-18,NE,617,73975.08,119.89,55200000,287449,2346.31,123320,1288.68,70027.0,1213.37,5581,12449,61.216,104.283,0,0
2025-08-18,MA,592,71194.2,120.26,31800000,258870,2099.15,117731,1216.71,63045.0,1089.33,5443,10990,60.178,102.943,0,0
2025-08-18,SE,541,64012.8,118.32,47400000,242420,1948.04,108318,1116.87,61973.0,1074.83,4618,10956,58.648,103.851,0,0
2025-08-18,MW,512,62199.77,121.48,40100000,242185,1964.93,107941,1113.37,59858.0,1038.2,4643,10486,60.67,102.266,0,0
2025-08-18,MT,462,54737.98,118.48,17600000,225611,1826.31,78954,821.75,53408.0,926.25,4141,9619,61.979,103.486,0,0
2025-08-18,WE,660,80735.21,122.33,51900000,280140,2259.49,143567,1491.48,72691.0,1255.15,6127,12741,58.655,102.277,0,0
2025-08-25,NE,602,75080.79,124.72,55200000,285514,2325.93,133018,1367.09,66875.0,1155.26,5258,11536,55.04,102.672,0,0
2025-08-25,MA,559,68793.08,123.06,31800000,284919,2319.42,125826,1292.43,63475.0,1102.49,5419,12320,57.019,103.37,0,0
2025-08-25,SE,492,59834.87,121.62,47400000,223345,1799.15,109929,1128.73,58035.0,1001.72,4562,10086,58.29,102.701,0,0
2025-08-25,MW,535,64404.73,120.38,40100000,249616,2004.52,103174,1076.18,55589.0,960.99,5003,10113,59.118,103.268,0,0
2025-08-25,MT,445,55500.87,124.72,17600000,213381,1729.71,82883,855.0,48453.0,839.7,3857,9613,61.127,102.913,0,0
2025-08-25,WE,668,80534.3,120.56,51900000,297994,2407.35,143806,1480.82,69175.0,1194.78,6203,12713,55.162,103.17,0,0
2025-09-01,NE,694,85813.72,123.65,55200000,303816,2462.87,147278,1515.88,68594.0,1188.2,6195,16257,53.188,103.685,1,0
2025-09-01,MA,658,79475.34,120.78,31800000,287901,2311.49,122677,1270.02,72829.0,1262.76,5343,15098,52.292,103.827,1,0
2025-09-01,SE,576,68259.53,118.51,47400000,240484,1949.55,109089,1140.13,59520.0,1032.83,5224,13549,53.47,104.063,1,0
2025-09-01,MW,597,74747.07,125.2,40100000,260318,2125.74,112836,1161.44,64565.0,1122.38,5190,12821,56.777,104.031,1,0
2025-09-01,MT,487,57747.24,118.58,17600000,226908,1842.08,75161,776.72,53300.0,919.23,4272,10908,58.182,105.297,1,0
2025-09-01,WE,736,89172.38,121.16,51900000,323346,2610.54,143599,1478.74,77173.0,1332.72,6019,17160,53.942,105.03,1,0
2025-09-08,NE,623,76444.8,122.7,55200000,313958,2542.3,127903,1317.16,71239.0,1231.38,5628,13215,51.478,104.623,0,0
2025-09-08,MA,605,73169.43,120.94,31800000,270879,2187.9,127134,1309.61,65022.0,1124.48,5526,12978,52.274,104.579,0,0
2025-09-08,SE,557,67662.22,121.48,47400000,247827,2024.99,113733,1184.81,63371.0,1096.99,4939,11211,53.518,103.936,0,0
2025-09-08,MW,564,69099.9,122.52,40100000,252542,2045.23,111076,1153.29,66799.0,1158.97,4851,11727,53.173,104.899,0,0
2025-09-08,MT,449,54242.01,120.81,17600000,211985,1716.47,77813,802.5,50630.0,874.08,4450,9045,56.532,104.508,0,0
2025-09-08,WE,718,87319.7,121.62,51900000,321674,2597.3,142887,1481.65,80440.0,1390.81,6073,13495,50.179,104.45,0,0
2025-09-15,NE,641,77484.36,120.88,55200000,293256,2389.13,139432,1443.97,74872.0,1293.39,5442,13201,47.626,104.464,0,0
2025-09-15,MA,632,74121.98,117.28,31800000,285497,2306.06,120233,1243.56,73249.0,1269.21,5449,12900,50.024,104.35,0,0
2025-09-15,SE,526,61444.44,116.81,47400000,257584,2082.75,99499,1034.48,63045.0,1092.08,4405,10422,47.322,105.613,0,0
2025-09-15,MW,541,66680.12,123.25,40100000,246798,1978.07,115964,1205.41,60208.0,1039.13,4762,11329,47.145,103.146,0,0
2025-09-15,MT,441,54042.97,122.55,17600000,228760,1845.37,80956,840.07,52154.0,899.49,3927,9729,50.583,104.044,0,0
2025-09-15,WE,668,81837.66,122.51,51900000,305992,2475.75,139645,1449.97,74642.0,1288.71,6438,12719,50.279,104.117,0,0
2025-09-22,NE,644,75886.66,117.84,55200000,306502,2503.6,129567,1351.6,71016.0,1228.72,5559,12388,48.143,105.477,0,0
2025-09-22,MA,627,75379.02,120.22,31800000,262100,2125.63,129686,1345.12,71292.0,1233.22,5626,11462,46.646,103.557,0,0
2025-09-22,SE,540,66214.01,122.62,47400000,232770,1870.21,99672,1033.69,61766.0,1068.38,4551,10878,44.376,104.394,0,0
2025-09-22,MW,557,67172.83,120.6,40100000,235864,1900.98,112349,1169.05,58939.0,1020.6,4722,11249,47.398,103.923,0,0
2025-09-22,MT,428,52460.06,122.57,17600000,221331,1810.66,81703,845.09,56232.0,972.21,4168,9580,51.423,105.039,0,0
2025-09-22,WE,630,76940.93,122.13,51900000,298388,2418.61,141333,1459.36,72630.0,1258.69,6171,13851,44.778,104.693,0,0
2025-09-29,NE,745,90528.21,121.51,55200000,307147,2469.06,201197,2076.85,78290.0,1359.57,6484,16725,46.373,104.993,1,0
2025-09-29,MA,711,82255.88,115.69,31800000,290814,2342.15,181138,1860.05,71746.0,1245.14,5533,15508,45.267,105.444,1,0
2025-09-29,SE,637,73811.71,115.87,47400000,281035,2281.81,155003,1603.75,65356.0,1133.61,5247,12785,46.41,106.562,1,0
2025-09-29,MW,633,72867.73,115.11,40100000,285155,2303.01,139654,1442.4,65207.0,1130.99,5137,13562,45.267,106.756,1,0
2025-09-29,MT,544,62575.99,115.03,17600000,241577,1946.33,115245,1181.51,52793.0,914.09,4489,11166,47.876,104.887,1,0
2025-09-29,WE,795,93754.89,117.93,51900000,341977,2789.55,181170,1870.51,84176.0,1458.42,6919,16127,45.436,104.87,1,0
2025-10-06,NE,646,78000.11,120.74,55200000,282909,2295.93,122981,1280.26,71198.0,1232.12,5201,12621,44.052,105.305,0,0
2025-10-06,MA,587,70448.65,120.01,31800000,275278,2230.41,125758,1300.51,70591.0,1222.56,5532,11115,43.725,105.638,0,0
2025-10-06,SE,529,62513.25,118.17,47400000,249577,2041.1,100134,1043.76,55088.0,952.01,4416,10837,41.518,105.401,0,0
2025-10-06,MW,548,63191.45,115.31,40100000,254192,2064.8,113267,1170.6,60377.0,1048.9,4917,10933,39.982,105.994,0,0
2025-10-06,MT,455,54020.05,118.73,17600000,208863,1674.25,77757,800.66,51460.0,888.64,4190,9089,42.589,104.568,0,0
2025-10-06,WE,674,79052.26,117.29,51900000,308845,2498.8,147174,1524.11,78556.0,1357.52,6148,13462,43.884,106.266,0,0
2025-10-13,NE,590,68291.75,115.75,55200000,282223,2286.96,127008,1312.98,66973.0,1161.77,5098,11594,40.659,106.048,0,0
2025-10-13,MA,569,66875.64,117.53,31800000,257002,2081.28,133629,1380.99,60036.0,1038.78,4838,11080,40.386,106.003,0,0
2025-10-13,SE,503,60425.85,120.13,47400000,237083,1897.92,101545,1051.73,58476.0,1011.29,4457,10674,40.09,104.528,0,0
2025-10-13,MW,542,62466.04,115.25,40100000,228493,1853.96,116386,1193.42,57284.0,992.23,5082,10400,41.043,104.04,0,0
2025-10-13,MT,436,49542.13,113.63,17600000,213362,1736.21,78581,807.13,52781.0,914.69,3792,9077,42.729,106.589,0,0
2025-10-13,WE,650,78069.72,120.11,51900000,312249,2525.7,148638,1529.74,72319.0,1254.77,5713,12445,41.795,106.792,0,0
2025-10-20,NE,619,70664.21,114.16,55200000,299353,2407.33,131048,1351.04,64082.0,1110.21,5597,12643,35.774,105.967,0,0
2025-10-20,MA,577,64895.89,112.47,31800000,275593,2242.56,107087,1109.4,63436.0,1095.8,5215,11517,36.164,105.186,0,0
2025-10-20,SE,505,59898.23,118.61,47400000,250812,2030.03,102082,1055.55,56777.0,984.96,4721,10891,35.865,107.029,0,0
2025-10-20,MW,553,65155.98,117.82,40100000,227078,1844.17,122819,1268.85,61826.0,1072.78,4898,10161,35.185,106.176,0,0
2025-10-20,MT,417,49268.48,118.15,17600000,197551,1598.74,80430,835.51,51176.0,884.07,3803,8847,42.173,105.289,0,0
2025-10-20,WE,628,72237.73,115.03,51900000,309940,2497.15,126559,1309.34,74717.0,1298.79,5377,12753,37.427,105.187,0,0
2025-10-27,NE,612,69259.84,113.17,55200000,303576,2447.83,120395,1258.4,72629.0,1257.69,5280,12873,35.165,107.075,0,0
2025-10-27,MA,580,66904.64,115.35,31800000,271913,2209.13,129931,1345.19,65992.0,1146.94,5005,11587,37.565,106.505,0,0
2025-10-27,SE,496,57650.07,116.23,47400000,214185,1733.25,107367,1108.38,57873.0,1003.83,4516,10610,37.146,106.706,0,0
2025-10-27,MW,531,61075.53,115.02,40100000,230367,1868.47,117160,1209.15,59293.0,1029.03,4531,10517,35.671,106.072,0,0
2025-10-27,MT,464,53320.48,114.91,17600000,212642,1716.5,71466,744.0,46986.0,814.72,3834,8725,39.374,107.076,0,0
2025-10-27,WE,641,75284.54,117.45,51900000,286136,2300.43,139322,1434.49,66535.0,1150.63,6048,13278,34.078,106.812,0,0
2025-11-03,NE,662,77893.27,117.66,55200000,328985,2643.46,146321,1521.59,80313.0,1386.65,6511,13765,32.621,110.562,0,1
2025-11-03,MA,629,72669.56,115.53,31800000,280845,2267.27,129195,1334.59,76625.0,1325.03,5340,12136,36.044,109.845,0,1
2025-11-03,SE,573,67519.68,117.84,47400000,277290,2239.2,114571,1192.8,66315.0,1150.95,4967,12094,33.38,112.136,0,1
2025-11-03,MW,595,66242.39,111.33,40100000,279940,2246.23,140028,1446.73,70526.0,1220.01,4925,11540,32.456,110.256,0,1
2025-11-03,MT,495,58393.66,117.97,17600000,251022,2033.6,87613,911.02,56181.0,974.59,4383,10454,38.019,111.333,0,1
2025-11-03,WE,739,82965.08,112.27,51900000,329779,2654.21,144277,1507.25,86761.0,1502.23,6462,15167,34.326,110.418,0,1
2025-11-10,NE,680,76380.42,112.32,55200000,308441,2491.5,154868,1604.07,75068.0,1302.08,5896,13210,32.119,111.392,0,1
2025-11-10,MA,646,74074.79,114.67,31800000,306717,2485.34,129084,1345.87,71273.0,1235.07,5796,13148,34.709,112.699,0,1
2025-11-10,SE,556,64126.93,115.34,47400000,258824,2095.92,116412,1204.94,65344.0,1127.19,5090,11013,33.006,110.74,0,1
2025-11-10,MW,580,67270.91,115.98,40100000,288429,2328.69,115844,1203.67,61906.0,1071.92,5031,11708,30.449,111.108,0,1
2025-11-10,MT,489,56548.74,115.64,17600000,252450,2047.36,96757,1003.83,55937.0,971.61,4517,9371,35.172,112.614,0,1
2025-11-10,WE,725,85935.62,118.53,51900000,342247,2763.41,147742,1536.08,78584.0,1360.26,6184,14316,32.55,112.641,0,1
2025-11-17,NE,759,89364.9,117.74,55200000,335853,2719.85,142536,1484.21,77275.0,1336.31,5902,16098,32.969,112.567,1,1
2025-11-17,MA,653,72735.82,111.39,31800000,322254,2616.1,133087,1366.93,75994.0,1317.67,5966,14982,32.09,111.93,1,1
2025-11-17,SE,582,65475.55,112.5,47400000,264518,2136.24,125074,1290.41,62980.0,1093.68,5241,13064,30.581,111.2,1,1
2025-11-17,MW,624,73006.86,117.0,40100000,276362,2242.65,124818,1283.04,64391.0,1112.6,5582,13280,33.801,112.73,1,1
2025-11-17,MT,533,61882.07,116.1,17600000,238563,1947.88,94313,967.99,55353.0,957.36,4369,11034,36.416,112.416,1,1
2025-11-17,WE,733,82735.06,112.87,51900000,320686,2598.06,160581,1655.43,77596.0,1344.2,6526,16290,32.946,112.363,1,1
2025-11-24,NE,779,92617.58,118.89,55200000,358067,2898.94,199679,2068.46,84266.0,1456.25,6145,17840,29.777,114.706,1,1
2025-11-24,MA,747,85614.8,114.61,31800000,310599,2520.77,181982,1877.76,79053.0,1369.67,6280,17291,30.611,112.422,1,1
2025-11-24,SE,661,74800.69,113.16,47400000,294515,2368.11,177362,1823.59,68979.0,1190.47,5401,15446,30.154,113.144,1,1
2025-11-24,MW,685,78389.56,114.44,40100000,282692,2270.63,180080,1853.13,76176.0,1320.81,6127,14461,31.591,113.478,1,1
2025-11-24,MT,570,67979.05,119.26,17600000,226725,1834.21,125011,1283.79,58589.0,1015.22,4896,12094,36.837,113.207,1,1
2025-11-24,WE,837,98367.22,117.52,51900000,377798,3048.61,210559,2171.97,93765.0,1623.06,6653,17709,28.973,113.077,1,1
2025-12-01,NE,730,82428.11,112.92,55200000,358079,2917.31,163019,1672.17,88497.0,1533.89,6761,15157,28.847,113.85,0,1
2025-12-01,MA,682,77277.86,113.31,31800000,307645,2497.75,140514,1444.54,76886.0,1327.24,5946,14392,29.12,114.164,0,1
2025-12-01,SE,627,72997.67,116.42,47400000,272078,2193.09,120208,1254.84,71449.0,1239.87,5642,12133,32.072,113.671,0,1
2025-12-01,MW,630,70874.66,112.5,40100000,280378,2279.28,130701,1358.97,72717.0,1256.7,5453,12807,32.402,113.434,0,1
2025-12-01,MT,501,56185.83,112.15,17600000,240837,1951.09,96186,1001.03,60150.0,1043.13,4927,11253,32.856,114.192,0,1
2025-12-01,WE,757,85510.22,112.96,51900000,364895,2981.12,180519,1863.99,84398.0,1457.61,7199,15217,30.472,114.064,0,1
2025-12-08,NE,860,99150.81,115.29,55200000,368311,2972.15,198025,2036.95,90821.0,1575.05,7142,18764,30.669,114.818,1,1
2025-12-08,MA,797,92070.53,115.52,31800000,352429,2860.25,194087,2005.83,80400.0,1393.41,7133,18476,30.693,115.842,1,1
2025-12-08,SE,718,86126.67,119.95,47400000,318066,2589.72,182653,1878.13,73442.0,1271.68,5714,15095,31.097,115.042,1,1
2025-12-08,MW,729,83934.99,115.14,40100000,321068,2593.71,178466,1841.76,83743.0,1451.73,6151,17258,31.172,114.385,1,1
2025-12-08,MT,597,70043.56,117.33,17600000,263639,2126.01,132987,1367.94,64667.0,1122.29,5163,14842,37.537,115.496,1,1
2025-12-08,WE,925,111090.38,120.1,51900000,389835,3168.25,236093,2427.02,94035.0,1631.05,7882,20359,31.665,114.929,1,1
2025-12-15,NE,729,87783.77,120.42,55200000,342671,2791.32,145915,1513.87,86520.0,1498.39,6657,15661,30.765,114.363,0,1
2025-12-15,MA,690,82659.26,119.8,31800000,343403,2801.49,146191,1516.62,83838.0,1453.86,6022,14774,27.764,115.935,0,1
2025-12-15,SE,631,75857.31,120.22,47400000,297425,2408.47,123350,1275.48,70044.0,1211.07,5470,12340,32.253,114.695,0,1
2025-12-15,MW,636,72694.75,114.3,40100000,315498,2530.51,146456,1510.69,71883.0,1240.89,5738,12988,31.092,116.473,0,1
2025-12-15,MT,566,67173.6,118.68,17600000,259246,2078.71,108153,1113.63,61733.0,1070.29,4931,10385,32.396,114.848,0,1
2025-12-15,WE,800,90927.98,113.66,51900000,377822,3061.71,176343,1825.54,85104.0,1473.8,6533,15489,28.634,115.382,0,1
2025-12-22,NE,722,82256.67,113.93,55200000,351016,2854.73,166633,1717.97,84904.0,1474.85,7065,14668,29.379,115.425,0,1
2025-12-22,MA,727,85238.65,117.25,31800000,335774,2731.54,134034,1385.69,80526.0,1399.93,5879,14014,28.708,116.148,0,1
2025-12-22,SE,612,70990.08,116.0,47400000,286558,2290.61,126258,1300.44,64545.0,1116.11,5744,13177,28.741,116.148,0,1
2025-12-22,MW,605,72104.71,119.18,40100000,285695,2313.76,123027,1272.9,74501.0,1286.75,5672,12845,32.49,115.664,0,1
2025-12-22,MT,534,61308.26,114.81,17600000,252243,2046.42,116326,1204.84,64799.0,1123.11,4883,10962,33.461,115.889,0,1
2025-12-22,WE,776,88293.7,113.78,51900000,350754,2847.91,164180,1707.15,94034.0,1628.7,6607,16873,30.299,115.74,0,1
